source,system,domain,protocol,protocol_value,x_name,x,obs_name,obs
Turkeshi2024_arXiv,random_circuit_TF,quantum,theta_tilt_angle,0.4,time_steps,1.0,entanglement_asymmetry_dS2,0.900071
Turkeshi2024_arXiv,random_circuit_TF,quantum,theta_tilt_angle,0.4,time_steps,2.0,entanglement_asymmetry_dS2,0.8973683499999999
Turkeshi2024_arXiv,random_circuit_TF,quantum,theta_tilt_angle,0.4,time_steps,3.0,entanglement_asymmetry_dS2,0.8923423
Turkeshi2024_arXiv,random_circuit_TF,quantum,theta_tilt_angle,0.4,time_steps,4.0,entanglement_asymmetry_dS2,0.8875269
Turkeshi2024_arXiv,random_circuit_TF,quantum,theta_tilt_angle,0.4,time_steps,5.0,entanglement_asymmetry_dS2,0.8828501
Turkeshi2024_arXiv,random_circuit_TF,quantum,theta_tilt_angle,0.4,time_steps,6.0,entanglement_asymmetry_dS2,0.8782729
Turkeshi2024_arXiv,random_circuit_TF,quantum,theta_tilt_angle,0.4,time_steps,7.0,entanglement_asymmetry_dS2,0.8737754999999999
Turkeshi2024_arXiv,random_circuit_TF,quantum,theta_tilt_angle,0.4,time_steps,8.0,entanglement_asymmetry_dS2,0.8693417
Turkeshi2024_arXiv,random_circuit_TF,quantum,theta_tilt_angle,0.4,time_steps,9.0,entanglement_asymmetry_dS2,0.8649616
Turkeshi2024_arXiv,random_circuit_TF,quantum,theta_tilt_angle,0.4,time_steps,10.0,entanglement_asymmetry_dS2,0.8606272
Turkeshi2024_arXiv,random_circuit_TF,quantum,theta_tilt_angle,0.4,time_steps,11.0,entanglement_asymmetry_dS2,0.8563333
Turkeshi2024_arXiv,random_circuit_TF,quantum,theta_tilt_angle,0.4,time_steps,12.0,entanglement_asymmetry_dS2,0.8520719999999999
Turkeshi2024_arXiv,random_circuit_TF,quantum,theta_tilt_angle,0.4,time_steps,13.0,entanglement_asymmetry_dS2,0.8478420999999999
Turkeshi2024_arXiv,random_circuit_TF,quantum,theta_tilt_angle,0.4,time_steps,14.0,entanglement_asymmetry_dS2,0.8436410000000001
Turkeshi2024_arXiv,random_circuit_TF,quantum,theta_tilt_angle,0.4,time_steps,15.0,entanglement_asymmetry_dS2,0.839465
Turkeshi2024_arXiv,random_circuit_TF,quantum,theta_tilt_angle,0.4,time_steps,16.0,entanglement_asymmetry_dS2,0.835313
Turkeshi2024_arXiv,random_circuit_TF,quantum,theta_tilt_angle,0.4,time_steps,17.0,entanglement_asymmetry_dS2,0.8311839999999999
Turkeshi2024_arXiv,random_circuit_TF,quantum,theta_tilt_angle,0.4,time_steps,18.0,entanglement_asymmetry_dS2,0.827078
Turkeshi2024_arXiv,random_circuit_TF,quantum,theta_tilt_angle,0.4,time_steps,19.0,entanglement_asymmetry_dS2,0.822993
Turkeshi2024_arXiv,random_circuit_TF,quantum,theta_tilt_angle,0.4,time_steps,20.0,entanglement_asymmetry_dS2,0.818929
Turkeshi2024_arXiv,random_circuit_TF,quantum,theta_tilt_angle,0.4,time_steps,21.0,entanglement_asymmetry_dS2,0.8148850000000001
Turkeshi2024_arXiv,random_circuit_TF,quantum,theta_tilt_angle,0.4,time_steps,22.0,entanglement_asymmetry_dS2,0.810861
Turkeshi2024_arXiv,random_circuit_TF,quantum,theta_tilt_angle,0.4,time_steps,23.0,entanglement_asymmetry_dS2,0.806858
Turkeshi2024_arXiv,random_circuit_TF,quantum,theta_tilt_angle,0.4,time_steps,24.0,entanglement_asymmetry_dS2,0.802873
Turkeshi2024_arXiv,random_circuit_TF,quantum,theta_tilt_angle,0.4,time_steps,25.0,entanglement_asymmetry_dS2,0.79891
Turkeshi2024_arXiv,random_circuit_TF,quantum,theta_tilt_angle,0.4,time_steps,26.0,entanglement_asymmetry_dS2,0.794968
Turkeshi2024_arXiv,random_circuit_TF,quantum,theta_tilt_angle,0.4,time_steps,27.0,entanglement_asymmetry_dS2,0.791045
Turkeshi2024_arXiv,random_circuit_TF,quantum,theta_tilt_angle,0.4,time_steps,28.0,entanglement_asymmetry_dS2,0.787142
Turkeshi2024_arXiv,random_circuit_TF,quantum,theta_tilt_angle,0.4,time_steps,29.0,entanglement_asymmetry_dS2,0.7832600000000001
Turkeshi2024_arXiv,random_circuit_TF,quantum,theta_tilt_angle,0.4,time_steps,30.0,entanglement_asymmetry_dS2,0.779398
Turkeshi2024_arXiv,random_circuit_TF,quantum,theta_tilt_angle,0.4,time_steps,31.0,entanglement_asymmetry_dS2,0.7755569999999999
Turkeshi2024_arXiv,random_circuit_TF,quantum,theta_tilt_angle,0.4,time_steps,32.0,entanglement_asymmetry_dS2,0.771738
Turkeshi2024_arXiv,random_circuit_TF,quantum,theta_tilt_angle,0.4,time_steps,33.0,entanglement_asymmetry_dS2,0.767935
Turkeshi2024_arXiv,random_circuit_TF,quantum,theta_tilt_angle,0.4,time_steps,34.0,entanglement_asymmetry_dS2,0.76416
Turkeshi2024_arXiv,random_circuit_TF,quantum,theta_tilt_angle,0.4,time_steps,35.0,entanglement_asymmetry_dS2,0.760401
Turkeshi2024_arXiv,random_circuit_TF,quantum,theta_tilt_angle,0.4,time_steps,36.0,entanglement_asymmetry_dS2,0.7566649999999999
Turkeshi2024_arXiv,random_circuit_TF,quantum,theta_tilt_angle,0.4,time_steps,37.0,entanglement_asymmetry_dS2,0.7529440000000001
Turkeshi2024_arXiv,random_circuit_TF,quantum,theta_tilt_angle,0.4,time_steps,38.0,entanglement_asymmetry_dS2,0.7492560000000001
Turkeshi2024_arXiv,random_circuit_TF,quantum,theta_tilt_angle,0.4,time_steps,39.0,entanglement_asymmetry_dS2,0.7455799999999999
Turkeshi2024_arXiv,random_circuit_TF,quantum,theta_tilt_angle,0.4,time_steps,40.0,entanglement_asymmetry_dS2,0.741925
Turkeshi2024_arXiv,random_circuit_TF,quantum,theta_tilt_angle,0.4,time_steps,41.0,entanglement_asymmetry_dS2,0.7382960000000001
Turkeshi2024_arXiv,random_circuit_TF,quantum,theta_tilt_angle,0.4,time_steps,42.0,entanglement_asymmetry_dS2,0.7346900000000001
Turkeshi2024_arXiv,random_circuit_TF,quantum,theta_tilt_angle,0.4,time_steps,43.0,entanglement_asymmetry_dS2,0.731093
Turkeshi2024_arXiv,random_circuit_TF,quantum,theta_tilt_angle,0.4,time_steps,44.0,entanglement_asymmetry_dS2,0.727533
Turkeshi2024_arXiv,random_circuit_TF,quantum,theta_tilt_angle,0.4,time_steps,45.0,entanglement_asymmetry_dS2,0.7239819999999999
Turkeshi2024_arXiv,random_circuit_TF,quantum,theta_tilt_angle,0.4,time_steps,46.0,entanglement_asymmetry_dS2,0.720457
Turkeshi2024_arXiv,random_circuit_TF,quantum,theta_tilt_angle,0.4,time_steps,47.0,entanglement_asymmetry_dS2,0.7169590000000001
Turkeshi2024_arXiv,random_circuit_TF,quantum,theta_tilt_angle,0.4,time_steps,48.0,entanglement_asymmetry_dS2,0.713477
Turkeshi2024_arXiv,random_circuit_TF,quantum,theta_tilt_angle,0.4,time_steps,49.0,entanglement_asymmetry_dS2,0.7100090000000001
Turkeshi2024_arXiv,random_circuit_TF,quantum,theta_tilt_angle,0.4,time_steps,50.0,entanglement_asymmetry_dS2,0.7065670000000001
Turkeshi2024_arXiv,random_circuit_TF,quantum,theta_tilt_angle,0.4,time_steps,51.0,entanglement_asymmetry_dS2,0.703147
Turkeshi2024_arXiv,random_circuit_TF,quantum,theta_tilt_angle,0.4,time_steps,52.0,entanglement_asymmetry_dS2,0.69975
Turkeshi2024_arXiv,random_circuit_TF,quantum,theta_tilt_angle,0.4,time_steps,53.0,entanglement_asymmetry_dS2,0.6963700000000002
Turkeshi2024_arXiv,random_circuit_TF,quantum,theta_tilt_angle,0.4,time_steps,54.0,entanglement_asymmetry_dS2,0.6930019999999999
Turkeshi2024_arXiv,random_circuit_TF,quantum,theta_tilt_angle,0.4,time_steps,55.0,entanglement_asymmetry_dS2,0.6896680000000001
Turkeshi2024_arXiv,random_circuit_TF,quantum,theta_tilt_angle,0.4,time_steps,56.0,entanglement_asymmetry_dS2,0.686345
Turkeshi2024_arXiv,random_circuit_TF,quantum,theta_tilt_angle,0.4,time_steps,57.0,entanglement_asymmetry_dS2,0.683039
Turkeshi2024_arXiv,random_circuit_TF,quantum,theta_tilt_angle,0.4,time_steps,58.0,entanglement_asymmetry_dS2,0.679762
Turkeshi2024_arXiv,random_circuit_TF,quantum,theta_tilt_angle,0.4,time_steps,59.0,entanglement_asymmetry_dS2,0.67649
Turkeshi2024_arXiv,random_circuit_TF,quantum,theta_tilt_angle,0.4,time_steps,60.0,entanglement_asymmetry_dS2,0.673245
Turkeshi2024_arXiv,random_circuit_TF,quantum,theta_tilt_angle,0.4,time_steps,61.0,entanglement_asymmetry_dS2,0.670023
Turkeshi2024_arXiv,random_circuit_TF,quantum,theta_tilt_angle,0.4,time_steps,62.0,entanglement_asymmetry_dS2,0.6668160000000001
Turkeshi2024_arXiv,random_circuit_TF,quantum,theta_tilt_angle,0.4,time_steps,63.0,entanglement_asymmetry_dS2,0.6636360000000001
Turkeshi2024_arXiv,random_circuit_TF,quantum,theta_tilt_angle,0.4,time_steps,64.0,entanglement_asymmetry_dS2,0.6604619999999999
Turkeshi2024_arXiv,random_circuit_TF,quantum,theta_tilt_angle,0.4,time_steps,65.0,entanglement_asymmetry_dS2,0.6573169999999999
Turkeshi2024_arXiv,random_circuit_TF,quantum,theta_tilt_angle,0.4,time_steps,66.0,entanglement_asymmetry_dS2,0.654187
Turkeshi2024_arXiv,random_circuit_TF,quantum,theta_tilt_angle,0.4,time_steps,67.0,entanglement_asymmetry_dS2,0.6510739999999999
Turkeshi2024_arXiv,random_circuit_TF,quantum,theta_tilt_angle,0.4,time_steps,68.0,entanglement_asymmetry_dS2,0.6479860000000001
Turkeshi2024_arXiv,random_circuit_TF,quantum,theta_tilt_angle,0.4,time_steps,69.0,entanglement_asymmetry_dS2,0.644908
Turkeshi2024_arXiv,random_circuit_TF,quantum,theta_tilt_angle,0.4,time_steps,70.0,entanglement_asymmetry_dS2,0.6418600000000001
Turkeshi2024_arXiv,random_circuit_TF,quantum,theta_tilt_angle,0.4,time_steps,71.0,entanglement_asymmetry_dS2,0.638821
Turkeshi2024_arXiv,random_circuit_TF,quantum,theta_tilt_angle,0.4,time_steps,72.0,entanglement_asymmetry_dS2,0.635804
Turkeshi2024_arXiv,random_circuit_TF,quantum,theta_tilt_angle,0.4,time_steps,73.0,entanglement_asymmetry_dS2,0.632813
Turkeshi2024_arXiv,random_circuit_TF,quantum,theta_tilt_angle,0.4,time_steps,74.0,entanglement_asymmetry_dS2,0.629831
Turkeshi2024_arXiv,random_circuit_TF,quantum,theta_tilt_angle,0.4,time_steps,75.0,entanglement_asymmetry_dS2,0.626863
Turkeshi2024_arXiv,random_circuit_TF,quantum,theta_tilt_angle,0.4,time_steps,76.0,entanglement_asymmetry_dS2,0.6239239999999999
Turkeshi2024_arXiv,random_circuit_TF,quantum,theta_tilt_angle,0.4,time_steps,77.0,entanglement_asymmetry_dS2,0.621006
Turkeshi2024_arXiv,random_circuit_TF,quantum,theta_tilt_angle,0.4,time_steps,78.0,entanglement_asymmetry_dS2,0.6180920000000001
Turkeshi2024_arXiv,random_circuit_TF,quantum,theta_tilt_angle,0.4,time_steps,79.0,entanglement_asymmetry_dS2,0.615202
Turkeshi2024_arXiv,random_circuit_TF,quantum,theta_tilt_angle,0.4,time_steps,80.0,entanglement_asymmetry_dS2,0.6123270000000001
Turkeshi2024_arXiv,random_circuit_TF,quantum,theta_tilt_angle,0.4,time_steps,81.0,entanglement_asymmetry_dS2,0.6094769999999999
Turkeshi2024_arXiv,random_circuit_TF,quantum,theta_tilt_angle,0.4,time_steps,82.0,entanglement_asymmetry_dS2,0.6066320000000001
Turkeshi2024_arXiv,random_circuit_TF,quantum,theta_tilt_angle,0.4,time_steps,83.0,entanglement_asymmetry_dS2,0.6038129999999999
Turkeshi2024_arXiv,random_circuit_TF,quantum,theta_tilt_angle,0.4,time_steps,84.0,entanglement_asymmetry_dS2,0.6010090000000001
Turkeshi2024_arXiv,random_circuit_TF,quantum,theta_tilt_angle,0.4,time_steps,85.0,entanglement_asymmetry_dS2,0.5982209999999999
Turkeshi2024_arXiv,random_circuit_TF,quantum,theta_tilt_angle,0.4,time_steps,86.0,entanglement_asymmetry_dS2,0.5954450000000001
Turkeshi2024_arXiv,random_circuit_TF,quantum,theta_tilt_angle,0.4,time_steps,87.0,entanglement_asymmetry_dS2,0.5926950000000001
Turkeshi2024_arXiv,random_circuit_TF,quantum,theta_tilt_angle,0.4,time_steps,88.0,entanglement_asymmetry_dS2,0.5899510000000001
Turkeshi2024_arXiv,random_circuit_TF,quantum,theta_tilt_angle,0.4,time_steps,89.0,entanglement_asymmetry_dS2,0.5872250000000001
Turkeshi2024_arXiv,random_circuit_TF,quantum,theta_tilt_angle,0.4,time_steps,90.0,entanglement_asymmetry_dS2,0.584524
Turkeshi2024_arXiv,random_circuit_TF,quantum,theta_tilt_angle,0.4,time_steps,91.0,entanglement_asymmetry_dS2,0.5818289999999999
Turkeshi2024_arXiv,random_circuit_TF,quantum,theta_tilt_angle,0.4,time_steps,92.0,entanglement_asymmetry_dS2,0.5791529999999999
Turkeshi2024_arXiv,random_circuit_TF,quantum,theta_tilt_angle,0.4,time_steps,93.0,entanglement_asymmetry_dS2,0.5764999999999999
Turkeshi2024_arXiv,random_circuit_TF,quantum,theta_tilt_angle,0.4,time_steps,94.0,entanglement_asymmetry_dS2,0.5738610000000001
Turkeshi2024_arXiv,random_circuit_TF,quantum,theta_tilt_angle,0.4,time_steps,95.0,entanglement_asymmetry_dS2,0.5712290000000001
Turkeshi2024_arXiv,random_circuit_TF,quantum,theta_tilt_angle,0.4,time_steps,96.0,entanglement_asymmetry_dS2,0.568613
Turkeshi2024_arXiv,random_circuit_TF,quantum,theta_tilt_angle,0.4,time_steps,97.0,entanglement_asymmetry_dS2,0.5660229999999999
Turkeshi2024_arXiv,random_circuit_TF,quantum,theta_tilt_angle,0.4,time_steps,98.0,entanglement_asymmetry_dS2,0.563435
Turkeshi2024_arXiv,random_circuit_TF,quantum,theta_tilt_angle,0.4,time_steps,99.0,entanglement_asymmetry_dS2,0.5608739999999999
Turkeshi2024_arXiv,random_circuit_TF,quantum,theta_tilt_angle,0.4,time_steps,100.0,entanglement_asymmetry_dS2,0.5583179999999999
Turkeshi2024_arXiv,random_circuit_TF,quantum,theta_tilt_angle,0.4,time_steps,101.0,entanglement_asymmetry_dS2,0.5557849999999999
Turkeshi2024_arXiv,random_circuit_TF,quantum,theta_tilt_angle,0.4,time_steps,102.0,entanglement_asymmetry_dS2,0.553271
Turkeshi2024_arXiv,random_circuit_TF,quantum,theta_tilt_angle,0.4,time_steps,103.0,entanglement_asymmetry_dS2,0.550772
Turkeshi2024_arXiv,random_circuit_TF,quantum,theta_tilt_angle,0.4,time_steps,104.0,entanglement_asymmetry_dS2,0.5482850000000001
Turkeshi2024_arXiv,random_circuit_TF,quantum,theta_tilt_angle,0.4,time_steps,105.0,entanglement_asymmetry_dS2,0.545811
Turkeshi2024_arXiv,random_circuit_TF,quantum,theta_tilt_angle,0.4,time_steps,106.0,entanglement_asymmetry_dS2,0.543349
Turkeshi2024_arXiv,random_circuit_TF,quantum,theta_tilt_angle,0.4,time_steps,107.0,entanglement_asymmetry_dS2,0.540899
Turkeshi2024_arXiv,random_circuit_TF,quantum,theta_tilt_angle,0.4,time_steps,108.0,entanglement_asymmetry_dS2,0.5384639999999999
Turkeshi2024_arXiv,random_circuit_TF,quantum,theta_tilt_angle,0.4,time_steps,109.0,entanglement_asymmetry_dS2,0.5360370000000001
Turkeshi2024_arXiv,random_circuit_TF,quantum,theta_tilt_angle,0.4,time_steps,110.0,entanglement_asymmetry_dS2,0.533629
Turkeshi2024_arXiv,random_circuit_TF,quantum,theta_tilt_angle,0.4,time_steps,111.0,entanglement_asymmetry_dS2,0.5312340000000001
Turkeshi2024_arXiv,random_circuit_TF,quantum,theta_tilt_angle,0.4,time_steps,112.0,entanglement_asymmetry_dS2,0.5288579999999999
Turkeshi2024_arXiv,random_circuit_TF,quantum,theta_tilt_angle,0.4,time_steps,113.0,entanglement_asymmetry_dS2,0.5264880000000001
Turkeshi2024_arXiv,random_circuit_TF,quantum,theta_tilt_angle,0.4,time_steps,114.0,entanglement_asymmetry_dS2,0.5241430000000001
Turkeshi2024_arXiv,random_circuit_TF,quantum,theta_tilt_angle,0.4,time_steps,115.0,entanglement_asymmetry_dS2,0.521806
Turkeshi2024_arXiv,random_circuit_TF,quantum,theta_tilt_angle,0.4,time_steps,116.0,entanglement_asymmetry_dS2,0.5195089999999999
Turkeshi2024_arXiv,random_circuit_TF,quantum,theta_tilt_angle,0.4,time_steps,117.0,entanglement_asymmetry_dS2,0.5172079999999999
Turkeshi2024_arXiv,random_circuit_TF,quantum,theta_tilt_angle,0.4,time_steps,118.0,entanglement_asymmetry_dS2,0.514912
Turkeshi2024_arXiv,random_circuit_TF,quantum,theta_tilt_angle,0.4,time_steps,119.0,entanglement_asymmetry_dS2,0.5126260000000001
Turkeshi2024_arXiv,random_circuit_TF,quantum,theta_tilt_angle,0.4,time_steps,120.0,entanglement_asymmetry_dS2,0.5103559999999999
Turkeshi2024_arXiv,random_circuit_TF,quantum,theta_tilt_angle,0.4,time_steps,121.0,entanglement_asymmetry_dS2,0.5080910000000001
Turkeshi2024_arXiv,random_circuit_TF,quantum,theta_tilt_angle,0.4,time_steps,122.0,entanglement_asymmetry_dS2,0.505852
Turkeshi2024_arXiv,random_circuit_TF,quantum,theta_tilt_angle,0.4,time_steps,123.0,entanglement_asymmetry_dS2,0.5036120000000001
Turkeshi2024_arXiv,random_circuit_TF,quantum,theta_tilt_angle,0.4,time_steps,124.0,entanglement_asymmetry_dS2,0.5013949999999999
Turkeshi2024_arXiv,random_circuit_TF,quantum,theta_tilt_angle,0.4,time_steps,125.0,entanglement_asymmetry_dS2,0.49918799999999997
Turkeshi2024_arXiv,random_circuit_TF,quantum,theta_tilt_angle,0.4,time_steps,126.0,entanglement_asymmetry_dS2,0.4969890000000001
Turkeshi2024_arXiv,random_circuit_TF,quantum,theta_tilt_angle,0.4,time_steps,127.0,entanglement_asymmetry_dS2,0.4948140000000001
Turkeshi2024_arXiv,random_circuit_TF,quantum,theta_tilt_angle,0.4,time_steps,128.0,entanglement_asymmetry_dS2,0.49263800000000013
Turkeshi2024_arXiv,random_circuit_TF,quantum,theta_tilt_angle,0.4,time_steps,129.0,entanglement_asymmetry_dS2,0.4904799999999999
Turkeshi2024_arXiv,random_circuit_TF,quantum,theta_tilt_angle,0.4,time_steps,130.0,entanglement_asymmetry_dS2,0.4883329999999999
Turkeshi2024_arXiv,random_circuit_TF,quantum,theta_tilt_angle,0.4,time_steps,131.0,entanglement_asymmetry_dS2,0.48620600000000014
Turkeshi2024_arXiv,random_circuit_TF,quantum,theta_tilt_angle,0.4,time_steps,132.0,entanglement_asymmetry_dS2,0.48411099999999996
Turkeshi2024_arXiv,random_circuit_TF,quantum,theta_tilt_angle,0.4,time_steps,133.0,entanglement_asymmetry_dS2,0.481996
Turkeshi2024_arXiv,random_circuit_TF,quantum,theta_tilt_angle,0.4,time_steps,134.0,entanglement_asymmetry_dS2,0.47989400000000004
Turkeshi2024_arXiv,random_circuit_TF,quantum,theta_tilt_angle,0.4,time_steps,135.0,entanglement_asymmetry_dS2,0.477804
Turkeshi2024_arXiv,random_circuit_TF,quantum,theta_tilt_angle,0.4,time_steps,136.0,entanglement_asymmetry_dS2,0.47573699999999985
Turkeshi2024_arXiv,random_circuit_TF,quantum,theta_tilt_angle,0.4,time_steps,137.0,entanglement_asymmetry_dS2,0.4736689999999999
Turkeshi2024_arXiv,random_circuit_TF,quantum,theta_tilt_angle,0.4,time_steps,138.0,entanglement_asymmetry_dS2,0.47162100000000007
Turkeshi2024_arXiv,random_circuit_TF,quantum,theta_tilt_angle,0.4,time_steps,139.0,entanglement_asymmetry_dS2,0.4695729999999999
Turkeshi2024_arXiv,random_circuit_TF,quantum,theta_tilt_angle,0.4,time_steps,140.0,entanglement_asymmetry_dS2,0.4675449999999999
Turkeshi2024_arXiv,random_circuit_TF,quantum,theta_tilt_angle,0.4,time_steps,141.0,entanglement_asymmetry_dS2,0.465527
Turkeshi2024_arXiv,random_circuit_TF,quantum,theta_tilt_angle,0.4,time_steps,142.0,entanglement_asymmetry_dS2,0.46352099999999996
Turkeshi2024_arXiv,random_circuit_TF,quantum,theta_tilt_angle,0.4,time_steps,143.0,entanglement_asymmetry_dS2,0.4615250000000001
Turkeshi2024_arXiv,random_circuit_TF,quantum,theta_tilt_angle,0.4,time_steps,144.0,entanglement_asymmetry_dS2,0.459535
Turkeshi2024_arXiv,random_circuit_TF,quantum,theta_tilt_angle,0.4,time_steps,145.0,entanglement_asymmetry_dS2,0.457561
Turkeshi2024_arXiv,random_circuit_TF,quantum,theta_tilt_angle,0.4,time_steps,146.0,entanglement_asymmetry_dS2,0.4555950000000001
Turkeshi2024_arXiv,random_circuit_TF,quantum,theta_tilt_angle,0.4,time_steps,147.0,entanglement_asymmetry_dS2,0.4536490000000001
Turkeshi2024_arXiv,random_circuit_TF,quantum,theta_tilt_angle,0.4,time_steps,148.0,entanglement_asymmetry_dS2,0.4517119999999999
Turkeshi2024_arXiv,random_circuit_TF,quantum,theta_tilt_angle,0.4,time_steps,149.0,entanglement_asymmetry_dS2,0.4497849999999999
Turkeshi2024_arXiv,random_circuit_TF,quantum,theta_tilt_angle,0.4,time_steps,150.0,entanglement_asymmetry_dS2,0.44786500000000007
Turkeshi2024_arXiv,random_circuit_TF,quantum,theta_tilt_angle,0.4,time_steps,151.0,entanglement_asymmetry_dS2,0.4459479999999999
Turkeshi2024_arXiv,random_circuit_TF,quantum,theta_tilt_angle,0.4,time_steps,152.0,entanglement_asymmetry_dS2,0.44404299999999997
Turkeshi2024_arXiv,random_circuit_TF,quantum,theta_tilt_angle,0.4,time_steps,153.0,entanglement_asymmetry_dS2,0.44216199999999994
Turkeshi2024_arXiv,random_circuit_TF,quantum,theta_tilt_angle,0.4,time_steps,154.0,entanglement_asymmetry_dS2,0.440279
Turkeshi2024_arXiv,random_circuit_TF,quantum,theta_tilt_angle,0.4,time_steps,155.0,entanglement_asymmetry_dS2,0.43840200000000007
Turkeshi2024_arXiv,random_circuit_TF,quantum,theta_tilt_angle,0.4,time_steps,156.0,entanglement_asymmetry_dS2,0.436543
Turkeshi2024_arXiv,random_circuit_TF,quantum,theta_tilt_angle,0.4,time_steps,157.0,entanglement_asymmetry_dS2,0.43469800000000003
Turkeshi2024_arXiv,random_circuit_TF,quantum,theta_tilt_angle,0.4,time_steps,158.0,entanglement_asymmetry_dS2,0.4328580000000001
Turkeshi2024_arXiv,random_circuit_TF,quantum,theta_tilt_angle,0.4,time_steps,159.0,entanglement_asymmetry_dS2,0.431022
Turkeshi2024_arXiv,random_circuit_TF,quantum,theta_tilt_angle,0.4,time_steps,160.0,entanglement_asymmetry_dS2,0.4292110000000001
Turkeshi2024_arXiv,random_circuit_TF,quantum,theta_tilt_angle,0.4,time_steps,161.0,entanglement_asymmetry_dS2,0.42739499999999997
Turkeshi2024_arXiv,random_circuit_TF,quantum,theta_tilt_angle,0.4,time_steps,162.0,entanglement_asymmetry_dS2,0.42560299999999995
Turkeshi2024_arXiv,random_circuit_TF,quantum,theta_tilt_angle,0.4,time_steps,163.0,entanglement_asymmetry_dS2,0.423806
Turkeshi2024_arXiv,random_circuit_TF,quantum,theta_tilt_angle,0.4,time_steps,164.0,entanglement_asymmetry_dS2,0.42202700000000004
Turkeshi2024_arXiv,random_circuit_TF,quantum,theta_tilt_angle,0.4,time_steps,165.0,entanglement_asymmetry_dS2,0.42025500000000005
Turkeshi2024_arXiv,random_circuit_TF,quantum,theta_tilt_angle,0.4,time_steps,166.0,entanglement_asymmetry_dS2,0.41849900000000007
Turkeshi2024_arXiv,random_circuit_TF,quantum,theta_tilt_angle,0.4,time_steps,167.0,entanglement_asymmetry_dS2,0.41674900000000004
Turkeshi2024_arXiv,random_circuit_TF,quantum,theta_tilt_angle,0.4,time_steps,168.0,entanglement_asymmetry_dS2,0.41500000000000004
Turkeshi2024_arXiv,random_circuit_TF,quantum,theta_tilt_angle,0.4,time_steps,169.0,entanglement_asymmetry_dS2,0.41326799999999997
Turkeshi2024_arXiv,random_circuit_TF,quantum,theta_tilt_angle,0.4,time_steps,170.0,entanglement_asymmetry_dS2,0.4115469999999999
Turkeshi2024_arXiv,random_circuit_TF,quantum,theta_tilt_angle,0.4,time_steps,171.0,entanglement_asymmetry_dS2,0.40983000000000014
Turkeshi2024_arXiv,random_circuit_TF,quantum,theta_tilt_angle,0.4,time_steps,172.0,entanglement_asymmetry_dS2,0.408126
Turkeshi2024_arXiv,random_circuit_TF,quantum,theta_tilt_angle,0.4,time_steps,173.0,entanglement_asymmetry_dS2,0.4064310000000001
Turkeshi2024_arXiv,random_circuit_TF,quantum,theta_tilt_angle,0.4,time_steps,174.0,entanglement_asymmetry_dS2,0.40474999999999994
Turkeshi2024_arXiv,random_circuit_TF,quantum,theta_tilt_angle,0.4,time_steps,175.0,entanglement_asymmetry_dS2,0.4030649999999999
Turkeshi2024_arXiv,random_circuit_TF,quantum,theta_tilt_angle,0.4,time_steps,176.0,entanglement_asymmetry_dS2,0.40140299999999995
Turkeshi2024_arXiv,random_circuit_TF,quantum,theta_tilt_angle,0.4,time_steps,177.0,entanglement_asymmetry_dS2,0.3997399999999999
Turkeshi2024_arXiv,random_circuit_TF,quantum,theta_tilt_angle,0.4,time_steps,178.0,entanglement_asymmetry_dS2,0.39809300000000014
Turkeshi2024_arXiv,random_circuit_TF,quantum,theta_tilt_angle,0.4,time_steps,179.0,entanglement_asymmetry_dS2,0.39645299999999994
Turkeshi2024_arXiv,random_circuit_TF,quantum,theta_tilt_angle,0.4,time_steps,180.0,entanglement_asymmetry_dS2,0.394818
Turkeshi2024_arXiv,random_circuit_TF,quantum,theta_tilt_angle,0.4,time_steps,181.0,entanglement_asymmetry_dS2,0.393197
Turkeshi2024_arXiv,random_circuit_TF,quantum,theta_tilt_angle,0.4,time_steps,182.0,entanglement_asymmetry_dS2,0.3915830000000001
Turkeshi2024_arXiv,random_circuit_TF,quantum,theta_tilt_angle,0.4,time_steps,183.0,entanglement_asymmetry_dS2,0.3899769999999999
Turkeshi2024_arXiv,random_circuit_TF,quantum,theta_tilt_angle,0.4,time_steps,184.0,entanglement_asymmetry_dS2,0.3883780000000001
Turkeshi2024_arXiv,random_circuit_TF,quantum,theta_tilt_angle,0.4,time_steps,185.0,entanglement_asymmetry_dS2,0.386792
Turkeshi2024_arXiv,random_circuit_TF,quantum,theta_tilt_angle,0.4,time_steps,186.0,entanglement_asymmetry_dS2,0.3852089999999999
Turkeshi2024_arXiv,random_circuit_TF,quantum,theta_tilt_angle,0.4,time_steps,187.0,entanglement_asymmetry_dS2,0.38362799999999997
Turkeshi2024_arXiv,random_circuit_TF,quantum,theta_tilt_angle,0.4,time_steps,188.0,entanglement_asymmetry_dS2,0.38206699999999993
Turkeshi2024_arXiv,random_circuit_TF,quantum,theta_tilt_angle,0.4,time_steps,189.0,entanglement_asymmetry_dS2,0.38050700000000015
Turkeshi2024_arXiv,random_circuit_TF,quantum,theta_tilt_angle,0.4,time_steps,190.0,entanglement_asymmetry_dS2,0.37895600000000007
Turkeshi2024_arXiv,random_circuit_TF,quantum,theta_tilt_angle,0.4,time_steps,191.0,entanglement_asymmetry_dS2,0.37741899999999995
Turkeshi2024_arXiv,random_circuit_TF,quantum,theta_tilt_angle,0.4,time_steps,192.0,entanglement_asymmetry_dS2,0.375885
Turkeshi2024_arXiv,random_circuit_TF,quantum,theta_tilt_angle,0.4,time_steps,193.0,entanglement_asymmetry_dS2,0.3743540000000001
Turkeshi2024_arXiv,random_circuit_TF,quantum,theta_tilt_angle,0.4,time_steps,194.0,entanglement_asymmetry_dS2,0.37283900000000003
Turkeshi2024_arXiv,random_circuit_TF,quantum,theta_tilt_angle,0.4,time_steps,195.0,entanglement_asymmetry_dS2,0.371329
Turkeshi2024_arXiv,random_circuit_TF,quantum,theta_tilt_angle,0.4,time_steps,196.0,entanglement_asymmetry_dS2,0.36982700000000013
Turkeshi2024_arXiv,random_circuit_TF,quantum,theta_tilt_angle,0.4,time_steps,197.0,entanglement_asymmetry_dS2,0.3683280000000001
Turkeshi2024_arXiv,random_circuit_TF,quantum,theta_tilt_angle,0.4,time_steps,198.0,entanglement_asymmetry_dS2,0.36684400000000006
Turkeshi2024_arXiv,random_circuit_TF,quantum,theta_tilt_angle,0.4,time_steps,199.0,entanglement_asymmetry_dS2,0.3653660000000001
Turkeshi2024_arXiv,random_circuit_TF,quantum,theta_tilt_angle,0.4,time_steps,200.0,entanglement_asymmetry_dS2,0.36388999999999994
Turkeshi2024_arXiv,random_circuit_TF,quantum,theta_tilt_angle,0.4,time_steps,201.0,entanglement_asymmetry_dS2,0.36241899999999994
Turkeshi2024_arXiv,random_circuit_TF,quantum,theta_tilt_angle,0.4,time_steps,202.0,entanglement_asymmetry_dS2,0.3609620000000001
Turkeshi2024_arXiv,random_circuit_TF,quantum,theta_tilt_angle,0.4,time_steps,203.0,entanglement_asymmetry_dS2,0.359514
Turkeshi2024_arXiv,random_circuit_TF,quantum,theta_tilt_angle,0.4,time_steps,204.0,entanglement_asymmetry_dS2,0.35807599999999995
Turkeshi2024_arXiv,random_circuit_TF,quantum,theta_tilt_angle,0.4,time_steps,205.0,entanglement_asymmetry_dS2,0.35663500000000004
Turkeshi2024_arXiv,random_circuit_TF,quantum,theta_tilt_angle,0.4,time_steps,206.0,entanglement_asymmetry_dS2,0.3552089999999999
Turkeshi2024_arXiv,random_circuit_TF,quantum,theta_tilt_angle,0.4,time_steps,207.0,entanglement_asymmetry_dS2,0.35378900000000013
Turkeshi2024_arXiv,random_circuit_TF,quantum,theta_tilt_angle,0.4,time_steps,208.0,entanglement_asymmetry_dS2,0.352379
Turkeshi2024_arXiv,random_circuit_TF,quantum,theta_tilt_angle,0.4,time_steps,209.0,entanglement_asymmetry_dS2,0.35097
Turkeshi2024_arXiv,random_circuit_TF,quantum,theta_tilt_angle,0.4,time_steps,210.0,entanglement_asymmetry_dS2,0.34957000000000005
Turkeshi2024_arXiv,random_circuit_TF,quantum,theta_tilt_angle,0.4,time_steps,211.0,entanglement_asymmetry_dS2,0.348175
Turkeshi2024_arXiv,random_circuit_TF,quantum,theta_tilt_angle,0.4,time_steps,212.0,entanglement_asymmetry_dS2,0.346793
Turkeshi2024_arXiv,random_circuit_TF,quantum,theta_tilt_angle,0.4,time_steps,213.0,entanglement_asymmetry_dS2,0.34541900000000003
Turkeshi2024_arXiv,random_circuit_TF,quantum,theta_tilt_angle,0.4,time_steps,214.0,entanglement_asymmetry_dS2,0.34404200000000007
Turkeshi2024_arXiv,random_circuit_TF,quantum,theta_tilt_angle,0.4,time_steps,215.0,entanglement_asymmetry_dS2,0.3426760000000001
Turkeshi2024_arXiv,random_circuit_TF,quantum,theta_tilt_angle,0.4,time_steps,216.0,entanglement_asymmetry_dS2,0.34132299999999993
Turkeshi2024_arXiv,random_circuit_TF,quantum,theta_tilt_angle,0.4,time_steps,217.0,entanglement_asymmetry_dS2,0.33997199999999994
Turkeshi2024_arXiv,random_circuit_TF,quantum,theta_tilt_angle,0.4,time_steps,218.0,entanglement_asymmetry_dS2,0.33863299999999996
Turkeshi2024_arXiv,random_circuit_TF,quantum,theta_tilt_angle,0.4,time_steps,219.0,entanglement_asymmetry_dS2,0.337295
Turkeshi2024_arXiv,random_circuit_TF,quantum,theta_tilt_angle,0.4,time_steps,220.0,entanglement_asymmetry_dS2,0.33596899999999996
Turkeshi2024_arXiv,random_circuit_TF,quantum,theta_tilt_angle,0.4,time_steps,221.0,entanglement_asymmetry_dS2,0.33464400000000005
Turkeshi2024_arXiv,random_circuit_TF,quantum,theta_tilt_angle,0.4,time_steps,222.0,entanglement_asymmetry_dS2,0.333318
Turkeshi2024_arXiv,random_circuit_TF,quantum,theta_tilt_angle,0.4,time_steps,223.0,entanglement_asymmetry_dS2,0.33200600000000013
Turkeshi2024_arXiv,random_circuit_TF,quantum,theta_tilt_angle,0.4,time_steps,224.0,entanglement_asymmetry_dS2,0.3307079999999999
Turkeshi2024_arXiv,random_circuit_TF,quantum,theta_tilt_angle,0.4,time_steps,225.0,entanglement_asymmetry_dS2,0.3294119999999999
Turkeshi2024_arXiv,random_circuit_TF,quantum,theta_tilt_angle,0.4,time_steps,226.0,entanglement_asymmetry_dS2,0.3281139999999999
Turkeshi2024_arXiv,random_circuit_TF,quantum,theta_tilt_angle,0.4,time_steps,227.0,entanglement_asymmetry_dS2,0.32683699999999993
Turkeshi2024_arXiv,random_circuit_TF,quantum,theta_tilt_angle,0.4,time_steps,228.0,entanglement_asymmetry_dS2,0.32556000000000007
Turkeshi2024_arXiv,random_circuit_TF,quantum,theta_tilt_angle,0.4,time_steps,229.0,entanglement_asymmetry_dS2,0.3242919999999999
Turkeshi2024_arXiv,random_circuit_TF,quantum,theta_tilt_angle,0.4,time_steps,230.0,entanglement_asymmetry_dS2,0.3230319999999999
Turkeshi2024_arXiv,random_circuit_TF,quantum,theta_tilt_angle,0.4,time_steps,231.0,entanglement_asymmetry_dS2,0.32177500000000003
Turkeshi2024_arXiv,random_circuit_TF,quantum,theta_tilt_angle,0.4,time_steps,232.0,entanglement_asymmetry_dS2,0.32052900000000006
Turkeshi2024_arXiv,random_circuit_TF,quantum,theta_tilt_angle,0.4,time_steps,233.0,entanglement_asymmetry_dS2,0.3192829999999999
Turkeshi2024_arXiv,random_circuit_TF,quantum,theta_tilt_angle,0.4,time_steps,234.0,entanglement_asymmetry_dS2,0.31803500000000007
Turkeshi2024_arXiv,random_circuit_TF,quantum,theta_tilt_angle,0.4,time_steps,235.0,entanglement_asymmetry_dS2,0.31680299999999995
Turkeshi2024_arXiv,random_circuit_TF,quantum,theta_tilt_angle,0.4,time_steps,236.0,entanglement_asymmetry_dS2,0.3155739999999999
Turkeshi2024_arXiv,random_circuit_TF,quantum,theta_tilt_angle,0.4,time_steps,237.0,entanglement_asymmetry_dS2,0.314357
Turkeshi2024_arXiv,random_circuit_TF,quantum,theta_tilt_angle,0.4,time_steps,238.0,entanglement_asymmetry_dS2,0.31314
Turkeshi2024_arXiv,random_circuit_TF,quantum,theta_tilt_angle,0.4,time_steps,239.0,entanglement_asymmetry_dS2,0.31192399999999987
Turkeshi2024_arXiv,random_circuit_TF,quantum,theta_tilt_angle,0.4,time_steps,240.0,entanglement_asymmetry_dS2,0.3107280000000001
Turkeshi2024_arXiv,random_circuit_TF,quantum,theta_tilt_angle,0.4,time_steps,241.0,entanglement_asymmetry_dS2,0.3095310000000001
Turkeshi2024_arXiv,random_circuit_TF,quantum,theta_tilt_angle,0.4,time_steps,242.0,entanglement_asymmetry_dS2,0.3083309999999999
Turkeshi2024_arXiv,random_circuit_TF,quantum,theta_tilt_angle,0.4,time_steps,243.0,entanglement_asymmetry_dS2,0.307149
Turkeshi2024_arXiv,random_circuit_TF,quantum,theta_tilt_angle,0.4,time_steps,244.0,entanglement_asymmetry_dS2,0.30596200000000007
Turkeshi2024_arXiv,random_circuit_TF,quantum,theta_tilt_angle,0.4,time_steps,245.0,entanglement_asymmetry_dS2,0.3047949999999999
Turkeshi2024_arXiv,random_circuit_TF,quantum,theta_tilt_angle,0.4,time_steps,246.0,entanglement_asymmetry_dS2,0.30361799999999994
Turkeshi2024_arXiv,random_circuit_TF,quantum,theta_tilt_angle,0.4,time_steps,247.0,entanglement_asymmetry_dS2,0.302462
Turkeshi2024_arXiv,random_circuit_TF,quantum,theta_tilt_angle,0.4,time_steps,248.0,entanglement_asymmetry_dS2,0.301303
Turkeshi2024_arXiv,random_circuit_TF,quantum,theta_tilt_angle,0.4,time_steps,249.0,entanglement_asymmetry_dS2,0.30014399999999997
Turkeshi2024_arXiv,random_circuit_TF,quantum,theta_tilt_angle,0.4,time_steps,250.0,entanglement_asymmetry_dS2,0.29900499999999997
Turkeshi2024_arXiv,random_circuit_TF,quantum,theta_tilt_angle,0.4,time_steps,251.0,entanglement_asymmetry_dS2,0.29785700000000004
Turkeshi2024_arXiv,random_circuit_TF,quantum,theta_tilt_angle,0.4,time_steps,252.0,entanglement_asymmetry_dS2,0.2967279999999999
Turkeshi2024_arXiv,random_circuit_TF,quantum,theta_tilt_angle,0.4,time_steps,253.0,entanglement_asymmetry_dS2,0.29559100000000005
Turkeshi2024_arXiv,random_circuit_TF,quantum,theta_tilt_angle,0.4,time_steps,254.0,entanglement_asymmetry_dS2,0.2944740000000001
Turkeshi2024_arXiv,random_circuit_TF,quantum,theta_tilt_angle,0.4,time_steps,255.0,entanglement_asymmetry_dS2,0.29334899999999997
Turkeshi2024_arXiv,random_circuit_TF,quantum,theta_tilt_angle,0.6,time_steps,1.0,entanglement_asymmetry_dS2,1.352199999999999
Turkeshi2024_arXiv,random_circuit_TF,quantum,theta_tilt_angle,0.6,time_steps,2.0,entanglement_asymmetry_dS2,1.3471038999999998
Turkeshi2024_arXiv,random_circuit_TF,quantum,theta_tilt_angle,0.6,time_steps,3.0,entanglement_asymmetry_dS2,1.3386421
Turkeshi2024_arXiv,random_circuit_TF,quantum,theta_tilt_angle,0.6,time_steps,4.0,entanglement_asymmetry_dS2,1.3309254
Turkeshi2024_arXiv,random_circuit_TF,quantum,theta_tilt_angle,0.6,time_steps,5.0,entanglement_asymmetry_dS2,1.323639
Turkeshi2024_arXiv,random_circuit_TF,quantum,theta_tilt_angle,0.6,time_steps,6.0,entanglement_asymmetry_dS2,1.316651
Turkeshi2024_arXiv,random_circuit_TF,quantum,theta_tilt_angle,0.6,time_steps,7.0,entanglement_asymmetry_dS2,1.309868
Turkeshi2024_arXiv,random_circuit_TF,quantum,theta_tilt_angle,0.6,time_steps,8.0,entanglement_asymmetry_dS2,1.303245
Turkeshi2024_arXiv,random_circuit_TF,quantum,theta_tilt_angle,0.6,time_steps,9.0,entanglement_asymmetry_dS2,1.29674
Turkeshi2024_arXiv,random_circuit_TF,quantum,theta_tilt_angle,0.6,time_steps,10.0,entanglement_asymmetry_dS2,1.290322
Turkeshi2024_arXiv,random_circuit_TF,quantum,theta_tilt_angle,0.6,time_steps,11.0,entanglement_asymmetry_dS2,1.2839589999999999
Turkeshi2024_arXiv,random_circuit_TF,quantum,theta_tilt_angle,0.6,time_steps,12.0,entanglement_asymmetry_dS2,1.27765
Turkeshi2024_arXiv,random_circuit_TF,quantum,theta_tilt_angle,0.6,time_steps,13.0,entanglement_asymmetry_dS2,1.271372
Turkeshi2024_arXiv,random_circuit_TF,quantum,theta_tilt_angle,0.6,time_steps,14.0,entanglement_asymmetry_dS2,1.2651080000000001
Turkeshi2024_arXiv,random_circuit_TF,quantum,theta_tilt_angle,0.6,time_steps,15.0,entanglement_asymmetry_dS2,1.258851
Turkeshi2024_arXiv,random_circuit_TF,quantum,theta_tilt_angle,0.6,time_steps,16.0,entanglement_asymmetry_dS2,1.252592
Turkeshi2024_arXiv,random_circuit_TF,quantum,theta_tilt_angle,0.6,time_steps,17.0,entanglement_asymmetry_dS2,1.246335
Turkeshi2024_arXiv,random_circuit_TF,quantum,theta_tilt_angle,0.6,time_steps,18.0,entanglement_asymmetry_dS2,1.2400569999999997
Turkeshi2024_arXiv,random_circuit_TF,quantum,theta_tilt_angle,0.6,time_steps,19.0,entanglement_asymmetry_dS2,1.233774
Turkeshi2024_arXiv,random_circuit_TF,quantum,theta_tilt_angle,0.6,time_steps,20.0,entanglement_asymmetry_dS2,1.2274600000000002
Turkeshi2024_arXiv,random_circuit_TF,quantum,theta_tilt_angle,0.6,time_steps,21.0,entanglement_asymmetry_dS2,1.2211319999999999
Turkeshi2024_arXiv,random_circuit_TF,quantum,theta_tilt_angle,0.6,time_steps,22.0,entanglement_asymmetry_dS2,1.214783
Turkeshi2024_arXiv,random_circuit_TF,quantum,theta_tilt_angle,0.6,time_steps,23.0,entanglement_asymmetry_dS2,1.208413
Turkeshi2024_arXiv,random_circuit_TF,quantum,theta_tilt_angle,0.6,time_steps,24.0,entanglement_asymmetry_dS2,1.2020060000000001
Turkeshi2024_arXiv,random_circuit_TF,quantum,theta_tilt_angle,0.6,time_steps,25.0,entanglement_asymmetry_dS2,1.195586
Turkeshi2024_arXiv,random_circuit_TF,quantum,theta_tilt_angle,0.6,time_steps,26.0,entanglement_asymmetry_dS2,1.1891380000000003
Turkeshi2024_arXiv,random_circuit_TF,quantum,theta_tilt_angle,0.6,time_steps,27.0,entanglement_asymmetry_dS2,1.182663
Turkeshi2024_arXiv,random_circuit_TF,quantum,theta_tilt_angle,0.6,time_steps,28.0,entanglement_asymmetry_dS2,1.176169
Turkeshi2024_arXiv,random_circuit_TF,quantum,theta_tilt_angle,0.6,time_steps,29.0,entanglement_asymmetry_dS2,1.169648
Turkeshi2024_arXiv,random_circuit_TF,quantum,theta_tilt_angle,0.6,time_steps,30.0,entanglement_asymmetry_dS2,1.163096
Turkeshi2024_arXiv,random_circuit_TF,quantum,theta_tilt_angle,0.6,time_steps,31.0,entanglement_asymmetry_dS2,1.156535
Turkeshi2024_arXiv,random_circuit_TF,quantum,theta_tilt_angle,0.6,time_steps,32.0,entanglement_asymmetry_dS2,1.149941
Turkeshi2024_arXiv,random_circuit_TF,quantum,theta_tilt_angle,0.6,time_steps,33.0,entanglement_asymmetry_dS2,1.1433280000000001
Turkeshi2024_arXiv,random_circuit_TF,quantum,theta_tilt_angle,0.6,time_steps,34.0,entanglement_asymmetry_dS2,1.1366969999999998
Turkeshi2024_arXiv,random_circuit_TF,quantum,theta_tilt_angle,0.6,time_steps,35.0,entanglement_asymmetry_dS2,1.1300500000000002
Turkeshi2024_arXiv,random_circuit_TF,quantum,theta_tilt_angle,0.6,time_steps,36.0,entanglement_asymmetry_dS2,1.1233790000000001
Turkeshi2024_arXiv,random_circuit_TF,quantum,theta_tilt_angle,0.6,time_steps,37.0,entanglement_asymmetry_dS2,1.116696
Turkeshi2024_arXiv,random_circuit_TF,quantum,theta_tilt_angle,0.6,time_steps,38.0,entanglement_asymmetry_dS2,1.1099999999999999
Turkeshi2024_arXiv,random_circuit_TF,quantum,theta_tilt_angle,0.6,time_steps,39.0,entanglement_asymmetry_dS2,1.103287
Turkeshi2024_arXiv,random_circuit_TF,quantum,theta_tilt_angle,0.6,time_steps,40.0,entanglement_asymmetry_dS2,1.0965539999999998
Turkeshi2024_arXiv,random_circuit_TF,quantum,theta_tilt_angle,0.6,time_steps,41.0,entanglement_asymmetry_dS2,1.0898179999999997
Turkeshi2024_arXiv,random_circuit_TF,quantum,theta_tilt_angle,0.6,time_steps,42.0,entanglement_asymmetry_dS2,1.0830599999999997
Turkeshi2024_arXiv,random_circuit_TF,quantum,theta_tilt_angle,0.6,time_steps,43.0,entanglement_asymmetry_dS2,1.0763000000000003
Turkeshi2024_arXiv,random_circuit_TF,quantum,theta_tilt_angle,0.6,time_steps,44.0,entanglement_asymmetry_dS2,1.06952
Turkeshi2024_arXiv,random_circuit_TF,quantum,theta_tilt_angle,0.6,time_steps,45.0,entanglement_asymmetry_dS2,1.06274
Turkeshi2024_arXiv,random_circuit_TF,quantum,theta_tilt_angle,0.6,time_steps,46.0,entanglement_asymmetry_dS2,1.05595
Turkeshi2024_arXiv,random_circuit_TF,quantum,theta_tilt_angle,0.6,time_steps,47.0,entanglement_asymmetry_dS2,1.04915
Turkeshi2024_arXiv,random_circuit_TF,quantum,theta_tilt_angle,0.6,time_steps,48.0,entanglement_asymmetry_dS2,1.04235
Turkeshi2024_arXiv,random_circuit_TF,quantum,theta_tilt_angle,0.6,time_steps,49.0,entanglement_asymmetry_dS2,1.0355399999999997
Turkeshi2024_arXiv,random_circuit_TF,quantum,theta_tilt_angle,0.6,time_steps,50.0,entanglement_asymmetry_dS2,1.0287300000000001
Turkeshi2024_arXiv,random_circuit_TF,quantum,theta_tilt_angle,0.6,time_steps,51.0,entanglement_asymmetry_dS2,1.0219300000000002
Turkeshi2024_arXiv,random_circuit_TF,quantum,theta_tilt_angle,0.6,time_steps,52.0,entanglement_asymmetry_dS2,1.01512
Turkeshi2024_arXiv,random_circuit_TF,quantum,theta_tilt_angle,0.6,time_steps,53.0,entanglement_asymmetry_dS2,1.0083
Turkeshi2024_arXiv,random_circuit_TF,quantum,theta_tilt_angle,0.6,time_steps,54.0,entanglement_asymmetry_dS2,1.0014900000000002
Turkeshi2024_arXiv,random_circuit_TF,quantum,theta_tilt_angle,0.6,time_steps,55.0,entanglement_asymmetry_dS2,0.9946799999999998
Turkeshi2024_arXiv,random_circuit_TF,quantum,theta_tilt_angle,0.6,time_steps,56.0,entanglement_asymmetry_dS2,0.9878799999999999
Turkeshi2024_arXiv,random_circuit_TF,quantum,theta_tilt_angle,0.6,time_steps,57.0,entanglement_asymmetry_dS2,0.98108
Turkeshi2024_arXiv,random_circuit_TF,quantum,theta_tilt_angle,0.6,time_steps,58.0,entanglement_asymmetry_dS2,0.9742900000000001
Turkeshi2024_arXiv,random_circuit_TF,quantum,theta_tilt_angle,0.6,time_steps,59.0,entanglement_asymmetry_dS2,0.96749
Turkeshi2024_arXiv,random_circuit_TF,quantum,theta_tilt_angle,0.6,time_steps,60.0,entanglement_asymmetry_dS2,0.9607199999999998
Turkeshi2024_arXiv,random_circuit_TF,quantum,theta_tilt_angle,0.6,time_steps,61.0,entanglement_asymmetry_dS2,0.9539499999999999
Turkeshi2024_arXiv,random_circuit_TF,quantum,theta_tilt_angle,0.6,time_steps,62.0,entanglement_asymmetry_dS2,0.94719
Turkeshi2024_arXiv,random_circuit_TF,quantum,theta_tilt_angle,0.6,time_steps,63.0,entanglement_asymmetry_dS2,0.9404299999999999
Turkeshi2024_arXiv,random_circuit_TF,quantum,theta_tilt_angle,0.6,time_steps,64.0,entanglement_asymmetry_dS2,0.9336800000000001
Turkeshi2024_arXiv,random_circuit_TF,quantum,theta_tilt_angle,0.6,time_steps,65.0,entanglement_asymmetry_dS2,0.9269500000000002
Turkeshi2024_arXiv,random_circuit_TF,quantum,theta_tilt_angle,0.6,time_steps,66.0,entanglement_asymmetry_dS2,0.92024
Turkeshi2024_arXiv,random_circuit_TF,quantum,theta_tilt_angle,0.6,time_steps,67.0,entanglement_asymmetry_dS2,0.91353
Turkeshi2024_arXiv,random_circuit_TF,quantum,theta_tilt_angle,0.6,time_steps,68.0,entanglement_asymmetry_dS2,0.90683
Turkeshi2024_arXiv,random_circuit_TF,quantum,theta_tilt_angle,0.6,time_steps,69.0,entanglement_asymmetry_dS2,0.9001599999999998
Turkeshi2024_arXiv,random_circuit_TF,quantum,theta_tilt_angle,0.6,time_steps,70.0,entanglement_asymmetry_dS2,0.8934900000000001
Turkeshi2024_arXiv,random_circuit_TF,quantum,theta_tilt_angle,0.6,time_steps,71.0,entanglement_asymmetry_dS2,0.8868499999999999
Turkeshi2024_arXiv,random_circuit_TF,quantum,theta_tilt_angle,0.6,time_steps,72.0,entanglement_asymmetry_dS2,0.8802299999999998
Turkeshi2024_arXiv,random_circuit_TF,quantum,theta_tilt_angle,0.6,time_steps,73.0,entanglement_asymmetry_dS2,0.8736199999999998
Turkeshi2024_arXiv,random_circuit_TF,quantum,theta_tilt_angle,0.6,time_steps,74.0,entanglement_asymmetry_dS2,0.8670300000000002
Turkeshi2024_arXiv,random_circuit_TF,quantum,theta_tilt_angle,0.6,time_steps,75.0,entanglement_asymmetry_dS2,0.8604500000000002
Turkeshi2024_arXiv,random_circuit_TF,quantum,theta_tilt_angle,0.6,time_steps,76.0,entanglement_asymmetry_dS2,0.8538999999999999
Turkeshi2024_arXiv,random_circuit_TF,quantum,theta_tilt_angle,0.6,time_steps,77.0,entanglement_asymmetry_dS2,0.84737
Turkeshi2024_arXiv,random_circuit_TF,quantum,theta_tilt_angle,0.6,time_steps,78.0,entanglement_asymmetry_dS2,0.8408600000000002
Turkeshi2024_arXiv,random_circuit_TF,quantum,theta_tilt_angle,0.6,time_steps,79.0,entanglement_asymmetry_dS2,0.8343799999999997
Turkeshi2024_arXiv,random_circuit_TF,quantum,theta_tilt_angle,0.6,time_steps,80.0,entanglement_asymmetry_dS2,0.82793
Turkeshi2024_arXiv,random_circuit_TF,quantum,theta_tilt_angle,0.6,time_steps,81.0,entanglement_asymmetry_dS2,0.8214900000000003
Turkeshi2024_arXiv,random_circuit_TF,quantum,theta_tilt_angle,0.6,time_steps,82.0,entanglement_asymmetry_dS2,0.8150799999999998
Turkeshi2024_arXiv,random_circuit_TF,quantum,theta_tilt_angle,0.6,time_steps,83.0,entanglement_asymmetry_dS2,0.8087000000000002
Turkeshi2024_arXiv,random_circuit_TF,quantum,theta_tilt_angle,0.6,time_steps,84.0,entanglement_asymmetry_dS2,0.8023399999999998
Turkeshi2024_arXiv,random_circuit_TF,quantum,theta_tilt_angle,0.6,time_steps,85.0,entanglement_asymmetry_dS2,0.7960099999999999
Turkeshi2024_arXiv,random_circuit_TF,quantum,theta_tilt_angle,0.6,time_steps,86.0,entanglement_asymmetry_dS2,0.7896899999999998
Turkeshi2024_arXiv,random_circuit_TF,quantum,theta_tilt_angle,0.6,time_steps,87.0,entanglement_asymmetry_dS2,0.7834100000000002
Turkeshi2024_arXiv,random_circuit_TF,quantum,theta_tilt_angle,0.6,time_steps,88.0,entanglement_asymmetry_dS2,0.7771599999999999
Turkeshi2024_arXiv,random_circuit_TF,quantum,theta_tilt_angle,0.6,time_steps,89.0,entanglement_asymmetry_dS2,0.7709299999999999
Turkeshi2024_arXiv,random_circuit_TF,quantum,theta_tilt_angle,0.6,time_steps,90.0,entanglement_asymmetry_dS2,0.7647299999999999
Turkeshi2024_arXiv,random_circuit_TF,quantum,theta_tilt_angle,0.6,time_steps,91.0,entanglement_asymmetry_dS2,0.7585700000000002
Turkeshi2024_arXiv,random_circuit_TF,quantum,theta_tilt_angle,0.6,time_steps,92.0,entanglement_asymmetry_dS2,0.7524499999999998
Turkeshi2024_arXiv,random_circuit_TF,quantum,theta_tilt_angle,0.6,time_steps,93.0,entanglement_asymmetry_dS2,0.74634
Turkeshi2024_arXiv,random_circuit_TF,quantum,theta_tilt_angle,0.6,time_steps,94.0,entanglement_asymmetry_dS2,0.7402699999999998
Turkeshi2024_arXiv,random_circuit_TF,quantum,theta_tilt_angle,0.6,time_steps,95.0,entanglement_asymmetry_dS2,0.7342199999999999
Turkeshi2024_arXiv,random_circuit_TF,quantum,theta_tilt_angle,0.6,time_steps,96.0,entanglement_asymmetry_dS2,0.72821
Turkeshi2024_arXiv,random_circuit_TF,quantum,theta_tilt_angle,0.6,time_steps,97.0,entanglement_asymmetry_dS2,0.7222299999999999
Turkeshi2024_arXiv,random_circuit_TF,quantum,theta_tilt_angle,0.6,time_steps,98.0,entanglement_asymmetry_dS2,0.7162700000000002
Turkeshi2024_arXiv,random_circuit_TF,quantum,theta_tilt_angle,0.6,time_steps,99.0,entanglement_asymmetry_dS2,0.7103400000000002
Turkeshi2024_arXiv,random_circuit_TF,quantum,theta_tilt_angle,0.6,time_steps,100.0,entanglement_asymmetry_dS2,0.7044500000000002
Turkeshi2024_arXiv,random_circuit_TF,quantum,theta_tilt_angle,0.6,time_steps,101.0,entanglement_asymmetry_dS2,0.6985900000000003
Turkeshi2024_arXiv,random_circuit_TF,quantum,theta_tilt_angle,0.6,time_steps,102.0,entanglement_asymmetry_dS2,0.6927599999999998
Turkeshi2024_arXiv,random_circuit_TF,quantum,theta_tilt_angle,0.6,time_steps,103.0,entanglement_asymmetry_dS2,0.68695
Turkeshi2024_arXiv,random_circuit_TF,quantum,theta_tilt_angle,0.6,time_steps,104.0,entanglement_asymmetry_dS2,0.68119
Turkeshi2024_arXiv,random_circuit_TF,quantum,theta_tilt_angle,0.6,time_steps,105.0,entanglement_asymmetry_dS2,0.6755
Turkeshi2024_arXiv,random_circuit_TF,quantum,theta_tilt_angle,0.6,time_steps,106.0,entanglement_asymmetry_dS2,0.6698199999999999
Turkeshi2024_arXiv,random_circuit_TF,quantum,theta_tilt_angle,0.6,time_steps,107.0,entanglement_asymmetry_dS2,0.6641600000000001
Turkeshi2024_arXiv,random_circuit_TF,quantum,theta_tilt_angle,0.6,time_steps,108.0,entanglement_asymmetry_dS2,0.6585300000000003
Turkeshi2024_arXiv,random_circuit_TF,quantum,theta_tilt_angle,0.6,time_steps,109.0,entanglement_asymmetry_dS2,0.6529400000000001
Turkeshi2024_arXiv,random_circuit_TF,quantum,theta_tilt_angle,0.6,time_steps,110.0,entanglement_asymmetry_dS2,0.6473800000000001
Turkeshi2024_arXiv,random_circuit_TF,quantum,theta_tilt_angle,0.6,time_steps,111.0,entanglement_asymmetry_dS2,0.6418599999999999
Turkeshi2024_arXiv,random_circuit_TF,quantum,theta_tilt_angle,0.6,time_steps,112.0,entanglement_asymmetry_dS2,0.6363700000000001
Turkeshi2024_arXiv,random_circuit_TF,quantum,theta_tilt_angle,0.6,time_steps,113.0,entanglement_asymmetry_dS2,0.6309100000000001
Turkeshi2024_arXiv,random_circuit_TF,quantum,theta_tilt_angle,0.6,time_steps,114.0,entanglement_asymmetry_dS2,0.6254899999999999
Turkeshi2024_arXiv,random_circuit_TF,quantum,theta_tilt_angle,0.6,time_steps,115.0,entanglement_asymmetry_dS2,0.6201099999999999
Turkeshi2024_arXiv,random_circuit_TF,quantum,theta_tilt_angle,0.6,time_steps,116.0,entanglement_asymmetry_dS2,0.6147599999999998
Turkeshi2024_arXiv,random_circuit_TF,quantum,theta_tilt_angle,0.6,time_steps,117.0,entanglement_asymmetry_dS2,0.6094499999999998
Turkeshi2024_arXiv,random_circuit_TF,quantum,theta_tilt_angle,0.6,time_steps,118.0,entanglement_asymmetry_dS2,0.6041800000000002
Turkeshi2024_arXiv,random_circuit_TF,quantum,theta_tilt_angle,0.6,time_steps,119.0,entanglement_asymmetry_dS2,0.5989300000000002
Turkeshi2024_arXiv,random_circuit_TF,quantum,theta_tilt_angle,0.6,time_steps,120.0,entanglement_asymmetry_dS2,0.5938000000000001
Turkeshi2024_arXiv,random_circuit_TF,quantum,theta_tilt_angle,0.6,time_steps,121.0,entanglement_asymmetry_dS2,0.5886199999999997
Turkeshi2024_arXiv,random_circuit_TF,quantum,theta_tilt_angle,0.6,time_steps,122.0,entanglement_asymmetry_dS2,0.5834900000000003
Turkeshi2024_arXiv,random_circuit_TF,quantum,theta_tilt_angle,0.6,time_steps,123.0,entanglement_asymmetry_dS2,0.5783800000000001
Turkeshi2024_arXiv,random_circuit_TF,quantum,theta_tilt_angle,0.6,time_steps,124.0,entanglement_asymmetry_dS2,0.5733200000000003
Turkeshi2024_arXiv,random_circuit_TF,quantum,theta_tilt_angle,0.6,time_steps,125.0,entanglement_asymmetry_dS2,0.5682900000000002
Turkeshi2024_arXiv,random_circuit_TF,quantum,theta_tilt_angle,0.6,time_steps,126.0,entanglement_asymmetry_dS2,0.5632999999999999
Turkeshi2024_arXiv,random_circuit_TF,quantum,theta_tilt_angle,0.6,time_steps,127.0,entanglement_asymmetry_dS2,0.5583300000000002
Turkeshi2024_arXiv,random_circuit_TF,quantum,theta_tilt_angle,0.6,time_steps,128.0,entanglement_asymmetry_dS2,0.55342
Turkeshi2024_arXiv,random_circuit_TF,quantum,theta_tilt_angle,0.6,time_steps,129.0,entanglement_asymmetry_dS2,0.5485199999999999
Turkeshi2024_arXiv,random_circuit_TF,quantum,theta_tilt_angle,0.6,time_steps,130.0,entanglement_asymmetry_dS2,0.5436799999999997
Turkeshi2024_arXiv,random_circuit_TF,quantum,theta_tilt_angle,0.6,time_steps,131.0,entanglement_asymmetry_dS2,0.5388699999999997
Turkeshi2024_arXiv,random_circuit_TF,quantum,theta_tilt_angle,0.6,time_steps,132.0,entanglement_asymmetry_dS2,0.53409
Turkeshi2024_arXiv,random_circuit_TF,quantum,theta_tilt_angle,0.6,time_steps,133.0,entanglement_asymmetry_dS2,0.5293400000000004
Turkeshi2024_arXiv,random_circuit_TF,quantum,theta_tilt_angle,0.6,time_steps,134.0,entanglement_asymmetry_dS2,0.5246299999999997
Turkeshi2024_arXiv,random_circuit_TF,quantum,theta_tilt_angle,0.6,time_steps,135.0,entanglement_asymmetry_dS2,0.5199500000000001
Turkeshi2024_arXiv,random_circuit_TF,quantum,theta_tilt_angle,0.6,time_steps,136.0,entanglement_asymmetry_dS2,0.5153099999999999
Turkeshi2024_arXiv,random_circuit_TF,quantum,theta_tilt_angle,0.6,time_steps,137.0,entanglement_asymmetry_dS2,0.51071
Turkeshi2024_arXiv,random_circuit_TF,quantum,theta_tilt_angle,0.6,time_steps,138.0,entanglement_asymmetry_dS2,0.5061399999999998
Turkeshi2024_arXiv,random_circuit_TF,quantum,theta_tilt_angle,0.6,time_steps,139.0,entanglement_asymmetry_dS2,0.5016099999999999
Turkeshi2024_arXiv,random_circuit_TF,quantum,theta_tilt_angle,0.6,time_steps,140.0,entanglement_asymmetry_dS2,0.4971099999999997
Turkeshi2024_arXiv,random_circuit_TF,quantum,theta_tilt_angle,0.6,time_steps,141.0,entanglement_asymmetry_dS2,0.49263999999999974
Turkeshi2024_arXiv,random_circuit_TF,quantum,theta_tilt_angle,0.6,time_steps,142.0,entanglement_asymmetry_dS2,0.48823000000000016
Turkeshi2024_arXiv,random_circuit_TF,quantum,theta_tilt_angle,0.6,time_steps,143.0,entanglement_asymmetry_dS2,0.4838399999999998
Turkeshi2024_arXiv,random_circuit_TF,quantum,theta_tilt_angle,0.6,time_steps,144.0,entanglement_asymmetry_dS2,0.4794900000000002
Turkeshi2024_arXiv,random_circuit_TF,quantum,theta_tilt_angle,0.6,time_steps,145.0,entanglement_asymmetry_dS2,0.47517999999999994
Turkeshi2024_arXiv,random_circuit_TF,quantum,theta_tilt_angle,0.6,time_steps,146.0,entanglement_asymmetry_dS2,0.4709100000000004
Turkeshi2024_arXiv,random_circuit_TF,quantum,theta_tilt_angle,0.6,time_steps,147.0,entanglement_asymmetry_dS2,0.4666600000000001
Turkeshi2024_arXiv,random_circuit_TF,quantum,theta_tilt_angle,0.6,time_steps,148.0,entanglement_asymmetry_dS2,0.46243999999999996
Turkeshi2024_arXiv,random_circuit_TF,quantum,theta_tilt_angle,0.6,time_steps,149.0,entanglement_asymmetry_dS2,0.4582600000000001
Turkeshi2024_arXiv,random_circuit_TF,quantum,theta_tilt_angle,0.6,time_steps,150.0,entanglement_asymmetry_dS2,0.4541200000000001
Turkeshi2024_arXiv,random_circuit_TF,quantum,theta_tilt_angle,0.6,time_steps,151.0,entanglement_asymmetry_dS2,0.45001999999999986
Turkeshi2024_arXiv,random_circuit_TF,quantum,theta_tilt_angle,0.6,time_steps,152.0,entanglement_asymmetry_dS2,0.4459500000000003
Turkeshi2024_arXiv,random_circuit_TF,quantum,theta_tilt_angle,0.6,time_steps,153.0,entanglement_asymmetry_dS2,0.44191
Turkeshi2024_arXiv,random_circuit_TF,quantum,theta_tilt_angle,0.6,time_steps,154.0,entanglement_asymmetry_dS2,0.43791
Turkeshi2024_arXiv,random_circuit_TF,quantum,theta_tilt_angle,0.6,time_steps,155.0,entanglement_asymmetry_dS2,0.4339500000000003
Turkeshi2024_arXiv,random_circuit_TF,quantum,theta_tilt_angle,0.6,time_steps,156.0,entanglement_asymmetry_dS2,0.43001999999999985
Turkeshi2024_arXiv,random_circuit_TF,quantum,theta_tilt_angle,0.6,time_steps,157.0,entanglement_asymmetry_dS2,0.4261400000000002
Turkeshi2024_arXiv,random_circuit_TF,quantum,theta_tilt_angle,0.6,time_steps,158.0,entanglement_asymmetry_dS2,0.4222699999999997
Turkeshi2024_arXiv,random_circuit_TF,quantum,theta_tilt_angle,0.6,time_steps,159.0,entanglement_asymmetry_dS2,0.4184399999999999
Turkeshi2024_arXiv,random_circuit_TF,quantum,theta_tilt_angle,0.6,time_steps,160.0,entanglement_asymmetry_dS2,0.4146399999999999
Turkeshi2024_arXiv,random_circuit_TF,quantum,theta_tilt_angle,0.6,time_steps,161.0,entanglement_asymmetry_dS2,0.41088000000000013
Turkeshi2024_arXiv,random_circuit_TF,quantum,theta_tilt_angle,0.6,time_steps,162.0,entanglement_asymmetry_dS2,0.40713
Turkeshi2024_arXiv,random_circuit_TF,quantum,theta_tilt_angle,0.6,time_steps,163.0,entanglement_asymmetry_dS2,0.4034300000000002
Turkeshi2024_arXiv,random_circuit_TF,quantum,theta_tilt_angle,0.6,time_steps,164.0,entanglement_asymmetry_dS2,0.39975000000000005
Turkeshi2024_arXiv,random_circuit_TF,quantum,theta_tilt_angle,0.6,time_steps,165.0,entanglement_asymmetry_dS2,0.3961199999999998
Turkeshi2024_arXiv,random_circuit_TF,quantum,theta_tilt_angle,0.6,time_steps,166.0,entanglement_asymmetry_dS2,0.39249
Turkeshi2024_arXiv,random_circuit_TF,quantum,theta_tilt_angle,0.6,time_steps,167.0,entanglement_asymmetry_dS2,0.3889100000000001
Turkeshi2024_arXiv,random_circuit_TF,quantum,theta_tilt_angle,0.6,time_steps,168.0,entanglement_asymmetry_dS2,0.3853599999999999
Turkeshi2024_arXiv,random_circuit_TF,quantum,theta_tilt_angle,0.6,time_steps,169.0,entanglement_asymmetry_dS2,0.3818600000000001
Turkeshi2024_arXiv,random_circuit_TF,quantum,theta_tilt_angle,0.6,time_steps,170.0,entanglement_asymmetry_dS2,0.3783700000000003
Turkeshi2024_arXiv,random_circuit_TF,quantum,theta_tilt_angle,0.6,time_steps,171.0,entanglement_asymmetry_dS2,0.3749199999999999
Turkeshi2024_arXiv,random_circuit_TF,quantum,theta_tilt_angle,0.6,time_steps,172.0,entanglement_asymmetry_dS2,0.37151000000000023
Turkeshi2024_arXiv,random_circuit_TF,quantum,theta_tilt_angle,0.6,time_steps,173.0,entanglement_asymmetry_dS2,0.3681200000000002
Turkeshi2024_arXiv,random_circuit_TF,quantum,theta_tilt_angle,0.6,time_steps,174.0,entanglement_asymmetry_dS2,0.3648500000000001
Turkeshi2024_arXiv,random_circuit_TF,quantum,theta_tilt_angle,0.6,time_steps,175.0,entanglement_asymmetry_dS2,0.36153999999999975
Turkeshi2024_arXiv,random_circuit_TF,quantum,theta_tilt_angle,0.6,time_steps,176.0,entanglement_asymmetry_dS2,0.35824999999999996
Turkeshi2024_arXiv,random_circuit_TF,quantum,theta_tilt_angle,0.6,time_steps,177.0,entanglement_asymmetry_dS2,0.35497999999999985
Turkeshi2024_arXiv,random_circuit_TF,quantum,theta_tilt_angle,0.6,time_steps,178.0,entanglement_asymmetry_dS2,0.35173999999999994
Turkeshi2024_arXiv,random_circuit_TF,quantum,theta_tilt_angle,0.6,time_steps,179.0,entanglement_asymmetry_dS2,0.3485299999999998
Turkeshi2024_arXiv,random_circuit_TF,quantum,theta_tilt_angle,0.6,time_steps,180.0,entanglement_asymmetry_dS2,0.34535000000000027
Turkeshi2024_arXiv,random_circuit_TF,quantum,theta_tilt_angle,0.6,time_steps,181.0,entanglement_asymmetry_dS2,0.34220000000000006
Turkeshi2024_arXiv,random_circuit_TF,quantum,theta_tilt_angle,0.6,time_steps,182.0,entanglement_asymmetry_dS2,0.33908000000000005
Turkeshi2024_arXiv,random_circuit_TF,quantum,theta_tilt_angle,0.6,time_steps,183.0,entanglement_asymmetry_dS2,0.3359899999999998
Turkeshi2024_arXiv,random_circuit_TF,quantum,theta_tilt_angle,0.6,time_steps,184.0,entanglement_asymmetry_dS2,0.3329200000000001
Turkeshi2024_arXiv,random_circuit_TF,quantum,theta_tilt_angle,0.6,time_steps,185.0,entanglement_asymmetry_dS2,0.32987999999999973
Turkeshi2024_arXiv,random_circuit_TF,quantum,theta_tilt_angle,0.6,time_steps,186.0,entanglement_asymmetry_dS2,0.32687
Turkeshi2024_arXiv,random_circuit_TF,quantum,theta_tilt_angle,0.6,time_steps,187.0,entanglement_asymmetry_dS2,0.32387999999999995
Turkeshi2024_arXiv,random_circuit_TF,quantum,theta_tilt_angle,0.6,time_steps,188.0,entanglement_asymmetry_dS2,0.3209500000000003
Turkeshi2024_arXiv,random_circuit_TF,quantum,theta_tilt_angle,0.6,time_steps,189.0,entanglement_asymmetry_dS2,0.3180100000000001
Turkeshi2024_arXiv,random_circuit_TF,quantum,theta_tilt_angle,0.6,time_steps,190.0,entanglement_asymmetry_dS2,0.31511999999999984
Turkeshi2024_arXiv,random_circuit_TF,quantum,theta_tilt_angle,0.6,time_steps,191.0,entanglement_asymmetry_dS2,0.31225999999999976
Turkeshi2024_arXiv,random_circuit_TF,quantum,theta_tilt_angle,0.6,time_steps,192.0,entanglement_asymmetry_dS2,0.30945
Turkeshi2024_arXiv,random_circuit_TF,quantum,theta_tilt_angle,0.6,time_steps,193.0,entanglement_asymmetry_dS2,0.3066600000000004
Turkeshi2024_arXiv,random_circuit_TF,quantum,theta_tilt_angle,0.6,time_steps,194.0,entanglement_asymmetry_dS2,0.30387999999999993
Turkeshi2024_arXiv,random_circuit_TF,quantum,theta_tilt_angle,0.6,time_steps,195.0,entanglement_asymmetry_dS2,0.3011300000000001
Turkeshi2024_arXiv,random_circuit_TF,quantum,theta_tilt_angle,0.6,time_steps,196.0,entanglement_asymmetry_dS2,0.2984
Turkeshi2024_arXiv,random_circuit_TF,quantum,theta_tilt_angle,0.6,time_steps,197.0,entanglement_asymmetry_dS2,0.29567999999999994
Turkeshi2024_arXiv,random_circuit_TF,quantum,theta_tilt_angle,0.6,time_steps,198.0,entanglement_asymmetry_dS2,0.29300999999999977
Turkeshi2024_arXiv,random_circuit_TF,quantum,theta_tilt_angle,0.6,time_steps,199.0,entanglement_asymmetry_dS2,0.29034000000000004
Turkeshi2024_arXiv,random_circuit_TF,quantum,theta_tilt_angle,0.6,time_steps,200.0,entanglement_asymmetry_dS2,0.28770000000000007
Turkeshi2024_arXiv,random_circuit_TF,quantum,theta_tilt_angle,0.6,time_steps,201.0,entanglement_asymmetry_dS2,0.2850999999999999
Turkeshi2024_arXiv,random_circuit_TF,quantum,theta_tilt_angle,0.6,time_steps,202.0,entanglement_asymmetry_dS2,0.2825000000000002
Turkeshi2024_arXiv,random_circuit_TF,quantum,theta_tilt_angle,0.6,time_steps,203.0,entanglement_asymmetry_dS2,0.27993999999999986
Turkeshi2024_arXiv,random_circuit_TF,quantum,theta_tilt_angle,0.6,time_steps,204.0,entanglement_asymmetry_dS2,0.27739
Turkeshi2024_arXiv,random_circuit_TF,quantum,theta_tilt_angle,0.6,time_steps,205.0,entanglement_asymmetry_dS2,0.27488
Turkeshi2024_arXiv,random_circuit_TF,quantum,theta_tilt_angle,0.6,time_steps,206.0,entanglement_asymmetry_dS2,0.27238000000000007
Turkeshi2024_arXiv,random_circuit_TF,quantum,theta_tilt_angle,0.6,time_steps,207.0,entanglement_asymmetry_dS2,0.2698999999999998
Turkeshi2024_arXiv,random_circuit_TF,quantum,theta_tilt_angle,0.6,time_steps,208.0,entanglement_asymmetry_dS2,0.26744999999999974
Turkeshi2024_arXiv,random_circuit_TF,quantum,theta_tilt_angle,0.6,time_steps,209.0,entanglement_asymmetry_dS2,0.2650299999999999
Turkeshi2024_arXiv,random_circuit_TF,quantum,theta_tilt_angle,0.6,time_steps,210.0,entanglement_asymmetry_dS2,0.2626200000000001
Turkeshi2024_arXiv,random_circuit_TF,quantum,theta_tilt_angle,0.6,time_steps,211.0,entanglement_asymmetry_dS2,0.26029000000000035
Turkeshi2024_arXiv,random_circuit_TF,quantum,theta_tilt_angle,0.6,time_steps,212.0,entanglement_asymmetry_dS2,0.25794000000000006
Turkeshi2024_arXiv,random_circuit_TF,quantum,theta_tilt_angle,0.6,time_steps,213.0,entanglement_asymmetry_dS2,0.2555999999999998
Turkeshi2024_arXiv,random_circuit_TF,quantum,theta_tilt_angle,0.6,time_steps,214.0,entanglement_asymmetry_dS2,0.25329999999999986
Turkeshi2024_arXiv,random_circuit_TF,quantum,theta_tilt_angle,0.6,time_steps,215.0,entanglement_asymmetry_dS2,0.25100999999999996
Turkeshi2024_arXiv,random_circuit_TF,quantum,theta_tilt_angle,0.6,time_steps,216.0,entanglement_asymmetry_dS2,0.24874000000000018
Turkeshi2024_arXiv,random_circuit_TF,quantum,theta_tilt_angle,0.6,time_steps,217.0,entanglement_asymmetry_dS2,0.24648000000000003
Turkeshi2024_arXiv,random_circuit_TF,quantum,theta_tilt_angle,0.6,time_steps,218.0,entanglement_asymmetry_dS2,0.2442599999999997
Turkeshi2024_arXiv,random_circuit_TF,quantum,theta_tilt_angle,0.6,time_steps,219.0,entanglement_asymmetry_dS2,0.24205000000000032
Turkeshi2024_arXiv,random_circuit_TF,quantum,theta_tilt_angle,0.6,time_steps,220.0,entanglement_asymmetry_dS2,0.23987999999999987
Turkeshi2024_arXiv,random_circuit_TF,quantum,theta_tilt_angle,0.6,time_steps,221.0,entanglement_asymmetry_dS2,0.2376999999999998
Turkeshi2024_arXiv,random_circuit_TF,quantum,theta_tilt_angle,0.6,time_steps,222.0,entanglement_asymmetry_dS2,0.23560999999999988
Turkeshi2024_arXiv,random_circuit_TF,quantum,theta_tilt_angle,0.6,time_steps,223.0,entanglement_asymmetry_dS2,0.23350000000000026
Turkeshi2024_arXiv,random_circuit_TF,quantum,theta_tilt_angle,0.6,time_steps,224.0,entanglement_asymmetry_dS2,0.23141999999999996
Turkeshi2024_arXiv,random_circuit_TF,quantum,theta_tilt_angle,0.6,time_steps,225.0,entanglement_asymmetry_dS2,0.22936999999999985
Turkeshi2024_arXiv,random_circuit_TF,quantum,theta_tilt_angle,0.6,time_steps,226.0,entanglement_asymmetry_dS2,0.22734000000000032
Turkeshi2024_arXiv,random_circuit_TF,quantum,theta_tilt_angle,0.6,time_steps,227.0,entanglement_asymmetry_dS2,0.2253099999999999
Turkeshi2024_arXiv,random_circuit_TF,quantum,theta_tilt_angle,0.6,time_steps,228.0,entanglement_asymmetry_dS2,0.22332000000000019
Turkeshi2024_arXiv,random_circuit_TF,quantum,theta_tilt_angle,0.6,time_steps,229.0,entanglement_asymmetry_dS2,0.2213400000000001
Turkeshi2024_arXiv,random_circuit_TF,quantum,theta_tilt_angle,0.6,time_steps,230.0,entanglement_asymmetry_dS2,0.21938999999999975
Turkeshi2024_arXiv,random_circuit_TF,quantum,theta_tilt_angle,0.6,time_steps,231.0,entanglement_asymmetry_dS2,0.21744999999999992
Turkeshi2024_arXiv,random_circuit_TF,quantum,theta_tilt_angle,0.6,time_steps,232.0,entanglement_asymmetry_dS2,0.2155199999999997
Turkeshi2024_arXiv,random_circuit_TF,quantum,theta_tilt_angle,0.6,time_steps,233.0,entanglement_asymmetry_dS2,0.2136
Turkeshi2024_arXiv,random_circuit_TF,quantum,theta_tilt_angle,0.6,time_steps,234.0,entanglement_asymmetry_dS2,0.21171000000000006
Turkeshi2024_arXiv,random_circuit_TF,quantum,theta_tilt_angle,0.6,time_steps,235.0,entanglement_asymmetry_dS2,0.20981999999999967
Turkeshi2024_arXiv,random_circuit_TF,quantum,theta_tilt_angle,0.6,time_steps,236.0,entanglement_asymmetry_dS2,0.20795999999999992
Turkeshi2024_arXiv,random_circuit_TF,quantum,theta_tilt_angle,0.6,time_steps,237.0,entanglement_asymmetry_dS2,0.2061099999999998
Turkeshi2024_arXiv,random_circuit_TF,quantum,theta_tilt_angle,0.6,time_steps,238.0,entanglement_asymmetry_dS2,0.2042900000000003
Turkeshi2024_arXiv,random_circuit_TF,quantum,theta_tilt_angle,0.6,time_steps,239.0,entanglement_asymmetry_dS2,0.20249000000000006
Turkeshi2024_arXiv,random_circuit_TF,quantum,theta_tilt_angle,0.6,time_steps,240.0,entanglement_asymmetry_dS2,0.20070999999999994
Turkeshi2024_arXiv,random_circuit_TF,quantum,theta_tilt_angle,0.6,time_steps,241.0,entanglement_asymmetry_dS2,0.1989399999999999
Turkeshi2024_arXiv,random_circuit_TF,quantum,theta_tilt_angle,0.6,time_steps,242.0,entanglement_asymmetry_dS2,0.19718999999999998
Turkeshi2024_arXiv,random_circuit_TF,quantum,theta_tilt_angle,0.6,time_steps,243.0,entanglement_asymmetry_dS2,0.19553999999999983
Turkeshi2024_arXiv,random_circuit_TF,quantum,theta_tilt_angle,0.6,time_steps,244.0,entanglement_asymmetry_dS2,0.19384000000000023
Turkeshi2024_arXiv,random_circuit_TF,quantum,theta_tilt_angle,0.6,time_steps,245.0,entanglement_asymmetry_dS2,0.19213999999999976
Turkeshi2024_arXiv,random_circuit_TF,quantum,theta_tilt_angle,0.6,time_steps,246.0,entanglement_asymmetry_dS2,0.1904600000000003
Turkeshi2024_arXiv,random_circuit_TF,quantum,theta_tilt_angle,0.6,time_steps,247.0,entanglement_asymmetry_dS2,0.18880000000000008
Turkeshi2024_arXiv,random_circuit_TF,quantum,theta_tilt_angle,0.6,time_steps,248.0,entanglement_asymmetry_dS2,0.1871400000000003
Turkeshi2024_arXiv,random_circuit_TF,quantum,theta_tilt_angle,0.6,time_steps,249.0,entanglement_asymmetry_dS2,0.18549999999999978
Turkeshi2024_arXiv,random_circuit_TF,quantum,theta_tilt_angle,0.6,time_steps,250.0,entanglement_asymmetry_dS2,0.18386999999999976
Turkeshi2024_arXiv,random_circuit_TF,quantum,theta_tilt_angle,0.6,time_steps,251.0,entanglement_asymmetry_dS2,0.1822499999999998
Turkeshi2024_arXiv,random_circuit_TF,quantum,theta_tilt_angle,0.6,time_steps,252.0,entanglement_asymmetry_dS2,0.18066000000000004
Turkeshi2024_arXiv,random_circuit_TF,quantum,theta_tilt_angle,0.6,time_steps,253.0,entanglement_asymmetry_dS2,0.17912000000000017
Turkeshi2024_arXiv,random_circuit_TF,quantum,theta_tilt_angle,0.6,time_steps,254.0,entanglement_asymmetry_dS2,0.17757000000000023
Turkeshi2024_arXiv,random_circuit_TF,quantum,theta_tilt_angle,0.6,time_steps,255.0,entanglement_asymmetry_dS2,0.17601999999999984
Turkeshi2024_arXiv,random_circuit_TF,quantum,theta_tilt_angle,0.8,time_steps,1.0,entanglement_asymmetry_dS2,1.61787
Turkeshi2024_arXiv,random_circuit_TF,quantum,theta_tilt_angle,0.8,time_steps,2.0,entanglement_asymmetry_dS2,1.6107152999999998
Turkeshi2024_arXiv,random_circuit_TF,quantum,theta_tilt_angle,0.8,time_steps,3.0,entanglement_asymmetry_dS2,1.60039
Turkeshi2024_arXiv,random_circuit_TF,quantum,theta_tilt_angle,0.8,time_steps,4.0,entanglement_asymmetry_dS2,1.591459
Turkeshi2024_arXiv,random_circuit_TF,quantum,theta_tilt_angle,0.8,time_steps,5.0,entanglement_asymmetry_dS2,1.583307
Turkeshi2024_arXiv,random_circuit_TF,quantum,theta_tilt_angle,0.8,time_steps,6.0,entanglement_asymmetry_dS2,1.5756839999999999
Turkeshi2024_arXiv,random_circuit_TF,quantum,theta_tilt_angle,0.8,time_steps,7.0,entanglement_asymmetry_dS2,1.5684280000000002
Turkeshi2024_arXiv,random_circuit_TF,quantum,theta_tilt_angle,0.8,time_steps,8.0,entanglement_asymmetry_dS2,1.5614620000000001
Turkeshi2024_arXiv,random_circuit_TF,quantum,theta_tilt_angle,0.8,time_steps,9.0,entanglement_asymmetry_dS2,1.554704
Turkeshi2024_arXiv,random_circuit_TF,quantum,theta_tilt_angle,0.8,time_steps,10.0,entanglement_asymmetry_dS2,1.548105
Turkeshi2024_arXiv,random_circuit_TF,quantum,theta_tilt_angle,0.8,time_steps,11.0,entanglement_asymmetry_dS2,1.5416320000000001
Turkeshi2024_arXiv,random_circuit_TF,quantum,theta_tilt_angle,0.8,time_steps,12.0,entanglement_asymmetry_dS2,1.5352370000000002
Turkeshi2024_arXiv,random_circuit_TF,quantum,theta_tilt_angle,0.8,time_steps,13.0,entanglement_asymmetry_dS2,1.528895
Turkeshi2024_arXiv,random_circuit_TF,quantum,theta_tilt_angle,0.8,time_steps,14.0,entanglement_asymmetry_dS2,1.5225879999999998
Turkeshi2024_arXiv,random_circuit_TF,quantum,theta_tilt_angle,0.8,time_steps,15.0,entanglement_asymmetry_dS2,1.516287
Turkeshi2024_arXiv,random_circuit_TF,quantum,theta_tilt_angle,0.8,time_steps,16.0,entanglement_asymmetry_dS2,1.5099800000000003
Turkeshi2024_arXiv,random_circuit_TF,quantum,theta_tilt_angle,0.8,time_steps,17.0,entanglement_asymmetry_dS2,1.50366
Turkeshi2024_arXiv,random_circuit_TF,quantum,theta_tilt_angle,0.8,time_steps,18.0,entanglement_asymmetry_dS2,1.49729
Turkeshi2024_arXiv,random_circuit_TF,quantum,theta_tilt_angle,0.8,time_steps,19.0,entanglement_asymmetry_dS2,1.4908800000000002
Turkeshi2024_arXiv,random_circuit_TF,quantum,theta_tilt_angle,0.8,time_steps,20.0,entanglement_asymmetry_dS2,1.4844100000000002
Turkeshi2024_arXiv,random_circuit_TF,quantum,theta_tilt_angle,0.8,time_steps,21.0,entanglement_asymmetry_dS2,1.47787
Turkeshi2024_arXiv,random_circuit_TF,quantum,theta_tilt_angle,0.8,time_steps,22.0,entanglement_asymmetry_dS2,1.4712399999999999
Turkeshi2024_arXiv,random_circuit_TF,quantum,theta_tilt_angle,0.8,time_steps,23.0,entanglement_asymmetry_dS2,1.4645400000000002
Turkeshi2024_arXiv,random_circuit_TF,quantum,theta_tilt_angle,0.8,time_steps,24.0,entanglement_asymmetry_dS2,1.45776
Turkeshi2024_arXiv,random_circuit_TF,quantum,theta_tilt_angle,0.8,time_steps,25.0,entanglement_asymmetry_dS2,1.45087
Turkeshi2024_arXiv,random_circuit_TF,quantum,theta_tilt_angle,0.8,time_steps,26.0,entanglement_asymmetry_dS2,1.4438699999999998
Turkeshi2024_arXiv,random_circuit_TF,quantum,theta_tilt_angle,0.8,time_steps,27.0,entanglement_asymmetry_dS2,1.43678
Turkeshi2024_arXiv,random_circuit_TF,quantum,theta_tilt_angle,0.8,time_steps,28.0,entanglement_asymmetry_dS2,1.4295699999999998
Turkeshi2024_arXiv,random_circuit_TF,quantum,theta_tilt_angle,0.8,time_steps,29.0,entanglement_asymmetry_dS2,1.42226
Turkeshi2024_arXiv,random_circuit_TF,quantum,theta_tilt_angle,0.8,time_steps,30.0,entanglement_asymmetry_dS2,1.41482
Turkeshi2024_arXiv,random_circuit_TF,quantum,theta_tilt_angle,0.8,time_steps,31.0,entanglement_asymmetry_dS2,1.4072600000000002
Turkeshi2024_arXiv,random_circuit_TF,quantum,theta_tilt_angle,0.8,time_steps,32.0,entanglement_asymmetry_dS2,1.39959
Turkeshi2024_arXiv,random_circuit_TF,quantum,theta_tilt_angle,0.8,time_steps,33.0,entanglement_asymmetry_dS2,1.39179
Turkeshi2024_arXiv,random_circuit_TF,quantum,theta_tilt_angle,0.8,time_steps,34.0,entanglement_asymmetry_dS2,1.3838700000000002
Turkeshi2024_arXiv,random_circuit_TF,quantum,theta_tilt_angle,0.8,time_steps,35.0,entanglement_asymmetry_dS2,1.3758100000000002
Turkeshi2024_arXiv,random_circuit_TF,quantum,theta_tilt_angle,0.8,time_steps,36.0,entanglement_asymmetry_dS2,1.36764
Turkeshi2024_arXiv,random_circuit_TF,quantum,theta_tilt_angle,0.8,time_steps,37.0,entanglement_asymmetry_dS2,1.35933
Turkeshi2024_arXiv,random_circuit_TF,quantum,theta_tilt_angle,0.8,time_steps,38.0,entanglement_asymmetry_dS2,1.3508899999999997
Turkeshi2024_arXiv,random_circuit_TF,quantum,theta_tilt_angle,0.8,time_steps,39.0,entanglement_asymmetry_dS2,1.34234
Turkeshi2024_arXiv,random_circuit_TF,quantum,theta_tilt_angle,0.8,time_steps,40.0,entanglement_asymmetry_dS2,1.33364
Turkeshi2024_arXiv,random_circuit_TF,quantum,theta_tilt_angle,0.8,time_steps,41.0,entanglement_asymmetry_dS2,1.3248199999999999
Turkeshi2024_arXiv,random_circuit_TF,quantum,theta_tilt_angle,0.8,time_steps,42.0,entanglement_asymmetry_dS2,1.31588
Turkeshi2024_arXiv,random_circuit_TF,quantum,theta_tilt_angle,0.8,time_steps,43.0,entanglement_asymmetry_dS2,1.3068000000000004
Turkeshi2024_arXiv,random_circuit_TF,quantum,theta_tilt_angle,0.8,time_steps,44.0,entanglement_asymmetry_dS2,1.2976
Turkeshi2024_arXiv,random_circuit_TF,quantum,theta_tilt_angle,0.8,time_steps,45.0,entanglement_asymmetry_dS2,1.2882799999999999
Turkeshi2024_arXiv,random_circuit_TF,quantum,theta_tilt_angle,0.8,time_steps,46.0,entanglement_asymmetry_dS2,1.2788299999999997
Turkeshi2024_arXiv,random_circuit_TF,quantum,theta_tilt_angle,0.8,time_steps,47.0,entanglement_asymmetry_dS2,1.26926
Turkeshi2024_arXiv,random_circuit_TF,quantum,theta_tilt_angle,0.8,time_steps,48.0,entanglement_asymmetry_dS2,1.25957
Turkeshi2024_arXiv,random_circuit_TF,quantum,theta_tilt_angle,0.8,time_steps,49.0,entanglement_asymmetry_dS2,1.2497700000000003
Turkeshi2024_arXiv,random_circuit_TF,quantum,theta_tilt_angle,0.8,time_steps,50.0,entanglement_asymmetry_dS2,1.2398500000000001
Turkeshi2024_arXiv,random_circuit_TF,quantum,theta_tilt_angle,0.8,time_steps,51.0,entanglement_asymmetry_dS2,1.22981
Turkeshi2024_arXiv,random_circuit_TF,quantum,theta_tilt_angle,0.8,time_steps,52.0,entanglement_asymmetry_dS2,1.2196699999999998
Turkeshi2024_arXiv,random_circuit_TF,quantum,theta_tilt_angle,0.8,time_steps,53.0,entanglement_asymmetry_dS2,1.2094200000000002
Turkeshi2024_arXiv,random_circuit_TF,quantum,theta_tilt_angle,0.8,time_steps,54.0,entanglement_asymmetry_dS2,1.1990699999999999
Turkeshi2024_arXiv,random_circuit_TF,quantum,theta_tilt_angle,0.8,time_steps,55.0,entanglement_asymmetry_dS2,1.1886200000000002
Turkeshi2024_arXiv,random_circuit_TF,quantum,theta_tilt_angle,0.8,time_steps,56.0,entanglement_asymmetry_dS2,1.17807
Turkeshi2024_arXiv,random_circuit_TF,quantum,theta_tilt_angle,0.8,time_steps,57.0,entanglement_asymmetry_dS2,1.16744
Turkeshi2024_arXiv,random_circuit_TF,quantum,theta_tilt_angle,0.8,time_steps,58.0,entanglement_asymmetry_dS2,1.15671
Turkeshi2024_arXiv,random_circuit_TF,quantum,theta_tilt_angle,0.8,time_steps,59.0,entanglement_asymmetry_dS2,1.1459099999999998
Turkeshi2024_arXiv,random_circuit_TF,quantum,theta_tilt_angle,0.8,time_steps,60.0,entanglement_asymmetry_dS2,1.1350200000000004
Turkeshi2024_arXiv,random_circuit_TF,quantum,theta_tilt_angle,0.8,time_steps,61.0,entanglement_asymmetry_dS2,1.12405
Turkeshi2024_arXiv,random_circuit_TF,quantum,theta_tilt_angle,0.8,time_steps,62.0,entanglement_asymmetry_dS2,1.1130100000000005
Turkeshi2024_arXiv,random_circuit_TF,quantum,theta_tilt_angle,0.8,time_steps,63.0,entanglement_asymmetry_dS2,1.1019
Turkeshi2024_arXiv,random_circuit_TF,quantum,theta_tilt_angle,0.8,time_steps,64.0,entanglement_asymmetry_dS2,1.0907300000000002
Turkeshi2024_arXiv,random_circuit_TF,quantum,theta_tilt_angle,0.8,time_steps,65.0,entanglement_asymmetry_dS2,1.0794999999999995
Turkeshi2024_arXiv,random_circuit_TF,quantum,theta_tilt_angle,0.8,time_steps,66.0,entanglement_asymmetry_dS2,1.0682100000000005
Turkeshi2024_arXiv,random_circuit_TF,quantum,theta_tilt_angle,0.8,time_steps,67.0,entanglement_asymmetry_dS2,1.05688
Turkeshi2024_arXiv,random_circuit_TF,quantum,theta_tilt_angle,0.8,time_steps,68.0,entanglement_asymmetry_dS2,1.0455100000000006
Turkeshi2024_arXiv,random_circuit_TF,quantum,theta_tilt_angle,0.8,time_steps,69.0,entanglement_asymmetry_dS2,1.03409
Turkeshi2024_arXiv,random_circuit_TF,quantum,theta_tilt_angle,0.8,time_steps,70.0,entanglement_asymmetry_dS2,1.02265
Turkeshi2024_arXiv,random_circuit_TF,quantum,theta_tilt_angle,0.8,time_steps,71.0,entanglement_asymmetry_dS2,1.0111599999999998
Turkeshi2024_arXiv,random_circuit_TF,quantum,theta_tilt_angle,0.8,time_steps,72.0,entanglement_asymmetry_dS2,0.9996399999999994
Turkeshi2024_arXiv,random_circuit_TF,quantum,theta_tilt_angle,0.8,time_steps,73.0,entanglement_asymmetry_dS2,0.9881100000000003
Turkeshi2024_arXiv,random_circuit_TF,quantum,theta_tilt_angle,0.8,time_steps,74.0,entanglement_asymmetry_dS2,0.9765400000000004
Turkeshi2024_arXiv,random_circuit_TF,quantum,theta_tilt_angle,0.8,time_steps,75.0,entanglement_asymmetry_dS2,0.9649499999999995
Turkeshi2024_arXiv,random_circuit_TF,quantum,theta_tilt_angle,0.8,time_steps,76.0,entanglement_asymmetry_dS2,0.9533699999999996
Turkeshi2024_arXiv,random_circuit_TF,quantum,theta_tilt_angle,0.8,time_steps,77.0,entanglement_asymmetry_dS2,0.9417799999999996
Turkeshi2024_arXiv,random_circuit_TF,quantum,theta_tilt_angle,0.8,time_steps,78.0,entanglement_asymmetry_dS2,0.9302099999999998
Turkeshi2024_arXiv,random_circuit_TF,quantum,theta_tilt_angle,0.8,time_steps,79.0,entanglement_asymmetry_dS2,0.91865
Turkeshi2024_arXiv,random_circuit_TF,quantum,theta_tilt_angle,0.8,time_steps,80.0,entanglement_asymmetry_dS2,0.9070900000000002
Turkeshi2024_arXiv,random_circuit_TF,quantum,theta_tilt_angle,0.8,time_steps,81.0,entanglement_asymmetry_dS2,0.8955399999999996
Turkeshi2024_arXiv,random_circuit_TF,quantum,theta_tilt_angle,0.8,time_steps,82.0,entanglement_asymmetry_dS2,0.88401
Turkeshi2024_arXiv,random_circuit_TF,quantum,theta_tilt_angle,0.8,time_steps,83.0,entanglement_asymmetry_dS2,0.8725100000000001
Turkeshi2024_arXiv,random_circuit_TF,quantum,theta_tilt_angle,0.8,time_steps,84.0,entanglement_asymmetry_dS2,0.8610099999999998
Turkeshi2024_arXiv,random_circuit_TF,quantum,theta_tilt_angle,0.8,time_steps,85.0,entanglement_asymmetry_dS2,0.8495599999999999
Turkeshi2024_arXiv,random_circuit_TF,quantum,theta_tilt_angle,0.8,time_steps,86.0,entanglement_asymmetry_dS2,0.8381699999999999
Turkeshi2024_arXiv,random_circuit_TF,quantum,theta_tilt_angle,0.8,time_steps,87.0,entanglement_asymmetry_dS2,0.82681
Turkeshi2024_arXiv,random_circuit_TF,quantum,theta_tilt_angle,0.8,time_steps,88.0,entanglement_asymmetry_dS2,0.8155000000000001
Turkeshi2024_arXiv,random_circuit_TF,quantum,theta_tilt_angle,0.8,time_steps,89.0,entanglement_asymmetry_dS2,0.8042099999999994
Turkeshi2024_arXiv,random_circuit_TF,quantum,theta_tilt_angle,0.8,time_steps,90.0,entanglement_asymmetry_dS2,0.7929800000000005
Turkeshi2024_arXiv,random_circuit_TF,quantum,theta_tilt_angle,0.8,time_steps,91.0,entanglement_asymmetry_dS2,0.7817999999999996
Turkeshi2024_arXiv,random_circuit_TF,quantum,theta_tilt_angle,0.8,time_steps,92.0,entanglement_asymmetry_dS2,0.7706800000000005
Turkeshi2024_arXiv,random_circuit_TF,quantum,theta_tilt_angle,0.8,time_steps,93.0,entanglement_asymmetry_dS2,0.7596099999999999
Turkeshi2024_arXiv,random_circuit_TF,quantum,theta_tilt_angle,0.8,time_steps,94.0,entanglement_asymmetry_dS2,0.7485999999999997
Turkeshi2024_arXiv,random_circuit_TF,quantum,theta_tilt_angle,0.8,time_steps,95.0,entanglement_asymmetry_dS2,0.73767
Turkeshi2024_arXiv,random_circuit_TF,quantum,theta_tilt_angle,0.8,time_steps,96.0,entanglement_asymmetry_dS2,0.7268200000000005
Turkeshi2024_arXiv,random_circuit_TF,quantum,theta_tilt_angle,0.8,time_steps,97.0,entanglement_asymmetry_dS2,0.7159999999999997
Turkeshi2024_arXiv,random_circuit_TF,quantum,theta_tilt_angle,0.8,time_steps,98.0,entanglement_asymmetry_dS2,0.7052900000000002
Turkeshi2024_arXiv,random_circuit_TF,quantum,theta_tilt_angle,0.8,time_steps,99.0,entanglement_asymmetry_dS2,0.69469
Turkeshi2024_arXiv,random_circuit_TF,quantum,theta_tilt_angle,0.8,time_steps,100.0,entanglement_asymmetry_dS2,0.6841599999999999
Turkeshi2024_arXiv,random_circuit_TF,quantum,theta_tilt_angle,0.8,time_steps,101.0,entanglement_asymmetry_dS2,0.6736999999999997
Turkeshi2024_arXiv,random_circuit_TF,quantum,theta_tilt_angle,0.8,time_steps,102.0,entanglement_asymmetry_dS2,0.6633299999999998
Turkeshi2024_arXiv,random_circuit_TF,quantum,theta_tilt_angle,0.8,time_steps,103.0,entanglement_asymmetry_dS2,0.6530400000000003
Turkeshi2024_arXiv,random_circuit_TF,quantum,theta_tilt_angle,0.8,time_steps,104.0,entanglement_asymmetry_dS2,0.6428699999999998
Turkeshi2024_arXiv,random_circuit_TF,quantum,theta_tilt_angle,0.8,time_steps,105.0,entanglement_asymmetry_dS2,0.63279
Turkeshi2024_arXiv,random_circuit_TF,quantum,theta_tilt_angle,0.8,time_steps,106.0,entanglement_asymmetry_dS2,0.6227800000000001
Turkeshi2024_arXiv,random_circuit_TF,quantum,theta_tilt_angle,0.8,time_steps,107.0,entanglement_asymmetry_dS2,0.61287
Turkeshi2024_arXiv,random_circuit_TF,quantum,theta_tilt_angle,0.8,time_steps,108.0,entanglement_asymmetry_dS2,0.60304
Turkeshi2024_arXiv,random_circuit_TF,quantum,theta_tilt_angle,0.8,time_steps,109.0,entanglement_asymmetry_dS2,0.5933100000000002
Turkeshi2024_arXiv,random_circuit_TF,quantum,theta_tilt_angle,0.8,time_steps,110.0,entanglement_asymmetry_dS2,0.58371
Turkeshi2024_arXiv,random_circuit_TF,quantum,theta_tilt_angle,0.8,time_steps,111.0,entanglement_asymmetry_dS2,0.57423
Turkeshi2024_arXiv,random_circuit_TF,quantum,theta_tilt_angle,0.8,time_steps,112.0,entanglement_asymmetry_dS2,0.5648299999999997
Turkeshi2024_arXiv,random_circuit_TF,quantum,theta_tilt_angle,0.8,time_steps,113.0,entanglement_asymmetry_dS2,0.5555400000000006
Turkeshi2024_arXiv,random_circuit_TF,quantum,theta_tilt_angle,0.8,time_steps,114.0,entanglement_asymmetry_dS2,0.5463300000000002
Turkeshi2024_arXiv,random_circuit_TF,quantum,theta_tilt_angle,0.8,time_steps,115.0,entanglement_asymmetry_dS2,0.5372699999999995
Turkeshi2024_arXiv,random_circuit_TF,quantum,theta_tilt_angle,0.8,time_steps,116.0,entanglement_asymmetry_dS2,0.5282299999999998
Turkeshi2024_arXiv,random_circuit_TF,quantum,theta_tilt_angle,0.8,time_steps,117.0,entanglement_asymmetry_dS2,0.5193399999999997
Turkeshi2024_arXiv,random_circuit_TF,quantum,theta_tilt_angle,0.8,time_steps,118.0,entanglement_asymmetry_dS2,0.5105899999999997
Turkeshi2024_arXiv,random_circuit_TF,quantum,theta_tilt_angle,0.8,time_steps,119.0,entanglement_asymmetry_dS2,0.5019499999999999
Turkeshi2024_arXiv,random_circuit_TF,quantum,theta_tilt_angle,0.8,time_steps,120.0,entanglement_asymmetry_dS2,0.49343000000000004
Turkeshi2024_arXiv,random_circuit_TF,quantum,theta_tilt_angle,0.8,time_steps,121.0,entanglement_asymmetry_dS2,0.48500999999999994
Turkeshi2024_arXiv,random_circuit_TF,quantum,theta_tilt_angle,0.8,time_steps,122.0,entanglement_asymmetry_dS2,0.4766300000000001
Turkeshi2024_arXiv,random_circuit_TF,quantum,theta_tilt_angle,0.8,time_steps,123.0,entanglement_asymmetry_dS2,0.46842000000000006
Turkeshi2024_arXiv,random_circuit_TF,quantum,theta_tilt_angle,0.8,time_steps,124.0,entanglement_asymmetry_dS2,0.4603200000000003
Turkeshi2024_arXiv,random_circuit_TF,quantum,theta_tilt_angle,0.8,time_steps,125.0,entanglement_asymmetry_dS2,0.45237000000000016
Turkeshi2024_arXiv,random_circuit_TF,quantum,theta_tilt_angle,0.8,time_steps,126.0,entanglement_asymmetry_dS2,0.4445199999999998
Turkeshi2024_arXiv,random_circuit_TF,quantum,theta_tilt_angle,0.8,time_steps,127.0,entanglement_asymmetry_dS2,0.43671999999999933
Turkeshi2024_arXiv,random_circuit_TF,quantum,theta_tilt_angle,0.8,time_steps,128.0,entanglement_asymmetry_dS2,0.42905000000000015
Turkeshi2024_arXiv,random_circuit_TF,quantum,theta_tilt_angle,0.8,time_steps,129.0,entanglement_asymmetry_dS2,0.4215
Turkeshi2024_arXiv,random_circuit_TF,quantum,theta_tilt_angle,0.8,time_steps,130.0,entanglement_asymmetry_dS2,0.4140800000000002
Turkeshi2024_arXiv,random_circuit_TF,quantum,theta_tilt_angle,0.8,time_steps,131.0,entanglement_asymmetry_dS2,0.40676000000000023
Turkeshi2024_arXiv,random_circuit_TF,quantum,theta_tilt_angle,0.8,time_steps,132.0,entanglement_asymmetry_dS2,0.39943999999999935
Turkeshi2024_arXiv,random_circuit_TF,quantum,theta_tilt_angle,0.8,time_steps,133.0,entanglement_asymmetry_dS2,0.3922799999999995
Turkeshi2024_arXiv,random_circuit_TF,quantum,theta_tilt_angle,0.8,time_steps,134.0,entanglement_asymmetry_dS2,0.3852700000000002
Turkeshi2024_arXiv,random_circuit_TF,quantum,theta_tilt_angle,0.8,time_steps,135.0,entanglement_asymmetry_dS2,0.3783500000000002
Turkeshi2024_arXiv,random_circuit_TF,quantum,theta_tilt_angle,0.8,time_steps,136.0,entanglement_asymmetry_dS2,0.3714700000000004
Turkeshi2024_arXiv,random_circuit_TF,quantum,theta_tilt_angle,0.8,time_steps,137.0,entanglement_asymmetry_dS2,0.3648100000000003
Turkeshi2024_arXiv,random_circuit_TF,quantum,theta_tilt_angle,0.8,time_steps,138.0,entanglement_asymmetry_dS2,0.35824999999999996
Turkeshi2024_arXiv,random_circuit_TF,quantum,theta_tilt_angle,0.8,time_steps,139.0,entanglement_asymmetry_dS2,0.35177999999999976
Turkeshi2024_arXiv,random_circuit_TF,quantum,theta_tilt_angle,0.8,time_steps,140.0,entanglement_asymmetry_dS2,0.3454499999999996
Turkeshi2024_arXiv,random_circuit_TF,quantum,theta_tilt_angle,0.8,time_steps,141.0,entanglement_asymmetry_dS2,0.3392300000000006
Turkeshi2024_arXiv,random_circuit_TF,quantum,theta_tilt_angle,0.8,time_steps,142.0,entanglement_asymmetry_dS2,0.3330800000000007
Turkeshi2024_arXiv,random_circuit_TF,quantum,theta_tilt_angle,0.8,time_steps,143.0,entanglement_asymmetry_dS2,0.3270400000000002
Turkeshi2024_arXiv,random_circuit_TF,quantum,theta_tilt_angle,0.8,time_steps,144.0,entanglement_asymmetry_dS2,0.32108000000000025
Turkeshi2024_arXiv,random_circuit_TF,quantum,theta_tilt_angle,0.8,time_steps,145.0,entanglement_asymmetry_dS2,0.3151799999999998
Turkeshi2024_arXiv,random_circuit_TF,quantum,theta_tilt_angle,0.8,time_steps,146.0,entanglement_asymmetry_dS2,0.3093900000000005
Turkeshi2024_arXiv,random_circuit_TF,quantum,theta_tilt_angle,0.8,time_steps,147.0,entanglement_asymmetry_dS2,0.30363000000000007
Turkeshi2024_arXiv,random_circuit_TF,quantum,theta_tilt_angle,0.8,time_steps,148.0,entanglement_asymmetry_dS2,0.29805999999999955
Turkeshi2024_arXiv,random_circuit_TF,quantum,theta_tilt_angle,0.8,time_steps,149.0,entanglement_asymmetry_dS2,0.29258000000000006
Turkeshi2024_arXiv,random_circuit_TF,quantum,theta_tilt_angle,0.8,time_steps,150.0,entanglement_asymmetry_dS2,0.2872199999999996
Turkeshi2024_arXiv,random_circuit_TF,quantum,theta_tilt_angle,0.8,time_steps,151.0,entanglement_asymmetry_dS2,0.2819099999999999
Turkeshi2024_arXiv,random_circuit_TF,quantum,theta_tilt_angle,0.8,time_steps,152.0,entanglement_asymmetry_dS2,0.27653000000000016
Turkeshi2024_arXiv,random_circuit_TF,quantum,theta_tilt_angle,0.8,time_steps,153.0,entanglement_asymmetry_dS2,0.2714100000000004
Turkeshi2024_arXiv,random_circuit_TF,quantum,theta_tilt_angle,0.8,time_steps,154.0,entanglement_asymmetry_dS2,0.2663500000000001
Turkeshi2024_arXiv,random_circuit_TF,quantum,theta_tilt_angle,0.8,time_steps,155.0,entanglement_asymmetry_dS2,0.26134000000000057
Turkeshi2024_arXiv,random_circuit_TF,quantum,theta_tilt_angle,0.8,time_steps,156.0,entanglement_asymmetry_dS2,0.2564799999999998
Turkeshi2024_arXiv,random_circuit_TF,quantum,theta_tilt_angle,0.8,time_steps,157.0,entanglement_asymmetry_dS2,0.25168000000000035
Turkeshi2024_arXiv,random_circuit_TF,quantum,theta_tilt_angle,0.8,time_steps,158.0,entanglement_asymmetry_dS2,0.24699000000000026
Turkeshi2024_arXiv,random_circuit_TF,quantum,theta_tilt_angle,0.8,time_steps,159.0,entanglement_asymmetry_dS2,0.2424299999999997
Turkeshi2024_arXiv,random_circuit_TF,quantum,theta_tilt_angle,0.8,time_steps,160.0,entanglement_asymmetry_dS2,0.23795999999999928
Turkeshi2024_arXiv,random_circuit_TF,quantum,theta_tilt_angle,0.8,time_steps,161.0,entanglement_asymmetry_dS2,0.23363000000000067
Turkeshi2024_arXiv,random_circuit_TF,quantum,theta_tilt_angle,0.8,time_steps,162.0,entanglement_asymmetry_dS2,0.22930000000000028
Turkeshi2024_arXiv,random_circuit_TF,quantum,theta_tilt_angle,0.8,time_steps,163.0,entanglement_asymmetry_dS2,0.22499000000000002
Turkeshi2024_arXiv,random_circuit_TF,quantum,theta_tilt_angle,0.8,time_steps,164.0,entanglement_asymmetry_dS2,0.22065
Turkeshi2024_arXiv,random_circuit_TF,quantum,theta_tilt_angle,0.8,time_steps,165.0,entanglement_asymmetry_dS2,0.21651000000000042
Turkeshi2024_arXiv,random_circuit_TF,quantum,theta_tilt_angle,0.8,time_steps,166.0,entanglement_asymmetry_dS2,0.21239000000000008
Turkeshi2024_arXiv,random_circuit_TF,quantum,theta_tilt_angle,0.8,time_steps,167.0,entanglement_asymmetry_dS2,0.20838
Turkeshi2024_arXiv,random_circuit_TF,quantum,theta_tilt_angle,0.8,time_steps,168.0,entanglement_asymmetry_dS2,0.2044699999999997
Turkeshi2024_arXiv,random_circuit_TF,quantum,theta_tilt_angle,0.8,time_steps,169.0,entanglement_asymmetry_dS2,0.20064999999999955
Turkeshi2024_arXiv,random_circuit_TF,quantum,theta_tilt_angle,0.8,time_steps,170.0,entanglement_asymmetry_dS2,0.19688000000000017
Turkeshi2024_arXiv,random_circuit_TF,quantum,theta_tilt_angle,0.8,time_steps,171.0,entanglement_asymmetry_dS2,0.19322000000000017
Turkeshi2024_arXiv,random_circuit_TF,quantum,theta_tilt_angle,0.8,time_steps,172.0,entanglement_asymmetry_dS2,0.18958999999999993
Turkeshi2024_arXiv,random_circuit_TF,quantum,theta_tilt_angle,0.8,time_steps,173.0,entanglement_asymmetry_dS2,0.18595000000000006
Turkeshi2024_arXiv,random_circuit_TF,quantum,theta_tilt_angle,0.8,time_steps,174.0,entanglement_asymmetry_dS2,0.18244999999999933
Turkeshi2024_arXiv,random_circuit_TF,quantum,theta_tilt_angle,0.8,time_steps,175.0,entanglement_asymmetry_dS2,0.17904000000000053
Turkeshi2024_arXiv,random_circuit_TF,quantum,theta_tilt_angle,0.8,time_steps,176.0,entanglement_asymmetry_dS2,0.17567999999999984
Turkeshi2024_arXiv,random_circuit_TF,quantum,theta_tilt_angle,0.8,time_steps,177.0,entanglement_asymmetry_dS2,0.17237999999999953
Turkeshi2024_arXiv,random_circuit_TF,quantum,theta_tilt_angle,0.8,time_steps,178.0,entanglement_asymmetry_dS2,0.16913
Turkeshi2024_arXiv,random_circuit_TF,quantum,theta_tilt_angle,0.8,time_steps,179.0,entanglement_asymmetry_dS2,0.16589999999999971
Turkeshi2024_arXiv,random_circuit_TF,quantum,theta_tilt_angle,0.8,time_steps,180.0,entanglement_asymmetry_dS2,0.16279999999999983
Turkeshi2024_arXiv,random_circuit_TF,quantum,theta_tilt_angle,0.8,time_steps,181.0,entanglement_asymmetry_dS2,0.1597799999999996
Turkeshi2024_arXiv,random_circuit_TF,quantum,theta_tilt_angle,0.8,time_steps,182.0,entanglement_asymmetry_dS2,0.15678999999999998
Turkeshi2024_arXiv,random_circuit_TF,quantum,theta_tilt_angle,0.8,time_steps,183.0,entanglement_asymmetry_dS2,0.1537999999999995
Turkeshi2024_arXiv,random_circuit_TF,quantum,theta_tilt_angle,0.8,time_steps,184.0,entanglement_asymmetry_dS2,0.15090999999999966
Turkeshi2024_arXiv,random_circuit_TF,quantum,theta_tilt_angle,0.8,time_steps,185.0,entanglement_asymmetry_dS2,0.1480800000000002
Turkeshi2024_arXiv,random_circuit_TF,quantum,theta_tilt_angle,0.8,time_steps,186.0,entanglement_asymmetry_dS2,0.14535000000000053
Turkeshi2024_arXiv,random_circuit_TF,quantum,theta_tilt_angle,0.8,time_steps,187.0,entanglement_asymmetry_dS2,0.14266999999999985
Turkeshi2024_arXiv,random_circuit_TF,quantum,theta_tilt_angle,0.8,time_steps,188.0,entanglement_asymmetry_dS2,0.14003000000000032
Turkeshi2024_arXiv,random_circuit_TF,quantum,theta_tilt_angle,0.8,time_steps,189.0,entanglement_asymmetry_dS2,0.1374000000000004
Turkeshi2024_arXiv,random_circuit_TF,quantum,theta_tilt_angle,0.8,time_steps,190.0,entanglement_asymmetry_dS2,0.1348799999999999
Turkeshi2024_arXiv,random_circuit_TF,quantum,theta_tilt_angle,0.8,time_steps,191.0,entanglement_asymmetry_dS2,0.13234000000000012
Turkeshi2024_arXiv,random_circuit_TF,quantum,theta_tilt_angle,0.8,time_steps,192.0,entanglement_asymmetry_dS2,0.1298200000000005
Turkeshi2024_arXiv,random_circuit_TF,quantum,theta_tilt_angle,0.8,time_steps,193.0,entanglement_asymmetry_dS2,0.12735999999999947
Turkeshi2024_arXiv,random_circuit_TF,quantum,theta_tilt_angle,0.8,time_steps,194.0,entanglement_asymmetry_dS2,0.12485000000000035
Turkeshi2024_arXiv,random_circuit_TF,quantum,theta_tilt_angle,0.8,time_steps,195.0,entanglement_asymmetry_dS2,0.1224400000000001
Turkeshi2024_arXiv,random_circuit_TF,quantum,theta_tilt_angle,0.8,time_steps,196.0,entanglement_asymmetry_dS2,0.12012
Turkeshi2024_arXiv,random_circuit_TF,quantum,theta_tilt_angle,0.8,time_steps,197.0,entanglement_asymmetry_dS2,0.11786999999999992
Turkeshi2024_arXiv,random_circuit_TF,quantum,theta_tilt_angle,0.8,time_steps,198.0,entanglement_asymmetry_dS2,0.11563999999999997
Turkeshi2024_arXiv,random_circuit_TF,quantum,theta_tilt_angle,0.8,time_steps,199.0,entanglement_asymmetry_dS2,0.11348000000000003
Turkeshi2024_arXiv,random_circuit_TF,quantum,theta_tilt_angle,0.8,time_steps,200.0,entanglement_asymmetry_dS2,0.11136000000000035
Turkeshi2024_arXiv,random_circuit_TF,quantum,theta_tilt_angle,0.8,time_steps,201.0,entanglement_asymmetry_dS2,0.10930000000000017
Turkeshi2024_arXiv,random_circuit_TF,quantum,theta_tilt_angle,0.8,time_steps,202.0,entanglement_asymmetry_dS2,0.10711000000000048
Turkeshi2024_arXiv,random_circuit_TF,quantum,theta_tilt_angle,0.8,time_steps,203.0,entanglement_asymmetry_dS2,0.1051000000000002
Turkeshi2024_arXiv,random_circuit_TF,quantum,theta_tilt_angle,0.8,time_steps,204.0,entanglement_asymmetry_dS2,0.1031500000000003
Turkeshi2024_arXiv,random_circuit_TF,quantum,theta_tilt_angle,0.8,time_steps,205.0,entanglement_asymmetry_dS2,0.10122000000000053
Turkeshi2024_arXiv,random_circuit_TF,quantum,theta_tilt_angle,0.8,time_steps,206.0,entanglement_asymmetry_dS2,0.0993700000000004
Turkeshi2024_arXiv,random_circuit_TF,quantum,theta_tilt_angle,0.8,time_steps,207.0,entanglement_asymmetry_dS2,0.09753999999999952
Turkeshi2024_arXiv,random_circuit_TF,quantum,theta_tilt_angle,0.8,time_steps,208.0,entanglement_asymmetry_dS2,0.09569000000000027
Turkeshi2024_arXiv,random_circuit_TF,quantum,theta_tilt_angle,0.8,time_steps,209.0,entanglement_asymmetry_dS2,0.09392000000000067
Turkeshi2024_arXiv,random_circuit_TF,quantum,theta_tilt_angle,0.8,time_steps,210.0,entanglement_asymmetry_dS2,0.09224999999999994
Turkeshi2024_arXiv,random_circuit_TF,quantum,theta_tilt_angle,0.8,time_steps,211.0,entanglement_asymmetry_dS2,0.09057000000000048
Turkeshi2024_arXiv,random_circuit_TF,quantum,theta_tilt_angle,0.8,time_steps,212.0,entanglement_asymmetry_dS2,0.08894000000000002
Turkeshi2024_arXiv,random_circuit_TF,quantum,theta_tilt_angle,0.8,time_steps,213.0,entanglement_asymmetry_dS2,0.08732000000000006
Turkeshi2024_arXiv,random_circuit_TF,quantum,theta_tilt_angle,0.8,time_steps,214.0,entanglement_asymmetry_dS2,0.08565999999999985
Turkeshi2024_arXiv,random_circuit_TF,quantum,theta_tilt_angle,0.8,time_steps,215.0,entanglement_asymmetry_dS2,0.08408999999999978
Turkeshi2024_arXiv,random_circuit_TF,quantum,theta_tilt_angle,0.8,time_steps,216.0,entanglement_asymmetry_dS2,0.08254000000000072
Turkeshi2024_arXiv,random_circuit_TF,quantum,theta_tilt_angle,0.8,time_steps,217.0,entanglement_asymmetry_dS2,0.08103999999999978
Turkeshi2024_arXiv,random_circuit_TF,quantum,theta_tilt_angle,0.8,time_steps,218.0,entanglement_asymmetry_dS2,0.07952999999999921
Turkeshi2024_arXiv,random_circuit_TF,quantum,theta_tilt_angle,0.8,time_steps,219.0,entanglement_asymmetry_dS2,0.07782
Turkeshi2024_arXiv,random_circuit_TF,quantum,theta_tilt_angle,0.8,time_steps,220.0,entanglement_asymmetry_dS2,0.0763499999999997
Turkeshi2024_arXiv,random_circuit_TF,quantum,theta_tilt_angle,0.8,time_steps,221.0,entanglement_asymmetry_dS2,0.07491000000000003
Turkeshi2024_arXiv,random_circuit_TF,quantum,theta_tilt_angle,0.8,time_steps,222.0,entanglement_asymmetry_dS2,0.07350000000000012
Turkeshi2024_arXiv,random_circuit_TF,quantum,theta_tilt_angle,0.8,time_steps,223.0,entanglement_asymmetry_dS2,0.07203999999999944
Turkeshi2024_arXiv,random_circuit_TF,quantum,theta_tilt_angle,0.8,time_steps,224.0,entanglement_asymmetry_dS2,0.07074000000000069
Turkeshi2024_arXiv,random_circuit_TF,quantum,theta_tilt_angle,0.8,time_steps,225.0,entanglement_asymmetry_dS2,0.06944999999999979
Turkeshi2024_arXiv,random_circuit_TF,quantum,theta_tilt_angle,0.8,time_steps,226.0,entanglement_asymmetry_dS2,0.06820000000000004
Turkeshi2024_arXiv,random_circuit_TF,quantum,theta_tilt_angle,0.8,time_steps,227.0,entanglement_asymmetry_dS2,0.06695999999999991
Turkeshi2024_arXiv,random_circuit_TF,quantum,theta_tilt_angle,0.8,time_steps,228.0,entanglement_asymmetry_dS2,0.06580999999999992
Turkeshi2024_arXiv,random_circuit_TF,quantum,theta_tilt_angle,0.8,time_steps,229.0,entanglement_asymmetry_dS2,0.06463999999999981
Turkeshi2024_arXiv,random_circuit_TF,quantum,theta_tilt_angle,0.8,time_steps,230.0,entanglement_asymmetry_dS2,0.06350000000000033
Turkeshi2024_arXiv,random_circuit_TF,quantum,theta_tilt_angle,0.8,time_steps,231.0,entanglement_asymmetry_dS2,0.0623800000000001
Turkeshi2024_arXiv,random_circuit_TF,quantum,theta_tilt_angle,0.8,time_steps,232.0,entanglement_asymmetry_dS2,0.06128
Turkeshi2024_arXiv,random_circuit_TF,quantum,theta_tilt_angle,0.8,time_steps,233.0,entanglement_asymmetry_dS2,0.06016000000000066
Turkeshi2024_arXiv,random_circuit_TF,quantum,theta_tilt_angle,0.8,time_steps,234.0,entanglement_asymmetry_dS2,0.05896999999999952
Turkeshi2024_arXiv,random_circuit_TF,quantum,theta_tilt_angle,0.8,time_steps,235.0,entanglement_asymmetry_dS2,0.05780999999999992
Turkeshi2024_arXiv,random_circuit_TF,quantum,theta_tilt_angle,0.8,time_steps,236.0,entanglement_asymmetry_dS2,0.05675000000000008
Turkeshi2024_arXiv,random_circuit_TF,quantum,theta_tilt_angle,0.8,time_steps,237.0,entanglement_asymmetry_dS2,0.05571999999999999
Turkeshi2024_arXiv,random_circuit_TF,quantum,theta_tilt_angle,0.8,time_steps,238.0,entanglement_asymmetry_dS2,0.054720000000000546
Turkeshi2024_arXiv,random_circuit_TF,quantum,theta_tilt_angle,0.8,time_steps,239.0,entanglement_asymmetry_dS2,0.05374000000000034
Turkeshi2024_arXiv,random_circuit_TF,quantum,theta_tilt_angle,0.8,time_steps,240.0,entanglement_asymmetry_dS2,0.05276999999999976
Turkeshi2024_arXiv,random_circuit_TF,quantum,theta_tilt_angle,0.8,time_steps,241.0,entanglement_asymmetry_dS2,0.05179000000000045
Turkeshi2024_arXiv,random_circuit_TF,quantum,theta_tilt_angle,0.8,time_steps,242.0,entanglement_asymmetry_dS2,0.05084999999999962
Turkeshi2024_arXiv,random_circuit_TF,quantum,theta_tilt_angle,0.8,time_steps,243.0,entanglement_asymmetry_dS2,0.04992999999999981
Turkeshi2024_arXiv,random_circuit_TF,quantum,theta_tilt_angle,0.8,time_steps,244.0,entanglement_asymmetry_dS2,0.04903000000000013
Turkeshi2024_arXiv,random_circuit_TF,quantum,theta_tilt_angle,0.8,time_steps,245.0,entanglement_asymmetry_dS2,0.048159999999999314
Turkeshi2024_arXiv,random_circuit_TF,quantum,theta_tilt_angle,0.8,time_steps,246.0,entanglement_asymmetry_dS2,0.047280000000000655
Turkeshi2024_arXiv,random_circuit_TF,quantum,theta_tilt_angle,0.8,time_steps,247.0,entanglement_asymmetry_dS2,0.04638000000000009
Turkeshi2024_arXiv,random_circuit_TF,quantum,theta_tilt_angle,0.8,time_steps,248.0,entanglement_asymmetry_dS2,0.045539999999999914
Turkeshi2024_arXiv,random_circuit_TF,quantum,theta_tilt_angle,0.8,time_steps,249.0,entanglement_asymmetry_dS2,0.04474
Turkeshi2024_arXiv,random_circuit_TF,quantum,theta_tilt_angle,0.8,time_steps,250.0,entanglement_asymmetry_dS2,0.04394000000000009
Turkeshi2024_arXiv,random_circuit_TF,quantum,theta_tilt_angle,0.8,time_steps,251.0,entanglement_asymmetry_dS2,0.04316999999999993
Turkeshi2024_arXiv,random_circuit_TF,quantum,theta_tilt_angle,0.8,time_steps,252.0,entanglement_asymmetry_dS2,0.04240000000000066
Turkeshi2024_arXiv,random_circuit_TF,quantum,theta_tilt_angle,0.8,time_steps,253.0,entanglement_asymmetry_dS2,0.04164999999999974
Turkeshi2024_arXiv,random_circuit_TF,quantum,theta_tilt_angle,0.8,time_steps,254.0,entanglement_asymmetry_dS2,0.04086999999999996
Turkeshi2024_arXiv,random_circuit_TF,quantum,theta_tilt_angle,0.8,time_steps,255.0,entanglement_asymmetry_dS2,0.04013000000000044
Turkeshi2024_arXiv,random_circuit_TF,quantum,theta_tilt_angle,1.2,time_steps,1.0,entanglement_asymmetry_dS2,1.8936300000000008
Turkeshi2024_arXiv,random_circuit_TF,quantum,theta_tilt_angle,1.2,time_steps,2.0,entanglement_asymmetry_dS2,1.8830160000000002
Turkeshi2024_arXiv,random_circuit_TF,quantum,theta_tilt_angle,1.2,time_steps,3.0,entanglement_asymmetry_dS2,1.8707350000000003
Turkeshi2024_arXiv,random_circuit_TF,quantum,theta_tilt_angle,1.2,time_steps,4.0,entanglement_asymmetry_dS2,1.860471
Turkeshi2024_arXiv,random_circuit_TF,quantum,theta_tilt_angle,1.2,time_steps,5.0,entanglement_asymmetry_dS2,1.851356
Turkeshi2024_arXiv,random_circuit_TF,quantum,theta_tilt_angle,1.2,time_steps,6.0,entanglement_asymmetry_dS2,1.84301
Turkeshi2024_arXiv,random_circuit_TF,quantum,theta_tilt_angle,1.2,time_steps,7.0,entanglement_asymmetry_dS2,1.83521
Turkeshi2024_arXiv,random_circuit_TF,quantum,theta_tilt_angle,1.2,time_steps,8.0,entanglement_asymmetry_dS2,1.8278600000000003
Turkeshi2024_arXiv,random_circuit_TF,quantum,theta_tilt_angle,1.2,time_steps,9.0,entanglement_asymmetry_dS2,1.8208499999999999
Turkeshi2024_arXiv,random_circuit_TF,quantum,theta_tilt_angle,1.2,time_steps,10.0,entanglement_asymmetry_dS2,1.8141200000000002
Turkeshi2024_arXiv,random_circuit_TF,quantum,theta_tilt_angle,1.2,time_steps,11.0,entanglement_asymmetry_dS2,1.8076100000000004
Turkeshi2024_arXiv,random_circuit_TF,quantum,theta_tilt_angle,1.2,time_steps,12.0,entanglement_asymmetry_dS2,1.8012799999999998
Turkeshi2024_arXiv,random_circuit_TF,quantum,theta_tilt_angle,1.2,time_steps,13.0,entanglement_asymmetry_dS2,1.7950800000000005
Turkeshi2024_arXiv,random_circuit_TF,quantum,theta_tilt_angle,1.2,time_steps,14.0,entanglement_asymmetry_dS2,1.7889599999999999
Turkeshi2024_arXiv,random_circuit_TF,quantum,theta_tilt_angle,1.2,time_steps,15.0,entanglement_asymmetry_dS2,1.7828900000000005
Turkeshi2024_arXiv,random_circuit_TF,quantum,theta_tilt_angle,1.2,time_steps,16.0,entanglement_asymmetry_dS2,1.77684
Turkeshi2024_arXiv,random_circuit_TF,quantum,theta_tilt_angle,1.2,time_steps,17.0,entanglement_asymmetry_dS2,1.77075
Turkeshi2024_arXiv,random_circuit_TF,quantum,theta_tilt_angle,1.2,time_steps,18.0,entanglement_asymmetry_dS2,1.7645999999999997
Turkeshi2024_arXiv,random_circuit_TF,quantum,theta_tilt_angle,1.2,time_steps,19.0,entanglement_asymmetry_dS2,1.7583499999999996
Turkeshi2024_arXiv,random_circuit_TF,quantum,theta_tilt_angle,1.2,time_steps,20.0,entanglement_asymmetry_dS2,1.75196
Turkeshi2024_arXiv,random_circuit_TF,quantum,theta_tilt_angle,1.2,time_steps,21.0,entanglement_asymmetry_dS2,1.7454
Turkeshi2024_arXiv,random_circuit_TF,quantum,theta_tilt_angle,1.2,time_steps,22.0,entanglement_asymmetry_dS2,1.7386200000000005
Turkeshi2024_arXiv,random_circuit_TF,quantum,theta_tilt_angle,1.2,time_steps,23.0,entanglement_asymmetry_dS2,1.7315900000000002
Turkeshi2024_arXiv,random_circuit_TF,quantum,theta_tilt_angle,1.2,time_steps,24.0,entanglement_asymmetry_dS2,1.7242600000000001
Turkeshi2024_arXiv,random_circuit_TF,quantum,theta_tilt_angle,1.2,time_steps,25.0,entanglement_asymmetry_dS2,1.71659
Turkeshi2024_arXiv,random_circuit_TF,quantum,theta_tilt_angle,1.2,time_steps,26.0,entanglement_asymmetry_dS2,1.7085499999999998
Turkeshi2024_arXiv,random_circuit_TF,quantum,theta_tilt_angle,1.2,time_steps,27.0,entanglement_asymmetry_dS2,1.7000700000000002
Turkeshi2024_arXiv,random_circuit_TF,quantum,theta_tilt_angle,1.2,time_steps,28.0,entanglement_asymmetry_dS2,1.6911500000000004
Turkeshi2024_arXiv,random_circuit_TF,quantum,theta_tilt_angle,1.2,time_steps,29.0,entanglement_asymmetry_dS2,1.6816999999999993
Turkeshi2024_arXiv,random_circuit_TF,quantum,theta_tilt_angle,1.2,time_steps,30.0,entanglement_asymmetry_dS2,1.67169
Turkeshi2024_arXiv,random_circuit_TF,quantum,theta_tilt_angle,1.2,time_steps,31.0,entanglement_asymmetry_dS2,1.6610699999999996
Turkeshi2024_arXiv,random_circuit_TF,quantum,theta_tilt_angle,1.2,time_steps,32.0,entanglement_asymmetry_dS2,1.6498
Turkeshi2024_arXiv,random_circuit_TF,quantum,theta_tilt_angle,1.2,time_steps,33.0,entanglement_asymmetry_dS2,1.6378200000000005
Turkeshi2024_arXiv,random_circuit_TF,quantum,theta_tilt_angle,1.2,time_steps,34.0,entanglement_asymmetry_dS2,1.6250900000000001
Turkeshi2024_arXiv,random_circuit_TF,quantum,theta_tilt_angle,1.2,time_steps,35.0,entanglement_asymmetry_dS2,1.6115599999999999
Turkeshi2024_arXiv,random_circuit_TF,quantum,theta_tilt_angle,1.2,time_steps,36.0,entanglement_asymmetry_dS2,1.5971900000000003
Turkeshi2024_arXiv,random_circuit_TF,quantum,theta_tilt_angle,1.2,time_steps,37.0,entanglement_asymmetry_dS2,1.5819399999999995
Turkeshi2024_arXiv,random_circuit_TF,quantum,theta_tilt_angle,1.2,time_steps,38.0,entanglement_asymmetry_dS2,1.5657499999999995
Turkeshi2024_arXiv,random_circuit_TF,quantum,theta_tilt_angle,1.2,time_steps,39.0,entanglement_asymmetry_dS2,1.5486000000000004
Turkeshi2024_arXiv,random_circuit_TF,quantum,theta_tilt_angle,1.2,time_steps,40.0,entanglement_asymmetry_dS2,1.53045
Turkeshi2024_arXiv,random_circuit_TF,quantum,theta_tilt_angle,1.2,time_steps,41.0,entanglement_asymmetry_dS2,1.5112700000000006
Turkeshi2024_arXiv,random_circuit_TF,quantum,theta_tilt_angle,1.2,time_steps,42.0,entanglement_asymmetry_dS2,1.49104
Turkeshi2024_arXiv,random_circuit_TF,quantum,theta_tilt_angle,1.2,time_steps,43.0,entanglement_asymmetry_dS2,1.4697399999999998
Turkeshi2024_arXiv,random_circuit_TF,quantum,theta_tilt_angle,1.2,time_steps,44.0,entanglement_asymmetry_dS2,1.4473599999999998
Turkeshi2024_arXiv,random_circuit_TF,quantum,theta_tilt_angle,1.2,time_steps,45.0,entanglement_asymmetry_dS2,1.4239099999999993
Turkeshi2024_arXiv,random_circuit_TF,quantum,theta_tilt_angle,1.2,time_steps,46.0,entanglement_asymmetry_dS2,1.3993799999999998
Turkeshi2024_arXiv,random_circuit_TF,quantum,theta_tilt_angle,1.2,time_steps,47.0,entanglement_asymmetry_dS2,1.373780000000001
Turkeshi2024_arXiv,random_circuit_TF,quantum,theta_tilt_angle,1.2,time_steps,48.0,entanglement_asymmetry_dS2,1.347150000000001
Turkeshi2024_arXiv,random_circuit_TF,quantum,theta_tilt_angle,1.2,time_steps,49.0,entanglement_asymmetry_dS2,1.3195099999999993
Turkeshi2024_arXiv,random_circuit_TF,quantum,theta_tilt_angle,1.2,time_steps,50.0,entanglement_asymmetry_dS2,1.29089
Turkeshi2024_arXiv,random_circuit_TF,quantum,theta_tilt_angle,1.2,time_steps,51.0,entanglement_asymmetry_dS2,1.2613600000000007
Turkeshi2024_arXiv,random_circuit_TF,quantum,theta_tilt_angle,1.2,time_steps,52.0,entanglement_asymmetry_dS2,1.2309599999999996
Turkeshi2024_arXiv,random_circuit_TF,quantum,theta_tilt_angle,1.2,time_steps,53.0,entanglement_asymmetry_dS2,1.1998100000000003
Turkeshi2024_arXiv,random_circuit_TF,quantum,theta_tilt_angle,1.2,time_steps,54.0,entanglement_asymmetry_dS2,1.1679099999999991
Turkeshi2024_arXiv,random_circuit_TF,quantum,theta_tilt_angle,1.2,time_steps,55.0,entanglement_asymmetry_dS2,1.1353700000000009
Turkeshi2024_arXiv,random_circuit_TF,quantum,theta_tilt_angle,1.2,time_steps,56.0,entanglement_asymmetry_dS2,1.1022799999999995
Turkeshi2024_arXiv,random_circuit_TF,quantum,theta_tilt_angle,1.2,time_steps,57.0,entanglement_asymmetry_dS2,1.0687599999999993
Turkeshi2024_arXiv,random_circuit_TF,quantum,theta_tilt_angle,1.2,time_steps,58.0,entanglement_asymmetry_dS2,1.0348800000000002
Turkeshi2024_arXiv,random_circuit_TF,quantum,theta_tilt_angle,1.2,time_steps,59.0,entanglement_asymmetry_dS2,1.0007100000000007
Turkeshi2024_arXiv,random_circuit_TF,quantum,theta_tilt_angle,1.2,time_steps,60.0,entanglement_asymmetry_dS2,0.9663300000000001
Turkeshi2024_arXiv,random_circuit_TF,quantum,theta_tilt_angle,1.2,time_steps,61.0,entanglement_asymmetry_dS2,0.9319099999999993
Turkeshi2024_arXiv,random_circuit_TF,quantum,theta_tilt_angle,1.2,time_steps,62.0,entanglement_asymmetry_dS2,0.897590000000001
Turkeshi2024_arXiv,random_circuit_TF,quantum,theta_tilt_angle,1.2,time_steps,63.0,entanglement_asymmetry_dS2,0.8634900000000005
Turkeshi2024_arXiv,random_circuit_TF,quantum,theta_tilt_angle,1.2,time_steps,64.0,entanglement_asymmetry_dS2,0.8295599999999999
Turkeshi2024_arXiv,random_circuit_TF,quantum,theta_tilt_angle,1.2,time_steps,65.0,entanglement_asymmetry_dS2,0.7959300000000002
Turkeshi2024_arXiv,random_circuit_TF,quantum,theta_tilt_angle,1.2,time_steps,66.0,entanglement_asymmetry_dS2,0.7627800000000011
Turkeshi2024_arXiv,random_circuit_TF,quantum,theta_tilt_angle,1.2,time_steps,67.0,entanglement_asymmetry_dS2,0.7301599999999997
Turkeshi2024_arXiv,random_circuit_TF,quantum,theta_tilt_angle,1.2,time_steps,68.0,entanglement_asymmetry_dS2,0.6981400000000004
Turkeshi2024_arXiv,random_circuit_TF,quantum,theta_tilt_angle,1.2,time_steps,69.0,entanglement_asymmetry_dS2,0.6668000000000003
Turkeshi2024_arXiv,random_circuit_TF,quantum,theta_tilt_angle,1.2,time_steps,70.0,entanglement_asymmetry_dS2,0.6362199999999998
Turkeshi2024_arXiv,random_circuit_TF,quantum,theta_tilt_angle,1.2,time_steps,71.0,entanglement_asymmetry_dS2,0.6063299999999998
Turkeshi2024_arXiv,random_circuit_TF,quantum,theta_tilt_angle,1.2,time_steps,72.0,entanglement_asymmetry_dS2,0.5771599999999992
Turkeshi2024_arXiv,random_circuit_TF,quantum,theta_tilt_angle,1.2,time_steps,73.0,entanglement_asymmetry_dS2,0.5489899999999999
Turkeshi2024_arXiv,random_circuit_TF,quantum,theta_tilt_angle,1.2,time_steps,74.0,entanglement_asymmetry_dS2,0.5216500000000011
Turkeshi2024_arXiv,random_circuit_TF,quantum,theta_tilt_angle,1.2,time_steps,75.0,entanglement_asymmetry_dS2,0.4952400000000008
Turkeshi2024_arXiv,random_circuit_TF,quantum,theta_tilt_angle,1.2,time_steps,76.0,entanglement_asymmetry_dS2,0.4699100000000005
Turkeshi2024_arXiv,random_circuit_TF,quantum,theta_tilt_angle,1.2,time_steps,77.0,entanglement_asymmetry_dS2,0.44538999999999973
Turkeshi2024_arXiv,random_circuit_TF,quantum,theta_tilt_angle,1.2,time_steps,78.0,entanglement_asymmetry_dS2,0.4219099999999987
Turkeshi2024_arXiv,random_circuit_TF,quantum,theta_tilt_angle,1.2,time_steps,79.0,entanglement_asymmetry_dS2,0.3994800000000005
Turkeshi2024_arXiv,random_circuit_TF,quantum,theta_tilt_angle,1.2,time_steps,80.0,entanglement_asymmetry_dS2,0.37777999999999956
Turkeshi2024_arXiv,random_circuit_TF,quantum,theta_tilt_angle,1.2,time_steps,81.0,entanglement_asymmetry_dS2,0.35715000000000074
Turkeshi2024_arXiv,random_circuit_TF,quantum,theta_tilt_angle,1.2,time_steps,82.0,entanglement_asymmetry_dS2,0.33745000000000047
Turkeshi2024_arXiv,random_circuit_TF,quantum,theta_tilt_angle,1.2,time_steps,83.0,entanglement_asymmetry_dS2,0.3186499999999999
Turkeshi2024_arXiv,random_circuit_TF,quantum,theta_tilt_angle,1.2,time_steps,84.0,entanglement_asymmetry_dS2,0.30057000000000045
Turkeshi2024_arXiv,random_circuit_TF,quantum,theta_tilt_angle,1.2,time_steps,85.0,entanglement_asymmetry_dS2,0.2832600000000003
Turkeshi2024_arXiv,random_circuit_TF,quantum,theta_tilt_angle,1.2,time_steps,86.0,entanglement_asymmetry_dS2,0.2670999999999992
Turkeshi2024_arXiv,random_circuit_TF,quantum,theta_tilt_angle,1.2,time_steps,87.0,entanglement_asymmetry_dS2,0.25154999999999994
Turkeshi2024_arXiv,random_circuit_TF,quantum,theta_tilt_angle,1.2,time_steps,88.0,entanglement_asymmetry_dS2,0.23686000000000007
Turkeshi2024_arXiv,random_circuit_TF,quantum,theta_tilt_angle,1.2,time_steps,89.0,entanglement_asymmetry_dS2,0.22302
Turkeshi2024_arXiv,random_circuit_TF,quantum,theta_tilt_angle,1.2,time_steps,90.0,entanglement_asymmetry_dS2,0.20977000000000068
Turkeshi2024_arXiv,random_circuit_TF,quantum,theta_tilt_angle,1.2,time_steps,91.0,entanglement_asymmetry_dS2,0.19723000000000113
Turkeshi2024_arXiv,random_circuit_TF,quantum,theta_tilt_angle,1.2,time_steps,92.0,entanglement_asymmetry_dS2,0.18566000000000038
Turkeshi2024_arXiv,random_circuit_TF,quantum,theta_tilt_angle,1.2,time_steps,93.0,entanglement_asymmetry_dS2,0.17441999999999958
Turkeshi2024_arXiv,random_circuit_TF,quantum,theta_tilt_angle,1.2,time_steps,94.0,entanglement_asymmetry_dS2,0.16367999999999938
Turkeshi2024_arXiv,random_circuit_TF,quantum,theta_tilt_angle,1.2,time_steps,95.0,entanglement_asymmetry_dS2,0.15381
Turkeshi2024_arXiv,random_circuit_TF,quantum,theta_tilt_angle,1.2,time_steps,96.0,entanglement_asymmetry_dS2,0.1445799999999995
Turkeshi2024_arXiv,random_circuit_TF,quantum,theta_tilt_angle,1.2,time_steps,97.0,entanglement_asymmetry_dS2,0.13562000000000118
Turkeshi2024_arXiv,random_circuit_TF,quantum,theta_tilt_angle,1.2,time_steps,98.0,entanglement_asymmetry_dS2,0.127320000000001
Turkeshi2024_arXiv,random_circuit_TF,quantum,theta_tilt_angle,1.2,time_steps,99.0,entanglement_asymmetry_dS2,0.11967000000000105
Turkeshi2024_arXiv,random_circuit_TF,quantum,theta_tilt_angle,1.2,time_steps,100.0,entanglement_asymmetry_dS2,0.11228999999999978
Turkeshi2024_arXiv,random_circuit_TF,quantum,theta_tilt_angle,1.2,time_steps,101.0,entanglement_asymmetry_dS2,0.10535999999999923
Turkeshi2024_arXiv,random_circuit_TF,quantum,theta_tilt_angle,1.2,time_steps,102.0,entanglement_asymmetry_dS2,0.09910999999999959
Turkeshi2024_arXiv,random_circuit_TF,quantum,theta_tilt_angle,1.2,time_steps,103.0,entanglement_asymmetry_dS2,0.09304000000000023
Turkeshi2024_arXiv,random_circuit_TF,quantum,theta_tilt_angle,1.2,time_steps,104.0,entanglement_asymmetry_dS2,0.08745000000000047
Turkeshi2024_arXiv,random_circuit_TF,quantum,theta_tilt_angle,1.2,time_steps,105.0,entanglement_asymmetry_dS2,0.08212999999999937
Turkeshi2024_arXiv,random_circuit_TF,quantum,theta_tilt_angle,1.2,time_steps,106.0,entanglement_asymmetry_dS2,0.07725000000000115
Turkeshi2024_arXiv,random_circuit_TF,quantum,theta_tilt_angle,1.2,time_steps,107.0,entanglement_asymmetry_dS2,0.07272000000000034
Turkeshi2024_arXiv,random_circuit_TF,quantum,theta_tilt_angle,1.2,time_steps,108.0,entanglement_asymmetry_dS2,0.06847999999999921
Turkeshi2024_arXiv,random_circuit_TF,quantum,theta_tilt_angle,1.2,time_steps,109.0,entanglement_asymmetry_dS2,0.06430000000000113
Turkeshi2024_arXiv,random_circuit_TF,quantum,theta_tilt_angle,1.2,time_steps,110.0,entanglement_asymmetry_dS2,0.06047000000000047
Turkeshi2024_arXiv,random_circuit_TF,quantum,theta_tilt_angle,1.2,time_steps,111.0,entanglement_asymmetry_dS2,0.05685000000000073
Turkeshi2024_arXiv,random_circuit_TF,quantum,theta_tilt_angle,1.2,time_steps,112.0,entanglement_asymmetry_dS2,0.053630000000000067
Turkeshi2024_arXiv,random_circuit_TF,quantum,theta_tilt_angle,1.2,time_steps,113.0,entanglement_asymmetry_dS2,0.05044999999999966
Turkeshi2024_arXiv,random_circuit_TF,quantum,theta_tilt_angle,1.2,time_steps,114.0,entanglement_asymmetry_dS2,0.04770000000000074
Turkeshi2024_arXiv,random_circuit_TF,quantum,theta_tilt_angle,1.2,time_steps,115.0,entanglement_asymmetry_dS2,0.04496999999999929
Turkeshi2024_arXiv,random_circuit_TF,quantum,theta_tilt_angle,1.2,time_steps,116.0,entanglement_asymmetry_dS2,0.04238999999999926
Turkeshi2024_arXiv,random_circuit_TF,quantum,theta_tilt_angle,1.2,time_steps,117.0,entanglement_asymmetry_dS2,0.040040000000001186
Turkeshi2024_arXiv,random_circuit_TF,quantum,theta_tilt_angle,1.2,time_steps,118.0,entanglement_asymmetry_dS2,0.037710000000000576
Turkeshi2024_arXiv,random_circuit_TF,quantum,theta_tilt_angle,1.2,time_steps,119.0,entanglement_asymmetry_dS2,0.03561999999999976
Turkeshi2024_arXiv,random_circuit_TF,quantum,theta_tilt_angle,1.2,time_steps,120.0,entanglement_asymmetry_dS2,0.03401000000000032
Turkeshi2024_arXiv,random_circuit_TF,quantum,theta_tilt_angle,1.2,time_steps,121.0,entanglement_asymmetry_dS2,0.032389999999999475
Turkeshi2024_arXiv,random_circuit_TF,quantum,theta_tilt_angle,1.2,time_steps,122.0,entanglement_asymmetry_dS2,0.030709999999999127
Turkeshi2024_arXiv,random_circuit_TF,quantum,theta_tilt_angle,1.2,time_steps,123.0,entanglement_asymmetry_dS2,0.029009999999999536
Turkeshi2024_arXiv,random_circuit_TF,quantum,theta_tilt_angle,1.2,time_steps,124.0,entanglement_asymmetry_dS2,0.027480000000000615
Turkeshi2024_arXiv,random_circuit_TF,quantum,theta_tilt_angle,1.2,time_steps,125.0,entanglement_asymmetry_dS2,0.026049999999999685
Turkeshi2024_arXiv,random_circuit_TF,quantum,theta_tilt_angle,1.2,time_steps,126.0,entanglement_asymmetry_dS2,0.02459999999999951
Turkeshi2024_arXiv,random_circuit_TF,quantum,theta_tilt_angle,1.2,time_steps,127.0,entanglement_asymmetry_dS2,0.023469999999999658
Turkeshi2024_arXiv,random_circuit_TF,quantum,theta_tilt_angle,1.2,time_steps,128.0,entanglement_asymmetry_dS2,0.02217000000000091
Turkeshi2024_arXiv,random_circuit_TF,quantum,theta_tilt_angle,1.2,time_steps,129.0,entanglement_asymmetry_dS2,0.0210600000000003
Turkeshi2024_arXiv,random_circuit_TF,quantum,theta_tilt_angle,1.2,time_steps,130.0,entanglement_asymmetry_dS2,0.01983000000000068
Turkeshi2024_arXiv,random_circuit_TF,quantum,theta_tilt_angle,1.2,time_steps,131.0,entanglement_asymmetry_dS2,0.018909999999999982
Turkeshi2024_arXiv,random_circuit_TF,quantum,theta_tilt_angle,1.2,time_steps,132.0,entanglement_asymmetry_dS2,0.017979999999999663
Turkeshi2024_arXiv,random_circuit_TF,quantum,theta_tilt_angle,1.2,time_steps,133.0,entanglement_asymmetry_dS2,0.016970000000000596
Turkeshi2024_arXiv,random_circuit_TF,quantum,theta_tilt_angle,1.2,time_steps,134.0,entanglement_asymmetry_dS2,0.016329999999999956
Turkeshi2024_arXiv,random_circuit_TF,quantum,theta_tilt_angle,1.2,time_steps,135.0,entanglement_asymmetry_dS2,0.015520000000000422
Turkeshi2024_arXiv,random_circuit_TF,quantum,theta_tilt_angle,1.2,time_steps,136.0,entanglement_asymmetry_dS2,0.015019999999999811
Turkeshi2024_arXiv,random_circuit_TF,quantum,theta_tilt_angle,1.2,time_steps,137.0,entanglement_asymmetry_dS2,0.01440000000000019
Turkeshi2024_arXiv,random_circuit_TF,quantum,theta_tilt_angle,1.2,time_steps,138.0,entanglement_asymmetry_dS2,0.013999999999999346
Turkeshi2024_arXiv,random_circuit_TF,quantum,theta_tilt_angle,1.2,time_steps,139.0,entanglement_asymmetry_dS2,0.013459999999998473
Turkeshi2024_arXiv,random_circuit_TF,quantum,theta_tilt_angle,1.2,time_steps,140.0,entanglement_asymmetry_dS2,0.013309999999998823
Turkeshi2024_arXiv,random_circuit_TF,quantum,theta_tilt_angle,1.2,time_steps,141.0,entanglement_asymmetry_dS2,0.012940000000000396
Turkeshi2024_arXiv,random_circuit_TF,quantum,theta_tilt_angle,1.2,time_steps,142.0,entanglement_asymmetry_dS2,0.012900000000000134
Turkeshi2024_arXiv,random_circuit_TF,quantum,theta_tilt_angle,1.2,time_steps,143.0,entanglement_asymmetry_dS2,0.012900000000000134
Turkeshi2024_arXiv,random_circuit_TF,quantum,theta_tilt_angle,1.2,time_steps,144.0,entanglement_asymmetry_dS2,0.013080000000000425
Turkeshi2024_arXiv,random_circuit_TF,quantum,theta_tilt_angle,1.2,time_steps,145.0,entanglement_asymmetry_dS2,0.012890000000000512
Turkeshi2024_arXiv,random_circuit_TF,quantum,theta_tilt_angle,1.2,time_steps,146.0,entanglement_asymmetry_dS2,0.012579999999999814
Turkeshi2024_arXiv,random_circuit_TF,quantum,theta_tilt_angle,1.2,time_steps,147.0,entanglement_asymmetry_dS2,0.012769999999999726
Turkeshi2024_arXiv,random_circuit_TF,quantum,theta_tilt_angle,1.2,time_steps,148.0,entanglement_asymmetry_dS2,0.012540000000001328
Turkeshi2024_arXiv,random_circuit_TF,quantum,theta_tilt_angle,1.2,time_steps,149.0,entanglement_asymmetry_dS2,0.01191999999999993
Turkeshi2024_arXiv,random_circuit_TF,quantum,theta_tilt_angle,1.2,time_steps,150.0,entanglement_asymmetry_dS2,0.011490000000000222
Turkeshi2024_arXiv,random_circuit_TF,quantum,theta_tilt_angle,1.2,time_steps,151.0,entanglement_asymmetry_dS2,0.011870000000000047
Turkeshi2024_arXiv,random_circuit_TF,quantum,theta_tilt_angle,1.2,time_steps,152.0,entanglement_asymmetry_dS2,0.011459999999999582
Turkeshi2024_arXiv,random_circuit_TF,quantum,theta_tilt_angle,1.2,time_steps,153.0,entanglement_asymmetry_dS2,0.011380000000000834
Turkeshi2024_arXiv,random_circuit_TF,quantum,theta_tilt_angle,1.2,time_steps,154.0,entanglement_asymmetry_dS2,0.010930000000000106
Turkeshi2024_arXiv,random_circuit_TF,quantum,theta_tilt_angle,1.2,time_steps,155.0,entanglement_asymmetry_dS2,0.010810000000001097
Turkeshi2024_arXiv,random_circuit_TF,quantum,theta_tilt_angle,1.2,time_steps,156.0,entanglement_asymmetry_dS2,0.009940000000000282
Turkeshi2024_arXiv,random_circuit_TF,quantum,theta_tilt_angle,1.2,time_steps,157.0,entanglement_asymmetry_dS2,0.00975000000000037
Turkeshi2024_arXiv,random_circuit_TF,quantum,theta_tilt_angle,1.2,time_steps,158.0,entanglement_asymmetry_dS2,0.00943000000000005
Turkeshi2024_arXiv,random_circuit_TF,quantum,theta_tilt_angle,1.2,time_steps,159.0,entanglement_asymmetry_dS2,0.009149999999999991
Turkeshi2024_arXiv,random_circuit_TF,quantum,theta_tilt_angle,1.2,time_steps,160.0,entanglement_asymmetry_dS2,0.00846999999999909
Turkeshi2024_arXiv,random_circuit_TF,quantum,theta_tilt_angle,1.2,time_steps,161.0,entanglement_asymmetry_dS2,0.008129999999999526
Turkeshi2024_arXiv,random_circuit_TF,quantum,theta_tilt_angle,1.2,time_steps,162.0,entanglement_asymmetry_dS2,0.007749999999999702
Turkeshi2024_arXiv,random_circuit_TF,quantum,theta_tilt_angle,1.2,time_steps,163.0,entanglement_asymmetry_dS2,0.007490000000000663
Turkeshi2024_arXiv,random_circuit_TF,quantum,theta_tilt_angle,1.2,time_steps,164.0,entanglement_asymmetry_dS2,0.007089999999999819
Turkeshi2024_arXiv,random_circuit_TF,quantum,theta_tilt_angle,1.2,time_steps,165.0,entanglement_asymmetry_dS2,0.006600000000000605
Turkeshi2024_arXiv,random_circuit_TF,quantum,theta_tilt_angle,1.2,time_steps,166.0,entanglement_asymmetry_dS2,0.0060800000000007515
Turkeshi2024_arXiv,random_circuit_TF,quantum,theta_tilt_angle,1.2,time_steps,167.0,entanglement_asymmetry_dS2,0.005499999999999616
Turkeshi2024_arXiv,random_circuit_TF,quantum,theta_tilt_angle,1.2,time_steps,168.0,entanglement_asymmetry_dS2,0.0050600000000002865
Turkeshi2024_arXiv,random_circuit_TF,quantum,theta_tilt_angle,1.2,time_steps,169.0,entanglement_asymmetry_dS2,0.0050200000000000244
Turkeshi2024_arXiv,random_circuit_TF,quantum,theta_tilt_angle,1.2,time_steps,170.0,entanglement_asymmetry_dS2,0.004659999999999442
Turkeshi2024_arXiv,random_circuit_TF,quantum,theta_tilt_angle,1.2,time_steps,171.0,entanglement_asymmetry_dS2,0.00435000000000052
Turkeshi2024_arXiv,random_circuit_TF,quantum,theta_tilt_angle,1.2,time_steps,172.0,entanglement_asymmetry_dS2,0.003980000000000317
Turkeshi2024_arXiv,random_circuit_TF,quantum,theta_tilt_angle,1.2,time_steps,173.0,entanglement_asymmetry_dS2,0.004620000000000957
Turkeshi2024_arXiv,random_circuit_TF,quantum,theta_tilt_angle,1.2,time_steps,174.0,entanglement_asymmetry_dS2,0.004260000000000375
Turkeshi2024_arXiv,random_circuit_TF,quantum,theta_tilt_angle,1.2,time_steps,175.0,entanglement_asymmetry_dS2,0.004009999999999181
Turkeshi2024_arXiv,random_circuit_TF,quantum,theta_tilt_angle,1.2,time_steps,176.0,entanglement_asymmetry_dS2,0.004109999999998948
Turkeshi2024_arXiv,random_circuit_TF,quantum,theta_tilt_angle,1.2,time_steps,177.0,entanglement_asymmetry_dS2,0.004049999999999443
Turkeshi2024_arXiv,random_circuit_TF,quantum,theta_tilt_angle,1.2,time_steps,178.0,entanglement_asymmetry_dS2,0.003929999999998657
Turkeshi2024_arXiv,random_circuit_TF,quantum,theta_tilt_angle,1.2,time_steps,179.0,entanglement_asymmetry_dS2,0.003750000000000142
Turkeshi2024_arXiv,random_circuit_TF,quantum,theta_tilt_angle,1.2,time_steps,180.0,entanglement_asymmetry_dS2,0.003449999999999065
Turkeshi2024_arXiv,random_circuit_TF,quantum,theta_tilt_angle,1.2,time_steps,181.0,entanglement_asymmetry_dS2,0.003869999999999152
Turkeshi2024_arXiv,random_circuit_TF,quantum,theta_tilt_angle,1.2,time_steps,182.0,entanglement_asymmetry_dS2,0.0037799999999990064
Turkeshi2024_arXiv,random_circuit_TF,quantum,theta_tilt_angle,1.2,time_steps,183.0,entanglement_asymmetry_dS2,0.0037000000000002586
Turkeshi2024_arXiv,random_circuit_TF,quantum,theta_tilt_angle,1.2,time_steps,184.0,entanglement_asymmetry_dS2,0.0038000000000000256
Turkeshi2024_arXiv,random_circuit_TF,quantum,theta_tilt_angle,1.2,time_steps,185.0,entanglement_asymmetry_dS2,0.0036399999999989774
Turkeshi2024_arXiv,random_circuit_TF,quantum,theta_tilt_angle,1.2,time_steps,186.0,entanglement_asymmetry_dS2,0.003610000000000113
Turkeshi2024_arXiv,random_circuit_TF,quantum,theta_tilt_angle,1.2,time_steps,187.0,entanglement_asymmetry_dS2,0.0037000000000002586
Turkeshi2024_arXiv,random_circuit_TF,quantum,theta_tilt_angle,1.2,time_steps,188.0,entanglement_asymmetry_dS2,0.003400000000000958
Turkeshi2024_arXiv,random_circuit_TF,quantum,theta_tilt_angle,1.2,time_steps,189.0,entanglement_asymmetry_dS2,0.0034999999999989484
Turkeshi2024_arXiv,random_circuit_TF,quantum,theta_tilt_angle,1.2,time_steps,190.0,entanglement_asymmetry_dS2,0.0030799999999988614
Turkeshi2024_arXiv,random_circuit_TF,quantum,theta_tilt_angle,1.2,time_steps,191.0,entanglement_asymmetry_dS2,0.003200000000001424
Turkeshi2024_arXiv,random_circuit_TF,quantum,theta_tilt_angle,1.2,time_steps,192.0,entanglement_asymmetry_dS2,0.003080000000000638
Turkeshi2024_arXiv,random_circuit_TF,quantum,theta_tilt_angle,1.2,time_steps,193.0,entanglement_asymmetry_dS2,0.00306999999999924
Turkeshi2024_arXiv,random_circuit_TF,quantum,theta_tilt_angle,1.2,time_steps,194.0,entanglement_asymmetry_dS2,0.0031800000000004047
Turkeshi2024_arXiv,random_circuit_TF,quantum,theta_tilt_angle,1.2,time_steps,195.0,entanglement_asymmetry_dS2,0.002840000000000842
Turkeshi2024_arXiv,random_circuit_TF,quantum,theta_tilt_angle,1.2,time_steps,196.0,entanglement_asymmetry_dS2,0.0028399999999990655
Turkeshi2024_arXiv,random_circuit_TF,quantum,theta_tilt_angle,1.2,time_steps,197.0,entanglement_asymmetry_dS2,0.0026799999999997937
Turkeshi2024_arXiv,random_circuit_TF,quantum,theta_tilt_angle,1.2,time_steps,198.0,entanglement_asymmetry_dS2,0.0025199999999987455
Turkeshi2024_arXiv,random_circuit_TF,quantum,theta_tilt_angle,1.2,time_steps,199.0,entanglement_asymmetry_dS2,0.002369999999999095
Turkeshi2024_arXiv,random_circuit_TF,quantum,theta_tilt_angle,1.2,time_steps,200.0,entanglement_asymmetry_dS2,0.002169999999999561
Turkeshi2024_arXiv,random_circuit_TF,quantum,theta_tilt_angle,1.2,time_steps,201.0,entanglement_asymmetry_dS2,0.0020100000000002893
Turkeshi2024_arXiv,random_circuit_TF,quantum,theta_tilt_angle,1.2,time_steps,202.0,entanglement_asymmetry_dS2,0.001760000000000872
Turkeshi2024_arXiv,random_circuit_TF,quantum,theta_tilt_angle,1.2,time_steps,203.0,entanglement_asymmetry_dS2,0.001620000000000843
Turkeshi2024_arXiv,random_circuit_TF,quantum,theta_tilt_angle,1.2,time_steps,204.0,entanglement_asymmetry_dS2,0.0014300000000009305
Turkeshi2024_arXiv,random_circuit_TF,quantum,theta_tilt_angle,1.2,time_steps,205.0,entanglement_asymmetry_dS2,0.0014099999999999113
Turkeshi2024_arXiv,random_circuit_TF,quantum,theta_tilt_angle,1.2,time_steps,206.0,entanglement_asymmetry_dS2,0.001480000000000814
Turkeshi2024_arXiv,random_circuit_TF,quantum,theta_tilt_angle,1.2,time_steps,207.0,entanglement_asymmetry_dS2,0.001340000000000785
Turkeshi2024_arXiv,random_circuit_TF,quantum,theta_tilt_angle,1.2,time_steps,208.0,entanglement_asymmetry_dS2,0.0012899999999991252
Turkeshi2024_arXiv,random_circuit_TF,quantum,theta_tilt_angle,1.2,time_steps,209.0,entanglement_asymmetry_dS2,0.0014500000000001734
Turkeshi2024_arXiv,random_circuit_TF,quantum,theta_tilt_angle,1.2,time_steps,210.0,entanglement_asymmetry_dS2,0.001160000000000494
Turkeshi2024_arXiv,random_circuit_TF,quantum,theta_tilt_angle,1.2,time_steps,211.0,entanglement_asymmetry_dS2,0.0013699999999996493
Turkeshi2024_arXiv,random_circuit_TF,quantum,theta_tilt_angle,1.2,time_steps,212.0,entanglement_asymmetry_dS2,0.0011299999999998533
Turkeshi2024_arXiv,random_circuit_TF,quantum,theta_tilt_angle,1.2,time_steps,213.0,entanglement_asymmetry_dS2,0.0009100000000010766
Turkeshi2024_arXiv,random_circuit_TF,quantum,theta_tilt_angle,1.2,time_steps,214.0,entanglement_asymmetry_dS2,0.0007199999999993878
Turkeshi2024_arXiv,random_circuit_TF,quantum,theta_tilt_angle,1.2,time_steps,215.0,entanglement_asymmetry_dS2,0.0007299999999990092
Turkeshi2024_arXiv,random_circuit_TF,quantum,theta_tilt_angle,1.2,time_steps,216.0,entanglement_asymmetry_dS2,0.00046999999999997044
Turkeshi2024_arXiv,random_circuit_TF,quantum,theta_tilt_angle,1.2,time_steps,217.0,entanglement_asymmetry_dS2,0.0002300000000001745
Turkeshi2024_arXiv,random_circuit_TF,quantum,theta_tilt_angle,1.2,time_steps,218.0,entanglement_asymmetry_dS2,8.999999999836916e-05
Turkeshi2024_arXiv,random_circuit_TF,quantum,theta_tilt_angle,1.2,time_steps,219.0,entanglement_asymmetry_dS2,1.9999999999242846e-05
Turkeshi2024_arXiv,random_circuit_TF,quantum,theta_tilt_angle,1.2,time_steps,220.0,entanglement_asymmetry_dS2,-0.00013000000000040757
Turkeshi2024_arXiv,random_circuit_TF,quantum,theta_tilt_angle,1.2,time_steps,221.0,entanglement_asymmetry_dS2,-0.0006199999999996209
Turkeshi2024_arXiv,random_circuit_TF,quantum,theta_tilt_angle,1.2,time_steps,222.0,entanglement_asymmetry_dS2,-0.0007300000000007856
Turkeshi2024_arXiv,random_circuit_TF,quantum,theta_tilt_angle,1.2,time_steps,223.0,entanglement_asymmetry_dS2,-0.000740000000000407
Turkeshi2024_arXiv,random_circuit_TF,quantum,theta_tilt_angle,1.2,time_steps,224.0,entanglement_asymmetry_dS2,-0.0007999999999999119
Turkeshi2024_arXiv,random_circuit_TF,quantum,theta_tilt_angle,1.2,time_steps,225.0,entanglement_asymmetry_dS2,-0.0007899999999985141
Turkeshi2024_arXiv,random_circuit_TF,quantum,theta_tilt_angle,1.2,time_steps,226.0,entanglement_asymmetry_dS2,-0.0008300000000005525
Turkeshi2024_arXiv,random_circuit_TF,quantum,theta_tilt_angle,1.2,time_steps,227.0,entanglement_asymmetry_dS2,-0.0006900000000005235
Turkeshi2024_arXiv,random_circuit_TF,quantum,theta_tilt_angle,1.2,time_steps,228.0,entanglement_asymmetry_dS2,-0.0006900000000005235
Turkeshi2024_arXiv,random_circuit_TF,quantum,theta_tilt_angle,1.2,time_steps,229.0,entanglement_asymmetry_dS2,-0.0008100000000013097
Turkeshi2024_arXiv,random_circuit_TF,quantum,theta_tilt_angle,1.2,time_steps,230.0,entanglement_asymmetry_dS2,-0.0008499999999997954
Turkeshi2024_arXiv,random_circuit_TF,quantum,theta_tilt_angle,1.2,time_steps,231.0,entanglement_asymmetry_dS2,-0.000740000000000407
Turkeshi2024_arXiv,random_circuit_TF,quantum,theta_tilt_angle,1.2,time_steps,232.0,entanglement_asymmetry_dS2,-0.0006900000000005235
Turkeshi2024_arXiv,random_circuit_TF,quantum,theta_tilt_angle,1.2,time_steps,233.0,entanglement_asymmetry_dS2,-0.0005900000000007566
Turkeshi2024_arXiv,random_circuit_TF,quantum,theta_tilt_angle,1.2,time_steps,234.0,entanglement_asymmetry_dS2,-0.0004399999999993298
Turkeshi2024_arXiv,random_circuit_TF,quantum,theta_tilt_angle,1.2,time_steps,235.0,entanglement_asymmetry_dS2,-0.00019999999999953388
Turkeshi2024_arXiv,random_circuit_TF,quantum,theta_tilt_angle,1.2,time_steps,236.0,entanglement_asymmetry_dS2,-0.0001499999999996504
Turkeshi2024_arXiv,random_circuit_TF,quantum,theta_tilt_angle,1.2,time_steps,237.0,entanglement_asymmetry_dS2,-0.00018000000000029104
Turkeshi2024_arXiv,random_circuit_TF,quantum,theta_tilt_angle,1.2,time_steps,238.0,entanglement_asymmetry_dS2,-0.00019999999999953388
Turkeshi2024_arXiv,random_circuit_TF,quantum,theta_tilt_angle,1.2,time_steps,239.0,entanglement_asymmetry_dS2,-0.00019999999999953388
Turkeshi2024_arXiv,random_circuit_TF,quantum,theta_tilt_angle,1.2,time_steps,240.0,entanglement_asymmetry_dS2,-5.9999999999504894e-05
Turkeshi2024_arXiv,random_circuit_TF,quantum,theta_tilt_angle,1.2,time_steps,241.0,entanglement_asymmetry_dS2,-0.00015999999999927184
Turkeshi2024_arXiv,random_circuit_TF,quantum,theta_tilt_angle,1.2,time_steps,242.0,entanglement_asymmetry_dS2,-0.00015999999999927184
Turkeshi2024_arXiv,random_circuit_TF,quantum,theta_tilt_angle,1.2,time_steps,243.0,entanglement_asymmetry_dS2,-0.00017999999999851468
Turkeshi2024_arXiv,random_circuit_TF,quantum,theta_tilt_angle,1.2,time_steps,244.0,entanglement_asymmetry_dS2,-0.00017999999999851468
Turkeshi2024_arXiv,random_circuit_TF,quantum,theta_tilt_angle,1.2,time_steps,245.0,entanglement_asymmetry_dS2,-0.00017999999999851468
Turkeshi2024_arXiv,random_circuit_TF,quantum,theta_tilt_angle,1.2,time_steps,246.0,entanglement_asymmetry_dS2,-0.0005699999999997374
Turkeshi2024_arXiv,random_circuit_TF,quantum,theta_tilt_angle,1.2,time_steps,247.0,entanglement_asymmetry_dS2,-0.0006299999999992423
Turkeshi2024_arXiv,random_circuit_TF,quantum,theta_tilt_angle,1.2,time_steps,248.0,entanglement_asymmetry_dS2,-0.000600000000000378
Turkeshi2024_arXiv,random_circuit_TF,quantum,theta_tilt_angle,1.2,time_steps,249.0,entanglement_asymmetry_dS2,-0.0005399999999990968
Turkeshi2024_arXiv,random_circuit_TF,quantum,theta_tilt_angle,1.2,time_steps,250.0,entanglement_asymmetry_dS2,-0.0005399999999990968
Turkeshi2024_arXiv,random_circuit_TF,quantum,theta_tilt_angle,1.2,time_steps,251.0,entanglement_asymmetry_dS2,-0.0005300000000012517
Turkeshi2024_arXiv,random_circuit_TF,quantum,theta_tilt_angle,1.2,time_steps,252.0,entanglement_asymmetry_dS2,-0.0005200000000016303
Turkeshi2024_arXiv,random_circuit_TF,quantum,theta_tilt_angle,1.2,time_steps,253.0,entanglement_asymmetry_dS2,-0.00140000000000029
Turkeshi2024_arXiv,random_circuit_TF,quantum,theta_tilt_angle,1.2,time_steps,254.0,entanglement_asymmetry_dS2,-0.0013900000000006685
Turkeshi2024_arXiv,random_circuit_TF,quantum,theta_tilt_angle,1.2,time_steps,255.0,entanglement_asymmetry_dS2,-0.0013100000000001444
