t,0.0006666667,0.002,0.003333333,0.004666667,0.006,0.007333333,0.008666667,0.01,0.01133333,0.01266667,0.014,0.01533333,0.01666667,0.018,0.01933333,0.02066667,0.022,0.02333333,0.02466667,0.026,0.02733333,0.02866667,0.03,0.03133333,0.03266667,0.034,0.03533333,0.03666667,0.038,0.03933333,0.04066667,0.042,0.04333333,0.04466667,0.046,0.04733333,0.04866667,0.05,0.05133333,0.05266667,0.054,0.05533333,0.05666667,0.058,0.05933333,0.06066667,0.062,0.06333333,0.06466667,0.066,0.06733333,0.06866667,0.07,0.07133333,0.07266667,0.074,0.07533333,0.07666667,0.078,0.07933333
0,95,95,95,95,95,95,95,95,95,95,95,95,95,95,95,95,95,95,95,95,95,95,95,95,95,95,95,95,95,95,95,95,95,95,95,95,95,95,95,95,95,95,95,95,95,95,95,95,95,95,95,95,95,95,95,95,95,95,95,95
10,89.80428,90.95408,92.08737,93.12976,93.9654,94.53732,94.85043,94.97297,95,95,95,95,95,95,95,95,95,95,95,95,95,95,95,95,95,95,95,95,95,95,95,95,95,95,95,95,95,95,95,95,95,95,95,95,95,95,95,95,95,95,95,95,95,95,95,95,95,95,95,95
20,85.27592,86.40077,87.56012,88.74973,89.91668,91.03216,92.05845,92.95447,93.68527,94.23267,94.60214,94.82188,94.93383,94.98082,94.99612,94.99958,95,95,95,95,95,95,95,95,95,95,95,95,95,95,95,95,95,95,95,95,95,95,95,95,95,95,95,95,95,95,95,95,95,95,95,95,95,95,95,95,95,95,95,95
30,80.94034,82.02198,83.14207,84.30561,85.4768,86.6498,87.81483,88.95697,90.05582,91.08623,92.02089,92.83438,93.50802,94.03411,94.41804,94.67725,94.83738,94.92673,94.97107,94.99026,94.99731,94.99943,94.99992,94.99999,95,95,95,95,95,95,95,95,95,95,95,95,95,95,95,95,95,95,95,95,95,95,95,95,95,95,95,95,95,95,95,95,95,95,95,95
40,76.77592,77.8142,78.89017,80.00963,81.14104,82.28344,83.43493,84.59209,85.74933,86.89817,88.02666,89.11928,90.15742,91.12071,91.98922,92.74607,93.38016,93.88814,94.2751,94.55379,94.74241,94.86157,94.93135,94.96889,94.98728,94.99537,94.99853,94.99961,94.99991,94.99999,95,95,95,95,95,95,95,95,95,95,95,95,95,95,95,95,95,95,95,95,95,95,95,95,95,95,95,95,95,95
50,72.77368,73.76997,74.80266,75.87712,76.9638,78.06266,79.17345,80.2956,81.42797,82.56855,83.71406,84.85949,85.99766,87.11886,88.21075,89.25869,90.24645,91.15753,91.97679,92.69225,93.29674,93.78894,94.17365,94.46114,94.66568,94.80361,94.89135,94.94374,94.97292,94.98798,94.99513,94.99822,94.99942,94.99984,94.99996,94.99999,95,95,95,95,95,95,95,95,95,95,95,95,95,95,95,95,95,95,95,95,95,95,95,95
60,68.92909,69.88494,70.87584,71.90662,72.94926,74.00386,75.07049,76.14916,77.23974,78.34192,79.45502,80.57784,81.70844,82.84377,83.97943,85.10928,86.22527,87.3173,88.37342,89.38028,90.32394,91.19094,91.96959,92.65115,93.23092,93.70881,94.08938,94.38131,94.59634,94.74797,94.84997,94.91519,94.95468,94.97722,94.98929,94.99532,94.99812,94.99931,94.99977,94.99993,94.99998,95,95,95,95,95,95,95,95,95,95,95,95,95,95,95,95,95,95,95
70,65.23649,66.15339,67.10405,68.09275,69.09286,70.10449,71.12778,72.16283,73.20974,74.26854,75.33921,76.42157,77.51525,78.61956,79.7333,80.85464,81.98083,83.108,84.23088,85.34266,86.43491,87.49763,88.51962,89.48891,90.39356,91.22256,91.9667,92.61954,93.17803,93.64284,94.01833,94.31208,94.53411,94.69584,94.8091,94.88515,94.93398,94.96386,94.98123,94.99079,94.99575,94.99817,94.99927,94.99973,94.99991,94.99997,94.99999,95,95,95,95,95,95,95,95,95,95,95,95,95
80,61.69039,62.56981,63.48173,64.42995,65.38911,66.35935,67.3408,68.33357,69.33781,70.35361,71.38109,72.42032,73.47132,74.53402,75.60824,76.69358,77.78933,78.89439,80.00704,81.12481,82.24431,83.36097,84.46898,85.56117,86.62906,87.66307,88.65283,89.58774,90.45757,91.25321,91.96739,92.59529,93.13504,93.5878,93.95776,94.25169,94.47831,94.64755,94.76974,94.85485,94.91192,94.94868,94.97137,94.98475,94.99227,94.99628,94.99831,94.99928,94.99971,94.99989,94.99996,94.99999,95,95,95,95,95,95,95,95
90,58.2855,59.12885,60.00349,60.91276,61.83254,62.76296,63.70413,64.65619,65.61926,66.59346,67.57893,68.57579,69.58413,70.60406,71.63563,72.67886,73.73365,74.79982,75.87695,76.96438,78.06107,79.16544,80.2753,81.38765,82.49851,83.60288,84.69458,85.76634,86.80986,87.8161,88.77559,89.67894,90.51737,91.28334,91.97105,92.57691,93.09987,93.54147,93.90569,94.19869,94.42823,94.60307,94.73236,94.82503,94.88929,94.93234,94.96014,94.97741,94.98772,94.99361,94.99683,94.9985,94.99933,94.99972,94.99989,94.99996,94.99999,95,95,95
100,55.01672,55.82536,56.66412,57.53593,58.41783,59.30994,60.21237,61.12526,62.04871,62.98287,63.92784,64.88376,65.85075,66.82894,67.81843,68.81933,69.83174,70.85569,71.89118,72.93813,73.99633,75.0654,76.1447,77.23326,78.32967,79.43196,80.53748,81.64276,82.74344,83.83416,84.90863,85.9596,86.9791,87.95868,88.88975,89.76401,90.57393,91.31321,91.97721,92.56331,93.07106,93.50222,93.86065,94.15198,94.38322,94.56221,94.69716,94.79612,94.86662,94.91533,94.94794,94.96904,94.98223,94.99017,94.99478,94.99734,94.9987,94.9994,94.99973,94.99988
110,51.87909,52.65432,53.45857,54.29435,55.13982,55.99508,56.86026,57.73547,58.62083,59.51645,60.42246,61.33899,62.26614,63.20406,64.15285,65.11265,66.08358,67.06574,68.05923,69.06413,70.08049,71.1083,72.14747,73.1978,74.25892,75.33024,76.41087,77.49955,78.59451,79.6934,80.79318,81.89003,82.97928,84.05541,85.11207,86.14221,87.13825,88.09235,88.99673,89.84408,90.6279,91.34294,91.98549,92.55366,93.04747,93.46884,93.82149,94.11065,94.34268,94.52471,94.66417,94.76839,94.84427,94.89805,94.9351,94.95988,94.97596,94.98604,94.99215,94.9955
120,48.8678,49.61091,50.38195,51.18308,51.99351,52.81335,53.6427,54.48168,55.3304,56.18898,57.05752,57.93615,58.82499,59.72416,60.63378,61.55396,62.48484,63.42654,64.37917,65.34286,66.31771,67.30381,68.30125,69.31006,70.33023,71.36168,72.40421,73.45748,74.52096,75.59382,76.67493,77.76272,78.8551,79.94939,81.04222,82.1295,83.20637,84.26723,85.3058,86.31529,87.28854,88.21832,89.09762,89.91995,90.67974,91.3726,91.99557,92.54733,93.02826,93.44041,93.78735,94.07397,94.30612,94.49032,94.63336,94.74195,94.82248,94.88073,94.92151,94.94719
130,45.97824,46.69044,47.42953,48.19735,48.9741,49.75987,50.55477,51.35891,52.1724,52.99535,53.82787,54.67007,55.52207,56.38398,57.25591,58.13799,59.03034,59.93307,60.84631,61.77019,62.70481,63.6503,64.60678,65.57434,66.55309,67.5431,68.54439,69.55697,70.58076,71.61556,72.66108,73.71681,74.78203,75.8557,76.93642,78.02234,79.11108,80.19968,81.28452,82.36131,83.42508,84.47024,85.49065,86.47981,87.43101,88.3376,89.19326,89.99227,90.72982,91.40223,92.00718,92.5438,93.01276,93.41618,93.75751,94.04133,94.27304,94.45843,94.60232,94.70148
140,43.2059,43.88838,44.59675,45.33254,46.07689,46.82991,47.5917,48.36235,49.14197,49.93067,50.72855,51.53572,52.3523,53.17838,54.01409,54.85953,55.71483,56.58009,57.45544,58.34099,59.23687,60.14319,61.06008,61.98766,62.92603,63.87533,64.83564,65.80706,66.78967,67.78349,68.78852,69.8047,70.83184,71.86968,72.91776,73.97542,75.04174,76.11546,77.19493,78.27806,79.3622,80.44417,81.52014,82.58569,83.63583,84.66503,85.66735,86.63659,87.56651,88.45099,89.28434,90.06153,90.77838,91.43185,92.0201,92.54265,93.00024,93.3943,93.72362,93.96534
150,40.54644,41.20034,41.87917,42.58417,43.29739,44.01892,44.74887,45.48732,46.23439,46.99016,47.75474,48.52825,49.31077,50.10242,50.9033,51.71352,52.5332,53.36244,54.20136,55.05007,55.90869,56.77733,57.65612,58.54517,59.4446,60.35453,61.27508,62.20637,63.14851,64.10159,65.06572,66.04096,67.02734,68.02488,69.03349,70.05304,71.08326,72.12376,73.17394,74.23296,75.29972,76.37274,77.45016,78.52962,79.6083,80.68279,81.74916,82.80291,83.83905,84.85218,85.83657,86.78638,87.69577,88.55915,89.3714,90.12801,90.8251,91.45837,92.01663,92.44509
160,37.99568,38.6221,39.27252,39.94792,40.63122,41.32249,42.02183,42.72933,43.4451,44.16923,44.90181,45.64294,46.39273,47.15128,47.91869,48.69506,49.4805,50.27512,51.07902,51.89232,52.71512,53.54754,54.38969,55.24169,56.10366,56.9757,57.85795,58.75051,59.65352,60.56707,61.4913,62.42631,63.3722,64.32907,65.29697,66.27596,67.26603,68.26713,69.27913,70.3018,71.33477,72.37752,73.4293,74.48912,75.55566,76.62726,77.70183,78.77685,79.84928,80.91559,81.97175,83.01325,84.03515,85.03219,85.99888,86.92961,87.8184,88.65716,89.42521,90.03361
170,35.54953,36.14954,36.77265,37.41961,38.07415,38.73633,39.40626,40.08402,40.76971,41.46342,42.16524,42.87527,43.5936,44.32034,45.05557,45.79941,46.55194,47.31328,48.08353,48.86279,49.65117,50.44878,51.25572,52.07212,52.89807,53.73369,54.5791,55.43441,56.29974,57.17521,58.06094,58.95704,59.86363,60.78083,61.70874,62.64746,63.59709,64.5577,65.52932,66.51197,67.5056,68.5101,69.52526,70.55076,71.58613,72.6307,73.68358,74.7436,75.80928,76.87875,77.94976,79.0196,80.0851,81.14262,82.18804,83.21672,84.22302,85.19768,86.11387,86.8558
180,33.20408,33.7787,34.37556,34.9952,35.62209,36.25633,36.89799,37.54718,38.20396,38.86844,39.5407,40.22084,40.90894,41.6051,42.30942,43.02199,43.7429,44.47226,45.21017,45.95672,46.71202,47.47618,48.24929,49.03146,49.8228,50.62341,51.43342,52.25293,53.08205,53.92089,54.76958,55.62823,56.49695,57.37587,58.26509,59.16474,60.07494,60.99578,61.92737,62.86979,63.82313,64.78743,65.76269,66.74889,67.74593,68.75363,69.7717,70.79973,71.8371,72.88304,73.9365,74.99615,76.06033,77.12701,78.19372,79.25744,80.31389,81.35435,82.34935,83.16721
190,30.95551,31.50575,32.07738,32.67076,33.2711,33.87848,34.49299,35.11471,35.74373,36.38012,37.02398,37.6754,38.33445,39.00124,39.67585,40.35837,41.0489,41.74754,42.45437,43.16949,43.89301,44.62501,45.36561,46.1149,46.87298,47.63997,48.41595,49.20106,49.99538,50.79903,51.61212,52.43476,53.26707,54.10916,54.96115,55.82316,56.69529,57.57767,58.47041,59.37363,60.28742,61.21191,62.14716,63.09327,64.05027,65.01819,65.997,66.98662,67.98689,68.99757,70.01827,71.04847,72.08746,73.1343,74.18775,75.24612,76.30652,77.3613,78.38074,79.22687
200,28.80017,29.32697,29.87436,30.44252,31.01735,31.59894,32.18736,32.7827,33.38504,33.99445,34.61102,35.23484,35.86599,36.50456,37.15062,37.80428,38.46562,39.13473,39.81171,40.49663,41.18961,41.89073,42.60009,43.31779,44.04392,44.77859,45.52189,46.27394,47.03482,47.80466,48.58355,49.3716,50.16892,50.97562,51.79182,52.61762,53.45315,54.29851,55.15382,56.01919,56.89476,57.78062,58.67688,59.58367,60.50108,61.4292,62.3681,63.31784,64.27844,65.2499,66.23214,67.22502,68.22833,69.24173,70.26469,71.29638,72.33483,73.37345,74.38342,75.22683
210,26.73449,27.23878,27.76289,28.30681,28.85715,29.41396,29.97732,30.54732,31.12403,31.70753,32.29789,32.8952,33.49955,34.111,34.72965,35.35558,35.98888,36.62963,37.27792,37.93384,38.59748,39.26893,39.94828,40.63563,41.33106,42.03469,42.7466,43.46688,44.19565,44.933,45.67903,46.43385,47.19756,47.97026,48.75207,49.5431,50.34344,51.15322,51.97254,52.80152,53.64028,54.48893,55.34758,56.21635,57.09536,57.98471,58.88451,59.79487,60.71588,61.64761,62.59013,63.54345,64.50758,65.48246,66.46792,67.46356,68.46799,69.47539,70.45828,71.28228
220,24.75505,25.23772,25.73945,26.26012,26.78692,27.31994,27.85924,28.4049,28.957,29.5156,30.08079,30.65265,31.23124,31.81666,32.40898,33.00827,33.61464,34.22815,34.84889,35.47694,36.1124,36.75535,37.40588,38.06407,38.73003,39.40383,40.08558,40.77536,41.47327,42.17942,42.89389,43.61678,44.34821,45.08825,45.83703,46.59464,47.36119,48.13679,48.92154,49.71555,50.51894,51.33181,52.15428,52.98647,53.82848,54.68043,55.54244,56.41462,57.29709,58.18994,59.09329,60.00721,60.9318,61.86711,62.81312,63.76965,64.7356,65.70571,66.65395,67.45097
230,22.85852,23.32043,23.80069,24.29901,24.80322,25.31339,25.82959,26.35188,26.88034,27.41504,27.95606,28.50347,29.05734,29.61775,30.18477,30.7585,31.33899,31.92634,32.52062,33.12192,33.73031,34.34589,34.96873,35.59893,36.23656,36.88172,37.5345,38.19499,38.86327,39.53944,40.2236,40.91583,41.61624,42.32493,43.04198,43.7675,44.50159,45.24436,45.9959,46.75632,47.52573,48.30424,49.09195,49.88897,50.69542,51.51141,52.33705,53.17246,54.01774,54.87302,55.73841,56.61401,57.49994,58.39629,59.30311,60.22029,61.14693,62.07816,62.98936,63.75671
240,21.04171,21.48369,21.94331,22.42019,22.90272,23.39095,23.88496,24.38482,24.89059,25.40234,25.92015,26.44408,26.97421,27.51061,28.05335,28.60252,29.15817,29.7204,30.28927,30.86487,31.44728,32.03657,32.63282,33.23613,33.84657,34.46423,35.08919,35.72154,36.36136,37.00875,37.6638,38.32659,38.99722,39.67577,40.36236,41.05706,41.75998,42.47122,43.19087,43.91903,44.65581,45.40132,46.15564,46.9189,47.69119,48.47262,49.26331,50.06337,50.8729,51.69203,52.52086,53.3595,54.20808,55.06669,55.93541,56.81417,57.70216,58.59486,59.46898,60.20625
250,19.30064,19.72347,20.16329,20.61957,21.08127,21.54843,22.02114,22.49945,22.98343,23.47314,23.96865,24.47004,24.97737,25.4907,26.01012,26.53569,27.06749,27.60558,28.15005,28.70097,29.25841,29.82245,30.39317,30.97065,31.55496,32.1462,32.74443,33.34975,33.96224,34.58197,35.20905,35.84355,36.48557,37.13519,37.7925,38.45759,39.13057,39.81151,40.50052,41.1977,41.90313,42.61692,43.33917,44.06999,44.80946,45.5577,46.31481,47.0809,47.85608,48.64045,49.43412,50.23721,51.04983,51.87208,52.70405,53.54568,54.39623,55.25148,56.0894,56.79711
260,17.63326,18.03773,18.45852,18.89504,19.33675,19.7837,20.23596,20.69359,21.15665,21.6252,22.09932,22.57907,23.06451,23.55571,24.05274,24.55566,25.06456,25.57949,26.10052,26.62774,27.16122,27.70102,28.24722,28.7999,29.35913,29.925,30.49758,31.07695,31.66318,32.25637,32.8566,33.46394,34.07848,34.70032,35.32952,35.96619,36.61041,37.26228,37.92187,38.58929,39.26462,39.94797,40.63942,41.33908,42.04705,42.76341,43.48828,44.22176,44.96394,45.71494,46.47485,47.2438,48.02187,48.80919,49.60582,50.41173,51.22624,52.04537,52.84828,53.5273
270,16.0367,16.42354,16.82608,17.24364,17.66616,18.09371,18.52635,18.96413,19.40712,19.85537,20.30896,20.76794,21.23237,21.70232,22.17786,22.65906,23.14597,23.63866,24.13721,24.64169,25.15216,25.66869,26.19136,26.72023,27.25539,27.79691,28.34486,28.89931,29.46035,30.02806,30.6025,31.18377,31.77195,32.3671,32.96933,33.57871,34.19533,34.81927,35.45062,36.08947,36.73591,37.39003,38.05192,38.72167,39.39938,40.08515,40.77906,41.48123,42.19174,42.91069,43.6382,44.37435,45.11926,45.87303,46.63573,47.40732,48.18719,48.97159,49.7408,50.39211
280,14.50815,14.87809,15.26311,15.66248,16.0666,16.47554,16.88935,17.30809,17.73182,18.16059,18.59447,19.03352,19.4778,19.92737,20.38229,20.84262,21.30844,21.7798,22.25677,22.73942,23.22781,23.72201,24.22209,24.72812,25.24017,25.75832,26.28262,26.81317,27.35003,27.89327,28.44297,28.99921,29.56207,30.13163,30.70795,31.29114,31.88125,32.47839,33.08263,33.69406,34.31276,34.93882,35.57233,36.21338,36.86205,37.51844,38.18264,38.85475,39.53485,40.22305,40.91944,41.62413,42.3372,43.05876,43.78888,44.52753,45.27413,46.02518,46.76197,47.38655
290,13.04494,13.39865,13.76688,14.14879,14.53526,14.92634,15.3221,15.72257,16.12782,16.53791,16.95289,17.37282,17.79776,18.22777,18.6629,19.10323,19.5488,19.99969,20.45595,20.91765,21.38486,21.85763,22.33604,22.82015,23.31003,23.80574,24.30736,24.81496,25.32861,25.84837,26.37433,26.90655,27.44512,27.9901,28.54157,29.09961,29.66429,30.23571,30.81393,31.39903,31.99111,32.59024,33.19651,33.81,34.4308,35.059,35.69468,36.33793,36.98885,37.64753,38.31406,38.98853,39.67104,40.36169,41.06053,41.76757,42.48223,43.20124,43.90689,44.50571
300,11.64446,11.98262,12.33473,12.6999,13.06944,13.4434,13.82183,14.20479,14.59232,14.98448,15.38133,15.78292,16.18931,16.60056,17.01671,17.43784,17.864,18.29524,18.73164,19.17324,19.62012,20.07234,20.52995,20.99302,21.46163,21.93582,22.41567,22.90125,23.39263,23.88987,24.39304,24.90221,25.41746,25.93886,26.46648,27.00039,27.54067,28.0874,28.64064,29.20049,29.76702,30.3403,30.92043,31.50747,32.10152,32.70266,33.31097,33.92653,34.54944,35.17979,35.81765,36.46313,37.11631,37.77729,38.44612,39.12281,39.80682,40.49508,41.17078,41.7448
310,10.3042,10.62745,10.9641,11.31323,11.66654,12.02408,12.3859,12.75205,13.12259,13.49756,13.87702,14.26102,14.64962,15.04287,15.44082,15.84354,16.25107,16.66347,17.08081,17.50314,17.93052,18.36302,18.80068,19.24358,19.69177,20.14531,20.60428,21.06874,21.53875,22.01437,22.49568,22.98274,23.47562,23.97439,24.47912,24.98988,25.50674,26.02978,26.55907,27.09468,27.63669,28.18517,28.74021,29.30188,29.87025,30.44542,31.02746,31.61646,32.21249,32.81564,33.42601,34.04366,34.66869,35.3012,35.94123,36.58879,37.24339,37.90212,38.54906,39.09919
320,9.021767,9.330717,9.65255,9.98629,10.32403,10.66583,11.01172,11.36177,11.71601,12.0745,12.43728,12.80442,13.17596,13.55195,13.93244,14.3175,14.70717,15.10151,15.50057,15.90441,16.31309,16.72667,17.1452,17.56874,17.99735,18.43109,18.87003,19.31422,19.76373,20.21862,20.67896,21.14481,21.61623,22.09329,22.57606,23.06461,23.559,24.05932,24.56561,25.07797,25.59645,26.12114,26.65211,27.18943,27.73317,28.28343,28.84026,29.40376,29.974,30.55107,31.13504,31.72599,32.32402,32.9292,33.5416,34.16121,34.78758,35.41797,36.03729,36.56443
330,7.794814,8.090061,8.397685,8.716677,9.039501,9.366205,9.696833,10.03143,10.37005,10.71274,11.05954,11.4105,11.76568,12.12512,12.48888,12.857,13.22955,13.60656,13.9881,14.37421,14.76496,15.16039,15.56057,15.96555,16.37539,16.79014,17.20986,17.63462,18.06447,18.49947,18.93969,19.38519,19.83603,20.29227,20.75398,21.22122,21.69406,22.17257,22.65682,23.14686,23.64278,24.14464,24.65252,25.16648,25.68659,26.21294,26.7456,27.28464,27.83013,28.38217,28.94081,29.50616,30.07827,30.65724,31.24312,31.83591,32.4352,33.03839,33.63117,34.13619
340,6.621102,6.903217,7.197223,7.502079,7.810604,8.122842,8.438836,8.758633,9.082277,9.409814,9.741291,10.07675,10.41625,10.75983,11.10754,11.45943,11.81556,12.17596,12.54069,12.90981,13.28336,13.6614,14.04399,14.43117,14.823,15.21954,15.62084,16.02696,16.43795,16.85389,17.27481,17.7008,18.13189,18.56816,19.00967,19.45648,19.90865,20.36625,20.82934,21.29799,21.77226,22.25223,22.73795,23.2295,23.72695,24.23037,24.73984,25.25541,25.77717,26.30519,26.83955,27.38031,27.92757,28.48139,29.04183,29.6089,30.1822,30.75929,31.3266,31.81032
350,5.49847,5.768001,6.048956,6.340266,6.635088,6.933464,7.235435,7.541045,7.850338,8.163357,8.480147,8.800753,9.125221,9.453597,9.785927,10.12226,10.46264,10.80712,11.15575,11.50857,11.86564,12.227,12.59272,12.96284,13.3374,13.71648,14.10012,14.48837,14.88129,15.27893,15.68136,16.08863,16.5008,16.91792,17.34006,17.76727,18.19962,18.63716,19.07997,19.52809,19.98161,20.44057,20.90505,21.37511,21.85082,22.33225,22.81947,23.31253,23.81153,24.31652,24.82757,25.34477,25.86818,26.39788,26.93392,27.47631,28.02468,28.57673,29.11957,29.58283
360,4.424833,4.68231,4.950759,5.229091,5.510784,5.795877,6.084411,6.376428,6.671969,6.971076,7.273792,7.580161,7.890225,8.204029,8.521619,8.843039,9.168335,9.497553,9.830741,10.16795,10.50921,10.8546,11.20414,11.5579,11.91593,12.27826,12.64496,13.01608,13.39167,13.77179,14.15648,14.54581,14.93983,15.33859,15.74215,16.15058,16.56392,16.98223,17.40559,17.83404,18.26764,18.70647,19.15058,19.60003,20.0549,20.51523,20.98111,21.4526,21.92975,22.41265,22.90137,23.39596,23.8965,24.40306,24.91571,25.43442,25.95888,26.4869,27.00627,27.44983
370,3.398185,3.644115,3.900583,4.166483,4.435599,4.707967,4.983629,5.262622,5.544988,5.830766,6.119998,6.412725,6.708988,7.008831,7.312296,7.619426,7.930266,8.24486,8.563253,8.88549,9.211619,9.541684,9.875734,10.21382,10.55598,10.90227,11.25274,11.60744,11.96642,12.32973,12.69743,13.06956,13.44617,13.82734,14.21309,14.6035,14.99862,15.3985,15.80321,16.21279,16.62731,17.04683,17.47141,17.9011,18.33598,18.77609,19.22151,19.6723,20.12852,20.59024,21.05753,21.53044,22.00905,22.49343,22.98363,23.47965,23.98118,24.48615,24.98298,25.40761
380,2.416594,2.651467,2.896458,3.15045,3.407519,3.667699,3.93103,4.197549,4.467294,4.740304,5.016618,5.296276,5.579318,5.865785,6.155718,6.449158,6.746147,7.046729,7.350947,7.658843,7.970462,8.28585,8.60505,8.92811,9.255075,9.585991,9.920908,10.25987,10.60293,10.95014,11.30154,11.65719,12.01713,12.38142,12.75011,13.12326,13.50091,13.88312,14.26995,14.66144,15.05767,15.45868,15.86453,16.27528,16.69099,17.11172,17.53753,17.96847,18.40462,18.84603,19.29277,19.7449,20.20249,20.66559,21.13427,21.60853,22.08806,22.57094,23.04613,23.45258
390,1.478199,1.702484,1.936484,2.179073,2.424605,2.673113,2.924635,3.179206,3.436863,3.697644,3.961585,4.228725,4.499103,4.772758,5.049728,5.330053,5.613775,5.900934,6.191571,6.485728,6.783448,7.084773,7.389746,7.698412,8.010815,8.327,8.647012,8.970898,9.298704,9.630476,9.966264,10.30611,10.65008,10.9982,11.35054,11.70713,12.06805,12.43332,12.80302,13.17718,13.55587,13.93914,14.32704,14.71964,15.11698,15.51912,15.92613,16.33805,16.75495,17.1769,17.60394,18.03615,18.47357,18.91629,19.36433,19.81772,20.27617,20.73785,21.1923,21.58126
400,0.5812106,0.7953592,1.018834,1.250505,1.484989,1.722321,1.962535,2.205665,2.451747,2.700816,2.952909,3.208061,3.46631,3.727693,3.992249,4.260014,4.531027,4.805329,5.082958,5.363955,5.64836,5.936214,6.227559,6.522437,6.82089,7.122961,7.428695,7.738135,8.051325,8.368312,8.68914,9.013856,9.342507,9.67514,10.0118,10.35255,10.69742,11.04646,11.39974,11.75729,12.11918,12.48544,12.85615,13.23134,13.61107,13.9954,14.38439,14.77808,15.17654,15.57982,15.98799,16.4011,16.8192,17.24236,17.67064,18.10402,18.54226,18.98361,19.41815,19.79032
410,-0.2760948,-0.0716486,0.1417495,0.3629674,0.5868757,0.813507,1.042894,1.27507,1.510069,1.747925,1.988672,2.232346,2.478981,2.728614,2.981281,3.237017,3.495861,3.75785,4.023021,4.291414,4.563067,4.838019,5.116311,5.397982,5.683073,5.971626,6.263683,6.559285,6.858475,7.161297,7.467794,7.778012,8.091994,8.409786,8.731435,9.056986,9.386486,9.719984,10.05753,10.39917,10.74495,11.09492,11.44914,11.80766,12.17052,12.53778,12.9095,13.28572,13.66651,14.05191,14.44198,14.83678,15.23637,15.64079,16.05011,16.46432,16.88318,17.30506,17.72051,18.07654
420,-1.095374,-0.9002139,-0.6964621,-0.4852495,-0.2714647,-0.05507641,0.1639468,0.3856368,0.6100259,0.8371468,1.067032,1.299716,1.535233,1.773615,2.014898,2.259118,2.506309,2.756508,3.009751,3.266075,3.525516,3.788113,4.053904,4.322928,4.595223,4.870829,5.149786,5.432135,5.717916,6.007172,6.299943,6.596273,6.896204,7.19978,7.507046,7.818045,8.132822,8.451425,8.773897,9.100287,9.430642,9.76501,10.10344,10.44598,10.79268,11.14358,11.49875,11.85824,12.22208,12.59035,12.96308,13.34034,13.72218,14.10865,14.49981,14.89564,15.29594,15.69914,16.09628,16.43683
430,-1.878222,-1.691947,-1.497428,-1.295791,-1.091695,-0.8851106,-0.6760069,-0.4643536,-0.2501199,-0.03327452,0.1862143,0.4083785,0.6332506,0.8608633,1.09125,1.324444,1.56048,1.799391,2.041213,2.285981,2.533731,2.784499,3.038321,3.295234,3.555276,3.818485,4.084899,4.354556,4.627496,4.903759,5.183385,5.466415,5.75289,6.042851,6.336341,6.633402,6.934078,7.238412,7.54645,7.858234,8.173812,8.493228,8.816529,9.143763,9.474976,9.810218,10.14954,10.49298,10.8406,11.19245,11.54857,11.90903,12.27386,12.64313,13.01688,13.39511,13.77761,14.16291,14.5425,14.86818
440,-2.626172,-2.448398,-2.262714,-2.07024,-1.875416,-1.678212,-1.478601,-1.276553,-1.072039,-0.8650274,-0.6554891,-0.4433932,-0.2287087,-0.01140408,0.2085524,0.431193,0.6565502,0.8846571,1.115547,1.349253,1.585811,1.825254,2.067617,2.312937,2.561248,2.812587,3.066991,3.324497,3.585142,3.848965,4.116004,4.386299,4.659887,4.936811,5.217109,5.500823,5.787994,6.078665,6.372877,6.670674,6.972098,7.277195,7.586007,7.898582,8.214963,8.535197,8.859332,9.187413,9.51949,9.85561,10.19582,10.54018,10.88872,11.24151,11.59858,11.95995,12.3254,12.69356,13.05632,13.36773
450,-3.340696,-3.171054,-2.993824,-2.810117,-2.624164,-2.435937,-2.245409,-2.052552,-1.857337,-1.659736,-1.459719,-1.257258,-1.052323,-0.8448832,-0.6349084,-0.4223679,-0.2072305,0.01053539,0.2309617,0.4540808,0.6799254,0.9085287,1.139924,1.374145,1.611227,1.851204,2.094111,2.339984,2.58886,2.840773,3.095762,3.353863,3.615115,3.879555,4.147223,4.418157,4.692397,4.969984,5.250958,5.53536,5.823232,6.114615,6.409553,6.708089,7.010265,7.316128,7.62572,7.939088,8.256277,8.577334,8.902306,9.23124,9.564184,9.901185,10.24229,10.58749,10.93662,11.28834,11.63497,11.93269
460,-4.023212,-3.861348,-3.692206,-3.516885,-3.339418,-3.159779,-2.97794,-2.793876,-2.607559,-2.418961,-2.228055,-2.034813,-1.839206,-1.641205,-1.440781,-1.237906,-1.032548,-0.8246775,-0.6142643,-0.4012772,-0.1856849,0.03254436,0.2534427,0.4770425,0.7033767,0.9324786,1.164382,1.39912,1.636729,1.877242,2.120696,2.367126,2.616567,2.869058,3.124634,3.383333,3.645194,3.910255,4.178554,4.450132,4.725027,5.003281,5.284934,5.570027,5.858602,6.150702,6.446369,6.745648,7.048581,7.355213,7.665589,7.979755,8.297756,8.619638,8.945441,9.275173,9.608654,9.944639,10.27582,10.5604
470,-4.675081,-4.520655,-4.359249,-4.19195,-4.0226,-3.851175,-3.677649,-3.501995,-3.324189,-3.144204,-2.962014,-2.777591,-2.590908,-2.401937,-2.210652,-2.017023,-1.821022,-1.62262,-1.421787,-1.218495,-1.012713,-0.80441,-0.5935564,-0.3801207,-0.1640714,0.05462333,0.2759958,0.5000785,0.7269046,0.9565074,1.188921,1.424179,1.662317,1.903369,2.147372,2.39436,2.644371,2.897441,3.153608,3.412909,3.675382,3.941066,4.21,4.482224,4.757777,5.036701,5.319036,5.604824,5.894107,6.186927,6.483328,6.783352,7.087045,7.394449,7.705603,8.020515,8.339017,8.659928,8.9763,9.248288
480,-5.297611,-5.150297,-4.996289,-4.836662,-4.675075,-4.511506,-4.345929,-4.178321,-4.008655,-3.836908,-3.663054,-3.487067,-3.30892,-3.128588,-2.946044,-2.76126,-2.57421,-2.384866,-2.193199,-1.999182,-1.802785,-1.603979,-1.402736,-1.199026,-0.992817,-0.7840801,-0.5727842,-0.3588978,-0.1423895,0.07677279,0.2986215,0.5231894,0.7505096,0.9806157,1.213542,1.449322,1.687992,1.929586,2.17414,2.42169,2.672273,2.925926,3.182685,3.44259,3.705678,3.971989,4.241561,4.514434,4.790649,5.070246,5.353267,5.639753,5.929746,6.223289,6.520417,6.82114,7.125298,7.431773,7.73396,7.99387
490,-5.892057,-5.751543,-5.60461,-5.452318,-5.298155,-5.142098,-4.984123,-4.824208,-4.662328,-4.498459,-4.332577,-4.164657,-3.994675,-3.822605,-3.648421,-3.472098,-3.29361,-3.112929,-2.93003,-2.744884,-2.557466,-2.367746,-2.175696,-1.981288,-1.784494,-1.585284,-1.383628,-1.179497,-0.9728606,-0.7636875,-0.5519472,-0.3376082,-0.1206388,0.09899324,0.3213204,0.5463756,0.7741923,1.004804,1.238245,1.47455,1.713754,1.955892,2.201,2.449115,2.700272,2.95451,3.211866,3.472378,3.736084,4.003024,4.273237,4.546763,4.823643,5.103915,5.387617,5.674755,5.965181,6.257835,6.546436,6.794765
500,-6.459627,-6.325612,-6.185443,-6.040165,-5.8931,-5.744225,-5.593519,-5.44096,-5.286524,-5.130188,-4.97193,-4.811725,-4.64955,-4.48538,-4.319192,-4.15096,-3.980659,-3.808265,-3.63375,-3.45709,-3.278259,-3.097228,-2.913972,-2.728463,-2.540674,-2.350577,-2.158143,-1.963343,-1.76615,-1.566533,-1.364463,-1.15991,-0.9528429,-0.7432317,-0.5310451,-0.3162514,-0.09881871,0.1212852,0.344093,0.5696378,0.7979532,1.029073,1.263031,1.499863,1.739604,1.982289,2.227954,2.476635,2.72837,2.983197,3.241151,3.502273,3.766601,4.034172,4.305021,4.579157,4.856438,5.135859,5.41145,5.648681
510,-7.001478,-6.873675,-6.739973,-6.601399,-6.461119,-6.319111,-6.175354,-6.029827,-5.882508,-5.733374,-5.582405,-5.429576,-5.274866,-5.118251,-4.959707,-4.799212,-4.636741,-4.47227,-4.305774,-4.137228,-3.966608,-3.793888,-3.619041,-3.442043,-3.262866,-3.081484,-2.89787,-2.711996,-2.523835,-2.333359,-2.140538,-1.945346,-1.747751,-1.547726,-1.34524,-1.140262,-0.9327636,-0.7227123,-0.5100773,-0.2948268,-0.0769288,0.1436491,0.3669398,0.5929765,0.8217929,1.053423,1.287901,1.525263,1.765543,2.008777,2.255001,2.504252,2.756568,3.011984,3.270533,3.532224,3.796924,4.06368,4.326814,4.553409
520,-7.518722,-7.396856,-7.269335,-7.13717,-7.003374,-6.86793,-6.730815,-6.592011,-6.451495,-6.309246,-6.165244,-6.019467,-5.871893,-5.7225,-5.571266,-5.418167,-5.263182,-5.106286,-4.947457,-4.78667,-4.623901,-4.459127,-4.292322,-4.123462,-3.95252,-3.779473,-3.604293,-3.426955,-3.247432,-3.065697,-2.881723,-2.695483,-2.506948,-2.316091,-2.122883,-1.927295,-1.729298,-1.528862,-1.325958,-1.120555,-0.9126222,-0.7021288,-0.4890433,-0.273334,-0.05496856,0.1660855,0.3898613,0.6163922,0.8457119,1.077855,1.312855,1.550749,1.79157,2.035355,2.282134,2.531917,2.784577,3.039212,3.290422,3.506827
530,-8.012427,-7.896233,-7.77462,-7.648579,-7.520982,-7.39181,-7.261044,-7.128664,-6.99465,-6.858983,-6.721641,-6.582604,-6.441852,-6.299362,-6.155114,-6.009087,-5.861257,-5.711603,-5.560103,-5.406733,-5.251471,-5.094294,-4.935177,-4.774097,-4.61103,-4.445952,-4.278837,-4.10966,-3.938397,-3.765021,-3.589506,-3.411826,-3.231956,-3.049866,-2.865531,-2.678923,-2.490013,-2.298774,-2.105176,-1.909191,-1.71079,-1.509942,-1.306618,-1.100787,-0.8924182,-0.6814807,-0.4679428,-0.2517725,-0.03293749,0.188595,0.4128581,0.6398854,0.8697107,1.102368,1.337886,1.576275,1.817416,2.060452,2.300248,2.506892
540,-8.483617,-8.372841,-8.256874,-8.136685,-8.01501,-7.891833,-7.767134,-7.640894,-7.513094,-7.383716,-7.252739,-7.120144,-6.985911,-6.85002,-6.71245,-6.57318,-6.43219,-6.289459,-6.144964,-5.998684,-5.850598,-5.700683,-5.548915,-5.395274,-5.239734,-5.082274,-4.922869,-4.761495,-4.598128,-4.432744,-4.265317,-4.095823,-3.924236,-3.75053,-3.574679,-3.396657,-3.216437,-3.033992,-2.849294,-2.662316,-2.473029,-2.281406,-2.087417,-1.891034,-1.692226,-1.490964,-1.287218,-1.080958,-0.8721512,-0.6607676,-0.4467752,-0.2301419,-0.01083532,0.2111767,0.4359231,0.6634124,0.8935328,1.125471,1.354344,1.551642
550,-8.933273,-8.827674,-8.7171,-8.602503,-8.486488,-8.369038,-8.250135,-8.129762,-8.0079,-7.884531,-7.759637,-7.633197,-7.505195,-7.375609,-7.24442,-7.111609,-6.977156,-6.84104,-6.703241,-6.563738,-6.42251,-6.279535,-6.134793,-5.988261,-5.839916,-5.689738,-5.537703,-5.383788,-5.22797,-5.070226,-4.910531,-4.748862,-4.585194,-4.419503,-4.251764,-4.081951,-3.910039,-3.736002,-3.559813,-3.381447,-3.200876,-3.018073,-2.833011,-2.645662,-2.455997,-2.263988,-2.069606,-1.872822,-1.673607,-1.471929,-1.26776,-1.061067,-0.851821,-0.6399903,-0.4255473,-0.2084834,0.01109551,0.2324182,0.4508399,0.6391873
560,-9.362339,-9.261684,-9.156263,-9.047007,-8.936398,-8.82442,-8.711055,-8.596287,-8.480099,-8.362472,-8.243388,-8.122831,-8.00078,-7.877219,-7.752129,-7.625489,-7.497282,-7.367488,-7.236088,-7.10306,-6.968386,-6.832045,-6.694016,-6.554278,-6.41281,-6.269592,-6.124601,-5.977815,-5.829212,-5.67877,-5.526466,-5.372277,-5.216179,-5.058149,-4.898164,-4.736199,-4.572229,-4.40623,-4.238176,-4.068043,-3.895805,-3.721435,-3.544907,-3.366196,-3.185272,-3.002111,-2.816683,-2.62896,-2.438915,-2.246519,-2.051743,-1.854557,-1.654931,-1.452837,-1.248247,-1.041154,-0.831657,-0.620488,-0.4120649,-0.2322853
570,-9.771717,-9.675784,-9.575285,-9.471131,-9.365687,-9.258935,-9.150861,-9.041448,-8.930678,-8.818536,-8.705004,-8.590066,-8.473703,-8.355898,-8.236633,-8.11589,-7.993651,-7.869897,-7.74461,-7.61777,-7.489358,-7.359355,-7.227741,-7.094496,-6.9596,-6.823032,-6.684773,-6.5448,-6.403092,-6.259629,-6.114388,-5.967347,-5.818485,-5.667778,-5.515203,-5.360739,-5.20436,-5.046045,-4.885767,-4.723504,-4.559231,-4.392923,-4.224554,-4.054099,-3.881533,-3.706829,-3.529961,-3.350902,-3.169626,-2.986103,-2.800308,-2.612211,-2.421784,-2.229,-2.033832,-1.836273,-1.636417,-1.434958,-1.236099,-1.06452
580,-10.16227,-10.07085,-9.975053,-9.875772,-9.775259,-9.6735,-9.570479,-9.46618,-9.360587,-9.253684,-9.145455,-9.035884,-8.924954,-8.812647,-8.698948,-8.583838,-8.4673,-8.349316,-8.229869,-8.108941,-7.986512,-7.862565,-7.73708,-7.610038,-7.481421,-7.351208,-7.21938,-7.085917,-6.950798,-6.814004,-6.675512,-6.535303,-6.393354,-6.249645,-6.104154,-5.956857,-5.807734,-5.656761,-5.503916,-5.349175,-5.192514,-5.033911,-4.873341,-4.710779,-4.546201,-4.379582,-4.210896,-4.040119,-3.867224,-3.692185,-3.514975,-3.335567,-3.153935,-2.970052,-2.783892,-2.595448,-2.40481,-2.212636,-2.022923,-1.859192
590,-10.53484,-10.44772,-10.35641,-10.26179,-10.16598,-10.06899,-9.970797,-9.871383,-9.770733,-9.668835,-9.565671,-9.461226,-9.355484,-9.248429,-9.140046,-9.030316,-8.919224,-8.806753,-8.692885,-8.577603,-8.460889,-8.342727,-8.223097,-8.101982,-7.979363,-7.855222,-7.729539,-7.602295,-7.473471,-7.343048,-7.211005,-7.077323,-6.941981,-6.804958,-6.666234,-6.525788,-6.383597,-6.239641,-6.093898,-5.946345,-5.79696,-5.64572,-5.492603,-5.337584,-5.180641,-5.021749,-4.860884,-4.698022,-4.533138,-4.366207,-4.197204,-4.026103,-3.852877,-3.677502,-3.499953,-3.320223,-3.138397,-2.955099,-2.774133,-2.61791
600,-10.89022,-10.8072,-10.72018,-10.63,-10.5387,-10.44626,-10.35267,-10.25792,-10.16199,-10.06487,-9.966542,-9.866993,-9.766206,-9.664167,-9.56086,-9.456269,-9.350378,-9.243171,-9.134632,-9.024744,-8.913489,-8.800852,-8.686816,-8.571361,-8.454472,-8.33613,-8.216317,-8.095014,-7.972204,-7.847868,-7.721986,-7.59454,-7.465509,-7.334874,-7.202616,-7.068714,-6.933148,-6.795896,-6.656939,-6.516254,-6.373821,-6.229617,-6.083621,-5.93581,-5.786163,-5.634655,-5.481264,-5.325967,-5.168739,-5.009557,-4.848397,-4.685234,-4.520043,-4.3528,-4.183482,-4.012081,-3.838677,-3.663865,-3.491261,-3.34222
610,-11.22916,-11.15007,-11.06714,-10.9812,-10.89419,-10.8061,-10.71691,-10.62661,-10.53519,-10.44263,-10.34892,-10.25405,-10.15799,-10.06075,-9.962286,-9.862602,-9.761678,-9.659499,-9.556048,-9.45131,-9.34527,-9.23791,-9.129214,-9.019167,-8.90775,-8.794947,-8.68074,-8.565113,-8.448047,-8.329525,-8.209527,-8.088037,-7.965036,-7.840504,-7.714422,-7.586772,-7.457534,-7.326687,-7.194213,-7.06009,-6.924298,-6.786817,-6.647625,-6.506702,-6.364024,-6.219572,-6.073323,-5.925253,-5.775342,-5.623565,-5.469899,-5.314322,-5.156809,-4.997337,-4.835885,-4.672444,-4.50709,-4.340388,-4.175778,-4.033606
620,-11.5524,-11.47705,-11.39803,-11.31614,-11.23323,-11.14929,-11.0643,-10.97825,-10.89114,-10.80294,-10.71364,-10.62322,-10.53169,-10.43901,-10.34518,-10.25018,-10.154,-10.05662,-9.95803,-9.858211,-9.757149,-9.654828,-9.551234,-9.446349,-9.340158,-9.232645,-9.123793,-9.013585,-8.902005,-8.789035,-8.674659,-8.558858,-8.441615,-8.322911,-8.20273,-8.081051,-7.957857,-7.833129,-7.706847,-7.578992,-7.449545,-7.318486,-7.185794,-7.05145,-6.915432,-6.777721,-6.638294,-6.49713,-6.354208,-6.209506,-6.063002,-5.914673,-5.764497,-5.61245,-5.458514,-5.302679,-5.145018,-4.986066,-4.829097,-4.693494
630,-11.86064,-11.78887,-11.71358,-11.63555,-11.55655,-11.47657,-11.39559,-11.31361,-11.2306,-11.14655,-11.06146,-10.97531,-10.88809,-10.79978,-10.71037,-10.61984,-10.52819,-10.43539,-10.34144,-10.24632,-10.15001,-10.0525,-9.953774,-9.853819,-9.752619,-9.650156,-9.546417,-9.441385,-9.335044,-9.227376,-9.118367,-9.007999,-8.896255,-8.783119,-8.668571,-8.552596,-8.435175,-8.31629,-8.195923,-8.074055,-7.950668,-7.825743,-7.69926,-7.5712,-7.441544,-7.310271,-7.177362,-7.042795,-6.90655,-6.768607,-6.628944,-6.48754,-6.344372,-6.19942,-6.052664,-5.904097,-5.753785,-5.602239,-5.452572,-5.323249
640,-12.15455,-12.08619,-12.01446,-11.94012,-11.86486,-11.78866,-11.7115,-11.63339,-11.5543,-11.47423,-11.39316,-11.31107,-11.22797,-11.14382,-11.05863,-10.97237,-10.88504,-10.79662,-10.7071,-10.61646,-10.52469,-10.43177,-10.3377,-10.24245,-10.14601,-10.04837,-9.949517,-9.849426,-9.748087,-9.645483,-9.541599,-9.436419,-9.329926,-9.222104,-9.112938,-9.002409,-8.8905,-8.777196,-8.662477,-8.546327,-8.428728,-8.30966,-8.189107,-8.06705,-7.943469,-7.818346,-7.691662,-7.563396,-7.433529,-7.302042,-7.168914,-7.034124,-6.897652,-6.759477,-6.619581,-6.477955,-6.334665,-6.190194,-6.047504,-5.924186
650,-12.43478,-12.36967,-12.30133,-12.23052,-12.15882,-12.08622,-12.01272,-11.93831,-11.86296,-11.78668,-11.70944,-11.63124,-11.55206,-11.47189,-11.39073,-11.30855,-11.22534,-11.1411,-11.0558,-10.96944,-10.882,-10.79347,-10.70383,-10.61308,-10.52119,-10.42816,-10.33396,-10.23859,-10.14202,-10.04425,-9.94526,-9.845033,-9.743554,-9.640808,-9.536778,-9.431449,-9.324805,-9.216829,-9.107504,-8.996813,-8.88474,-8.771267,-8.656377,-8.540051,-8.422273,-8.303023,-8.182283,-8.060035,-7.93626,-7.810938,-7.684051,-7.555579,-7.425502,-7.2938,-7.160455,-7.025461,-6.888879,-6.751166,-6.615142,-6.497561
660,-12.70193,-12.63992,-12.57483,-12.50737,-12.43907,-12.36992,-12.29991,-12.22902,-12.15725,-12.08457,-12.011,-11.9365,-11.86107,-11.7847,-11.70738,-11.62909,-11.54982,-11.46956,-11.3883,-11.30602,-11.22272,-11.13837,-11.05297,-10.96651,-10.87896,-10.79032,-10.70057,-10.6097,-10.5177,-10.42454,-10.33022,-10.23472,-10.13803,-10.04013,-9.941003,-9.840639,-9.73902,-9.636131,-9.531955,-9.426478,-9.319681,-9.211549,-9.102066,-8.991213,-8.878975,-8.765333,-8.65027,-8.533768,-8.41581,-8.296377,-8.17545,-8.05301,-7.92904,-7.80352,-7.676433,-7.547772,-7.417595,-7.286338,-7.156681,-7.044585
670,-12.9566,-12.89755,-12.83555,-12.7713,-12.70625,-12.64038,-12.57369,-12.50617,-12.4378,-12.36858,-12.29849,-12.22753,-12.15568,-12.08293,-12.00928,-11.9347,-11.85919,-11.78273,-11.70532,-11.62694,-11.54759,-11.46723,-11.38588,-11.30351,-11.2201,-11.13566,-11.05015,-10.96358,-10.87593,-10.78717,-10.69731,-10.60633,-10.5142,-10.42093,-10.32648,-10.23086,-10.13404,-10.036,-9.936745,-9.836244,-9.734485,-9.631452,-9.52713,-9.421503,-9.314554,-9.206266,-9.096624,-8.985608,-8.873204,-8.759393,-8.644157,-8.527478,-8.40934,-8.289723,-8.168611,-8.045998,-7.921938,-7.796845,-7.673271,-7.566413
680,-13.19935,-13.14312,-13.08407,-13.02288,-12.96092,-12.89819,-12.83467,-12.77036,-12.70525,-12.63931,-12.57256,-12.50497,-12.43653,-12.36724,-12.29708,-12.22605,-12.15412,-12.0813,-12.00756,-11.9329,-11.85731,-11.78077,-11.70327,-11.62481,-11.54536,-11.46491,-11.38346,-11.30099,-11.21749,-11.13294,-11.04734,-10.96066,-10.87289,-10.78403,-10.69406,-10.60295,-10.51071,-10.41732,-10.32275,-10.227,-10.13005,-10.03188,-9.932487,-9.831848,-9.729948,-9.626772,-9.522303,-9.416526,-9.309424,-9.20098,-9.091177,-8.979999,-8.867428,-8.753447,-8.63804,-8.521201,-8.402982,-8.283777,-8.16601,-8.064159
690,-13.43071,-13.37718,-13.32095,-13.26267,-13.20367,-13.14392,-13.08343,-13.02218,-12.96017,-12.89738,-12.8338,-12.76943,-12.70425,-12.63826,-12.57144,-12.50378,-12.43528,-12.36591,-12.29568,-12.22457,-12.15257,-12.07967,-12.00585,-11.93111,-11.85544,-11.77881,-11.70123,-11.62267,-11.54313,-11.4626,-11.38105,-11.29848,-11.21488,-11.13023,-11.04452,-10.95774,-10.86986,-10.78089,-10.6908,-10.59958,-10.50722,-10.4137,-10.31901,-10.22314,-10.12605,-10.02776,-9.928228,-9.827451,-9.72541,-9.62209,-9.517474,-9.411546,-9.30429,-9.19569,-9.085729,-8.974404,-8.861761,-8.748175,-8.635955,-8.538885
700,-13.65122,-13.60025,-13.5467,-13.49121,-13.43502,-13.37813,-13.32052,-13.2622,-13.20314,-13.14335,-13.0828,-13.0215,-12.95943,-12.89658,-12.83294,-12.76851,-12.70327,-12.63721,-12.57032,-12.5026,-12.43402,-12.36459,-12.29429,-12.2231,-12.15103,-12.07805,-12.00415,-11.92933,-11.85357,-11.77686,-11.69919,-11.62055,-11.54092,-11.46029,-11.37864,-11.29598,-11.21228,-11.12753,-11.04171,-10.95482,-10.86684,-10.77775,-10.68755,-10.59622,-10.50374,-10.4101,-10.31528,-10.21927,-10.12206,-10.02363,-9.923969,-9.823053,-9.720871,-9.617406,-9.512645,-9.406582,-9.299262,-9.191042,-9.084117,-8.991613
710,-13.86135,-13.81283,-13.76184,-13.709,-13.6555,-13.60133,-13.54648,-13.49094,-13.4347,-13.37776,-13.32011,-13.26173,-13.20263,-13.14278,-13.08218,-13.02082,-12.95869,-12.89578,-12.83209,-12.76759,-12.70229,-12.63617,-12.56922,-12.50142,-12.43278,-12.36328,-12.2929,-12.22164,-12.14949,-12.07643,-12.00246,-11.92756,-11.85171,-11.77492,-11.69716,-11.61843,-11.5387,-11.45798,-11.37624,-11.29348,-11.20968,-11.12482,-11.0389,-10.95191,-10.86382,-10.77462,-10.6843,-10.59285,-10.50025,-10.40649,-10.31155,-10.21541,-10.11807,-10.01951,-9.919712,-9.818672,-9.716433,-9.613334,-9.511464,-9.423321
720,-14.06158,-14.0154,-13.96685,-13.91654,-13.8656,-13.81402,-13.7618,-13.70891,-13.65537,-13.60116,-13.54626,-13.49068,-13.43439,-13.37741,-13.31971,-13.26128,-13.20212,-13.14222,-13.08157,-13.02015,-12.95797,-12.895,-12.83124,-12.76669,-12.70132,-12.63513,-12.56812,-12.50026,-12.43155,-12.36197,-12.29152,-12.22019,-12.14796,-12.07483,-12.00077,-11.92579,-11.84986,-11.77298,-11.69513,-11.61631,-11.5365,-11.45568,-11.37385,-11.29098,-11.20708,-11.12213,-11.0361,-10.949,-10.8608,-10.77149,-10.68105,-10.58949,-10.49677,-10.40288,-10.30782,-10.21157,-10.11418,-10.01597,-9.918926,-9.834946
730,-14.25237,-14.20841,-14.16219,-14.11429,-14.06579,-14.01669,-13.96697,-13.91662,-13.86564,-13.81402,-13.76176,-13.70884,-13.65525,-13.60099,-13.54605,-13.49042,-13.4341,-13.37706,-13.31931,-13.26083,-13.20162,-13.14167,-13.08096,-13.01949,-12.95725,-12.89422,-12.83041,-12.76579,-12.70036,-12.63411,-12.56703,-12.4991,-12.43032,-12.36067,-12.29015,-12.21874,-12.14644,-12.07322,-11.99909,-11.92402,-11.84801,-11.77105,-11.69311,-11.6142,-11.53429,-11.45338,-11.37145,-11.28849,-11.20449,-11.11943,-11.0333,-10.94609,-10.85778,-10.76836,-10.67781,-10.58614,-10.49338,-10.39983,-10.30739,-10.22739
740,-14.43414,-14.3923,-14.3483,-14.3027,-14.25653,-14.20979,-14.16245,-14.11452,-14.06599,-14.01685,-13.96709,-13.91671,-13.86569,-13.81404,-13.76173,-13.70877,-13.65514,-13.60084,-13.54586,-13.49018,-13.43381,-13.37672,-13.31892,-13.2604,-13.20113,-13.14113,-13.08037,-13.01884,-12.95654,-12.89346,-12.82958,-12.7649,-12.69941,-12.63309,-12.56594,-12.49795,-12.4291,-12.35938,-12.28879,-12.2173,-12.14492,-12.07163,-11.99742,-11.92227,-11.84617,-11.76912,-11.6911,-11.6121,-11.5321,-11.45109,-11.36907,-11.28601,-11.20191,-11.11674,-11.03051,-10.9432,-10.85485,-10.76576,-10.67771,-10.6015
750,-14.60731,-14.56749,-14.52561,-14.4822,-14.43825,-14.39375,-14.34869,-14.30307,-14.25687,-14.21009,-14.16272,-14.11476,-14.0662,-14.01702,-13.96723,-13.91681,-13.86575,-13.81406,-13.76171,-13.70871,-13.65504,-13.6007,-13.54567,-13.48995,-13.43353,-13.3764,-13.31855,-13.25997,-13.20066,-13.14059,-13.07978,-13.0182,-12.95584,-12.8927,-12.82876,-12.76402,-12.69847,-12.63208,-12.56487,-12.4968,-12.42788,-12.3581,-12.28743,-12.21587,-12.14341,-12.07004,-11.99575,-11.92052,-11.84434,-11.7672,-11.68909,-11.61,-11.52991,-11.44881,-11.36669,-11.28354,-11.19941,-11.11456,-11.0307,-10.95811
760,-14.77227,-14.73438,-14.69451,-14.6532,-14.61137,-14.56901,-14.52612,-14.48269,-14.43871,-14.39419,-14.3491,-14.30344,-14.25722,-14.21041,-14.16301,-14.11501,-14.06641,-14.0172,-13.96737,-13.91692,-13.86583,-13.81409,-13.76171,-13.70866,-13.65495,-13.60056,-13.54549,-13.48972,-13.43326,-13.37608,-13.31818,-13.25955,-13.20019,-13.14007,-13.0792,-13.01756,-12.95515,-12.89195,-12.82795,-12.76315,-12.69753,-12.63108,-12.5638,-12.49567,-12.42668,-12.35682,-12.28608,-12.21445,-12.14191,-12.06846,-11.99409,-11.91878,-11.84251,-11.76529,-11.68709,-11.60792,-11.5278,-11.447,-11.36715,-11.29801
770,-14.9294,-14.89334,-14.8554,-14.81608,-14.77627,-14.73595,-14.69513,-14.65379,-14.61194,-14.56956,-14.52664,-14.48319,-14.43918,-14.39463,-14.34951,-14.30383,-14.25757,-14.21073,-14.1633,-14.11527,-14.06664,-14.01739,-13.96753,-13.91704,-13.86591,-13.81413,-13.76171,-13.70862,-13.65487,-13.60044,-13.54532,-13.48951,-13.433,-13.37577,-13.31782,-13.25914,-13.19973,-13.13956,-13.07863,-13.01694,-12.95447,-12.89121,-12.82715,-12.76229,-12.6966,-12.63009,-12.56274,-12.49454,-12.42548,-12.35555,-12.28474,-12.21303,-12.14042,-12.06689,-11.99244,-11.91705,-11.84077,-11.76383,-11.6878,-11.62196
780,-15.07906,-15.04475,-15.00865,-14.97122,-14.93333,-14.89496,-14.85611,-14.81677,-14.77694,-14.7366,-14.69576,-14.6544,-14.61252,-14.57011,-14.52717,-14.48369,-14.43967,-14.39508,-14.34994,-14.30422,-14.25794,-14.21106,-14.1636,-14.11554,-14.06687,-14.01759,-13.96769,-13.91716,-13.866,-13.81419,-13.76172,-13.7086,-13.6548,-13.60033,-13.54516,-13.48931,-13.43275,-13.37547,-13.31747,-13.25874,-13.19927,-13.13905,-13.07807,-13.01632,-12.95379,-12.89048,-12.82636,-12.76143,-12.69569,-12.62911,-12.56169,-12.49342,-12.42429,-12.35429,-12.28341,-12.21163,-12.139,-12.06576,-11.99336,-11.93066
790,-15.2216,-15.18896,-15.1546,-15.11899,-15.08293,-15.04641,-15.00944,-14.972,-14.93409,-14.89571,-14.85684,-14.81748,-14.77762,-14.73726,-14.6964,-14.65502,-14.61311,-14.57068,-14.52772,-14.48421,-14.44016,-14.39555,-14.35037,-14.30463,-14.25831,-14.21141,-14.16391,-14.11582,-14.06712,-14.01781,-13.96787,-13.9173,-13.8661,-13.81425,-13.76174,-13.70858,-13.65474,-13.60022,-13.54501,-13.48911,-13.4325,-13.37518,-13.31713,-13.25835,-13.19883,-13.13856,-13.07752,-13.01572,-12.95313,-12.88975,-12.82557,-12.76059,-12.69478,-12.62813,-12.56065,-12.49233,-12.42318,-12.35345,-12.28452,-12.22482
800,-15.35734,-15.32629,-15.29359,-15.25971,-15.22539,-15.19065,-15.15547,-15.11984,-15.08377,-15.04724,-15.01025,-14.97279,-14.93487,-14.89646,-14.85757,-14.81819,-14.77831,-14.73793,-14.69705,-14.65564,-14.61372,-14.57126,-14.52827,-14.48474,-14.44066,-14.39602,-14.35082,-14.30505,-14.2587,-14.21176,-14.16424,-14.11611,-14.06738,-14.01803,-13.96806,-13.91745,-13.86621,-13.81432,-13.76178,-13.70857,-13.65469,-13.60013,-13.54488,-13.48893,-13.43227,-13.3749,-13.3168,-13.25797,-13.1984,-13.13807,-13.07698,-13.01512,-12.95248,-12.88904,-12.8248,-12.75976,-12.69394,-12.62756,-12.56194,-12.50511
810,-15.48661,-15.45707,-15.42596,-15.39371,-15.36106,-15.328,-15.29453,-15.26063,-15.2263,-15.19154,-15.15635,-15.12071,-15.08462,-15.04807,-15.01106,-14.97359,-14.93565,-14.89722,-14.85831,-14.81891,-14.77902,-14.73862,-14.69771,-14.65628,-14.61433,-14.57185,-14.52884,-14.48528,-14.44117,-14.3965,-14.35127,-14.30547,-14.25909,-14.21213,-14.16457,-14.11641,-14.06764,-14.01826,-13.96825,-13.91761,-13.86633,-13.8144,-13.76182,-13.70857,-13.65465,-13.60004,-13.54475,-13.48875,-13.43205,-13.37463,-13.31648,-13.2576,-13.19798,-13.1376,-13.07645,-13.01454,-12.95189,-12.8887,-12.82624,-12.77214
820,-15.60969,-15.5816,-15.55199,-15.52132,-15.49025,-15.4588,-15.42695,-15.39469,-15.36203,-15.32896,-15.29547,-15.26156,-15.22722,-15.19245,-15.15724,-15.12158,-15.08548,-15.04891,-15.01189,-14.9744,-14.93644,-14.89799,-14.85907,-14.81965,-14.77973,-14.73931,-14.69838,-14.65693,-14.61495,-14.57245,-14.52941,-14.48582,-14.44169,-14.397,-14.35174,-14.30591,-14.2595,-14.2125,-14.16491,-14.11672,-14.06792,-14.0185,-13.96846,-13.91778,-13.86646,-13.8145,-13.76187,-13.70858,-13.65461,-13.59997,-13.54463,-13.48859,-13.43184,-13.37437,-13.31618,-13.25725,-13.19762,-13.13748,-13.07803,-13.02652
830,-15.72689,-15.70016,-15.672,-15.64281,-15.61326,-15.58334,-15.55303,-15.52235,-15.49127,-15.45981,-15.42795,-15.39568,-15.36301,-15.32993,-15.29643,-15.2625,-15.22815,-15.19336,-15.15814,-15.12247,-15.08635,-15.04977,-15.01273,-14.97522,-14.93724,-14.89878,-14.85983,-14.82039,-14.78045,-14.74001,-14.69906,-14.65758,-14.61559,-14.57306,-14.52999,-14.48638,-14.44222,-14.3975,-14.35222,-14.30636,-14.25992,-14.21289,-14.16527,-14.11704,-14.06821,-14.01875,-13.96867,-13.91796,-13.8666,-13.8146,-13.76193,-13.7086,-13.65459,-13.5999,-13.54452,-13.48844,-13.43169,-13.37445,-13.31787,-13.26885
840,-15.83847,-15.81305,-15.78625,-15.75849,-15.73038,-15.70191,-15.67308,-15.64389,-15.61433,-15.58439,-15.55408,-15.52339,-15.4923,-15.46083,-15.42896,-15.39668,-15.364,-15.3309,-15.29739,-15.26345,-15.22909,-15.19429,-15.15905,-15.12336,-15.08722,-15.05063,-15.01358,-14.97605,-14.93805,-14.89957,-14.8606,-14.82114,-14.78119,-14.74072,-14.69975,-14.65825,-14.61623,-14.57368,-14.53059,-14.48695,-14.44276,-14.39802,-14.3527,-14.30681,-14.26034,-14.21329,-14.16563,-14.11737,-14.0685,-14.01902,-13.9689,-13.91815,-13.86676,-13.81471,-13.76201,-13.70864,-13.65464,-13.60016,-13.54631,-13.49966
850,-15.94469,-15.92051,-15.89503,-15.86862,-15.84187,-15.81479,-15.78737,-15.7596,-15.73148,-15.703,-15.67417,-15.64497,-15.6154,-15.58546,-15.55514,-15.52443,-15.49334,-15.46186,-15.42998,-15.39769,-15.365,-15.33189,-15.29836,-15.26441,-15.23004,-15.19522,-15.15997,-15.12427,-15.08811,-15.05151,-15.01443,-14.97689,-14.93887,-14.90037,-14.86139,-14.82191,-14.78193,-14.74144,-14.70045,-14.65893,-14.61689,-14.57431,-14.53119,-14.48753,-14.44332,-14.39854,-14.3532,-14.30728,-14.26078,-14.21369,-14.16601,-14.11772,-14.06881,-14.01929,-13.96914,-13.91836,-13.86697,-13.81513,-13.76389,-13.71949
860,-16.04581,-16.02282,-15.99857,-15.97345,-15.94802,-15.92226,-15.89617,-15.86976,-15.84301,-15.81592,-15.78849,-15.76072,-15.73259,-15.70411,-15.67527,-15.64606,-15.61648,-15.58653,-15.55621,-15.52549,-15.49439,-15.4629,-15.43101,-15.39871,-15.366,-15.33289,-15.29935,-15.26539,-15.23099,-15.19617,-15.1609,-15.12518,-15.08901,-15.05239,-15.0153,-14.97774,-14.93971,-14.90119,-14.86218,-14.82268,-14.78268,-14.74218,-14.70116,-14.65962,-14.61755,-14.57495,-14.53181,-14.48812,-14.44388,-14.39908,-14.35371,-14.30776,-14.26123,-14.21411,-14.16639,-14.11808,-14.06918,-14.01986,-13.9711,-13.92885
870,-16.14206,-16.1202,-16.09714,-16.07325,-16.04905,-16.02455,-15.99974,-15.97462,-15.94917,-15.92341,-15.89732,-15.8709,-15.84415,-15.81706,-15.78962,-15.76184,-15.73371,-15.70522,-15.67637,-15.64716,-15.61758,-15.58762,-15.55728,-15.52656,-15.49545,-15.46395,-15.43205,-15.39974,-15.36702,-15.33389,-15.30034,-15.26637,-15.23196,-15.19712,-15.16184,-15.12611,-15.08993,-15.05328,-15.01618,-14.9786,-14.94055,-14.90201,-14.86299,-14.82347,-14.78345,-14.74292,-14.70188,-14.66032,-14.61823,-14.5756,-14.53244,-14.48872,-14.44445,-14.39962,-14.35423,-14.30826,-14.26173,-14.21481,-14.16842,-14.12821
880,-16.23367,-16.21289,-16.19096,-16.16823,-16.14522,-16.12192,-16.09832,-16.07443,-16.05023,-16.02573,-16.00091,-15.97579,-15.95034,-15.92458,-15.89848,-15.87206,-15.8453,-15.81821,-15.79077,-15.76298,-15.73484,-15.70635,-15.67749,-15.64827,-15.61868,-15.58871,-15.55837,-15.52764,-15.49652,-15.46501,-15.43309,-15.40078,-15.36805,-15.33491,-15.30135,-15.26736,-15.23294,-15.19809,-15.16279,-15.12704,-15.09085,-15.05419,-15.01707,-14.97947,-14.9414,-14.90285,-14.8638,-14.82427,-14.78422,-14.74368,-14.70261,-14.66103,-14.61891,-14.57626,-14.53307,-14.48934,-14.44508,-14.40044,-14.3563,-14.31805
890,-16.32087,-16.3011,-16.28025,-16.25864,-16.23676,-16.21459,-16.19215,-16.16943,-16.14642,-16.12311,-16.09951,-16.07562,-16.05142,-16.02691,-16.0021,-15.97697,-15.95152,-15.92575,-15.89965,-15.87322,-15.84646,-15.81936,-15.79192,-15.76413,-15.73598,-15.70748,-15.67862,-15.64939,-15.61979,-15.58982,-15.55947,-15.52873,-15.4976,-15.46608,-15.43415,-15.40183,-15.36909,-15.33593,-15.30236,-15.26836,-15.23393,-15.19906,-15.16375,-15.12799,-15.09178,-15.0551,-15.01796,-14.98035,-14.94226,-14.90369,-14.86463,-14.82507,-14.78501,-14.74444,-14.70335,-14.66175,-14.61965,-14.57718,-14.53519,-14.4988
900,-16.40385,-16.38506,-16.36523,-16.34468,-16.32387,-16.3028,-16.28146,-16.25984,-16.23796,-16.2158,-16.19336,-16.17063,-16.14762,-16.12431,-16.10072,-16.07682,-16.05262,-16.02811,-16.00329,-15.97816,-15.9527,-15.92693,-15.90083,-15.8744,-15.84763,-15.82053,-15.79308,-15.76528,-15.73713,-15.70862,-15.67976,-15.65052,-15.62091,-15.59093,-15.56057,-15.52982,-15.49869,-15.46716,-15.43522,-15.40288,-15.37014,-15.33697,-15.30338,-15.26937,-15.23493,-15.20005,-15.16472,-15.12895,-15.09272,-15.05603,-15.01887,-14.98125,-14.94314,-14.90455,-14.86547,-14.82589,-14.78585,-14.74545,-14.70551,-14.67089
910,-16.48282,-16.46496,-16.4461,-16.42656,-16.40677,-16.38673,-16.36644,-16.34589,-16.32508,-16.30401,-16.28267,-16.26106,-16.23917,-16.21701,-16.19457,-16.17185,-16.14883,-16.12553,-16.10192,-16.07802,-16.05382,-16.02931,-16.00449,-15.97935,-15.9539,-15.92812,-15.90202,-15.87558,-15.84881,-15.8217,-15.79425,-15.76644,-15.73829,-15.70978,-15.6809,-15.65166,-15.62205,-15.59206,-15.56169,-15.53093,-15.49979,-15.46824,-15.4363,-15.40395,-15.37119,-15.33802,-15.30442,-15.27039,-15.23594,-15.20104,-15.1657,-15.12991,-15.09367,-15.05696,-15.01979,-14.98215,-14.94406,-14.90564,-14.86764,-14.83471
920,-16.55797,-16.54099,-16.52306,-16.50448,-16.48566,-16.46661,-16.44731,-16.42777,-16.40799,-16.38795,-16.36766,-16.34711,-16.3263,-16.30523,-16.28389,-16.26228,-16.2404,-16.21823,-16.19579,-16.17307,-16.15005,-16.12674,-16.10314,-16.07924,-16.05503,-16.03052,-16.0057,-15.98056,-15.9551,-15.92932,-15.90322,-15.87678,-15.85,-15.82289,-15.79543,-15.76762,-15.73946,-15.71094,-15.68206,-15.65281,-15.62319,-15.59319,-15.56281,-15.53205,-15.50089,-15.46934,-15.43739,-15.40503,-15.37226,-15.33907,-15.30546,-15.27143,-15.23696,-15.20205,-15.16669,-15.1309,-15.09467,-15.05812,-15.02199,-14.99066
930,-16.62947,-16.61333,-16.59628,-16.57862,-16.56073,-16.54261,-16.52427,-16.50569,-16.48688,-16.46782,-16.44853,-16.42899,-16.40921,-16.38917,-16.36888,-16.34834,-16.32753,-16.30646,-16.28512,-16.26351,-16.24163,-16.21947,-16.19702,-16.1743,-16.15128,-16.12797,-16.10437,-16.08046,-16.05626,-16.03174,-16.00692,-15.98178,-15.95632,-15.93053,-15.90442,-15.87798,-15.8512,-15.82408,-15.79662,-15.7688,-15.74064,-15.71211,-15.68322,-15.65397,-15.62434,-15.59434,-15.56395,-15.53318,-15.50201,-15.47045,-15.43849,-15.40612,-15.37334,-15.34014,-15.30652,-15.27247,-15.23802,-15.20326,-15.1689,-15.13911
940,-16.6975,-16.68216,-16.66595,-16.64916,-16.63215,-16.61493,-16.59749,-16.57982,-16.56194,-16.54383,-16.52548,-16.50691,-16.4881,-16.46905,-16.44976,-16.43022,-16.41044,-16.39041,-16.37012,-16.34957,-16.32877,-16.3077,-16.28636,-16.26475,-16.24286,-16.2207,-16.19826,-16.17553,-16.15252,-16.12921,-16.1056,-16.0817,-16.05749,-16.03297,-16.00815,-15.983,-15.95754,-15.93175,-15.90564,-15.87919,-15.85241,-15.82528,-15.79781,-15.77,-15.74182,-15.71329,-15.6844,-15.65514,-15.6255,-15.59549,-15.56509,-15.53431,-15.50314,-15.47157,-15.4396,-15.40722,-15.37446,-15.34141,-15.30873,-15.28039
950,-16.76223,-16.74764,-16.73224,-16.71627,-16.7001,-16.68373,-16.66715,-16.65036,-16.63336,-16.61614,-16.5987,-16.58104,-16.56316,-16.54505,-16.52671,-16.50814,-16.48933,-16.47028,-16.45099,-16.43146,-16.41168,-16.39165,-16.37136,-16.35082,-16.33001,-16.30894,-16.2876,-16.26599,-16.24411,-16.22195,-16.19951,-16.17678,-16.15376,-16.13045,-16.10685,-16.08294,-16.05873,-16.03421,-16.00938,-15.98424,-15.95877,-15.93298,-15.90686,-15.88041,-15.85362,-15.8265,-15.79902,-15.7712,-15.74302,-15.71448,-15.68558,-15.65631,-15.62667,-15.59665,-15.56625,-15.53547,-15.50431,-15.47288,-15.4418,-15.41486
960,-16.8238,-16.80994,-16.7953,-16.78012,-16.76475,-16.74919,-16.73343,-16.71747,-16.7013,-16.68493,-16.66836,-16.65157,-16.63457,-16.61735,-16.59992,-16.58226,-16.56438,-16.54628,-16.52794,-16.50937,-16.49057,-16.47152,-16.45224,-16.43271,-16.41293,-16.3929,-16.37261,-16.35207,-16.33126,-16.31019,-16.28886,-16.26725,-16.24537,-16.22321,-16.20076,-16.17803,-16.15502,-16.13171,-16.1081,-16.08419,-16.05998,-16.03546,-16.01063,-15.98548,-15.96001,-15.93422,-15.9081,-15.88164,-15.85485,-15.82772,-15.80024,-15.77241,-15.74423,-15.71568,-15.68678,-15.65751,-15.62788,-15.598,-15.56845,-15.54283
970,-16.88238,-16.86921,-16.85529,-16.84086,-16.82625,-16.81146,-16.79648,-16.78131,-16.76594,-16.75038,-16.73462,-16.71867,-16.70251,-16.68614,-16.66957,-16.65279,-16.63579,-16.61858,-16.60115,-16.5835,-16.56562,-16.54752,-16.52918,-16.51062,-16.49181,-16.47277,-16.45349,-16.43396,-16.41418,-16.39415,-16.37387,-16.35333,-16.33252,-16.31146,-16.29012,-16.26851,-16.24663,-16.22447,-16.20203,-16.1793,-16.15628,-16.13297,-16.10936,-16.08545,-16.06124,-16.03672,-16.01188,-15.98673,-15.96126,-15.93546,-15.90934,-15.88288,-15.85609,-15.82895,-15.80147,-15.77364,-15.74547,-15.71706,-15.68896,-15.6646
980,-16.9381,-16.92558,-16.91235,-16.89864,-16.88476,-16.87069,-16.85645,-16.84203,-16.82743,-16.81264,-16.79766,-16.78249,-16.76713,-16.75158,-16.73583,-16.71987,-16.70372,-16.68736,-16.67079,-16.65401,-16.63702,-16.61981,-16.60238,-16.58473,-16.56686,-16.54876,-16.53043,-16.51187,-16.49307,-16.47403,-16.45475,-16.43522,-16.41544,-16.39542,-16.37513,-16.35459,-16.33379,-16.31273,-16.29139,-16.26979,-16.2479,-16.22574,-16.2033,-16.18057,-16.15755,-16.13424,-16.11063,-16.08672,-16.06251,-16.03798,-16.01315,-15.98799,-15.96252,-15.93672,-15.91059,-15.88413,-15.85736,-15.83034,-15.80363,-15.78047
990,-16.9911,-16.97921,-16.96663,-16.9536,-16.9404,-16.92704,-16.9135,-16.8998,-16.88592,-16.87186,-16.85762,-16.84321,-16.82861,-16.81382,-16.79885,-16.78369,-16.76833,-16.75278,-16.73704,-16.72109,-16.70494,-16.68858,-16.67202,-16.65524,-16.63825,-16.62105,-16.60362,-16.58598,-16.56811,-16.55001,-16.53169,-16.51312,-16.49433,-16.47529,-16.45601,-16.43649,-16.41671,-16.39669,-16.37641,-16.35587,-16.33507,-16.31401,-16.29267,-16.27107,-16.24918,-16.22702,-16.20458,-16.18185,-16.15883,-16.13552,-16.11191,-16.088,-16.06378,-16.03926,-16.01442,-15.98927,-15.96381,-15.93813,-15.91274,-15.89072
1000,-17.0415,-17.03021,-17.01825,-17.00587,-16.99333,-16.98063,-16.96776,-16.95474,-16.94155,-16.92819,-16.91466,-16.90096,-16.88708,-16.87303,-16.8588,-16.84439,-16.8298,-16.81502,-16.80005,-16.78489,-16.76954,-16.754,-16.73825,-16.72231,-16.70616,-16.68981,-16.67325,-16.65648,-16.63949,-16.62229,-16.60487,-16.58723,-16.56937,-16.55127,-16.53295,-16.51439,-16.4956,-16.47656,-16.45729,-16.43776,-16.41799,-16.39797,-16.37769,-16.35716,-16.33636,-16.31529,-16.29396,-16.27235,-16.25047,-16.22831,-16.20587,-16.18314,-16.16012,-16.13681,-16.1132,-16.08929,-16.06509,-16.04068,-16.01654,-15.99561
1010,-17.08944,-17.07871,-17.06735,-17.05558,-17.04366,-17.03159,-17.01937,-17.00699,-16.99446,-16.98176,-16.9689,-16.95588,-16.9427,-16.92934,-16.91582,-16.90212,-16.88826,-16.87421,-16.85999,-16.84558,-16.83099,-16.81622,-16.80125,-16.7861,-16.77076,-16.75522,-16.73948,-16.72354,-16.7074,-16.69105,-16.67449,-16.65772,-16.64074,-16.62355,-16.60613,-16.58849,-16.57063,-16.55254,-16.53422,-16.51566,-16.49687,-16.47784,-16.45857,-16.43905,-16.41928,-16.39926,-16.37898,-16.35845,-16.33765,-16.31659,-16.29526,-16.27365,-16.25177,-16.22961,-16.20717,-16.18445,-16.16144,-16.13824,-16.1153,-16.0954
1020,-17.13504,-17.12484,-17.11405,-17.10286,-17.09154,-17.08007,-17.06845,-17.05669,-17.04477,-17.03271,-17.02049,-17.00812,-16.99559,-16.9829,-16.97005,-16.95703,-16.94385,-16.93051,-16.91699,-16.9033,-16.88943,-16.87539,-16.86118,-16.84678,-16.83219,-16.81742,-16.80247,-16.78732,-16.77198,-16.75644,-16.74071,-16.72477,-16.70863,-16.69229,-16.67574,-16.65898,-16.642,-16.62481,-16.6074,-16.58976,-16.5719,-16.55382,-16.5355,-16.51695,-16.49816,-16.47913,-16.45986,-16.44034,-16.42058,-16.40056,-16.38028,-16.35975,-16.33895,-16.31789,-16.29656,-16.27496,-16.2531,-16.23105,-16.20924,-16.19033
1030,-17.17839,-17.1687,-17.15845,-17.14782,-17.13706,-17.12616,-17.11512,-17.10395,-17.09263,-17.08116,-17.06955,-17.0578,-17.04589,-17.03383,-17.02162,-17.00925,-16.99673,-16.98404,-16.9712,-16.95819,-16.94502,-16.93167,-16.91816,-16.90448,-16.89062,-16.87659,-16.86237,-16.84798,-16.8334,-16.81864,-16.80368,-16.78854,-16.77321,-16.75767,-16.74194,-16.72601,-16.70988,-16.69354,-16.677,-16.66024,-16.64326,-16.62608,-16.60867,-16.59104,-16.57318,-16.5551,-16.53678,-16.51824,-16.49945,-16.48042,-16.46116,-16.44164,-16.42188,-16.40186,-16.38159,-16.36106,-16.34028,-16.31932,-16.2986,-16.28062
1040,-17.21962,-17.21041,-17.20067,-17.19057,-17.18035,-17.16999,-17.15951,-17.14888,-17.13813,-17.12724,-17.11621,-17.10503,-17.09372,-17.08226,-17.07066,-17.05891,-17.04701,-17.03496,-17.02275,-17.01039,-16.99787,-16.9852,-16.97236,-16.95935,-16.94619,-16.93285,-16.91934,-16.90567,-16.89181,-16.87778,-16.86358,-16.84919,-16.83461,-16.81985,-16.80491,-16.78977,-16.77444,-16.75891,-16.74319,-16.72726,-16.71114,-16.6948,-16.67826,-16.6615,-16.64454,-16.62735,-16.60995,-16.59232,-16.57447,-16.55639,-16.53808,-16.51953,-16.50075,-16.48173,-16.46246,-16.44295,-16.42321,-16.40329,-16.38359,-16.36651
1050,-17.25881,-17.25007,-17.24082,-17.23122,-17.22151,-17.21167,-17.20171,-17.19162,-17.1814,-17.17105,-17.16057,-17.14995,-17.1392,-17.12832,-17.11729,-17.10613,-17.09482,-17.08337,-17.07177,-17.06003,-17.04814,-17.03609,-17.02389,-17.01154,-16.99902,-16.98635,-16.97352,-16.96052,-16.94736,-16.93403,-16.92053,-16.90686,-16.89301,-16.87899,-16.86479,-16.8504,-16.83583,-16.82108,-16.80614,-16.79101,-16.77568,-16.76016,-16.74444,-16.72852,-16.7124,-16.69607,-16.67953,-16.66278,-16.64582,-16.62863,-16.61123,-16.59361,-16.57576,-16.55769,-16.53938,-16.52084,-16.50208,-16.48315,-16.46443,-16.44819
1060,-17.29608,-17.28778,-17.27899,-17.26987,-17.26064,-17.2513,-17.24183,-17.23224,-17.22254,-17.2127,-17.20275,-17.19266,-17.18245,-17.17211,-17.16164,-17.15103,-17.14029,-17.12941,-17.11839,-17.10723,-17.09593,-17.08448,-17.07289,-17.06116,-17.04927,-17.03723,-17.02504,-17.01269,-17.00018,-16.98752,-16.97469,-16.9617,-16.94854,-16.93522,-16.92172,-16.90806,-16.89422,-16.8802,-16.866,-16.85162,-16.83706,-16.82231,-16.80738,-16.79225,-16.77693,-16.76141,-16.7457,-16.72978,-16.71367,-16.69734,-16.68081,-16.66406,-16.6471,-16.62993,-16.61253,-16.59491,-16.57708,-16.5591,-16.54131,-16.52588
1070,-17.33152,-17.32363,-17.31528,-17.30662,-17.29785,-17.28897,-17.27998,-17.27087,-17.26165,-17.25231,-17.24285,-17.23327,-17.22357,-17.21374,-17.20379,-17.19372,-17.18351,-17.17317,-17.16271,-17.15211,-17.14137,-17.1305,-17.11949,-17.10834,-17.09704,-17.0856,-17.07402,-17.06229,-17.05041,-17.03837,-17.02619,-17.01384,-17.00135,-16.98869,-16.97587,-16.96288,-16.94973,-16.93641,-16.92292,-16.90926,-16.89543,-16.88142,-16.86722,-16.85285,-16.8383,-16.82355,-16.80862,-16.7935,-16.77819,-16.76267,-16.74696,-16.73105,-16.71494,-16.69862,-16.68209,-16.66535,-16.64841,-16.63132,-16.61442,-16.59976
1080,-17.3652,-17.35771,-17.34978,-17.34155,-17.33322,-17.32479,-17.31625,-17.3076,-17.29883,-17.28996,-17.28098,-17.27188,-17.26266,-17.25333,-17.24387,-17.2343,-17.22461,-17.21479,-17.20484,-17.19477,-17.18458,-17.17425,-17.16379,-17.15319,-17.14246,-17.1316,-17.12059,-17.10945,-17.09816,-17.08673,-17.07515,-17.06342,-17.05155,-17.03952,-17.02734,-17.01501,-17.00251,-16.98986,-16.97705,-16.96407,-16.95092,-16.93761,-16.92413,-16.91047,-16.89665,-16.88264,-16.86845,-16.85409,-16.83954,-16.8248,-16.80987,-16.79476,-16.77945,-16.76394,-16.74824,-16.73233,-16.71624,-16.7,-16.68394,-16.67001
1090,-17.39722,-17.39011,-17.38257,-17.37476,-17.36685,-17.35884,-17.35072,-17.34251,-17.33418,-17.32576,-17.31722,-17.30858,-17.29982,-17.29096,-17.28198,-17.27288,-17.26368,-17.25435,-17.2449,-17.23534,-17.22565,-17.21584,-17.2059,-17.19584,-17.18564,-17.17532,-17.16487,-17.15428,-17.14356,-17.1327,-17.1217,-17.11056,-17.09928,-17.08786,-17.07629,-17.06457,-17.0527,-17.04068,-17.02851,-17.01618,-17.00369,-16.99104,-16.97823,-16.96526,-16.95212,-16.93882,-16.92534,-16.91169,-16.89787,-16.88387,-16.86969,-16.85533,-16.84078,-16.82605,-16.81113,-16.79602,-16.78073,-16.7653,-16.75005,-16.73681
1100,-17.42766,-17.42091,-17.41375,-17.40633,-17.39881,-17.3912,-17.3835,-17.37569,-17.36779,-17.35978,-17.35168,-17.34346,-17.33515,-17.32673,-17.3182,-17.30956,-17.30082,-17.29196,-17.28298,-17.2739,-17.2647,-17.25538,-17.24594,-17.23638,-17.2267,-17.21689,-17.20696,-17.1969,-17.18672,-17.1764,-17.16596,-17.15538,-17.14466,-17.13381,-17.12282,-17.11168,-17.10041,-17.08899,-17.07743,-17.06572,-17.05385,-17.04184,-17.02967,-17.01735,-17.00487,-16.99223,-16.97943,-16.96646,-16.95333,-16.94003,-16.92656,-16.91292,-16.8991,-16.88511,-16.87093,-16.85658,-16.84205,-16.8274,-16.8129,-16.80033
1110,-17.45659,-17.45018,-17.44338,-17.43633,-17.4292,-17.42197,-17.41465,-17.40724,-17.39973,-17.39213,-17.38443,-17.37663,-17.36873,-17.36073,-17.35263,-17.34443,-17.33612,-17.3277,-17.31918,-17.31055,-17.30181,-17.29296,-17.28399,-17.27492,-17.26572,-17.25641,-17.24697,-17.23742,-17.22775,-17.21795,-17.20803,-17.19798,-17.1878,-17.17749,-17.16705,-17.15648,-17.14577,-17.13492,-17.12394,-17.11281,-17.10155,-17.09013,-17.07858,-17.06687,-17.05502,-17.04301,-17.03085,-17.01853,-17.00606,-16.99342,-16.98063,-16.96767,-16.95454,-16.94125,-16.92779,-16.91415,-16.90035,-16.88643,-16.87266,-16.86072
1120,-17.48409,-17.478,-17.47154,-17.46485,-17.45807,-17.45121,-17.44426,-17.43722,-17.43009,-17.42287,-17.41555,-17.40815,-17.40065,-17.39305,-17.38536,-17.37757,-17.36968,-17.36168,-17.35359,-17.34539,-17.33709,-17.32869,-17.32017,-17.31155,-17.30281,-17.29397,-17.28501,-17.27594,-17.26675,-17.25744,-17.24802,-17.23847,-17.22881,-17.21901,-17.2091,-17.19906,-17.18888,-17.17858,-17.16815,-17.15758,-17.14688,-17.13604,-17.12506,-17.11395,-17.10269,-17.09128,-17.07973,-17.06803,-17.05618,-17.04418,-17.03203,-17.01972,-17.00725,-16.99462,-16.98184,-16.96888,-16.95578,-16.94255,-16.92947,-16.91813
1130,-17.51022,-17.50444,-17.49831,-17.49196,-17.48552,-17.479,-17.4724,-17.46571,-17.45894,-17.45209,-17.44514,-17.43811,-17.43098,-17.42377,-17.41646,-17.40906,-17.40157,-17.39398,-17.38629,-17.37851,-17.37063,-17.36264,-17.35456,-17.34637,-17.33807,-17.32967,-17.32116,-17.31255,-17.30382,-17.29498,-17.28603,-17.27696,-17.26778,-17.25848,-17.24907,-17.23953,-17.22987,-17.22008,-17.21017,-17.20014,-17.18997,-17.17968,-17.16925,-17.15869,-17.148,-17.13717,-17.1262,-17.11508,-17.10383,-17.09243,-17.08089,-17.0692,-17.05736,-17.04536,-17.03321,-17.02091,-17.00846,-16.9959,-16.98348,-16.9727
1140,-17.53506,-17.52957,-17.52375,-17.51771,-17.5116,-17.50541,-17.49914,-17.49279,-17.48636,-17.47985,-17.47326,-17.46658,-17.45981,-17.45296,-17.44603,-17.439,-17.43188,-17.42468,-17.41738,-17.40998,-17.4025,-17.39491,-17.38724,-17.37946,-17.37158,-17.3636,-17.35552,-17.34734,-17.33905,-17.33066,-17.32216,-17.31355,-17.30483,-17.296,-17.28705,-17.278,-17.26882,-17.25953,-17.25012,-17.24059,-17.23093,-17.22116,-17.21126,-17.20123,-17.19107,-17.18078,-17.17036,-17.15981,-17.14912,-17.1383,-17.12733,-17.11623,-17.10498,-17.09359,-17.08205,-17.07037,-17.05855,-17.04661,-17.03482,-17.02458
1150,-17.55866,-17.55345,-17.54792,-17.54219,-17.53639,-17.53051,-17.52456,-17.51853,-17.51242,-17.50624,-17.49998,-17.49364,-17.48721,-17.48071,-17.47412,-17.46745,-17.46069,-17.45385,-17.44692,-17.4399,-17.43279,-17.42559,-17.41829,-17.41091,-17.40343,-17.39585,-17.38818,-17.38041,-17.37254,-17.36457,-17.3565,-17.34832,-17.34004,-17.33165,-17.32316,-17.31456,-17.30585,-17.29702,-17.28808,-17.27903,-17.26987,-17.26058,-17.25118,-17.24165,-17.23201,-17.22224,-17.21234,-17.20232,-17.19217,-17.18189,-17.17148,-17.16093,-17.15025,-17.13943,-17.12848,-17.11738,-17.10615,-17.09482,-17.08361,-17.07389
1160,-17.58109,-17.57614,-17.57089,-17.56545,-17.55994,-17.55436,-17.54871,-17.54299,-17.53719,-17.53132,-17.52537,-17.51935,-17.51325,-17.50707,-17.50082,-17.49448,-17.48807,-17.48157,-17.47499,-17.46832,-17.46157,-17.45473,-17.44781,-17.4408,-17.43369,-17.4265,-17.41921,-17.41184,-17.40436,-17.39679,-17.38913,-17.38137,-17.3735,-17.36554,-17.35747,-17.3493,-17.34103,-17.33265,-17.32417,-17.31557,-17.30686,-17.29805,-17.28912,-17.28007,-17.27091,-17.26164,-17.25224,-17.24272,-17.23308,-17.22332,-17.21343,-17.20342,-17.19328,-17.183,-17.1726,-17.16206,-17.15139,-17.14063,-17.12999,-17.12076
1170,-17.6024,-17.59771,-17.59272,-17.58755,-17.58232,-17.57702,-17.57166,-17.56622,-17.56072,-17.55515,-17.5495,-17.54378,-17.53799,-17.53213,-17.52619,-17.52017,-17.51408,-17.50791,-17.50166,-17.49533,-17.48892,-17.48243,-17.47586,-17.4692,-17.46245,-17.45562,-17.44871,-17.4417,-17.4346,-17.42742,-17.42014,-17.41277,-17.4053,-17.39774,-17.39008,-17.38233,-17.37447,-17.36651,-17.35845,-17.35029,-17.34203,-17.33365,-17.32518,-17.31659,-17.30789,-17.29908,-17.29016,-17.28112,-17.27197,-17.2627,-17.25331,-17.2438,-17.23417,-17.22441,-17.21453,-17.20452,-17.1944,-17.18418,-17.17407,-17.16531
1180,-17.62265,-17.61819,-17.61346,-17.60855,-17.60359,-17.59856,-17.59346,-17.5883,-17.58308,-17.57779,-17.57243,-17.567,-17.5615,-17.55593,-17.55029,-17.54458,-17.5388,-17.53294,-17.52701,-17.521,-17.51491,-17.50875,-17.50251,-17.49619,-17.48978,-17.4833,-17.47673,-17.47008,-17.46334,-17.45652,-17.44961,-17.44261,-17.43552,-17.42834,-17.42107,-17.4137,-17.40624,-17.39869,-17.39104,-17.38329,-17.37544,-17.36749,-17.35944,-17.35129,-17.34303,-17.33466,-17.32619,-17.31761,-17.30892,-17.30012,-17.2912,-17.28217,-17.27303,-17.26376,-17.25438,-17.24488,-17.23526,-17.22556,-17.21596,-17.20764
1190,-17.64188,-17.63765,-17.63316,-17.62851,-17.62379,-17.61902,-17.61418,-17.60928,-17.60432,-17.5993,-17.59421,-17.58905,-17.58384,-17.57855,-17.5732,-17.56777,-17.56228,-17.55672,-17.55109,-17.54539,-17.53961,-17.53376,-17.52783,-17.52183,-17.51575,-17.50959,-17.50336,-17.49704,-17.49065,-17.48417,-17.47761,-17.47096,-17.46423,-17.45741,-17.45051,-17.44352,-17.43644,-17.42927,-17.422,-17.41464,-17.40719,-17.39964,-17.392,-17.38426,-17.37642,-17.36847,-17.36043,-17.35228,-17.34403,-17.33567,-17.32721,-17.31864,-17.30995,-17.30116,-17.29225,-17.28323,-17.2741,-17.26488,-17.25577,-17.24787
1200,-17.66016,-17.65614,-17.65188,-17.64746,-17.64299,-17.63845,-17.63386,-17.62921,-17.6245,-17.61973,-17.6149,-17.61001,-17.60506,-17.60004,-17.59496,-17.58981,-17.5846,-17.57932,-17.57397,-17.56855,-17.56307,-17.55752,-17.55189,-17.54619,-17.54042,-17.53458,-17.52866,-17.52266,-17.51659,-17.51044,-17.50421,-17.4979,-17.49151,-17.48504,-17.47849,-17.47185,-17.46513,-17.45832,-17.45142,-17.44443,-17.43736,-17.43019,-17.42294,-17.41559,-17.40814,-17.4006,-17.39297,-17.38523,-17.3774,-17.36946,-17.36142,-17.35328,-17.34504,-17.33669,-17.32823,-17.31967,-17.311,-17.30225,-17.2936,-17.2861
1210,-17.67752,-17.67371,-17.66966,-17.66547,-17.66122,-17.65692,-17.65256,-17.64814,-17.64367,-17.63915,-17.63456,-17.62992,-17.62522,-17.62045,-17.61563,-17.61074,-17.60579,-17.60078,-17.59571,-17.59057,-17.58536,-17.58009,-17.57475,-17.56934,-17.56386,-17.55831,-17.55269,-17.547,-17.54124,-17.5354,-17.52949,-17.5235,-17.51743,-17.51129,-17.50507,-17.49876,-17.49238,-17.48592,-17.47937,-17.47274,-17.46602,-17.45922,-17.45233,-17.44535,-17.43829,-17.43113,-17.42388,-17.41654,-17.4091,-17.40156,-17.39393,-17.38621,-17.37838,-17.37045,-17.36242,-17.35429,-17.34606,-17.33776,-17.32955,-17.32242
1220,-17.69401,-17.6904,-17.68655,-17.68257,-17.67854,-17.67446,-17.67032,-17.66613,-17.66189,-17.65759,-17.65324,-17.64883,-17.64437,-17.63985,-17.63527,-17.63063,-17.62593,-17.62118,-17.61636,-17.61148,-17.60654,-17.60153,-17.59646,-17.59133,-17.58613,-17.58086,-17.57553,-17.57012,-17.56465,-17.55911,-17.5535,-17.54781,-17.54206,-17.53622,-17.53032,-17.52434,-17.51828,-17.51214,-17.50593,-17.49963,-17.49326,-17.4868,-17.48026,-17.47363,-17.46693,-17.46013,-17.45325,-17.44628,-17.43922,-17.43207,-17.42482,-17.41749,-17.41006,-17.40253,-17.39491,-17.38719,-17.37938,-17.37149,-17.3637,-17.35693
1230,-17.70968,-17.70625,-17.7026,-17.69882,-17.69499,-17.69112,-17.68719,-17.68321,-17.67919,-17.67511,-17.67098,-17.6668,-17.66256,-17.65827,-17.65392,-17.64952,-17.64506,-17.64055,-17.63597,-17.63134,-17.62665,-17.6219,-17.61709,-17.61222,-17.60728,-17.60228,-17.59722,-17.59209,-17.5869,-17.58164,-17.57631,-17.57091,-17.56545,-17.55991,-17.55431,-17.54863,-17.54288,-17.53705,-17.53115,-17.52518,-17.51913,-17.513,-17.50679,-17.5005,-17.49413,-17.48768,-17.48115,-17.47453,-17.46783,-17.46104,-17.45417,-17.4472,-17.44015,-17.43301,-17.42577,-17.41844,-17.41103,-17.40354,-17.39614,-17.38972
1240,-17.72455,-17.7213,-17.71784,-17.71425,-17.71062,-17.70694,-17.70322,-17.69944,-17.69562,-17.69175,-17.68783,-17.68386,-17.67984,-17.67576,-17.67164,-17.66746,-17.66323,-17.65895,-17.65461,-17.65021,-17.64576,-17.64125,-17.63668,-17.63206,-17.62737,-17.62263,-17.61782,-17.61296,-17.60803,-17.60303,-17.59798,-17.59286,-17.58767,-17.58242,-17.57709,-17.57171,-17.56625,-17.56072,-17.55512,-17.54945,-17.5437,-17.53789,-17.53199,-17.52603,-17.51998,-17.51386,-17.50766,-17.50138,-17.49501,-17.48857,-17.48205,-17.47544,-17.46874,-17.46196,-17.45509,-17.44814,-17.4411,-17.43399,-17.42697,-17.42087
1250,-17.73868,-17.7356,-17.73231,-17.72891,-17.72546,-17.72197,-17.71844,-17.71485,-17.71123,-17.70755,-17.70383,-17.70007,-17.69625,-17.69238,-17.68847,-17.68451,-17.68049,-17.67642,-17.6723,-17.66813,-17.66391,-17.65963,-17.65529,-17.6509,-17.64646,-17.64196,-17.63739,-17.63278,-17.6281,-17.62336,-17.61856,-17.6137,-17.60878,-17.60379,-17.59874,-17.59363,-17.58844,-17.5832,-17.57788,-17.5725,-17.56705,-17.56153,-17.55593,-17.55027,-17.54453,-17.53872,-17.53284,-17.52688,-17.52084,-17.51472,-17.50853,-17.50225,-17.4959,-17.48946,-17.48294,-17.47634,-17.46966,-17.46292,-17.45625,-17.45047
1260,-17.7521,-17.74918,-17.74606,-17.74283,-17.73956,-17.73625,-17.73289,-17.72949,-17.72605,-17.72256,-17.71903,-17.71546,-17.71184,-17.70817,-17.70445,-17.70069,-17.69688,-17.69302,-17.68911,-17.68515,-17.68114,-17.67708,-17.67297,-17.6688,-17.66459,-17.66031,-17.65598,-17.6516,-17.64716,-17.64266,-17.63811,-17.6335,-17.62882,-17.62409,-17.6193,-17.61445,-17.60953,-17.60455,-17.59951,-17.5944,-17.58922,-17.58398,-17.57868,-17.5733,-17.56785,-17.56234,-17.55675,-17.5511,-17.54537,-17.53956,-17.53368,-17.52773,-17.5217,-17.51559,-17.5094,-17.50314,-17.49679,-17.49039,-17.48407,-17.47858
1270,-17.76485,-17.76207,-17.75911,-17.75605,-17.75295,-17.7498,-17.74662,-17.74339,-17.74013,-17.73682,-17.73347,-17.73008,-17.72664,-17.72316,-17.71963,-17.71606,-17.71245,-17.70879,-17.70508,-17.70132,-17.69752,-17.69366,-17.68976,-17.68581,-17.6818,-17.67775,-17.67364,-17.66948,-17.66527,-17.661,-17.65668,-17.6523,-17.64787,-17.64338,-17.63883,-17.63422,-17.62955,-17.62483,-17.62004,-17.61519,-17.61028,-17.60531,-17.60027,-17.59517,-17.59001,-17.58477,-17.57947,-17.5741,-17.56866,-17.56315,-17.55758,-17.55192,-17.5462,-17.5404,-17.53453,-17.52859,-17.52257,-17.51649,-17.51049,-17.50528
1280,-17.77695,-17.77432,-17.77151,-17.7686,-17.76566,-17.76267,-17.75965,-17.75659,-17.75349,-17.75036,-17.74718,-17.74396,-17.7407,-17.73739,-17.73405,-17.73066,-17.72723,-17.72376,-17.72024,-17.71667,-17.71306,-17.70941,-17.7057,-17.70195,-17.69815,-17.6943,-17.69041,-17.68646,-17.68246,-17.67841,-17.67431,-17.67016,-17.66595,-17.66169,-17.65737,-17.653,-17.64857,-17.64409,-17.63955,-17.63495,-17.63029,-17.62557,-17.62079,-17.61595,-17.61104,-17.60608,-17.60105,-17.59595,-17.59079,-17.58556,-17.58027,-17.57491,-17.56947,-17.56397,-17.5584,-17.55276,-17.54705,-17.54128,-17.53558,-17.53064
1290,-17.78844,-17.78594,-17.78328,-17.78052,-17.77773,-17.7749,-17.77203,-17.76913,-17.76619,-17.76321,-17.76019,-17.75714,-17.75405,-17.75091,-17.74774,-17.74453,-17.74127,-17.73797,-17.73463,-17.73125,-17.72783,-17.72436,-17.72084,-17.71728,-17.71368,-17.71003,-17.70633,-17.70258,-17.69879,-17.69495,-17.69106,-17.68711,-17.68312,-17.67908,-17.67498,-17.67084,-17.66663,-17.66238,-17.65807,-17.6537,-17.64928,-17.64481,-17.64027,-17.63568,-17.63102,-17.62631,-17.62154,-17.6167,-17.6118,-17.60684,-17.60182,-17.59673,-17.59158,-17.58636,-17.58107,-17.57571,-17.57029,-17.56483,-17.55942,-17.55472
1300,-17.79935,-17.79698,-17.79446,-17.79184,-17.78919,-17.7865,-17.78378,-17.78103,-17.77824,-17.77542,-17.77255,-17.76966,-17.76672,-17.76375,-17.76074,-17.75769,-17.7546,-17.75147,-17.7483,-17.74509,-17.74184,-17.73855,-17.73522,-17.73184,-17.72842,-17.72496,-17.72145,-17.71789,-17.7143,-17.71065,-17.70696,-17.70322,-17.69943,-17.69559,-17.69171,-17.68777,-17.68379,-17.67975,-17.67566,-17.67152,-17.66732,-17.66307,-17.65877,-17.65441,-17.65,-17.64552,-17.641,-17.63641,-17.63176,-17.62705,-17.62229,-17.61746,-17.61257,-17.60761,-17.6026,-17.59752,-17.59237,-17.58718,-17.58205,-17.5776
1310,-17.80971,-17.80746,-17.80507,-17.80259,-17.80007,-17.79752,-17.79494,-17.79233,-17.78969,-17.78701,-17.78429,-17.78154,-17.77876,-17.77594,-17.77308,-17.77019,-17.76726,-17.76429,-17.76128,-17.75824,-17.75516,-17.75203,-17.74887,-17.74567,-17.74242,-17.73913,-17.73581,-17.73243,-17.72902,-17.72556,-17.72206,-17.71851,-17.71492,-17.71128,-17.70759,-17.70386,-17.70007,-17.69624,-17.69236,-17.68843,-17.68445,-17.68042,-17.67634,-17.6722,-17.66801,-17.66377,-17.65947,-17.65512,-17.65071,-17.64625,-17.64172,-17.63714,-17.6325,-17.6278,-17.62304,-17.61822,-17.61334,-17.60842,-17.60355,-17.59932
1320,-17.81955,-17.81742,-17.81514,-17.81279,-17.8104,-17.80799,-17.80554,-17.80306,-17.80055,-17.79801,-17.79543,-17.79282,-17.79018,-17.78751,-17.7848,-17.78205,-17.77927,-17.77646,-17.77361,-17.77072,-17.76779,-17.76483,-17.76183,-17.75879,-17.75571,-17.75259,-17.74944,-17.74624,-17.743,-17.73972,-17.73639,-17.73303,-17.72962,-17.72617,-17.72267,-17.71913,-17.71554,-17.7119,-17.70822,-17.70449,-17.70072,-17.69689,-17.69302,-17.6891,-17.68512,-17.6811,-17.67702,-17.67289,-17.66871,-17.66447,-17.66018,-17.65583,-17.65143,-17.64697,-17.64245,-17.63788,-17.63325,-17.62858,-17.62396,-17.61995
1330,-17.82889,-17.82686,-17.82471,-17.82247,-17.82021,-17.81792,-17.8156,-17.81325,-17.81087,-17.80845,-17.80601,-17.80354,-17.80103,-17.79849,-17.79592,-17.79332,-17.79068,-17.78801,-17.78531,-17.78257,-17.77979,-17.77698,-17.77414,-17.77125,-17.76833,-17.76537,-17.76238,-17.75934,-17.75627,-17.75316,-17.75001,-17.74681,-17.74358,-17.7403,-17.73698,-17.73362,-17.73022,-17.72677,-17.72328,-17.71974,-17.71616,-17.71253,-17.70886,-17.70514,-17.70137,-17.69755,-17.69368,-17.68976,-17.68579,-17.68177,-17.6777,-17.67358,-17.6694,-17.66517,-17.66089,-17.65655,-17.65215,-17.64772,-17.64334,-17.63954
1340,-17.83775,-17.83583,-17.83379,-17.83167,-17.82952,-17.82735,-17.82515,-17.82292,-17.82066,-17.81837,-17.81605,-17.81371,-17.81133,-17.80892,-17.80648,-17.80401,-17.80151,-17.79898,-17.79641,-17.79382,-17.79118,-17.78852,-17.78582,-17.78308,-17.78031,-17.77751,-17.77467,-17.77179,-17.76887,-17.76592,-17.76293,-17.7599,-17.75683,-17.75372,-17.75058,-17.74739,-17.74416,-17.74089,-17.73758,-17.73422,-17.73082,-17.72738,-17.7239,-17.72037,-17.71679,-17.71317,-17.7095,-17.70578,-17.70202,-17.6982,-17.69434,-17.69043,-17.68647,-17.68245,-17.67839,-17.67427,-17.6701,-17.6659,-17.66174,-17.65813
1350,-17.84616,-17.84434,-17.84241,-17.8404,-17.83836,-17.8363,-17.83421,-17.83209,-17.82995,-17.82778,-17.82558,-17.82336,-17.8211,-17.81882,-17.81651,-17.81417,-17.81179,-17.80939,-17.80696,-17.80449,-17.802,-17.79947,-17.79691,-17.79431,-17.79169,-17.78902,-17.78633,-17.7836,-17.78083,-17.77803,-17.7752,-17.77232,-17.76941,-17.76647,-17.76348,-17.76046,-17.75739,-17.75429,-17.75115,-17.74797,-17.74474,-17.74148,-17.73817,-17.73482,-17.73143,-17.72799,-17.72451,-17.72099,-17.71742,-17.7138,-17.71014,-17.70643,-17.70267,-17.69886,-17.695,-17.6911,-17.68715,-17.68316,-17.67921,-17.67579
1360,-17.85415,-17.85242,-17.85059,-17.84868,-17.84675,-17.84479,-17.84281,-17.84081,-17.83878,-17.83672,-17.83463,-17.83252,-17.83038,-17.82822,-17.82603,-17.8238,-17.82155,-17.81928,-17.81697,-17.81463,-17.81226,-17.80986,-17.80743,-17.80497,-17.80248,-17.79996,-17.7974,-17.79481,-17.79219,-17.78953,-17.78684,-17.78412,-17.78136,-17.77856,-17.77573,-17.77286,-17.76996,-17.76702,-17.76404,-17.76102,-17.75796,-17.75486,-17.75173,-17.74855,-17.74533,-17.74207,-17.73877,-17.73543,-17.73204,-17.72861,-17.72513,-17.72161,-17.71805,-17.71444,-17.71078,-17.70708,-17.70333,-17.69954,-17.6958,-17.69255
1370,-17.86173,-17.86009,-17.85835,-17.85654,-17.85471,-17.85286,-17.85098,-17.84908,-17.84715,-17.8452,-17.84322,-17.84122,-17.83919,-17.83714,-17.83506,-17.83295,-17.83082,-17.82866,-17.82647,-17.82425,-17.822,-17.81973,-17.81743,-17.81509,-17.81273,-17.81034,-17.80791,-17.80546,-17.80297,-17.80045,-17.7979,-17.79531,-17.7927,-17.79004,-17.78736,-17.78464,-17.78188,-17.77909,-17.77627,-17.7734,-17.7705,-17.76757,-17.76459,-17.76158,-17.75853,-17.75543,-17.7523,-17.74913,-17.74592,-17.74266,-17.73937,-17.73603,-17.73265,-17.72922,-17.72575,-17.72224,-17.71868,-17.7151,-17.71155,-17.70847
1380,-17.86892,-17.86737,-17.86572,-17.864,-17.86227,-17.86051,-17.85873,-17.85692,-17.8551,-17.85325,-17.85137,-17.84947,-17.84755,-17.8456,-17.84363,-17.84163,-17.83961,-17.83756,-17.83548,-17.83338,-17.83125,-17.8291,-17.82691,-17.8247,-17.82246,-17.82019,-17.81789,-17.81556,-17.8132,-17.81081,-17.80839,-17.80594,-17.80346,-17.80094,-17.7984,-17.79582,-17.7932,-17.79056,-17.78788,-17.78516,-17.78241,-17.77962,-17.7768,-17.77395,-17.77105,-17.76812,-17.76515,-17.76214,-17.75909,-17.75601,-17.75288,-17.74972,-17.74651,-17.74326,-17.73997,-17.73664,-17.73326,-17.72986,-17.72649,-17.72357
1390,-17.87575,-17.87428,-17.87271,-17.87109,-17.86944,-17.86777,-17.86608,-17.86437,-17.86264,-17.86089,-17.85911,-17.85731,-17.85548,-17.85364,-17.85177,-17.84987,-17.84795,-17.84601,-17.84404,-17.84205,-17.84003,-17.83798,-17.83591,-17.83381,-17.83169,-17.82954,-17.82736,-17.82515,-17.82291,-17.82064,-17.81835,-17.81603,-17.81367,-17.81129,-17.80887,-17.80642,-17.80395,-17.80144,-17.79889,-17.79632,-17.79371,-17.79107,-17.78839,-17.78568,-17.78294,-17.78016,-17.77734,-17.77449,-17.7716,-17.76867,-17.76571,-17.76271,-17.75966,-17.75658,-17.75346,-17.7503,-17.7471,-17.74388,-17.74068,-17.73791
1400,-17.88223,-17.88083,-17.87935,-17.87781,-17.87625,-17.87466,-17.87306,-17.87144,-17.8698,-17.86813,-17.86645,-17.86474,-17.86301,-17.86126,-17.85949,-17.85769,-17.85587,-17.85403,-17.85216,-17.85027,-17.84836,-17.84642,-17.84445,-17.84246,-17.84045,-17.83841,-17.83634,-17.83425,-17.83213,-17.82998,-17.8278,-17.8256,-17.82336,-17.8211,-17.81881,-17.81649,-17.81414,-17.81176,-17.80935,-17.80691,-17.80444,-17.80193,-17.7994,-17.79683,-17.79422,-17.79159,-17.78891,-17.78621,-17.78347,-17.78069,-17.77788,-17.77504,-17.77215,-17.76923,-17.76627,-17.76327,-17.76024,-17.75718,-17.75415,-17.75152
1410,-17.88837,-17.88705,-17.88564,-17.88418,-17.8827,-17.8812,-17.87969,-17.87815,-17.87659,-17.87501,-17.87342,-17.8718,-17.87016,-17.8685,-17.86682,-17.86511,-17.86339,-17.86164,-17.85987,-17.85808,-17.85626,-17.85442,-17.85256,-17.85067,-17.84876,-17.84683,-17.84487,-17.84288,-17.84087,-17.83883,-17.83677,-17.83468,-17.83256,-17.83042,-17.82825,-17.82605,-17.82382,-17.82156,-17.81928,-17.81696,-17.81462,-17.81224,-17.80984,-17.8074,-17.80493,-17.80243,-17.7999,-17.79733,-17.79473,-17.7921,-17.78944,-17.78674,-17.784,-17.78123,-17.77843,-17.77558,-17.77271,-17.7698,-17.76693,-17.76444
1420,-17.89421,-17.89296,-17.89162,-17.89023,-17.88883,-17.88741,-17.88597,-17.88451,-17.88304,-17.88154,-17.88003,-17.87849,-17.87694,-17.87536,-17.87377,-17.87215,-17.87052,-17.86886,-17.86718,-17.86548,-17.86376,-17.86202,-17.86025,-17.85847,-17.85665,-17.85482,-17.85296,-17.85108,-17.84917,-17.84724,-17.84528,-17.8433,-17.84129,-17.83926,-17.8372,-17.83512,-17.833,-17.83086,-17.8287,-17.8265,-17.82428,-17.82203,-17.81974,-17.81743,-17.81509,-17.81272,-17.81032,-17.80789,-17.80543,-17.80293,-17.8004,-17.79784,-17.79525,-17.79262,-17.78996,-17.78727,-17.78454,-17.78179,-17.77906,-17.7767
1430,-17.89974,-17.89856,-17.89729,-17.89598,-17.89465,-17.8933,-17.89193,-17.89055,-17.88915,-17.88773,-17.8863,-17.88484,-17.88337,-17.88188,-17.88037,-17.87884,-17.87729,-17.87571,-17.87412,-17.87251,-17.87088,-17.86923,-17.86755,-17.86586,-17.86414,-17.8624,-17.86064,-17.85885,-17.85705,-17.85521,-17.85336,-17.85148,-17.84958,-17.84765,-17.8457,-17.84372,-17.84172,-17.83969,-17.83763,-17.83555,-17.83345,-17.83131,-17.82915,-17.82696,-17.82474,-17.82249,-17.82021,-17.81791,-17.81557,-17.8132,-17.81081,-17.80838,-17.80592,-17.80343,-17.80091,-17.79835,-17.79577,-17.79316,-17.79058,-17.78834
1440,-17.90499,-17.90387,-17.90267,-17.90142,-17.90016,-17.89889,-17.89759,-17.89628,-17.89495,-17.89361,-17.89225,-17.89087,-17.88947,-17.88806,-17.88663,-17.88517,-17.8837,-17.88222,-17.88071,-17.87918,-17.87763,-17.87607,-17.87448,-17.87287,-17.87124,-17.86959,-17.86792,-17.86623,-17.86452,-17.86278,-17.86102,-17.85924,-17.85744,-17.85561,-17.85376,-17.85189,-17.84999,-17.84806,-17.84612,-17.84414,-17.84214,-17.84012,-17.83807,-17.83599,-17.83389,-17.83176,-17.8296,-17.82741,-17.8252,-17.82295,-17.82068,-17.81838,-17.81605,-17.81369,-17.8113,-17.80887,-17.80642,-17.80395,-17.8015,-17.79938
1450,-17.90997,-17.90891,-17.90777,-17.90659,-17.9054,-17.90419,-17.90296,-17.90172,-17.90046,-17.89919,-17.89789,-17.89659,-17.89526,-17.89392,-17.89256,-17.89119,-17.8898,-17.88838,-17.88695,-17.88551,-17.88404,-17.88256,-17.88105,-17.87953,-17.87798,-17.87642,-17.87484,-17.87323,-17.87161,-17.86996,-17.86829,-17.86661,-17.8649,-17.86316,-17.86141,-17.85963,-17.85783,-17.85601,-17.85416,-17.85229,-17.8504,-17.84848,-17.84653,-17.84456,-17.84257,-17.84055,-17.8385,-17.83643,-17.83433,-17.8322,-17.83005,-17.82787,-17.82566,-17.82342,-17.82115,-17.81886,-17.81653,-17.81419,-17.81187,-17.80985
1460,-17.9147,-17.91369,-17.91261,-17.91149,-17.91036,-17.90921,-17.90805,-17.90687,-17.90568,-17.90447,-17.90325,-17.90201,-17.90076,-17.89949,-17.8982,-17.89689,-17.89557,-17.89424,-17.89288,-17.89151,-17.89012,-17.88871,-17.88728,-17.88584,-17.88438,-17.8829,-17.88139,-17.87987,-17.87833,-17.87677,-17.87519,-17.87359,-17.87197,-17.87033,-17.86867,-17.86698,-17.86528,-17.86355,-17.8618,-17.86002,-17.85823,-17.85641,-17.85457,-17.8527,-17.85081,-17.84889,-17.84695,-17.84499,-17.843,-17.84098,-17.83894,-17.83687,-17.83478,-17.83265,-17.83051,-17.82833,-17.82612,-17.8239,-17.8217,-17.81979
1470,-17.91918,-17.91823,-17.9172,-17.91614,-17.91507,-17.91398,-17.91288,-17.91177,-17.91064,-17.90949,-17.90833,-17.90716,-17.90597,-17.90476,-17.90354,-17.90231,-17.90106,-17.89979,-17.8985,-17.8972,-17.89588,-17.89455,-17.8932,-17.89183,-17.89044,-17.88904,-17.88762,-17.88617,-17.88471,-17.88324,-17.88174,-17.88022,-17.87868,-17.87713,-17.87555,-17.87396,-17.87234,-17.8707,-17.86904,-17.86736,-17.86566,-17.86393,-17.86219,-17.86042,-17.85862,-17.85681,-17.85497,-17.85311,-17.85122,-17.84931,-17.84737,-17.84541,-17.84343,-17.84142,-17.83938,-17.83731,-17.83523,-17.83312,-17.83103,-17.82922
1480,-17.92343,-17.92253,-17.92156,-17.92055,-17.91954,-17.91851,-17.91746,-17.91641,-17.91533,-17.91425,-17.91315,-17.91204,-17.91091,-17.90977,-17.90861,-17.90744,-17.90626,-17.90505,-17.90384,-17.9026,-17.90135,-17.90009,-17.89881,-17.89751,-17.8962,-17.89487,-17.89352,-17.89215,-17.89077,-17.88937,-17.88795,-17.88651,-17.88505,-17.88358,-17.88208,-17.88057,-17.87904,-17.87748,-17.87591,-17.87432,-17.8727,-17.87107,-17.86941,-17.86774,-17.86604,-17.86432,-17.86258,-17.86081,-17.85902,-17.85721,-17.85538,-17.85352,-17.85163,-17.84973,-17.8478,-17.84584,-17.84386,-17.84186,-17.83989,-17.83817
1490,-17.92747,-17.92661,-17.92569,-17.92474,-17.92377,-17.9228,-17.92181,-17.92081,-17.91979,-17.91876,-17.91772,-17.91667,-17.9156,-17.91452,-17.91342,-17.91231,-17.91119,-17.91005,-17.90889,-17.90773,-17.90654,-17.90534,-17.90413,-17.9029,-17.90165,-17.90039,-17.89912,-17.89782,-17.89651,-17.89518,-17.89384,-17.89247,-17.89109,-17.8897,-17.88828,-17.88684,-17.88539,-17.88392,-17.88243,-17.88092,-17.87939,-17.87784,-17.87627,-17.87468,-17.87307,-17.87144,-17.86979,-17.86812,-17.86642,-17.86471,-17.86297,-17.8612,-17.85942,-17.85761,-17.85578,-17.85393,-17.85205,-17.85016,-17.84828,-17.84666
1500,-17.93129,-17.93048,-17.92961,-17.92871,-17.92779,-17.92687,-17.92593,-17.92498,-17.92402,-17.92304,-17.92206,-17.92106,-17.92005,-17.91902,-17.91798,-17.91693,-17.91586,-17.91479,-17.91369,-17.91259,-17.91146,-17.91033,-17.90918,-17.90801,-17.90683,-17.90564,-17.90442,-17.9032,-17.90196,-17.9007,-17.89942,-17.89813,-17.89682,-17.8955,-17.89416,-17.8928,-17.89142,-17.89003,-17.88861,-17.88718,-17.88573,-17.88426,-17.88278,-17.88127,-17.87974,-17.8782,-17.87663,-17.87505,-17.87344,-17.87181,-17.87017,-17.8685,-17.86681,-17.86509,-17.86336,-17.8616,-17.85982,-17.85803,-17.85625,-17.85471
1510,-17.93492,-17.93415,-17.93332,-17.93247,-17.9316,-17.93073,-17.92984,-17.92894,-17.92803,-17.9271,-17.92617,-17.92522,-17.92426,-17.92329,-17.92231,-17.92131,-17.9203,-17.91928,-17.91824,-17.91719,-17.91613,-17.91505,-17.91396,-17.91286,-17.91174,-17.91061,-17.90946,-17.9083,-17.90712,-17.90593,-17.90472,-17.9035,-17.90226,-17.901,-17.89973,-17.89844,-17.89714,-17.89582,-17.89448,-17.89312,-17.89175,-17.89036,-17.88895,-17.88752,-17.88607,-17.88461,-17.88312,-17.88162,-17.8801,-17.87856,-17.877,-17.87541,-17.87381,-17.87219,-17.87054,-17.86888,-17.86719,-17.86549,-17.86381,-17.86235
1520,-17.93836,-17.93763,-17.93685,-17.93604,-17.93522,-17.93439,-17.93355,-17.93269,-17.93183,-17.93095,-17.93007,-17.92917,-17.92826,-17.92734,-17.92641,-17.92547,-17.92451,-17.92354,-17.92256,-17.92156,-17.92056,-17.91954,-17.9185,-17.91746,-17.9164,-17.91532,-17.91424,-17.91314,-17.91202,-17.91089,-17.90975,-17.90859,-17.90741,-17.90622,-17.90502,-17.9038,-17.90256,-17.90131,-17.90004,-17.89875,-17.89745,-17.89613,-17.8948,-17.89345,-17.89208,-17.89069,-17.88928,-17.88786,-17.88642,-17.88495,-17.88347,-17.88197,-17.88046,-17.87892,-17.87736,-17.87578,-17.87418,-17.87257,-17.87098,-17.86959
1530,-17.94162,-17.94093,-17.94019,-17.93942,-17.93864,-17.93786,-17.93706,-17.93625,-17.93543,-17.93461,-17.93377,-17.93292,-17.93206,-17.93118,-17.9303,-17.92941,-17.9285,-17.92758,-17.92665,-17.92571,-17.92476,-17.92379,-17.92281,-17.92182,-17.92081,-17.9198,-17.91877,-17.91772,-17.91667,-17.9156,-17.91451,-17.91341,-17.9123,-17.91117,-17.91003,-17.90887,-17.9077,-17.90652,-17.90531,-17.9041,-17.90286,-17.90161,-17.90035,-17.89907,-17.89777,-17.89645,-17.89512,-17.89377,-17.8924,-17.89102,-17.88962,-17.8882,-17.88676,-17.8853,-17.88382,-17.88233,-17.88081,-17.87929,-17.87778,-17.87647
1540,-17.94471,-17.94406,-17.94336,-17.94263,-17.94189,-17.94115,-17.94039,-17.93963,-17.93885,-17.93807,-17.93727,-17.93647,-17.93565,-17.93483,-17.93399,-17.93314,-17.93228,-17.93141,-17.93053,-17.92964,-17.92874,-17.92782,-17.92689,-17.92595,-17.925,-17.92404,-17.92306,-17.92207,-17.92107,-17.92006,-17.91903,-17.91799,-17.91693,-17.91587,-17.91478,-17.91369,-17.91258,-17.91145,-17.91032,-17.90916,-17.90799,-17.90681,-17.90561,-17.9044,-17.90317,-17.90192,-17.90066,-17.89938,-17.89808,-17.89677,-17.89544,-17.8941,-17.89273,-17.89135,-17.88995,-17.88854,-17.8871,-17.88566,-17.88422,-17.88298
1550,-17.94765,-17.94703,-17.94636,-17.94567,-17.94498,-17.94427,-17.94355,-17.94283,-17.94209,-17.94135,-17.9406,-17.93983,-17.93906,-17.93828,-17.93749,-17.93668,-17.93587,-17.93505,-17.93421,-17.93337,-17.93251,-17.93164,-17.93076,-17.92987,-17.92897,-17.92806,-17.92714,-17.9262,-17.92525,-17.92429,-17.92332,-17.92233,-17.92133,-17.92032,-17.91929,-17.91826,-17.9172,-17.91614,-17.91506,-17.91397,-17.91286,-17.91174,-17.9106,-17.90945,-17.90829,-17.90711,-17.90591,-17.9047,-17.90347,-17.90223,-17.90097,-17.89969,-17.8984,-17.89709,-17.89577,-17.89443,-17.89307,-17.8917,-17.89034,-17.88916
1560,-17.95043,-17.94984,-17.94921,-17.94856,-17.9479,-17.94723,-17.94655,-17.94586,-17.94517,-17.94446,-17.94375,-17.94303,-17.9423,-17.94155,-17.9408,-17.94004,-17.93927,-17.93849,-17.9377,-17.9369,-17.93609,-17.93527,-17.93443,-17.93359,-17.93274,-17.93187,-17.931,-17.93011,-17.92921,-17.9283,-17.92738,-17.92644,-17.9255,-17.92454,-17.92357,-17.92258,-17.92159,-17.92058,-17.91956,-17.91852,-17.91747,-17.91641,-17.91533,-17.91424,-17.91314,-17.91202,-17.91089,-17.90974,-17.90858,-17.9074,-17.90621,-17.905,-17.90378,-17.90254,-17.90128,-17.90001,-17.89872,-17.89742,-17.89614,-17.89502
1570,-17.95306,-17.95251,-17.95191,-17.95129,-17.95067,-17.95003,-17.94939,-17.94874,-17.94808,-17.94741,-17.94674,-17.94605,-17.94536,-17.94466,-17.94395,-17.94323,-17.9425,-17.94176,-17.94101,-17.94025,-17.93948,-17.9387,-17.93792,-17.93712,-17.93631,-17.93549,-17.93466,-17.93382,-17.93297,-17.9321,-17.93123,-17.93035,-17.92945,-17.92854,-17.92762,-17.92669,-17.92575,-17.92479,-17.92382,-17.92284,-17.92185,-17.92084,-17.91982,-17.91879,-17.91774,-17.91668,-17.91561,-17.91452,-17.91342,-17.91231,-17.91118,-17.91003,-17.90887,-17.9077,-17.90651,-17.9053,-17.90408,-17.90285,-17.90164,-17.90058
1580,-17.95556,-17.95503,-17.95447,-17.95388,-17.95329,-17.95269,-17.95208,-17.95147,-17.95084,-17.95021,-17.94957,-17.94892,-17.94827,-17.9476,-17.94693,-17.94625,-17.94555,-17.94485,-17.94414,-17.94343,-17.9427,-17.94196,-17.94121,-17.94046,-17.93969,-17.93892,-17.93813,-17.93733,-17.93653,-17.93571,-17.93488,-17.93404,-17.9332,-17.93234,-17.93146,-17.93058,-17.92969,-17.92878,-17.92787,-17.92694,-17.926,-17.92504,-17.92408,-17.9231,-17.92211,-17.9211,-17.92009,-17.91906,-17.91801,-17.91696,-17.91589,-17.9148,-17.91371,-17.91259,-17.91147,-17.91032,-17.90917,-17.908,-17.90685,-17.90585
1590,-17.95793,-17.95743,-17.9569,-17.95634,-17.95578,-17.95521,-17.95464,-17.95405,-17.95346,-17.95286,-17.95226,-17.95164,-17.95102,-17.95039,-17.94975,-17.94911,-17.94845,-17.94779,-17.94712,-17.94644,-17.94575,-17.94505,-17.94434,-17.94363,-17.9429,-17.94217,-17.94142,-17.94067,-17.9399,-17.93913,-17.93835,-17.93755,-17.93675,-17.93593,-17.93511,-17.93427,-17.93343,-17.93257,-17.9317,-17.93082,-17.92993,-17.92902,-17.92811,-17.92718,-17.92625,-17.92529,-17.92433,-17.92336,-17.92237,-17.92137,-17.92035,-17.91933,-17.91829,-17.91723,-17.91617,-17.91508,-17.91399,-17.91289,-17.91179,-17.91085
1600,-17.96017,-17.9597,-17.9592,-17.95867,-17.95814,-17.9576,-17.95706,-17.9565,-17.95594,-17.95538,-17.9548,-17.95422,-17.95363,-17.95304,-17.95243,-17.95182,-17.9512,-17.95057,-17.94994,-17.94929,-17.94864,-17.94798,-17.94731,-17.94663,-17.94594,-17.94525,-17.94454,-17.94383,-17.9431,-17.94237,-17.94163,-17.94088,-17.94011,-17.93934,-17.93856,-17.93777,-17.93697,-17.93616,-17.93533,-17.9345,-17.93366,-17.9328,-17.93193,-17.93106,-17.93017,-17.92927,-17.92836,-17.92743,-17.9265,-17.92555,-17.92459,-17.92362,-17.92263,-17.92163,-17.92062,-17.9196,-17.91856,-17.91751,-17.91648,-17.91558
1610,-17.9623,-17.96185,-17.96137,-17.96088,-17.96037,-17.95987,-17.95935,-17.95883,-17.9583,-17.95776,-17.95722,-17.95667,-17.95611,-17.95554,-17.95497,-17.95439,-17.9538,-17.95321,-17.95261,-17.952,-17.95138,-17.95075,-17.95012,-17.94948,-17.94882,-17.94817,-17.9475,-17.94682,-17.94614,-17.94544,-17.94474,-17.94403,-17.94331,-17.94258,-17.94184,-17.94109,-17.94033,-17.93956,-17.93878,-17.93799,-17.93719,-17.93638,-17.93556,-17.93473,-17.93389,-17.93303,-17.93217,-17.93129,-17.93041,-17.92951,-17.9286,-17.92768,-17.92675,-17.9258,-17.92484,-17.92387,-17.92289,-17.9219,-17.92092,-17.92007
1620,-17.96432,-17.96389,-17.96344,-17.96297,-17.96249,-17.96201,-17.96152,-17.96103,-17.96053,-17.96002,-17.9595,-17.95898,-17.95845,-17.95792,-17.95738,-17.95683,-17.95627,-17.95571,-17.95514,-17.95456,-17.95397,-17.95338,-17.95278,-17.95217,-17.95156,-17.95093,-17.9503,-17.94966,-17.94901,-17.94835,-17.94769,-17.94701,-17.94633,-17.94564,-17.94494,-17.94423,-17.94351,-17.94278,-17.94204,-17.9413,-17.94054,-17.93977,-17.93899,-17.93821,-17.93741,-17.9366,-17.93579,-17.93496,-17.93412,-17.93327,-17.93241,-17.93153,-17.93065,-17.92975,-17.92885,-17.92793,-17.927,-17.92606,-17.92513,-17.92433
1630,-17.96623,-17.96583,-17.9654,-17.96495,-17.9645,-17.96404,-17.96358,-17.96311,-17.96264,-17.96216,-17.96167,-17.96118,-17.96068,-17.96017,-17.95966,-17.95914,-17.95861,-17.95808,-17.95754,-17.95699,-17.95644,-17.95587,-17.95531,-17.95473,-17.95415,-17.95356,-17.95296,-17.95235,-17.95174,-17.95111,-17.95048,-17.94985,-17.9492,-17.94854,-17.94788,-17.94721,-17.94653,-17.94584,-17.94514,-17.94443,-17.94371,-17.94299,-17.94225,-17.94151,-17.94075,-17.93999,-17.93921,-17.93843,-17.93763,-17.93683,-17.93601,-17.93519,-17.93435,-17.9335,-17.93264,-17.93177,-17.93089,-17.93,-17.92913,-17.92836
1640,-17.96804,-17.96766,-17.96725,-17.96683,-17.9664,-17.96597,-17.96553,-17.96509,-17.96464,-17.96419,-17.96372,-17.96326,-17.96278,-17.9623,-17.96182,-17.96133,-17.96083,-17.96032,-17.95981,-17.95929,-17.95877,-17.95824,-17.9577,-17.95715,-17.9566,-17.95604,-17.95547,-17.9549,-17.95432,-17.95373,-17.95313,-17.95253,-17.95192,-17.9513,-17.95067,-17.95003,-17.94939,-17.94873,-17.94807,-17.9474,-17.94672,-17.94603,-17.94534,-17.94463,-17.94392,-17.94319,-17.94246,-17.94172,-17.94096,-17.9402,-17.93943,-17.93865,-17.93786,-17.93705,-17.93624,-17.93542,-17.93458,-17.93374,-17.93291,-17.93219
1650,-17.96976,-17.9694,-17.96901,-17.96861,-17.96821,-17.9678,-17.96738,-17.96696,-17.96654,-17.96611,-17.96567,-17.96523,-17.96478,-17.96433,-17.96387,-17.9634,-17.96293,-17.96245,-17.96197,-17.96148,-17.96098,-17.96048,-17.95997,-17.95945,-17.95893,-17.9584,-17.95786,-17.95732,-17.95677,-17.95621,-17.95564,-17.95507,-17.95449,-17.9539,-17.95331,-17.95271,-17.9521,-17.95148,-17.95085,-17.95022,-17.94957,-17.94892,-17.94826,-17.9476,-17.94692,-17.94623,-17.94554,-17.94484,-17.94412,-17.9434,-17.94267,-17.94193,-17.94118,-17.94042,-17.93965,-17.93887,-17.93808,-17.93728,-17.93649,-17.93581
1660,-17.97138,-17.97104,-17.97068,-17.9703,-17.96992,-17.96953,-17.96914,-17.96874,-17.96834,-17.96793,-17.96751,-17.9671,-17.96667,-17.96624,-17.96581,-17.96537,-17.96492,-17.96447,-17.96401,-17.96354,-17.96307,-17.9626,-17.96211,-17.96163,-17.96113,-17.96063,-17.96012,-17.95961,-17.95909,-17.95856,-17.95802,-17.95748,-17.95693,-17.95638,-17.95581,-17.95524,-17.95466,-17.95408,-17.95349,-17.95288,-17.95228,-17.95166,-17.95104,-17.9504,-17.94976,-17.94911,-17.94846,-17.94779,-17.94712,-17.94643,-17.94574,-17.94504,-17.94433,-17.94361,-17.94288,-17.94214,-17.94139,-17.94064,-17.93989,-17.93925
1670,-17.97292,-17.9726,-17.97226,-17.9719,-17.97154,-17.97117,-17.9708,-17.97042,-17.97004,-17.96965,-17.96926,-17.96886,-17.96846,-17.96806,-17.96764,-17.96723,-17.9668,-17.96638,-17.96594,-17.9655,-17.96506,-17.96461,-17.96415,-17.96369,-17.96322,-17.96274,-17.96226,-17.96178,-17.96128,-17.96078,-17.96028,-17.95976,-17.95924,-17.95872,-17.95818,-17.95764,-17.9571,-17.95654,-17.95598,-17.95541,-17.95484,-17.95425,-17.95366,-17.95306,-17.95246,-17.95184,-17.95122,-17.95059,-17.94995,-17.9493,-17.94865,-17.94799,-17.94731,-17.94663,-17.94594,-17.94524,-17.94453,-17.94382,-17.94311,-17.9425
1680,-17.97438,-17.97408,-17.97375,-17.97341,-17.97307,-17.97272,-17.97237,-17.97201,-17.97165,-17.97129,-17.97092,-17.97054,-17.97016,-17.96978,-17.96939,-17.96899,-17.96859,-17.96819,-17.96778,-17.96736,-17.96694,-17.96651,-17.96608,-17.96564,-17.9652,-17.96475,-17.96429,-17.96383,-17.96336,-17.96289,-17.96241,-17.96193,-17.96143,-17.96094,-17.96043,-17.95992,-17.9594,-17.95888,-17.95835,-17.95781,-17.95726,-17.95671,-17.95615,-17.95558,-17.95501,-17.95443,-17.95384,-17.95324,-17.95264,-17.95203,-17.95141,-17.95078,-17.95014,-17.9495,-17.94884,-17.94818,-17.94751,-17.94683,-17.94617,-17.94559
1690,-17.97576,-17.97548,-17.97517,-17.97485,-17.97452,-17.97419,-17.97386,-17.97352,-17.97318,-17.97284,-17.97249,-17.97213,-17.97177,-17.97141,-17.97104,-17.97066,-17.97028,-17.9699,-17.96951,-17.96912,-17.96872,-17.96832,-17.96791,-17.96749,-17.96707,-17.96665,-17.96622,-17.96578,-17.96534,-17.96489,-17.96444,-17.96398,-17.96351,-17.96304,-17.96256,-17.96208,-17.96159,-17.96109,-17.96059,-17.96008,-17.95956,-17.95904,-17.95851,-17.95797,-17.95743,-17.95688,-17.95632,-17.95576,-17.95518,-17.9546,-17.95402,-17.95342,-17.95282,-17.95221,-17.95159,-17.95096,-17.95033,-17.94969,-17.94906,-17.94851
1700,-17.97707,-17.9768,-17.97651,-17.97621,-17.9759,-17.97559,-17.97527,-17.97495,-17.97463,-17.9743,-17.97397,-17.97363,-17.97329,-17.97295,-17.9726,-17.97225,-17.97189,-17.97152,-17.97116,-17.97078,-17.97041,-17.97002,-17.96964,-17.96925,-17.96885,-17.96845,-17.96804,-17.96762,-17.96721,-17.96678,-17.96635,-17.96592,-17.96548,-17.96503,-17.96458,-17.96412,-17.96366,-17.96319,-17.96271,-17.96223,-17.96174,-17.96125,-17.96074,-17.96024,-17.95972,-17.9592,-17.95867,-17.95814,-17.9576,-17.95705,-17.95649,-17.95593,-17.95536,-17.95478,-17.9542,-17.9536,-17.953,-17.9524,-17.9518,-17.95128
1710,-17.97831,-17.97806,-17.97778,-17.97749,-17.9772,-17.97691,-17.97661,-17.97631,-17.976,-17.97569,-17.97538,-17.97506,-17.97474,-17.97441,-17.97408,-17.97375,-17.97341,-17.97306,-17.97272,-17.97236,-17.97201,-17.97164,-17.97128,-17.97091,-17.97053,-17.97015,-17.96976,-17.96937,-17.96898,-17.96858,-17.96817,-17.96776,-17.96734,-17.96692,-17.96649,-17.96606,-17.96562,-17.96517,-17.96472,-17.96427,-17.9638,-17.96334,-17.96286,-17.96238,-17.96189,-17.9614,-17.9609,-17.96039,-17.95988,-17.95936,-17.95884,-17.9583,-17.95776,-17.95722,-17.95666,-17.9561,-17.95553,-17.95496,-17.95439,-17.9539
1720,-17.97949,-17.97925,-17.97898,-17.97871,-17.97844,-17.97816,-17.97788,-17.97759,-17.9773,-17.97701,-17.97671,-17.97641,-17.97611,-17.9758,-17.97548,-17.97517,-17.97485,-17.97452,-17.97419,-17.97386,-17.97352,-17.97318,-17.97283,-17.97248,-17.97212,-17.97176,-17.9714,-17.97103,-17.97065,-17.97027,-17.96989,-17.9695,-17.96911,-17.96871,-17.9683,-17.96789,-17.96748,-17.96705,-17.96663,-17.9662,-17.96576,-17.96532,-17.96487,-17.96441,-17.96395,-17.96348,-17.96301,-17.96253,-17.96205,-17.96156,-17.96106,-17.96055,-17.96004,-17.95953,-17.959,-17.95847,-17.95793,-17.95739,-17.95685,-17.95639
1730,-17.9806,-17.98037,-17.98012,-17.97987,-17.97961,-17.97934,-17.97908,-17.97881,-17.97853,-17.97825,-17.97797,-17.97769,-17.9774,-17.97711,-17.97681,-17.97651,-17.97621,-17.9759,-17.97559,-17.97527,-17.97495,-17.97463,-17.9743,-17.97397,-17.97363,-17.97329,-17.97295,-17.9726,-17.97224,-17.97188,-17.97152,-17.97115,-17.97078,-17.9704,-17.97002,-17.96963,-17.96923,-17.96884,-17.96843,-17.96802,-17.96761,-17.96719,-17.96677,-17.96634,-17.9659,-17.96546,-17.96501,-17.96456,-17.9641,-17.96363,-17.96316,-17.96268,-17.9622,-17.96171,-17.96122,-17.96071,-17.9602,-17.95969,-17.95918,-17.95874
1740,-17.98166,-17.98144,-17.9812,-17.98096,-17.98071,-17.98046,-17.98021,-17.97996,-17.9797,-17.97944,-17.97917,-17.9789,-17.97863,-17.97835,-17.97807,-17.97779,-17.9775,-17.97721,-17.97691,-17.97662,-17.97631,-17.97601,-17.9757,-17.97538,-17.97506,-17.97474,-17.97441,-17.97408,-17.97375,-17.97341,-17.97306,-17.97271,-17.97236,-17.972,-17.97164,-17.97127,-17.9709,-17.97052,-17.97014,-17.96976,-17.96936,-17.96897,-17.96856,-17.96816,-17.96775,-17.96733,-17.9669,-17.96648,-17.96604,-17.9656,-17.96515,-17.9647,-17.96425,-17.96378,-17.96331,-17.96284,-17.96236,-17.96187,-17.96139,-17.96097
1750,-17.98265,-17.98245,-17.98223,-17.982,-17.98176,-17.98153,-17.98129,-17.98105,-17.9808,-17.98055,-17.9803,-17.98005,-17.97979,-17.97953,-17.97926,-17.97899,-17.97872,-17.97845,-17.97817,-17.97789,-17.9776,-17.97731,-17.97702,-17.97672,-17.97642,-17.97611,-17.9758,-17.97549,-17.97517,-17.97485,-17.97452,-17.97419,-17.97386,-17.97352,-17.97318,-17.97283,-17.97248,-17.97212,-17.97176,-17.9714,-17.97102,-17.97065,-17.97027,-17.96988,-17.96949,-17.9691,-17.9687,-17.96829,-17.96788,-17.96746,-17.96704,-17.96662,-17.96618,-17.96574,-17.9653,-17.96485,-17.96439,-17.96393,-17.96348,-17.96308
1760,-17.9836,-17.9834,-17.98319,-17.98298,-17.98276,-17.98253,-17.98231,-17.98208,-17.98185,-17.98161,-17.98137,-17.98113,-17.98089,-17.98064,-17.98039,-17.98014,-17.97988,-17.97962,-17.97936,-17.97909,-17.97882,-17.97854,-17.97827,-17.97798,-17.9777,-17.97741,-17.97712,-17.97682,-17.97652,-17.97622,-17.97591,-17.9756,-17.97528,-17.97496,-17.97464,-17.97431,-17.97397,-17.97364,-17.97329,-17.97295,-17.9726,-17.97224,-17.97188,-17.97152,-17.97115,-17.97077,-17.9704,-17.97001,-17.96962,-17.96923,-17.96883,-17.96843,-17.96802,-17.9676,-17.96718,-17.96676,-17.96632,-17.96589,-17.96546,-17.96509
1770,-17.98449,-17.98431,-17.98411,-17.9839,-17.9837,-17.98349,-17.98327,-17.98306,-17.98284,-17.98261,-17.98239,-17.98216,-17.98193,-17.9817,-17.98146,-17.98122,-17.98098,-17.98073,-17.98048,-17.98023,-17.97997,-17.97971,-17.97945,-17.97918,-17.97891,-17.97864,-17.97836,-17.97808,-17.9778,-17.97751,-17.97722,-17.97692,-17.97662,-17.97632,-17.97601,-17.9757,-17.97539,-17.97507,-17.97475,-17.97442,-17.97409,-17.97375,-17.97341,-17.97307,-17.97272,-17.97236,-17.972,-17.97164,-17.97127,-17.9709,-17.97052,-17.97014,-17.96975,-17.96936,-17.96896,-17.96856,-17.96815,-17.96774,-17.96733,-17.96698
1780,-17.98534,-17.98517,-17.98498,-17.98478,-17.98459,-17.98439,-17.98419,-17.98398,-17.98377,-17.98356,-17.98335,-17.98313,-17.98292,-17.98269,-17.98247,-17.98224,-17.98201,-17.98178,-17.98154,-17.98131,-17.98106,-17.98082,-17.98057,-17.98032,-17.98006,-17.9798,-17.97954,-17.97928,-17.97901,-17.97874,-17.97846,-17.97818,-17.9779,-17.97761,-17.97732,-17.97703,-17.97673,-17.97643,-17.97612,-17.97581,-17.9755,-17.97518,-17.97486,-17.97453,-17.9742,-17.97387,-17.97353,-17.97318,-17.97284,-17.97248,-17.97213,-17.97176,-17.9714,-17.97103,-17.97065,-17.97027,-17.96988,-17.96949,-17.96911,-17.96878
1790,-17.98614,-17.98598,-17.9858,-17.98562,-17.98543,-17.98524,-17.98505,-17.98486,-17.98466,-17.98446,-17.98426,-17.98406,-17.98385,-17.98364,-17.98343,-17.98321,-17.983,-17.98278,-17.98255,-17.98233,-17.9821,-17.98186,-17.98163,-17.98139,-17.98115,-17.98091,-17.98066,-17.98041,-17.98015,-17.9799,-17.97964,-17.97937,-17.9791,-17.97883,-17.97856,-17.97828,-17.978,-17.97771,-17.97742,-17.97713,-17.97683,-17.97653,-17.97623,-17.97592,-17.97561,-17.97529,-17.97497,-17.97464,-17.97432,-17.97398,-17.97364,-17.9733,-17.97296,-17.9726,-17.97225,-17.97189,-17.97152,-17.97115,-17.97079,-17.97047
1800,-17.9869,-17.98675,-17.98658,-17.9864,-17.98623,-17.98605,-17.98587,-17.98569,-17.9855,-17.98531,-17.98512,-17.98493,-17.98473,-17.98454,-17.98433,-17.98413,-17.98393,-17.98372,-17.98351,-17.98329,-17.98308,-17.98286,-17.98263,-17.98241,-17.98218,-17.98195,-17.98172,-17.98148,-17.98124,-17.98099,-17.98075,-17.9805,-17.98025,-17.97999,-17.97973,-17.97947,-17.9792,-17.97893,-17.97866,-17.97838,-17.9781,-17.97781,-17.97753,-17.97723,-17.97694,-17.97664,-17.97634,-17.97603,-17.97572,-17.9754,-17.97508,-17.97476,-17.97443,-17.9741,-17.97376,-17.97342,-17.97308,-17.97273,-17.97238,-17.97208
1810,-17.98762,-17.98747,-17.98731,-17.98715,-17.98698,-17.98681,-17.98664,-17.98647,-17.98629,-17.98612,-17.98594,-17.98575,-17.98557,-17.98538,-17.98519,-17.985,-17.98481,-17.98461,-17.98441,-17.98421,-17.984,-17.9838,-17.98358,-17.98337,-17.98316,-17.98294,-17.98272,-17.98249,-17.98226,-17.98203,-17.9818,-17.98156,-17.98133,-17.98108,-17.98084,-17.98059,-17.98034,-17.98008,-17.97982,-17.97956,-17.9793,-17.97903,-17.97875,-17.97848,-17.9782,-17.97792,-17.97763,-17.97734,-17.97704,-17.97674,-17.97644,-17.97614,-17.97583,-17.97551,-17.97519,-17.97487,-17.97455,-17.97422,-17.97389,-17.97361
1820,-17.9883,-17.98816,-17.98801,-17.98786,-17.9877,-17.98754,-17.98738,-17.98721,-17.98705,-17.98688,-17.98671,-17.98654,-17.98636,-17.98618,-17.98601,-17.98582,-17.98564,-17.98545,-17.98526,-17.98507,-17.98488,-17.98468,-17.98448,-17.98428,-17.98408,-17.98387,-17.98366,-17.98345,-17.98324,-17.98302,-17.9828,-17.98257,-17.98235,-17.98212,-17.98189,-17.98165,-17.98141,-17.98117,-17.98093,-17.98068,-17.98043,-17.98017,-17.97992,-17.97966,-17.97939,-17.97912,-17.97885,-17.97858,-17.9783,-17.97802,-17.97773,-17.97744,-17.97715,-17.97685,-17.97655,-17.97625,-17.97594,-17.97563,-17.97532,-17.97505
1830,-17.98894,-17.98881,-17.98867,-17.98852,-17.98837,-17.98822,-17.98807,-17.98792,-17.98776,-17.9876,-17.98744,-17.98728,-17.98711,-17.98694,-17.98677,-17.9866,-17.98643,-17.98625,-17.98607,-17.98589,-17.98571,-17.98552,-17.98534,-17.98515,-17.98495,-17.98476,-17.98456,-17.98436,-17.98416,-17.98395,-17.98374,-17.98353,-17.98332,-17.9831,-17.98288,-17.98266,-17.98243,-17.9822,-17.98197,-17.98174,-17.9815,-17.98126,-17.98102,-17.98077,-17.98052,-17.98027,-17.98001,-17.97975,-17.97949,-17.97922,-17.97895,-17.97868,-17.9784,-17.97812,-17.97783,-17.97755,-17.97725,-17.97696,-17.97667,-17.97641
1840,-17.98955,-17.98943,-17.98929,-17.98916,-17.98901,-17.98887,-17.98873,-17.98858,-17.98843,-17.98828,-17.98813,-17.98798,-17.98782,-17.98766,-17.9875,-17.98734,-17.98718,-17.98701,-17.98684,-17.98667,-17.9865,-17.98632,-17.98614,-17.98596,-17.98578,-17.9856,-17.98541,-17.98522,-17.98503,-17.98483,-17.98464,-17.98444,-17.98423,-17.98403,-17.98382,-17.98361,-17.9834,-17.98318,-17.98296,-17.98274,-17.98252,-17.98229,-17.98206,-17.98183,-17.98159,-17.98135,-17.98111,-17.98086,-17.98061,-17.98036,-17.98011,-17.97985,-17.97958,-17.97932,-17.97905,-17.97878,-17.9785,-17.97822,-17.97795,-17.97771
1850,-17.99013,-17.99001,-17.98989,-17.98975,-17.98962,-17.98949,-17.98935,-17.98921,-17.98907,-17.98893,-17.98879,-17.98864,-17.98849,-17.98834,-17.98819,-17.98804,-17.98788,-17.98772,-17.98757,-17.9874,-17.98724,-17.98707,-17.98691,-17.98674,-17.98656,-17.98639,-17.98621,-17.98603,-17.98585,-17.98567,-17.98548,-17.98529,-17.9851,-17.98491,-17.98471,-17.98451,-17.98431,-17.98411,-17.9839,-17.98369,-17.98348,-17.98326,-17.98305,-17.98282,-17.9826,-17.98237,-17.98215,-17.98191,-17.98168,-17.98144,-17.9812,-17.98095,-17.98071,-17.98045,-17.9802,-17.97994,-17.97968,-17.97942,-17.97916,-17.97893
1860,-17.99067,-17.99056,-17.99044,-17.99032,-17.99019,-17.99007,-17.98994,-17.98981,-17.98967,-17.98954,-17.9894,-17.98927,-17.98913,-17.98899,-17.98884,-17.9887,-17.98855,-17.9884,-17.98825,-17.9881,-17.98794,-17.98779,-17.98763,-17.98747,-17.9873,-17.98714,-17.98697,-17.9868,-17.98663,-17.98646,-17.98628,-17.9861,-17.98592,-17.98574,-17.98555,-17.98537,-17.98517,-17.98498,-17.98479,-17.98459,-17.98439,-17.98418,-17.98398,-17.98377,-17.98356,-17.98334,-17.98313,-17.98291,-17.98269,-17.98246,-17.98223,-17.982,-17.98177,-17.98153,-17.98129,-17.98104,-17.9808,-17.98055,-17.9803,-17.98009
1870,-17.99119,-17.99109,-17.99097,-17.99086,-17.99074,-17.99062,-17.99049,-17.99037,-17.99025,-17.99012,-17.98999,-17.98986,-17.98973,-17.98959,-17.98946,-17.98932,-17.98918,-17.98904,-17.9889,-17.98876,-17.98861,-17.98846,-17.98831,-17.98816,-17.98801,-17.98785,-17.98769,-17.98753,-17.98737,-17.9872,-17.98704,-17.98687,-17.9867,-17.98653,-17.98635,-17.98617,-17.98599,-17.98581,-17.98563,-17.98544,-17.98525,-17.98506,-17.98486,-17.98466,-17.98447,-17.98426,-17.98406,-17.98385,-17.98364,-17.98343,-17.98321,-17.98299,-17.98277,-17.98255,-17.98232,-17.98209,-17.98185,-17.98162,-17.98139,-17.98118
1880,-17.99168,-17.99158,-17.99147,-17.99136,-17.99125,-17.99114,-17.99102,-17.9909,-17.99079,-17.99067,-17.99054,-17.99042,-17.9903,-17.99017,-17.99004,-17.98991,-17.98978,-17.98965,-17.98951,-17.98938,-17.98924,-17.9891,-17.98896,-17.98881,-17.98867,-17.98852,-17.98837,-17.98822,-17.98807,-17.98791,-17.98775,-17.9876,-17.98743,-17.98727,-17.9871,-17.98694,-17.98677,-17.98659,-17.98642,-17.98624,-17.98606,-17.98588,-17.9857,-17.98551,-17.98532,-17.98513,-17.98494,-17.98474,-17.98454,-17.98434,-17.98414,-17.98393,-17.98372,-17.98351,-17.98329,-17.98308,-17.98286,-17.98263,-17.98241,-17.98222
1890,-17.99214,-17.99205,-17.99195,-17.99184,-17.99174,-17.99163,-17.99152,-17.99141,-17.9913,-17.99118,-17.99107,-17.99095,-17.99084,-17.99072,-17.99059,-17.99047,-17.99035,-17.99022,-17.9901,-17.98997,-17.98984,-17.9897,-17.98957,-17.98943,-17.9893,-17.98916,-17.98902,-17.98887,-17.98873,-17.98858,-17.98843,-17.98828,-17.98813,-17.98797,-17.98782,-17.98766,-17.9875,-17.98734,-17.98717,-17.987,-17.98683,-17.98666,-17.98649,-17.98631,-17.98613,-17.98595,-17.98577,-17.98558,-17.9854,-17.98521,-17.98501,-17.98482,-17.98462,-17.98442,-17.98422,-17.98401,-17.9838,-17.98359,-17.98338,-17.9832
1900,-17.99258,-17.99249,-17.99239,-17.9923,-17.99219,-17.99209,-17.99199,-17.99189,-17.99178,-17.99167,-17.99157,-17.99146,-17.99134,-17.99123,-17.99112,-17.991,-17.99088,-17.99077,-17.99065,-17.99052,-17.9904,-17.99028,-17.99015,-17.99002,-17.98989,-17.98976,-17.98963,-17.98949,-17.98935,-17.98921,-17.98907,-17.98893,-17.98879,-17.98864,-17.98849,-17.98834,-17.98819,-17.98804,-17.98788,-17.98772,-17.98756,-17.9874,-17.98724,-17.98707,-17.9869,-17.98673,-17.98656,-17.98638,-17.9862,-17.98602,-17.98584,-17.98566,-17.98547,-17.98528,-17.98509,-17.98489,-17.9847,-17.9845,-17.9843,-17.98413
1910,-17.99299,-17.99291,-17.99282,-17.99272,-17.99263,-17.99253,-17.99244,-17.99234,-17.99224,-17.99214,-17.99203,-17.99193,-17.99183,-17.99172,-17.99161,-17.9915,-17.99139,-17.99128,-17.99117,-17.99105,-17.99093,-17.99082,-17.9907,-17.99057,-17.99045,-17.99033,-17.9902,-17.99007,-17.98994,-17.98981,-17.98968,-17.98955,-17.98941,-17.98927,-17.98913,-17.98899,-17.98885,-17.9887,-17.98855,-17.9884,-17.98825,-17.9881,-17.98794,-17.98779,-17.98763,-17.98747,-17.9873,-17.98714,-17.98697,-17.9868,-17.98663,-17.98645,-17.98628,-17.9861,-17.98592,-17.98573,-17.98555,-17.98536,-17.98517,-17.98501
1920,-17.99338,-17.9933,-17.99322,-17.99313,-17.99304,-17.99295,-17.99286,-17.99276,-17.99267,-17.99258,-17.99248,-17.99238,-17.99228,-17.99218,-17.99208,-17.99198,-17.99187,-17.99176,-17.99166,-17.99155,-17.99144,-17.99133,-17.99121,-17.9911,-17.99098,-17.99087,-17.99075,-17.99063,-17.9905,-17.99038,-17.99025,-17.99013,-17.99,-17.98987,-17.98974,-17.9896,-17.98947,-17.98933,-17.98919,-17.98905,-17.98891,-17.98876,-17.98861,-17.98847,-17.98832,-17.98816,-17.98801,-17.98785,-17.98769,-17.98753,-17.98737,-17.9872,-17.98704,-17.98687,-17.9867,-17.98652,-17.98635,-17.98617,-17.98599,-17.98584
1930,-17.99375,-17.99368,-17.9936,-17.99351,-17.99343,-17.99334,-17.99326,-17.99317,-17.99308,-17.99299,-17.9929,-17.99281,-17.99271,-17.99262,-17.99252,-17.99242,-17.99232,-17.99222,-17.99212,-17.99202,-17.99192,-17.99181,-17.9917,-17.9916,-17.99149,-17.99137,-17.99126,-17.99115,-17.99103,-17.99092,-17.9908,-17.99068,-17.99056,-17.99043,-17.99031,-17.99018,-17.99005,-17.98992,-17.98979,-17.98966,-17.98952,-17.98939,-17.98925,-17.98911,-17.98896,-17.98882,-17.98867,-17.98853,-17.98838,-17.98823,-17.98807,-17.98792,-17.98776,-17.9876,-17.98744,-17.98727,-17.98711,-17.98694,-17.98677,-17.98663
1940,-17.9941,-17.99403,-17.99396,-17.99388,-17.9938,-17.99372,-17.99363,-17.99355,-17.99347,-17.99338,-17.9933,-17.99321,-17.99312,-17.99303,-17.99294,-17.99285,-17.99275,-17.99266,-17.99256,-17.99247,-17.99237,-17.99227,-17.99217,-17.99206,-17.99196,-17.99186,-17.99175,-17.99164,-17.99153,-17.99142,-17.99131,-17.9912,-17.99108,-17.99097,-17.99085,-17.99073,-17.99061,-17.99048,-17.99036,-17.99023,-17.99011,-17.98998,-17.98985,-17.98971,-17.98958,-17.98944,-17.98931,-17.98917,-17.98902,-17.98888,-17.98874,-17.98859,-17.98844,-17.98829,-17.98814,-17.98798,-17.98782,-17.98766,-17.98751,-17.98737
1950,-17.99443,-17.99437,-17.99429,-17.99422,-17.99414,-17.99407,-17.99399,-17.99391,-17.99383,-17.99375,-17.99367,-17.99359,-17.9935,-17.99342,-17.99333,-17.99325,-17.99316,-17.99307,-17.99298,-17.99289,-17.99279,-17.9927,-17.9926,-17.99251,-17.99241,-17.99231,-17.99221,-17.99211,-17.99201,-17.9919,-17.9918,-17.99169,-17.99158,-17.99147,-17.99136,-17.99125,-17.99113,-17.99102,-17.9909,-17.99078,-17.99066,-17.99054,-17.99041,-17.99029,-17.99016,-17.99003,-17.9899,-17.98977,-17.98964,-17.9895,-17.98936,-17.98922,-17.98908,-17.98894,-17.9888,-17.98865,-17.9885,-17.98835,-17.9882,-17.98808
1960,-17.99474,-17.99468,-17.99461,-17.99454,-17.99447,-17.9944,-17.99433,-17.99425,-17.99418,-17.9941,-17.99403,-17.99395,-17.99387,-17.99379,-17.99371,-17.99363,-17.99354,-17.99346,-17.99337,-17.99329,-17.9932,-17.99311,-17.99302,-17.99293,-17.99284,-17.99274,-17.99265,-17.99255,-17.99245,-17.99236,-17.99226,-17.99215,-17.99205,-17.99195,-17.99184,-17.99174,-17.99163,-17.99152,-17.99141,-17.9913,-17.99118,-17.99107,-17.99095,-17.99083,-17.99071,-17.99059,-17.99047,-17.99034,-17.99022,-17.99009,-17.98996,-17.98983,-17.98969,-17.98956,-17.98942,-17.98928,-17.98914,-17.989,-17.98886,-17.98874
1970,-17.99504,-17.99498,-17.99492,-17.99485,-17.99478,-17.99472,-17.99465,-17.99458,-17.99451,-17.99443,-17.99436,-17.99429,-17.99421,-17.99414,-17.99406,-17.99398,-17.9939,-17.99383,-17.99374,-17.99366,-17.99358,-17.9935,-17.99341,-17.99332,-17.99324,-17.99315,-17.99306,-17.99297,-17.99288,-17.99278,-17.99269,-17.99259,-17.9925,-17.9924,-17.9923,-17.9922,-17.9921,-17.99199,-17.99189,-17.99178,-17.99168,-17.99157,-17.99146,-17.99134,-17.99123,-17.99112,-17.991,-17.99088,-17.99076,-17.99064,-17.99052,-17.9904,-17.99027,-17.99014,-17.99001,-17.98988,-17.98975,-17.98962,-17.98949,-17.98937
1980,-17.99532,-17.99526,-17.9952,-17.99514,-17.99508,-17.99501,-17.99495,-17.99488,-17.99482,-17.99475,-17.99468,-17.99461,-17.99454,-17.99447,-17.99439,-17.99432,-17.99425,-17.99417,-17.9941,-17.99402,-17.99394,-17.99386,-17.99378,-17.9937,-17.99362,-17.99353,-17.99345,-17.99336,-17.99328,-17.99319,-17.9931,-17.99301,-17.99292,-17.99283,-17.99273,-17.99264,-17.99254,-17.99244,-17.99234,-17.99224,-17.99214,-17.99204,-17.99194,-17.99183,-17.99172,-17.99161,-17.9915,-17.99139,-17.99128,-17.99117,-17.99105,-17.99093,-17.99082,-17.99069,-17.99057,-17.99045,-17.99032,-17.9902,-17.99007,-17.98997
1990,-17.99558,-17.99553,-17.99547,-17.99542,-17.99536,-17.99529,-17.99523,-17.99517,-17.99511,-17.99504,-17.99498,-17.99491,-17.99485,-17.99478,-17.99471,-17.99464,-17.99457,-17.9945,-17.99443,-17.99436,-17.99428,-17.99421,-17.99413,-17.99405,-17.99398,-17.9939,-17.99382,-17.99374,-17.99366,-17.99357,-17.99349,-17.9934,-17.99332,-17.99323,-17.99314,-17.99305,-17.99296,-17.99287,-17.99277,-17.99268,-17.99258,-17.99249,-17.99239,-17.99229,-17.99219,-17.99209,-17.99198,-17.99188,-17.99177,-17.99166,-17.99155,-17.99144,-17.99133,-17.99122,-17.9911,-17.99099,-17.99087,-17.99075,-17.99063,-17.99053
2000,-17.99583,-17.99578,-17.99573,-17.99567,-17.99562,-17.99556,-17.9955,-17.99544,-17.99538,-17.99532,-17.99526,-17.9952,-17.99514,-17.99507,-17.99501,-17.99494,-17.99488,-17.99481,-17.99474,-17.99467,-17.9946,-17.99453,-17.99446,-17.99439,-17.99432,-17.99424,-17.99417,-17.99409,-17.99401,-17.99393,-17.99386,-17.99377,-17.99369,-17.99361,-17.99353,-17.99344,-17.99336,-17.99327,-17.99318,-17.99309,-17.993,-17.99291,-17.99282,-17.99272,-17.99263,-17.99253,-17.99243,-17.99233,-17.99223,-17.99213,-17.99203,-17.99192,-17.99182,-17.99171,-17.9916,-17.99149,-17.99138,-17.99127,-17.99116,-17.99106
2010,-17.99607,-17.99602,-17.99597,-17.99592,-17.99587,-17.99581,-17.99576,-17.9957,-17.99565,-17.99559,-17.99553,-17.99547,-17.99541,-17.99535,-17.99529,-17.99523,-17.99517,-17.9951,-17.99504,-17.99498,-17.99491,-17.99484,-17.99478,-17.99471,-17.99464,-17.99457,-17.9945,-17.99442,-17.99435,-17.99428,-17.9942,-17.99413,-17.99405,-17.99397,-17.99389,-17.99381,-17.99373,-17.99365,-17.99357,-17.99348,-17.9934,-17.99331,-17.99322,-17.99313,-17.99304,-17.99295,-17.99286,-17.99277,-17.99267,-17.99257,-17.99248,-17.99238,-17.99228,-17.99218,-17.99207,-17.99197,-17.99187,-17.99176,-17.99165,-17.99156
2020,-17.99629,-17.99625,-17.9962,-17.99615,-17.9961,-17.99605,-17.996,-17.99595,-17.99589,-17.99584,-17.99578,-17.99573,-17.99567,-17.99562,-17.99556,-17.9955,-17.99544,-17.99538,-17.99532,-17.99526,-17.9952,-17.99513,-17.99507,-17.99501,-17.99494,-17.99487,-17.99481,-17.99474,-17.99467,-17.9946,-17.99453,-17.99446,-17.99439,-17.99431,-17.99424,-17.99416,-17.99409,-17.99401,-17.99393,-17.99385,-17.99377,-17.99369,-17.9936,-17.99352,-17.99344,-17.99335,-17.99326,-17.99317,-17.99308,-17.99299,-17.9929,-17.99281,-17.99271,-17.99262,-17.99252,-17.99242,-17.99232,-17.99222,-17.99212,-17.99204
2030,-17.9965,-17.99646,-17.99642,-17.99637,-17.99632,-17.99627,-17.99622,-17.99618,-17.99613,-17.99607,-17.99602,-17.99597,-17.99592,-17.99586,-17.99581,-17.99576,-17.9957,-17.99564,-17.99559,-17.99553,-17.99547,-17.99541,-17.99535,-17.99529,-17.99523,-17.99517,-17.9951,-17.99504,-17.99497,-17.99491,-17.99484,-17.99477,-17.9947,-17.99463,-17.99456,-17.99449,-17.99442,-17.99435,-17.99427,-17.9942,-17.99412,-17.99404,-17.99397,-17.99389,-17.99381,-17.99373,-17.99364,-17.99356,-17.99348,-17.99339,-17.9933,-17.99321,-17.99313,-17.99304,-17.99294,-17.99285,-17.99276,-17.99266,-17.99257,-17.99249
2040,-17.9967,-17.99666,-17.99662,-17.99658,-17.99653,-17.99649,-17.99644,-17.99639,-17.99635,-17.9963,-17.99625,-17.9962,-17.99615,-17.9961,-17.99605,-17.996,-17.99594,-17.99589,-17.99584,-17.99578,-17.99573,-17.99567,-17.99561,-17.99556,-17.9955,-17.99544,-17.99538,-17.99532,-17.99526,-17.9952,-17.99513,-17.99507,-17.995,-17.99494,-17.99487,-17.9948,-17.99474,-17.99467,-17.9946,-17.99453,-17.99445,-17.99438,-17.99431,-17.99423,-17.99416,-17.99408,-17.994,-17.99392,-17.99384,-17.99376,-17.99368,-17.9936,-17.99352,-17.99343,-17.99334,-17.99326,-17.99317,-17.99308,-17.99299,-17.99291
2050,-17.99689,-17.99685,-17.99681,-17.99677,-17.99673,-17.99669,-17.99664,-17.9966,-17.99655,-17.99651,-17.99646,-17.99642,-17.99637,-17.99632,-17.99627,-17.99622,-17.99618,-17.99613,-17.99607,-17.99602,-17.99597,-17.99592,-17.99586,-17.99581,-17.99575,-17.9957,-17.99564,-17.99559,-17.99553,-17.99547,-17.99541,-17.99535,-17.99529,-17.99523,-17.99516,-17.9951,-17.99504,-17.99497,-17.9949,-17.99484,-17.99477,-17.9947,-17.99463,-17.99456,-17.99449,-17.99442,-17.99434,-17.99427,-17.99419,-17.99412,-17.99404,-17.99396,-17.99388,-17.9938,-17.99372,-17.99364,-17.99355,-17.99347,-17.99339,-17.99331
2060,-17.99707,-17.99703,-17.997,-17.99696,-17.99692,-17.99688,-17.99683,-17.99679,-17.99675,-17.99671,-17.99666,-17.99662,-17.99658,-17.99653,-17.99649,-17.99644,-17.99639,-17.99635,-17.9963,-17.99625,-17.9962,-17.99615,-17.9961,-17.99605,-17.996,-17.99594,-17.99589,-17.99584,-17.99578,-17.99573,-17.99567,-17.99561,-17.99556,-17.9955,-17.99544,-17.99538,-17.99532,-17.99526,-17.99519,-17.99513,-17.99507,-17.995,-17.99494,-17.99487,-17.9948,-17.99473,-17.99467,-17.9946,-17.99452,-17.99445,-17.99438,-17.99431,-17.99423,-17.99415,-17.99408,-17.994,-17.99392,-17.99384,-17.99376,-17.99369
2070,-17.99724,-17.9972,-17.99717,-17.99713,-17.99709,-17.99705,-17.99702,-17.99698,-17.99694,-17.9969,-17.99686,-17.99681,-17.99677,-17.99673,-17.99669,-17.99664,-17.9966,-17.99655,-17.99651,-17.99646,-17.99642,-17.99637,-17.99632,-17.99627,-17.99623,-17.99618,-17.99613,-17.99607,-17.99602,-17.99597,-17.99592,-17.99586,-17.99581,-17.99575,-17.9957,-17.99564,-17.99559,-17.99553,-17.99547,-17.99541,-17.99535,-17.99529,-17.99523,-17.99516,-17.9951,-17.99503,-17.99497,-17.9949,-17.99484,-17.99477,-17.9947,-17.99463,-17.99456,-17.99449,-17.99441,-17.99434,-17.99427,-17.99419,-17.99412,-17.99405
2080,-17.99739,-17.99736,-17.99733,-17.99729,-17.99726,-17.99722,-17.99719,-17.99715,-17.99711,-17.99707,-17.99704,-17.997,-17.99696,-17.99692,-17.99688,-17.99684,-17.99679,-17.99675,-17.99671,-17.99667,-17.99662,-17.99658,-17.99653,-17.99649,-17.99644,-17.99639,-17.99635,-17.9963,-17.99625,-17.9962,-17.99615,-17.9961,-17.99605,-17.996,-17.99594,-17.99589,-17.99584,-17.99578,-17.99573,-17.99567,-17.99561,-17.99556,-17.9955,-17.99544,-17.99538,-17.99532,-17.99526,-17.99519,-17.99513,-17.99507,-17.995,-17.99494,-17.99487,-17.9948,-17.99473,-17.99466,-17.99459,-17.99452,-17.99445,-17.99439
2090,-17.99754,-17.99752,-17.99748,-17.99745,-17.99742,-17.99738,-17.99735,-17.99731,-17.99728,-17.99724,-17.99721,-17.99717,-17.99713,-17.99709,-17.99706,-17.99702,-17.99698,-17.99694,-17.9969,-17.99686,-17.99682,-17.99677,-17.99673,-17.99669,-17.99665,-17.9966,-17.99656,-17.99651,-17.99647,-17.99642,-17.99637,-17.99632,-17.99628,-17.99623,-17.99618,-17.99613,-17.99608,-17.99602,-17.99597,-17.99592,-17.99586,-17.99581,-17.99576,-17.9957,-17.99564,-17.99559,-17.99553,-17.99547,-17.99541,-17.99535,-17.99529,-17.99522,-17.99516,-17.9951,-17.99503,-17.99497,-17.9949,-17.99484,-17.99477,-17.99471
2100,-17.99769,-17.99766,-17.99763,-17.9976,-17.99757,-17.99753,-17.9975,-17.99747,-17.99743,-17.9974,-17.99737,-17.99733,-17.9973,-17.99726,-17.99723,-17.99719,-17.99715,-17.99711,-17.99708,-17.99704,-17.997,-17.99696,-17.99692,-17.99688,-17.99684,-17.9968,-17.99675,-17.99671,-17.99667,-17.99662,-17.99658,-17.99653,-17.99649,-17.99644,-17.9964,-17.99635,-17.9963,-17.99625,-17.9962,-17.99615,-17.9961,-17.99605,-17.996,-17.99595,-17.99589,-17.99584,-17.99578,-17.99573,-17.99567,-17.99561,-17.99556,-17.9955,-17.99544,-17.99538,-17.99532,-17.99526,-17.99519,-17.99513,-17.99507,-17.99501
2110,-17.99782,-17.99779,-17.99777,-17.99774,-17.99771,-17.99768,-17.99765,-17.99761,-17.99758,-17.99755,-17.99752,-17.99749,-17.99745,-17.99742,-17.99739,-17.99735,-17.99732,-17.99728,-17.99725,-17.99721,-17.99717,-17.99713,-17.9971,-17.99706,-17.99702,-17.99698,-17.99694,-17.9969,-17.99686,-17.99682,-17.99678,-17.99673,-17.99669,-17.99665,-17.9966,-17.99656,-17.99651,-17.99647,-17.99642,-17.99637,-17.99633,-17.99628,-17.99623,-17.99618,-17.99613,-17.99608,-17.99603,-17.99597,-17.99592,-17.99587,-17.99581,-17.99576,-17.9957,-17.99564,-17.99559,-17.99553,-17.99547,-17.99541,-17.99535,-17.9953
2120,-17.99795,-17.99792,-17.99789,-17.99787,-17.99784,-17.99781,-17.99778,-17.99775,-17.99772,-17.99769,-17.99766,-17.99763,-17.9976,-17.99757,-17.99754,-17.9975,-17.99747,-17.99744,-17.9974,-17.99737,-17.99734,-17.9973,-17.99726,-17.99723,-17.99719,-17.99715,-17.99712,-17.99708,-17.99704,-17.997,-17.99696,-17.99692,-17.99688,-17.99684,-17.9968,-17.99676,-17.99671,-17.99667,-17.99663,-17.99658,-17.99654,-17.99649,-17.99645,-17.9964,-17.99635,-17.9963,-17.99625,-17.9962,-17.99615,-17.9961,-17.99605,-17.996,-17.99595,-17.99589,-17.99584,-17.99579,-17.99573,-17.99567,-17.99562,-17.99557
2130,-17.99806,-17.99804,-17.99802,-17.99799,-17.99796,-17.99794,-17.99791,-17.99788,-17.99785,-17.99783,-17.9978,-17.99777,-17.99774,-17.99771,-17.99768,-17.99765,-17.99762,-17.99759,-17.99755,-17.99752,-17.99749,-17.99746,-17.99742,-17.99739,-17.99735,-17.99732,-17.99728,-17.99725,-17.99721,-17.99718,-17.99714,-17.9971,-17.99706,-17.99702,-17.99698,-17.99694,-17.9969,-17.99686,-17.99682,-17.99678,-17.99674,-17.99669,-17.99665,-17.99661,-17.99656,-17.99652,-17.99647,-17.99642,-17.99638,-17.99633,-17.99628,-17.99623,-17.99618,-17.99613,-17.99608,-17.99603,-17.99598,-17.99592,-17.99587,-17.99582
2140,-17.99818,-17.99816,-17.99813,-17.99811,-17.99808,-17.99806,-17.99803,-17.99801,-17.99798,-17.99795,-17.99793,-17.9979,-17.99787,-17.99784,-17.99781,-17.99778,-17.99776,-17.99773,-17.9977,-17.99767,-17.99763,-17.9976,-17.99757,-17.99754,-17.99751,-17.99747,-17.99744,-17.99741,-17.99737,-17.99734,-17.9973,-17.99727,-17.99723,-17.9972,-17.99716,-17.99712,-17.99708,-17.99704,-17.99701,-17.99697,-17.99693,-17.99688,-17.99684,-17.9968,-17.99676,-17.99672,-17.99667,-17.99663,-17.99659,-17.99654,-17.99649,-17.99645,-17.9964,-17.99635,-17.99631,-17.99626,-17.99621,-17.99616,-17.99611,-17.99607
2150,-17.99828,-17.99826,-17.99824,-17.99822,-17.99819,-17.99817,-17.99815,-17.99812,-17.9981,-17.99807,-17.99805,-17.99802,-17.99799,-17.99797,-17.99794,-17.99791,-17.99789,-17.99786,-17.99783,-17.9978,-17.99777,-17.99774,-17.99771,-17.99768,-17.99765,-17.99762,-17.99759,-17.99756,-17.99753,-17.99749,-17.99746,-17.99743,-17.99739,-17.99736,-17.99732,-17.99729,-17.99725,-17.99722,-17.99718,-17.99714,-17.9971,-17.99707,-17.99703,-17.99699,-17.99695,-17.99691,-17.99687,-17.99682,-17.99678,-17.99674,-17.9967,-17.99665,-17.99661,-17.99656,-17.99652,-17.99647,-17.99643,-17.99638,-17.99633,-17.99629
2160,-17.99838,-17.99836,-17.99834,-17.99832,-17.9983,-17.99828,-17.99825,-17.99823,-17.99821,-17.99818,-17.99816,-17.99814,-17.99811,-17.99809,-17.99806,-17.99803,-17.99801,-17.99798,-17.99796,-17.99793,-17.9979,-17.99787,-17.99785,-17.99782,-17.99779,-17.99776,-17.99773,-17.9977,-17.99767,-17.99764,-17.99761,-17.99758,-17.99754,-17.99751,-17.99748,-17.99745,-17.99741,-17.99738,-17.99734,-17.99731,-17.99727,-17.99724,-17.9972,-17.99716,-17.99712,-17.99709,-17.99705,-17.99701,-17.99697,-17.99693,-17.99689,-17.99685,-17.99681,-17.99676,-17.99672,-17.99668,-17.99663,-17.99659,-17.99655,-17.99651
2170,-17.99848,-17.99846,-17.99844,-17.99842,-17.9984,-17.99838,-17.99836,-17.99833,-17.99831,-17.99829,-17.99827,-17.99824,-17.99822,-17.9982,-17.99817,-17.99815,-17.99813,-17.9981,-17.99808,-17.99805,-17.99802,-17.998,-17.99797,-17.99794,-17.99792,-17.99789,-17.99786,-17.99783,-17.99781,-17.99778,-17.99775,-17.99772,-17.99769,-17.99766,-17.99763,-17.99759,-17.99756,-17.99753,-17.9975,-17.99746,-17.99743,-17.9974,-17.99736,-17.99733,-17.99729,-17.99726,-17.99722,-17.99718,-17.99715,-17.99711,-17.99707,-17.99703,-17.99699,-17.99695,-17.99691,-17.99687,-17.99683,-17.99679,-17.99675,-17.99671
2180,-17.99857,-17.99855,-17.99853,-17.99851,-17.99849,-17.99847,-17.99845,-17.99843,-17.99841,-17.99839,-17.99837,-17.99835,-17.99833,-17.9983,-17.99828,-17.99826,-17.99823,-17.99821,-17.99819,-17.99816,-17.99814,-17.99811,-17.99809,-17.99806,-17.99804,-17.99801,-17.99799,-17.99796,-17.99793,-17.99791,-17.99788,-17.99785,-17.99782,-17.99779,-17.99776,-17.99773,-17.9977,-17.99767,-17.99764,-17.99761,-17.99758,-17.99755,-17.99752,-17.99748,-17.99745,-17.99742,-17.99738,-17.99735,-17.99731,-17.99728,-17.99724,-17.9972,-17.99717,-17.99713,-17.99709,-17.99705,-17.99701,-17.99697,-17.99693,-17.9969
2190,-17.99865,-17.99864,-17.99862,-17.9986,-17.99858,-17.99856,-17.99854,-17.99852,-17.9985,-17.99848,-17.99846,-17.99844,-17.99842,-17.9984,-17.99838,-17.99836,-17.99834,-17.99832,-17.99829,-17.99827,-17.99825,-17.99823,-17.9982,-17.99818,-17.99815,-17.99813,-17.9981,-17.99808,-17.99805,-17.99803,-17.998,-17.99798,-17.99795,-17.99792,-17.99789,-17.99787,-17.99784,-17.99781,-17.99778,-17.99775,-17.99772,-17.99769,-17.99766,-17.99763,-17.9976,-17.99757,-17.99753,-17.9975,-17.99747,-17.99743,-17.9974,-17.99737,-17.99733,-17.9973,-17.99726,-17.99722,-17.99719,-17.99715,-17.99711,-17.99708
2200,-17.99873,-17.99872,-17.9987,-17.99868,-17.99866,-17.99865,-17.99863,-17.99861,-17.99859,-17.99857,-17.99855,-17.99854,-17.99852,-17.9985,-17.99848,-17.99846,-17.99844,-17.99842,-17.99839,-17.99837,-17.99835,-17.99833,-17.99831,-17.99828,-17.99826,-17.99824,-17.99822,-17.99819,-17.99817,-17.99814,-17.99812,-17.99809,-17.99807,-17.99804,-17.99802,-17.99799,-17.99796,-17.99794,-17.99791,-17.99788,-17.99785,-17.99783,-17.9978,-17.99777,-17.99774,-17.99771,-17.99768,-17.99765,-17.99762,-17.99758,-17.99755,-17.99752,-17.99749,-17.99745,-17.99742,-17.99739,-17.99735,-17.99732,-17.99728,-17.99725
2210,-17.99881,-17.99879,-17.99878,-17.99876,-17.99874,-17.99873,-17.99871,-17.99869,-17.99868,-17.99866,-17.99864,-17.99862,-17.9986,-17.99859,-17.99857,-17.99855,-17.99853,-17.99851,-17.99849,-17.99847,-17.99845,-17.99843,-17.99841,-17.99839,-17.99836,-17.99834,-17.99832,-17.9983,-17.99828,-17.99825,-17.99823,-17.99821,-17.99818,-17.99816,-17.99813,-17.99811,-17.99808,-17.99806,-17.99803,-17.99801,-17.99798,-17.99795,-17.99793,-17.9979,-17.99787,-17.99784,-17.99781,-17.99779,-17.99776,-17.99773,-17.9977,-17.99767,-17.99763,-17.9976,-17.99757,-17.99754,-17.99751,-17.99747,-17.99744,-17.99741
2220,-17.99888,-17.99886,-17.99885,-17.99883,-17.99882,-17.9988,-17.99879,-17.99877,-17.99875,-17.99874,-17.99872,-17.9987,-17.99869,-17.99867,-17.99865,-17.99863,-17.99861,-17.9986,-17.99858,-17.99856,-17.99854,-17.99852,-17.9985,-17.99848,-17.99846,-17.99844,-17.99842,-17.9984,-17.99838,-17.99836,-17.99833,-17.99831,-17.99829,-17.99827,-17.99824,-17.99822,-17.9982,-17.99817,-17.99815,-17.99812,-17.9981,-17.99807,-17.99805,-17.99802,-17.998,-17.99797,-17.99794,-17.99792,-17.99789,-17.99786,-17.99783,-17.9978,-17.99777,-17.99774,-17.99771,-17.99768,-17.99765,-17.99762,-17.99759,-17.99756
2230,-17.99894,-17.99893,-17.99892,-17.9989,-17.99889,-17.99887,-17.99886,-17.99884,-17.99883,-17.99881,-17.9988,-17.99878,-17.99876,-17.99875,-17.99873,-17.99871,-17.9987,-17.99868,-17.99866,-17.99864,-17.99863,-17.99861,-17.99859,-17.99857,-17.99855,-17.99853,-17.99851,-17.99849,-17.99847,-17.99845,-17.99843,-17.99841,-17.99839,-17.99837,-17.99835,-17.99833,-17.9983,-17.99828,-17.99826,-17.99823,-17.99821,-17.99819,-17.99816,-17.99814,-17.99811,-17.99809,-17.99806,-17.99804,-17.99801,-17.99799,-17.99796,-17.99793,-17.9979,-17.99788,-17.99785,-17.99782,-17.99779,-17.99776,-17.99773,-17.99771
2240,-17.99901,-17.99899,-17.99898,-17.99897,-17.99895,-17.99894,-17.99893,-17.99891,-17.9989,-17.99888,-17.99887,-17.99885,-17.99884,-17.99882,-17.99881,-17.99879,-17.99877,-17.99876,-17.99874,-17.99872,-17.99871,-17.99869,-17.99867,-17.99866,-17.99864,-17.99862,-17.9986,-17.99858,-17.99856,-17.99854,-17.99853,-17.99851,-17.99849,-17.99847,-17.99845,-17.99842,-17.9984,-17.99838,-17.99836,-17.99834,-17.99832,-17.99829,-17.99827,-17.99825,-17.99823,-17.9982,-17.99818,-17.99815,-17.99813,-17.9981,-17.99808,-17.99805,-17.99803,-17.998,-17.99798,-17.99795,-17.99792,-17.99789,-17.99787,-17.99784
2250,-17.99907,-17.99905,-17.99904,-17.99903,-17.99902,-17.999,-17.99899,-17.99898,-17.99896,-17.99895,-17.99893,-17.99892,-17.99891,-17.99889,-17.99888,-17.99886,-17.99885,-17.99883,-17.99882,-17.9988,-17.99878,-17.99877,-17.99875,-17.99874,-17.99872,-17.9987,-17.99868,-17.99867,-17.99865,-17.99863,-17.99861,-17.99859,-17.99858,-17.99856,-17.99854,-17.99852,-17.9985,-17.99848,-17.99846,-17.99844,-17.99842,-17.9984,-17.99837,-17.99835,-17.99833,-17.99831,-17.99829,-17.99826,-17.99824,-17.99822,-17.99819,-17.99817,-17.99814,-17.99812,-17.99809,-17.99807,-17.99804,-17.99802,-17.99799,-17.99797
2260,-17.99912,-17.99911,-17.9991,-17.99909,-17.99907,-17.99906,-17.99905,-17.99904,-17.99902,-17.99901,-17.999,-17.99899,-17.99897,-17.99896,-17.99894,-17.99893,-17.99892,-17.9989,-17.99889,-17.99887,-17.99886,-17.99884,-17.99883,-17.99881,-17.99879,-17.99878,-17.99876,-17.99875,-17.99873,-17.99871,-17.9987,-17.99868,-17.99866,-17.99864,-17.99862,-17.99861,-17.99859,-17.99857,-17.99855,-17.99853,-17.99851,-17.99849,-17.99847,-17.99845,-17.99843,-17.99841,-17.99839,-17.99837,-17.99834,-17.99832,-17.9983,-17.99828,-17.99825,-17.99823,-17.99821,-17.99818,-17.99816,-17.99814,-17.99811,-17.99809
2270,-17.99917,-17.99916,-17.99915,-17.99914,-17.99913,-17.99912,-17.99911,-17.9991,-17.99908,-17.99907,-17.99906,-17.99905,-17.99903,-17.99902,-17.99901,-17.99899,-17.99898,-17.99897,-17.99895,-17.99894,-17.99893,-17.99891,-17.9989,-17.99888,-17.99887,-17.99885,-17.99884,-17.99882,-17.99881,-17.99879,-17.99877,-17.99876,-17.99874,-17.99872,-17.99871,-17.99869,-17.99867,-17.99865,-17.99864,-17.99862,-17.9986,-17.99858,-17.99856,-17.99854,-17.99852,-17.9985,-17.99848,-17.99846,-17.99844,-17.99842,-17.9984,-17.99838,-17.99836,-17.99834,-17.99831,-17.99829,-17.99827,-17.99825,-17.99822,-17.9982
2280,-17.99922,-17.99921,-17.9992,-17.99919,-17.99918,-17.99917,-17.99916,-17.99915,-17.99914,-17.99913,-17.99911,-17.9991,-17.99909,-17.99908,-17.99907,-17.99905,-17.99904,-17.99903,-17.99902,-17.999,-17.99899,-17.99898,-17.99896,-17.99895,-17.99893,-17.99892,-17.99891,-17.99889,-17.99888,-17.99886,-17.99885,-17.99883,-17.99882,-17.9988,-17.99878,-17.99877,-17.99875,-17.99873,-17.99872,-17.9987,-17.99868,-17.99867,-17.99865,-17.99863,-17.99861,-17.99859,-17.99857,-17.99856,-17.99854,-17.99852,-17.9985,-17.99848,-17.99846,-17.99844,-17.99841,-17.99839,-17.99837,-17.99835,-17.99833,-17.99831
2290,-17.99927,-17.99926,-17.99925,-17.99924,-17.99923,-17.99922,-17.99921,-17.9992,-17.99919,-17.99918,-17.99917,-17.99916,-17.99915,-17.99913,-17.99912,-17.99911,-17.9991,-17.99909,-17.99908,-17.99906,-17.99905,-17.99904,-17.99902,-17.99901,-17.999,-17.99899,-17.99897,-17.99896,-17.99894,-17.99893,-17.99892,-17.9989,-17.99889,-17.99887,-17.99886,-17.99884,-17.99883,-17.99881,-17.99879,-17.99878,-17.99876,-17.99875,-17.99873,-17.99871,-17.99869,-17.99868,-17.99866,-17.99864,-17.99862,-17.9986,-17.99859,-17.99857,-17.99855,-17.99853,-17.99851,-17.99849,-17.99847,-17.99845,-17.99843,-17.99841
2300,-17.99931,-17.99931,-17.9993,-17.99929,-17.99928,-17.99927,-17.99926,-17.99925,-17.99924,-17.99923,-17.99922,-17.99921,-17.9992,-17.99919,-17.99918,-17.99916,-17.99915,-17.99914,-17.99913,-17.99912,-17.99911,-17.9991,-17.99908,-17.99907,-17.99906,-17.99905,-17.99903,-17.99902,-17.99901,-17.99899,-17.99898,-17.99897,-17.99895,-17.99894,-17.99893,-17.99891,-17.9989,-17.99888,-17.99887,-17.99885,-17.99884,-17.99882,-17.9988,-17.99879,-17.99877,-17.99876,-17.99874,-17.99872,-17.99871,-17.99869,-17.99867,-17.99865,-17.99864,-17.99862,-17.9986,-17.99858,-17.99856,-17.99854,-17.99852,-17.99851
2310,-17.99936,-17.99935,-17.99934,-17.99933,-17.99932,-17.99931,-17.9993,-17.99929,-17.99928,-17.99928,-17.99927,-17.99926,-17.99925,-17.99924,-17.99923,-17.99922,-17.9992,-17.99919,-17.99918,-17.99917,-17.99916,-17.99915,-17.99914,-17.99913,-17.99912,-17.9991,-17.99909,-17.99908,-17.99907,-17.99905,-17.99904,-17.99903,-17.99902,-17.999,-17.99899,-17.99898,-17.99896,-17.99895,-17.99893,-17.99892,-17.99891,-17.99889,-17.99888,-17.99886,-17.99885,-17.99883,-17.99882,-17.9988,-17.99878,-17.99877,-17.99875,-17.99873,-17.99872,-17.9987,-17.99868,-17.99866,-17.99865,-17.99863,-17.99861,-17.9986
2320,-17.99939,-17.99939,-17.99938,-17.99937,-17.99936,-17.99935,-17.99935,-17.99934,-17.99933,-17.99932,-17.99931,-17.9993,-17.99929,-17.99928,-17.99927,-17.99926,-17.99925,-17.99924,-17.99923,-17.99922,-17.99921,-17.9992,-17.99919,-17.99918,-17.99917,-17.99916,-17.99915,-17.99914,-17.99912,-17.99911,-17.9991,-17.99909,-17.99908,-17.99906,-17.99905,-17.99904,-17.99903,-17.99901,-17.999,-17.99899,-17.99897,-17.99896,-17.99894,-17.99893,-17.99892,-17.9989,-17.99889,-17.99887,-17.99886,-17.99884,-17.99883,-17.99881,-17.99879,-17.99878,-17.99876,-17.99875,-17.99873,-17.99871,-17.99869,-17.99868
2330,-17.99943,-17.99943,-17.99942,-17.99941,-17.9994,-17.99939,-17.99939,-17.99938,-17.99937,-17.99936,-17.99935,-17.99934,-17.99933,-17.99933,-17.99932,-17.99931,-17.9993,-17.99929,-17.99928,-17.99927,-17.99926,-17.99925,-17.99924,-17.99923,-17.99922,-17.99921,-17.9992,-17.99919,-17.99918,-17.99917,-17.99915,-17.99914,-17.99913,-17.99912,-17.99911,-17.9991,-17.99908,-17.99907,-17.99906,-17.99905,-17.99903,-17.99902,-17.99901,-17.999,-17.99898,-17.99897,-17.99895,-17.99894,-17.99893,-17.99891,-17.9989,-17.99888,-17.99887,-17.99885,-17.99884,-17.99882,-17.99881,-17.99879,-17.99877,-17.99876
2340,-17.99947,-17.99946,-17.99945,-17.99945,-17.99944,-17.99943,-17.99942,-17.99942,-17.99941,-17.9994,-17.99939,-17.99938,-17.99938,-17.99937,-17.99936,-17.99935,-17.99934,-17.99933,-17.99932,-17.99931,-17.99931,-17.9993,-17.99929,-17.99928,-17.99927,-17.99926,-17.99925,-17.99924,-17.99923,-17.99922,-17.99921,-17.9992,-17.99918,-17.99917,-17.99916,-17.99915,-17.99914,-17.99913,-17.99912,-17.9991,-17.99909,-17.99908,-17.99907,-17.99906,-17.99904,-17.99903,-17.99902,-17.999,-17.99899,-17.99898,-17.99896,-17.99895,-17.99894,-17.99892,-17.99891,-17.99889,-17.99888,-17.99886,-17.99885,-17.99883
2350,-17.9995,-17.99949,-17.99949,-17.99948,-17.99947,-17.99947,-17.99946,-17.99945,-17.99944,-17.99944,-17.99943,-17.99942,-17.99941,-17.99941,-17.9994,-17.99939,-17.99938,-17.99937,-17.99936,-17.99936,-17.99935,-17.99934,-17.99933,-17.99932,-17.99931,-17.9993,-17.99929,-17.99928,-17.99927,-17.99926,-17.99925,-17.99924,-17.99923,-17.99922,-17.99921,-17.9992,-17.99919,-17.99918,-17.99917,-17.99916,-17.99915,-17.99914,-17.99913,-17.99911,-17.9991,-17.99909,-17.99908,-17.99906,-17.99905,-17.99904,-17.99903,-17.99901,-17.999,-17.99899,-17.99897,-17.99896,-17.99895,-17.99893,-17.99892,-17.99891
2360,-17.99953,-17.99952,-17.99952,-17.99951,-17.99951,-17.9995,-17.99949,-17.99948,-17.99948,-17.99947,-17.99946,-17.99946,-17.99945,-17.99944,-17.99943,-17.99943,-17.99942,-17.99941,-17.9994,-17.9994,-17.99939,-17.99938,-17.99937,-17.99936,-17.99935,-17.99935,-17.99934,-17.99933,-17.99932,-17.99931,-17.9993,-17.99929,-17.99928,-17.99927,-17.99926,-17.99925,-17.99924,-17.99923,-17.99922,-17.99921,-17.9992,-17.99919,-17.99918,-17.99917,-17.99916,-17.99914,-17.99913,-17.99912,-17.99911,-17.9991,-17.99909,-17.99907,-17.99906,-17.99905,-17.99904,-17.99902,-17.99901,-17.999,-17.99898,-17.99897
2370,-17.99956,-17.99955,-17.99955,-17.99954,-17.99954,-17.99953,-17.99952,-17.99952,-17.99951,-17.9995,-17.9995,-17.99949,-17.99948,-17.99948,-17.99947,-17.99946,-17.99946,-17.99945,-17.99944,-17.99943,-17.99943,-17.99942,-17.99941,-17.9994,-17.99939,-17.99939,-17.99938,-17.99937,-17.99936,-17.99935,-17.99934,-17.99933,-17.99933,-17.99932,-17.99931,-17.9993,-17.99929,-17.99928,-17.99927,-17.99926,-17.99925,-17.99924,-17.99923,-17.99922,-17.99921,-17.9992,-17.99919,-17.99918,-17.99916,-17.99915,-17.99914,-17.99913,-17.99912,-17.99911,-17.99909,-17.99908,-17.99907,-17.99906,-17.99905,-17.99903
2380,-17.99959,-17.99958,-17.99958,-17.99957,-17.99956,-17.99956,-17.99955,-17.99955,-17.99954,-17.99953,-17.99953,-17.99952,-17.99952,-17.99951,-17.9995,-17.9995,-17.99949,-17.99948,-17.99947,-17.99947,-17.99946,-17.99945,-17.99945,-17.99944,-17.99943,-17.99942,-17.99942,-17.99941,-17.9994,-17.99939,-17.99938,-17.99938,-17.99937,-17.99936,-17.99935,-17.99934,-17.99933,-17.99932,-17.99931,-17.9993,-17.9993,-17.99929,-17.99928,-17.99927,-17.99926,-17.99925,-17.99924,-17.99923,-17.99922,-17.99921,-17.99919,-17.99918,-17.99917,-17.99916,-17.99915,-17.99914,-17.99913,-17.99912,-17.9991,-17.99909
2390,-17.99961,-17.99961,-17.9996,-17.9996,-17.99959,-17.99959,-17.99958,-17.99957,-17.99957,-17.99956,-17.99956,-17.99955,-17.99955,-17.99954,-17.99953,-17.99953,-17.99952,-17.99951,-17.99951,-17.9995,-17.99949,-17.99949,-17.99948,-17.99947,-17.99947,-17.99946,-17.99945,-17.99944,-17.99944,-17.99943,-17.99942,-17.99941,-17.99941,-17.9994,-17.99939,-17.99938,-17.99937,-17.99936,-17.99936,-17.99935,-17.99934,-17.99933,-17.99932,-17.99931,-17.9993,-17.99929,-17.99928,-17.99927,-17.99926,-17.99925,-17.99924,-17.99923,-17.99922,-17.99921,-17.9992,-17.99919,-17.99918,-17.99917,-17.99916,-17.99915
2400,-17.99964,-17.99963,-17.99963,-17.99962,-17.99962,-17.99961,-17.99961,-17.9996,-17.9996,-17.99959,-17.99958,-17.99958,-17.99957,-17.99957,-17.99956,-17.99956,-17.99955,-17.99954,-17.99954,-17.99953,-17.99953,-17.99952,-17.99951,-17.99951,-17.9995,-17.99949,-17.99949,-17.99948,-17.99947,-17.99946,-17.99946,-17.99945,-17.99944,-17.99944,-17.99943,-17.99942,-17.99941,-17.9994,-17.9994,-17.99939,-17.99938,-17.99937,-17.99936,-17.99935,-17.99935,-17.99934,-17.99933,-17.99932,-17.99931,-17.9993,-17.99929,-17.99928,-17.99927,-17.99926,-17.99925,-17.99924,-17.99923,-17.99922,-17.99921,-17.9992
