t,0.0006666667,0.002,0.003333333,0.004666667,0.006,0.007333333,0.008666667,0.01,0.01133333,0.01266667,0.014,0.01533333,0.01666667,0.018,0.01933333,0.02066667,0.022,0.02333333,0.02466667,0.026,0.02733333,0.02866667,0.03,0.03133333,0.03266667,0.034,0.03533333,0.03666667,0.038,0.03933333,0.04066667,0.042,0.04333333,0.04466667,0.046,0.04733333,0.04866667,0.05,0.05133333,0.05266667,0.054,0.05533333,0.05666667,0.058,0.05933333,0.06066667,0.062,0.06333333,0.06466667,0.066,0.06733333,0.06866667,0.07,0.07133333,0.07266667,0.074,0.07533333,0.07666667,0.078,0.07933333
0,30,30,30,30,30,30,30,30,30,30,30,30,30,30,30,30,30,30,30,30,30,30,30,30,30,30,30,30,30,30,30,30,30,30,30,30,30,30,30,30,30,30,30,30,30,30,30,30,30,30,30,30,30,30,30,30,30,30,30,30
10,27.76805,28.27352,28.7718,29.231,29.59687,29.84131,29.96218,30,30,30,30,30,30,30,30,30,30,30,30,30,30,30,30,30,30,30,30,30,30,30,30,30,30,30,30,30,30,30,30,30,30,30,30,30,30,30,30,30,30,30,30,30,30,30,30,30,30,30,30,30
20,25.80265,26.29516,26.80163,27.32078,27.83202,28.32286,28.77584,29.17079,29.48957,29.7222,29.87132,29.95213,29.98714,29.99806,30,30,30,30,30,30,30,30,30,30,30,30,30,30,30,30,30,30,30,30,30,30,30,30,30,30,30,30,30,30,30,30,30,30,30,30,30,30,30,30,30,30,30,30,30,30
30,23.92328,24.39595,24.88387,25.3893,25.89872,26.41001,26.91935,27.42053,27.90455,28.35971,28.77263,29.1303,29.42278,29.64579,29.80217,29.90141,29.95729,29.9845,29.99556,29.9991,29.9999,30,30,30,30,30,30,30,30,30,30,30,30,30,30,30,30,30,30,30,30,30,30,30,30,30,30,30,30,30,30,30,30,30,30,30,30,30,30,30
40,22.12183,22.57486,23.04274,23.52801,24.01867,24.51442,25.01466,25.51818,26.02289,26.52542,27.02076,27.50203,27.96057,28.3865,28.76973,29.10141,29.37558,29.59035,29.74848,29.85693,29.92551,29.96503,29.98548,29.9948,29.99845,29.99964,29.99994,29.99999,30,30,30,30,30,30,30,30,30,30,30,30,30,30,30,30,30,30,30,30,30,30,30,30,30,30,30,30,30,30,30,30
50,20.39484,20.82895,21.27733,21.74244,22.21292,22.68879,23.17,23.65639,24.14759,24.64292,25.14119,25.64048,26.13789,26.62931,27.10929,27.57106,28.00686,28.40853,28.76838,29.0802,29.3402,29.54773,29.70542,29.81883,29.89553,29.94398,29.97233,29.98756,29.99498,29.99822,29.99946,29.99986,29.99997,30,30,30,30,30,30,30,30,30,30,30,30,30,30,30,30,30,30,30,30,30,30,30,30,30,30,30
60,18.7385,19.15441,19.58404,20.02967,20.48049,20.93656,21.39791,21.86458,22.33654,22.81373,23.29594,23.7828,24.27365,24.76739,25.26234,25.75604,26.2451,26.7251,27.19056,27.63514,28.05199,28.4343,28.77598,29.07242,29.3211,29.52199,29.67761,29.79269,29.87356,29.92728,29.96082,29.98038,29.99095,29.9962,29.99857,29.99952,29.99986,29.99997,29.99999,30,30,30,30,30,30,30,30,30,30,30,30,30,30,30,30,30,30,30,30,30
70,17.15088,17.54931,17.96092,18.38783,18.81973,19.25667,19.69872,20.14592,20.59831,21.05594,21.51882,21.98691,22.46012,22.93826,23.42095,23.90757,24.39713,24.88817,25.37859,25.86555,26.3454,26.81359,27.26485,27.69336,28.09312,28.45842,28.78442,29.06765,29.30645,29.50121,29.65435,29.77004,29.8537,29.91138,29.94914,29.97249,29.98607,29.99345,29.99716,29.99888,29.9996,29.99988,29.99997,29.99999,30,30,30,30,30,30,30,30,30,30,30,30,30,30,30,30
80,15.62923,16.01088,16.40519,16.81412,17.22785,17.64642,18.0699,18.49832,18.93175,19.37025,19.81385,20.2626,20.71652,21.17563,21.63989,22.1092,22.58336,23.06202,23.5446,24.03023,24.51762,25.00499,25.48993,25.96936,26.43948,26.89583,27.3334,27.74692,28.13116,28.48133,28.79353,29.06517,29.2952,29.48429,29.63476,29.75036,29.83585,29.89651,29.93767,29.96429,29.98062,29.9901,29.99526,29.99789,29.99914,29.99968,29.99989,29.99997,29.99999,30,30,30,30,30,30,30,30,30,30,30
90,14.17095,14.53648,14.91418,15.30586,15.70214,16.10307,16.50871,16.9191,17.33429,17.75435,18.17933,18.60927,19.04423,19.48426,19.92939,20.37964,20.83503,21.2955,21.76097,22.23123,22.70596,23.18465,23.66652,24.15044,24.63487,25.11777,25.59651,26.06787,26.52803,26.97267,27.39715,27.79669,28.16675,28.5033,28.80321,29.06452,29.28664,29.47044,29.61817,29.73322,29.81984,29.88272,29.92663,29.95603,29.97484,29.98631,29.99295,29.99658,29.99845,29.99935,29.99975,29.99991,29.99997,29.99999,30,30,30,30,30,30
100,12.7735,13.12356,13.48531,13.86043,14.23997,14.62396,15.01247,15.40555,15.80323,16.20559,16.61266,17.02451,17.44118,17.86273,18.2892,18.72066,19.15714,19.59867,20.04529,20.49698,20.95371,21.41539,21.88183,22.35273,22.82764,23.30586,23.78641,24.26796,24.74875,25.22653,25.69854,26.16149,26.61162,27.04484,27.45682,27.84331,28.20034,28.52453,28.81334,29.06533,29.28025,29.4591,29.60406,29.71824,29.8055,29.87003,29.91614,29.94789,29.9689,29.98223,29.99031,29.99498,29.99754,29.99886,29.99951,29.9998,29.99993,29.99998,29.99999,30
110,11.43446,11.76967,12.11611,12.47533,12.8388,13.20654,13.57861,13.95506,14.33594,14.7213,15.11119,15.50565,15.90475,16.30853,16.71705,17.13036,17.5485,17.97154,18.39951,18.83247,19.27044,19.71345,20.16148,20.61452,21.07245,21.53513,22.00229,22.47349,22.94815,23.42539,23.90408,24.38267,24.85923,25.33138,25.79626,26.25061,26.69078,27.11289,27.51299,27.88727,28.23226,28.54513,28.82384,29.06733,29.27564,29.44984,29.59204,29.70514,29.79265,29.85839,29.90626,29.93999,29.96293,29.97795,29.98741,29.99312,29.99642,29.99822,29.99917,29.99961
120,10.15149,10.47244,10.80419,11.14816,11.4962,11.84834,12.20464,12.56513,12.92988,13.29892,13.67231,14.05009,14.43232,14.81905,15.21031,15.60618,16.00669,16.41191,16.82187,17.23664,17.65626,18.08078,18.51024,18.94468,19.3841,19.82852,20.27789,20.73214,21.19111,21.65457,22.12214,22.59329,23.06727,23.54307,24.01936,24.49447,24.96632,25.43243,25.88993,26.3356,26.76594,27.17731,27.56611,27.92893,28.26275,28.5652,28.83463,29.07033,29.2725,29.44232,29.5818,29.69367,29.78114,29.84773,29.89701,29.9324,29.95702,29.97358,29.9843,29.9906
130,8.922345,9.229611,9.547251,9.876589,10.20982,10.54699,10.88815,11.23334,11.5826,11.93599,12.29354,12.65531,13.02135,13.3917,13.76641,14.14553,14.52911,14.9172,15.30986,15.70713,16.10906,16.51571,16.92713,17.34336,17.76445,18.19044,18.62136,19.05724,19.49807,19.94382,20.39442,20.84974,21.30955,21.77354,22.24122,22.71195,23.18484,23.65873,24.13217,24.60334,25.07008,25.52986,25.97981,26.4168,26.83749,27.23851,27.61655,27.96859,28.29201,28.5848,28.84567,29.07415,29.27061,29.43628,29.57309,29.68361,29.77083,29.83794,29.88793,29.92146
140,7.744852,8.038987,8.343095,8.658388,8.977417,9.300225,9.626855,9.957351,10.29176,10.63012,10.97248,11.31888,11.66937,12.02401,12.38283,12.74587,13.1132,13.48486,13.8609,14.24136,14.62631,15.01578,15.40982,15.8085,16.21186,16.61994,17.03281,17.45049,17.87304,18.30048,18.73284,19.17012,19.61228,20.05927,20.51097,20.96718,21.42762,21.89187,22.35936,22.8293,23.3007,23.77228,24.24244,24.7093,25.17061,25.62383,26.06614,26.4945,26.90577,27.29681,27.66462,28.0065,28.32018,28.60398,28.85689,29.07865,29.26975,29.43124,29.56376,29.66064
150,6.616932,6.898468,7.189592,7.49141,7.796812,8.105838,8.41853,8.734929,9.055078,9.379021,9.706799,10.03846,10.37404,10.71359,11.05716,11.40478,11.75652,12.1124,12.47249,12.83682,13.20545,13.57843,13.95579,14.33761,14.72391,15.11476,15.5102,15.91029,16.31507,16.72459,17.1389,17.55803,17.98202,18.41089,18.84464,19.28325,19.72667,20.17478,20.62743,21.08436,21.5452,22.00944,22.47641,22.94522,23.41476,23.88363,24.35016,24.81238,25.268,25.71451,26.14914,26.56898,26.97107,27.3525,27.71055,28.04282,28.34727,28.62203,28.8632,29.0501
160,5.536584,5.806032,6.084698,6.373591,6.66592,6.961724,7.261044,7.563919,7.870391,8.1805,8.494289,8.811799,9.133073,9.458154,9.787086,10.11991,10.45668,10.79742,11.1422,11.49106,11.84403,12.20117,12.56253,12.92815,13.29809,13.67238,14.05109,14.43425,14.82193,15.21416,15.611,16.0125,16.41871,16.82966,17.2454,17.66596,18.09137,18.52162,18.95671,19.39659,19.84116,20.29027,20.74371,21.20115,21.66215,22.12611,22.59225,23.0596,23.52692,23.99275,24.45532,24.91263,25.36238,25.80207,26.22902,26.64044,27.03341,27.40436,27.74533,28.02019
170,4.50188,4.759733,5.026449,5.302943,5.582732,5.865853,6.152346,6.442247,6.735598,7.032437,7.332804,7.63674,7.944286,8.255484,8.570374,8.888999,9.211402,9.537627,9.867716,10.20171,10.53967,10.88162,11.22761,11.57769,11.93192,12.29032,12.65296,13.01987,13.39112,13.76674,14.14678,14.53131,14.92035,15.31397,15.71221,16.11513,16.52275,16.93513,17.35229,17.77426,18.20105,18.63264,19.06901,19.51006,19.95567,20.40565,20.8597,21.31745,21.77836,22.24176,22.70678,23.17234,23.63713,24.0996,24.55794,25.01007,25.45349,25.88447,26.29277,26.63053
180,3.510968,3.757699,4.012952,4.277555,4.545317,4.816273,5.090462,5.367919,5.648684,5.932793,6.220286,6.511201,6.805577,7.103455,7.404874,7.709876,8.0185,8.330789,8.646785,8.96653,9.290067,9.617439,9.948691,10.28387,10.62301,10.96616,11.31338,11.6647,12.02017,12.37985,12.74377,13.11198,13.48454,13.86149,14.24288,14.62877,15.01919,15.4142,15.81384,16.21816,16.62719,17.04098,17.45954,17.8829,18.31103,18.74391,19.18147,19.6236,20.07013,20.52082,20.9753,21.43314,21.89372,22.35629,22.81988,23.28329,23.74487,24.20144,24.64204,25.01244
190,2.562067,2.798131,3.042391,3.29559,3.551817,3.811107,4.073495,4.339017,4.60771,4.87961,5.154754,5.433179,5.714922,6.000024,6.288521,6.580453,6.875859,7.17478,7.477255,7.783326,8.093033,8.406419,8.723525,9.044394,9.369069,9.697594,10.03001,10.36637,10.70671,11.05108,11.39952,11.75208,12.10881,12.46975,12.83496,13.20448,13.57836,13.95664,14.33938,14.72663,15.11843,15.51483,15.91587,16.32159,16.73203,17.14721,17.56715,17.99184,18.42127,18.85537,19.29404,19.73715,20.18446,20.63568,21.0904,21.54804,22.00761,22.46656,22.91409,23.29383
200,1.653464,1.879299,2.113016,2.35528,2.600446,2.848548,3.09962,3.353697,3.610812,3.871002,4.134302,4.400748,4.670376,4.943223,5.219325,5.498721,5.781449,6.067546,6.357051,6.650005,6.946445,7.246413,7.549949,7.857093,8.167888,8.482374,8.800595,9.122592,9.44841,9.778092,10.11168,10.44922,10.79076,11.13635,11.48602,11.83983,12.19782,12.56004,12.92654,13.29737,13.67257,14.05219,14.43629,14.8249,15.21807,15.61586,16.01829,16.42541,16.83723,17.25379,17.67507,18.10106,18.53172,18.96696,19.40664,19.85052,20.29802,20.74702,21.1872,21.56259
210,0.7835132,0.9995395,1.223147,1.454926,1.689486,1.926861,2.167082,2.410183,2.656197,2.905159,3.157101,3.412059,3.670067,3.931161,4.195376,4.462749,4.733315,5.007113,5.284178,5.564549,5.848264,6.135361,6.425879,6.719857,7.017336,7.318355,7.622955,7.931178,8.243064,8.558656,8.877995,9.201126,9.528091,9.858935,10.1937,10.53243,10.87518,11.22198,11.57289,11.92795,12.28721,12.65071,13.01851,13.39065,13.76718,14.14814,14.53359,14.92357,15.31812,15.71729,16.1211,16.5296,16.94279,17.36069,17.78326,18.21042,18.6418,19.07554,19.50182,19.86633
220,-0.04936925,0.1572532,0.371168,0.5928948,0.8172874,1.044377,1.274194,1.506772,1.742142,1.980336,2.221387,2.465329,2.712195,2.962019,3.214834,3.470677,3.729581,3.991582,4.256717,4.52502,4.796529,5.071281,5.349313,5.630663,5.915369,6.20347,6.495004,6.790012,7.088533,7.390608,7.696277,8.005582,8.318564,8.635265,8.955728,9.279997,9.608114,9.940124,10.27607,10.616,10.95996,11.30799,11.66013,12.01645,12.37698,12.74177,13.11087,13.48432,13.86218,14.24449,14.63129,15.02264,15.41856,15.8191,16.22427,16.63405,17.04815,17.4649,17.87494,18.22607
230,-0.8467041,-0.6490967,-0.444474,-0.2323833,-0.01773819,0.1994912,0.419335,0.6418237,0.8669881,1.094859,1.325469,1.558849,1.795031,2.034048,2.275933,2.520719,2.768439,3.019129,3.272822,3.529552,3.789356,4.052269,4.318326,4.587563,4.860019,5.135729,5.414732,5.697064,5.982766,6.271874,6.56443,6.860471,7.160039,7.463173,7.769915,8.080306,8.394389,8.712204,9.033796,9.359206,9.68848,10.02166,10.35879,10.69992,11.04509,11.39435,11.74775,12.10532,12.46713,12.83321,13.20361,13.57839,13.95758,14.34123,14.72937,15.122,15.51888,15.91843,16.31178,16.64892
240,-1.609953,-1.420987,-1.225272,-1.022418,-0.8171158,-0.6093379,-0.399055,-0.1862378,0.02914338,0.2471183,0.4677174,0.6909711,0.9169103,1.145566,1.376971,1.611156,1.848154,2.087997,2.330719,2.576352,2.824932,3.076491,3.331064,3.588686,3.849393,4.113221,4.380204,4.65038,4.923786,5.200458,5.480435,5.763754,6.050455,6.340576,6.634155,6.931234,7.231853,7.536051,7.843871,8.155353,8.47054,8.789474,9.112198,9.438755,9.76919,10.10355,10.44187,10.7842,11.13059,11.48109,11.83573,12.19457,12.55766,12.92503,13.29673,13.67275,14.05288,14.43565,14.81258,15.13586
250,-2.340521,-2.159838,-1.97266,-1.778658,-1.582311,-1.383593,-1.182474,-0.9789268,-0.7729233,-0.5644346,-0.3534316,-0.1398849,0.07623523,0.2949588,0.5163161,0.7403378,0.9670552,1.196499,1.428702,1.663696,1.901513,2.142185,2.385747,2.632232,2.881673,3.134105,3.389562,3.64808,3.909694,4.174439,4.442353,4.713471,4.98783,5.265469,5.546424,5.830734,6.118438,6.409575,6.704183,7.002304,7.303978,7.609244,7.918146,8.230723,8.547019,8.867076,9.190937,9.518646,9.850246,10.18578,10.5253,10.86884,11.21646,11.56819,11.92408,12.28412,12.64811,13.01467,13.37572,13.68555
260,-3.039758,-2.867011,-2.688016,-2.502498,-2.314734,-2.124697,-1.932361,-1.737699,-1.540684,-1.341287,-1.139482,-0.9352394,-0.7285314,-0.519329,-0.3076029,-0.0933238,0.1235383,0.3430134,0.565132,0.789925,1.017423,1.247659,1.480663,1.716469,1.955108,2.196613,2.441019,2.688358,2.938664,3.191973,3.448318,3.707734,3.970259,4.235926,4.504774,4.776837,5.052155,5.330763,5.612701,5.898005,6.186717,6.478873,6.774515,7.073682,7.376414,7.682753,7.992741,8.306418,8.623827,8.945012,9.270014,9.598879,9.931649,10.26837,10.60907,10.95377,11.30226,11.65323,11.99899,12.29586
270,-3.70896,-3.543819,-3.372665,-3.195276,-3.015736,-2.834019,-2.6501,-2.463953,-2.275551,-2.084868,-1.891878,-1.696553,-1.498867,-1.29879,-1.096295,-0.8913546,-0.6839392,-0.4740201,-0.2615681,-0.0465536,0.1710534,0.3912831,0.6141662,0.8397335,1.068016,1.299046,1.532855,1.769476,2.00894,2.251282,2.496535,2.744731,2.995907,3.250095,3.507331,3.767651,4.031089,4.297683,4.567467,4.840481,5.11676,5.396342,5.679265,5.965569,6.255291,6.548472,6.845151,7.145368,7.449164,7.75658,8.067657,8.382439,8.700966,9.02328,9.349419,9.679385,10.01299,10.349,10.68008,10.96448
280,-4.349373,-4.191519,-4.027878,-3.858278,-3.686618,-3.512873,-3.33702,-3.159031,-2.978884,-2.796552,-2.61201,-2.425231,-2.236189,-2.044858,-1.851211,-1.655221,-1.45686,-1.2561,-1.052913,-0.8472713,-0.6391457,-0.4285072,-0.2153263,0.0004266456,0.2187816,0.439769,0.6634196,0.8897643,1.118835,1.350662,1.585279,1.822718,2.063012,2.306193,2.552296,2.801354,3.053401,3.308473,3.566604,3.82783,4.092186,4.359709,4.630435,4.904402,5.181646,5.462206,5.74612,6.033426,6.324164,6.618373,6.916093,7.217364,7.522228,7.830723,8.142886,8.45872,8.778052,9.099694,9.416679,9.68909
290,-4.962192,-4.811319,-4.654877,-4.49274,-4.32863,-4.162523,-3.994397,-3.824226,-3.651988,-3.477657,-3.301209,-3.12262,-2.941863,-2.758913,-2.573744,-2.386331,-2.196647,-2.004665,-1.810359,-1.6137,-1.414662,-1.213216,-1.009335,-0.8029889,-0.5941501,-0.3827891,-0.1688764,0.04761785,0.2667238,0.4884719,0.7128931,0.9400183,1.169879,1.402508,1.637936,1.876197,2.117322,2.361347,2.608303,2.858226,3.111149,3.367108,3.626138,3.888273,4.153551,4.422007,4.693679,4.968602,5.246816,5.528358,5.813266,6.101578,6.393335,6.688575,6.987331,7.289609,7.595243,7.903108,8.206561,8.467458
300,-5.548566,-5.404381,-5.254835,-5.099847,-4.94297,-4.784181,-4.623457,-4.460777,-4.296116,-4.129451,-3.960759,-3.790016,-3.617197,-3.442278,-3.265234,-3.08604,-2.90467,-2.7211,-2.535303,-2.347254,-2.156924,-1.964289,-1.76932,-1.57199,-1.372272,-1.170138,-0.9655587,-0.7585063,-0.5489515,-0.3368652,-0.1222177,0.09502095,0.3148809,0.5373929,0.7625877,0.9904967,1.221152,1.454584,1.690827,1.929912,2.171874,2.416744,2.664558,2.915349,3.169152,3.426001,3.685933,3.948982,4.215185,4.484578,4.757198,5.033083,5.31227,5.594795,5.880693,6.169967,6.462463,6.757109,7.047577,7.297414
310,-6.109598,-5.971819,-5.82888,-5.680739,-5.53079,-5.379011,-5.225379,-5.069874,-4.912472,-4.753152,-4.59189,-4.428664,-4.26345,-4.096225,-3.926965,-3.755646,-3.582244,-3.406734,-3.229091,-3.049291,-2.867307,-2.683114,-2.496686,-2.307997,-2.11702,-1.923728,-1.728094,-1.530091,-1.32969,-1.126864,-0.9215848,-0.7138226,-0.503549,-0.2907344,-0.07534909,0.1426369,0.3632539,0.5865327,0.8125044,1.0412,1.272652,1.506892,1.743953,1.983866,2.226667,2.472387,2.721062,2.972724,3.22741,3.485154,3.745991,4.009957,4.277089,4.547421,4.820986,5.097789,5.377683,5.65965,5.937659,6.176875
320,-6.646348,-6.514704,-6.378092,-6.23651,-6.093197,-5.948132,-5.801293,-5.652661,-5.502213,-5.349928,-5.195784,-5.039759,-4.881831,-4.721977,-4.560174,-4.3964,-4.230631,-4.062844,-3.893013,-3.721117,-3.547129,-3.371026,-3.192782,-3.012372,-2.829771,-2.644953,-2.457891,-2.26856,-2.076933,-1.882982,-1.68668,-1.488001,-1.286915,-1.083395,-0.8774118,-0.6689371,-0.4579416,-0.2443958,-0.02826978,0.1904666,0.4118437,0.6358925,0.8626441,1.09213,1.324382,1.559433,1.797314,2.03806,2.281703,2.528276,2.777815,3.030353,3.285925,3.544565,3.806303,4.071146,4.338955,4.608762,4.874817,5.103835
330,-7.159831,-7.034062,-6.90351,-6.76821,-6.631253,-6.492618,-6.352286,-6.210236,-6.066448,-5.920901,-5.773575,-5.624448,-5.473499,-5.320706,-5.166048,-5.009501,-4.851044,-4.690655,-4.528309,-4.363985,-4.197659,-4.029306,-3.858903,-3.686426,-3.511851,-3.335152,-3.156304,-2.975283,-2.792062,-2.606616,-2.418918,-2.228943,-2.036662,-1.84205,-1.645078,-1.445719,-1.243945,-1.039728,-0.8330389,-0.6238488,-0.4121286,-0.1978486,0.0190212,0.2385109,0.4606513,0.6854732,0.9130079,1.143287,1.376343,1.612207,1.850913,2.092494,2.336982,2.584411,2.83481,3.088184,3.344404,3.602549,3.857137,4.076365
340,-7.651023,-7.530881,-7.406132,-7.276847,-7.145976,-7.013499,-6.879398,-6.743652,-6.606243,-6.467151,-6.326354,-6.183834,-6.03957,-5.89354,-5.745724,-5.596101,-5.444648,-5.291346,-5.13617,-4.9791,-4.820113,-4.659185,-4.496295,-4.331418,-4.164531,-3.995612,-3.824634,-3.651575,-3.476409,-3.299112,-3.119658,-2.938023,-2.75418,-2.568103,-2.379767,-2.189144,-1.996208,-1.800931,-1.603286,-1.403245,-1.20078,-0.9958633,-0.7884652,-0.5785568,-0.3661089,-0.1510917,0.06652477,0.286771,0.5096776,0.7352757,0.9635967,1.194672,1.428535,1.665215,1.904742,2.147121,2.392229,2.63919,2.88278,3.09261
350,-8.120861,-8.006106,-7.886914,-7.763389,-7.638346,-7.511766,-7.383631,-7.253923,-7.122622,-6.98971,-6.855167,-6.718975,-6.581112,-6.44156,-6.300298,-6.157305,-6.012562,-5.866047,-5.717739,-5.567618,-5.41566,-5.261845,-5.106151,-4.948555,-4.789035,-4.627567,-4.464129,-4.298698,-4.131249,-3.96176,-3.790205,-3.616561,-3.440802,-3.262905,-3.082843,-2.900591,-2.716123,-2.529413,-2.340435,-2.149163,-1.955568,-1.759624,-1.561303,-1.360578,-1.15742,-0.9517999,-0.7436898,-0.5330602,-0.3198817,-0.1041244,0.1142419,0.3352476,0.5589234,0.7852997,1.014404,1.246241,1.480696,1.716935,1.949977,2.150787
360,-8.570244,-8.460646,-8.346775,-8.228765,-8.109302,-7.988368,-7.865946,-7.742019,-7.616567,-7.489573,-7.361019,-7.230885,-7.099153,-6.965804,-6.830818,-6.694176,-6.555858,-6.415845,-6.274115,-6.130648,-5.985424,-5.838422,-5.68962,-5.538998,-5.386534,-5.232205,-5.07599,-4.917865,-4.75781,-4.5958,-4.431813,-4.265824,-4.097811,-3.92775,-3.755616,-3.581384,-3.405031,-3.22653,-3.045857,-2.862986,-2.677891,-2.490545,-2.300924,-2.108998,-1.914743,-1.718129,-1.51913,-1.317717,-1.113862,-0.9075367,-0.6987119,-0.4873582,-0.2734463,-0.0569469,0.1621661,0.3838988,0.6081405,0.8340995,1.057027,1.249182
370,-9.000034,-8.895372,-8.786596,-8.673865,-8.559744,-8.444216,-8.327265,-8.208872,-8.089021,-7.967694,-7.844873,-7.720541,-7.59468,-7.46727,-7.338295,-7.207734,-7.075569,-6.941781,-6.80635,-6.669257,-6.530482,-6.390005,-6.247805,-6.103862,-5.958156,-5.810664,-5.661367,-5.510242,-5.357268,-5.202423,-5.045685,-4.887031,-4.726438,-4.563883,-4.399344,-4.232796,-4.064217,-3.893581,-3.720865,-3.546044,-3.369093,-3.189987,-3.0087,-2.825207,-2.639482,-2.451499,-2.261231,-2.06865,-1.873731,-1.676445,-1.476764,-1.274661,-1.070107,-0.8630743,-0.6535375,-0.4414904,-0.227038,-0.01093342,0.2022953,0.3861469
380,-9.411058,-9.311122,-9.207222,-9.099546,-8.990539,-8.880186,-8.768471,-8.655377,-8.540887,-8.424986,-8.307655,-8.188878,-8.068637,-7.946915,-7.823694,-7.698956,-7.572683,-7.444857,-7.315458,-7.184468,-7.051869,-6.91764,-6.781762,-6.644216,-6.504982,-6.364039,-6.221368,-6.076947,-5.930756,-5.782773,-5.632978,-5.481349,-5.327864,-5.1725,-5.015236,-4.85605,-4.694917,-4.531816,-4.366723,-4.199614,-4.030465,-3.859253,-3.685952,-3.510539,-3.332988,-3.153274,-2.971371,-2.787254,-2.600897,-2.412273,-2.221355,-2.028117,-1.832531,-1.634571,-1.434212,-1.231448,-1.026378,-0.8197188,-0.6157882,-0.4399028
390,-9.80411,-9.708697,-9.609465,-9.506627,-9.402515,-9.297116,-9.190413,-9.082392,-8.973035,-8.862327,-8.750252,-8.636793,-8.521933,-8.405656,-8.287945,-8.168782,-8.048151,-7.926032,-7.802409,-7.677263,-7.550577,-7.422331,-7.292508,-7.161088,-7.028051,-6.89338,-6.757054,-6.619053,-6.479358,-6.337948,-6.194803,-6.049902,-5.903224,-5.754748,-5.604453,-5.452317,-5.298319,-5.142435,-4.984644,-4.824922,-4.663248,-4.499598,-4.333948,-4.166275,-3.996555,-3.824764,-3.650877,-3.474869,-3.296716,-3.116391,-2.93387,-2.749127,-2.562135,-2.372868,-2.181304,-1.987435,-1.791357,-1.593751,-1.398734,-1.230489
400,-10.17995,-10.08887,-9.994104,-9.895895,-9.796469,-9.695812,-9.593907,-9.490741,-9.386297,-9.280561,-9.173517,-9.065148,-8.95544,-8.844376,-8.731939,-8.618114,-8.502883,-8.386229,-8.268136,-8.148585,-8.027561,-7.905044,-7.781017,-7.655462,-7.528361,-7.399695,-7.269444,-7.137592,-7.004117,-6.869001,-6.732225,-6.593767,-6.453609,-6.31173,-6.168109,-6.022726,-5.87556,-5.726589,-5.575792,-5.423147,-5.268633,-5.112226,-4.953906,-4.793648,-4.63143,-4.467228,-4.30102,-4.132781,-3.962487,-3.790114,-3.615638,-3.439033,-3.260275,-3.079339,-2.896202,-2.710858,-2.523396,-2.334465,-2.147991,-1.987075
410,-10.53931,-10.45237,-10.36188,-10.26811,-10.17316,-10.07705,-9.979733,-9.881214,-9.781472,-9.680495,-9.578266,-9.474771,-9.369993,-9.263919,-9.156531,-9.047815,-8.937754,-8.826332,-8.713532,-8.599339,-8.483734,-8.366702,-8.248225,-8.128286,-8.006867,-7.88395,-7.759518,-7.633552,-7.506034,-7.376945,-7.246267,-7.11398,-6.980065,-6.844503,-6.707274,-6.568358,-6.427735,-6.285385,-6.141287,-5.99542,-5.847763,-5.698294,-5.546993,-5.393838,-5.238806,-5.081875,-4.923022,-4.762225,-4.599461,-4.434706,-4.267937,-4.099129,-3.92826,-3.755304,-3.580241,-3.403064,-3.223858,-3.04324,-2.864955,-2.711065
420,-10.8829,-10.79992,-10.71352,-10.62398,-10.53333,-10.44156,-10.34864,-10.25457,-10.15933,-10.0629,-9.965284,-9.866453,-9.766395,-9.665096,-9.562542,-9.458716,-9.353604,-9.247189,-9.139457,-9.030391,-8.919976,-8.808194,-8.69503,-8.580467,-8.464488,-8.347076,-8.228214,-8.107884,-7.986069,-7.862751,-7.737912,-7.611533,-7.483596,-7.354083,-7.222975,-7.090252,-6.955895,-6.819885,-6.682202,-6.542825,-6.401736,-6.258912,-6.114335,-5.967981,-5.819832,-5.669864,-5.518057,-5.364389,-5.208837,-5.051379,-4.891992,-4.730654,-4.567341,-4.402031,-4.234703,-4.065351,-3.894054,-3.721402,-3.550963,-3.40381
430,-11.21137,-11.13218,-11.0497,-10.96422,-10.87768,-10.79006,-10.70135,-10.61153,-10.5206,-10.42853,-10.33532,-10.24096,-10.14541,-10.04869,-9.950757,-9.851612,-9.751237,-9.649616,-9.546734,-9.442576,-9.337127,-9.230372,-9.122294,-9.012877,-8.902106,-8.789963,-8.676433,-8.561499,-8.445144,-8.32735,-8.208101,-8.087379,-7.965166,-7.841445,-7.716197,-7.589404,-7.461047,-7.331108,-7.199567,-7.066407,-6.931606,-6.795146,-6.657007,-6.517168,-6.37561,-6.232311,-6.087252,-5.940411,-5.791766,-5.641298,-5.488982,-5.334799,-5.178725,-5.020738,-4.86082,-4.698963,-4.535244,-4.370222,-4.207301,-4.066608
440,-11.52538,-11.44982,-11.37109,-11.28949,-11.20688,-11.12323,-11.03854,-10.9528,-10.86599,-10.77809,-10.68911,-10.59901,-10.50779,-10.41544,-10.32193,-10.22727,-10.13143,-10.03439,-9.936152,-9.836692,-9.735997,-9.634052,-9.530842,-9.426351,-9.320565,-9.213466,-9.105041,-8.995272,-8.884143,-8.771638,-8.657741,-8.542434,-8.425701,-8.307524,-8.187887,-8.066771,-7.944158,-7.820032,-7.694373,-7.567164,-7.438385,-7.308018,-7.176044,-7.042444,-6.907198,-6.770286,-6.631688,-6.491386,-6.349357,-6.205581,-6.060039,-5.912707,-5.763566,-5.612595,-5.459773,-5.305096,-5.148634,-4.990922,-4.835205,-4.700703
450,-11.82554,-11.75345,-11.67831,-11.60042,-11.52157,-11.44173,-11.36089,-11.27904,-11.19617,-11.11227,-11.02732,-10.94131,-10.85423,-10.76606,-10.67679,-10.58642,-10.49491,-10.40227,-10.30847,-10.21351,-10.11736,-10.02002,-9.921468,-9.821691,-9.720676,-9.618406,-9.514865,-9.41004,-9.303914,-9.196472,-9.087697,-8.977574,-8.866087,-8.753218,-8.638952,-8.523271,-8.406158,-8.287597,-8.167569,-8.046058,-7.923045,-7.798512,-7.672441,-7.544813,-7.415611,-7.284814,-7.152405,-7.018363,-6.882669,-6.745304,-6.606247,-6.465478,-6.322976,-6.178723,-6.032698,-5.884897,-5.735387,-5.584677,-5.43586,-5.307292
460,-12.11245,-12.04368,-11.97196,-11.89764,-11.82238,-11.74618,-11.66902,-11.5909,-11.51181,-11.43172,-11.35063,-11.26853,-11.18541,-11.10125,-11.01603,-10.92976,-10.8424,-10.75396,-10.66441,-10.57375,-10.48196,-10.38902,-10.29493,-10.19967,-10.10322,-10.00557,-9.906704,-9.80661,-9.705272,-9.602676,-9.498804,-9.393643,-9.287176,-9.179389,-9.070264,-8.959785,-8.847937,-8.734703,-8.620066,-8.50401,-8.386516,-8.267568,-8.147149,-8.02524,-7.901824,-7.776883,-7.650398,-7.522351,-7.392723,-7.261496,-7.128649,-6.994164,-6.858021,-6.7202,-6.580685,-6.439469,-6.296617,-6.152612,-6.010406,-5.887523
470,-12.38668,-12.32108,-12.25264,-12.18171,-12.10989,-12.03718,-11.96354,-11.88899,-11.8135,-11.73707,-11.65968,-11.58132,-11.50198,-11.42165,-11.34032,-11.25796,-11.17458,-11.09016,-11.00468,-10.91813,-10.83051,-10.74179,-10.65196,-10.56102,-10.46894,-10.37571,-10.28132,-10.18575,-10.089,-9.991039,-9.89186,-9.791448,-9.689787,-9.586862,-9.482658,-9.377159,-9.270351,-9.162216,-9.052739,-8.941904,-8.829694,-8.716093,-8.601084,-8.48465,-8.366774,-8.247438,-8.126625,-8.004318,-7.880497,-7.755146,-7.628246,-7.499777,-7.369722,-7.238062,-7.10478,-6.969869,-6.833392,-6.695809,-6.559935,-6.4425
480,-12.64876,-12.5862,-12.5209,-12.45322,-12.38469,-12.3153,-12.24504,-12.1739,-12.10186,-12.02892,-11.95507,-11.88029,-11.80458,-11.72791,-11.65028,-11.57169,-11.4921,-11.41152,-11.32994,-11.24733,-11.16369,-11.07901,-10.99326,-10.90645,-10.81855,-10.72955,-10.63944,-10.54821,-10.45584,-10.36232,-10.26763,-10.17176,-10.0747,-9.97643,-9.876936,-9.776204,-9.674218,-9.570964,-9.466426,-9.360588,-9.253436,-9.144953,-9.035123,-8.923929,-8.811356,-8.697386,-8.582004,-8.465191,-8.34693,-8.227205,-8.105997,-7.983289,-7.859063,-7.733301,-7.605986,-7.477114,-7.346741,-7.215308,-7.085496,-6.973282
490,-12.89922,-12.83956,-12.77726,-12.71269,-12.64731,-12.58111,-12.51407,-12.44619,-12.37746,-12.30786,-12.23739,-12.16603,-12.09378,-12.02062,-11.94655,-11.87154,-11.79559,-11.71869,-11.64083,-11.56199,-11.48216,-11.40134,-11.3195,-11.23664,-11.15274,-11.06779,-10.98178,-10.89469,-10.80652,-10.71724,-10.62685,-10.53533,-10.44267,-10.34885,-10.25387,-10.1577,-10.06033,-9.961743,-9.861932,-9.760878,-9.658566,-9.554981,-9.450108,-9.34393,-9.236433,-9.1276,-9.017414,-8.905861,-8.792923,-8.678583,-8.562826,-8.445632,-8.326986,-8.20687,-8.085269,-7.962177,-7.837649,-7.712103,-7.588098,-7.480884
500,-13.13855,-13.08167,-13.02224,-12.96065,-12.89828,-12.83512,-12.77117,-12.70641,-12.64083,-12.57443,-12.5072,-12.43911,-12.37018,-12.30037,-12.22969,-12.15812,-12.08565,-12.01227,-11.93797,-11.86273,-11.78655,-11.70942,-11.63132,-11.55224,-11.47216,-11.39109,-11.309,-11.22588,-11.14172,-11.05651,-10.97023,-10.88287,-10.79442,-10.70486,-10.61419,-10.52238,-10.42943,-10.33532,-10.24003,-10.14355,-10.04587,-9.946976,-9.846847,-9.74547,-9.64283,-9.538913,-9.433703,-9.327184,-9.21934,-9.110156,-8.999614,-8.887699,-8.774395,-8.659684,-8.543552,-8.425994,-8.307062,-8.187153,-8.068708,-7.966283
510,-13.36725,-13.31302,-13.25634,-13.19759,-13.13809,-13.07785,-13.01684,-12.95507,-12.89251,-12.82917,-12.76503,-12.70008,-12.63431,-12.56771,-12.50028,-12.43199,-12.36285,-12.29283,-12.22194,-12.15015,-12.07746,-12.00386,-11.92933,-11.85387,-11.77746,-11.70009,-11.62175,-11.54242,-11.4621,-11.38078,-11.29843,-11.21506,-11.13064,-11.04516,-10.95861,-10.87098,-10.78225,-10.69242,-10.60146,-10.50936,-10.41612,-10.3217,-10.22611,-10.12933,-10.03134,-9.932129,-9.83168,-9.729979,-9.627011,-9.52276,-9.417211,-9.310349,-9.202158,-9.092621,-8.981724,-8.869463,-8.755887,-8.641374,-8.528252,-8.430414
520,-13.58576,-13.53407,-13.48001,-13.42398,-13.36724,-13.30978,-13.25159,-13.19267,-13.133,-13.07258,-13.0114,-12.94945,-12.88671,-12.82318,-12.75885,-12.69371,-12.62774,-12.56095,-12.49331,-12.42482,-12.35547,-12.28525,-12.21414,-12.14213,-12.06923,-11.9954,-11.92065,-11.84495,-11.76831,-11.6907,-11.61212,-11.53255,-11.45199,-11.37041,-11.28781,-11.20417,-11.11949,-11.03375,-10.94693,-10.85902,-10.77002,-10.6799,-10.58865,-10.49627,-10.40273,-10.30802,-10.21212,-10.11503,-10.01673,-9.917202,-9.816432,-9.714405,-9.611107,-9.506521,-9.400636,-9.293445,-9.184995,-9.075648,-8.967621,-8.874176
530,-13.79453,-13.74526,-13.69371,-13.64028,-13.58617,-13.53137,-13.47588,-13.41969,-13.36279,-13.30516,-13.24681,-13.18772,-13.12788,-13.06728,-13.00592,-12.94378,-12.88086,-12.81715,-12.75263,-12.68729,-12.62113,-12.55414,-12.4863,-12.41761,-12.34805,-12.27761,-12.20629,-12.13407,-12.06094,-11.98689,-11.9119,-11.83598,-11.7591,-11.68126,-11.60243,-11.52262,-11.44181,-11.35998,-11.27712,-11.19323,-11.10828,-11.02227,-10.93518,-10.847,-10.75771,-10.66731,-10.57578,-10.4831,-10.38926,-10.29425,-10.19805,-10.10066,-10.00204,-9.902194,-9.801104,-9.698765,-9.595222,-9.490818,-9.38767,-9.298431
540,-13.99397,-13.94702,-13.89787,-13.84692,-13.79533,-13.74308,-13.69017,-13.63658,-13.58232,-13.52737,-13.47172,-13.41537,-13.3583,-13.30051,-13.24199,-13.18273,-13.12271,-13.06194,-13.0004,-12.93808,-12.87498,-12.81107,-12.74636,-12.68083,-12.61447,-12.54728,-12.47924,-12.41034,-12.34057,-12.26992,-12.19839,-12.12595,-12.05259,-11.97832,-11.90311,-11.82695,-11.74984,-11.67175,-11.59269,-11.51263,-11.43157,-11.34948,-11.26637,-11.18221,-11.097,-11.01072,-10.92336,-10.8349,-10.74534,-10.65465,-10.56283,-10.46986,-10.37572,-10.28041,-10.18391,-10.08622,-9.98737,-9.887697,-9.789217,-9.704005
550,-14.18449,-14.13976,-14.0929,-14.04433,-13.99514,-13.94533,-13.89488,-13.84379,-13.79205,-13.73966,-13.68659,-13.63286,-13.57844,-13.52333,-13.46753,-13.41101,-13.35378,-13.29582,-13.23713,-13.1777,-13.11751,-13.05656,-12.99484,-12.93234,-12.86904,-12.80495,-12.74005,-12.67433,-12.60777,-12.54038,-12.47213,-12.40303,-12.33305,-12.26219,-12.19043,-12.11777,-12.0442,-11.9697,-11.89426,-11.81787,-11.74052,-11.66219,-11.58289,-11.50258,-11.42126,-11.33893,-11.25556,-11.17114,-11.08566,-10.99911,-10.91148,-10.82274,-10.73289,-10.64192,-10.54981,-10.45656,-10.36221,-10.26706,-10.17305,-10.09169
560,-14.36648,-14.32387,-14.2792,-14.2329,-14.18601,-14.13853,-14.09043,-14.04173,-13.9924,-13.94245,-13.89186,-13.84063,-13.78874,-13.7362,-13.68299,-13.6291,-13.57453,-13.51926,-13.4633,-13.40662,-13.34922,-13.2911,-13.23224,-13.17263,-13.11227,-13.05114,-12.98924,-12.92655,-12.86307,-12.79879,-12.73369,-12.66778,-12.60102,-12.53343,-12.46498,-12.39566,-12.32548,-12.2544,-12.18243,-12.10955,-12.03575,-11.96102,-11.88535,-11.80873,-11.73114,-11.65258,-11.57302,-11.49247,-11.4109,-11.32831,-11.24468,-11.16,-11.07425,-10.98743,-10.89952,-10.81052,-10.72047,-10.62966,-10.53992,-10.46225
570,-14.54031,-14.49972,-14.45715,-14.41302,-14.36833,-14.32306,-14.27722,-14.2308,-14.18378,-14.13616,-14.08794,-14.0391,-13.98963,-13.93954,-13.88881,-13.83744,-13.78541,-13.73271,-13.67935,-13.62531,-13.57058,-13.51516,-13.45903,-13.40219,-13.34463,-13.28634,-13.22731,-13.16752,-13.10698,-13.04568,-12.98359,-12.92072,-12.85706,-12.79258,-12.7273,-12.66118,-12.59423,-12.52643,-12.45778,-12.38825,-12.31785,-12.24656,-12.17437,-12.10127,-12.02725,-11.95229,-11.87639,-11.79953,-11.72171,-11.6429,-11.5631,-11.4823,-11.40048,-11.31763,-11.23374,-11.14881,-11.06287,-10.9762,-10.89055,-10.81642
580,-14.70633,-14.66767,-14.6271,-14.58505,-14.54246,-14.49932,-14.45563,-14.41138,-14.36657,-14.32118,-14.27522,-14.22867,-14.18152,-14.13377,-14.08541,-14.03644,-13.98684,-13.93661,-13.88573,-13.83421,-13.78204,-13.7292,-13.67568,-13.62149,-13.5666,-13.51102,-13.45473,-13.39773,-13.34,-13.28154,-13.22233,-13.16238,-13.10166,-13.04018,-12.97791,-12.91485,-12.851,-12.78633,-12.72085,-12.65454,-12.58739,-12.51939,-12.45053,-12.38079,-12.31018,-12.23868,-12.16627,-12.09294,-12.0187,-11.94351,-11.86738,-11.79028,-11.71222,-11.63317,-11.55312,-11.47208,-11.39007,-11.30737,-11.22564,-11.15489
590,-14.86488,-14.82807,-14.78941,-14.74934,-14.70876,-14.66765,-14.62602,-14.58385,-14.54115,-14.4979,-14.45409,-14.40972,-14.36479,-14.31928,-14.27319,-14.22651,-14.17923,-14.13135,-14.08286,-14.03375,-13.98401,-13.93364,-13.88262,-13.83096,-13.77864,-13.72565,-13.67198,-13.61763,-13.56259,-13.50685,-13.4504,-13.39323,-13.33533,-13.2767,-13.21733,-13.15719,-13.0963,-13.03463,-12.97218,-12.90894,-12.8449,-12.78004,-12.71436,-12.64785,-12.5805,-12.5123,-12.44323,-12.37329,-12.30246,-12.23074,-12.15811,-12.08456,-12.01009,-11.93467,-11.85831,-11.78099,-11.70274,-11.62384,-11.54585,-11.47833
600,-15.01629,-14.98124,-14.94441,-14.90624,-14.86757,-14.82841,-14.78874,-14.74856,-14.70787,-14.66666,-14.62492,-14.58264,-14.53982,-14.49645,-14.45253,-14.40804,-14.36298,-14.31735,-14.27113,-14.22433,-14.17692,-14.12891,-14.08028,-14.03103,-13.98116,-13.93064,-13.87949,-13.82768,-13.7752,-13.72206,-13.66824,-13.61374,-13.55854,-13.50264,-13.44603,-13.38869,-13.33063,-13.27183,-13.21228,-13.15197,-13.0909,-13.02905,-12.96642,-12.90299,-12.83875,-12.7737,-12.70783,-12.64112,-12.57357,-12.50516,-12.43588,-12.36573,-12.29469,-12.22275,-12.1499,-12.07614,-12.0015,-11.92622,-11.85182,-11.78739
610,-15.16086,-15.1275,-15.09242,-15.05605,-15.01922,-14.98191,-14.94412,-14.90585,-14.86708,-14.82782,-14.78805,-14.74777,-14.70697,-14.66564,-14.62379,-14.5814,-14.53847,-14.49498,-14.45094,-14.40633,-14.36116,-14.3154,-14.26905,-14.22212,-14.17458,-14.12644,-14.07767,-14.02829,-13.97827,-13.92762,-13.87632,-13.82436,-13.77174,-13.71845,-13.66448,-13.60982,-13.55446,-13.4984,-13.44162,-13.38412,-13.32589,-13.26692,-13.20719,-13.14671,-13.08546,-13.02343,-12.96061,-12.89699,-12.83257,-12.76732,-12.70125,-12.63434,-12.56659,-12.49797,-12.42849,-12.35813,-12.28693,-12.21513,-12.14415,-12.08268
620,-15.2989,-15.26715,-15.23374,-15.1991,-15.16402,-15.12848,-15.09249,-15.05603,-15.01911,-14.9817,-14.94382,-14.90544,-14.86658,-14.82721,-14.78733,-14.74695,-14.70604,-14.66461,-14.62265,-14.58014,-14.53709,-14.49349,-14.44933,-14.4046,-14.3593,-14.31342,-14.26695,-14.21988,-14.17222,-14.12394,-14.07504,-14.02552,-13.97536,-13.92456,-13.87312,-13.82101,-13.76824,-13.7148,-13.66068,-13.60586,-13.55034,-13.49412,-13.43718,-13.37951,-13.32111,-13.26196,-13.20207,-13.14141,-13.07997,-13.01776,-12.95476,-12.89095,-12.82633,-12.7609,-12.69463,-12.62753,-12.55963,-12.49114,-12.42344,-12.3648
630,-15.43069,-15.40048,-15.36866,-15.33568,-15.30227,-15.26843,-15.23415,-15.19943,-15.16426,-15.12863,-15.09255,-15.056,-15.01897,-14.98147,-14.94349,-14.90502,-14.86605,-14.82658,-14.7866,-14.74611,-14.7051,-14.66355,-14.62148,-14.57886,-14.5357,-14.49198,-14.4477,-14.40285,-14.35742,-14.31142,-14.26482,-14.21762,-14.16982,-14.12141,-14.07238,-14.02272,-13.97242,-13.92148,-13.86989,-13.81764,-13.76472,-13.71112,-13.65684,-13.60187,-13.54619,-13.4898,-13.4327,-13.37487,-13.31629,-13.25698,-13.1969,-13.13606,-13.07445,-13.01205,-12.94886,-12.88488,-12.82012,-12.75481,-12.69024,-12.63432
640,-15.55651,-15.52777,-15.49747,-15.46607,-15.43425,-15.40203,-15.36939,-15.33633,-15.30283,-15.26891,-15.23454,-15.19973,-15.16448,-15.12876,-15.09259,-15.05594,-15.01883,-14.98123,-14.94315,-14.90458,-14.86551,-14.82593,-14.78585,-14.74525,-14.70413,-14.66248,-14.62029,-14.57756,-14.53428,-14.49044,-14.44604,-14.40107,-14.35552,-14.30939,-14.26266,-14.21534,-14.1674,-14.11886,-14.06969,-14.01989,-13.96945,-13.91837,-13.86663,-13.81423,-13.76116,-13.70741,-13.65297,-13.59784,-13.542,-13.48546,-13.42818,-13.37018,-13.31144,-13.25195,-13.1917,-13.13069,-13.06895,-13.00667,-12.9451,-12.89177
650,-15.67661,-15.64927,-15.62043,-15.59053,-15.56025,-15.52957,-15.49849,-15.46701,-15.43513,-15.40282,-15.3701,-15.33696,-15.30338,-15.26937,-15.23492,-15.20003,-15.16468,-15.12888,-15.09261,-15.05587,-15.01866,-14.98097,-14.94279,-14.90412,-14.86495,-14.82527,-14.78508,-14.74437,-14.70314,-14.66138,-14.61908,-14.57623,-14.53284,-14.48888,-14.44436,-14.39927,-14.35359,-14.30733,-14.26048,-14.21302,-14.16496,-14.11627,-14.06697,-14.01703,-13.96645,-13.91522,-13.86334,-13.81079,-13.75757,-13.70366,-13.64907,-13.59378,-13.53778,-13.48107,-13.42363,-13.36547,-13.30661,-13.24723,-13.18853,-13.13767
660,-15.79124,-15.76525,-15.7378,-15.70934,-15.68052,-15.65131,-15.62173,-15.59176,-15.56141,-15.53066,-15.49951,-15.46795,-15.43598,-15.4036,-15.3708,-15.33758,-15.30392,-15.26983,-15.23529,-15.20031,-15.16487,-15.12898,-15.09262,-15.05579,-15.01848,-14.98069,-14.94241,-14.90364,-14.86437,-14.82458,-14.78429,-14.74348,-14.70213,-14.66026,-14.61785,-14.57489,-14.53137,-14.4873,-14.44266,-14.39744,-14.35164,-14.30525,-14.25827,-14.21068,-14.16248,-14.11366,-14.06422,-14.01414,-13.96342,-13.91204,-13.86001,-13.80732,-13.75394,-13.69988,-13.64514,-13.58969,-13.53358,-13.47698,-13.42102,-13.37253
670,-15.90066,-15.87594,-15.84982,-15.82274,-15.7953,-15.76751,-15.73936,-15.71084,-15.68194,-15.65267,-15.62302,-15.59298,-15.56256,-15.53173,-15.50051,-15.46887,-15.43683,-15.40437,-15.37149,-15.33818,-15.30444,-15.27026,-15.23564,-15.20057,-15.16505,-15.12906,-15.09261,-15.05568,-15.01828,-14.98039,-14.94202,-14.90314,-14.86377,-14.82388,-14.78348,-14.74256,-14.70111,-14.65912,-14.61659,-14.57352,-14.52988,-14.48569,-14.44093,-14.39559,-14.34966,-14.30315,-14.25603,-14.20831,-14.15998,-14.11103,-14.06144,-14.01122,-13.96036,-13.90884,-13.85666,-13.80382,-13.75034,-13.69639,-13.64304,-13.59682
680,-16.00508,-15.98158,-15.95673,-15.93096,-15.90486,-15.87841,-15.85162,-15.82448,-15.79698,-15.76913,-15.74091,-15.71232,-15.68336,-15.65402,-15.6243,-15.59419,-15.56369,-15.5328,-15.50149,-15.46979,-15.43767,-15.40513,-15.37217,-15.33878,-15.30495,-15.27069,-15.23598,-15.20082,-15.1652,-15.12913,-15.09258,-15.05556,-15.01806,-14.98008,-14.9416,-14.90263,-14.86315,-14.82316,-14.78265,-14.74162,-14.70006,-14.65796,-14.61532,-14.57212,-14.52837,-14.48406,-14.43917,-14.39371,-14.34766,-14.30102,-14.25377,-14.20592,-14.15745,-14.10836,-14.05864,-14.00828,-13.95732,-13.9059,-13.85506,-13.81101
690,-16.10473,-16.08239,-16.05875,-16.03424,-16.0094,-15.98425,-15.95876,-15.93293,-15.90677,-15.88027,-15.85342,-15.82621,-15.79865,-15.77074,-15.74245,-15.7138,-15.68477,-15.65536,-15.62557,-15.59539,-15.56482,-15.53385,-15.50247,-15.47069,-15.43849,-15.40587,-15.37283,-15.33936,-15.30545,-15.2711,-15.2363,-15.20105,-15.16535,-15.12918,-15.09254,-15.05543,-15.01783,-14.97975,-14.94117,-14.90209,-14.86251,-14.82241,-14.7818,-14.74066,-14.69899,-14.65678,-14.61402,-14.57071,-14.52684,-14.48241,-14.4374,-14.39181,-14.34563,-14.29886,-14.25148,-14.20351,-14.15494,-14.10595,-14.05751,-14.01552
700,-16.19981,-16.17859,-16.1561,-16.13279,-16.10917,-16.08523,-16.06099,-16.03642,-16.01154,-15.98632,-15.96078,-15.9349,-15.90868,-15.88211,-15.8552,-15.82794,-15.80032,-15.77233,-15.74398,-15.71527,-15.68617,-15.65669,-15.62683,-15.59658,-15.56594,-15.53489,-15.50344,-15.47158,-15.4393,-15.4066,-15.37348,-15.33992,-15.30593,-15.27149,-15.23661,-15.20127,-15.16548,-15.12922,-15.09248,-15.05527,-15.01758,-14.9794,-14.94072,-14.90154,-14.86185,-14.82165,-14.78093,-14.73968,-14.69789,-14.65557,-14.6127,-14.56927,-14.52528,-14.48073,-14.4356,-14.38989,-14.34362,-14.29694,-14.25079,-14.21079
710,-16.29053,-16.27037,-16.24898,-16.22681,-16.20435,-16.18159,-16.15853,-16.13517,-16.1115,-16.08752,-16.06322,-16.0386,-16.01366,-15.98839,-15.96279,-15.93685,-15.91058,-15.88395,-15.85698,-15.82965,-15.80197,-15.77392,-15.74551,-15.71672,-15.68756,-15.65801,-15.62808,-15.59776,-15.56704,-15.53592,-15.50439,-15.47245,-15.4401,-15.40732,-15.37411,-15.34047,-15.3064,-15.27187,-15.2369,-15.20148,-15.16559,-15.12924,-15.09241,-15.0551,-15.01731,-14.97903,-14.94025,-14.90097,-14.86118,-14.82087,-14.78004,-14.73868,-14.69678,-14.65434,-14.61136,-14.56782,-14.52375,-14.47928,-14.43531,-14.3972
720,-16.37707,-16.35793,-16.3376,-16.31652,-16.29516,-16.27352,-16.2516,-16.22938,-16.20687,-16.18407,-16.16096,-16.13755,-16.11383,-16.08979,-16.06544,-16.04077,-16.01578,-15.99045,-15.9648,-15.9388,-15.91247,-15.88578,-15.85875,-15.83136,-15.80362,-15.7755,-15.74702,-15.71817,-15.68894,-15.65932,-15.62932,-15.59893,-15.56813,-15.53694,-15.50533,-15.47332,-15.44088,-15.40802,-15.37473,-15.34101,-15.30685,-15.27224,-15.23718,-15.20166,-15.16569,-15.12924,-15.09232,-15.05491,-15.01703,-14.97864,-14.93976,-14.90038,-14.86048,-14.82007,-14.77913,-14.73766,-14.69569,-14.65334,-14.61146,-14.57516
730,-16.45964,-16.44146,-16.42213,-16.4021,-16.38179,-16.36122,-16.34038,-16.31926,-16.29786,-16.27618,-16.25421,-16.23194,-16.20939,-16.18654,-16.16338,-16.13992,-16.11615,-16.09207,-16.06766,-16.04294,-16.01789,-15.99251,-15.9668,-15.94075,-15.91435,-15.88761,-15.86051,-15.83306,-15.80525,-15.77708,-15.74853,-15.71961,-15.69031,-15.66062,-15.63055,-15.60008,-15.56922,-15.53794,-15.50626,-15.47417,-15.44165,-15.40871,-15.37534,-15.34154,-15.30729,-15.27259,-15.23744,-15.20184,-15.16577,-15.12923,-15.09221,-15.05471,-15.01672,-14.97824,-14.93926,-14.89977,-14.8598,-14.81948,-14.77959,-14.74502
740,-16.53839,-16.52113,-16.50277,-16.48373,-16.46443,-16.44488,-16.42507,-16.40499,-16.38465,-16.36404,-16.34316,-16.32199,-16.30055,-16.27882,-16.25681,-16.2345,-16.2119,-16.189,-16.1658,-16.14229,-16.11847,-16.09433,-16.06988,-16.0451,-16.02,-15.99456,-15.96879,-15.94268,-15.91623,-15.88943,-15.86227,-15.83476,-15.80688,-15.77864,-15.75003,-15.72104,-15.69167,-15.66191,-15.63177,-15.60123,-15.57029,-15.53894,-15.50718,-15.47501,-15.44241,-15.40939,-15.37594,-15.34205,-15.30771,-15.27293,-15.23769,-15.20199,-15.16583,-15.1292,-15.09208,-15.05449,-15.01644,-14.97804,-14.94006,-14.90714
750,-16.6135,-16.59712,-16.57968,-16.56158,-16.54325,-16.52467,-16.50584,-16.48677,-16.46744,-16.44785,-16.428,-16.40789,-16.38751,-16.36685,-16.34593,-16.32473,-16.30324,-16.28147,-16.25941,-16.23706,-16.21441,-16.19146,-16.16821,-16.14465,-16.12078,-16.0966,-16.07209,-16.04726,-16.0221,-15.99661,-15.97078,-15.94461,-15.9181,-15.89123,-15.86402,-15.83644,-15.8085,-15.78019,-15.75152,-15.72246,-15.69302,-15.66319,-15.63298,-15.60236,-15.57135,-15.53992,-15.50809,-15.47584,-15.44316,-15.41006,-15.37652,-15.34254,-15.30812,-15.27325,-15.23793,-15.20214,-15.16592,-15.12936,-15.09321,-15.06186
760,-16.68513,-16.66959,-16.65302,-16.63583,-16.61842,-16.60077,-16.58288,-16.56476,-16.54639,-16.52778,-16.50892,-16.48981,-16.47044,-16.45082,-16.43093,-16.41078,-16.39036,-16.36967,-16.3487,-16.32745,-16.30593,-16.28411,-16.26201,-16.23961,-16.21692,-16.19392,-16.17062,-16.14701,-16.12309,-16.09885,-16.07429,-16.04941,-16.02419,-15.99865,-15.97276,-15.94653,-15.91996,-15.89304,-15.86576,-15.83812,-15.81011,-15.78174,-15.75299,-15.72387,-15.69436,-15.66446,-15.63417,-15.60349,-15.57239,-15.5409,-15.50898,-15.47665,-15.44389,-15.41071,-15.37709,-15.34303,-15.30855,-15.27376,-15.23935,-15.20951
770,-16.75343,-16.7387,-16.72296,-16.70664,-16.6901,-16.67333,-16.65635,-16.63913,-16.62168,-16.604,-16.58609,-16.56793,-16.54953,-16.53089,-16.51199,-16.49285,-16.47344,-16.45378,-16.43386,-16.41367,-16.39321,-16.37248,-16.35147,-16.33018,-16.30861,-16.28675,-16.2646,-16.24216,-16.21942,-16.19637,-16.17303,-16.14937,-16.12539,-16.1011,-16.07649,-16.05155,-16.02628,-16.00068,-15.97473,-15.94845,-15.92181,-15.89483,-15.86749,-15.83978,-15.81172,-15.78328,-15.75446,-15.72527,-15.69569,-15.66572,-15.63536,-15.6046,-15.57343,-15.54186,-15.50986,-15.47746,-15.44465,-15.41154,-15.37879,-15.35039
780,-16.81856,-16.80459,-16.78965,-16.77415,-16.75844,-16.74253,-16.7264,-16.71005,-16.69348,-16.67669,-16.65967,-16.64243,-16.62495,-16.60724,-16.58929,-16.57111,-16.55267,-16.53399,-16.51506,-16.49588,-16.47644,-16.45674,-16.43678,-16.41655,-16.39606,-16.37528,-16.35423,-16.3329,-16.31129,-16.28939,-16.26719,-16.2447,-16.22191,-16.19882,-16.17542,-16.15171,-16.12769,-16.10335,-16.07868,-16.05369,-16.02836,-16.0027,-15.9767,-15.95035,-15.92366,-15.89661,-15.86921,-15.84144,-15.81331,-15.7848,-15.75592,-15.72666,-15.69701,-15.66697,-15.63654,-15.6057,-15.57449,-15.54298,-15.51182,-15.4848
790,-16.88065,-16.86741,-16.85322,-16.83851,-16.82361,-16.8085,-16.79318,-16.77766,-16.76193,-16.74599,-16.72983,-16.71346,-16.69686,-16.68004,-16.663,-16.64573,-16.62822,-16.61048,-16.5925,-16.57428,-16.55581,-16.5371,-16.51814,-16.49892,-16.47944,-16.45971,-16.43971,-16.41944,-16.3989,-16.37809,-16.357,-16.33562,-16.31396,-16.29202,-16.26978,-16.24724,-16.22441,-16.20127,-16.17782,-16.15406,-16.12998,-16.10559,-16.08087,-16.05582,-16.03044,-16.00472,-15.97866,-15.95225,-15.9255,-15.89839,-15.87092,-15.84309,-15.81489,-15.78632,-15.75737,-15.72804,-15.69835,-15.66838,-15.63874,-15.61303
800,-16.93984,-16.92729,-16.91383,-16.89987,-16.88573,-16.87139,-16.85685,-16.84212,-16.82719,-16.81206,-16.79672,-16.78118,-16.76542,-16.74945,-16.73327,-16.71687,-16.70025,-16.6834,-16.66633,-16.64902,-16.63149,-16.61371,-16.5957,-16.57745,-16.55895,-16.5402,-16.52121,-16.50195,-16.48244,-16.46267,-16.44263,-16.42232,-16.40174,-16.38089,-16.35975,-16.33834,-16.31664,-16.29465,-16.27236,-16.24978,-16.22689,-16.20371,-16.18021,-16.1564,-16.13227,-16.10782,-16.08304,-16.05794,-16.0325,-16.00673,-15.98061,-15.95415,-15.92733,-15.90016,-15.87263,-15.84474,-15.8165,-15.78799,-15.7598,-15.73534
810,-16.99626,-16.98437,-16.9716,-16.95836,-16.94494,-16.93133,-16.91754,-16.90356,-16.8894,-16.87503,-16.86048,-16.84573,-16.83077,-16.81562,-16.80026,-16.78469,-16.76891,-16.75292,-16.73671,-16.72028,-16.70363,-16.68676,-16.66965,-16.65232,-16.63475,-16.61695,-16.59891,-16.58062,-16.56209,-16.54331,-16.52427,-16.50498,-16.48544,-16.46562,-16.44555,-16.4252,-16.40458,-16.38369,-16.36251,-16.34105,-16.31931,-16.29727,-16.27494,-16.25231,-16.22938,-16.20614,-16.18259,-16.15873,-16.13455,-16.11005,-16.08522,-16.06006,-16.03457,-16.00873,-15.98256,-15.95604,-15.92918,-15.90208,-15.87526,-15.85201
820,-17.05002,-17.03877,-17.02666,-17.0141,-17.00137,-16.98847,-16.97539,-16.96213,-16.94868,-16.93506,-16.92125,-16.90725,-16.89307,-16.87869,-16.86411,-16.84934,-16.83436,-16.81918,-16.8038,-16.78821,-16.7724,-16.75638,-16.74015,-16.72369,-16.70702,-16.69011,-16.67298,-16.65562,-16.63802,-16.62019,-16.60211,-16.58379,-16.56523,-16.54641,-16.52734,-16.50801,-16.48843,-16.46858,-16.44846,-16.42808,-16.40742,-16.38648,-16.36526,-16.34376,-16.32197,-16.29989,-16.27751,-16.25484,-16.23186,-16.20857,-16.18497,-16.16106,-16.13682,-16.11227,-16.08739,-16.06217,-16.03664,-16.01088,-15.98538,-15.96327
830,-17.10126,-17.09061,-17.07913,-17.06722,-17.05515,-17.04291,-17.03051,-17.01794,-17.00519,-16.99227,-16.97917,-16.96589,-16.95244,-16.93879,-16.92497,-16.91095,-16.89674,-16.88234,-16.86774,-16.85295,-16.83795,-16.82275,-16.80734,-16.79172,-16.77589,-16.75985,-16.74359,-16.72711,-16.7104,-16.69347,-16.67631,-16.65892,-16.64129,-16.62342,-16.60531,-16.58696,-16.56836,-16.54951,-16.53041,-16.51104,-16.49142,-16.47153,-16.45138,-16.43095,-16.41025,-16.38927,-16.36801,-16.34647,-16.32463,-16.30251,-16.28008,-16.25736,-16.23433,-16.21099,-16.18734,-16.16338,-16.13912,-16.11462,-16.09039,-16.06937
840,-17.15008,-17.14001,-17.12913,-17.11784,-17.1064,-17.0948,-17.08304,-17.07112,-17.05903,-17.04678,-17.03436,-17.02177,-17.00901,-16.99607,-16.98296,-16.96966,-16.95619,-16.94253,-16.92868,-16.91464,-16.90042,-16.886,-16.87138,-16.85656,-16.84154,-16.82631,-16.81088,-16.79524,-16.77939,-16.76332,-16.74703,-16.73052,-16.71379,-16.69683,-16.67964,-16.66221,-16.64455,-16.62666,-16.60852,-16.59013,-16.5715,-16.55261,-16.53347,-16.51407,-16.49441,-16.47448,-16.45429,-16.43383,-16.41308,-16.39206,-16.37076,-16.34917,-16.32729,-16.30512,-16.28265,-16.25988,-16.23682,-16.21355,-16.19052,-16.17054
850,-17.1966,-17.18707,-17.17676,-17.16606,-17.15522,-17.14423,-17.13308,-17.12179,-17.11033,-17.09872,-17.08695,-17.07501,-17.06291,-17.05065,-17.03822,-17.02561,-17.01283,-16.99988,-16.98675,-16.97344,-16.95994,-16.94626,-16.9324,-16.91834,-16.9041,-16.88965,-16.87501,-16.86017,-16.84513,-16.82988,-16.81443,-16.79876,-16.78288,-16.76678,-16.75047,-16.73393,-16.71717,-16.70018,-16.68296,-16.66551,-16.64782,-16.62989,-16.61172,-16.5933,-16.57463,-16.55571,-16.53653,-16.5171,-16.4974,-16.47743,-16.4572,-16.43669,-16.41591,-16.39485,-16.3735,-16.35187,-16.32997,-16.30785,-16.28597,-16.26699
860,-17.24091,-17.23189,-17.22213,-17.212,-17.20173,-17.19132,-17.18076,-17.17006,-17.1592,-17.1482,-17.13704,-17.12574,-17.11427,-17.10264,-17.09086,-17.07891,-17.0668,-17.05452,-17.04207,-17.02945,-17.01666,-17.00369,-16.99054,-16.97721,-16.9637,-16.95,-16.93612,-16.92204,-16.90778,-16.89331,-16.87865,-16.86379,-16.84872,-16.83345,-16.81797,-16.80228,-16.78638,-16.77025,-16.75391,-16.73735,-16.72056,-16.70354,-16.68629,-16.66881,-16.65108,-16.63312,-16.61492,-16.59646,-16.57776,-16.55881,-16.53959,-16.52012,-16.50038,-16.48038,-16.46011,-16.43957,-16.41876,-16.39775,-16.37697,-16.35894
870,-17.28311,-17.27459,-17.26535,-17.25576,-17.24603,-17.23617,-17.22617,-17.21603,-17.20575,-17.19533,-17.18477,-17.17405,-17.16319,-17.15218,-17.14101,-17.12969,-17.11821,-17.10657,-17.09478,-17.08282,-17.07069,-17.0584,-17.04593,-17.0333,-17.02049,-17.0075,-16.99434,-16.98099,-16.96746,-16.95375,-16.93984,-16.92575,-16.91146,-16.89697,-16.88229,-16.8674,-16.85232,-16.83702,-16.82152,-16.8058,-16.78987,-16.77372,-16.75735,-16.74076,-16.72394,-16.7069,-16.68962,-16.6721,-16.65435,-16.63636,-16.61812,-16.59963,-16.58089,-16.5619,-16.54265,-16.52315,-16.50339,-16.48344,-16.4637,-16.44658
880,-17.3233,-17.31526,-17.30651,-17.29743,-17.28822,-17.27889,-17.26942,-17.25982,-17.25009,-17.24022,-17.23022,-17.22007,-17.20978,-17.19935,-17.18878,-17.17805,-17.16718,-17.15616,-17.14498,-17.13365,-17.12216,-17.11051,-17.0987,-17.08672,-17.07458,-17.06228,-17.0498,-17.03715,-17.02432,-17.01132,-16.99814,-16.98477,-16.97122,-16.95749,-16.94357,-16.92945,-16.91514,-16.90064,-16.88593,-16.87102,-16.85591,-16.84059,-16.82507,-16.80932,-16.79337,-16.77719,-16.7608,-16.74418,-16.72733,-16.71025,-16.69294,-16.6754,-16.65761,-16.63959,-16.62132,-16.6028,-16.58404,-16.5651,-16.54636,-16.5301
890,-17.36157,-17.35398,-17.3457,-17.33711,-17.3284,-17.31956,-17.31061,-17.30152,-17.29231,-17.28297,-17.2735,-17.26389,-17.25416,-17.24428,-17.23427,-17.22411,-17.21382,-17.20338,-17.19279,-17.18206,-17.17118,-17.16014,-17.14895,-17.13761,-17.12611,-17.11445,-17.10262,-17.09063,-17.07848,-17.06616,-17.05366,-17.041,-17.02816,-17.01514,-17.00194,-16.98856,-16.97499,-16.96124,-16.94729,-16.93316,-16.91883,-16.9043,-16.88957,-16.87464,-16.85951,-16.84417,-16.82861,-16.81285,-16.79686,-16.78066,-16.76424,-16.74759,-16.73072,-16.71361,-16.69627,-16.6787,-16.66089,-16.64292,-16.62513,-16.6097
900,-17.398,-17.39084,-17.38301,-17.37489,-17.36665,-17.35829,-17.34982,-17.34123,-17.33251,-17.32367,-17.31471,-17.30562,-17.29641,-17.28706,-17.27758,-17.26797,-17.25822,-17.24834,-17.23832,-17.22816,-17.21785,-17.20741,-17.19681,-17.18607,-17.17517,-17.16413,-17.15293,-17.14157,-17.13006,-17.11839,-17.10655,-17.09455,-17.08238,-17.07004,-17.05753,-17.04485,-17.03199,-17.01896,-17.00574,-16.99234,-16.97876,-16.96499,-16.95102,-16.93687,-16.92252,-16.90797,-16.89322,-16.87827,-16.86311,-16.84774,-16.83216,-16.81637,-16.80036,-16.78413,-16.76768,-16.75101,-16.73412,-16.71706,-16.70018,-16.68554
910,-17.43269,-17.42593,-17.41853,-17.41085,-17.40306,-17.39516,-17.38715,-17.37902,-17.37078,-17.36242,-17.35395,-17.34535,-17.33663,-17.32779,-17.31882,-17.30973,-17.30051,-17.29115,-17.28167,-17.27205,-17.2623,-17.25241,-17.24238,-17.23221,-17.2219,-17.21144,-17.20083,-17.19008,-17.17918,-17.16812,-17.15691,-17.14554,-17.13402,-17.12233,-17.11048,-17.09847,-17.08628,-17.07393,-17.06141,-17.04871,-17.03584,-17.02278,-17.00955,-16.99613,-16.98253,-16.96874,-16.95475,-16.94058,-16.92621,-16.91164,-16.89686,-16.88189,-16.86671,-16.85132,-16.83571,-16.8199,-16.80388,-16.7877,-16.77169,-16.75779
920,-17.4657,-17.45933,-17.45234,-17.44508,-17.43772,-17.43025,-17.42268,-17.415,-17.40721,-17.39931,-17.39129,-17.38316,-17.37492,-17.36656,-17.35808,-17.34948,-17.34076,-17.33191,-17.32294,-17.31384,-17.30461,-17.29525,-17.28576,-17.27614,-17.26638,-17.25648,-17.24644,-17.23626,-17.22594,-17.21548,-17.20486,-17.1941,-17.18319,-17.17212,-17.1609,-17.14952,-17.13798,-17.12628,-17.11442,-17.10239,-17.09019,-17.07782,-17.06528,-17.05257,-17.03968,-17.02661,-17.01336,-16.99992,-16.9863,-16.97249,-16.95849,-16.94429,-16.9299,-16.91531,-16.90051,-16.88552,-16.87032,-16.85498,-16.83979,-16.82661
930,-17.49711,-17.49111,-17.48451,-17.47766,-17.4707,-17.46365,-17.4565,-17.44924,-17.44188,-17.43441,-17.42684,-17.41916,-17.41136,-17.40346,-17.39544,-17.38731,-17.37907,-17.3707,-17.36222,-17.35361,-17.34489,-17.33603,-17.32706,-17.31795,-17.30872,-17.29936,-17.28986,-17.28023,-17.27046,-17.26056,-17.25051,-17.24032,-17.22999,-17.21952,-17.20889,-17.19812,-17.1872,-17.17612,-17.16489,-17.15349,-17.14194,-17.13023,-17.11835,-17.10631,-17.0941,-17.08172,-17.06916,-17.05643,-17.04353,-17.03044,-17.01717,-17.00372,-16.99008,-16.97625,-16.96222,-16.94801,-16.93361,-16.91906,-16.90466,-16.89217
940,-17.527,-17.52135,-17.51512,-17.50865,-17.50209,-17.49543,-17.48867,-17.48182,-17.47487,-17.46782,-17.46066,-17.4534,-17.44604,-17.43858,-17.431,-17.42332,-17.41552,-17.40762,-17.3996,-17.39147,-17.38322,-17.37485,-17.36636,-17.35775,-17.34902,-17.34017,-17.33118,-17.32207,-17.31284,-17.30347,-17.29396,-17.28432,-17.27455,-17.26464,-17.25458,-17.24439,-17.23405,-17.22356,-17.21293,-17.20215,-17.19121,-17.18012,-17.16888,-17.15748,-17.14591,-17.13419,-17.1223,-17.11024,-17.09801,-17.08562,-17.07305,-17.0603,-17.04738,-17.03427,-17.02099,-17.00752,-16.99387,-16.98008,-16.96644,-16.95459
950,-17.55543,-17.55012,-17.54424,-17.53814,-17.53194,-17.52566,-17.51928,-17.51282,-17.50625,-17.4996,-17.49284,-17.48599,-17.47904,-17.47199,-17.46483,-17.45757,-17.45021,-17.44274,-17.43517,-17.42748,-17.41969,-17.41178,-17.40376,-17.39562,-17.38737,-17.379,-17.37051,-17.3619,-17.35316,-17.3443,-17.33532,-17.3262,-17.31696,-17.30758,-17.29807,-17.28843,-17.27864,-17.26872,-17.25866,-17.24846,-17.23811,-17.22762,-17.21697,-17.20618,-17.19523,-17.18413,-17.17288,-17.16146,-17.14988,-17.13815,-17.12624,-17.11417,-17.10193,-17.08952,-17.07693,-17.06417,-17.05124,-17.03818,-17.02525,-17.01403
960,-17.58248,-17.57749,-17.57194,-17.56619,-17.56034,-17.55442,-17.5484,-17.5423,-17.53611,-17.52983,-17.52345,-17.51699,-17.51043,-17.50377,-17.49702,-17.49016,-17.48321,-17.47616,-17.46901,-17.46175,-17.45439,-17.44692,-17.43934,-17.43166,-17.42386,-17.41595,-17.40793,-17.39979,-17.39153,-17.38316,-17.37466,-17.36605,-17.35731,-17.34844,-17.33945,-17.33033,-17.32108,-17.3117,-17.30218,-17.29253,-17.28274,-17.27281,-17.26274,-17.25253,-17.24217,-17.23167,-17.22102,-17.21021,-17.19926,-17.18815,-17.17688,-17.16545,-17.15386,-17.14211,-17.13019,-17.11811,-17.10586,-17.09349,-17.08125,-17.07062
970,-17.6082,-17.60351,-17.59828,-17.59286,-17.58735,-17.58176,-17.57609,-17.57034,-17.5645,-17.55858,-17.55257,-17.54647,-17.54028,-17.534,-17.52763,-17.52116,-17.5146,-17.50795,-17.5012,-17.49435,-17.4874,-17.48035,-17.47319,-17.46593,-17.45857,-17.4511,-17.44352,-17.43584,-17.42804,-17.42013,-17.4121,-17.40396,-17.3957,-17.38732,-17.37882,-17.3702,-17.36146,-17.35259,-17.34359,-17.33447,-17.32521,-17.31582,-17.3063,-17.29664,-17.28685,-17.27691,-17.26683,-17.25661,-17.24624,-17.23573,-17.22507,-17.21425,-17.20329,-17.19216,-17.18088,-17.16944,-17.15785,-17.14614,-17.13455,-17.12448
980,-17.63265,-17.62825,-17.62333,-17.61822,-17.61303,-17.60777,-17.60242,-17.597,-17.5915,-17.58592,-17.58025,-17.5745,-17.56867,-17.56275,-17.55674,-17.55064,-17.54446,-17.53818,-17.53181,-17.52535,-17.51879,-17.51214,-17.50538,-17.49854,-17.49159,-17.48453,-17.47738,-17.47012,-17.46276,-17.45529,-17.44771,-17.44002,-17.43222,-17.42431,-17.41628,-17.40813,-17.39987,-17.39149,-17.38299,-17.37437,-17.36562,-17.35674,-17.34774,-17.33861,-17.32935,-17.31995,-17.31042,-17.30076,-17.29095,-17.28101,-17.27092,-17.26069,-17.25032,-17.23979,-17.22912,-17.2183,-17.20733,-17.19625,-17.18527,-17.17575
990,-17.6559,-17.65177,-17.64714,-17.64233,-17.63744,-17.63249,-17.62746,-17.62235,-17.61717,-17.61191,-17.60657,-17.60116,-17.59566,-17.59008,-17.58442,-17.57867,-17.57284,-17.56692,-17.56092,-17.55482,-17.54864,-17.54236,-17.536,-17.52954,-17.52298,-17.51633,-17.50958,-17.50273,-17.49578,-17.48873,-17.48158,-17.47432,-17.46695,-17.45948,-17.4519,-17.44421,-17.43641,-17.42849,-17.42046,-17.41232,-17.40405,-17.39567,-17.38716,-17.37853,-17.36978,-17.3609,-17.35189,-17.34276,-17.33349,-17.32409,-17.31455,-17.30488,-17.29507,-17.28511,-17.27502,-17.26478,-17.25441,-17.24392,-17.23354,-17.22453
1000,-17.67799,-17.67412,-17.66977,-17.66524,-17.66065,-17.65598,-17.65125,-17.64644,-17.64157,-17.63662,-17.63159,-17.62649,-17.62132,-17.61606,-17.61073,-17.60532,-17.59982,-17.59425,-17.58859,-17.58285,-17.57702,-17.5711,-17.5651,-17.55901,-17.55283,-17.54656,-17.54019,-17.53373,-17.52718,-17.52053,-17.51378,-17.50693,-17.49998,-17.49293,-17.48578,-17.47852,-17.47115,-17.46368,-17.4561,-17.44841,-17.4406,-17.43269,-17.42465,-17.4165,-17.40823,-17.39985,-17.39134,-17.3827,-17.37395,-17.36506,-17.35605,-17.34691,-17.33763,-17.32823,-17.31868,-17.309,-17.29919,-17.28928,-17.27946,-17.27094
1010,-17.69898,-17.69536,-17.69127,-17.68701,-17.68269,-17.67831,-17.67386,-17.66934,-17.66475,-17.6601,-17.65537,-17.65057,-17.6457,-17.64075,-17.63573,-17.63064,-17.62547,-17.62022,-17.61489,-17.60948,-17.60399,-17.59842,-17.59277,-17.58703,-17.5812,-17.57529,-17.56929,-17.5632,-17.55703,-17.55076,-17.54439,-17.53793,-17.53138,-17.52473,-17.51798,-17.51114,-17.50419,-17.49714,-17.48998,-17.48273,-17.47536,-17.46789,-17.4603,-17.45261,-17.4448,-17.43688,-17.42885,-17.4207,-17.41242,-17.40403,-17.39552,-17.38688,-17.37812,-17.36923,-17.36021,-17.35107,-17.34179,-17.33242,-17.32314,-17.31508
1020,-17.71892,-17.71554,-17.71169,-17.7077,-17.70364,-17.69952,-17.69534,-17.69109,-17.68678,-17.6824,-17.67796,-17.67345,-17.66887,-17.66422,-17.6595,-17.6547,-17.64984,-17.6449,-17.63988,-17.63479,-17.62963,-17.62438,-17.61906,-17.61365,-17.60817,-17.6026,-17.59695,-17.59122,-17.5854,-17.57949,-17.57349,-17.56741,-17.56123,-17.55496,-17.5486,-17.54214,-17.53559,-17.52894,-17.5222,-17.51535,-17.5084,-17.50135,-17.4942,-17.48694,-17.47957,-17.4721,-17.46451,-17.45682,-17.44901,-17.44109,-17.43305,-17.42489,-17.41662,-17.40822,-17.39971,-17.39107,-17.38231,-17.37345,-17.36469,-17.35707
1030,-17.73786,-17.73471,-17.7311,-17.72735,-17.72354,-17.71967,-17.71574,-17.71176,-17.70771,-17.7036,-17.69942,-17.69518,-17.69088,-17.68651,-17.68207,-17.67756,-17.67299,-17.66834,-17.66363,-17.65884,-17.65398,-17.64905,-17.64404,-17.63895,-17.63379,-17.62855,-17.62323,-17.61783,-17.61235,-17.60679,-17.60114,-17.59541,-17.58959,-17.58369,-17.5777,-17.57161,-17.56544,-17.55917,-17.55281,-17.54636,-17.53981,-17.53316,-17.52642,-17.51957,-17.51262,-17.50557,-17.49842,-17.49116,-17.48379,-17.47631,-17.46873,-17.46103,-17.45322,-17.4453,-17.43726,-17.4291,-17.42083,-17.41247,-17.40419,-17.397
1040,-17.75585,-17.7529,-17.74952,-17.746,-17.74243,-17.73881,-17.73512,-17.73138,-17.72758,-17.72372,-17.7198,-17.71582,-17.71178,-17.70768,-17.70351,-17.69928,-17.69498,-17.69061,-17.68618,-17.68168,-17.67712,-17.67248,-17.66777,-17.66299,-17.65813,-17.6532,-17.6482,-17.64312,-17.63796,-17.63273,-17.62742,-17.62202,-17.61654,-17.61098,-17.60534,-17.59961,-17.5938,-17.5879,-17.58191,-17.57583,-17.56965,-17.56339,-17.55703,-17.55058,-17.54403,-17.53739,-17.53064,-17.52379,-17.51685,-17.5098,-17.50264,-17.49538,-17.48801,-17.48054,-17.47295,-17.46525,-17.45745,-17.44956,-17.44174,-17.43495
1050,-17.77293,-17.77018,-17.76701,-17.76372,-17.76037,-17.75697,-17.75352,-17.75001,-17.74645,-17.74283,-17.73915,-17.73542,-17.73163,-17.72778,-17.72387,-17.71989,-17.71586,-17.71176,-17.7076,-17.70338,-17.69909,-17.69473,-17.6903,-17.68581,-17.68125,-17.67662,-17.67192,-17.66714,-17.66229,-17.65737,-17.65237,-17.6473,-17.64214,-17.63691,-17.6316,-17.62621,-17.62074,-17.61519,-17.60955,-17.60382,-17.59801,-17.59211,-17.58612,-17.58005,-17.57388,-17.56761,-17.56126,-17.55481,-17.54826,-17.54162,-17.53487,-17.52803,-17.52108,-17.51403,-17.50687,-17.49961,-17.49225,-17.48481,-17.47743,-17.47103
1060,-17.78913,-17.78658,-17.78361,-17.78053,-17.7774,-17.77421,-17.77098,-17.7677,-17.76436,-17.76097,-17.75752,-17.75402,-17.75047,-17.74686,-17.74319,-17.73947,-17.73568,-17.73184,-17.72794,-17.72397,-17.71995,-17.71586,-17.7117,-17.70749,-17.7032,-17.69885,-17.69443,-17.68995,-17.68539,-17.68077,-17.67607,-17.6713,-17.66646,-17.66154,-17.65655,-17.65148,-17.64633,-17.6411,-17.6358,-17.63041,-17.62494,-17.61939,-17.61376,-17.60804,-17.60223,-17.59633,-17.59035,-17.58427,-17.57811,-17.57185,-17.56549,-17.55904,-17.5525,-17.54585,-17.53911,-17.53227,-17.52532,-17.51831,-17.51135,-17.50531
1070,-17.80451,-17.80214,-17.79936,-17.79648,-17.79355,-17.79058,-17.78755,-17.78448,-17.78135,-17.77818,-17.77496,-17.77168,-17.76835,-17.76497,-17.76154,-17.75805,-17.7545,-17.7509,-17.74724,-17.74352,-17.73975,-17.73591,-17.73202,-17.72806,-17.72404,-17.71996,-17.71581,-17.7116,-17.70732,-17.70298,-17.69857,-17.69409,-17.68954,-17.68492,-17.68023,-17.67547,-17.67063,-17.66572,-17.66073,-17.65567,-17.65052,-17.6453,-17.64,-17.63462,-17.62916,-17.62361,-17.61798,-17.61226,-17.60645,-17.60056,-17.59458,-17.58851,-17.58234,-17.57608,-17.56973,-17.56328,-17.55674,-17.55013,-17.54358,-17.53789
1080,-17.81909,-17.81689,-17.81431,-17.81161,-17.80888,-17.8061,-17.80327,-17.8004,-17.79748,-17.79451,-17.7915,-17.78843,-17.78532,-17.78215,-17.77894,-17.77567,-17.77235,-17.76898,-17.76555,-17.76207,-17.75854,-17.75494,-17.75129,-17.74758,-17.74382,-17.73999,-17.7361,-17.73215,-17.72814,-17.72407,-17.71993,-17.71572,-17.71145,-17.70712,-17.70271,-17.69824,-17.6937,-17.68908,-17.6844,-17.67964,-17.67481,-17.6699,-17.66492,-17.65986,-17.65472,-17.64951,-17.64421,-17.63883,-17.63337,-17.62783,-17.6222,-17.61649,-17.61068,-17.60479,-17.59882,-17.59275,-17.58659,-17.58036,-17.57419,-17.56883
1090,-17.83293,-17.83089,-17.82848,-17.82597,-17.82341,-17.82082,-17.81818,-17.8155,-17.81277,-17.81,-17.80718,-17.80432,-17.80141,-17.79845,-17.79545,-17.79239,-17.78929,-17.78614,-17.78293,-17.77967,-17.77636,-17.773,-17.76958,-17.76611,-17.76258,-17.75899,-17.75535,-17.75165,-17.74789,-17.74407,-17.74019,-17.73625,-17.73225,-17.72818,-17.72405,-17.71985,-17.71559,-17.71126,-17.70686,-17.7024,-17.69786,-17.69325,-17.68857,-17.68382,-17.67899,-17.67409,-17.66912,-17.66406,-17.65893,-17.65372,-17.64843,-17.64305,-17.6376,-17.63206,-17.62643,-17.62072,-17.61493,-17.60907,-17.60326,-17.59821
1100,-17.84604,-17.84416,-17.84191,-17.83957,-17.83719,-17.83477,-17.83232,-17.82981,-17.82727,-17.82469,-17.82206,-17.81939,-17.81667,-17.81391,-17.8111,-17.80825,-17.80535,-17.8024,-17.79941,-17.79636,-17.79327,-17.79012,-17.78693,-17.78368,-17.78038,-17.77702,-17.77361,-17.77015,-17.76663,-17.76305,-17.75942,-17.75573,-17.75198,-17.74816,-17.74429,-17.74036,-17.73636,-17.7323,-17.72818,-17.72399,-17.71973,-17.71541,-17.71102,-17.70656,-17.70203,-17.69743,-17.69275,-17.68801,-17.68319,-17.67829,-17.67332,-17.66827,-17.66314,-17.65794,-17.65265,-17.64728,-17.64183,-17.63632,-17.63086,-17.62611
1110,-17.85847,-17.85673,-17.85464,-17.85247,-17.85025,-17.848,-17.84571,-17.84339,-17.84102,-17.83861,-17.83616,-17.83367,-17.83114,-17.82856,-17.82595,-17.82329,-17.82058,-17.81783,-17.81503,-17.81219,-17.8093,-17.80636,-17.80338,-17.80034,-17.79726,-17.79412,-17.79093,-17.78769,-17.7844,-17.78105,-17.77765,-17.7742,-17.77069,-17.76712,-17.76349,-17.75981,-17.75607,-17.75226,-17.7484,-17.74447,-17.74048,-17.73643,-17.73231,-17.72813,-17.72388,-17.71957,-17.71518,-17.71073,-17.7062,-17.70161,-17.69694,-17.6922,-17.68739,-17.6825,-17.67753,-17.67249,-17.66737,-17.66219,-17.65706,-17.6526
1120,-17.87024,-17.86865,-17.86671,-17.86469,-17.86263,-17.86054,-17.85841,-17.85624,-17.85404,-17.8518,-17.84952,-17.84721,-17.84485,-17.84245,-17.84001,-17.83753,-17.83501,-17.83245,-17.82984,-17.82719,-17.82449,-17.82175,-17.81897,-17.81613,-17.81325,-17.81033,-17.80735,-17.80432,-17.80125,-17.79812,-17.79494,-17.79171,-17.78843,-17.78509,-17.7817,-17.77826,-17.77475,-17.77119,-17.76758,-17.7639,-17.76016,-17.75637,-17.75251,-17.74859,-17.74461,-17.74057,-17.73646,-17.73228,-17.72804,-17.72373,-17.71935,-17.71491,-17.71039,-17.7058,-17.70114,-17.6964,-17.6916,-17.68674,-17.68192,-17.67773
1130,-17.88139,-17.87993,-17.87813,-17.87626,-17.87435,-17.87241,-17.87043,-17.86842,-17.86638,-17.8643,-17.86218,-17.86003,-17.85784,-17.85561,-17.85334,-17.85103,-17.84869,-17.8463,-17.84387,-17.8414,-17.83889,-17.83634,-17.83374,-17.8311,-17.82842,-17.82569,-17.82291,-17.82009,-17.81722,-17.8143,-17.81133,-17.80831,-17.80525,-17.80213,-17.79896,-17.79574,-17.79247,-17.78914,-17.78576,-17.78232,-17.77882,-17.77527,-17.77166,-17.768,-17.76427,-17.76048,-17.75663,-17.75272,-17.74875,-17.74471,-17.74061,-17.73644,-17.7322,-17.7279,-17.72353,-17.71909,-17.71458,-17.71002,-17.7055,-17.70157
1140,-17.89195,-17.89062,-17.88895,-17.88722,-17.88545,-17.88365,-17.88182,-17.87996,-17.87806,-17.87613,-17.87417,-17.87217,-17.87014,-17.86807,-17.86596,-17.86382,-17.86164,-17.85942,-17.85716,-17.85487,-17.85253,-17.85016,-17.84774,-17.84528,-17.84278,-17.84024,-17.83765,-17.83502,-17.83235,-17.82963,-17.82686,-17.82405,-17.82119,-17.81828,-17.81532,-17.81231,-17.80926,-17.80615,-17.80299,-17.79978,-17.79651,-17.79319,-17.78982,-17.78639,-17.7829,-17.77936,-17.77576,-17.7721,-17.76838,-17.7646,-17.76076,-17.75686,-17.75289,-17.74886,-17.74477,-17.74061,-17.73638,-17.7321,-17.72786,-17.72418
1150,-17.90194,-17.90073,-17.89919,-17.89759,-17.89595,-17.89429,-17.8926,-17.89088,-17.88912,-17.88734,-17.88552,-17.88367,-17.88178,-17.87986,-17.87791,-17.87592,-17.8739,-17.87184,-17.86975,-17.86762,-17.86545,-17.86324,-17.86099,-17.85871,-17.85639,-17.85402,-17.85161,-17.84917,-17.84668,-17.84414,-17.84157,-17.83895,-17.83628,-17.83357,-17.83082,-17.82801,-17.82516,-17.82226,-17.81932,-17.81632,-17.81327,-17.81017,-17.80702,-17.80382,-17.80056,-17.79725,-17.79389,-17.79047,-17.78699,-17.78346,-17.77986,-17.77621,-17.7725,-17.76873,-17.7649,-17.761,-17.75705,-17.75304,-17.74907,-17.74562
1160,-17.9114,-17.91029,-17.90888,-17.9074,-17.90589,-17.90436,-17.9028,-17.90121,-17.89959,-17.89794,-17.89626,-17.89455,-17.8928,-17.89103,-17.88922,-17.88738,-17.88551,-17.8836,-17.88166,-17.87968,-17.87767,-17.87563,-17.87354,-17.87142,-17.86926,-17.86707,-17.86483,-17.86256,-17.86024,-17.85789,-17.85549,-17.85306,-17.85058,-17.84806,-17.84549,-17.84288,-17.84023,-17.83753,-17.83478,-17.83199,-17.82914,-17.82626,-17.82332,-17.82033,-17.81729,-17.8142,-17.81106,-17.80787,-17.80462,-17.80132,-17.79796,-17.79455,-17.79108,-17.78756,-17.78397,-17.78033,-17.77663,-17.77289,-17.76917,-17.76594
1170,-17.92034,-17.91934,-17.91804,-17.91668,-17.91529,-17.91388,-17.91244,-17.91098,-17.90949,-17.90796,-17.90641,-17.90484,-17.90323,-17.90159,-17.89992,-17.89822,-17.89649,-17.89473,-17.89293,-17.8911,-17.88924,-17.88735,-17.88542,-17.88345,-17.88145,-17.87942,-17.87734,-17.87523,-17.87309,-17.8709,-17.86868,-17.86641,-17.86411,-17.86177,-17.85938,-17.85696,-17.85449,-17.85198,-17.84942,-17.84682,-17.84418,-17.84149,-17.83875,-17.83597,-17.83314,-17.83026,-17.82733,-17.82435,-17.82132,-17.81824,-17.81511,-17.81192,-17.80869,-17.80539,-17.80205,-17.79864,-17.79519,-17.79169,-17.78821,-17.78519
1180,-17.92879,-17.92789,-17.9267,-17.92545,-17.92418,-17.92288,-17.92156,-17.92022,-17.91884,-17.91745,-17.91602,-17.91457,-17.91309,-17.91158,-17.91004,-17.90847,-17.90687,-17.90525,-17.90359,-17.9019,-17.90018,-17.89843,-17.89665,-17.89483,-17.89298,-17.8911,-17.88918,-17.88723,-17.88524,-17.88321,-17.88115,-17.87905,-17.87692,-17.87474,-17.87253,-17.87028,-17.86799,-17.86565,-17.86328,-17.86086,-17.8584,-17.8559,-17.85336,-17.85077,-17.84813,-17.84545,-17.84273,-17.83995,-17.83713,-17.83426,-17.83134,-17.82838,-17.82536,-17.82229,-17.81916,-17.81599,-17.81276,-17.8095,-17.80625,-17.80343
1190,-17.93677,-17.93597,-17.93488,-17.93374,-17.93258,-17.93139,-17.93018,-17.92895,-17.92769,-17.92641,-17.9251,-17.92376,-17.9224,-17.92102,-17.9196,-17.91816,-17.91669,-17.91519,-17.91367,-17.91211,-17.91053,-17.90891,-17.90727,-17.90559,-17.90388,-17.90214,-17.90037,-17.89857,-17.89673,-17.89486,-17.89295,-17.89101,-17.88903,-17.88702,-17.88497,-17.88288,-17.88075,-17.87859,-17.87639,-17.87415,-17.87187,-17.86954,-17.86718,-17.86478,-17.86233,-17.85984,-17.8573,-17.85472,-17.8521,-17.84943,-17.84671,-17.84395,-17.84114,-17.83828,-17.83537,-17.83241,-17.8294,-17.82636,-17.82333,-17.8207
1200,-17.94431,-17.9436,-17.94261,-17.94157,-17.94051,-17.93943,-17.93832,-17.93719,-17.93604,-17.93487,-17.93367,-17.93245,-17.93121,-17.92994,-17.92864,-17.92732,-17.92597,-17.92459,-17.92319,-17.92176,-17.9203,-17.91882,-17.91731,-17.91576,-17.91419,-17.91259,-17.91095,-17.90929,-17.90759,-17.90586,-17.9041,-17.90231,-17.90048,-17.89862,-17.89673,-17.8948,-17.89283,-17.89083,-17.88879,-17.88671,-17.8846,-17.88245,-17.88026,-17.87802,-17.87575,-17.87344,-17.87109,-17.8687,-17.86626,-17.86378,-17.86125,-17.85868,-17.85607,-17.85341,-17.8507,-17.84795,-17.84515,-17.84232,-17.8395,-17.83705
1210,-17.95143,-17.9508,-17.9499,-17.94896,-17.948,-17.94701,-17.94601,-17.94498,-17.94393,-17.94286,-17.94177,-17.94066,-17.93952,-17.93836,-17.93717,-17.93596,-17.93473,-17.93347,-17.93219,-17.93088,-17.92954,-17.92818,-17.92679,-17.92537,-17.92392,-17.92245,-17.92095,-17.91942,-17.91786,-17.91627,-17.91464,-17.91299,-17.91131,-17.90959,-17.90784,-17.90606,-17.90424,-17.90239,-17.90051,-17.89859,-17.89664,-17.89465,-17.89262,-17.89055,-17.88845,-17.88631,-17.88413,-17.88191,-17.87965,-17.87735,-17.87501,-17.87262,-17.8702,-17.86773,-17.86521,-17.86265,-17.86005,-17.85742,-17.8548,-17.85252
1220,-17.95815,-17.9576,-17.95678,-17.95593,-17.95506,-17.95417,-17.95326,-17.95233,-17.95138,-17.95041,-17.94941,-17.9484,-17.94737,-17.94631,-17.94523,-17.94413,-17.943,-17.94185,-17.94068,-17.93948,-17.93826,-17.93701,-17.93574,-17.93444,-17.93312,-17.93177,-17.93039,-17.92898,-17.92755,-17.92609,-17.9246,-17.92308,-17.92153,-17.91995,-17.91834,-17.9167,-17.91503,-17.91332,-17.91159,-17.90982,-17.90801,-17.90617,-17.9043,-17.90239,-17.90045,-17.89847,-17.89645,-17.8944,-17.89231,-17.89018,-17.88801,-17.8858,-17.88355,-17.88126,-17.87893,-17.87656,-17.87414,-17.8717,-17.86926,-17.86715
1230,-17.96448,-17.96401,-17.96327,-17.96251,-17.96172,-17.96092,-17.9601,-17.95926,-17.9584,-17.95752,-17.95662,-17.95571,-17.95477,-17.95381,-17.95283,-17.95183,-17.9508,-17.94976,-17.94869,-17.9476,-17.94649,-17.94535,-17.94419,-17.94301,-17.9418,-17.94056,-17.9393,-17.93802,-17.9367,-17.93537,-17.934,-17.93261,-17.93119,-17.92974,-17.92826,-17.92675,-17.92521,-17.92364,-17.92205,-17.92042,-17.91876,-17.91706,-17.91534,-17.91358,-17.91179,-17.90996,-17.9081,-17.9062,-17.90427,-17.9023,-17.9003,-17.89825,-17.89617,-17.89406,-17.8919,-17.8897,-17.88746,-17.8852,-17.88294,-17.88098
1240,-17.97045,-17.97005,-17.96939,-17.96871,-17.968,-17.96728,-17.96655,-17.96579,-17.96502,-17.96423,-17.96342,-17.96259,-17.96175,-17.96088,-17.95999,-17.95909,-17.95816,-17.95722,-17.95625,-17.95526,-17.95425,-17.95322,-17.95216,-17.95108,-17.94998,-17.94886,-17.94771,-17.94654,-17.94534,-17.94412,-17.94287,-17.9416,-17.9403,-17.93897,-17.93762,-17.93623,-17.93483,-17.93339,-17.93192,-17.93043,-17.9289,-17.92734,-17.92576,-17.92414,-17.92249,-17.92081,-17.9191,-17.91735,-17.91557,-17.91375,-17.9119,-17.91002,-17.9081,-17.90614,-17.90415,-17.90212,-17.90005,-17.89795,-17.89587,-17.89405
1250,-17.97607,-17.97573,-17.97515,-17.97454,-17.97392,-17.97328,-17.97262,-17.97195,-17.97126,-17.97055,-17.96982,-17.96908,-17.96832,-17.96754,-17.96675,-17.96593,-17.9651,-17.96424,-17.96337,-17.96248,-17.96156,-17.96063,-17.95968,-17.9587,-17.9577,-17.95668,-17.95564,-17.95457,-17.95348,-17.95237,-17.95124,-17.95007,-17.94889,-17.94768,-17.94644,-17.94518,-17.9439,-17.94258,-17.94124,-17.93987,-17.93847,-17.93705,-17.93559,-17.93411,-17.9326,-17.93105,-17.92948,-17.92787,-17.92623,-17.92456,-17.92286,-17.92113,-17.91936,-17.91755,-17.91572,-17.91384,-17.91194,-17.91,-17.90807,-17.9064
1260,-17.98136,-17.98109,-17.98058,-17.98004,-17.97949,-17.97892,-17.97834,-17.97774,-17.97713,-17.9765,-17.97585,-17.97519,-17.97451,-17.97382,-17.97311,-17.97238,-17.97163,-17.97087,-17.97008,-17.96928,-17.96846,-17.96762,-17.96676,-17.96587,-17.96497,-17.96405,-17.96311,-17.96214,-17.96116,-17.96015,-17.95912,-17.95807,-17.95699,-17.95589,-17.95477,-17.95362,-17.95245,-17.95125,-17.95003,-17.94878,-17.9475,-17.9462,-17.94487,-17.94351,-17.94213,-17.94071,-17.93927,-17.9378,-17.9363,-17.93477,-17.9332,-17.93161,-17.92998,-17.92833,-17.92664,-17.92491,-17.92316,-17.92137,-17.9196,-17.91805
1270,-17.98634,-17.98612,-17.98568,-17.98521,-17.98472,-17.98423,-17.98372,-17.98319,-17.98265,-17.9821,-17.98153,-17.98094,-17.98034,-17.97973,-17.97909,-17.97845,-17.97778,-17.9771,-17.9764,-17.97568,-17.97495,-17.97419,-17.97342,-17.97263,-17.97182,-17.97099,-17.97015,-17.96928,-17.96839,-17.96748,-17.96655,-17.9656,-17.96462,-17.96363,-17.96261,-17.96157,-17.96051,-17.95942,-17.95831,-17.95717,-17.95601,-17.95482,-17.95361,-17.95238,-17.95111,-17.94982,-17.94851,-17.94716,-17.94579,-17.94439,-17.94296,-17.9415,-17.94001,-17.93849,-17.93694,-17.93535,-17.93374,-17.9321,-17.93047,-17.92905
1280,-17.99101,-17.99086,-17.99047,-17.99007,-17.98965,-17.98922,-17.98877,-17.98832,-17.98785,-17.98736,-17.98686,-17.98635,-17.98582,-17.98528,-17.98473,-17.98415,-17.98356,-17.98296,-17.98234,-17.9817,-17.98105,-17.98038,-17.9797,-17.97899,-17.97827,-17.97753,-17.97677,-17.97599,-17.97519,-17.97438,-17.97354,-17.97269,-17.97181,-17.97091,-17.97,-17.96906,-17.9681,-17.96711,-17.96611,-17.96508,-17.96403,-17.96295,-17.96185,-17.96073,-17.95958,-17.95841,-17.95721,-17.95598,-17.95473,-17.95345,-17.95215,-17.95082,-17.94946,-17.94807,-17.94665,-17.9452,-17.94372,-17.94222,-17.94073,-17.93943
1290,-17.99541,-17.9953,-17.99498,-17.99463,-17.99428,-17.99391,-17.99353,-17.99313,-17.99273,-17.99231,-17.99188,-17.99143,-17.99098,-17.9905,-17.99002,-17.98952,-17.989,-17.98847,-17.98793,-17.98737,-17.98679,-17.9862,-17.98559,-17.98497,-17.98433,-17.98367,-17.983,-17.98231,-17.9816,-17.98087,-17.98012,-17.97936,-17.97857,-17.97777,-17.97695,-17.9761,-17.97524,-17.97435,-17.97345,-17.97252,-17.97157,-17.9706,-17.96961,-17.96859,-17.96755,-17.96649,-17.9654,-17.96429,-17.96316,-17.962,-17.96081,-17.9596,-17.95836,-17.95709,-17.9558,-17.95448,-17.95313,-17.95176,-17.9504,-17.9492
1300,-17.99953,-17.99947,-17.9992,-17.99892,-17.99862,-17.99831,-17.99799,-17.99765,-17.99731,-17.99695,-17.99659,-17.99621,-17.99581,-17.99541,-17.99499,-17.99456,-17.99411,-17.99365,-17.99318,-17.99269,-17.99219,-17.99167,-17.99114,-17.99059,-17.99003,-17.98945,-17.98885,-17.98824,-17.98761,-17.98697,-17.98631,-17.98563,-17.98493,-17.98422,-17.98348,-17.98273,-17.98196,-17.98117,-17.98036,-17.97952,-17.97867,-17.9778,-17.97691,-17.97599,-17.97506,-17.9741,-17.97312,-17.97212,-17.97109,-17.97004,-17.96896,-17.96787,-17.96674,-17.96559,-17.96442,-17.96322,-17.96199,-17.96075,-17.9595,-17.95842
1310,-18.0034,-18.00339,-18.00317,-18.00293,-18.00269,-18.00243,-18.00217,-18.00189,-18.00161,-18.00131,-18.001,-18.00068,-18.00035,-18.00001,-17.99965,-17.99928,-17.9989,-17.99851,-17.9981,-17.99768,-17.99725,-17.9968,-17.99634,-17.99587,-17.99538,-17.99487,-17.99435,-17.99382,-17.99327,-17.9927,-17.99212,-17.99152,-17.99091,-17.99027,-17.98962,-17.98896,-17.98827,-17.98757,-17.98685,-17.98611,-17.98535,-17.98457,-17.98377,-17.98295,-17.98211,-17.98126,-17.98037,-17.97947,-17.97855,-17.9776,-17.97664,-17.97564,-17.97463,-17.97359,-17.97253,-17.97144,-17.97033,-17.9692,-17.96807,-17.96709
1320,-18.00702,-18.00705,-18.00688,-18.0067,-18.0065,-18.0063,-18.00609,-18.00587,-18.00564,-18.0054,-18.00514,-18.00488,-18.00461,-18.00432,-18.00403,-18.00372,-18.0034,-18.00307,-18.00272,-18.00237,-18.002,-18.00162,-18.00122,-18.00082,-18.0004,-17.99996,-17.99951,-17.99905,-17.99857,-17.99808,-17.99757,-17.99705,-17.99651,-17.99596,-17.99539,-17.9948,-17.9942,-17.99358,-17.99295,-17.99229,-17.99162,-17.99093,-17.99022,-17.98949,-17.98875,-17.98798,-17.98719,-17.98639,-17.98556,-17.98472,-17.98385,-17.98296,-17.98205,-17.98111,-17.98016,-17.97918,-17.97818,-17.97716,-17.97614,-17.97525
1330,-18.01041,-18.01048,-18.01036,-18.01022,-18.01008,-18.00992,-18.00976,-18.00959,-18.00941,-18.00922,-18.00902,-18.00881,-18.00859,-18.00836,-18.00812,-18.00787,-18.00761,-18.00734,-18.00705,-18.00676,-18.00645,-18.00613,-18.0058,-18.00546,-18.0051,-18.00473,-18.00435,-18.00396,-18.00355,-18.00313,-18.00269,-18.00224,-18.00178,-18.0013,-18.0008,-18.00029,-17.99977,-17.99923,-17.99867,-17.9981,-17.99751,-17.9969,-17.99627,-17.99563,-17.99497,-17.99429,-17.9936,-17.99288,-17.99215,-17.9914,-17.99062,-17.98983,-17.98902,-17.98818,-17.98733,-17.98645,-17.98555,-17.98464,-17.98372,-17.98292
1340,-18.01357,-18.01369,-18.0136,-18.01351,-18.01342,-18.01331,-18.01319,-18.01307,-18.01294,-18.0128,-18.01265,-18.01249,-18.01232,-18.01214,-18.01196,-18.01176,-18.01155,-18.01133,-18.01111,-18.01087,-18.01062,-18.01036,-18.01009,-18.0098,-18.00951,-18.0092,-18.00888,-18.00855,-18.00821,-18.00785,-18.00749,-18.0071,-18.00671,-18.0063,-18.00587,-18.00544,-18.00498,-18.00452,-18.00404,-18.00354,-18.00303,-18.0025,-18.00195,-18.00139,-18.00081,-18.00022,-17.99961,-17.99898,-17.99833,-17.99767,-17.99698,-17.99628,-17.99556,-17.99482,-17.99406,-17.99328,-17.99248,-17.99166,-17.99084,-17.99013
1350,-18.01653,-18.01668,-18.01664,-18.01659,-18.01653,-18.01647,-18.0164,-18.01632,-18.01623,-18.01614,-18.01604,-18.01593,-18.01581,-18.01568,-18.01554,-18.01539,-18.01524,-18.01507,-18.0149,-18.01471,-18.01452,-18.01431,-18.0141,-18.01387,-18.01363,-18.01339,-18.01313,-18.01286,-18.01257,-18.01228,-18.01197,-18.01166,-18.01132,-18.01098,-18.01062,-18.01025,-18.00987,-18.00947,-18.00906,-18.00864,-18.0082,-18.00775,-18.00728,-18.00679,-18.00629,-18.00578,-18.00524,-18.0047,-18.00413,-18.00355,-18.00295,-18.00233,-18.0017,-18.00105,-18.00038,-17.99969,-17.99898,-17.99825,-17.99753,-17.99689
1360,-18.01929,-18.01947,-18.01947,-18.01946,-18.01944,-18.01942,-18.01939,-18.01936,-18.01931,-18.01926,-18.0192,-18.01913,-18.01906,-18.01898,-18.01889,-18.01879,-18.01868,-18.01856,-18.01844,-18.0183,-18.01816,-18.01801,-18.01784,-18.01767,-18.01749,-18.01729,-18.01709,-18.01688,-18.01665,-18.01642,-18.01617,-18.01591,-18.01564,-18.01536,-18.01507,-18.01476,-18.01445,-18.01411,-18.01377,-18.01341,-18.01304,-18.01266,-18.01226,-18.01185,-18.01142,-18.01098,-18.01052,-18.01005,-18.00956,-18.00906,-18.00854,-18.00801,-18.00745,-18.00688,-18.0063,-18.00569,-18.00507,-18.00444,-18.0038,-18.00324
1370,-18.02186,-18.02207,-18.02211,-18.02213,-18.02216,-18.02217,-18.02218,-18.02218,-18.02218,-18.02217,-18.02215,-18.02213,-18.02209,-18.02205,-18.02201,-18.02195,-18.02189,-18.02182,-18.02174,-18.02165,-18.02156,-18.02145,-18.02134,-18.02122,-18.02109,-18.02095,-18.02079,-18.02063,-18.02046,-18.02028,-18.02009,-18.01989,-18.01968,-18.01946,-18.01922,-18.01898,-18.01872,-18.01845,-18.01817,-18.01788,-18.01757,-18.01725,-18.01692,-18.01658,-18.01622,-18.01585,-18.01546,-18.01506,-18.01465,-18.01422,-18.01377,-18.01332,-18.01284,-18.01235,-18.01184,-18.01132,-18.01078,-18.01023,-18.00967,-18.00918
1380,-18.02425,-18.02449,-18.02456,-18.02462,-18.02468,-18.02473,-18.02478,-18.02481,-18.02485,-18.02488,-18.0249,-18.02491,-18.02492,-18.02492,-18.02491,-18.0249,-18.02488,-18.02485,-18.02482,-18.02478,-18.02472,-18.02467,-18.0246,-18.02452,-18.02444,-18.02435,-18.02425,-18.02414,-18.02402,-18.02389,-18.02375,-18.0236,-18.02345,-18.02328,-18.0231,-18.02291,-18.02271,-18.0225,-18.02228,-18.02205,-18.0218,-18.02155,-18.02128,-18.021,-18.0207,-18.0204,-18.02008,-18.01975,-18.0194,-18.01904,-18.01867,-18.01828,-18.01788,-18.01747,-18.01703,-18.01659,-18.01613,-18.01565,-18.01517,-18.01475
1390,-18.02647,-18.02674,-18.02684,-18.02693,-18.02702,-18.02711,-18.02719,-18.02726,-18.02733,-18.02739,-18.02745,-18.0275,-18.02755,-18.02758,-18.02762,-18.02764,-18.02766,-18.02768,-18.02768,-18.02768,-18.02767,-18.02766,-18.02763,-18.0276,-18.02757,-18.02752,-18.02747,-18.0274,-18.02733,-18.02725,-18.02716,-18.02706,-18.02696,-18.02684,-18.02672,-18.02658,-18.02644,-18.02628,-18.02611,-18.02594,-18.02575,-18.02555,-18.02534,-18.02512,-18.02489,-18.02465,-18.02439,-18.02412,-18.02384,-18.02355,-18.02324,-18.02292,-18.02259,-18.02224,-18.02188,-18.02151,-18.02112,-18.02072,-18.02031,-18.01996
1400,-18.02853,-18.02882,-18.02895,-18.02908,-18.0292,-18.02931,-18.02942,-18.02953,-18.02963,-18.02973,-18.02982,-18.0299,-18.02999,-18.03006,-18.03013,-18.03019,-18.03025,-18.0303,-18.03034,-18.03038,-18.03041,-18.03044,-18.03046,-18.03047,-18.03047,-18.03047,-18.03046,-18.03044,-18.03041,-18.03038,-18.03034,-18.03029,-18.03023,-18.03016,-18.03008,-18.03,-18.0299,-18.0298,-18.02969,-18.02956,-18.02943,-18.02929,-18.02913,-18.02897,-18.02879,-18.02861,-18.02841,-18.0282,-18.02799,-18.02775,-18.02751,-18.02726,-18.02699,-18.02671,-18.02641,-18.02611,-18.02579,-18.02545,-18.02512,-18.02482
1410,-18.03044,-18.03075,-18.03091,-18.03106,-18.03121,-18.03136,-18.0315,-18.03163,-18.03176,-18.03189,-18.03202,-18.03213,-18.03225,-18.03235,-18.03246,-18.03255,-18.03265,-18.03273,-18.03281,-18.03289,-18.03296,-18.03302,-18.03308,-18.03313,-18.03317,-18.03321,-18.03324,-18.03326,-18.03328,-18.03328,-18.03328,-18.03328,-18.03326,-18.03324,-18.03321,-18.03317,-18.03313,-18.03307,-18.03301,-18.03294,-18.03285,-18.03276,-18.03266,-18.03255,-18.03243,-18.0323,-18.03216,-18.03201,-18.03184,-18.03167,-18.03149,-18.03129,-18.03109,-18.03087,-18.03064,-18.03039,-18.03014,-18.02987,-18.0296,-18.02936
1420,-18.0322,-18.03253,-18.03271,-18.03289,-18.03307,-18.03324,-18.03341,-18.03358,-18.03374,-18.03389,-18.03405,-18.03419,-18.03434,-18.03448,-18.03461,-18.03474,-18.03487,-18.03498,-18.0351,-18.03521,-18.03531,-18.03541,-18.0355,-18.03559,-18.03567,-18.03574,-18.03581,-18.03587,-18.03593,-18.03598,-18.03602,-18.03606,-18.03608,-18.0361,-18.03612,-18.03612,-18.03612,-18.03611,-18.03609,-18.03607,-18.03603,-18.03599,-18.03594,-18.03588,-18.03581,-18.03573,-18.03564,-18.03554,-18.03543,-18.03532,-18.03519,-18.03505,-18.0349,-18.03474,-18.03457,-18.03439,-18.03419,-18.03399,-18.03378,-18.03359
1430,-18.03382,-18.03418,-18.03438,-18.03458,-18.03479,-18.03498,-18.03518,-18.03537,-18.03556,-18.03574,-18.03592,-18.0361,-18.03627,-18.03644,-18.0366,-18.03676,-18.03692,-18.03707,-18.03721,-18.03735,-18.03749,-18.03762,-18.03775,-18.03787,-18.03798,-18.03809,-18.0382,-18.0383,-18.03839,-18.03847,-18.03855,-18.03863,-18.0387,-18.03876,-18.03881,-18.03886,-18.0389,-18.03893,-18.03896,-18.03897,-18.03899,-18.03899,-18.03898,-18.03897,-18.03895,-18.03892,-18.03888,-18.03883,-18.03877,-18.0387,-18.03863,-18.03854,-18.03845,-18.03834,-18.03822,-18.0381,-18.03796,-18.03782,-18.03766,-18.03752
1440,-18.03531,-18.03569,-18.03591,-18.03614,-18.03636,-18.03658,-18.0368,-18.03702,-18.03723,-18.03744,-18.03765,-18.03785,-18.03805,-18.03824,-18.03843,-18.03862,-18.03881,-18.03899,-18.03916,-18.03933,-18.0395,-18.03966,-18.03982,-18.03997,-18.04012,-18.04026,-18.0404,-18.04053,-18.04066,-18.04078,-18.0409,-18.04101,-18.04111,-18.04121,-18.0413,-18.04139,-18.04147,-18.04154,-18.04161,-18.04167,-18.04172,-18.04176,-18.0418,-18.04183,-18.04185,-18.04187,-18.04188,-18.04187,-18.04186,-18.04185,-18.04182,-18.04178,-18.04174,-18.04168,-18.04162,-18.04155,-18.04146,-18.04137,-18.04127,-18.04118
1450,-18.03668,-18.03707,-18.03732,-18.03756,-18.03781,-18.03805,-18.0383,-18.03853,-18.03877,-18.039,-18.03923,-18.03946,-18.03968,-18.0399,-18.04012,-18.04033,-18.04054,-18.04075,-18.04095,-18.04115,-18.04135,-18.04154,-18.04173,-18.04191,-18.04209,-18.04226,-18.04243,-18.04259,-18.04275,-18.04291,-18.04306,-18.0432,-18.04334,-18.04347,-18.0436,-18.04372,-18.04384,-18.04395,-18.04405,-18.04415,-18.04424,-18.04433,-18.04441,-18.04448,-18.04454,-18.0446,-18.04465,-18.04469,-18.04473,-18.04475,-18.04477,-18.04478,-18.04479,-18.04478,-18.04477,-18.04474,-18.04471,-18.04467,-18.04462,-18.04457
1460,-18.03793,-18.03834,-18.0386,-18.03887,-18.03914,-18.0394,-18.03966,-18.03992,-18.04018,-18.04043,-18.04069,-18.04093,-18.04118,-18.04143,-18.04167,-18.0419,-18.04214,-18.04237,-18.0426,-18.04282,-18.04305,-18.04326,-18.04348,-18.04369,-18.04389,-18.0441,-18.04429,-18.04449,-18.04468,-18.04486,-18.04504,-18.04522,-18.04539,-18.04556,-18.04572,-18.04588,-18.04603,-18.04617,-18.04631,-18.04645,-18.04657,-18.0467,-18.04681,-18.04692,-18.04703,-18.04712,-18.04721,-18.0473,-18.04737,-18.04744,-18.04751,-18.04756,-18.04761,-18.04765,-18.04768,-18.0477,-18.04772,-18.04772,-18.04772,-18.04772
1470,-18.03907,-18.03949,-18.03977,-18.04006,-18.04034,-18.04063,-18.04091,-18.04119,-18.04146,-18.04174,-18.04201,-18.04228,-18.04255,-18.04282,-18.04308,-18.04334,-18.0436,-18.04385,-18.0441,-18.04435,-18.0446,-18.04484,-18.04508,-18.04532,-18.04555,-18.04578,-18.04601,-18.04623,-18.04645,-18.04666,-18.04687,-18.04707,-18.04728,-18.04747,-18.04767,-18.04785,-18.04804,-18.04821,-18.04839,-18.04856,-18.04872,-18.04888,-18.04903,-18.04917,-18.04931,-18.04945,-18.04958,-18.0497,-18.04981,-18.04992,-18.05003,-18.05012,-18.05021,-18.05029,-18.05037,-18.05043,-18.05049,-18.05054,-18.05059,-18.05062
1480,-18.0401,-18.04054,-18.04084,-18.04114,-18.04144,-18.04174,-18.04204,-18.04234,-18.04263,-18.04293,-18.04322,-18.04351,-18.0438,-18.04408,-18.04437,-18.04465,-18.04493,-18.0452,-18.04548,-18.04575,-18.04602,-18.04628,-18.04655,-18.04681,-18.04707,-18.04732,-18.04757,-18.04782,-18.04806,-18.0483,-18.04854,-18.04877,-18.049,-18.04923,-18.04945,-18.04967,-18.04988,-18.05009,-18.05029,-18.05049,-18.05069,-18.05088,-18.05106,-18.05124,-18.05141,-18.05158,-18.05175,-18.05191,-18.05206,-18.0522,-18.05234,-18.05248,-18.05261,-18.05273,-18.05284,-18.05295,-18.05305,-18.05315,-18.05323,-18.0533
1490,-18.04104,-18.04148,-18.0418,-18.04212,-18.04243,-18.04275,-18.04307,-18.04338,-18.04369,-18.044,-18.04431,-18.04462,-18.04493,-18.04523,-18.04554,-18.04584,-18.04614,-18.04643,-18.04673,-18.04702,-18.04731,-18.0476,-18.04788,-18.04816,-18.04844,-18.04872,-18.049,-18.04927,-18.04954,-18.0498,-18.05006,-18.05032,-18.05058,-18.05083,-18.05108,-18.05132,-18.05156,-18.0518,-18.05203,-18.05226,-18.05249,-18.05271,-18.05292,-18.05313,-18.05334,-18.05354,-18.05374,-18.05393,-18.05412,-18.0543,-18.05447,-18.05464,-18.05481,-18.05497,-18.05512,-18.05526,-18.0554,-18.05554,-18.05566,-18.05577
1500,-18.04188,-18.04234,-18.04266,-18.043,-18.04333,-18.04366,-18.04399,-18.04432,-18.04465,-18.04498,-18.0453,-18.04563,-18.04595,-18.04627,-18.04659,-18.04691,-18.04723,-18.04754,-18.04786,-18.04817,-18.04848,-18.04878,-18.04909,-18.04939,-18.04969,-18.04999,-18.05029,-18.05058,-18.05087,-18.05116,-18.05145,-18.05173,-18.05201,-18.05229,-18.05256,-18.05283,-18.0531,-18.05336,-18.05362,-18.05388,-18.05413,-18.05438,-18.05462,-18.05486,-18.0551,-18.05533,-18.05556,-18.05578,-18.056,-18.05621,-18.05642,-18.05663,-18.05682,-18.05702,-18.0572,-18.05739,-18.05756,-18.05773,-18.05789,-18.05803
1510,-18.04263,-18.0431,-18.04344,-18.04378,-18.04413,-18.04447,-18.04482,-18.04516,-18.04551,-18.04585,-18.04619,-18.04653,-18.04687,-18.0472,-18.04754,-18.04788,-18.04821,-18.04854,-18.04887,-18.0492,-18.04953,-18.04986,-18.05018,-18.0505,-18.05082,-18.05114,-18.05146,-18.05177,-18.05208,-18.05239,-18.0527,-18.05301,-18.05331,-18.05361,-18.0539,-18.0542,-18.05449,-18.05478,-18.05506,-18.05534,-18.05562,-18.0559,-18.05617,-18.05644,-18.0567,-18.05696,-18.05722,-18.05747,-18.05772,-18.05796,-18.0582,-18.05843,-18.05866,-18.05889,-18.05911,-18.05933,-18.05954,-18.05974,-18.05994,-18.0601
1520,-18.0433,-18.04377,-18.04412,-18.04448,-18.04484,-18.0452,-18.04556,-18.04591,-18.04627,-18.04662,-18.04698,-18.04733,-18.04769,-18.04804,-18.04839,-18.04874,-18.04909,-18.04944,-18.04979,-18.05013,-18.05048,-18.05082,-18.05116,-18.0515,-18.05184,-18.05218,-18.05251,-18.05284,-18.05317,-18.0535,-18.05383,-18.05416,-18.05448,-18.0548,-18.05512,-18.05543,-18.05575,-18.05606,-18.05637,-18.05667,-18.05697,-18.05727,-18.05757,-18.05786,-18.05815,-18.05844,-18.05872,-18.059,-18.05928,-18.05955,-18.05982,-18.06008,-18.06034,-18.06059,-18.06085,-18.06109,-18.06133,-18.06157,-18.0618,-18.06199
1530,-18.04389,-18.04437,-18.04473,-18.0451,-18.04547,-18.04584,-18.04621,-18.04658,-18.04695,-18.04731,-18.04768,-18.04805,-18.04841,-18.04878,-18.04914,-18.04951,-18.04987,-18.05024,-18.0506,-18.05096,-18.05132,-18.05168,-18.05203,-18.05239,-18.05274,-18.0531,-18.05345,-18.0538,-18.05415,-18.0545,-18.05484,-18.05519,-18.05553,-18.05587,-18.05621,-18.05654,-18.05688,-18.05721,-18.05754,-18.05787,-18.05819,-18.05851,-18.05883,-18.05915,-18.05946,-18.05977,-18.06008,-18.06039,-18.06069,-18.06098,-18.06128,-18.06157,-18.06186,-18.06214,-18.06242,-18.0627,-18.06297,-18.06323,-18.06349,-18.06371
1540,-18.0444,-18.04489,-18.04526,-18.04564,-18.04602,-18.0464,-18.04678,-18.04716,-18.04754,-18.04792,-18.0483,-18.04868,-18.04905,-18.04943,-18.04981,-18.05019,-18.05056,-18.05094,-18.05131,-18.05169,-18.05206,-18.05244,-18.05281,-18.05318,-18.05355,-18.05392,-18.05429,-18.05465,-18.05502,-18.05538,-18.05575,-18.05611,-18.05647,-18.05683,-18.05718,-18.05754,-18.05789,-18.05824,-18.05859,-18.05894,-18.05928,-18.05963,-18.05997,-18.0603,-18.06064,-18.06097,-18.0613,-18.06163,-18.06196,-18.06228,-18.0626,-18.06291,-18.06323,-18.06354,-18.06384,-18.06414,-18.06444,-18.06474,-18.06502,-18.06526
1550,-18.04485,-18.04534,-18.04572,-18.04611,-18.0465,-18.04689,-18.04727,-18.04766,-18.04805,-18.04844,-18.04883,-18.04922,-18.04961,-18.05,-18.05039,-18.05078,-18.05117,-18.05155,-18.05194,-18.05233,-18.05272,-18.0531,-18.05349,-18.05387,-18.05426,-18.05464,-18.05502,-18.0554,-18.05578,-18.05616,-18.05654,-18.05692,-18.0573,-18.05767,-18.05804,-18.05842,-18.05879,-18.05916,-18.05952,-18.05989,-18.06025,-18.06062,-18.06098,-18.06134,-18.06169,-18.06205,-18.0624,-18.06275,-18.06309,-18.06344,-18.06378,-18.06412,-18.06446,-18.06479,-18.06512,-18.06545,-18.06577,-18.06609,-18.0664,-18.06666
1560,-18.04522,-18.04572,-18.04611,-18.04651,-18.0469,-18.0473,-18.0477,-18.0481,-18.04849,-18.04889,-18.04929,-18.04969,-18.05009,-18.05049,-18.05089,-18.05129,-18.05169,-18.05209,-18.05248,-18.05288,-18.05328,-18.05368,-18.05408,-18.05448,-18.05487,-18.05527,-18.05566,-18.05606,-18.05645,-18.05685,-18.05724,-18.05763,-18.05802,-18.05841,-18.0588,-18.05919,-18.05958,-18.05996,-18.06035,-18.06073,-18.06111,-18.06149,-18.06187,-18.06225,-18.06262,-18.063,-18.06337,-18.06374,-18.0641,-18.06447,-18.06483,-18.06519,-18.06555,-18.06591,-18.06626,-18.06661,-18.06696,-18.0673,-18.06764,-18.06792
1570,-18.04554,-18.04604,-18.04643,-18.04684,-18.04724,-18.04765,-18.04805,-18.04846,-18.04887,-18.04927,-18.04968,-18.05009,-18.0505,-18.0509,-18.05131,-18.05172,-18.05213,-18.05254,-18.05295,-18.05336,-18.05377,-18.05418,-18.05458,-18.05499,-18.0554,-18.05581,-18.05622,-18.05663,-18.05703,-18.05744,-18.05785,-18.05825,-18.05866,-18.05906,-18.05946,-18.05987,-18.06027,-18.06067,-18.06107,-18.06147,-18.06186,-18.06226,-18.06266,-18.06305,-18.06344,-18.06383,-18.06422,-18.06461,-18.065,-18.06538,-18.06576,-18.06614,-18.06652,-18.0669,-18.06727,-18.06764,-18.06801,-18.06838,-18.06873,-18.06904
1580,-18.04579,-18.0463,-18.0467,-18.04711,-18.04752,-18.04793,-18.04834,-18.04876,-18.04917,-18.04959,-18.05,-18.05042,-18.05083,-18.05125,-18.05167,-18.05208,-18.0525,-18.05292,-18.05334,-18.05376,-18.05417,-18.05459,-18.05501,-18.05543,-18.05585,-18.05627,-18.05669,-18.05711,-18.05753,-18.05794,-18.05836,-18.05878,-18.0592,-18.05961,-18.06003,-18.06045,-18.06086,-18.06128,-18.06169,-18.0621,-18.06252,-18.06293,-18.06334,-18.06375,-18.06416,-18.06456,-18.06497,-18.06537,-18.06578,-18.06618,-18.06658,-18.06698,-18.06737,-18.06777,-18.06816,-18.06856,-18.06894,-18.06933,-18.06971,-18.07003
1590,-18.04599,-18.0465,-18.04691,-18.04732,-18.04774,-18.04816,-18.04858,-18.049,-18.04942,-18.04984,-18.05026,-18.05068,-18.0511,-18.05153,-18.05195,-18.05238,-18.0528,-18.05323,-18.05366,-18.05408,-18.05451,-18.05494,-18.05537,-18.05579,-18.05622,-18.05665,-18.05708,-18.05751,-18.05794,-18.05837,-18.0588,-18.05923,-18.05965,-18.06008,-18.06051,-18.06094,-18.06137,-18.06179,-18.06222,-18.06265,-18.06307,-18.0635,-18.06392,-18.06435,-18.06477,-18.06519,-18.06561,-18.06603,-18.06645,-18.06687,-18.06729,-18.0677,-18.06812,-18.06853,-18.06894,-18.06935,-18.06976,-18.07016,-18.07056,-18.07089
1600,-18.04614,-18.04665,-18.04706,-18.04748,-18.0479,-18.04833,-18.04875,-18.04918,-18.0496,-18.05003,-18.05046,-18.05089,-18.05132,-18.05175,-18.05218,-18.05261,-18.05304,-18.05347,-18.05391,-18.05434,-18.05478,-18.05521,-18.05565,-18.05609,-18.05652,-18.05696,-18.0574,-18.05784,-18.05827,-18.05871,-18.05915,-18.05959,-18.06003,-18.06047,-18.06091,-18.06135,-18.06179,-18.06222,-18.06266,-18.0631,-18.06354,-18.06398,-18.06441,-18.06485,-18.06529,-18.06572,-18.06616,-18.06659,-18.06703,-18.06746,-18.06789,-18.06832,-18.06875,-18.06918,-18.06961,-18.07003,-18.07046,-18.07088,-18.07129,-18.07164
1610,-18.04624,-18.04675,-18.04716,-18.04759,-18.04802,-18.04844,-18.04887,-18.0493,-18.04973,-18.05017,-18.0506,-18.05103,-18.05147,-18.0519,-18.05234,-18.05278,-18.05322,-18.05366,-18.0541,-18.05454,-18.05498,-18.05542,-18.05587,-18.05631,-18.05676,-18.0572,-18.05765,-18.05809,-18.05854,-18.05899,-18.05943,-18.05988,-18.06033,-18.06078,-18.06123,-18.06168,-18.06213,-18.06257,-18.06302,-18.06347,-18.06392,-18.06437,-18.06482,-18.06527,-18.06572,-18.06616,-18.06661,-18.06706,-18.06751,-18.06795,-18.0684,-18.06884,-18.06929,-18.06973,-18.07017,-18.07061,-18.07105,-18.07149,-18.07192,-18.07229
1620,-18.04629,-18.0468,-18.04722,-18.04765,-18.04808,-18.04851,-18.04894,-18.04938,-18.04981,-18.05025,-18.05069,-18.05113,-18.05157,-18.05201,-18.05245,-18.05289,-18.05334,-18.05378,-18.05423,-18.05468,-18.05512,-18.05557,-18.05602,-18.05647,-18.05692,-18.05738,-18.05783,-18.05828,-18.05874,-18.05919,-18.05965,-18.0601,-18.06056,-18.06102,-18.06147,-18.06193,-18.06239,-18.06285,-18.06331,-18.06377,-18.06423,-18.06468,-18.06514,-18.0656,-18.06606,-18.06652,-18.06698,-18.06744,-18.0679,-18.06836,-18.06881,-18.06927,-18.06973,-18.07019,-18.07064,-18.0711,-18.07155,-18.072,-18.07244,-18.07282
1630,-18.04629,-18.04681,-18.04723,-18.04766,-18.0481,-18.04853,-18.04897,-18.04941,-18.04985,-18.05029,-18.05073,-18.05117,-18.05161,-18.05206,-18.05251,-18.05295,-18.0534,-18.05385,-18.0543,-18.05476,-18.05521,-18.05566,-18.05612,-18.05658,-18.05703,-18.05749,-18.05795,-18.05841,-18.05887,-18.05933,-18.0598,-18.06026,-18.06072,-18.06119,-18.06165,-18.06212,-18.06258,-18.06305,-18.06352,-18.06399,-18.06445,-18.06492,-18.06539,-18.06586,-18.06633,-18.0668,-18.06727,-18.06774,-18.06821,-18.06868,-18.06914,-18.06961,-18.07008,-18.07055,-18.07102,-18.07149,-18.07196,-18.07242,-18.07288,-18.07327
1640,-18.04626,-18.04678,-18.0472,-18.04764,-18.04807,-18.04851,-18.04895,-18.04939,-18.04983,-18.05028,-18.05072,-18.05117,-18.05161,-18.05206,-18.05251,-18.05297,-18.05342,-18.05387,-18.05433,-18.05478,-18.05524,-18.0557,-18.05616,-18.05662,-18.05709,-18.05755,-18.05801,-18.05848,-18.05895,-18.05941,-18.05988,-18.06035,-18.06082,-18.06129,-18.06177,-18.06224,-18.06271,-18.06319,-18.06366,-18.06414,-18.06461,-18.06509,-18.06557,-18.06604,-18.06652,-18.067,-18.06748,-18.06796,-18.06844,-18.06892,-18.06939,-18.06987,-18.07035,-18.07083,-18.07131,-18.07179,-18.07227,-18.07275,-18.07322,-18.07362
1650,-18.04619,-18.04671,-18.04713,-18.04757,-18.04801,-18.04845,-18.04889,-18.04933,-18.04978,-18.05022,-18.05067,-18.05112,-18.05157,-18.05202,-18.05247,-18.05293,-18.05339,-18.05384,-18.0543,-18.05476,-18.05523,-18.05569,-18.05615,-18.05662,-18.05709,-18.05755,-18.05802,-18.05849,-18.05897,-18.05944,-18.05991,-18.06039,-18.06086,-18.06134,-18.06182,-18.0623,-18.06278,-18.06326,-18.06374,-18.06422,-18.0647,-18.06519,-18.06567,-18.06616,-18.06664,-18.06713,-18.06762,-18.0681,-18.06859,-18.06908,-18.06957,-18.07006,-18.07055,-18.07104,-18.07153,-18.07202,-18.07251,-18.07299,-18.07347,-18.07388
1660,-18.04609,-18.0466,-18.04703,-18.04747,-18.04791,-18.04835,-18.04879,-18.04923,-18.04968,-18.05013,-18.05058,-18.05103,-18.05148,-18.05194,-18.05239,-18.05285,-18.05331,-18.05377,-18.05423,-18.0547,-18.05516,-18.05563,-18.0561,-18.05657,-18.05704,-18.05751,-18.05798,-18.05846,-18.05893,-18.05941,-18.05989,-18.06037,-18.06085,-18.06133,-18.06181,-18.0623,-18.06278,-18.06327,-18.06376,-18.06425,-18.06473,-18.06523,-18.06572,-18.06621,-18.0667,-18.06719,-18.06769,-18.06818,-18.06868,-18.06918,-18.06967,-18.07017,-18.07067,-18.07117,-18.07166,-18.07216,-18.07266,-18.07316,-18.07365,-18.07406
1670,-18.04595,-18.04646,-18.04689,-18.04733,-18.04777,-18.04821,-18.04865,-18.0491,-18.04955,-18.05,-18.05045,-18.0509,-18.05136,-18.05181,-18.05227,-18.05273,-18.05319,-18.05366,-18.05412,-18.05459,-18.05505,-18.05552,-18.05599,-18.05647,-18.05694,-18.05742,-18.05789,-18.05837,-18.05885,-18.05933,-18.05981,-18.0603,-18.06078,-18.06127,-18.06176,-18.06225,-18.06274,-18.06323,-18.06372,-18.06421,-18.06471,-18.0652,-18.0657,-18.0662,-18.0667,-18.0672,-18.0677,-18.0682,-18.0687,-18.0692,-18.06971,-18.07021,-18.07072,-18.07122,-18.07173,-18.07224,-18.07275,-18.07325,-18.07375,-18.07417
1680,-18.04578,-18.04629,-18.04672,-18.04716,-18.0476,-18.04804,-18.04849,-18.04893,-18.04938,-18.04983,-18.05028,-18.05074,-18.05119,-18.05165,-18.05211,-18.05257,-18.05304,-18.0535,-18.05397,-18.05443,-18.0549,-18.05538,-18.05585,-18.05632,-18.0568,-18.05728,-18.05776,-18.05824,-18.05872,-18.05921,-18.05969,-18.06018,-18.06067,-18.06116,-18.06165,-18.06214,-18.06264,-18.06313,-18.06363,-18.06413,-18.06463,-18.06513,-18.06563,-18.06613,-18.06663,-18.06714,-18.06765,-18.06815,-18.06866,-18.06917,-18.06968,-18.07019,-18.0707,-18.07122,-18.07173,-18.07225,-18.07276,-18.07327,-18.07378,-18.07421
1690,-18.04558,-18.04609,-18.04651,-18.04695,-18.0474,-18.04784,-18.04828,-18.04873,-18.04918,-18.04963,-18.05009,-18.05054,-18.051,-18.05146,-18.05192,-18.05238,-18.05284,-18.05331,-18.05378,-18.05425,-18.05472,-18.05519,-18.05567,-18.05614,-18.05662,-18.0571,-18.05758,-18.05807,-18.05855,-18.05904,-18.05953,-18.06002,-18.06051,-18.061,-18.06149,-18.06199,-18.06249,-18.06299,-18.06349,-18.06399,-18.06449,-18.065,-18.0655,-18.06601,-18.06652,-18.06703,-18.06754,-18.06805,-18.06857,-18.06908,-18.0696,-18.07011,-18.07063,-18.07115,-18.07167,-18.07219,-18.07271,-18.07323,-18.07374,-18.07418
1700,-18.04535,-18.04586,-18.04629,-18.04672,-18.04717,-18.04761,-18.04805,-18.0485,-18.04895,-18.0494,-18.04986,-18.05031,-18.05077,-18.05123,-18.05169,-18.05215,-18.05262,-18.05308,-18.05355,-18.05402,-18.05449,-18.05497,-18.05544,-18.05592,-18.0564,-18.05688,-18.05737,-18.05785,-18.05834,-18.05883,-18.05932,-18.05981,-18.0603,-18.0608,-18.0613,-18.06179,-18.0623,-18.0628,-18.0633,-18.06381,-18.06431,-18.06482,-18.06533,-18.06584,-18.06635,-18.06687,-18.06738,-18.0679,-18.06842,-18.06894,-18.06946,-18.06998,-18.0705,-18.07102,-18.07155,-18.07208,-18.0726,-18.07313,-18.07364,-18.07409
1710,-18.0451,-18.0456,-18.04603,-18.04647,-18.04691,-18.04735,-18.0478,-18.04824,-18.04869,-18.04914,-18.0496,-18.05005,-18.05051,-18.05097,-18.05143,-18.05189,-18.05236,-18.05283,-18.05329,-18.05377,-18.05424,-18.05471,-18.05519,-18.05567,-18.05615,-18.05663,-18.05712,-18.0576,-18.05809,-18.05858,-18.05907,-18.05957,-18.06006,-18.06056,-18.06106,-18.06156,-18.06206,-18.06256,-18.06307,-18.06358,-18.06409,-18.0646,-18.06511,-18.06562,-18.06614,-18.06666,-18.06717,-18.06769,-18.06822,-18.06874,-18.06926,-18.06979,-18.07032,-18.07084,-18.07137,-18.07191,-18.07244,-18.07297,-18.07349,-18.07394
1720,-18.04482,-18.04533,-18.04575,-18.04619,-18.04663,-18.04707,-18.04751,-18.04796,-18.04841,-18.04886,-18.04931,-18.04977,-18.05022,-18.05068,-18.05114,-18.05161,-18.05207,-18.05254,-18.05301,-18.05348,-18.05395,-18.05443,-18.0549,-18.05538,-18.05586,-18.05635,-18.05683,-18.05732,-18.05781,-18.0583,-18.05879,-18.05929,-18.05978,-18.06028,-18.06078,-18.06128,-18.06179,-18.06229,-18.0628,-18.06331,-18.06382,-18.06433,-18.06485,-18.06536,-18.06588,-18.0664,-18.06692,-18.06745,-18.06797,-18.0685,-18.06902,-18.06955,-18.07008,-18.07062,-18.07115,-18.07168,-18.07222,-18.07276,-18.07328,-18.07373
1730,-18.04453,-18.04503,-18.04545,-18.04589,-18.04633,-18.04677,-18.04721,-18.04765,-18.0481,-18.04855,-18.049,-18.04946,-18.04991,-18.05037,-18.05083,-18.05129,-18.05176,-18.05222,-18.05269,-18.05316,-18.05363,-18.05411,-18.05459,-18.05507,-18.05555,-18.05603,-18.05651,-18.057,-18.05749,-18.05798,-18.05848,-18.05897,-18.05947,-18.05997,-18.06047,-18.06097,-18.06148,-18.06198,-18.06249,-18.063,-18.06351,-18.06403,-18.06455,-18.06506,-18.06558,-18.0661,-18.06663,-18.06715,-18.06768,-18.06821,-18.06874,-18.06927,-18.0698,-18.07034,-18.07088,-18.07141,-18.07195,-18.07249,-18.07302,-18.07348
1740,-18.04421,-18.04471,-18.04513,-18.04556,-18.046,-18.04644,-18.04688,-18.04732,-18.04777,-18.04822,-18.04867,-18.04912,-18.04958,-18.05003,-18.05049,-18.05095,-18.05142,-18.05188,-18.05235,-18.05282,-18.05329,-18.05377,-18.05424,-18.05472,-18.0552,-18.05568,-18.05617,-18.05666,-18.05714,-18.05764,-18.05813,-18.05862,-18.05912,-18.05962,-18.06012,-18.06063,-18.06113,-18.06164,-18.06215,-18.06266,-18.06317,-18.06369,-18.06421,-18.06472,-18.06525,-18.06577,-18.06629,-18.06682,-18.06735,-18.06788,-18.06841,-18.06895,-18.06948,-18.07002,-18.07056,-18.0711,-18.07164,-18.07218,-18.07271,-18.07317
1750,-18.04387,-18.04437,-18.04479,-18.04522,-18.04566,-18.04609,-18.04653,-18.04697,-18.04742,-18.04787,-18.04831,-18.04876,-18.04922,-18.04967,-18.05013,-18.05059,-18.05105,-18.05152,-18.05198,-18.05245,-18.05292,-18.0534,-18.05387,-18.05435,-18.05483,-18.05531,-18.0558,-18.05628,-18.05677,-18.05726,-18.05775,-18.05825,-18.05875,-18.05925,-18.05975,-18.06025,-18.06076,-18.06126,-18.06177,-18.06228,-18.0628,-18.06331,-18.06383,-18.06435,-18.06487,-18.0654,-18.06592,-18.06645,-18.06698,-18.06751,-18.06805,-18.06858,-18.06912,-18.06966,-18.0702,-18.07074,-18.07129,-18.07183,-18.07236,-18.07282
1760,-18.04352,-18.04401,-18.04443,-18.04486,-18.04529,-18.04573,-18.04617,-18.04661,-18.04705,-18.04749,-18.04794,-18.04839,-18.04884,-18.04929,-18.04975,-18.05021,-18.05067,-18.05113,-18.0516,-18.05206,-18.05253,-18.05301,-18.05348,-18.05396,-18.05443,-18.05492,-18.0554,-18.05588,-18.05637,-18.05686,-18.05735,-18.05785,-18.05834,-18.05884,-18.05934,-18.05985,-18.06035,-18.06086,-18.06137,-18.06188,-18.06239,-18.06291,-18.06343,-18.06395,-18.06447,-18.06499,-18.06552,-18.06605,-18.06658,-18.06711,-18.06764,-18.06818,-18.06872,-18.06926,-18.0698,-18.07034,-18.07089,-18.07144,-18.07197,-18.07243
1770,-18.04315,-18.04364,-18.04405,-18.04448,-18.04491,-18.04535,-18.04578,-18.04622,-18.04666,-18.0471,-18.04755,-18.04799,-18.04844,-18.04889,-18.04935,-18.04981,-18.05026,-18.05072,-18.05119,-18.05165,-18.05212,-18.05259,-18.05306,-18.05354,-18.05402,-18.0545,-18.05498,-18.05546,-18.05595,-18.05644,-18.05693,-18.05742,-18.05791,-18.05841,-18.05891,-18.05941,-18.05992,-18.06042,-18.06093,-18.06144,-18.06196,-18.06247,-18.06299,-18.06351,-18.06403,-18.06456,-18.06508,-18.06561,-18.06614,-18.06667,-18.06721,-18.06774,-18.06828,-18.06882,-18.06937,-18.06991,-18.07046,-18.071,-18.07154,-18.072
1780,-18.04277,-18.04325,-18.04366,-18.04409,-18.04452,-18.04495,-18.04538,-18.04582,-18.04626,-18.0467,-18.04714,-18.04758,-18.04803,-18.04848,-18.04893,-18.04938,-18.04984,-18.0503,-18.05076,-18.05122,-18.05169,-18.05216,-18.05263,-18.0531,-18.05358,-18.05405,-18.05453,-18.05502,-18.0555,-18.05599,-18.05648,-18.05697,-18.05746,-18.05796,-18.05846,-18.05896,-18.05946,-18.05997,-18.06047,-18.06098,-18.0615,-18.06201,-18.06253,-18.06305,-18.06357,-18.06409,-18.06462,-18.06514,-18.06567,-18.06621,-18.06674,-18.06728,-18.06782,-18.06836,-18.0689,-18.06945,-18.06999,-18.07054,-18.07108,-18.07154
1790,-18.04237,-18.04285,-18.04326,-18.04368,-18.04411,-18.04454,-18.04497,-18.0454,-18.04584,-18.04627,-18.04671,-18.04716,-18.0476,-18.04805,-18.0485,-18.04895,-18.0494,-18.04986,-18.05032,-18.05078,-18.05124,-18.05171,-18.05218,-18.05265,-18.05312,-18.05359,-18.05407,-18.05455,-18.05503,-18.05552,-18.05601,-18.0565,-18.05699,-18.05748,-18.05798,-18.05848,-18.05898,-18.05948,-18.05999,-18.0605,-18.06101,-18.06152,-18.06204,-18.06256,-18.06308,-18.0636,-18.06412,-18.06465,-18.06518,-18.06571,-18.06625,-18.06678,-18.06732,-18.06786,-18.0684,-18.06895,-18.06949,-18.07004,-18.07058,-18.07104
1800,-18.04196,-18.04244,-18.04285,-18.04327,-18.04369,-18.04411,-18.04454,-18.04497,-18.0454,-18.04584,-18.04627,-18.04671,-18.04716,-18.0476,-18.04805,-18.04849,-18.04895,-18.0494,-18.04986,-18.05031,-18.05078,-18.05124,-18.0517,-18.05217,-18.05264,-18.05312,-18.05359,-18.05407,-18.05455,-18.05503,-18.05552,-18.05601,-18.0565,-18.05699,-18.05748,-18.05798,-18.05848,-18.05898,-18.05949,-18.05999,-18.0605,-18.06101,-18.06153,-18.06204,-18.06256,-18.06308,-18.06361,-18.06413,-18.06466,-18.06519,-18.06572,-18.06626,-18.0668,-18.06734,-18.06788,-18.06842,-18.06897,-18.06951,-18.07005,-18.07051
1810,-18.04155,-18.04201,-18.04242,-18.04284,-18.04326,-18.04368,-18.0441,-18.04453,-18.04496,-18.04539,-18.04582,-18.04626,-18.0467,-18.04714,-18.04758,-18.04803,-18.04848,-18.04893,-18.04938,-18.04984,-18.05029,-18.05076,-18.05122,-18.05168,-18.05215,-18.05262,-18.0531,-18.05357,-18.05405,-18.05453,-18.05501,-18.0555,-18.05598,-18.05647,-18.05697,-18.05746,-18.05796,-18.05846,-18.05896,-18.05947,-18.05997,-18.06048,-18.06099,-18.06151,-18.06203,-18.06254,-18.06307,-18.06359,-18.06412,-18.06465,-18.06518,-18.06571,-18.06625,-18.06679,-18.06733,-18.06787,-18.06841,-18.06896,-18.06949,-18.06996
1820,-18.04112,-18.04158,-18.04198,-18.0424,-18.04281,-18.04323,-18.04365,-18.04408,-18.0445,-18.04493,-18.04536,-18.04579,-18.04623,-18.04667,-18.04711,-18.04755,-18.04799,-18.04844,-18.04889,-18.04935,-18.0498,-18.05026,-18.05072,-18.05118,-18.05165,-18.05211,-18.05258,-18.05306,-18.05353,-18.05401,-18.05449,-18.05497,-18.05546,-18.05594,-18.05643,-18.05693,-18.05742,-18.05792,-18.05842,-18.05892,-18.05942,-18.05993,-18.06044,-18.06095,-18.06147,-18.06199,-18.06251,-18.06303,-18.06355,-18.06408,-18.06461,-18.06514,-18.06567,-18.06621,-18.06675,-18.06729,-18.06784,-18.06838,-18.06891,-18.06937
1830,-18.04068,-18.04114,-18.04154,-18.04195,-18.04236,-18.04278,-18.04319,-18.04361,-18.04403,-18.04446,-18.04489,-18.04532,-18.04575,-18.04618,-18.04662,-18.04706,-18.0475,-18.04795,-18.04839,-18.04884,-18.04929,-18.04975,-18.05021,-18.05066,-18.05113,-18.05159,-18.05206,-18.05253,-18.053,-18.05347,-18.05395,-18.05443,-18.05491,-18.0554,-18.05588,-18.05637,-18.05687,-18.05736,-18.05786,-18.05836,-18.05886,-18.05936,-18.05987,-18.06038,-18.06089,-18.06141,-18.06192,-18.06244,-18.06297,-18.06349,-18.06402,-18.06455,-18.06508,-18.06562,-18.06615,-18.06669,-18.06723,-18.06778,-18.06831,-18.06877
1840,-18.04023,-18.04069,-18.04108,-18.04149,-18.0419,-18.04231,-18.04272,-18.04314,-18.04356,-18.04398,-18.0444,-18.04483,-18.04526,-18.04569,-18.04612,-18.04656,-18.047,-18.04744,-18.04788,-18.04833,-18.04878,-18.04923,-18.04968,-18.05014,-18.0506,-18.05106,-18.05152,-18.05199,-18.05246,-18.05293,-18.0534,-18.05388,-18.05436,-18.05484,-18.05532,-18.05581,-18.0563,-18.05679,-18.05728,-18.05778,-18.05828,-18.05878,-18.05928,-18.05979,-18.0603,-18.06081,-18.06133,-18.06184,-18.06236,-18.06289,-18.06341,-18.06394,-18.06447,-18.065,-18.06554,-18.06607,-18.06661,-18.06715,-18.06768,-18.06814
1850,-18.03978,-18.04023,-18.04062,-18.04103,-18.04143,-18.04184,-18.04225,-18.04266,-18.04308,-18.04349,-18.04391,-18.04434,-18.04476,-18.04519,-18.04562,-18.04605,-18.04648,-18.04692,-18.04736,-18.0478,-18.04825,-18.0487,-18.04915,-18.0496,-18.05005,-18.05051,-18.05097,-18.05143,-18.0519,-18.05237,-18.05284,-18.05331,-18.05379,-18.05426,-18.05474,-18.05523,-18.05571,-18.0562,-18.05669,-18.05719,-18.05768,-18.05818,-18.05868,-18.05919,-18.05969,-18.0602,-18.06071,-18.06123,-18.06174,-18.06226,-18.06279,-18.06331,-18.06384,-18.06437,-18.0649,-18.06543,-18.06597,-18.06651,-18.06704,-18.06749
1860,-18.03932,-18.03977,-18.04015,-18.04055,-18.04095,-18.04136,-18.04176,-18.04217,-18.04258,-18.043,-18.04341,-18.04383,-18.04425,-18.04468,-18.0451,-18.04553,-18.04596,-18.0464,-18.04683,-18.04727,-18.04771,-18.04816,-18.0486,-18.04905,-18.0495,-18.04996,-18.05041,-18.05087,-18.05133,-18.0518,-18.05226,-18.05273,-18.05321,-18.05368,-18.05416,-18.05464,-18.05512,-18.0556,-18.05609,-18.05658,-18.05707,-18.05757,-18.05807,-18.05857,-18.05907,-18.05958,-18.06009,-18.0606,-18.06111,-18.06163,-18.06214,-18.06267,-18.06319,-18.06372,-18.06425,-18.06478,-18.06531,-18.06585,-18.06637,-18.06683
1870,-18.03886,-18.0393,-18.03968,-18.04008,-18.04047,-18.04087,-18.04128,-18.04168,-18.04209,-18.0425,-18.04291,-18.04332,-18.04374,-18.04416,-18.04458,-18.04501,-18.04543,-18.04586,-18.0463,-18.04673,-18.04717,-18.04761,-18.04805,-18.0485,-18.04894,-18.04939,-18.04985,-18.0503,-18.05076,-18.05122,-18.05168,-18.05215,-18.05262,-18.05309,-18.05356,-18.05404,-18.05451,-18.05499,-18.05548,-18.05597,-18.05645,-18.05695,-18.05744,-18.05794,-18.05844,-18.05894,-18.05944,-18.05995,-18.06046,-18.06097,-18.06149,-18.06201,-18.06253,-18.06305,-18.06358,-18.06411,-18.06464,-18.06517,-18.06569,-18.06614
1880,-18.03839,-18.03882,-18.0392,-18.03959,-18.03999,-18.04038,-18.04078,-18.04118,-18.04159,-18.04199,-18.0424,-18.04281,-18.04322,-18.04364,-18.04406,-18.04448,-18.0449,-18.04533,-18.04575,-18.04618,-18.04662,-18.04705,-18.04749,-18.04793,-18.04838,-18.04882,-18.04927,-18.04972,-18.05017,-18.05063,-18.05109,-18.05155,-18.05202,-18.05248,-18.05295,-18.05342,-18.0539,-18.05438,-18.05486,-18.05534,-18.05582,-18.05631,-18.0568,-18.0573,-18.05779,-18.05829,-18.05879,-18.0593,-18.0598,-18.06031,-18.06082,-18.06134,-18.06186,-18.06238,-18.0629,-18.06342,-18.06395,-18.06448,-18.065,-18.06545
1890,-18.03792,-18.03835,-18.03872,-18.03911,-18.0395,-18.03989,-18.04028,-18.04068,-18.04108,-18.04148,-18.04188,-18.04229,-18.0427,-18.04311,-18.04352,-18.04394,-18.04436,-18.04478,-18.0452,-18.04563,-18.04606,-18.04649,-18.04693,-18.04736,-18.0478,-18.04824,-18.04869,-18.04913,-18.04958,-18.05004,-18.05049,-18.05095,-18.05141,-18.05187,-18.05234,-18.05281,-18.05328,-18.05375,-18.05423,-18.0547,-18.05519,-18.05567,-18.05616,-18.05664,-18.05714,-18.05763,-18.05813,-18.05863,-18.05913,-18.05964,-18.06015,-18.06066,-18.06117,-18.06169,-18.06221,-18.06273,-18.06325,-18.06378,-18.06429,-18.06474
1900,-18.03744,-18.03786,-18.03824,-18.03862,-18.039,-18.03939,-18.03978,-18.04017,-18.04057,-18.04096,-18.04136,-18.04177,-18.04217,-18.04258,-18.04299,-18.0434,-18.04381,-18.04423,-18.04465,-18.04507,-18.0455,-18.04592,-18.04635,-18.04679,-18.04722,-18.04766,-18.0481,-18.04854,-18.04899,-18.04944,-18.04989,-18.05034,-18.0508,-18.05125,-18.05172,-18.05218,-18.05265,-18.05311,-18.05359,-18.05406,-18.05454,-18.05502,-18.0555,-18.05599,-18.05647,-18.05696,-18.05746,-18.05795,-18.05845,-18.05895,-18.05946,-18.05996,-18.06047,-18.06099,-18.0615,-18.06202,-18.06254,-18.06306,-18.06357,-18.06401
1910,-18.03696,-18.03738,-18.03775,-18.03813,-18.03851,-18.03889,-18.03927,-18.03966,-18.04005,-18.04045,-18.04084,-18.04124,-18.04164,-18.04204,-18.04245,-18.04285,-18.04326,-18.04368,-18.04409,-18.04451,-18.04493,-18.04535,-18.04578,-18.04621,-18.04664,-18.04707,-18.04751,-18.04795,-18.04839,-18.04883,-18.04928,-18.04972,-18.05018,-18.05063,-18.05109,-18.05155,-18.05201,-18.05247,-18.05294,-18.05341,-18.05388,-18.05436,-18.05484,-18.05532,-18.0558,-18.05629,-18.05678,-18.05727,-18.05776,-18.05826,-18.05876,-18.05926,-18.05977,-18.06028,-18.06079,-18.0613,-18.06182,-18.06234,-18.06284,-18.06328
1920,-18.03648,-18.03689,-18.03726,-18.03763,-18.03801,-18.03838,-18.03877,-18.03915,-18.03954,-18.03992,-18.04031,-18.04071,-18.0411,-18.0415,-18.0419,-18.04231,-18.04271,-18.04312,-18.04353,-18.04394,-18.04436,-18.04478,-18.0452,-18.04562,-18.04605,-18.04648,-18.04691,-18.04734,-18.04778,-18.04822,-18.04866,-18.04911,-18.04955,-18.05,-18.05045,-18.05091,-18.05137,-18.05183,-18.05229,-18.05276,-18.05322,-18.0537,-18.05417,-18.05465,-18.05512,-18.05561,-18.05609,-18.05658,-18.05707,-18.05756,-18.05806,-18.05856,-18.05906,-18.05956,-18.06007,-18.06058,-18.06109,-18.0616,-18.0621,-18.06254
1930,-18.036,-18.0364,-18.03676,-18.03713,-18.03751,-18.03788,-18.03826,-18.03864,-18.03902,-18.0394,-18.03979,-18.04018,-18.04057,-18.04096,-18.04136,-18.04176,-18.04216,-18.04256,-18.04297,-18.04338,-18.04379,-18.0442,-18.04462,-18.04504,-18.04546,-18.04588,-18.04631,-18.04674,-18.04717,-18.0476,-18.04804,-18.04848,-18.04892,-18.04937,-18.04982,-18.05027,-18.05072,-18.05118,-18.05163,-18.0521,-18.05256,-18.05303,-18.05349,-18.05397,-18.05444,-18.05492,-18.0554,-18.05588,-18.05637,-18.05686,-18.05735,-18.05784,-18.05834,-18.05884,-18.05934,-18.05984,-18.06035,-18.06086,-18.06136,-18.06179
1940,-18.03551,-18.03592,-18.03627,-18.03664,-18.037,-18.03737,-18.03774,-18.03812,-18.0385,-18.03888,-18.03926,-18.03964,-18.04003,-18.04042,-18.04081,-18.0412,-18.0416,-18.042,-18.0424,-18.04281,-18.04321,-18.04362,-18.04403,-18.04445,-18.04486,-18.04528,-18.04571,-18.04613,-18.04656,-18.04699,-18.04742,-18.04786,-18.04829,-18.04873,-18.04918,-18.04962,-18.05007,-18.05052,-18.05097,-18.05143,-18.05189,-18.05235,-18.05282,-18.05328,-18.05375,-18.05423,-18.0547,-18.05518,-18.05566,-18.05614,-18.05663,-18.05712,-18.05761,-18.05811,-18.0586,-18.0591,-18.05961,-18.06011,-18.06061,-18.06103
1950,-18.03503,-18.03543,-18.03578,-18.03614,-18.0365,-18.03686,-18.03723,-18.0376,-18.03797,-18.03835,-18.03873,-18.03911,-18.03949,-18.03987,-18.04026,-18.04065,-18.04104,-18.04144,-18.04183,-18.04223,-18.04264,-18.04304,-18.04345,-18.04386,-18.04427,-18.04468,-18.0451,-18.04552,-18.04594,-18.04637,-18.0468,-18.04723,-18.04766,-18.04809,-18.04853,-18.04897,-18.04942,-18.04986,-18.05031,-18.05076,-18.05122,-18.05168,-18.05213,-18.0526,-18.05306,-18.05353,-18.054,-18.05447,-18.05495,-18.05543,-18.05591,-18.05639,-18.05688,-18.05737,-18.05786,-18.05836,-18.05886,-18.05936,-18.05985,-18.06027
1960,-18.03454,-18.03494,-18.03528,-18.03564,-18.036,-18.03636,-18.03672,-18.03709,-18.03745,-18.03782,-18.0382,-18.03857,-18.03895,-18.03933,-18.03971,-18.0401,-18.04048,-18.04087,-18.04127,-18.04166,-18.04206,-18.04246,-18.04286,-18.04326,-18.04367,-18.04408,-18.04449,-18.04491,-18.04533,-18.04575,-18.04617,-18.0466,-18.04702,-18.04745,-18.04789,-18.04832,-18.04876,-18.0492,-18.04965,-18.05009,-18.05054,-18.051,-18.05145,-18.05191,-18.05237,-18.05283,-18.0533,-18.05377,-18.05424,-18.05471,-18.05519,-18.05567,-18.05615,-18.05663,-18.05712,-18.05761,-18.05811,-18.0586,-18.05908,-18.0595
1970,-18.03406,-18.03445,-18.03479,-18.03514,-18.03549,-18.03585,-18.03621,-18.03657,-18.03693,-18.0373,-18.03767,-18.03804,-18.03841,-18.03878,-18.03916,-18.03954,-18.03992,-18.04031,-18.0407,-18.04109,-18.04148,-18.04187,-18.04227,-18.04267,-18.04307,-18.04348,-18.04389,-18.0443,-18.04471,-18.04513,-18.04554,-18.04596,-18.04639,-18.04681,-18.04724,-18.04767,-18.04811,-18.04854,-18.04898,-18.04942,-18.04987,-18.05031,-18.05076,-18.05122,-18.05167,-18.05213,-18.05259,-18.05305,-18.05352,-18.05399,-18.05446,-18.05493,-18.05541,-18.05589,-18.05637,-18.05686,-18.05735,-18.05784,-18.05832,-18.05873
1980,-18.03358,-18.03396,-18.03429,-18.03464,-18.03499,-18.03534,-18.0357,-18.03605,-18.03641,-18.03677,-18.03713,-18.0375,-18.03787,-18.03824,-18.03861,-18.03899,-18.03937,-18.03975,-18.04013,-18.04051,-18.0409,-18.04129,-18.04168,-18.04208,-18.04248,-18.04288,-18.04328,-18.04368,-18.04409,-18.0445,-18.04492,-18.04533,-18.04575,-18.04617,-18.04659,-18.04702,-18.04745,-18.04788,-18.04831,-18.04875,-18.04919,-18.04963,-18.05008,-18.05052,-18.05097,-18.05143,-18.05188,-18.05234,-18.0528,-18.05327,-18.05373,-18.0542,-18.05467,-18.05515,-18.05563,-18.05611,-18.05659,-18.05707,-18.05755,-18.05796
1990,-18.03309,-18.03347,-18.0338,-18.03414,-18.03449,-18.03484,-18.03519,-18.03554,-18.03589,-18.03625,-18.03661,-18.03697,-18.03733,-18.0377,-18.03806,-18.03843,-18.03881,-18.03918,-18.03956,-18.03994,-18.04032,-18.04071,-18.0411,-18.04149,-18.04188,-18.04227,-18.04267,-18.04307,-18.04348,-18.04388,-18.04429,-18.0447,-18.04511,-18.04553,-18.04595,-18.04637,-18.04679,-18.04722,-18.04765,-18.04808,-18.04851,-18.04895,-18.04939,-18.04983,-18.05028,-18.05072,-18.05117,-18.05163,-18.05208,-18.05254,-18.053,-18.05347,-18.05393,-18.0544,-18.05488,-18.05535,-18.05583,-18.05631,-18.05678,-18.05718
2000,-18.03261,-18.03298,-18.03331,-18.03365,-18.03399,-18.03433,-18.03468,-18.03502,-18.03537,-18.03572,-18.03608,-18.03643,-18.03679,-18.03715,-18.03752,-18.03788,-18.03825,-18.03862,-18.03899,-18.03937,-18.03975,-18.04013,-18.04051,-18.0409,-18.04128,-18.04167,-18.04207,-18.04246,-18.04286,-18.04326,-18.04366,-18.04407,-18.04448,-18.04489,-18.0453,-18.04572,-18.04613,-18.04656,-18.04698,-18.04741,-18.04783,-18.04827,-18.0487,-18.04914,-18.04958,-18.05002,-18.05047,-18.05091,-18.05136,-18.05182,-18.05227,-18.05273,-18.05319,-18.05366,-18.05412,-18.05459,-18.05507,-18.05554,-18.05601,-18.05641
2010,-18.03213,-18.0325,-18.03282,-18.03316,-18.03349,-18.03383,-18.03417,-18.03451,-18.03486,-18.0352,-18.03555,-18.0359,-18.03626,-18.03661,-18.03697,-18.03733,-18.0377,-18.03806,-18.03843,-18.0388,-18.03917,-18.03955,-18.03993,-18.04031,-18.04069,-18.04107,-18.04146,-18.04185,-18.04225,-18.04264,-18.04304,-18.04344,-18.04384,-18.04425,-18.04466,-18.04507,-18.04548,-18.04589,-18.04631,-18.04673,-18.04716,-18.04758,-18.04801,-18.04845,-18.04888,-18.04932,-18.04976,-18.0502,-18.05064,-18.05109,-18.05154,-18.052,-18.05245,-18.05291,-18.05337,-18.05384,-18.05431,-18.05477,-18.05523,-18.05563
2020,-18.03166,-18.03202,-18.03234,-18.03266,-18.03299,-18.03333,-18.03366,-18.034,-18.03434,-18.03468,-18.03503,-18.03537,-18.03572,-18.03607,-18.03643,-18.03678,-18.03714,-18.0375,-18.03787,-18.03823,-18.0386,-18.03897,-18.03934,-18.03972,-18.0401,-18.04048,-18.04086,-18.04124,-18.04163,-18.04202,-18.04241,-18.04281,-18.04321,-18.04361,-18.04401,-18.04442,-18.04482,-18.04524,-18.04565,-18.04606,-18.04648,-18.0469,-18.04733,-18.04775,-18.04818,-18.04862,-18.04905,-18.04949,-18.04993,-18.05037,-18.05081,-18.05126,-18.05171,-18.05217,-18.05262,-18.05308,-18.05354,-18.05401,-18.05446,-18.05485
2030,-18.03118,-18.03154,-18.03185,-18.03217,-18.0325,-18.03283,-18.03316,-18.03349,-18.03383,-18.03417,-18.0345,-18.03485,-18.03519,-18.03554,-18.03589,-18.03624,-18.03659,-18.03695,-18.03731,-18.03767,-18.03803,-18.03839,-18.03876,-18.03913,-18.03951,-18.03988,-18.04026,-18.04064,-18.04102,-18.04141,-18.04179,-18.04218,-18.04258,-18.04297,-18.04337,-18.04377,-18.04417,-18.04458,-18.04499,-18.0454,-18.04581,-18.04623,-18.04664,-18.04706,-18.04749,-18.04791,-18.04834,-18.04878,-18.04921,-18.04965,-18.05009,-18.05053,-18.05098,-18.05142,-18.05187,-18.05233,-18.05278,-18.05324,-18.05369,-18.05408
2040,-18.03071,-18.03106,-18.03137,-18.03169,-18.03201,-18.03233,-18.03266,-18.03299,-18.03332,-18.03365,-18.03399,-18.03432,-18.03466,-18.035,-18.03535,-18.03569,-18.03604,-18.03639,-18.03675,-18.0371,-18.03746,-18.03782,-18.03818,-18.03855,-18.03892,-18.03929,-18.03966,-18.04004,-18.04041,-18.04079,-18.04118,-18.04156,-18.04195,-18.04234,-18.04273,-18.04313,-18.04352,-18.04392,-18.04433,-18.04473,-18.04514,-18.04555,-18.04596,-18.04638,-18.0468,-18.04722,-18.04764,-18.04807,-18.0485,-18.04893,-18.04936,-18.0498,-18.05024,-18.05068,-18.05113,-18.05157,-18.05202,-18.05248,-18.05292,-18.0533
2050,-18.03024,-18.03058,-18.03089,-18.0312,-18.03152,-18.03184,-18.03216,-18.03249,-18.03281,-18.03314,-18.03347,-18.0338,-18.03414,-18.03447,-18.03481,-18.03515,-18.0355,-18.03584,-18.03619,-18.03654,-18.0369,-18.03725,-18.03761,-18.03797,-18.03833,-18.0387,-18.03907,-18.03944,-18.03981,-18.04018,-18.04056,-18.04094,-18.04132,-18.04171,-18.04209,-18.04248,-18.04288,-18.04327,-18.04367,-18.04407,-18.04447,-18.04488,-18.04528,-18.04569,-18.04611,-18.04652,-18.04694,-18.04736,-18.04778,-18.04821,-18.04864,-18.04907,-18.0495,-18.04994,-18.05038,-18.05082,-18.05127,-18.05171,-18.05215,-18.05253
2060,-18.02977,-18.03011,-18.03041,-18.03072,-18.03104,-18.03135,-18.03167,-18.03199,-18.03231,-18.03263,-18.03296,-18.03328,-18.03361,-18.03395,-18.03428,-18.03462,-18.03496,-18.0353,-18.03564,-18.03599,-18.03633,-18.03669,-18.03704,-18.03739,-18.03775,-18.03811,-18.03847,-18.03884,-18.03921,-18.03958,-18.03995,-18.04032,-18.0407,-18.04108,-18.04146,-18.04184,-18.04223,-18.04262,-18.04301,-18.04341,-18.04381,-18.0442,-18.04461,-18.04501,-18.04542,-18.04583,-18.04624,-18.04666,-18.04708,-18.0475,-18.04792,-18.04834,-18.04877,-18.0492,-18.04964,-18.05008,-18.05051,-18.05095,-18.05139,-18.05176
2070,-18.02931,-18.02964,-18.02994,-18.03025,-18.03055,-18.03086,-18.03118,-18.03149,-18.03181,-18.03213,-18.03245,-18.03277,-18.03309,-18.03342,-18.03375,-18.03408,-18.03442,-18.03475,-18.03509,-18.03543,-18.03578,-18.03612,-18.03647,-18.03682,-18.03717,-18.03753,-18.03789,-18.03825,-18.03861,-18.03897,-18.03934,-18.03971,-18.04008,-18.04045,-18.04083,-18.04121,-18.04159,-18.04198,-18.04236,-18.04275,-18.04314,-18.04354,-18.04393,-18.04433,-18.04474,-18.04514,-18.04555,-18.04596,-18.04637,-18.04678,-18.0472,-18.04762,-18.04805,-18.04847,-18.0489,-18.04933,-18.04976,-18.0502,-18.05063,-18.051
2080,-18.02885,-18.02918,-18.02947,-18.02977,-18.03008,-18.03038,-18.03069,-18.031,-18.03131,-18.03162,-18.03194,-18.03226,-18.03258,-18.0329,-18.03323,-18.03355,-18.03388,-18.03421,-18.03455,-18.03488,-18.03522,-18.03556,-18.03591,-18.03625,-18.0366,-18.03695,-18.0373,-18.03766,-18.03801,-18.03837,-18.03873,-18.0391,-18.03946,-18.03983,-18.04021,-18.04058,-18.04096,-18.04133,-18.04172,-18.0421,-18.04249,-18.04287,-18.04327,-18.04366,-18.04406,-18.04446,-18.04486,-18.04526,-18.04567,-18.04608,-18.04649,-18.0469,-18.04732,-18.04774,-18.04816,-18.04859,-18.04902,-18.04945,-18.04987,-18.05023
2090,-18.0284,-18.02872,-18.02901,-18.0293,-18.0296,-18.0299,-18.03021,-18.03051,-18.03082,-18.03113,-18.03144,-18.03175,-18.03207,-18.03239,-18.03271,-18.03303,-18.03335,-18.03368,-18.03401,-18.03434,-18.03467,-18.03501,-18.03535,-18.03569,-18.03603,-18.03637,-18.03672,-18.03707,-18.03742,-18.03778,-18.03813,-18.03849,-18.03885,-18.03922,-18.03958,-18.03995,-18.04032,-18.0407,-18.04107,-18.04145,-18.04183,-18.04222,-18.0426,-18.04299,-18.04338,-18.04377,-18.04417,-18.04457,-18.04497,-18.04537,-18.04578,-18.04619,-18.0466,-18.04702,-18.04743,-18.04785,-18.04828,-18.0487,-18.04911,-18.04947
2100,-18.02794,-18.02826,-18.02855,-18.02884,-18.02913,-18.02943,-18.02973,-18.03003,-18.03033,-18.03063,-18.03094,-18.03125,-18.03156,-18.03187,-18.03219,-18.03251,-18.03283,-18.03315,-18.03347,-18.0338,-18.03413,-18.03446,-18.03479,-18.03513,-18.03546,-18.0358,-18.03615,-18.03649,-18.03684,-18.03719,-18.03754,-18.03789,-18.03825,-18.03861,-18.03897,-18.03933,-18.0397,-18.04006,-18.04043,-18.04081,-18.04118,-18.04156,-18.04194,-18.04232,-18.04271,-18.0431,-18.04349,-18.04388,-18.04428,-18.04468,-18.04508,-18.04548,-18.04589,-18.0463,-18.04671,-18.04712,-18.04754,-18.04795,-18.04836,-18.04872
2110,-18.0275,-18.02781,-18.02809,-18.02838,-18.02867,-18.02896,-18.02925,-18.02955,-18.02984,-18.03014,-18.03045,-18.03075,-18.03106,-18.03137,-18.03168,-18.03199,-18.0323,-18.03262,-18.03294,-18.03326,-18.03359,-18.03391,-18.03424,-18.03457,-18.0349,-18.03524,-18.03557,-18.03591,-18.03626,-18.0366,-18.03695,-18.03729,-18.03765,-18.038,-18.03835,-18.03871,-18.03907,-18.03944,-18.0398,-18.04017,-18.04054,-18.04091,-18.04129,-18.04166,-18.04204,-18.04243,-18.04281,-18.0432,-18.04359,-18.04398,-18.04438,-18.04478,-18.04518,-18.04558,-18.04599,-18.04639,-18.0468,-18.04722,-18.04762,-18.04797
2120,-18.02705,-18.02736,-18.02764,-18.02792,-18.0282,-18.02849,-18.02878,-18.02907,-18.02936,-18.02966,-18.02996,-18.03026,-18.03056,-18.03086,-18.03117,-18.03148,-18.03179,-18.0321,-18.03241,-18.03273,-18.03305,-18.03337,-18.03369,-18.03402,-18.03435,-18.03468,-18.03501,-18.03534,-18.03568,-18.03602,-18.03636,-18.0367,-18.03705,-18.0374,-18.03775,-18.0381,-18.03846,-18.03881,-18.03917,-18.03954,-18.0399,-18.04027,-18.04064,-18.04101,-18.04138,-18.04176,-18.04214,-18.04252,-18.04291,-18.04329,-18.04368,-18.04408,-18.04447,-18.04487,-18.04527,-18.04567,-18.04608,-18.04648,-18.04688,-18.04723
2130,-18.02661,-18.02692,-18.02719,-18.02747,-18.02775,-18.02803,-18.02831,-18.0286,-18.02889,-18.02918,-18.02947,-18.02977,-18.03006,-18.03036,-18.03067,-18.03097,-18.03127,-18.03158,-18.03189,-18.0322,-18.03252,-18.03283,-18.03315,-18.03347,-18.03379,-18.03412,-18.03445,-18.03478,-18.03511,-18.03544,-18.03578,-18.03612,-18.03646,-18.0368,-18.03714,-18.03749,-18.03784,-18.0382,-18.03855,-18.03891,-18.03927,-18.03963,-18.03999,-18.04036,-18.04073,-18.0411,-18.04147,-18.04185,-18.04223,-18.04261,-18.043,-18.04338,-18.04377,-18.04416,-18.04456,-18.04495,-18.04535,-18.04575,-18.04615,-18.04649
2140,-18.02618,-18.02648,-18.02674,-18.02702,-18.02729,-18.02757,-18.02785,-18.02813,-18.02842,-18.0287,-18.02899,-18.02928,-18.02958,-18.02987,-18.03017,-18.03047,-18.03077,-18.03107,-18.03137,-18.03168,-18.03199,-18.0323,-18.03261,-18.03293,-18.03325,-18.03357,-18.03389,-18.03421,-18.03454,-18.03487,-18.0352,-18.03553,-18.03587,-18.03621,-18.03655,-18.03689,-18.03724,-18.03758,-18.03793,-18.03828,-18.03864,-18.03899,-18.03935,-18.03972,-18.04008,-18.04045,-18.04081,-18.04118,-18.04156,-18.04193,-18.04231,-18.04269,-18.04308,-18.04346,-18.04385,-18.04424,-18.04464,-18.04503,-18.04542,-18.04575
2150,-18.02575,-18.02604,-18.0263,-18.02657,-18.02684,-18.02712,-18.02739,-18.02767,-18.02795,-18.02823,-18.02852,-18.0288,-18.02909,-18.02938,-18.02967,-18.02997,-18.03026,-18.03056,-18.03086,-18.03116,-18.03147,-18.03177,-18.03208,-18.03239,-18.03271,-18.03302,-18.03334,-18.03366,-18.03398,-18.0343,-18.03463,-18.03496,-18.03529,-18.03562,-18.03596,-18.03629,-18.03663,-18.03698,-18.03732,-18.03767,-18.03802,-18.03837,-18.03872,-18.03908,-18.03943,-18.0398,-18.04016,-18.04052,-18.04089,-18.04126,-18.04164,-18.04201,-18.04239,-18.04277,-18.04315,-18.04354,-18.04393,-18.04431,-18.0447,-18.04503
2160,-18.02532,-18.02561,-18.02587,-18.02613,-18.0264,-18.02667,-18.02694,-18.02722,-18.02749,-18.02777,-18.02805,-18.02833,-18.02861,-18.0289,-18.02919,-18.02947,-18.02977,-18.03006,-18.03035,-18.03065,-18.03095,-18.03125,-18.03156,-18.03186,-18.03217,-18.03248,-18.03279,-18.03311,-18.03343,-18.03374,-18.03407,-18.03439,-18.03471,-18.03504,-18.03537,-18.0357,-18.03604,-18.03638,-18.03671,-18.03706,-18.0374,-18.03775,-18.03809,-18.03844,-18.0388,-18.03915,-18.03951,-18.03987,-18.04023,-18.0406,-18.04097,-18.04134,-18.04171,-18.04208,-18.04246,-18.04284,-18.04322,-18.0436,-18.04398,-18.04431
2170,-18.0249,-18.02518,-18.02544,-18.0257,-18.02596,-18.02623,-18.02649,-18.02676,-18.02703,-18.02731,-18.02758,-18.02786,-18.02814,-18.02842,-18.0287,-18.02899,-18.02927,-18.02956,-18.02985,-18.03015,-18.03044,-18.03074,-18.03104,-18.03134,-18.03164,-18.03195,-18.03225,-18.03256,-18.03288,-18.03319,-18.03351,-18.03382,-18.03414,-18.03447,-18.03479,-18.03512,-18.03545,-18.03578,-18.03611,-18.03645,-18.03679,-18.03713,-18.03747,-18.03782,-18.03817,-18.03852,-18.03887,-18.03922,-18.03958,-18.03994,-18.0403,-18.04067,-18.04103,-18.0414,-18.04177,-18.04215,-18.04252,-18.0429,-18.04327,-18.04359
2180,-18.02448,-18.02476,-18.02501,-18.02527,-18.02553,-18.02579,-18.02605,-18.02632,-18.02658,-18.02685,-18.02712,-18.0274,-18.02767,-18.02795,-18.02822,-18.0285,-18.02879,-18.02907,-18.02936,-18.02965,-18.02994,-18.03023,-18.03052,-18.03082,-18.03112,-18.03142,-18.03172,-18.03203,-18.03233,-18.03264,-18.03295,-18.03327,-18.03358,-18.0339,-18.03422,-18.03454,-18.03486,-18.03519,-18.03552,-18.03585,-18.03618,-18.03652,-18.03686,-18.0372,-18.03754,-18.03788,-18.03823,-18.03858,-18.03893,-18.03929,-18.03964,-18.04,-18.04036,-18.04073,-18.04109,-18.04146,-18.04183,-18.0422,-18.04257,-18.04289
2190,-18.02407,-18.02435,-18.02459,-18.02484,-18.0251,-18.02536,-18.02561,-18.02588,-18.02614,-18.0264,-18.02667,-18.02694,-18.02721,-18.02748,-18.02775,-18.02803,-18.02831,-18.02858,-18.02887,-18.02915,-18.02944,-18.02972,-18.03001,-18.0303,-18.0306,-18.03089,-18.03119,-18.03149,-18.03179,-18.0321,-18.0324,-18.03271,-18.03302,-18.03334,-18.03365,-18.03397,-18.03429,-18.03461,-18.03493,-18.03526,-18.03559,-18.03592,-18.03625,-18.03658,-18.03692,-18.03726,-18.0376,-18.03795,-18.03829,-18.03864,-18.03899,-18.03935,-18.0397,-18.04006,-18.04042,-18.04078,-18.04115,-18.04151,-18.04187,-18.04219
2200,-18.02366,-18.02393,-18.02418,-18.02442,-18.02468,-18.02493,-18.02518,-18.02544,-18.0257,-18.02596,-18.02622,-18.02648,-18.02675,-18.02702,-18.02728,-18.02756,-18.02783,-18.0281,-18.02838,-18.02866,-18.02894,-18.02922,-18.02951,-18.0298,-18.03009,-18.03038,-18.03067,-18.03097,-18.03126,-18.03156,-18.03186,-18.03217,-18.03247,-18.03278,-18.03309,-18.0334,-18.03372,-18.03403,-18.03435,-18.03467,-18.03499,-18.03532,-18.03565,-18.03598,-18.03631,-18.03664,-18.03698,-18.03732,-18.03766,-18.038,-18.03835,-18.0387,-18.03905,-18.0394,-18.03975,-18.04011,-18.04047,-18.04083,-18.04119,-18.04149
2210,-18.02326,-18.02353,-18.02376,-18.02401,-18.02426,-18.0245,-18.02476,-18.02501,-18.02526,-18.02552,-18.02577,-18.02603,-18.0263,-18.02656,-18.02682,-18.02709,-18.02736,-18.02763,-18.0279,-18.02818,-18.02845,-18.02873,-18.02901,-18.02929,-18.02958,-18.02987,-18.03015,-18.03044,-18.03074,-18.03103,-18.03133,-18.03163,-18.03193,-18.03223,-18.03254,-18.03284,-18.03315,-18.03346,-18.03378,-18.03409,-18.03441,-18.03473,-18.03505,-18.03538,-18.0357,-18.03603,-18.03636,-18.0367,-18.03703,-18.03737,-18.03771,-18.03805,-18.0384,-18.03874,-18.03909,-18.03945,-18.0398,-18.04016,-18.0405,-18.04081
2220,-18.02287,-18.02313,-18.02336,-18.0236,-18.02384,-18.02409,-18.02433,-18.02458,-18.02483,-18.02508,-18.02534,-18.02559,-18.02585,-18.02611,-18.02637,-18.02663,-18.02689,-18.02716,-18.02743,-18.0277,-18.02797,-18.02824,-18.02852,-18.0288,-18.02908,-18.02936,-18.02964,-18.02993,-18.03022,-18.03051,-18.0308,-18.03109,-18.03139,-18.03169,-18.03199,-18.03229,-18.03259,-18.0329,-18.03321,-18.03352,-18.03383,-18.03415,-18.03446,-18.03478,-18.0351,-18.03543,-18.03575,-18.03608,-18.03641,-18.03675,-18.03708,-18.03742,-18.03776,-18.0381,-18.03844,-18.03879,-18.03914,-18.03949,-18.03983,-18.04013
2230,-18.02247,-18.02273,-18.02296,-18.0232,-18.02343,-18.02367,-18.02392,-18.02416,-18.02441,-18.02465,-18.0249,-18.02515,-18.02541,-18.02566,-18.02592,-18.02618,-18.02644,-18.0267,-18.02696,-18.02723,-18.02749,-18.02776,-18.02804,-18.02831,-18.02858,-18.02886,-18.02914,-18.02942,-18.0297,-18.02999,-18.03028,-18.03057,-18.03086,-18.03115,-18.03145,-18.03174,-18.03204,-18.03234,-18.03265,-18.03295,-18.03326,-18.03357,-18.03388,-18.0342,-18.03451,-18.03483,-18.03515,-18.03548,-18.0358,-18.03613,-18.03646,-18.03679,-18.03712,-18.03746,-18.0378,-18.03814,-18.03848,-18.03883,-18.03916,-18.03946
2240,-18.02209,-18.02234,-18.02256,-18.0228,-18.02303,-18.02327,-18.0235,-18.02374,-18.02399,-18.02423,-18.02447,-18.02472,-18.02497,-18.02522,-18.02547,-18.02573,-18.02598,-18.02624,-18.0265,-18.02676,-18.02702,-18.02729,-18.02756,-18.02782,-18.0281,-18.02837,-18.02864,-18.02892,-18.0292,-18.02948,-18.02976,-18.03004,-18.03033,-18.03062,-18.03091,-18.0312,-18.0315,-18.03179,-18.03209,-18.03239,-18.0327,-18.033,-18.03331,-18.03362,-18.03393,-18.03424,-18.03456,-18.03487,-18.03519,-18.03552,-18.03584,-18.03617,-18.0365,-18.03683,-18.03716,-18.0375,-18.03783,-18.03817,-18.03851,-18.03879
2250,-18.0217,-18.02195,-18.02217,-18.0224,-18.02263,-18.02286,-18.0231,-18.02333,-18.02357,-18.02381,-18.02405,-18.02429,-18.02454,-18.02479,-18.02503,-18.02528,-18.02553,-18.02579,-18.02604,-18.0263,-18.02656,-18.02682,-18.02708,-18.02735,-18.02761,-18.02788,-18.02815,-18.02842,-18.0287,-18.02897,-18.02925,-18.02953,-18.02981,-18.0301,-18.03038,-18.03067,-18.03096,-18.03125,-18.03154,-18.03184,-18.03214,-18.03244,-18.03274,-18.03304,-18.03335,-18.03366,-18.03397,-18.03428,-18.0346,-18.03491,-18.03523,-18.03555,-18.03588,-18.0362,-18.03653,-18.03686,-18.03719,-18.03753,-18.03786,-18.03814
2260,-18.02133,-18.02157,-18.02179,-18.02201,-18.02224,-18.02247,-18.0227,-18.02293,-18.02316,-18.0234,-18.02364,-18.02387,-18.02411,-18.02436,-18.0246,-18.02485,-18.02509,-18.02534,-18.02559,-18.02585,-18.0261,-18.02636,-18.02661,-18.02687,-18.02714,-18.0274,-18.02767,-18.02793,-18.0282,-18.02847,-18.02875,-18.02902,-18.0293,-18.02958,-18.02986,-18.03014,-18.03043,-18.03071,-18.031,-18.03129,-18.03159,-18.03188,-18.03218,-18.03248,-18.03278,-18.03308,-18.03339,-18.0337,-18.03401,-18.03432,-18.03463,-18.03495,-18.03527,-18.03559,-18.03591,-18.03623,-18.03656,-18.03689,-18.03721,-18.03749
2270,-18.02095,-18.02119,-18.02141,-18.02163,-18.02185,-18.02208,-18.0223,-18.02253,-18.02276,-18.02299,-18.02322,-18.02346,-18.02369,-18.02393,-18.02417,-18.02441,-18.02466,-18.0249,-18.02515,-18.0254,-18.02565,-18.0259,-18.02615,-18.02641,-18.02667,-18.02693,-18.02719,-18.02745,-18.02771,-18.02798,-18.02825,-18.02852,-18.02879,-18.02907,-18.02934,-18.02962,-18.0299,-18.03019,-18.03047,-18.03076,-18.03104,-18.03133,-18.03163,-18.03192,-18.03222,-18.03252,-18.03282,-18.03312,-18.03342,-18.03373,-18.03404,-18.03435,-18.03466,-18.03498,-18.0353,-18.03562,-18.03594,-18.03626,-18.03658,-18.03685
2280,-18.02059,-18.02082,-18.02103,-18.02125,-18.02147,-18.02169,-18.02191,-18.02214,-18.02236,-18.02259,-18.02282,-18.02305,-18.02328,-18.02351,-18.02375,-18.02399,-18.02423,-18.02447,-18.02471,-18.02495,-18.0252,-18.02545,-18.0257,-18.02595,-18.0262,-18.02646,-18.02671,-18.02697,-18.02723,-18.0275,-18.02776,-18.02803,-18.02829,-18.02856,-18.02884,-18.02911,-18.02938,-18.02966,-18.02994,-18.03022,-18.03051,-18.03079,-18.03108,-18.03137,-18.03166,-18.03195,-18.03225,-18.03255,-18.03285,-18.03315,-18.03345,-18.03376,-18.03407,-18.03438,-18.03469,-18.035,-18.03532,-18.03564,-18.03595,-18.03622
2290,-18.02023,-18.02046,-18.02066,-18.02088,-18.02109,-18.02131,-18.02153,-18.02175,-18.02197,-18.02219,-18.02242,-18.02264,-18.02287,-18.0231,-18.02333,-18.02357,-18.0238,-18.02404,-18.02428,-18.02452,-18.02476,-18.025,-18.02525,-18.0255,-18.02575,-18.026,-18.02625,-18.0265,-18.02676,-18.02702,-18.02728,-18.02754,-18.0278,-18.02807,-18.02833,-18.0286,-18.02887,-18.02915,-18.02942,-18.0297,-18.02998,-18.03026,-18.03054,-18.03083,-18.03111,-18.0314,-18.03169,-18.03198,-18.03228,-18.03258,-18.03287,-18.03318,-18.03348,-18.03378,-18.03409,-18.0344,-18.03471,-18.03502,-18.03533,-18.0356
2300,-18.01987,-18.02009,-18.0203,-18.02051,-18.02072,-18.02093,-18.02115,-18.02136,-18.02158,-18.0218,-18.02202,-18.02225,-18.02247,-18.0227,-18.02292,-18.02315,-18.02338,-18.02362,-18.02385,-18.02409,-18.02433,-18.02456,-18.02481,-18.02505,-18.02529,-18.02554,-18.02579,-18.02604,-18.02629,-18.02654,-18.0268,-18.02706,-18.02732,-18.02758,-18.02784,-18.0281,-18.02837,-18.02864,-18.02891,-18.02918,-18.02945,-18.02973,-18.03001,-18.03029,-18.03057,-18.03085,-18.03114,-18.03143,-18.03172,-18.03201,-18.0323,-18.0326,-18.0329,-18.0332,-18.0335,-18.0338,-18.03411,-18.03442,-18.03472,-18.03498
2310,-18.01952,-18.01974,-18.01994,-18.02015,-18.02035,-18.02056,-18.02077,-18.02099,-18.0212,-18.02142,-18.02163,-18.02185,-18.02207,-18.0223,-18.02252,-18.02275,-18.02297,-18.0232,-18.02343,-18.02366,-18.0239,-18.02413,-18.02437,-18.02461,-18.02485,-18.02509,-18.02533,-18.02558,-18.02583,-18.02608,-18.02633,-18.02658,-18.02684,-18.02709,-18.02735,-18.02761,-18.02787,-18.02814,-18.0284,-18.02867,-18.02894,-18.02921,-18.02948,-18.02976,-18.03004,-18.03032,-18.0306,-18.03088,-18.03116,-18.03145,-18.03174,-18.03203,-18.03232,-18.03262,-18.03292,-18.03322,-18.03352,-18.03382,-18.03412,-18.03437
2320,-18.01917,-18.01939,-18.01959,-18.01979,-18.01999,-18.0202,-18.02041,-18.02061,-18.02083,-18.02104,-18.02125,-18.02147,-18.02168,-18.0219,-18.02212,-18.02234,-18.02257,-18.02279,-18.02302,-18.02324,-18.02347,-18.02371,-18.02394,-18.02417,-18.02441,-18.02465,-18.02489,-18.02513,-18.02537,-18.02562,-18.02586,-18.02611,-18.02636,-18.02662,-18.02687,-18.02712,-18.02738,-18.02764,-18.0279,-18.02817,-18.02843,-18.0287,-18.02897,-18.02924,-18.02951,-18.02978,-18.03006,-18.03034,-18.03062,-18.0309,-18.03119,-18.03147,-18.03176,-18.03205,-18.03234,-18.03264,-18.03293,-18.03323,-18.03352,-18.03377
2330,-18.01883,-18.01904,-18.01924,-18.01944,-18.01964,-18.01984,-18.02004,-18.02025,-18.02045,-18.02066,-18.02087,-18.02108,-18.0213,-18.02151,-18.02173,-18.02195,-18.02216,-18.02239,-18.02261,-18.02283,-18.02306,-18.02329,-18.02351,-18.02374,-18.02398,-18.02421,-18.02445,-18.02468,-18.02492,-18.02516,-18.02541,-18.02565,-18.0259,-18.02614,-18.02639,-18.02665,-18.0269,-18.02715,-18.02741,-18.02767,-18.02793,-18.02819,-18.02846,-18.02872,-18.02899,-18.02926,-18.02953,-18.02981,-18.03008,-18.03036,-18.03064,-18.03092,-18.0312,-18.03149,-18.03177,-18.03206,-18.03235,-18.03265,-18.03293,-18.03318
2340,-18.01849,-18.0187,-18.01889,-18.01909,-18.01929,-18.01948,-18.01968,-18.01989,-18.02009,-18.02029,-18.0205,-18.02071,-18.02092,-18.02113,-18.02134,-18.02155,-18.02177,-18.02199,-18.02221,-18.02243,-18.02265,-18.02287,-18.0231,-18.02332,-18.02355,-18.02378,-18.02401,-18.02425,-18.02448,-18.02472,-18.02496,-18.0252,-18.02544,-18.02568,-18.02593,-18.02617,-18.02642,-18.02667,-18.02693,-18.02718,-18.02744,-18.02769,-18.02795,-18.02821,-18.02848,-18.02874,-18.02901,-18.02928,-18.02955,-18.02982,-18.0301,-18.03037,-18.03065,-18.03093,-18.03122,-18.0315,-18.03179,-18.03207,-18.03236,-18.0326
2350,-18.01816,-18.01837,-18.01855,-18.01875,-18.01894,-18.01914,-18.01933,-18.01953,-18.01973,-18.01993,-18.02013,-18.02034,-18.02054,-18.02075,-18.02096,-18.02117,-18.02138,-18.02159,-18.02181,-18.02203,-18.02224,-18.02246,-18.02268,-18.02291,-18.02313,-18.02336,-18.02358,-18.02381,-18.02404,-18.02428,-18.02451,-18.02475,-18.02498,-18.02522,-18.02547,-18.02571,-18.02595,-18.0262,-18.02645,-18.0267,-18.02695,-18.0272,-18.02746,-18.02771,-18.02797,-18.02823,-18.0285,-18.02876,-18.02903,-18.02929,-18.02956,-18.02984,-18.03011,-18.03039,-18.03066,-18.03094,-18.03122,-18.03151,-18.03178,-18.03202
2360,-18.01783,-18.01804,-18.01822,-18.01841,-18.0186,-18.01879,-18.01898,-18.01918,-18.01938,-18.01957,-18.01977,-18.01997,-18.02017,-18.02038,-18.02058,-18.02079,-18.021,-18.02121,-18.02142,-18.02163,-18.02184,-18.02206,-18.02228,-18.0225,-18.02272,-18.02294,-18.02316,-18.02339,-18.02361,-18.02384,-18.02407,-18.02431,-18.02454,-18.02477,-18.02501,-18.02525,-18.02549,-18.02573,-18.02598,-18.02622,-18.02647,-18.02672,-18.02697,-18.02722,-18.02748,-18.02773,-18.02799,-18.02825,-18.02851,-18.02877,-18.02904,-18.02931,-18.02958,-18.02985,-18.03012,-18.03039,-18.03067,-18.03095,-18.03122,-18.03146
2370,-18.01751,-18.01771,-18.01789,-18.01808,-18.01826,-18.01845,-18.01864,-18.01883,-18.01903,-18.01922,-18.01942,-18.01961,-18.01981,-18.02001,-18.02021,-18.02042,-18.02062,-18.02083,-18.02103,-18.02124,-18.02145,-18.02166,-18.02188,-18.02209,-18.02231,-18.02253,-18.02275,-18.02297,-18.02319,-18.02342,-18.02364,-18.02387,-18.0241,-18.02433,-18.02456,-18.0248,-18.02503,-18.02527,-18.02551,-18.02575,-18.026,-18.02624,-18.02649,-18.02673,-18.02698,-18.02724,-18.02749,-18.02775,-18.028,-18.02826,-18.02852,-18.02878,-18.02905,-18.02932,-18.02958,-18.02985,-18.03013,-18.0304,-18.03067,-18.0309
2380,-18.01719,-18.01739,-18.01757,-18.01775,-18.01793,-18.01812,-18.01831,-18.01849,-18.01868,-18.01887,-18.01906,-18.01926,-18.01945,-18.01965,-18.01985,-18.02005,-18.02025,-18.02045,-18.02065,-18.02086,-18.02107,-18.02127,-18.02148,-18.02169,-18.02191,-18.02212,-18.02234,-18.02256,-18.02277,-18.02299,-18.02322,-18.02344,-18.02367,-18.02389,-18.02412,-18.02435,-18.02458,-18.02482,-18.02505,-18.02529,-18.02553,-18.02577,-18.02601,-18.02626,-18.0265,-18.02675,-18.027,-18.02725,-18.0275,-18.02776,-18.02801,-18.02827,-18.02853,-18.02879,-18.02906,-18.02932,-18.02959,-18.02986,-18.03012,-18.03035
2390,-18.01688,-18.01707,-18.01725,-18.01743,-18.01761,-18.01779,-18.01797,-18.01816,-18.01834,-18.01853,-18.01872,-18.01891,-18.0191,-18.01929,-18.01949,-18.01968,-18.01988,-18.02008,-18.02028,-18.02048,-18.02068,-18.02089,-18.0211,-18.0213,-18.02151,-18.02172,-18.02193,-18.02215,-18.02236,-18.02258,-18.0228,-18.02302,-18.02324,-18.02346,-18.02369,-18.02391,-18.02414,-18.02437,-18.0246,-18.02484,-18.02507,-18.02531,-18.02554,-18.02578,-18.02603,-18.02627,-18.02651,-18.02676,-18.02701,-18.02726,-18.02751,-18.02776,-18.02802,-18.02828,-18.02854,-18.0288,-18.02906,-18.02932,-18.02958,-18.02981
2400,-18.01658,-18.01676,-18.01693,-18.01711,-18.01729,-18.01747,-18.01765,-18.01783,-18.01801,-18.01819,-18.01838,-18.01857,-18.01875,-18.01894,-18.01913,-18.01933,-18.01952,-18.01972,-18.01991,-18.02011,-18.02031,-18.02051,-18.02071,-18.02092,-18.02112,-18.02133,-18.02154,-18.02175,-18.02196,-18.02217,-18.02239,-18.0226,-18.02282,-18.02304,-18.02326,-18.02348,-18.02371,-18.02393,-18.02416,-18.02439,-18.02462,-18.02485,-18.02508,-18.02532,-18.02556,-18.0258,-18.02604,-18.02628,-18.02652,-18.02677,-18.02702,-18.02726,-18.02752,-18.02777,-18.02802,-18.02828,-18.02854,-18.0288,-18.02905,-18.02927
