This is pdfTeX, Version 3.141592653-2.6-1.40.28 (TeX Live 2025/Debian) (preloaded format=pdflatex 2026.5.20)  23 MAY 2026 21:57
entering extended mode
 restricted \write18 enabled.
 %&-line parsing enabled.
**mpemba_x.tex
(./mpemba_x.tex
LaTeX2e <2025-11-01>
L3 programming layer <2026-01-19>
(/usr/share/texlive/texmf-dist/tex/latex/base/report.cls
Document Class: report 2025/01/22 v1.4n Standard LaTeX document class
(/usr/share/texlive/texmf-dist/tex/latex/base/size11.clo
File: size11.clo 2025/01/22 v1.4n Standard LaTeX file (size option)
)
\c@part=\count275
\c@chapter=\count276
\c@section=\count277
\c@subsection=\count278
\c@subsubsection=\count279
\c@paragraph=\count280
\c@subparagraph=\count281
\c@figure=\count282
\c@table=\count283
\abovecaptionskip=\skip49
\belowcaptionskip=\skip50
\bibindent=\dimen148
)
(/usr/share/texlive/texmf-dist/tex/latex/base/inputenc.sty
Package: inputenc 2024/02/08 v1.3d Input encoding file
\inpenc@prehook=\toks17
\inpenc@posthook=\toks18
)
(/usr/share/texlive/texmf-dist/tex/latex/base/fontenc.sty
Package: fontenc 2025/07/18 v2.1d Standard LaTeX package
)
(/usr/share/texlive/texmf-dist/tex/generic/babel/babel.sty
Package: babel 2026/01/18 v26.1 The multilingual framework for LuaLaTeX, pdfLaT
eX and XeLaTeX
\babel@savecnt=\count284
LaTeX Encoding Info:    Redeclaring text command \ij (encoding OT1) on input li
ne 2078.
LaTeX Encoding Info:    Redeclaring text command \IJ (encoding OT1) on input li
ne 2080.
LaTeX Encoding Info:    Redeclaring text command \ij (encoding T1) on input lin
e 2082.
LaTeX Encoding Info:    Redeclaring text command \IJ (encoding T1) on input lin
e 2083.
LaTeX Encoding Info:    Ignoring declaration for text command \ij (encoding ?) 
on input line 2084.
LaTeX Encoding Info:    Ignoring declaration for text command \IJ (encoding ?) 
on input line 2086.
LaTeX Encoding Info:    Ignoring declaration for text command \SS (encoding ?) 
on input line 2111.
\U@D=\dimen149
\l@unhyphenated=\language90

(/usr/share/texlive/texmf-dist/tex/generic/babel/txtbabel.def)
\bbl@readstream=\read2
\bbl@dirlevel=\count285

(/usr/share/texlive/texmf-dist/tex/generic/babel/locale/es/babel-spanish.tex)
Package babel Info: Importing font and identification data for spanish
(babel)             from babel-es.ini. Reported on input line 4330.

(/usr/share/texlive/texmf-dist/tex/generic/babel-spanish/spanish.ldf
Language: spanish.ldf 2021/05/27 v5.0q Spanish support from the babel system
\es@quottoks=\toks19
\es@quotdepth=\count286
Package babel Info: Making " an active character on input line 570.
Package babel Info: Making . an active character on input line 675.
Package babel Info: Making < an active character on input line 722.
Package babel Info: Making > an active character on input line 722.
Package babel Info: Making ' an active character on input line 740.
))
LaTeX Encoding Info:    Redeclaring text command \guillemotleft (encoding OT1) 
on input line 9.
LaTeX Encoding Info:    Redeclaring text command \guillemotright (encoding OT1)
 on input line 9.

(/usr/share/texmf/tex/latex/lm/lmodern.sty
Package: lmodern 2015/05/01 v1.6.1 Latin Modern Fonts
LaTeX Font Info:    Overwriting symbol font `operators' in version `normal'
(Font)                  OT1/cmr/m/n --> OT1/lmr/m/n on input line 22.
LaTeX Font Info:    Overwriting symbol font `letters' in version `normal'
(Font)                  OML/cmm/m/it --> OML/lmm/m/it on input line 23.
LaTeX Font Info:    Overwriting symbol font `symbols' in version `normal'
(Font)                  OMS/cmsy/m/n --> OMS/lmsy/m/n on input line 24.
LaTeX Font Info:    Overwriting symbol font `largesymbols' in version `normal'
(Font)                  OMX/cmex/m/n --> OMX/lmex/m/n on input line 25.
LaTeX Font Info:    Overwriting symbol font `operators' in version `bold'
(Font)                  OT1/cmr/bx/n --> OT1/lmr/bx/n on input line 26.
LaTeX Font Info:    Overwriting symbol font `letters' in version `bold'
(Font)                  OML/cmm/b/it --> OML/lmm/b/it on input line 27.
LaTeX Font Info:    Overwriting symbol font `symbols' in version `bold'
(Font)                  OMS/cmsy/b/n --> OMS/lmsy/b/n on input line 28.
LaTeX Font Info:    Overwriting symbol font `largesymbols' in version `bold'
(Font)                  OMX/cmex/m/n --> OMX/lmex/m/n on input line 29.
LaTeX Font Info:    Overwriting math alphabet `\mathbf' in version `normal'
(Font)                  OT1/cmr/bx/n --> OT1/lmr/bx/n on input line 31.
LaTeX Font Info:    Overwriting math alphabet `\mathsf' in version `normal'
(Font)                  OT1/cmss/m/n --> OT1/lmss/m/n on input line 32.
LaTeX Font Info:    Overwriting math alphabet `\mathit' in version `normal'
(Font)                  OT1/cmr/m/it --> OT1/lmr/m/it on input line 33.
LaTeX Font Info:    Overwriting math alphabet `\mathtt' in version `normal'
(Font)                  OT1/cmtt/m/n --> OT1/lmtt/m/n on input line 34.
LaTeX Font Info:    Overwriting math alphabet `\mathbf' in version `bold'
(Font)                  OT1/cmr/bx/n --> OT1/lmr/bx/n on input line 35.
LaTeX Font Info:    Overwriting math alphabet `\mathsf' in version `bold'
(Font)                  OT1/cmss/bx/n --> OT1/lmss/bx/n on input line 36.
LaTeX Font Info:    Overwriting math alphabet `\mathit' in version `bold'
(Font)                  OT1/cmr/bx/it --> OT1/lmr/bx/it on input line 37.
LaTeX Font Info:    Overwriting math alphabet `\mathtt' in version `bold'
(Font)                  OT1/cmtt/m/n --> OT1/lmtt/m/n on input line 38.
)
(/usr/share/texlive/texmf-dist/tex/latex/geometry/geometry.sty
Package: geometry 2020/01/02 v5.9 Page Geometry

(/usr/share/texlive/texmf-dist/tex/latex/graphics/keyval.sty
Package: keyval 2022/05/29 v1.15 key=value parser (DPC)
\KV@toks@=\toks20
)
(/usr/share/texlive/texmf-dist/tex/generic/iftex/ifvtex.sty
Package: ifvtex 2019/10/25 v1.7 ifvtex legacy package. Use iftex instead.

(/usr/share/texlive/texmf-dist/tex/generic/iftex/iftex.sty
Package: iftex 2024/12/12 v1.0g TeX engine tests
))
\Gm@cnth=\count287
\Gm@cntv=\count288
\c@Gm@tempcnt=\count289
\Gm@bindingoffset=\dimen150
\Gm@wd@mp=\dimen151
\Gm@odd@mp=\dimen152
\Gm@even@mp=\dimen153
\Gm@layoutwidth=\dimen154
\Gm@layoutheight=\dimen155
\Gm@layouthoffset=\dimen156
\Gm@layoutvoffset=\dimen157
\Gm@dimlist=\toks21
)
(/usr/share/texlive/texmf-dist/tex/latex/amsmath/amsmath.sty
Package: amsmath 2025/07/09 v2.17z AMS math features
\@mathmargin=\skip51

For additional information on amsmath, use the `?' option.
(/usr/share/texlive/texmf-dist/tex/latex/amsmath/amstext.sty
Package: amstext 2024/11/17 v2.01 AMS text

(/usr/share/texlive/texmf-dist/tex/latex/amsmath/amsgen.sty
File: amsgen.sty 1999/11/30 v2.0 generic functions
\@emptytoks=\toks22
\ex@=\dimen158
))
(/usr/share/texlive/texmf-dist/tex/latex/amsmath/amsbsy.sty
Package: amsbsy 1999/11/29 v1.2d Bold Symbols
\pmbraise@=\dimen159
)
(/usr/share/texlive/texmf-dist/tex/latex/amsmath/amsopn.sty
Package: amsopn 2022/04/08 v2.04 operator names
)
\inf@bad=\count290
LaTeX Info: Redefining \frac on input line 233.
\uproot@=\count291
\leftroot@=\count292
LaTeX Info: Redefining \overline on input line 398.
LaTeX Info: Redefining \colon on input line 409.
\classnum@=\count293
\DOTSCASE@=\count294
LaTeX Info: Redefining \ldots on input line 495.
LaTeX Info: Redefining \dots on input line 498.
LaTeX Info: Redefining \cdots on input line 619.
\Mathstrutbox@=\box53
\strutbox@=\box54
LaTeX Info: Redefining \big on input line 721.
LaTeX Info: Redefining \Big on input line 722.
LaTeX Info: Redefining \bigg on input line 723.
LaTeX Info: Redefining \Bigg on input line 724.
\big@size=\dimen160
LaTeX Font Info:    Redeclaring font encoding OML on input line 742.
LaTeX Font Info:    Redeclaring font encoding OMS on input line 743.
\macc@depth=\count295
LaTeX Info: Redefining \bmod on input line 904.
LaTeX Info: Redefining \pmod on input line 909.
LaTeX Info: Redefining \smash on input line 939.
LaTeX Info: Redefining \relbar on input line 969.
LaTeX Info: Redefining \Relbar on input line 970.
\c@MaxMatrixCols=\count296
\dotsspace@=\muskip17
\c@parentequation=\count297
\dspbrk@lvl=\count298
\tag@help=\toks23
\row@=\count299
\column@=\count300
\maxfields@=\count301
\andhelp@=\toks24
\eqnshift@=\dimen161
\alignsep@=\dimen162
\tagshift@=\dimen163
\tagwidth@=\dimen164
\totwidth@=\dimen165
\lineht@=\dimen166
\@envbody=\toks25
\multlinegap=\skip52
\multlinetaggap=\skip53
\mathdisplay@stack=\toks26
LaTeX Info: Redefining \[ on input line 2950.
LaTeX Info: Redefining \] on input line 2951.
)
(/usr/share/texlive/texmf-dist/tex/latex/amsfonts/amssymb.sty
Package: amssymb 2013/01/14 v3.01 AMS font symbols

(/usr/share/texlive/texmf-dist/tex/latex/amsfonts/amsfonts.sty
Package: amsfonts 2013/01/14 v3.01 Basic AMSFonts support
\symAMSa=\mathgroup4
\symAMSb=\mathgroup5
LaTeX Font Info:    Redeclaring math symbol \hbar on input line 98.
LaTeX Font Info:    Overwriting math alphabet `\mathfrak' in version `bold'
(Font)                  U/euf/m/n --> U/euf/b/n on input line 106.
))
(/usr/share/texlive/texmf-dist/tex/latex/amscls/amsthm.sty
Package: amsthm 2020/05/29 v2.20.6
\thm@style=\toks27
\thm@bodyfont=\toks28
\thm@headfont=\toks29
\thm@notefont=\toks30
\thm@headpunct=\toks31
\thm@preskip=\skip54
\thm@postskip=\skip55
\thm@headsep=\skip56
\dth@everypar=\toks32
)
(/usr/share/texlive/texmf-dist/tex/latex/mathtools/mathtools.sty
Package: mathtools 2024/10/04 v1.31 mathematical typesetting tools

(/usr/share/texlive/texmf-dist/tex/latex/tools/calc.sty
Package: calc 2025/03/01 v4.3b Infix arithmetic (KKT,FJ)
\calc@Acount=\count302
\calc@Bcount=\count303
\calc@Adimen=\dimen167
\calc@Bdimen=\dimen168
\calc@Askip=\skip57
\calc@Bskip=\skip58
LaTeX Info: Redefining \setlength on input line 86.
LaTeX Info: Redefining \addtolength on input line 87.
\calc@Ccount=\count304
\calc@Cskip=\skip59
)
(/usr/share/texlive/texmf-dist/tex/latex/mathtools/mhsetup.sty
Package: mhsetup 2021/03/18 v1.4 programming setup (MH)
)
\g_MT_multlinerow_int=\count305
\l_MT_multwidth_dim=\dimen169
\origjot=\skip60
\l_MT_shortvdotswithinadjustabove_dim=\dimen170
\l_MT_shortvdotswithinadjustbelow_dim=\dimen171
\l_MT_above_intertext_sep=\dimen172
\l_MT_below_intertext_sep=\dimen173
\l_MT_above_shortintertext_sep=\dimen174
\l_MT_below_shortintertext_sep=\dimen175
\xmathstrut@box=\box55
\xmathstrut@dim=\dimen176
)
(/usr/share/texlive/texmf-dist/tex/latex/physics/physics.sty
Package: physics 

(/usr/share/texlive/texmf-dist/tex/latex/l3packages/xparse/xparse.sty
(/usr/share/texlive/texmf-dist/tex/latex/l3kernel/expl3.sty
Package: expl3 2026-01-19 L3 programming layer (loader) 

(/usr/share/texlive/texmf-dist/tex/latex/l3backend/l3backend-pdftex.def
File: l3backend-pdftex.def 2025-10-09 L3 backend support: PDF output (pdfTeX)
\l__color_backend_stack_int=\count306
))
Package: xparse 2025-10-09 L3 Experimental document command parser
))
(/usr/share/texlive/texmf-dist/tex/latex/tools/bm.sty
Package: bm 2025/10/21 v1.2g Bold Symbol Support (DPC/FMi)
\symboldoperators=\mathgroup6
\symboldletters=\mathgroup7
\symboldsymbols=\mathgroup8
Package bm Info: No bold for \OMX/lmex/m/n, using \pmb.
Package bm Info: No bold for \U/msa/m/n, using \pmb.
Package bm Info: No bold for \U/msb/m/n, using \pmb.
LaTeX Font Info:    Redeclaring math alphabet \mathbf on input line 149.
)
(/usr/share/texlive/texmf-dist/tex/latex/siunitx/siunitx.sty
Package: siunitx 2025-07-09 v3.4.14 A comprehensive (SI) units package
\l__siunitx_number_uncert_offset_int=\count307
\l__siunitx_number_exponent_fixed_int=\count308
\l__siunitx_number_min_decimal_int=\count309
\l__siunitx_number_min_integer_int=\count310
\l__siunitx_number_round_precision_int=\count311
\l__siunitx_number_lower_threshold_int=\count312
\l__siunitx_number_upper_threshold_int=\count313
\l__siunitx_number_group_first_int=\count314
\l__siunitx_number_group_size_int=\count315
\l__siunitx_number_group_minimum_int=\count316
\l__siunitx_angle_tmp_dim=\dimen177
\l__siunitx_angle_marker_box=\box56
\l__siunitx_angle_unit_box=\box57
\l__siunitx_compound_count_int=\count317

(/usr/share/texlive/texmf-dist/tex/latex/translations/translations.sty
Package: translations 2022/02/05 v1.12 internationalization of LaTeX2e packages
 (CN)

(/usr/share/texlive/texmf-dist/tex/latex/etoolbox/etoolbox.sty
Package: etoolbox 2025/10/02 v2.5m e-TeX tools for LaTeX (JAW)
\etb@tempcnta=\count318
)
(/usr/share/texlive/texmf-dist/tex/generic/pdftexcmds/pdftexcmds.sty
Package: pdftexcmds 2020-06-27 v0.33 Utility functions of pdfTeX for LuaTeX (HO
)

(/usr/share/texlive/texmf-dist/tex/generic/infwarerr/infwarerr.sty
Package: infwarerr 2019/12/03 v1.5 Providing info/warning/error messages (HO)
)
(/usr/share/texlive/texmf-dist/tex/generic/ltxcmds/ltxcmds.sty
Package: ltxcmds 2023-12-04 v1.26 LaTeX kernel commands for general use (HO)
)
Package pdftexcmds Info: \pdf@primitive is available.
Package pdftexcmds Info: \pdf@ifprimitive is available.
Package pdftexcmds Info: \pdfdraftmode found.
))
\l__siunitx_table_tmp_box=\box58
\l__siunitx_table_tmp_dim=\dimen178
\l__siunitx_table_column_width_dim=\dimen179
\l__siunitx_table_integer_box=\box59
\l__siunitx_table_decimal_box=\box60
\l__siunitx_table_uncert_box=\box61
\l__siunitx_table_before_box=\box62
\l__siunitx_table_after_box=\box63
\l__siunitx_table_before_dim=\dimen180
\l__siunitx_table_carry_dim=\dimen181
\l__siunitx_unit_tmp_int=\count319
\l__siunitx_unit_position_int=\count320
\l__siunitx_unit_total_int=\count321

(/usr/share/texlive/texmf-dist/tex/latex/tools/array.sty
Package: array 2025/09/25 v2.6n Tabular extension package (FMi)
\col@sep=\dimen182
\ar@mcellbox=\box64
\extrarowheight=\dimen183
\NC@list=\toks33
\extratabsurround=\skip61
\backup@length=\skip62
\ar@cellbox=\box65
))
(/usr/share/texlive/texmf-dist/tex/latex/graphics/graphicx.sty
Package: graphicx 2024/12/31 v1.2e Enhanced LaTeX Graphics (DPC,SPQR)

(/usr/share/texlive/texmf-dist/tex/latex/graphics/graphics.sty
Package: graphics 2024/08/06 v1.4g Standard LaTeX Graphics (DPC,SPQR)

(/usr/share/texlive/texmf-dist/tex/latex/graphics/trig.sty
Package: trig 2023/12/02 v1.11 sin cos tan (DPC)
)
(/usr/share/texlive/texmf-dist/tex/latex/graphics-cfg/graphics.cfg
File: graphics.cfg 2016/06/04 v1.11 sample graphics configuration
)
Package graphics Info: Driver file: pdftex.def on input line 106.

(/usr/share/texlive/texmf-dist/tex/latex/graphics-def/pdftex.def
File: pdftex.def 2025/09/29 v1.2d Graphics/color driver for pdftex
))
\Gin@req@height=\dimen184
\Gin@req@width=\dimen185
)
(/usr/share/texlive/texmf-dist/tex/latex/booktabs/booktabs.sty
Package: booktabs 2020/01/12 v1.61803398 Publication quality tables
\heavyrulewidth=\dimen186
\lightrulewidth=\dimen187
\cmidrulewidth=\dimen188
\belowrulesep=\dimen189
\belowbottomsep=\dimen190
\aboverulesep=\dimen191
\abovetopsep=\dimen192
\cmidrulesep=\dimen193
\cmidrulekern=\dimen194
\defaultaddspace=\dimen195
\@cmidla=\count322
\@cmidlb=\count323
\@aboverulesep=\dimen196
\@belowrulesep=\dimen197
\@thisruleclass=\count324
\@lastruleclass=\count325
\@thisrulewidth=\dimen198
)
(/usr/share/texlive/texmf-dist/tex/latex/multirow/multirow.sty
Package: multirow 2024/11/12 v2.9 Span multiple rows of a table
\multirow@colwidth=\skip63
\multirow@cntb=\count326
\multirow@dima=\skip64
\bigstrutjot=\dimen199
)
(/usr/share/texlive/texmf-dist/tex/latex/tools/longtable.sty
Package: longtable 2025-10-13 v4.24 Multi-page Table package (DPC)
\LTleft=\skip65
\LTright=\skip66
\LTpre=\skip67
\LTpost=\skip68
\LTchunksize=\count327
\LTcapwidth=\dimen256
\LT@head=\box66
\LT@firsthead=\box67
\LT@foot=\box68
\LT@lastfoot=\box69
\LT@gbox=\box70
\LT@cols=\count328
\LT@rows=\count329
\c@LT@tables=\count330
\c@LT@chunks=\count331
\LT@p@ftn=\toks34
)
(/usr/share/texlive/texmf-dist/tex/latex/tools/tabularx.sty
Package: tabularx 2023/12/11 v2.12a `tabularx' package (DPC)
\TX@col@width=\dimen257
\TX@old@table=\dimen258
\TX@old@col=\dimen259
\TX@target=\dimen260
\TX@delta=\dimen261
\TX@cols=\count332
\TX@ftn=\toks35
)
(/usr/share/texlive/texmf-dist/tex/latex/hyperref/hyperref.sty
Package: hyperref 2025-07-12 v7.01o Hypertext links for LaTeX

(/usr/share/texlive/texmf-dist/tex/latex/kvsetkeys/kvsetkeys.sty
Package: kvsetkeys 2022-10-05 v1.19 Key value parser (HO)
)
(/usr/share/texlive/texmf-dist/tex/generic/kvdefinekeys/kvdefinekeys.sty
Package: kvdefinekeys 2019-12-19 v1.6 Define keys (HO)
)
(/usr/share/texlive/texmf-dist/tex/generic/pdfescape/pdfescape.sty
Package: pdfescape 2019/12/09 v1.15 Implements pdfTeX's escape features (HO)
)
(/usr/share/texlive/texmf-dist/tex/latex/hycolor/hycolor.sty
Package: hycolor 2020-01-27 v1.10 Color options for hyperref/bookmark (HO)
)
(/usr/share/texlive/texmf-dist/tex/latex/hyperref/nameref.sty
Package: nameref 2025-06-21 v2.57 Cross-referencing by name of section

(/usr/share/texlive/texmf-dist/tex/latex/refcount/refcount.sty
Package: refcount 2019/12/15 v3.6 Data extraction from label references (HO)
)
(/usr/share/texlive/texmf-dist/tex/generic/gettitlestring/gettitlestring.sty
Package: gettitlestring 2019/12/15 v1.6 Cleanup title references (HO)

(/usr/share/texlive/texmf-dist/tex/latex/kvoptions/kvoptions.sty
Package: kvoptions 2022-06-15 v3.15 Key value format for package options (HO)
))
\c@section@level=\count333
)
(/usr/share/texlive/texmf-dist/tex/generic/stringenc/stringenc.sty
Package: stringenc 2019/11/29 v1.12 Convert strings between diff. encodings (HO
)
)
\@linkdim=\dimen262
\Hy@linkcounter=\count334
\Hy@pagecounter=\count335

(/usr/share/texlive/texmf-dist/tex/latex/hyperref/pd1enc.def
File: pd1enc.def 2025-07-12 v7.01o Hyperref: PDFDocEncoding definition (HO)
Now handling font encoding PD1 ...
... no UTF-8 mapping file for font encoding PD1
)
(/usr/share/texlive/texmf-dist/tex/generic/intcalc/intcalc.sty
Package: intcalc 2019/12/15 v1.3 Expandable calculations with integers (HO)
)
\Hy@SavedSpaceFactor=\count336

(/usr/share/texlive/texmf-dist/tex/latex/hyperref/puenc.def
File: puenc.def 2025-07-12 v7.01o Hyperref: PDF Unicode definition (HO)
Now handling font encoding PU ...
... no UTF-8 mapping file for font encoding PU
)
Package hyperref Info: Hyper figures OFF on input line 4195.
Package hyperref Info: Link nesting OFF on input line 4200.
Package hyperref Info: Hyper index ON on input line 4203.
Package hyperref Info: Plain pages OFF on input line 4210.
Package hyperref Info: Backreferencing OFF on input line 4215.
Package hyperref Info: Implicit mode ON; LaTeX internals redefined.
Package hyperref Info: Bookmarks ON on input line 4462.
\c@Hy@tempcnt=\count337

(/usr/share/texlive/texmf-dist/tex/latex/url/url.sty
\Urlmuskip=\muskip18
Package: url 2013/09/16  ver 3.4  Verb mode for urls, etc.
)
LaTeX Info: Redefining \url on input line 4801.
\XeTeXLinkMargin=\dimen263

(/usr/share/texlive/texmf-dist/tex/generic/bitset/bitset.sty
Package: bitset 2019/12/09 v1.3 Handle bit-vector datatype (HO)

(/usr/share/texlive/texmf-dist/tex/generic/bigintcalc/bigintcalc.sty
Package: bigintcalc 2019/12/15 v1.5 Expandable calculations on big integers (HO
)
))
\Fld@menulength=\count338
\Field@Width=\dimen264
\Fld@charsize=\dimen265
Package hyperref Info: Hyper figures OFF on input line 6078.
Package hyperref Info: Link nesting OFF on input line 6083.
Package hyperref Info: Hyper index ON on input line 6086.
Package hyperref Info: backreferencing OFF on input line 6093.
Package hyperref Info: Link coloring OFF on input line 6098.
Package hyperref Info: Link coloring with OCG OFF on input line 6103.
Package hyperref Info: PDF/A mode OFF on input line 6108.
\Hy@abspage=\count339
\c@Item=\count340
\c@Hfootnote=\count341
)
Package hyperref Info: Driver (autodetected): hpdftex.

(/usr/share/texlive/texmf-dist/tex/latex/hyperref/hpdftex.def
File: hpdftex.def 2025-07-12 v7.01o Hyperref driver for pdfTeX
\Fld@listcount=\count342
\c@bookmark@seq@number=\count343

(/usr/share/texlive/texmf-dist/tex/latex/rerunfilecheck/rerunfilecheck.sty
Package: rerunfilecheck 2025-06-21 v1.11 Rerun checks for auxiliary files (HO)

(/usr/share/texlive/texmf-dist/tex/generic/uniquecounter/uniquecounter.sty
Package: uniquecounter 2019/12/15 v1.4 Provide unlimited unique counter (HO)
)
Package uniquecounter Info: New unique counter `rerunfilecheck' on input line 2
84.
)
\Hy@SectionHShift=\skip69
)
Package hyperref Info: Option `colorlinks' set `true' on input line 26.

(/usr/share/texlive/texmf-dist/tex/latex/cleveref/cleveref.sty
Package: cleveref 2018/03/27 v0.21.4 Intelligent cross-referencing
Package cleveref Info: `hyperref' support loaded on input line 2370.
LaTeX Info: Redefining \cref on input line 2370.
LaTeX Info: Redefining \Cref on input line 2370.
LaTeX Info: Redefining \crefrange on input line 2370.
LaTeX Info: Redefining \Crefrange on input line 2370.
LaTeX Info: Redefining \cpageref on input line 2370.
LaTeX Info: Redefining \Cpageref on input line 2370.
LaTeX Info: Redefining \cpagerefrange on input line 2370.
LaTeX Info: Redefining \Cpagerefrange on input line 2370.
LaTeX Info: Redefining \labelcref on input line 2370.
LaTeX Info: Redefining \labelcpageref on input line 2370.
Package cleveref Info: `amsthm' support loaded on input line 3026.
Package cleveref Info: always capitalise cross-reference names on input line 78
25.
Package cleveref Info: always capitalise cross-reference names on input line 78
52.
)
==> First Aid for cleveref.sty applied!
(/usr/share/texlive/texmf-dist/tex/latex/xcolor/xcolor.sty
Package: xcolor 2024/09/29 v3.02 LaTeX color extensions (UK)

(/usr/share/texlive/texmf-dist/tex/latex/graphics-cfg/color.cfg
File: color.cfg 2016/01/02 v1.6 sample color configuration
)
Package xcolor Info: Driver file: pdftex.def on input line 274.

(/usr/share/texlive/texmf-dist/tex/latex/graphics/mathcolor.ltx)
Package xcolor Info: Model `cmy' substituted by `cmy0' on input line 1349.
Package xcolor Info: Model `hsb' substituted by `rgb' on input line 1353.
Package xcolor Info: Model `RGB' extended on input line 1365.
Package xcolor Info: Model `HTML' substituted by `rgb' on input line 1367.
Package xcolor Info: Model `Hsb' substituted by `hsb' on input line 1368.
Package xcolor Info: Model `tHsb' substituted by `hsb' on input line 1369.
Package xcolor Info: Model `HSB' substituted by `hsb' on input line 1370.
Package xcolor Info: Model `Gray' substituted by `gray' on input line 1371.
Package xcolor Info: Model `wave' substituted by `hsb' on input line 1372.
)
(/usr/share/texlive/texmf-dist/tex/latex/listings/listings.sty
\lst@mode=\count344
\lst@gtempboxa=\box71
\lst@token=\toks36
\lst@length=\count345
\lst@currlwidth=\dimen266
\lst@column=\count346
\lst@pos=\count347
\lst@lostspace=\dimen267
\lst@width=\dimen268
\lst@newlines=\count348
\lst@lineno=\count349
\lst@maxwidth=\dimen269

(/usr/share/texlive/texmf-dist/tex/latex/listings/lstpatch.sty
File: lstpatch.sty 2025/11/14 1.11b (Carsten Heinz)
)
(/usr/share/texlive/texmf-dist/tex/latex/listings/lstmisc.sty
File: lstmisc.sty 2025/11/14 1.11b (Carsten Heinz)
\c@lstnumber=\count350
\lst@skipnumbers=\count351
\lst@framebox=\box72
)
(/usr/share/texlive/texmf-dist/tex/latex/listings/listings.cfg
File: listings.cfg 2025/11/14 1.11b listings configuration
))
Package: listings 2025/11/14 1.11b (Carsten Heinz)

==> First Aid for listings.sty no longer applied!
    Expected:
        2024/09/23 1.10c (Carsten Heinz)
    but found:
        2025/11/14 1.11b (Carsten Heinz)
    so I'm assuming it got fixed.
(/usr/share/texlive/texmf-dist/tex/latex/algorithms/algorithm.sty
Package: algorithm 2009/08/24 v0.1 Document Style `algorithm' - floating enviro
nment

(/usr/share/texlive/texmf-dist/tex/latex/float/float.sty
Package: float 2001/11/08 v1.3d Float enhancements (AL)
\c@float@type=\count352
\float@exts=\toks37
\float@box=\box73
\@float@everytoks=\toks38
\@floatcapt=\box74
)
(/usr/share/texlive/texmf-dist/tex/latex/base/ifthen.sty
Package: ifthen 2024/03/16 v1.1e Standard LaTeX ifthen package (DPC)
)
\@float@every@algorithm=\toks39
\c@algorithm=\count353
)
(/usr/share/texlive/texmf-dist/tex/latex/algorithmicx/algpseudocode.sty
Package: algpseudocode 

(/usr/share/texlive/texmf-dist/tex/latex/algorithmicx/algorithmicx.sty
Package: algorithmicx 2005/04/27 v1.2 Algorithmicx

Document Style algorithmicx 1.2 - a greatly improved `algorithmic' style
\c@ALG@line=\count354
\c@ALG@rem=\count355
\c@ALG@nested=\count356
\ALG@tlm=\skip70
\ALG@thistlm=\skip71
\c@ALG@Lnr=\count357
\c@ALG@blocknr=\count358
\c@ALG@storecount=\count359
\c@ALG@tmpcounter=\count360
\ALG@tmplength=\skip72
)
Document Style - pseudocode environments for use with the `algorithmicx' style
) (/usr/share/texlive/texmf-dist/tex/latex/pgf/frontendlayer/tikz.sty
(/usr/share/texlive/texmf-dist/tex/latex/pgf/basiclayer/pgf.sty
(/usr/share/texlive/texmf-dist/tex/latex/pgf/utilities/pgfrcs.sty
(/usr/share/texlive/texmf-dist/tex/generic/pgf/utilities/pgfutil-common.tex
\pgfutil@everybye=\toks40
\pgfutil@tempdima=\dimen270
\pgfutil@tempdimb=\dimen271
)
(/usr/share/texlive/texmf-dist/tex/generic/pgf/utilities/pgfutil-latex.def
\pgfutil@abb=\box75
)
(/usr/share/texlive/texmf-dist/tex/generic/pgf/utilities/pgfrcs.code.tex
(/usr/share/texlive/texmf-dist/tex/generic/pgf/pgf.revision.tex)
Package: pgfrcs 2025-08-29 v3.1.11a (3.1.11a)
))
Package: pgf 2025-08-29 v3.1.11a (3.1.11a)

(/usr/share/texlive/texmf-dist/tex/latex/pgf/basiclayer/pgfcore.sty
(/usr/share/texlive/texmf-dist/tex/latex/pgf/systemlayer/pgfsys.sty
(/usr/share/texlive/texmf-dist/tex/generic/pgf/systemlayer/pgfsys.code.tex
Package: pgfsys 2025-08-29 v3.1.11a (3.1.11a)

(/usr/share/texlive/texmf-dist/tex/generic/pgf/utilities/pgfkeys.code.tex
\pgfkeys@pathtoks=\toks41
\pgfkeys@temptoks=\toks42

(/usr/share/texlive/texmf-dist/tex/generic/pgf/utilities/pgfkeyslibraryfiltered
.code.tex
\pgfkeys@tmptoks=\toks43
))
\pgf@x=\dimen272
\pgf@y=\dimen273
\pgf@xa=\dimen274
\pgf@ya=\dimen275
\pgf@xb=\dimen276
\pgf@yb=\dimen277
\pgf@xc=\dimen278
\pgf@yc=\dimen279
\pgf@xd=\dimen280
\pgf@yd=\dimen281
\w@pgf@writea=\write3
\r@pgf@reada=\read3
\c@pgf@counta=\count361
\c@pgf@countb=\count362
\c@pgf@countc=\count363
\c@pgf@countd=\count364
\t@pgf@toka=\toks44
\t@pgf@tokb=\toks45
\t@pgf@tokc=\toks46
\pgf@sys@id@count=\count365
 (/usr/share/texlive/texmf-dist/tex/generic/pgf/systemlayer/pgf.cfg
File: pgf.cfg 2025-08-29 v3.1.11a (3.1.11a)
)
Driver file for pgf: pgfsys-pdftex.def
(/usr/share/texlive/texmf-dist/tex/generic/pgf/systemlayer/pgfsys-pdftex.def
File: pgfsys-pdftex.def 2025-08-29 v3.1.11a (3.1.11a)

(/usr/share/texlive/texmf-dist/tex/generic/pgf/systemlayer/pgfsys-common-pdf.de
f
File: pgfsys-common-pdf.def 2025-08-29 v3.1.11a (3.1.11a)
)))
(/usr/share/texlive/texmf-dist/tex/generic/pgf/systemlayer/pgfsyssoftpath.code.
tex
File: pgfsyssoftpath.code.tex 2025-08-29 v3.1.11a (3.1.11a)
\pgfsyssoftpath@smallbuffer@items=\count366
\pgfsyssoftpath@bigbuffer@items=\count367
)
(/usr/share/texlive/texmf-dist/tex/generic/pgf/systemlayer/pgfsysprotocol.code.
tex
File: pgfsysprotocol.code.tex 2025-08-29 v3.1.11a (3.1.11a)
))
(/usr/share/texlive/texmf-dist/tex/generic/pgf/basiclayer/pgfcore.code.tex
Package: pgfcore 2025-08-29 v3.1.11a (3.1.11a)

(/usr/share/texlive/texmf-dist/tex/generic/pgf/math/pgfmath.code.tex
(/usr/share/texlive/texmf-dist/tex/generic/pgf/math/pgfmathutil.code.tex)
(/usr/share/texlive/texmf-dist/tex/generic/pgf/math/pgfmathparser.code.tex
\pgfmath@dimen=\dimen282
\pgfmath@count=\count368
\pgfmath@box=\box76
\pgfmath@toks=\toks47
\pgfmath@stack@operand=\toks48
\pgfmath@stack@operation=\toks49
)
(/usr/share/texlive/texmf-dist/tex/generic/pgf/math/pgfmathfunctions.code.tex)
(/usr/share/texlive/texmf-dist/tex/generic/pgf/math/pgfmathfunctions.basic.code
.tex)
(/usr/share/texlive/texmf-dist/tex/generic/pgf/math/pgfmathfunctions.trigonomet
ric.code.tex)
(/usr/share/texlive/texmf-dist/tex/generic/pgf/math/pgfmathfunctions.random.cod
e.tex)
(/usr/share/texlive/texmf-dist/tex/generic/pgf/math/pgfmathfunctions.comparison
.code.tex)
(/usr/share/texlive/texmf-dist/tex/generic/pgf/math/pgfmathfunctions.base.code.
tex)
(/usr/share/texlive/texmf-dist/tex/generic/pgf/math/pgfmathfunctions.round.code
.tex)
(/usr/share/texlive/texmf-dist/tex/generic/pgf/math/pgfmathfunctions.misc.code.
tex)
(/usr/share/texlive/texmf-dist/tex/generic/pgf/math/pgfmathfunctions.integerari
thmetics.code.tex)
(/usr/share/texlive/texmf-dist/tex/generic/pgf/math/pgfmathcalc.code.tex)
(/usr/share/texlive/texmf-dist/tex/generic/pgf/math/pgfmathfloat.code.tex
\c@pgfmathroundto@lastzeros=\count369
))
(/usr/share/texlive/texmf-dist/tex/generic/pgf/math/pgfint.code.tex)
(/usr/share/texlive/texmf-dist/tex/generic/pgf/basiclayer/pgfcorepoints.code.te
x
File: pgfcorepoints.code.tex 2025-08-29 v3.1.11a (3.1.11a)
\pgf@picminx=\dimen283
\pgf@picmaxx=\dimen284
\pgf@picminy=\dimen285
\pgf@picmaxy=\dimen286
\pgf@pathminx=\dimen287
\pgf@pathmaxx=\dimen288
\pgf@pathminy=\dimen289
\pgf@pathmaxy=\dimen290
\pgf@xx=\dimen291
\pgf@xy=\dimen292
\pgf@yx=\dimen293
\pgf@yy=\dimen294
\pgf@zx=\dimen295
\pgf@zy=\dimen296
)
(/usr/share/texlive/texmf-dist/tex/generic/pgf/basiclayer/pgfcorepathconstruct.
code.tex
File: pgfcorepathconstruct.code.tex 2025-08-29 v3.1.11a (3.1.11a)
\pgf@path@lastx=\dimen297
\pgf@path@lasty=\dimen298
)
(/usr/share/texlive/texmf-dist/tex/generic/pgf/basiclayer/pgfcorepathusage.code
.tex
File: pgfcorepathusage.code.tex 2025-08-29 v3.1.11a (3.1.11a)
\pgf@shorten@end@additional=\dimen299
\pgf@shorten@start@additional=\dimen300
)
(/usr/share/texlive/texmf-dist/tex/generic/pgf/basiclayer/pgfcorescopes.code.te
x
File: pgfcorescopes.code.tex 2025-08-29 v3.1.11a (3.1.11a)
\pgfpic=\box77
\pgf@hbox=\box78
\pgf@layerbox@main=\box79
\pgf@picture@serial@count=\count370
)
(/usr/share/texlive/texmf-dist/tex/generic/pgf/basiclayer/pgfcoregraphicstate.c
ode.tex
File: pgfcoregraphicstate.code.tex 2025-08-29 v3.1.11a (3.1.11a)
\pgflinewidth=\dimen301
)
(/usr/share/texlive/texmf-dist/tex/generic/pgf/basiclayer/pgfcoretransformation
s.code.tex
File: pgfcoretransformations.code.tex 2025-08-29 v3.1.11a (3.1.11a)
\pgf@pt@x=\dimen302
\pgf@pt@y=\dimen303
\pgf@pt@temp=\dimen304
)
(/usr/share/texlive/texmf-dist/tex/generic/pgf/basiclayer/pgfcorequick.code.tex
File: pgfcorequick.code.tex 2025-08-29 v3.1.11a (3.1.11a)
)
(/usr/share/texlive/texmf-dist/tex/generic/pgf/basiclayer/pgfcoreobjects.code.t
ex
File: pgfcoreobjects.code.tex 2025-08-29 v3.1.11a (3.1.11a)
)
(/usr/share/texlive/texmf-dist/tex/generic/pgf/basiclayer/pgfcorepathprocessing
.code.tex
File: pgfcorepathprocessing.code.tex 2025-08-29 v3.1.11a (3.1.11a)
)
(/usr/share/texlive/texmf-dist/tex/generic/pgf/basiclayer/pgfcorearrows.code.te
x
File: pgfcorearrows.code.tex 2025-08-29 v3.1.11a (3.1.11a)
\pgfarrowsep=\dimen305
)
(/usr/share/texlive/texmf-dist/tex/generic/pgf/basiclayer/pgfcoreshade.code.tex
File: pgfcoreshade.code.tex 2025-08-29 v3.1.11a (3.1.11a)
\pgf@max=\dimen306
\pgf@sys@shading@range@num=\count371
\pgf@shadingcount=\count372
)
(/usr/share/texlive/texmf-dist/tex/generic/pgf/basiclayer/pgfcoreimage.code.tex
File: pgfcoreimage.code.tex 2025-08-29 v3.1.11a (3.1.11a)
)
(/usr/share/texlive/texmf-dist/tex/generic/pgf/basiclayer/pgfcoreexternal.code.
tex
File: pgfcoreexternal.code.tex 2025-08-29 v3.1.11a (3.1.11a)
\pgfexternal@startupbox=\box80
)
(/usr/share/texlive/texmf-dist/tex/generic/pgf/basiclayer/pgfcorelayers.code.te
x
File: pgfcorelayers.code.tex 2025-08-29 v3.1.11a (3.1.11a)
)
(/usr/share/texlive/texmf-dist/tex/generic/pgf/basiclayer/pgfcoretransparency.c
ode.tex
File: pgfcoretransparency.code.tex 2025-08-29 v3.1.11a (3.1.11a)
)
(/usr/share/texlive/texmf-dist/tex/generic/pgf/basiclayer/pgfcorepatterns.code.
tex
File: pgfcorepatterns.code.tex 2025-08-29 v3.1.11a (3.1.11a)
)
(/usr/share/texlive/texmf-dist/tex/generic/pgf/basiclayer/pgfcorerdf.code.tex
File: pgfcorerdf.code.tex 2025-08-29 v3.1.11a (3.1.11a)
)))
(/usr/share/texlive/texmf-dist/tex/generic/pgf/modules/pgfmoduleshapes.code.tex
File: pgfmoduleshapes.code.tex 2025-08-29 v3.1.11a (3.1.11a)
\pgfnodeparttextbox=\box81
) (/usr/share/texlive/texmf-dist/tex/generic/pgf/modules/pgfmoduleplot.code.tex
File: pgfmoduleplot.code.tex 2025-08-29 v3.1.11a (3.1.11a)
)
(/usr/share/texlive/texmf-dist/tex/latex/pgf/compatibility/pgfcomp-version-0-65
.sty
Package: pgfcomp-version-0-65 2025-08-29 v3.1.11a (3.1.11a)
\pgf@nodesepstart=\dimen307
\pgf@nodesepend=\dimen308
)
(/usr/share/texlive/texmf-dist/tex/latex/pgf/compatibility/pgfcomp-version-1-18
.sty
Package: pgfcomp-version-1-18 2025-08-29 v3.1.11a (3.1.11a)
)) (/usr/share/texlive/texmf-dist/tex/latex/pgf/utilities/pgffor.sty
(/usr/share/texlive/texmf-dist/tex/latex/pgf/utilities/pgfkeys.sty
(/usr/share/texlive/texmf-dist/tex/generic/pgf/utilities/pgfkeys.code.tex))
(/usr/share/texlive/texmf-dist/tex/latex/pgf/math/pgfmath.sty
(/usr/share/texlive/texmf-dist/tex/generic/pgf/math/pgfmath.code.tex))
(/usr/share/texlive/texmf-dist/tex/generic/pgf/utilities/pgffor.code.tex
Package: pgffor 2025-08-29 v3.1.11a (3.1.11a)
\pgffor@iter=\dimen309
\pgffor@skip=\dimen310
\pgffor@stack=\toks50
\pgffor@toks=\toks51
))
(/usr/share/texlive/texmf-dist/tex/generic/pgf/frontendlayer/tikz/tikz.code.tex
Package: tikz 2025-08-29 v3.1.11a (3.1.11a)

(/usr/share/texlive/texmf-dist/tex/generic/pgf/libraries/pgflibraryplothandlers
.code.tex
File: pgflibraryplothandlers.code.tex 2025-08-29 v3.1.11a (3.1.11a)
\pgf@plot@mark@count=\count373
\pgfplotmarksize=\dimen311
)
\tikz@lastx=\dimen312
\tikz@lasty=\dimen313
\tikz@lastxsaved=\dimen314
\tikz@lastysaved=\dimen315
\tikz@lastmovetox=\dimen316
\tikz@lastmovetoy=\dimen317
\tikzleveldistance=\dimen318
\tikzsiblingdistance=\dimen319
\tikz@figbox=\box82
\tikz@figbox@bg=\box83
\tikz@tempbox=\box84
\tikz@tempbox@bg=\box85
\tikztreelevel=\count374
\tikznumberofchildren=\count375
\tikznumberofcurrentchild=\count376
\tikz@fig@count=\count377

(/usr/share/texlive/texmf-dist/tex/generic/pgf/modules/pgfmodulematrix.code.tex
File: pgfmodulematrix.code.tex 2025-08-29 v3.1.11a (3.1.11a)
\pgfmatrixcurrentrow=\count378
\pgfmatrixcurrentcolumn=\count379
\pgf@matrix@numberofcolumns=\count380
)
\tikz@expandcount=\count381

(/usr/share/texlive/texmf-dist/tex/generic/pgf/frontendlayer/tikz/libraries/tik
zlibrarytopaths.code.tex
File: tikzlibrarytopaths.code.tex 2025-08-29 v3.1.11a (3.1.11a)
)))
(/usr/share/texlive/texmf-dist/tex/generic/pgf/libraries/pgflibraryarrows.meta.
code.tex
File: pgflibraryarrows.meta.code.tex 2025-08-29 v3.1.11a (3.1.11a)
\pgfarrowinset=\dimen320
\pgfarrowlength=\dimen321
\pgfarrowwidth=\dimen322
\pgfarrowlinewidth=\dimen323
)
(/usr/share/texlive/texmf-dist/tex/generic/pgf/frontendlayer/tikz/libraries/tik
zlibrarypositioning.code.tex
File: tikzlibrarypositioning.code.tex 2025-08-29 v3.1.11a (3.1.11a)
)
(/usr/share/texlive/texmf-dist/tex/generic/pgf/frontendlayer/tikz/libraries/tik
zlibrarycalc.code.tex
File: tikzlibrarycalc.code.tex 2025-08-29 v3.1.11a (3.1.11a)
)
(/usr/share/texlive/texmf-dist/tex/generic/pgf/frontendlayer/tikz/libraries/tik
zlibrarydecorations.pathreplacing.code.tex
(/usr/share/texlive/texmf-dist/tex/generic/pgf/frontendlayer/tikz/libraries/tik
zlibrarydecorations.code.tex
(/usr/share/texlive/texmf-dist/tex/generic/pgf/modules/pgfmoduledecorations.cod
e.tex
\pgfdecoratedcompleteddistance=\dimen324
\pgfdecoratedremainingdistance=\dimen325
\pgfdecoratedinputsegmentcompleteddistance=\dimen326
\pgfdecoratedinputsegmentremainingdistance=\dimen327
\pgf@decorate@distancetomove=\dimen328
\pgf@decorate@repeatstate=\count382
\pgfdecorationsegmentamplitude=\dimen329
\pgfdecorationsegmentlength=\dimen330
)
\tikz@lib@dec@box=\box86
)
(/usr/share/texlive/texmf-dist/tex/generic/pgf/libraries/decorations/pgflibrary
decorations.pathreplacing.code.tex))
(/usr/share/texlive/texmf-dist/tex/latex/fancyhdr/fancyhdr.sty
Package: fancyhdr 2025/02/07 v5.2 Extensive control of page headers and footers

\f@nch@headwidth=\skip73
\f@nch@offset@elh=\skip74
\f@nch@offset@erh=\skip75
\f@nch@offset@olh=\skip76
\f@nch@offset@orh=\skip77
\f@nch@offset@elf=\skip78
\f@nch@offset@erf=\skip79
\f@nch@offset@olf=\skip80
\f@nch@offset@orf=\skip81
\f@nch@height=\skip82
\f@nch@footalignment=\skip83
\f@nch@widthL=\skip84
\f@nch@widthC=\skip85
\f@nch@widthR=\skip86
\@temptokenb=\toks52
)
(/usr/share/texlive/texmf-dist/tex/latex/titlesec/titlesec.sty
Package: titlesec 2025/01/04 v2.17 Sectioning titles
\ttl@box=\box87
\beforetitleunit=\skip87
\aftertitleunit=\skip88
\ttl@plus=\dimen331
\ttl@minus=\dimen332
\ttl@toksa=\toks53
\titlewidth=\dimen333
\titlewidthlast=\dimen334
\titlewidthfirst=\dimen335
)
(/usr/share/texlive/texmf-dist/tex/latex/enumitem/enumitem.sty
Package: enumitem 2025/02/06 v3.11 Customized lists
\labelindent=\skip89
\enit@outerparindent=\dimen336
\enit@toks=\toks54
\enit@inbox=\box88
\enit@count@id=\count383
\enitdp@description=\count384
)
(/usr/share/texlive/texmf-dist/tex/latex/caption/caption.sty
Package: caption 2023/08/05 v3.6o Customizing captions (AR)

(/usr/share/texlive/texmf-dist/tex/latex/caption/caption3.sty
Package: caption3 2023/07/31 v2.4d caption3 kernel (AR)
\caption@tempdima=\dimen337
\captionmargin=\dimen338
\caption@leftmargin=\dimen339
\caption@rightmargin=\dimen340
\caption@width=\dimen341
\caption@indent=\dimen342
\caption@parindent=\dimen343
\caption@hangindent=\dimen344
Package caption Info: Standard document class detected.
)
\c@caption@flags=\count385
\c@continuedfloat=\count386
Package caption Info: float package is loaded.
Package caption Info: hyperref package is loaded.
Package caption Info: listings package is loaded.
Package caption Info: longtable package is loaded.

(/usr/share/texlive/texmf-dist/tex/latex/caption/ltcaption.sty
Package: ltcaption 2021/01/08 v1.4c longtable captions (AR)
))
(/usr/share/texlive/texmf-dist/tex/latex/caption/subcaption.sty
Package: subcaption 2023/07/28 v1.6b Sub-captions (AR)
Package caption Info: New subtype `subfigure' on input line 238.
\c@subfigure=\count387
Package caption Info: New subtype `subtable' on input line 238.
\c@subtable=\count388
)
(/usr/share/texlive/texmf-dist/tex/latex/microtype/microtype.sty
Package: microtype 2025/07/09 v3.2b Micro-typographical refinements (RS)
\MT@toks=\toks55
\MT@tempbox=\box89
\MT@count=\count389
LaTeX Info: Redefining \noprotrusionifhmode on input line 1087.
LaTeX Info: Redefining \leftprotrusion on input line 1088.
\MT@prot@toks=\toks56
LaTeX Info: Redefining \rightprotrusion on input line 1107.
LaTeX Info: Redefining \textls on input line 1449.
\MT@outer@kern=\dimen345
LaTeX Info: Redefining \microtypecontext on input line 2053.
LaTeX Info: Redefining \textmicrotypecontext on input line 2070.
\MT@listname@count=\count390

(/usr/share/texlive/texmf-dist/tex/latex/microtype/microtype-pdftex.def
File: microtype-pdftex.def 2025/07/09 v3.2b Definitions specific to pdftex (RS)

LaTeX Info: Redefining \lsstyle on input line 944.
LaTeX Info: Redefining \lslig on input line 944.
\MT@outer@space=\skip90
)
Package microtype Info: Loading configuration file microtype.cfg.

(/usr/share/texlive/texmf-dist/tex/latex/microtype/microtype.cfg
File: microtype.cfg 2025/07/09 v3.2b microtype main configuration file (RS)
)
LaTeX Info: Redefining \microtypesetup on input line 3065.
)
(/usr/share/texlive/texmf-dist/tex/latex/epigraph/epigraph.sty
Package: epigraph 2020/01/02 v1.5e typesetting epigraphs

(/usr/share/texlive/texmf-dist/tex/latex/nextpage/nextpage.sty
Package: nextpage 2009/09/03 v1.1a additional page commands
)
\beforeepigraphskip=\skip91
\afterepigraphskip=\skip92
\epigraphwidth=\skip93
\epigraphrule=\skip94
)
\c@theorem=\count391

(/usr/share/texlive/texmf-dist/tex/latex/listings/lstlang1.sty
File: lstlang1.sty 2025/11/14 1.11b listings language file
)
(/usr/share/texlive/texmf-dist/tex/latex/listings/lstlang1.sty
File: lstlang1.sty 2025/11/14 1.11b listings language file
)
(/usr/share/texlive/texmf-dist/tex/latex/listings/lstmisc.sty
File: lstmisc.sty 2025/11/14 1.11b (Carsten Heinz)
)
LaTeX Font Info:    Trying to load font information for T1+lmr on input line 12
9.

(/usr/share/texmf/tex/latex/lm/t1lmr.fd
File: t1lmr.fd 2015/05/01 v1.6.1 Font defs for Latin Modern
)
No file mpemba_x.aux.
\openout1 = `mpemba_x.aux'.

LaTeX Font Info:    Checking defaults for OML/cmm/m/it on input line 129.
LaTeX Font Info:    ... okay on input line 129.
LaTeX Font Info:    Checking defaults for OMS/cmsy/m/n on input line 129.
LaTeX Font Info:    ... okay on input line 129.
LaTeX Font Info:    Checking defaults for OT1/cmr/m/n on input line 129.
LaTeX Font Info:    ... okay on input line 129.
LaTeX Font Info:    Checking defaults for T1/cmr/m/n on input line 129.
LaTeX Font Info:    ... okay on input line 129.
LaTeX Font Info:    Checking defaults for TS1/cmr/m/n on input line 129.
LaTeX Font Info:    ... okay on input line 129.
LaTeX Font Info:    Checking defaults for OMX/cmex/m/n on input line 129.
LaTeX Font Info:    ... okay on input line 129.
LaTeX Font Info:    Checking defaults for U/cmr/m/n on input line 129.
LaTeX Font Info:    ... okay on input line 129.
LaTeX Font Info:    Checking defaults for PD1/pdf/m/n on input line 129.
LaTeX Font Info:    ... okay on input line 129.
LaTeX Font Info:    Checking defaults for PU/pdf/m/n on input line 129.
LaTeX Font Info:    ... okay on input line 129.
LaTeX Info: Redefining \. on input line 129.
LaTeX Info: Redefining \% on input line 129.
Package babel Info: 'spanish' activates 'spanish' shorthands.
(babel)             Reported on input line 129.
*geometry* driver: auto-detecting
*geometry* detected driver: pdftex
*geometry* verbose mode - [ preamble ] result:
* driver: pdftex
* paper: a4paper
* layout: <same size as paper>
* layoutoffset:(h,v)=(0.0pt,0.0pt)
* modes: twoside 
* h-part:(L,W,R)=(71.13188pt, 455.24411pt, 71.13188pt)
* v-part:(T,H,B)=(71.13188pt, 702.78308pt, 71.13188pt)
* \paperwidth=597.50787pt
* \paperheight=845.04684pt
* \textwidth=455.24411pt
* \textheight=702.78308pt
* \oddsidemargin=-1.1381pt
* \evensidemargin=-1.1381pt
* \topmargin=-40.1381pt
* \headheight=14.0pt
* \headsep=25.0pt
* \topskip=11.0pt
* \footskip=30.0pt
* \marginparwidth=103.0pt
* \marginparsep=10.0pt
* \columnsep=10.0pt
* \skip\footins=10.0pt plus 4.0pt minus 2.0pt
* \hoffset=0.0pt
* \voffset=0.0pt
* \mag=1000
* \@twocolumnfalse
* \@twosidetrue
* \@mparswitchtrue
* \@reversemarginfalse
* (1in=72.27pt=25.4mm, 1cm=28.453pt)


Package siunitx Warning: Detected the "physics" package:
(siunitx)                omitting definition of \qty.
(siunitx)                
(siunitx)                If you want to use \qty with the siunitx definition,
(siunitx)                add 
(siunitx)                
(siunitx)                    \AtBeginDocument{\RenewCommandCopy\qty\SI}
(siunitx)                
(siunitx)                to your preamble.


(/usr/share/texlive/texmf-dist/tex/latex/translations/translations-basic-dictio
nary-spanish.trsl
File: translations-basic-dictionary-spanish.trsl (spanish translation file `tra
nslations-basic-dictionary')
)
Package translations Info: loading dictionary `translations-basic-dictionary' f
or `spanish'. on input line 129.

(/usr/share/texlive/texmf-dist/tex/context/base/mkii/supp-pdf.mkii
[Loading MPS to PDF converter (version 2006.09.02).]
\scratchcounter=\count392
\scratchdimen=\dimen346
\scratchbox=\box90
\nofMPsegments=\count393
\nofMParguments=\count394
\everyMPshowfont=\toks57
\MPscratchCnt=\count395
\MPscratchDim=\dimen347
\MPnumerator=\count396
\makeMPintoPDFobject=\count397
\everyMPtoPDFconversion=\toks58
) (/usr/share/texlive/texmf-dist/tex/latex/epstopdf-pkg/epstopdf-base.sty
Package: epstopdf-base 2020-01-24 v2.11 Base part for package epstopdf
Package epstopdf-base Info: Redefining graphics rule for `.eps' on input line 4
85.

(/usr/share/texlive/texmf-dist/tex/latex/latexconfig/epstopdf-sys.cfg
File: epstopdf-sys.cfg 2010/07/13 v1.3 Configuration of (r)epstopdf for TeX Liv
e
))
Package hyperref Info: Link coloring ON on input line 129.
\@outlinefile=\write4
\openout4 = `mpemba_x.out'.

\c@lstlisting=\count398
Package caption Info: Begin \AtBeginDocument code.
Package caption Info: End \AtBeginDocument code.
LaTeX Info: Redefining \microtypecontext on input line 129.
Package microtype Info: Applying patch `item' on input line 129.
Package microtype Info: Applying patch `toc' on input line 129.
Package microtype Info: Applying patch `eqnum' on input line 129.
Package microtype Info: Applying patch `footnote' on input line 129.
Package microtype Info: Applying patch `verbatim' on input line 129.
LaTeX Info: Redefining \microtypesetup on input line 129.
Package microtype Info: Generating PDF output.
Package microtype Info: Character protrusion enabled (level 2).
Package microtype Info: Using default protrusion set `alltext'.
Package microtype Info: Automatic font expansion enabled (level 2),
(microtype)             stretch: 20, shrink: 20, step: 1, non-selected.
Package microtype Info: Using default expansion set `alltext-nott'.
Package microtype Info: Patching command `\showhyphens'.
Package microtype Info: No adjustment of tracking.
Package microtype Info: No adjustment of interword spacing.
Package microtype Info: No adjustment of character kerning.

(/usr/share/texlive/texmf-dist/tex/latex/microtype/mt-cmr.cfg
File: mt-cmr.cfg 2013/05/19 v2.2 microtype config. file: Computer Modern Roman 
(RS)
)
! Undefined control sequence.
l.131 \frontmatter
                  
? 
LaTeX Font Info:    Trying to load font information for OT1+lmr on input line 1
34.
(/usr/share/texmf/tex/latex/lm/ot1lmr.fd
File: ot1lmr.fd 2015/05/01 v1.6.1 Font defs for Latin Modern
)
LaTeX Font Info:    Trying to load font information for OML+lmm on input line 1
34.

(/usr/share/texmf/tex/latex/lm/omllmm.fd
File: omllmm.fd 2015/05/01 v1.6.1 Font defs for Latin Modern
)
LaTeX Font Info:    Trying to load font information for OMS+lmsy on input line 
134.

(/usr/share/texmf/tex/latex/lm/omslmsy.fd
File: omslmsy.fd 2015/05/01 v1.6.1 Font defs for Latin Modern
)
LaTeX Font Info:    Trying to load font information for OMX+lmex on input line 
134.

(/usr/share/texmf/tex/latex/lm/omxlmex.fd
File: omxlmex.fd 2015/05/01 v1.6.1 Font defs for Latin Modern
)
LaTeX Font Info:    External font `lmex10' loaded for size
(Font)              <12> on input line 134.
LaTeX Font Info:    External font `lmex10' loaded for size
(Font)              <8> on input line 134.
LaTeX Font Info:    External font `lmex10' loaded for size
(Font)              <6> on input line 134.
LaTeX Font Info:    Trying to load font information for U+msa on input line 134
.

(/usr/share/texlive/texmf-dist/tex/latex/amsfonts/umsa.fd
File: umsa.fd 2013/01/14 v3.01 AMS symbols A
)
(/usr/share/texlive/texmf-dist/tex/latex/microtype/mt-msa.cfg
File: mt-msa.cfg 2006/02/04 v1.1 microtype config. file: AMS symbols (a) (RS)
)
LaTeX Font Info:    Trying to load font information for U+msb on input line 134
.

(/usr/share/texlive/texmf-dist/tex/latex/amsfonts/umsb.fd
File: umsb.fd 2013/01/14 v3.01 AMS symbols B
)
(/usr/share/texlive/texmf-dist/tex/latex/microtype/mt-msb.cfg
File: mt-msb.cfg 2005/06/01 v1.0 microtype config. file: AMS symbols (b) (RS)
) [1

{/var/lib/texmf/fonts/map/pdftex/updmap/pdftex.map}{/usr/share/texmf/fonts/enc/
dvips/lm/lm-ec.enc}] [2

]
LaTeX Font Info:    Trying to load font information for T1+lmtt on input line 1
73.
 (/usr/share/texmf/tex/latex/lm/t1lmtt.fd
File: t1lmtt.fd 2015/05/01 v1.6.1 Font defs for Latin Modern
)
Package microtype Info: Loading generic protrusion settings for font family
(microtype)             `lmtt' (encoding: T1).
(microtype)             For optimal results, create family-specific settings.
(microtype)             See the microtype manual for details.
 [3] [4

]
No file mpemba_x.toc.
\tf@toc=\write5
\openout5 = `mpemba_x.toc'.

[5

]
LaTeX Info: Redefining \. on input line 190.
LaTeX Info: Redefining \% on input line 190.
Package babel Info: 'spanish' activates 'spanish' shorthands.
(babel)             Reported on input line 190.
Package cleveref Info: loaded `spanish' language definitions on input line 190.



Package fancyhdr Warning: \headheight is too small (14.0pt): 
(fancyhdr)                Make it at least 14.1595pt, for example:
(fancyhdr)                \setlength{\headheight}{14.1595pt}.
(fancyhdr)                You might also make \topmargin smaller:
(fancyhdr)                \addtolength{\topmargin}{-0.1595pt}.

[6

]
! Undefined control sequence.
l.192 \mainmatter
                 
? 
(./chapters/01_introduccion.tex
Cap\'{\i }tulo 1.
LaTeX Font Info:    External font `lmex10' loaded for size
(Font)              <10> on input line 8.
LaTeX Font Info:    External font `lmex10' loaded for size
(Font)              <7> on input line 8.
LaTeX Font Info:    External font `lmex10' loaded for size
(Font)              <5> on input line 8.
LaTeX Font Info:    External font `lmex10' loaded for size
(Font)              <10.95> on input line 13.

LaTeX Warning: Citation `lu2017' on page 7 undefined on input line 27.


LaTeX Warning: Reference `eq:mpemba_def' on page 1 undefined on input line 30.


LaTeX Warning: Citation `burridge2016' on page 7 undefined on input line 45.


LaTeX Warning: Citation `hallstadius2020' on page 7 undefined on input line 45.



LaTeX Warning: Citation `mpemba1969' on page 7 undefined on input line 61.

[7

{/usr/share/texmf/fonts/enc/dvips/lm/lm-mathit.enc}{/usr/share/texmf/fonts/enc/
dvips/lm/lm-rm.enc}{/usr/share/texmf/fonts/enc/dvips/lm/lm-mathsy.enc}]

LaTeX Warning: Citation `burridge2016' on page 8 undefined on input line 68.


LaTeX Warning: Citation `burridge2016' on page 8 undefined on input line 73.


LaTeX Warning: Citation `hallstadius2020' on page 8 undefined on input line 82.



LaTeX Warning: Citation `lu2017' on page 8 undefined on input line 95.


LaTeX Warning: Citation `klichraz2019' on page 8 undefined on input line 99.


LaTeX Warning: Citation `lasanta2017' on page 8 undefined on input line 103.


LaTeX Warning: Citation `kumar2020' on page 8 undefined on input line 106.


LaTeX Warning: Citation `baityjesi2019' on page 8 undefined on input line 109.


LaTeX Warning: Citation `carollo2021' on page 8 undefined on input line 112.


LaTeX Warning: Citation `vuhayakawa2025' on page 8 undefined on input line 115.


LaTeX Info: Redefining \. on input line 119.
LaTeX Info: Redefining \% on input line 119.
Package cleveref Info: loaded `spanish' language definitions on input line 119.


Package fancyhdr Warning: \headheight is too small (14.0pt): 
(fancyhdr)                Make it at least 14.1595pt, for example:
(fancyhdr)                \setlength{\headheight}{14.1595pt}.
(fancyhdr)                You might also make \topmargin smaller:
(fancyhdr)                \addtolength{\topmargin}{-0.1595pt}.

[8]

LaTeX Warning: Citation `chattopadhyay2026' on page 9 undefined on input line 1
19.


LaTeX Warning: Citation `liyang2026' on page 9 undefined on input line 120.


LaTeX Warning: Reference `ch:debate_clasico' on page 9 undefined on input line 
130.


LaTeX Warning: Reference `ch:mecanismos_agua' on page 9 undefined on input line
 132.


LaTeX Warning: Reference `ch:markoviano' on page 9 undefined on input line 135.



LaTeX Warning: Reference `ch:mpemba_fuerte' on page 9 undefined on input line 1
37.


LaTeX Warning: Reference `ch:granular' on page 9 undefined on input line 139.


LaTeX Warning: Reference `ch:coloides' on page 9 undefined on input line 141.


LaTeX Warning: Reference `ch:spin_glass' on page 9 undefined on input line 143.



LaTeX Warning: Reference `ch:cuantico' on page 9 undefined on input line 146.


LaTeX Warning: Reference `ch:termomajorizacion' on page 9 undefined on input li
ne 148.


LaTeX Warning: Reference `ch:metodos_numericos' on page 9 undefined on input li
ne 150.


LaTeX Warning: Reference `ch:implementacion' on page 9 undefined on input line 
154.


LaTeX Warning: Reference `ch:conclusiones' on page 9 undefined on input line 15
7.

) (./chapters/02_debate_clasico.tex
LaTeX Info: Redefining \. on input line 4.
LaTeX Info: Redefining \% on input line 4.
Package cleveref Info: loaded `spanish' language definitions on input line 4.
 [9]
Cap\'{\i }tulo 2.

LaTeX Warning: Citation `mpemba1969' on page 10 undefined on input line 9.


LaTeX Warning: Citation `burridge2016' on page 10 undefined on input line 28.


LaTeX Warning: Citation `burridge2016' on page 10 undefined on input line 50.

[10

]

LaTeX Warning: Reference `eq:burridge_criterion' on page 1 undefined on input l
ine 68.


Overfull \hbox (5.41782pt too wide) in paragraph at lines 77--77
|[]\T1/lmr/bx/n/14.4 (-20) La reha-bi-li-ta-ci�n ex-pe-ri-men-tal: Halls-ta-diu
s y Bu-rrid-ge (2020)| 
 []


LaTeX Warning: Citation `hallstadius2020' on page 11 undefined on input line 81
.


LaTeX Warning: Reference `eq:burridge_criterion' on page 1 undefined on input l
ine 104.


LaTeX Warning: Citation `burridge2016' on page 11 undefined on input line 115.


LaTeX Warning: Citation `hallstadius2020' on page 11 undefined on input line 11
5.


LaTeX Warning: Citation `burridge2016' on page 11 undefined on input line 123.

LaTeX Info: Redefining \. on input line 127.
LaTeX Info: Redefining \% on input line 127.
Package cleveref Info: loaded `spanish' language definitions on input line 127.


Package fancyhdr Warning: \headheight is too small (14.0pt): 
(fancyhdr)                Make it at least 14.1595pt, for example:
(fancyhdr)                \setlength{\headheight}{14.1595pt}.
(fancyhdr)                You might also make \topmargin smaller:
(fancyhdr)                \addtolength{\topmargin}{-0.1595pt}.

[11]

LaTeX Warning: Citation `zhang2014' on page 12 undefined on input line 131.


LaTeX Warning: Reference `ch:mecanismos_agua' on page 1 undefined on input line
 132.


LaTeX Warning: Reference `ch:markoviano' on page 1 undefined on input line 149.



LaTeX Warning: Reference `ch:mecanismos_agua' on page 1 undefined on input line
 149.


LaTeX Warning: Reference `ch:termomajorizacion' on page 1 undefined on input li
ne 151.

) (./chapters/03_mecanismos_agua.tex
LaTeX Info: Redefining \. on input line 4.
LaTeX Info: Redefining \% on input line 4.
Package cleveref Info: loaded `spanish' language definitions on input line 4.


Package fancyhdr Warning: \headheight is too small (14.0pt): 
(fancyhdr)                Make it at least 27.7595pt, for example:
(fancyhdr)                \setlength{\headheight}{27.7595pt}.
(fancyhdr)                You might also make \topmargin smaller:
(fancyhdr)                \addtolength{\topmargin}{-13.7595pt}.

[12]
Cap\'{\i }tulo 3.

LaTeX Warning: Citation `zhang2014' on page 13 undefined on input line 9.


Package hyperref Warning: Token not allowed in a PDF string (Unicode):
(hyperref)                removing `math shift' on input line 23.


Package hyperref Warning: Token not allowed in a PDF string (Unicode):
(hyperref)                removing `math shift' on input line 23.

[13

{/usr/share/texmf/fonts/enc/dvips/lm/lm-mathex.enc}]

LaTeX Warning: Reference `eq:fourier_zhang' on page 1 undefined on input line 9
5.


LaTeX Warning: Citation `jin_goddard2015' on page 14 undefined on input line 10
7.

LaTeX Info: Redefining \. on input line 140.
LaTeX Info: Redefining \% on input line 140.
Package cleveref Info: loaded `spanish' language definitions on input line 140.


Package fancyhdr Warning: \headheight is too small (14.0pt): 
(fancyhdr)                Make it at least 27.7595pt, for example:
(fancyhdr)                \setlength{\headheight}{27.7595pt}.
(fancyhdr)                You might also make \topmargin smaller:
(fancyhdr)                \addtolength{\topmargin}{-13.7595pt}.

[14]

LaTeX Warning: Citation `naserifar2019' on page 15 undefined on input line 157.



Package siunitx Warning: Unit macro \angstrom has been deprecated in this
(siunitx)                release.
(siunitx)                
(siunitx)                The BIPM have removed this unit from the SI Brochure.
(siunitx)                You should define it yourself using \DeclareSIUnit in
(siunitx)                your source. The current definition is
(siunitx)                
(siunitx)                \DeclareSIUnit\angstrom{\text {Å}}

LaTeX Info: Redefining \. on input line 207.
LaTeX Info: Redefining \% on input line 207.
Package cleveref Info: loaded `spanish' language definitions on input line 207.


Package fancyhdr Warning: \headheight is too small (14.0pt): 
(fancyhdr)                Make it at least 14.1595pt, for example:
(fancyhdr)                \setlength{\headheight}{14.1595pt}.
(fancyhdr)                You might also make \topmargin smaller:
(fancyhdr)                \addtolength{\topmargin}{-0.1595pt}.

[15]

LaTeX Warning: Citation `naserifar2019' on page 16 undefined on input line 210.



LaTeX Warning: Citation `jin_goddard2015' on page 16 undefined on input line 22
2.


LaTeX Warning: Reference `ch:implementacion' on page 1 undefined on input line 
241.

! Undefined control sequence.
<argument> \kilo \calorie 
                          \per \mole 
l.256 ...athrm{vap}}$ [\si{\kilo\calorie\per\mole}
                                                  ] & 10.52 & 10.65 & 11.05 ...

? 
! Undefined control sequence.
<argument> \kilo \calorie 
                          \per \mole 
l.256 ...athrm{vap}}$ [\si{\kilo\calorie\per\mole}
                                                  ] & 10.52 & 10.65 & 11.05 ...

? 
) (./chapters/04_markoviano.tex
LaTeX Info: Redefining \. on input line 4.
LaTeX Info: Redefining \% on input line 4.
Package cleveref Info: loaded `spanish' language definitions on input line 4.


Package fancyhdr Warning: \headheight is too small (14.0pt): 
(fancyhdr)                Make it at least 27.7595pt, for example:
(fancyhdr)                \setlength{\headheight}{27.7595pt}.
(fancyhdr)                You might also make \topmargin smaller:
(fancyhdr)                \addtolength{\topmargin}{-13.7595pt}.

[16]
Cap\'{\i }tulo 4.

LaTeX Warning: Citation `lu2017' on page 17 undefined on input line 9.

! Double subscript.
l.38 ...relaje a la distribución de Gibbs $\pieq_
                                                  {i}(\Tb) = e^{-\beta_{b} E...

? 
! Double subscript.
l.64 ...ión $\tilde{R}_{ij} = R_{ij} \sqrt{\pieq_
                                                  {j}/\pieq_{i}}$),
? 
! Double subscript.
l.64 ...de{R}_{ij} = R_{ij} \sqrt{\pieq_{j}/\pieq_
                                                  {i}}$),
? 
[17

]
! Double subscript.
l.79     p_{i}(t) - \pieq_
                          {i}(\Tb)
? 
! Double subscript.
l.87 ...        = \sum_{i=1}^{N} u_{i,k} \, \pieq_
                                                  {i}(\Tinit).
? 

LaTeX Warning: Reference `eq:luraz_expansion' on page 1 undefined on input line
 93.

! Double subscript.
l.96     p_{i}(t) - \pieq_
                          {i}(\Tb) \approx c_{2}(\Tinit) \, v_{i,2} \, e^{-\...

? 

LaTeX Warning: Reference `ap:thermomajorization_proofs' on page 18 undefined on
 input line 118.


LaTeX Warning: Reference `eq:luraz_criterion' on page 1 undefined on input line
 122.


LaTeX Warning: Reference `eq:mpemba_def' on page 1 undefined on input line 123.


! Double subscript.
<argument> \pieq _
                  {i}
l.127 ...{i} \, \ln\!\left(\frac{p_{i}}{\pieq_{i}}
                                                  \right),
? 
! Double subscript.
l.134 ...\Dee}{t} = -\sum_{i,j} R_{ij}(\Tb) \pieq_
                                                  {j}
? 
! Double subscript.
<argument> \pieq _
                  {i}
l.135     \left[\frac{p_{i}}{\pieq_{i}}
                                        - \frac{p_{j}}{\pieq_{j}}\right]
? 
! Double subscript.
<argument> \pieq _
                  {j}
l.135 ...{i}}{\pieq_{i}} - \frac{p_{j}}{\pieq_{j}}
                                                  \right]
? 
! Double subscript.
<argument> p_{i}/\pieq _
                        {i}
l.136 ...t[\frac{p_{i}/\pieq_{i}}{p_{j}/\pieq_{j}}
                                                  \right] \leq 0.
? 
! Double subscript.
<argument> p_{j}/\pieq _
                        {j}
l.136 ...t[\frac{p_{i}/\pieq_{i}}{p_{j}/\pieq_{j}}
                                                  \right] \leq 0.
? 

LaTeX Warning: Citation `lu2017' on page 18 undefined on input line 141.

LaTeX Info: Redefining \. on input line 145.
LaTeX Info: Redefining \% on input line 145.
Package cleveref Info: loaded `spanish' language definitions on input line 145.


Package fancyhdr Warning: \headheight is too small (14.0pt): 
(fancyhdr)                Make it at least 27.7595pt, for example:
(fancyhdr)                \setlength{\headheight}{27.7595pt}.
(fancyhdr)                You might also make \topmargin smaller:
(fancyhdr)                \addtolength{\topmargin}{-13.7595pt}.

[18]

Package hyperref Warning: Token not allowed in a PDF string (Unicode):
(hyperref)                removing `math shift' on input line 165.


Package hyperref Warning: Token not allowed in a PDF string (Unicode):
(hyperref)                removing `subscript' on input line 165.


Package hyperref Warning: Token not allowed in a PDF string (Unicode):
(hyperref)                removing `math shift' on input line 165.

! Double subscript.
l.170 ...Tinit) = \sum_{i=1}^{3} u_{i,2} \, \pieq_
                                                  {i}(\Tinit).
? 
! Double subscript.
l.182 si dos preparaciones a $\Tinit_
                                     1 < \Tinit_2 < \Tb$ se acoplan al baño...

? 
! Double subscript.
l.182 si dos preparaciones a $\Tinit_1 < \Tinit_
                                                2 < \Tb$ se acoplan al baño...

? 

LaTeX Warning: Citation `kumarchetrite2022' on page 19 undefined on input line 
187.


LaTeX Warning: Reference `ch:coloides' on page 1 undefined on input line 187.


LaTeX Warning: Citation `kumarchetrite2022' on page 19 undefined on input line 
201.


LaTeX Warning: Citation `luraz2017_inverse' on page 19 undefined on input line 
201.

LaTeX Info: Redefining \. on input line 211.
LaTeX Info: Redefining \% on input line 211.
Package cleveref Info: loaded `spanish' language definitions on input line 211.


Package fancyhdr Warning: \headheight is too small (14.0pt): 
(fancyhdr)                Make it at least 14.1595pt, for example:
(fancyhdr)                \setlength{\headheight}{14.1595pt}.
(fancyhdr)                You might also make \topmargin smaller:
(fancyhdr)                \addtolength{\topmargin}{-0.1595pt}.

[19]

LaTeX Warning: Reference `eq:glauber' on page 1 undefined on input line 214.


LaTeX Warning: Reference `fig:markovian_validation' on page 1 undefined on inpu
t line 241.


LaTeX Warning: Citation `lu2017' on page 20 undefined on input line 242.

<figures/markovian.png, id=212, 939.51pt x 361.35pt>
File: figures/markovian.png Graphic file (type png)
<use figures/markovian.png>
Package pdftex.def Info: figures/markovian.png  used on input line 249.
(pdftex.def)             Requested size: 432.48051pt x 166.3388pt.
) (./chapters/05_mpemba_fuerte.tex
LaTeX Info: Redefining \. on input line 4.
LaTeX Info: Redefining \% on input line 4.
Package cleveref Info: loaded `spanish' language definitions on input line 4.


Package fancyhdr Warning: \headheight is too small (14.0pt): 
(fancyhdr)                Make it at least 27.7595pt, for example:
(fancyhdr)                \setlength{\headheight}{27.7595pt}.
(fancyhdr)                You might also make \topmargin smaller:
(fancyhdr)                \addtolength{\topmargin}{-13.7595pt}.

[20 <./figures/markovian.png>]
Cap\'{\i }tulo 5.

LaTeX Warning: Citation `klichraz2019' on page 21 undefined on input line 9.


LaTeX Warning: Reference `ch:markoviano' on page 1 undefined on input line 12.

! Double subscript.
<argument> \pieq _
                  {i}(\Tb )
l.33 ...uad F_{ii} \equiv \frac{1}{\pieq_{i}(\Tb)}
                                                  ,
? 

LaTeX Warning: Reference `eq:detailed_balance' on page 1 undefined on input lin
e 38.

LaTeX Font Info:    External font `lmex10' loaded for size
(Font)              <14.4> on input line 47.
! Double subscript.
l.51 ...uiv \sum_{i=1}^{N} f_{i,2} \, \sqrt{\pieq_
                                                  {i}(\Tb)} \, \frac{\pieq_{...

? 
! Double subscript.
<argument> \pieq _
                  {i}(\Tinit )
l.51 ..., \frac{\pieq_{i}(\Tinit)}{\pieq_{i}(\Tb)}
                                                  .
? 
! Double subscript.
<argument> \pieq _
                  {i}(\Tb )
l.51 ..., \frac{\pieq_{i}(\Tinit)}{\pieq_{i}(\Tb)}
                                                  .
? 
[21

]

LaTeX Warning: Citation `klichraz2019' on page 22 undefined on input line 133.

LaTeX Info: Redefining \. on input line 138.
LaTeX Info: Redefining \% on input line 138.
Package cleveref Info: loaded `spanish' language definitions on input line 138.


Package fancyhdr Warning: \headheight is too small (14.0pt): 
(fancyhdr)                Make it at least 14.1595pt, for example:
(fancyhdr)                \setlength{\headheight}{14.1595pt}.
(fancyhdr)                You might also make \topmargin smaller:
(fancyhdr)                \addtolength{\topmargin}{-0.1595pt}.

[22]

LaTeX Warning: Citation `salmon2011' on page 23 undefined on input line 164.


LaTeX Warning: Reference `ch:metodos_numericos' on page 1 undefined on input li
ne 166.


LaTeX Warning: Citation `klichraz2019' on page 23 undefined on input line 189.

LaTeX Info: Redefining \. on input line 206.
LaTeX Info: Redefining \% on input line 206.
Package cleveref Info: loaded `spanish' language definitions on input line 206.


Package fancyhdr Warning: \headheight is too small (14.0pt): 
(fancyhdr)                Make it at least 14.1595pt, for example:
(fancyhdr)                \setlength{\headheight}{14.1595pt}.
(fancyhdr)                You might also make \topmargin smaller:
(fancyhdr)                \addtolength{\topmargin}{-0.1595pt}.

[23]
<figures/klichraz.png, id=271, 939.51pt x 361.35pt>
File: figures/klichraz.png Graphic file (type png)
<use figures/klichraz.png>
Package pdftex.def Info: figures/klichraz.png  used on input line 224.
(pdftex.def)             Requested size: 432.48051pt x 166.3388pt.
) (./chapters/06_granular.tex
LaTeX Info: Redefining \. on input line 4.
LaTeX Info: Redefining \% on input line 4.
Package cleveref Info: loaded `spanish' language definitions on input line 4.


Package fancyhdr Warning: \headheight is too small (14.0pt): 
(fancyhdr)                Make it at least 14.1595pt, for example:
(fancyhdr)                \setlength{\headheight}{14.1595pt}.
(fancyhdr)                You might also make \topmargin smaller:
(fancyhdr)                \addtolength{\topmargin}{-0.1595pt}.

[24 <./figures/klichraz.png>]
Cap\'{\i }tulo 6.

LaTeX Warning: Citation `lasanta2017' on page 25 undefined on input line 13.

[25

]

LaTeX Warning: Reference `eq:granular_moments' on page 1 undefined on input lin
e 104.


LaTeX Warning: Citation `bird1994' on page 26 undefined on input line 112.

LaTeX Info: Redefining \. on input line 142.
LaTeX Info: Redefining \% on input line 142.
Package cleveref Info: loaded `spanish' language definitions on input line 142.


Package fancyhdr Warning: \headheight is too small (14.0pt): 
(fancyhdr)                Make it at least 27.7595pt, for example:
(fancyhdr)                \setlength{\headheight}{27.7595pt}.
(fancyhdr)                You might also make \topmargin smaller:
(fancyhdr)                \addtolength{\topmargin}{-13.7595pt}.

[26]

LaTeX Warning: Citation `biswas2020' on page 27 undefined on input line 150.


LaTeX Warning: Citation `vuhayakawa2025' on page 27 undefined on input line 180
.


LaTeX Warning: Citation `biswas2020' on page 27 undefined on input line 187.


LaTeX Warning: Reference `eq:granular_moments' on page 1 undefined on input lin
e 196.


LaTeX Warning: Citation `lasanta2017' on page 27 undefined on input line 198.

LaTeX Info: Redefining \. on input line 204.
LaTeX Info: Redefining \% on input line 204.
Package cleveref Info: loaded `spanish' language definitions on input line 204.


Package fancyhdr Warning: \headheight is too small (14.0pt): 
(fancyhdr)                Make it at least 14.1595pt, for example:
(fancyhdr)                \setlength{\headheight}{14.1595pt}.
(fancyhdr)                You might also make \topmargin smaller:
(fancyhdr)                \addtolength{\topmargin}{-0.1595pt}.

[27]
<figures/granular.png, id=326, 939.51pt x 361.35pt>
File: figures/granular.png Graphic file (type png)
<use figures/granular.png>
Package pdftex.def Info: figures/granular.png  used on input line 212.
(pdftex.def)             Requested size: 432.48051pt x 166.3388pt.
) (./chapters/07_coloides.tex
LaTeX Info: Redefining \. on input line 4.
LaTeX Info: Redefining \% on input line 4.
Package cleveref Info: loaded `spanish' language definitions on input line 4.


Package fancyhdr Warning: \headheight is too small (14.0pt): 
(fancyhdr)                Make it at least 27.7595pt, for example:
(fancyhdr)                \setlength{\headheight}{27.7595pt}.
(fancyhdr)                You might also make \topmargin smaller:
(fancyhdr)                \addtolength{\topmargin}{-13.7595pt}.

[28 <./figures/granular.png>]
Cap\'{\i }tulo 7.

LaTeX Warning: Citation `kumar2020' on page 29 undefined on input line 9.

LaTeX Font Info:    Trying to load font information for TS1+lmr on input line 1
8.
(/usr/share/texmf/tex/latex/lm/ts1lmr.fd
File: ts1lmr.fd 2015/05/01 v1.6.1 Font defs for Latin Modern
)
! Undefined control sequence.
<argument> \kBT 
                
l.25 ...o asimétrico} con barrera de \SI{2}{\kBT}
                                                  .
? 
! Undefined control sequence.
<argument> \kBT 
                
l.25 ...o asimétrico} con barrera de \SI{2}{\kBT}
                                                  .
? 
[29

{/usr/share/texmf/fonts/enc/dvips/lm/lm-ts1.enc}]

LaTeX Warning: Reference `eq:luraz_expansion' on page 1 undefined on input line
 104.


LaTeX Warning: Citation `kumar2020' on page 30 undefined on input line 114.

LaTeX Info: Redefining \. on input line 127.
LaTeX Info: Redefining \% on input line 127.
Package cleveref Info: loaded `spanish' language definitions on input line 127.


Package fancyhdr Warning: \headheight is too small (14.0pt): 
(fancyhdr)                Make it at least 14.1595pt, for example:
(fancyhdr)                \setlength{\headheight}{14.1595pt}.
(fancyhdr)                You might also make \topmargin smaller:
(fancyhdr)                \addtolength{\topmargin}{-0.1595pt}.

[30]

LaTeX Warning: Reference `eq:langevin' on page 1 undefined on input line 143.


LaTeX Warning: Citation `leimkuhler2013' on page 31 undefined on input line 157
.


LaTeX Warning: Reference `eq:euler_maruyama' on page 1 undefined on input line 
173.

LaTeX Font Info:    Trying to load font information for T1+lmss on input line 1
81.
(/usr/share/texmf/tex/latex/lm/t1lmss.fd
File: t1lmss.fd 2015/05/01 v1.6.1 Font defs for Latin Modern
)
Package microtype Info: Loading generic protrusion settings for font family
(microtype)             `lmss' (encoding: T1).
(microtype)             For optimal results, create family-specific settings.
(microtype)             See the microtype manual for details.


LaTeX Warning: Citation `kumarchetrite2022' on page 31 undefined on input line 
186.

LaTeX Info: Redefining \. on input line 189.
LaTeX Info: Redefining \% on input line 189.
Package cleveref Info: loaded `spanish' language definitions on input line 189.


Package fancyhdr Warning: \headheight is too small (14.0pt): 
(fancyhdr)                Make it at least 14.1595pt, for example:
(fancyhdr)                \setlength{\headheight}{14.1595pt}.
(fancyhdr)                You might also make \topmargin smaller:
(fancyhdr)                \addtolength{\topmargin}{-0.1595pt}.

[31]

LaTeX Warning: Reference `eq:langevin' on page 1 undefined on input line 240.

<figures/langevin.png, id=385, 801.68079pt x 610.6815pt>
File: figures/langevin.png Graphic file (type png)
<use figures/langevin.png>
Package pdftex.def Info: figures/langevin.png  used on input line 249.
(pdftex.def)             Requested size: 432.48051pt x 329.44629pt.

LaTeX Warning: `h' float specifier changed to `ht'.

) (./chapters/08_spin_glass.tex
LaTeX Info: Redefining \. on input line 4.
LaTeX Info: Redefining \% on input line 4.
Package cleveref Info: loaded `spanish' language definitions on input line 4.


Package fancyhdr Warning: \headheight is too small (14.0pt): 
(fancyhdr)                Make it at least 14.1595pt, for example:
(fancyhdr)                \setlength{\headheight}{14.1595pt}.
(fancyhdr)                You might also make \topmargin smaller:
(fancyhdr)                \addtolength{\topmargin}{-0.1595pt}.

[32]
LaTeX Info: Redefining \. on input line 4.
LaTeX Info: Redefining \% on input line 4.
Package cleveref Info: loaded `spanish' language definitions on input line 4.


Package fancyhdr Warning: \headheight is too small (14.0pt): 
(fancyhdr)                Make it at least 14.1595pt, for example:
(fancyhdr)                \setlength{\headheight}{14.1595pt}.
(fancyhdr)                You might also make \topmargin smaller:
(fancyhdr)                \addtolength{\topmargin}{-0.1595pt}.

[33 <./figures/langevin.png>]
Cap\'{\i }tulo 8.

LaTeX Warning: Citation `mezard1987' on page 34 undefined on input line 13.


LaTeX Warning: Citation `baityjesi2019' on page 34 undefined on input line 15.


Package hyperref Warning: Token not allowed in a PDF string (Unicode):
(hyperref)                removing `math shift' on input line 32.


Package hyperref Warning: Token not allowed in a PDF string (Unicode):
(hyperref)                removing `math shift' on input line 32.

[34

]

LaTeX Warning: Citation `baityjesi2019' on page 35 undefined on input line 65.


Package hyperref Warning: Token not allowed in a PDF string (Unicode):
(hyperref)                removing `math shift' on input line 105.


Package hyperref Warning: Token not allowed in a PDF string (Unicode):
(hyperref)                removing `\xi' on input line 105.


Package hyperref Warning: Token not allowed in a PDF string (Unicode):
(hyperref)                removing `math shift' on input line 105.


Package hyperref Warning: Token not allowed in a PDF string (Unicode):
(hyperref)                removing `math shift' on input line 105.


Package hyperref Warning: Token not allowed in a PDF string (Unicode):
(hyperref)                removing `math shift' on input line 105.


LaTeX Warning: Citation `baityjesi2019' on page 35 undefined on input line 107.



LaTeX Warning: Reference `thm:xi_e_curve' on page 1 undefined on input line 128
.

LaTeX Info: Redefining \. on input line 131.
LaTeX Info: Redefining \% on input line 131.
Package cleveref Info: loaded `spanish' language definitions on input line 131.


Package fancyhdr Warning: \headheight is too small (14.0pt): 
(fancyhdr)                Make it at least 14.1595pt, for example:
(fancyhdr)                \setlength{\headheight}{14.1595pt}.
(fancyhdr)                You might also make \topmargin smaller:
(fancyhdr)                \addtolength{\topmargin}{-0.1595pt}.

[35]

LaTeX Warning: Reference `ch:conclusiones' on page 1 undefined on input line 16
7.


LaTeX Warning: Reference `ch:mpemba_fuerte' on page 1 undefined on input line 1
79.


LaTeX Warning: Citation `baityjesi2019' on page 36 undefined on input line 194.


) (./chapters/09_cuantico.tex
LaTeX Info: Redefining \. on input line 4.
LaTeX Info: Redefining \% on input line 4.
Package cleveref Info: loaded `spanish' language definitions on input line 4.


Package fancyhdr Warning: \headheight is too small (14.0pt): 
(fancyhdr)                Make it at least 27.7595pt, for example:
(fancyhdr)                \setlength{\headheight}{27.7595pt}.
(fancyhdr)                You might also make \topmargin smaller:
(fancyhdr)                \addtolength{\topmargin}{-13.7595pt}.

[36]
LaTeX Info: Redefining \. on input line 4.
LaTeX Info: Redefining \% on input line 4.
Package cleveref Info: loaded `spanish' language definitions on input line 4.


Package fancyhdr Warning: \headheight is too small (14.0pt): 
(fancyhdr)                Make it at least 14.1595pt, for example:
(fancyhdr)                \setlength{\headheight}{14.1595pt}.
(fancyhdr)                You might also make \topmargin smaller:
(fancyhdr)                \addtolength{\topmargin}{-0.1595pt}.

[37]
Cap\'{\i }tulo 9.

LaTeX Warning: Citation `breuer2002' on page 38 undefined on input line 13.

[38

]

LaTeX Warning: Reference `eq:p1_evolution' on page 1 undefined on input line 76
.


LaTeX Warning: Citation `carollo2021' on page 39 undefined on input line 87.


LaTeX Warning: Citation `minganti2019' on page 39 undefined on input line 126.


LaTeX Warning: Citation `zhang2025' on page 39 undefined on input line 132.


LaTeX Warning: Reference `eq:quantum_sME' on page 1 undefined on input line 134
.

LaTeX Info: Redefining \. on input line 137.
LaTeX Info: Redefining \% on input line 137.
Package cleveref Info: loaded `spanish' language definitions on input line 137.


Package fancyhdr Warning: \headheight is too small (14.0pt): 
(fancyhdr)                Make it at least 14.1595pt, for example:
(fancyhdr)                \setlength{\headheight}{14.1595pt}.
(fancyhdr)                You might also make \topmargin smaller:
(fancyhdr)                \addtolength{\topmargin}{-0.1595pt}.

[39]

LaTeX Warning: Citation `ares2025' on page 40 undefined on input line 152.


LaTeX Warning: Citation `longhi2024' on page 40 undefined on input line 167.


LaTeX Warning: Citation `chattopadhyay2026' on page 40 undefined on input line 
182.

LaTeX Info: Redefining \. on input line 194.
LaTeX Info: Redefining \% on input line 194.
Package cleveref Info: loaded `spanish' language definitions on input line 194.


Package fancyhdr Warning: \headheight is too small (14.0pt): 
(fancyhdr)                Make it at least 27.7595pt, for example:
(fancyhdr)                \setlength{\headheight}{27.7595pt}.
(fancyhdr)                You might also make \topmargin smaller:
(fancyhdr)                \addtolength{\topmargin}{-13.7595pt}.

[40]

LaTeX Warning: Citation `liyang2026' on page 41 undefined on input line 230.


LaTeX Warning: Reference `eq:p1_evolution' on page 1 undefined on input line 25
4.

LaTeX Info: Redefining \. on input line 259.
LaTeX Info: Redefining \% on input line 259.
Package cleveref Info: loaded `spanish' language definitions on input line 259.


Package fancyhdr Warning: \headheight is too small (14.0pt): 
(fancyhdr)                Make it at least 14.1595pt, for example:
(fancyhdr)                \setlength{\headheight}{14.1595pt}.
(fancyhdr)                You might also make \topmargin smaller:
(fancyhdr)                \addtolength{\topmargin}{-0.1595pt}.

[41]
<figures/quantum.png, id=508, 1156.32pt x 361.35pt>
File: figures/quantum.png Graphic file (type png)
<use figures/quantum.png>
Package pdftex.def Info: figures/quantum.png  used on input line 272.
(pdftex.def)             Requested size: 432.48051pt x 135.14752pt.
) (./chapters/10_termomajorizacion.tex
LaTeX Info: Redefining \. on input line 4.
LaTeX Info: Redefining \% on input line 4.
Package cleveref Info: loaded `spanish' language definitions on input line 4.


Package fancyhdr Warning: \headheight is too small (14.0pt): 
(fancyhdr)                Make it at least 27.7595pt, for example:
(fancyhdr)                \setlength{\headheight}{27.7595pt}.
(fancyhdr)                You might also make \topmargin smaller:
(fancyhdr)                \addtolength{\topmargin}{-13.7595pt}.

[42 <./figures/quantum.png>]
Cap\'{\i }tulo 10.

LaTeX Warning: Citation `burridge2016' on page 43 undefined on input line 10.


LaTeX Warning: Citation `vuhayakawa2025' on page 43 undefined on input line 30.



LaTeX Warning: Citation `lostaglio2022' on page 43 undefined on input line 33.

[43

]
! Argument of \language@active@arg> has an extra }.
<inserted text> 
                \par 
l.80 \draw[->]
               (0,0) -- (1.1,0) node[right] {$X$};
? 
Runaway argument?
! Paragraph ended before \language@active@arg> was complete.
<to be read again> 
                   \par 
l.80 \draw[->]
               (0,0) -- (1.1,0) node[right] {$X$};
? 
Runaway argument?
-
! Paragraph ended before \pgfkeys@addpath was complete.
<to be read again> 
                   \par 
l.80 \draw[->]
               (0,0) -- (1.1,0) node[right] {$X$};
? 
! Missing \endcsname inserted.
<to be read again> 
                   \scan_stop: 
l.80 \draw[->]
               (0,0) -- (1.1,0) node[right] {$X$};
? 
! Missing \endcsname inserted.
<to be read again> 
                   \scan_stop: 
l.80 \draw[->]
               (0,0) -- (1.1,0) node[right] {$X$};
? 
! Missing \endcsname inserted.
<to be read again> 
                   \scan_stop: 
l.80 \draw[->]
               (0,0) -- (1.1,0) node[right] {$X$};
? 
Runaway argument?
-
! Paragraph ended before \pgfkeys@splitter was complete.
<to be read again> 
                   \par 
l.80 \draw[->]
               (0,0) -- (1.1,0) node[right] {$X$};
? 
Missing character: There is no / in font nullfont!
Missing character: There is no / in font nullfont!
! Argument of \language@active@arg> has an extra }.
<inserted text> 
                \par 
l.81 \draw[->]
               (0,0) -- (0,1.1) node[above] {$Y$};
? 
Runaway argument?
! Paragraph ended before \language@active@arg> was complete.
<to be read again> 
                   \par 
l.81 \draw[->]
               (0,0) -- (0,1.1) node[above] {$Y$};
? 
Runaway argument?
-
! Paragraph ended before \pgfkeys@addpath was complete.
<to be read again> 
                   \par 
l.81 \draw[->]
               (0,0) -- (0,1.1) node[above] {$Y$};
? 
! Missing \endcsname inserted.
<to be read again> 
                   \scan_stop: 
l.81 \draw[->]
               (0,0) -- (0,1.1) node[above] {$Y$};
? 
! Missing \endcsname inserted.
<to be read again> 
                   \scan_stop: 
l.81 \draw[->]
               (0,0) -- (0,1.1) node[above] {$Y$};
? 
! Missing \endcsname inserted.
<to be read again> 
                   \scan_stop: 
l.81 \draw[->]
               (0,0) -- (0,1.1) node[above] {$Y$};
? 
Runaway argument?
-
! Paragraph ended before \pgfkeys@splitter was complete.
<to be read again> 
                   \par 
l.81 \draw[->]
               (0,0) -- (0,1.1) node[above] {$Y$};
? 
Missing character: There is no / in font nullfont!
Missing character: There is no / in font nullfont!

LaTeX Warning: Citation `vuhayakawa2025' on page 44 undefined on input line 101
.


LaTeX Warning: Reference `ap:thermomajorization_proofs' on page 44 undefined on
 input line 143.

LaTeX Info: Redefining \. on input line 150.
LaTeX Info: Redefining \% on input line 150.
Package cleveref Info: loaded `spanish' language definitions on input line 150.


Package fancyhdr Warning: \headheight is too small (14.0pt): 
(fancyhdr)                Make it at least 27.7595pt, for example:
(fancyhdr)                \setlength{\headheight}{27.7595pt}.
(fancyhdr)                You might also make \topmargin smaller:
(fancyhdr)                \addtolength{\topmargin}{-13.7595pt}.

[44]

LaTeX Warning: Citation `lu2017' on page 45 undefined on input line 194.


LaTeX Warning: Reference `fig:thermo_diagnostic' on page 1 undefined on input l
ine 195.


LaTeX Warning: `h' float specifier changed to `ht'.


LaTeX Warning: Citation `vuhayakawa2025_resources' on page 45 undefined on inpu
t line 226.

LaTeX Info: Redefining \. on input line 231.
LaTeX Info: Redefining \% on input line 231.
Package cleveref Info: loaded `spanish' language definitions on input line 231.


Package fancyhdr Warning: \headheight is too small (14.0pt): 
(fancyhdr)                Make it at least 14.1595pt, for example:
(fancyhdr)                \setlength{\headheight}{14.1595pt}.
(fancyhdr)                You might also make \topmargin smaller:
(fancyhdr)                \addtolength{\topmargin}{-0.1595pt}.

[45]
Overfull \hbox (63.66672pt too wide) in paragraph at lines 240--242
[]\T1/lmr/m/n/10.95 (-20) El m�-du-lo \T1/lmtt/m/n/10.95 mpemba_thermomajorizat
ion \T1/lmr/m/n/10.95 (-20) de \T1/lmtt/m/n/10.95 Mpemba-X v2 \T1/lmr/m/n/10.95
 (-20) im-ple-men-ta en \T1/lmtt/m/n/10.95 core/thermomajorization.hpp\T1/lmr/m
/n/10.95 (-20) : 
 []

Package hyperref Info: bookmark level for unknown lstlisting defaults to 0 on i
nput line 243.
LaTeX Font Info:    Font shape `T1/lmtt/bx/n' in size <9> not available
(Font)              Font shape `T1/lmtt/b/n' tried instead on input line 245.

! LaTeX Error: Invalid UTF-8 byte sequence (�\expandafter).

See the LaTeX manual or LaTeX Companion for explanation.
Type  H <return>  for immediate help.
 ...                                              
                                                  
l.250     // Calcular distribución 
                                    de Gibbs
? 

! LaTeX Error: Invalid UTF-8 byte "B3.

See the LaTeX manual or LaTeX Companion for explanation.
Type  H <return>  for immediate help.
 ...                                              
                                                  
l.250     // Calcular distribución 
                                    de Gibbs
? 
) (./chapters/11_metodos_numericos.tex
LaTeX Info: Redefining \. on input line 4.
LaTeX Info: Redefining \% on input line 4.
Package cleveref Info: loaded `spanish' language definitions on input line 4.


Package fancyhdr Warning: \headheight is too small (14.0pt): 
(fancyhdr)                Make it at least 27.7595pt, for example:
(fancyhdr)                \setlength{\headheight}{27.7595pt}.
(fancyhdr)                You might also make \topmargin smaller:
(fancyhdr)                \addtolength{\topmargin}{-13.7595pt}.

[46]
LaTeX Info: Redefining \. on input line 4.
LaTeX Info: Redefining \% on input line 4.
Package cleveref Info: loaded `spanish' language definitions on input line 4.


Package fancyhdr Warning: \headheight is too small (14.0pt): 
(fancyhdr)                Make it at least 14.1595pt, for example:
(fancyhdr)                \setlength{\headheight}{14.1595pt}.
(fancyhdr)                You might also make \topmargin smaller:
(fancyhdr)                \addtolength{\topmargin}{-0.1595pt}.

[47]
Cap\'{\i }tulo 11.

LaTeX Warning: Reference `eq:master' on page 1 undefined on input line 41.

[48

]

LaTeX Warning: Citation `salmon2011' on page 49 undefined on input line 86.


! LaTeX Error: Invalid UTF-8 byte sequence (�\expandafter).

See the LaTeX manual or LaTeX Companion for explanation.
Type  H <return>  for immediate help.
 ...                                              
                                                  
l.95         // 10 rondas de la función 
                                         de mezcla de Philox
? 

! LaTeX Error: Invalid UTF-8 byte "B3.

See the LaTeX manual or LaTeX Companion for explanation.
Type  H <return>  for immediate help.
 ...                                              
                                                  
l.95         // 10 rondas de la función 
                                         de mezcla de Philox
? 

! LaTeX Error: Invalid UTF-8 byte sequence (�\expandafter).

See the LaTeX manual or LaTeX Companion for explanation.
Type  H <return>  for immediate help.
 ...                                              
                                                  
l.96         // ... implementación 
                                    detallada en core/philox_rng.hpp
? 

! LaTeX Error: Invalid UTF-8 byte "B3.

See the LaTeX manual or LaTeX Companion for explanation.
Type  H <return>  for immediate help.
 ...                                              
                                                  
l.96         // ... implementación 
                                    detallada en core/philox_rng.hpp
? 

LaTeX Warning: Reference `eq:fourier_zhang' on page 1 undefined on input line 1
22.

LaTeX Info: Redefining \. on input line 131.
LaTeX Info: Redefining \% on input line 131.
Package cleveref Info: loaded `spanish' language definitions on input line 131.


Package fancyhdr Warning: \headheight is too small (14.0pt): 
(fancyhdr)                Make it at least 27.7595pt, for example:
(fancyhdr)                \setlength{\headheight}{27.7595pt}.
(fancyhdr)                You might also make \topmargin smaller:
(fancyhdr)                \addtolength{\topmargin}{-13.7595pt}.

[49]

LaTeX Warning: Reference `eq:R_tilde' on page 1 undefined on input line 163.


LaTeX Warning: Citation `golub2013' on page 50 undefined on input line 164.

LaTeX Info: Redefining \. on input line 188.
LaTeX Info: Redefining \% on input line 188.
Package cleveref Info: loaded `spanish' language definitions on input line 188.


Package fancyhdr Warning: \headheight is too small (14.0pt): 
(fancyhdr)                Make it at least 14.1595pt, for example:
(fancyhdr)                \setlength{\headheight}{14.1595pt}.
(fancyhdr)                You might also make \topmargin smaller:
(fancyhdr)                \addtolength{\topmargin}{-0.1595pt}.

[50]

LaTeX Warning: Citation `bird1994' on page 51 undefined on input line 192.


LaTeX Warning: Reference `eq:inelastic_collision' on page 1 undefined on input 
line 209.


LaTeX Warning: Citation `berendsen1984' on page 51 undefined on input line 242.


LaTeX Info: Redefining \. on input line 246.
LaTeX Info: Redefining \% on input line 246.
Package cleveref Info: loaded `spanish' language definitions on input line 246.

[51]

LaTeX Warning: Citation `molinero2009' on page 52 undefined on input line 256.

! Undefined control sequence.
<argument> \kilo \calorie 
                          \per \mole 
l.269 ...ilon = \SI{6.189}{\kilo\calorie\per\mole}
                                                  $, $A = 7.0496$, $B = 0.60...

? 
! Undefined control sequence.
<argument> \kilo \calorie 
                          \per \mole 
l.269 ...ilon = \SI{6.189}{\kilo\calorie\per\mole}
                                                  $, $A = 7.0496$, $B = 0.60...

? 

LaTeX Warning: Command \textdegree invalid in math mode on input line 270.


LaTeX Warning: Command \textdegree invalid in math mode on input line 270.

LaTeX Info: Redefining \. on input line 309.
LaTeX Info: Redefining \% on input line 309.
Package cleveref Info: loaded `spanish' language definitions on input line 309.


Package fancyhdr Warning: \headheight is too small (14.0pt): 
(fancyhdr)                Make it at least 14.1595pt, for example:
(fancyhdr)                \setlength{\headheight}{14.1595pt}.
(fancyhdr)                You might also make \topmargin smaller:
(fancyhdr)                \addtolength{\topmargin}{-0.1595pt}.

[52]) (./chapters/12_implementacion.tex
LaTeX Info: Redefining \. on input line 4.
LaTeX Info: Redefining \% on input line 4.
Package cleveref Info: loaded `spanish' language definitions on input line 4.


Package fancyhdr Warning: \headheight is too small (14.0pt): 
(fancyhdr)                Make it at least 14.1595pt, for example:
(fancyhdr)                \setlength{\headheight}{14.1595pt}.
(fancyhdr)                You might also make \topmargin smaller:
(fancyhdr)                \addtolength{\topmargin}{-0.1595pt}.

[53]
Cap\'{\i }tulo 12.
(/usr/share/texlive/texmf-dist/tex/latex/listings/lstlang1.sty
File: lstlang1.sty 2025/11/14 1.11b listings language file
)
(/usr/share/texlive/texmf-dist/tex/latex/listings/lstlang1.sty
File: lstlang1.sty 2025/11/14 1.11b listings language file
)

! LaTeX Error: Invalid UTF-8 byte sequence (�\lst@FillFixed@\lst@EC�).

See the LaTeX manual or LaTeX Companion for explanation.
Type  H <return>  for immediate help.
 ...                                              
                                                  
l.31 ├── 
               CMakeLists.txt              # Compila 10 binarios
? 

! LaTeX Error: Invalid UTF-8 byte "9C.

See the LaTeX manual or LaTeX Companion for explanation.
Type  H <return>  for immediate help.
 ...                                              
                                                  
l.31 ├── 
               CMakeLists.txt              # Compila 10 binarios
? 

! LaTeX Error: Invalid UTF-8 byte sequence (�\lst@EC�\lst@EC�).

See the LaTeX manual or LaTeX Companion for explanation.
Type  H <return>  for immediate help.
 ...                                              
                                                  
l.31 ├── 
               CMakeLists.txt              # Compila 10 binarios
? 

! LaTeX Error: Invalid UTF-8 byte sequence (�\lst@EC�\lst@EC�).

See the LaTeX manual or LaTeX Companion for explanation.
Type  H <return>  for immediate help.
 ...                                              
                                                  
l.31 ├── 
               CMakeLists.txt              # Compila 10 binarios
? 

! LaTeX Error: Invalid UTF-8 byte sequence (�\lst@FillFixed@\lst@EC�).

See the LaTeX manual or LaTeX Companion for explanation.
Type  H <return>  for immediate help.
 ...                                              
                                                  
l.32 ├── 
               README.md                   # Documentación de uso
? 

! LaTeX Error: Invalid UTF-8 byte "9C.

See the LaTeX manual or LaTeX Companion for explanation.
Type  H <return>  for immediate help.
 ...                                              
                                                  
l.32 ├── 
               README.md                   # Documentación de uso
? 

! LaTeX Error: Invalid UTF-8 byte sequence (�\lst@EC�\lst@EC�).

See the LaTeX manual or LaTeX Companion for explanation.
Type  H <return>  for immediate help.
 ...                                              
                                                  
l.32 ├── 
               README.md                   # Documentación de uso
? 

! LaTeX Error: Invalid UTF-8 byte sequence (�\lst@EC�\lst@EC�).

See the LaTeX manual or LaTeX Companion for explanation.
Type  H <return>  for immediate help.
 ...                                              
                                                  
l.32 ├── 
               README.md                   # Documentación de uso
? 

! LaTeX Error: Invalid UTF-8 byte sequence (�\expandafter).

See the LaTeX manual or LaTeX Companion for explanation.
Type  H <return>  for immediate help.
 ...                                              
                                                  
l.32 ...DME.md                   # Documentación 
                                                  de uso
? 

! LaTeX Error: Invalid UTF-8 byte "B3.

See the LaTeX manual or LaTeX Companion for explanation.
Type  H <return>  for immediate help.
 ...                                              
                                                  
l.32 ...DME.md                   # Documentación 
                                                  de uso
? 

! LaTeX Error: Invalid UTF-8 byte sequence (�\lst@FillFixed@\lst@EC�).

See the LaTeX manual or LaTeX Companion for explanation.
Type  H <return>  for immediate help.
 ...                                              
                                                  
l.33 ├── 
               core/                       # Headers comunes (header-only)
? 

! LaTeX Error: Invalid UTF-8 byte "9C.

See the LaTeX manual or LaTeX Companion for explanation.
Type  H <return>  for immediate help.
 ...                                              
                                                  
l.33 ├── 
               core/                       # Headers comunes (header-only)
? 

! LaTeX Error: Invalid UTF-8 byte sequence (�\lst@EC�\lst@EC�).

See the LaTeX manual or LaTeX Companion for explanation.
Type  H <return>  for immediate help.
 ...                                              
                                                  
l.33 ├── 
               core/                       # Headers comunes (header-only)
? 

! LaTeX Error: Invalid UTF-8 byte sequence (�\lst@EC�\lst@EC�).

See the LaTeX manual or LaTeX Companion for explanation.
Type  H <return>  for immediate help.
 ...                                              
                                                  
l.33 ├── 
               core/                       # Headers comunes (header-only)
? 

! LaTeX Error: Invalid UTF-8 byte sequence (�\lst@FillFixed@\lst@EC�).

See the LaTeX manual or LaTeX Companion for explanation.
Type  H <return>  for immediate help.
 ...                                              
                                                  
l.34 │ 
           ├── config_parser.hpp       # Parser INI
? 

! LaTeX Error: Invalid UTF-8 byte "82.

See the LaTeX manual or LaTeX Companion for explanation.
Type  H <return>  for immediate help.
 ...                                              
                                                  
l.34 │ 
           ├── config_parser.hpp       # Parser INI
? 

! LaTeX Error: Invalid UTF-8 byte sequence (�\lst@FillFixed@\lst@EC�).

See the LaTeX manual or LaTeX Companion for explanation.
Type  H <return>  for immediate help.
 ...                                              
                                                  
l.34 │   ├── 
                     config_parser.hpp       # Parser INI
? 

! LaTeX Error: Invalid UTF-8 byte "9C.

See the LaTeX manual or LaTeX Companion for explanation.
Type  H <return>  for immediate help.
 ...                                              
                                                  
l.34 │   ├── 
                     config_parser.hpp       # Parser INI
? 

! LaTeX Error: Invalid UTF-8 byte sequence (�\lst@EC�\lst@EC�).

See the LaTeX manual or LaTeX Companion for explanation.
Type  H <return>  for immediate help.
 ...                                              
                                                  
l.34 │   ├── 
                     config_parser.hpp       # Parser INI
? 

! LaTeX Error: Invalid UTF-8 byte sequence (�\lst@EC�\lst@EC�).

See the LaTeX manual or LaTeX Companion for explanation.
Type  H <return>  for immediate help.
 ...                                              
                                                  
l.34 │   ├── 
                     config_parser.hpp       # Parser INI
? 

! LaTeX Error: Invalid UTF-8 byte sequence (�\lst@FillFixed@\lst@EC�).

See the LaTeX manual or LaTeX Companion for explanation.
Type  H <return>  for immediate help.
 ...                                              
                                                  
l.35 │ 
           ├── thermomajorization.hpp  # Diagnóstico Vu-Hayakawa 2025
? 

! LaTeX Error: Invalid UTF-8 byte "82.

See the LaTeX manual or LaTeX Companion for explanation.
Type  H <return>  for immediate help.
 ...                                              
                                                  
l.35 │ 
           ├── thermomajorization.hpp  # Diagnóstico Vu-Hayakawa 2025
? 

! LaTeX Error: Invalid UTF-8 byte sequence (�\lst@FillFixed@\lst@EC�).

See the LaTeX manual or LaTeX Companion for explanation.
Type  H <return>  for immediate help.
 ...                                              
                                                  
l.35 │   ├── 
                     thermomajorization.hpp  # Diagnóstico Vu-Hayakawa 2025
? 

! LaTeX Error: Invalid UTF-8 byte "9C.

See the LaTeX manual or LaTeX Companion for explanation.
Type  H <return>  for immediate help.
 ...                                              
                                                  
l.35 │   ├── 
                     thermomajorization.hpp  # Diagnóstico Vu-Hayakawa 2025
? 

! LaTeX Error: Invalid UTF-8 byte sequence (�\lst@EC�\lst@EC�).

See the LaTeX manual or LaTeX Companion for explanation.
Type  H <return>  for immediate help.
 ...                                              
                                                  
l.35 │   ├── 
                     thermomajorization.hpp  # Diagnóstico Vu-Hayakawa 2025
? 

! LaTeX Error: Invalid UTF-8 byte sequence (�\lst@EC�\lst@EC�).

See the LaTeX manual or LaTeX Companion for explanation.
Type  H <return>  for immediate help.
 ...                                              
                                                  
l.35 │   ├── 
                     thermomajorization.hpp  # Diagnóstico Vu-Hayakawa 2025
? 

! LaTeX Error: Invalid UTF-8 byte sequence (�\expandafter).

See the LaTeX manual or LaTeX Companion for explanation.
Type  H <return>  for immediate help.
 ...                                              
                                                  
l.35 ...�� thermomajorization.hpp  # Diagnóstico 
                                                  Vu-Hayakawa 2025
? 

! LaTeX Error: Invalid UTF-8 byte "B3.

See the LaTeX manual or LaTeX Companion for explanation.
Type  H <return>  for immediate help.
 ...                                              
                                                  
l.35 ...�� thermomajorization.hpp  # Diagnóstico 
                                                  Vu-Hayakawa 2025
? 

! LaTeX Error: Invalid UTF-8 byte sequence (�\lst@FillFixed@\lst@EC�).

See the LaTeX manual or LaTeX Companion for explanation.
Type  H <return>  for immediate help.
 ...                                              
                                                  
l.36 │ 
           ├── distance_metrics.hpp    # L1, KL, entrópica
? 

! LaTeX Error: Invalid UTF-8 byte "82.

See the LaTeX manual or LaTeX Companion for explanation.
Type  H <return>  for immediate help.
 ...                                              
                                                  
l.36 │ 
           ├── distance_metrics.hpp    # L1, KL, entrópica
? 

! LaTeX Error: Invalid UTF-8 byte sequence (�\lst@FillFixed@\lst@EC�).

See the LaTeX manual or LaTeX Companion for explanation.
Type  H <return>  for immediate help.
 ...                                              
                                                  
l.36 │   ├── 
                     distance_metrics.hpp    # L1, KL, entrópica
? 

! LaTeX Error: Invalid UTF-8 byte "9C.

See the LaTeX manual or LaTeX Companion for explanation.
Type  H <return>  for immediate help.
 ...                                              
                                                  
l.36 │   ├── 
                     distance_metrics.hpp    # L1, KL, entrópica
? 

! LaTeX Error: Invalid UTF-8 byte sequence (�\lst@EC�\lst@EC�).

See the LaTeX manual or LaTeX Companion for explanation.
Type  H <return>  for immediate help.
 ...                                              
                                                  
l.36 │   ├── 
                     distance_metrics.hpp    # L1, KL, entrópica
? 

! LaTeX Error: Invalid UTF-8 byte sequence (�\lst@EC�\lst@EC�).

See the LaTeX manual or LaTeX Companion for explanation.
Type  H <return>  for immediate help.
 ...                                              
                                                  
l.36 │   ├── 
                     distance_metrics.hpp    # L1, KL, entrópica
? 

! LaTeX Error: Invalid UTF-8 byte sequence (�\expandafter).

See the LaTeX manual or LaTeX Companion for explanation.
Type  H <return>  for immediate help.
 ...                                              
                                                  
l.36 ...stance_metrics.hpp    # L1, KL, entrópica
                                                  
? 

! LaTeX Error: Invalid UTF-8 byte "B3.

See the LaTeX manual or LaTeX Companion for explanation.
Type  H <return>  for immediate help.
 ...                                              
                                                  
l.36 ...stance_metrics.hpp    # L1, KL, entrópica
                                                  
? 

! LaTeX Error: Invalid UTF-8 byte sequence (�\lst@FillFixed@\lst@EC�).

See the LaTeX manual or LaTeX Companion for explanation.
Type  H <return>  for immediate help.
 ...                                              
                                                  
l.37 │ 
           ├── jacobi_eigen.hpp        # Eigensolver por rotaciones de...

? 

! LaTeX Error: Invalid UTF-8 byte "82.

See the LaTeX manual or LaTeX Companion for explanation.
Type  H <return>  for immediate help.
 ...                                              
                                                  
l.37 │ 
           ├── jacobi_eigen.hpp        # Eigensolver por rotaciones de...

? 

! LaTeX Error: Invalid UTF-8 byte sequence (�\lst@FillFixed@\lst@EC�).

See the LaTeX manual or LaTeX Companion for explanation.
Type  H <return>  for immediate help.
 ...                                              
                                                  
l.37 │   ├── 
                     jacobi_eigen.hpp        # Eigensolver por rotaciones de...

? 

! LaTeX Error: Invalid UTF-8 byte "9C.

See the LaTeX manual or LaTeX Companion for explanation.
Type  H <return>  for immediate help.
 ...                                              
                                                  
l.37 │   ├── 
                     jacobi_eigen.hpp        # Eigensolver por rotaciones de...

? 

! LaTeX Error: Invalid UTF-8 byte sequence (�\lst@EC�\lst@EC�).

See the LaTeX manual or LaTeX Companion for explanation.
Type  H <return>  for immediate help.
 ...                                              
                                                  
l.37 │   ├── 
                     jacobi_eigen.hpp        # Eigensolver por rotaciones de...

? 

! LaTeX Error: Invalid UTF-8 byte sequence (�\lst@EC�\lst@EC�).

See the LaTeX manual or LaTeX Companion for explanation.
Type  H <return>  for immediate help.
 ...                                              
                                                  
l.37 │   ├── 
                     jacobi_eigen.hpp        # Eigensolver por rotaciones de...

? 

! LaTeX Error: Invalid UTF-8 byte sequence (�\lst@FillFixed@\lst@EC�).

See the LaTeX manual or LaTeX Companion for explanation.
Type  H <return>  for immediate help.
 ...                                              
                                                  
l.38 │ 
           ├── philox_rng.hpp          # PRNG counter-based
? 

! LaTeX Error: Invalid UTF-8 byte "82.

See the LaTeX manual or LaTeX Companion for explanation.
Type  H <return>  for immediate help.
 ...                                              
                                                  
l.38 │ 
           ├── philox_rng.hpp          # PRNG counter-based
? 

! LaTeX Error: Invalid UTF-8 byte sequence (�\lst@FillFixed@\lst@EC�).

See the LaTeX manual or LaTeX Companion for explanation.
Type  H <return>  for immediate help.
 ...                                              
                                                  
l.38 │   ├── 
                     philox_rng.hpp          # PRNG counter-based
? 

! LaTeX Error: Invalid UTF-8 byte "9C.

See the LaTeX manual or LaTeX Companion for explanation.
Type  H <return>  for immediate help.
 ...                                              
                                                  
l.38 │   ├── 
                     philox_rng.hpp          # PRNG counter-based
? 

! LaTeX Error: Invalid UTF-8 byte sequence (�\lst@EC�\lst@EC�).

See the LaTeX manual or LaTeX Companion for explanation.
Type  H <return>  for immediate help.
 ...                                              
                                                  
l.38 │   ├── 
                     philox_rng.hpp          # PRNG counter-based
? 

! LaTeX Error: Invalid UTF-8 byte sequence (�\lst@EC�\lst@EC�).

See the LaTeX manual or LaTeX Companion for explanation.
Type  H <return>  for immediate help.
 ...                                              
                                                  
l.38 │   ├── 
                     philox_rng.hpp          # PRNG counter-based
? 

! LaTeX Error: Invalid UTF-8 byte sequence (�\lst@FillFixed@\lst@EC�).

See the LaTeX manual or LaTeX Companion for explanation.
Type  H <return>  for immediate help.
 ...                                              
                                                  
l.39 │ 
           └── csv_io.hpp              # Escritura CSV
? 

! LaTeX Error: Invalid UTF-8 byte "82.

See the LaTeX manual or LaTeX Companion for explanation.
Type  H <return>  for immediate help.
 ...                                              
                                                  
l.39 │ 
           └── csv_io.hpp              # Escritura CSV
? 

! LaTeX Error: Invalid UTF-8 byte sequence (�\lst@FillFixed@\lst@EC�).

See the LaTeX manual or LaTeX Companion for explanation.
Type  H <return>  for immediate help.
 ...                                              
                                                  
l.39 │   └── 
                     csv_io.hpp              # Escritura CSV
? 

! LaTeX Error: Invalid UTF-8 byte "94.

See the LaTeX manual or LaTeX Companion for explanation.
Type  H <return>  for immediate help.
 ...                                              
                                                  
l.39 │   └── 
                     csv_io.hpp              # Escritura CSV
? 

! LaTeX Error: Invalid UTF-8 byte sequence (�\lst@EC�\lst@EC�).

See the LaTeX manual or LaTeX Companion for explanation.
Type  H <return>  for immediate help.
 ...                                              
                                                  
l.39 │   └── 
                     csv_io.hpp              # Escritura CSV
? 

! LaTeX Error: Invalid UTF-8 byte sequence (�\lst@EC�\lst@EC�).

See the LaTeX manual or LaTeX Companion for explanation.
Type  H <return>  for immediate help.
 ...                                              
                                                  
l.39 │   └── 
                     csv_io.hpp              # Escritura CSV
? 

! LaTeX Error: Invalid UTF-8 byte sequence (�\lst@FillFixed@\lst@EC�).

See the LaTeX manual or LaTeX Companion for explanation.
Type  H <return>  for immediate help.
 ...                                              
                                                  
l.40 ├── 
               configs/                    # Archivos de configuración por ...

? 

! LaTeX Error: Invalid UTF-8 byte "9C.

See the LaTeX manual or LaTeX Companion for explanation.
Type  H <return>  for immediate help.
 ...                                              
                                                  
l.40 ├── 
               configs/                    # Archivos de configuración por ...

? 

! LaTeX Error: Invalid UTF-8 byte sequence (�\lst@EC�\lst@EC�).

See the LaTeX manual or LaTeX Companion for explanation.
Type  H <return>  for immediate help.
 ...                                              
                                                  
l.40 ├── 
               configs/                    # Archivos de configuración por ...

? 

! LaTeX Error: Invalid UTF-8 byte sequence (�\lst@EC�\lst@EC�).

See the LaTeX manual or LaTeX Companion for explanation.
Type  H <return>  for immediate help.
 ...                                              
                                                  
l.40 ├── 
               configs/                    # Archivos de configuración por ...

? 

! LaTeX Error: Invalid UTF-8 byte sequence (�\expandafter).

See the LaTeX manual or LaTeX Companion for explanation.
Type  H <return>  for immediate help.
 ...                                              
                                                  
l.40 ...             # Archivos de configuración 
                                                  por experimento
? 

! LaTeX Error: Invalid UTF-8 byte "B3.

See the LaTeX manual or LaTeX Companion for explanation.
Type  H <return>  for immediate help.
 ...                                              
                                                  
l.40 ...             # Archivos de configuración 
                                                  por experimento
? 

! LaTeX Error: Invalid UTF-8 byte sequence (�\lst@FillFixed@\lst@EC�).

See the LaTeX manual or LaTeX Companion for explanation.
Type  H <return>  for immediate help.
 ...                                              
                                                  
l.41 ├── 
               modules/                    # 9 módulos C++
? 

! LaTeX Error: Invalid UTF-8 byte "9C.

See the LaTeX manual or LaTeX Companion for explanation.
Type  H <return>  for immediate help.
 ...                                              
                                                  
l.41 ├── 
               modules/                    # 9 módulos C++
? 

! LaTeX Error: Invalid UTF-8 byte sequence (�\lst@EC�\lst@EC�).

See the LaTeX manual or LaTeX Companion for explanation.
Type  H <return>  for immediate help.
 ...                                              
                                                  
l.41 ├── 
               modules/                    # 9 módulos C++
? 

! LaTeX Error: Invalid UTF-8 byte sequence (�\lst@EC�\lst@EC�).

See the LaTeX manual or LaTeX Companion for explanation.
Type  H <return>  for immediate help.
 ...                                              
                                                  
l.41 ├── 
               modules/                    # 9 módulos C++
? 

! LaTeX Error: Invalid UTF-8 byte sequence (�\expandafter).

See the LaTeX manual or LaTeX Companion for explanation.
Type  H <return>  for immediate help.
 ...                                              
                                                  
l.41 ... modules/                    # 9 módulos 
                                                  C++
? 

! LaTeX Error: Invalid UTF-8 byte "B3.

See the LaTeX manual or LaTeX Companion for explanation.
Type  H <return>  for immediate help.
 ...                                              
                                                  
l.41 ... modules/                    # 9 módulos 
                                                  C++
? 

! LaTeX Error: Invalid UTF-8 byte sequence (�\lst@FillFixed@\lst@EC�).

See the LaTeX manual or LaTeX Companion for explanation.
Type  H <return>  for immediate help.
 ...                                              
                                                  
l.42 │ 
           ├── markovian/
? 

! LaTeX Error: Invalid UTF-8 byte "82.

See the LaTeX manual or LaTeX Companion for explanation.
Type  H <return>  for immediate help.
 ...                                              
                                                  
l.42 │ 
           ├── markovian/
? 

! LaTeX Error: Invalid UTF-8 byte sequence (�\lst@FillFixed@\lst@EC�).

See the LaTeX manual or LaTeX Companion for explanation.
Type  H <return>  for immediate help.
 ...                                              
                                                  
l.42 │   ├── 
                     markovian/
? 

! LaTeX Error: Invalid UTF-8 byte "9C.

See the LaTeX manual or LaTeX Companion for explanation.
Type  H <return>  for immediate help.
 ...                                              
                                                  
l.42 │   ├── 
                     markovian/
? 

! LaTeX Error: Invalid UTF-8 byte sequence (�\lst@EC�\lst@EC�).

See the LaTeX manual or LaTeX Companion for explanation.
Type  H <return>  for immediate help.
 ...                                              
                                                  
l.42 │   ├── 
                     markovian/
? 

! LaTeX Error: Invalid UTF-8 byte sequence (�\lst@EC�\lst@EC�).

See the LaTeX manual or LaTeX Companion for explanation.
Type  H <return>  for immediate help.
 ...                                              
                                                  
l.42 │   ├── 
                     markovian/
? 

! LaTeX Error: Invalid UTF-8 byte sequence (�\lst@FillFixed@\lst@EC�).

See the LaTeX manual or LaTeX Companion for explanation.
Type  H <return>  for immediate help.
 ...                                              
                                                  
l.43 │ 
           ├── klich_raz/
? 

! LaTeX Error: Invalid UTF-8 byte "82.

See the LaTeX manual or LaTeX Companion for explanation.
Type  H <return>  for immediate help.
 ...                                              
                                                  
l.43 │ 
           ├── klich_raz/
? 

! LaTeX Error: Invalid UTF-8 byte sequence (�\lst@FillFixed@\lst@EC�).

See the LaTeX manual or LaTeX Companion for explanation.
Type  H <return>  for immediate help.
 ...                                              
                                                  
l.43 │   ├── 
                     klich_raz/
? 

! LaTeX Error: Invalid UTF-8 byte "9C.

See the LaTeX manual or LaTeX Companion for explanation.
Type  H <return>  for immediate help.
 ...                                              
                                                  
l.43 │   ├── 
                     klich_raz/
? 

! LaTeX Error: Invalid UTF-8 byte sequence (�\lst@EC�\lst@EC�).

See the LaTeX manual or LaTeX Companion for explanation.
Type  H <return>  for immediate help.
 ...                                              
                                                  
l.43 │   ├── 
                     klich_raz/
? 

! LaTeX Error: Invalid UTF-8 byte sequence (�\lst@EC�\lst@EC�).

See the LaTeX manual or LaTeX Companion for explanation.
Type  H <return>  for immediate help.
 ...                                              
                                                  
l.43 │   ├── 
                     klich_raz/
? 

! LaTeX Error: Invalid UTF-8 byte sequence (�\lst@FillFixed@\lst@EC�).

See the LaTeX manual or LaTeX Companion for explanation.
Type  H <return>  for immediate help.
 ...                                              
                                                  
l.44 │ 
           ├── granular/               # main_analytic + main_dsmc
? 

! LaTeX Error: Invalid UTF-8 byte "82.

See the LaTeX manual or LaTeX Companion for explanation.
Type  H <return>  for immediate help.
 ...                                              
                                                  
l.44 │ 
           ├── granular/               # main_analytic + main_dsmc
? 

! LaTeX Error: Invalid UTF-8 byte sequence (�\lst@FillFixed@\lst@EC�).

See the LaTeX manual or LaTeX Companion for explanation.
Type  H <return>  for immediate help.
 ...                                              
                                                  
l.44 │   ├── 
                     granular/               # main_analytic + main_dsmc
? 

! LaTeX Error: Invalid UTF-8 byte "9C.

See the LaTeX manual or LaTeX Companion for explanation.
Type  H <return>  for immediate help.
 ...                                              
                                                  
l.44 │   ├── 
                     granular/               # main_analytic + main_dsmc
? 

! LaTeX Error: Invalid UTF-8 byte sequence (�\lst@EC�\lst@EC�).

See the LaTeX manual or LaTeX Companion for explanation.
Type  H <return>  for immediate help.
 ...                                              
                                                  
l.44 │   ├── 
                     granular/               # main_analytic + main_dsmc
? 

! LaTeX Error: Invalid UTF-8 byte sequence (�\lst@EC�\lst@EC�).

See the LaTeX manual or LaTeX Companion for explanation.
Type  H <return>  for immediate help.
 ...                                              
                                                  
l.44 │   ├── 
                     granular/               # main_analytic + main_dsmc
? 

! LaTeX Error: Invalid UTF-8 byte sequence (�\lst@FillFixed@\lst@EC�).

See the LaTeX manual or LaTeX Companion for explanation.
Type  H <return>  for immediate help.
 ...                                              
                                                  
l.45 │ 
           ├── langevin/
? 

! LaTeX Error: Invalid UTF-8 byte "82.

See the LaTeX manual or LaTeX Companion for explanation.
Type  H <return>  for immediate help.
 ...                                              
                                                  
l.45 │ 
           ├── langevin/
? 

! LaTeX Error: Invalid UTF-8 byte sequence (�\lst@FillFixed@\lst@EC�).

See the LaTeX manual or LaTeX Companion for explanation.
Type  H <return>  for immediate help.
 ...                                              
                                                  
l.45 │   ├── 
                     langevin/
? 

! LaTeX Error: Invalid UTF-8 byte "9C.

See the LaTeX manual or LaTeX Companion for explanation.
Type  H <return>  for immediate help.
 ...                                              
                                                  
l.45 │   ├── 
                     langevin/
? 

! LaTeX Error: Invalid UTF-8 byte sequence (�\lst@EC�\lst@EC�).

See the LaTeX manual or LaTeX Companion for explanation.
Type  H <return>  for immediate help.
 ...                                              
                                                  
l.45 │   ├── 
                     langevin/
? 

! LaTeX Error: Invalid UTF-8 byte sequence (�\lst@EC�\lst@EC�).

See the LaTeX manual or LaTeX Companion for explanation.
Type  H <return>  for immediate help.
 ...                                              
                                                  
l.45 │   ├── 
                     langevin/
? 

! LaTeX Error: Invalid UTF-8 byte sequence (�\lst@FillFixed@\lst@EC�).

See the LaTeX manual or LaTeX Companion for explanation.
Type  H <return>  for immediate help.
 ...                                              
                                                  
l.46 │ 
           ├── langevin_inverse/
? 

! LaTeX Error: Invalid UTF-8 byte "82.

See the LaTeX manual or LaTeX Companion for explanation.
Type  H <return>  for immediate help.
 ...                                              
                                                  
l.46 │ 
           ├── langevin_inverse/
? 

! LaTeX Error: Invalid UTF-8 byte sequence (�\lst@FillFixed@\lst@EC�).

See the LaTeX manual or LaTeX Companion for explanation.
Type  H <return>  for immediate help.
 ...                                              
                                                  
l.46 │   ├── 
                     langevin_inverse/
? 

! LaTeX Error: Invalid UTF-8 byte "9C.

See the LaTeX manual or LaTeX Companion for explanation.
Type  H <return>  for immediate help.
 ...                                              
                                                  
l.46 │   ├── 
                     langevin_inverse/
? 

! LaTeX Error: Invalid UTF-8 byte sequence (�\lst@EC�\lst@EC�).

See the LaTeX manual or LaTeX Companion for explanation.
Type  H <return>  for immediate help.
 ...                                              
                                                  
l.46 │   ├── 
                     langevin_inverse/
? 

! LaTeX Error: Invalid UTF-8 byte sequence (�\lst@EC�\lst@EC�).

See the LaTeX manual or LaTeX Companion for explanation.
Type  H <return>  for immediate help.
 ...                                              
                                                  
l.46 │   ├── 
                     langevin_inverse/
? 

! LaTeX Error: Invalid UTF-8 byte sequence (�\lst@FillFixed@\lst@EC�).

See the LaTeX manual or LaTeX Companion for explanation.
Type  H <return>  for immediate help.
 ...                                              
                                                  
l.47 │ 
           ├── water_fourier/          # Modelo Zhang 2014 + visualiza...

? 

! LaTeX Error: Invalid UTF-8 byte "82.

See the LaTeX manual or LaTeX Companion for explanation.
Type  H <return>  for immediate help.
 ...                                              
                                                  
l.47 │ 
           ├── water_fourier/          # Modelo Zhang 2014 + visualiza...

? 

! LaTeX Error: Invalid UTF-8 byte sequence (�\lst@FillFixed@\lst@EC�).

See the LaTeX manual or LaTeX Companion for explanation.
Type  H <return>  for immediate help.
 ...                                              
                                                  
l.47 │   ├── 
                     water_fourier/          # Modelo Zhang 2014 + visualiza...

? 

! LaTeX Error: Invalid UTF-8 byte "9C.

See the LaTeX manual or LaTeX Companion for explanation.
Type  H <return>  for immediate help.
 ...                                              
                                                  
l.47 │   ├── 
                     water_fourier/          # Modelo Zhang 2014 + visualiza...

? 

! LaTeX Error: Invalid UTF-8 byte sequence (�\lst@EC�\lst@EC�).

See the LaTeX manual or LaTeX Companion for explanation.
Type  H <return>  for immediate help.
 ...                                              
                                                  
l.47 │   ├── 
                     water_fourier/          # Modelo Zhang 2014 + visualiza...

? 

! LaTeX Error: Invalid UTF-8 byte sequence (�\lst@EC�\lst@EC�).

See the LaTeX manual or LaTeX Companion for explanation.
Type  H <return>  for immediate help.
 ...                                              
                                                  
l.47 │   ├── 
                     water_fourier/          # Modelo Zhang 2014 + visualiza...

? 

! LaTeX Error: Invalid UTF-8 byte sequence (�\expandafter).

See the LaTeX manual or LaTeX Companion for explanation.
Type  H <return>  for immediate help.
 ...                                              
                                                  
l.47 ...      # Modelo Zhang 2014 + visualización
                                                  
? 

! LaTeX Error: Invalid UTF-8 byte "B3.

See the LaTeX manual or LaTeX Companion for explanation.
Type  H <return>  for immediate help.
 ...                                              
                                                  
l.47 ...      # Modelo Zhang 2014 + visualización
                                                  
? 

! LaTeX Error: Invalid UTF-8 byte sequence (�\lst@FillFixed@\lst@EC�).

See the LaTeX manual or LaTeX Companion for explanation.
Type  H <return>  for immediate help.
 ...                                              
                                                  
l.48 │ 
           ├── water_md/               # mW coarse-grained
? 

! LaTeX Error: Invalid UTF-8 byte "82.

See the LaTeX manual or LaTeX Companion for explanation.
Type  H <return>  for immediate help.
 ...                                              
                                                  
l.48 │ 
           ├── water_md/               # mW coarse-grained
? 

! LaTeX Error: Invalid UTF-8 byte sequence (�\lst@FillFixed@\lst@EC�).

See the LaTeX manual or LaTeX Companion for explanation.
Type  H <return>  for immediate help.
 ...                                              
                                                  
l.48 │   ├── 
                     water_md/               # mW coarse-grained
? 

! LaTeX Error: Invalid UTF-8 byte "9C.

See the LaTeX manual or LaTeX Companion for explanation.
Type  H <return>  for immediate help.
 ...                                              
                                                  
l.48 │   ├── 
                     water_md/               # mW coarse-grained
? 

! LaTeX Error: Invalid UTF-8 byte sequence (�\lst@EC�\lst@EC�).

See the LaTeX manual or LaTeX Companion for explanation.
Type  H <return>  for immediate help.
 ...                                              
                                                  
l.48 │   ├── 
                     water_md/               # mW coarse-grained
? 

! LaTeX Error: Invalid UTF-8 byte sequence (�\lst@EC�\lst@EC�).

See the LaTeX manual or LaTeX Companion for explanation.
Type  H <return>  for immediate help.
 ...                                              
                                                  
l.48 │   ├── 
                     water_md/               # mW coarse-grained
? 

! LaTeX Error: Invalid UTF-8 byte sequence (�\lst@FillFixed@\lst@EC�).

See the LaTeX manual or LaTeX Companion for explanation.
Type  H <return>  for immediate help.
 ...                                              
                                                  
l.49 │ 
           ├── quantum_lindblad/
? 

! LaTeX Error: Invalid UTF-8 byte "82.

See the LaTeX manual or LaTeX Companion for explanation.
Type  H <return>  for immediate help.
 ...                                              
                                                  
l.49 │ 
           ├── quantum_lindblad/
? 

! LaTeX Error: Invalid UTF-8 byte sequence (�\lst@FillFixed@\lst@EC�).

See the LaTeX manual or LaTeX Companion for explanation.
Type  H <return>  for immediate help.
 ...                                              
                                                  
l.49 │   ├── 
                     quantum_lindblad/
? 

! LaTeX Error: Invalid UTF-8 byte "9C.

See the LaTeX manual or LaTeX Companion for explanation.
Type  H <return>  for immediate help.
 ...                                              
                                                  
l.49 │   ├── 
                     quantum_lindblad/
? 

! LaTeX Error: Invalid UTF-8 byte sequence (�\lst@EC�\lst@EC�).

See the LaTeX manual or LaTeX Companion for explanation.
Type  H <return>  for immediate help.
 ...                                              
                                                  
l.49 │   ├── 
                     quantum_lindblad/
? 

! LaTeX Error: Invalid UTF-8 byte sequence (�\lst@EC�\lst@EC�).

See the LaTeX manual or LaTeX Companion for explanation.
Type  H <return>  for immediate help.
 ...                                              
                                                  
l.49 │   ├── 
                     quantum_lindblad/
? 

! LaTeX Error: Invalid UTF-8 byte sequence (�\lst@FillFixed@\lst@EC�).

See the LaTeX manual or LaTeX Companion for explanation.
Type  H <return>  for immediate help.
 ...                                              
                                                  
l.50 │ 
           └── thermomajorization/     # Diagnóstico Vu-Hayakawa stan...

? 

! LaTeX Error: Invalid UTF-8 byte "82.

See the LaTeX manual or LaTeX Companion for explanation.
Type  H <return>  for immediate help.
 ...                                              
                                                  
l.50 │ 
           └── thermomajorization/     # Diagnóstico Vu-Hayakawa stan...

? 

! LaTeX Error: Invalid UTF-8 byte sequence (�\lst@FillFixed@\lst@EC�).

See the LaTeX manual or LaTeX Companion for explanation.
Type  H <return>  for immediate help.
 ...                                              
                                                  
l.50 │   └── 
                     thermomajorization/     # Diagnóstico Vu-Hayakawa stan...

? 

! LaTeX Error: Invalid UTF-8 byte "94.

See the LaTeX manual or LaTeX Companion for explanation.
Type  H <return>  for immediate help.
 ...                                              
                                                  
l.50 │   └── 
                     thermomajorization/     # Diagnóstico Vu-Hayakawa stan...

? 

! LaTeX Error: Invalid UTF-8 byte sequence (�\lst@EC�\lst@EC�).

See the LaTeX manual or LaTeX Companion for explanation.
Type  H <return>  for immediate help.
 ...                                              
                                                  
l.50 │   └── 
                     thermomajorization/     # Diagnóstico Vu-Hayakawa stan...

? 

! LaTeX Error: Invalid UTF-8 byte sequence (�\lst@EC�\lst@EC�).

See the LaTeX manual or LaTeX Companion for explanation.
Type  H <return>  for immediate help.
 ...                                              
                                                  
l.50 │   └── 
                     thermomajorization/     # Diagnóstico Vu-Hayakawa stan...

? 

! LaTeX Error: Invalid UTF-8 byte sequence (�\expandafter).

See the LaTeX manual or LaTeX Companion for explanation.
Type  H <return>  for immediate help.
 ...                                              
                                                  
l.50 ...�� thermomajorization/     # Diagnóstico 
                                                  Vu-Hayakawa standalone
? 

! LaTeX Error: Invalid UTF-8 byte "B3.

See the LaTeX manual or LaTeX Companion for explanation.
Type  H <return>  for immediate help.
 ...                                              
                                                  
l.50 ...�� thermomajorization/     # Diagnóstico 
                                                  Vu-Hayakawa standalone
? 

! LaTeX Error: Invalid UTF-8 byte sequence (�\lst@FillFixed@\lst@EC�).

See the LaTeX manual or LaTeX Companion for explanation.
Type  H <return>  for immediate help.
 ...                                              
                                                  
l.51 ├── 
               analysis/                   # Scripts Python de plots
? 

! LaTeX Error: Invalid UTF-8 byte "9C.

See the LaTeX manual or LaTeX Companion for explanation.
Type  H <return>  for immediate help.
 ...                                              
                                                  
l.51 ├── 
               analysis/                   # Scripts Python de plots
? 

! LaTeX Error: Invalid UTF-8 byte sequence (�\lst@EC�\lst@EC�).

See the LaTeX manual or LaTeX Companion for explanation.
Type  H <return>  for immediate help.
 ...                                              
                                                  
l.51 ├── 
               analysis/                   # Scripts Python de plots
? 

! LaTeX Error: Invalid UTF-8 byte sequence (�\lst@EC�\lst@EC�).

See the LaTeX manual or LaTeX Companion for explanation.
Type  H <return>  for immediate help.
 ...                                              
                                                  
l.51 ├── 
               analysis/                   # Scripts Python de plots
? 

! LaTeX Error: Invalid UTF-8 byte sequence (�\lst@FillFixed@\lst@EC�).

See the LaTeX manual or LaTeX Companion for explanation.
Type  H <return>  for immediate help.
 ...                                              
                                                  
l.52 ├── 
               build/                      # Binarios compilados
? 

! LaTeX Error: Invalid UTF-8 byte "9C.

See the LaTeX manual or LaTeX Companion for explanation.
Type  H <return>  for immediate help.
 ...                                              
                                                  
l.52 ├── 
               build/                      # Binarios compilados
? 

! LaTeX Error: Invalid UTF-8 byte sequence (�\lst@EC�\lst@EC�).

See the LaTeX manual or LaTeX Companion for explanation.
Type  H <return>  for immediate help.
 ...                                              
                                                  
l.52 ├── 
               build/                      # Binarios compilados
? 

! LaTeX Error: Invalid UTF-8 byte sequence (�\lst@EC�\lst@EC�).

See the LaTeX manual or LaTeX Companion for explanation.
Type  H <return>  for immediate help.
 ...                                              
                                                  
l.52 ├── 
               build/                      # Binarios compilados
? 

! LaTeX Error: Invalid UTF-8 byte sequence (�\lst@FillFixed@\lst@EC�).

See the LaTeX manual or LaTeX Companion for explanation.
Type  H <return>  for immediate help.
 ...                                              
                                                  
l.53 └── 
               results/                    # Datos CSV y figuras PNG
? 

! LaTeX Error: Invalid UTF-8 byte "94.

See the LaTeX manual or LaTeX Companion for explanation.
Type  H <return>  for immediate help.
 ...                                              
                                                  
l.53 └── 
               results/                    # Datos CSV y figuras PNG
? 

! LaTeX Error: Invalid UTF-8 byte sequence (�\lst@EC�\lst@EC�).

See the LaTeX manual or LaTeX Companion for explanation.
Type  H <return>  for immediate help.
 ...                                              
                                                  
l.53 └── 
               results/                    # Datos CSV y figuras PNG
? 

! LaTeX Error: Invalid UTF-8 byte sequence (�\lst@EC�\lst@EC�).

See the LaTeX manual or LaTeX Companion for explanation.
Type  H <return>  for immediate help.
 ...                                              
                                                  
l.53 └── 
               results/                    # Datos CSV y figuras PNG
? 
[54

]

! LaTeX Error: Invalid UTF-8 byte sequence (�\expandafter).

See the LaTeX manual or LaTeX Companion for explanation.
Type  H <return>  for immediate help.
 ...                                              
                                                  
l.83 ...            ; <- temperatura inicial fría
                                                  
? 

! LaTeX Error: Invalid UTF-8 byte "AD.

See the LaTeX manual or LaTeX Companion for explanation.
Type  H <return>  for immediate help.
 ...                                              
                                                  
l.83 ...            ; <- temperatura inicial fría
                                                  
? 
LaTeX Font Info:    Font shape `T1/lmtt/bx/n' in size <14.4> not available
(Font)              Font shape `T1/lmtt/b/n' tried instead on input line 118.
! Double subscript.
<argument> ...{^{-NoValue-}} \argopen (p_i/\pieq _
                                                  i\argclose )
l.128 \end{align}
                 
? 
! Double subscript.
<argument> ...{^{-NoValue-}} \argopen (p_i/\pieq _
                                                  i\argclose )
l.128 \end{align}
                 
? 
LaTeX Info: Redefining \. on input line 128.
LaTeX Info: Redefining \% on input line 128.
Package cleveref Info: loaded `spanish' language definitions on input line 128.


Package fancyhdr Warning: \headheight is too small (14.0pt): 
(fancyhdr)                Make it at least 14.1595pt, for example:
(fancyhdr)                \setlength{\headheight}{14.1595pt}.
(fancyhdr)                You might also make \topmargin smaller:
(fancyhdr)                \addtolength{\topmargin}{-0.1595pt}.

[55]

LaTeX Warning: Citation `lu2017' on page 56 undefined on input line 130.


LaTeX Warning: Citation `salmon2011' on page 56 undefined on input line 134.


LaTeX Warning: Reference `thm:lorenz_curve' on page 1 undefined on input line 1
51.


LaTeX Warning: Reference `thm:vu_hayakawa' on page 1 undefined on input line 15
1.


LaTeX Warning: Reference `lst:thermomaj_cpp' on page 56 undefined on input line
 153.


LaTeX Warning: Reference `ch:termomajorizacion' on page 1 undefined on input li
ne 154.


LaTeX Warning: Reference `eq:master' on page 1 undefined on input line 159.


LaTeX Warning: Reference `eq:granular_moments' on page 1 undefined on input lin
e 171.


LaTeX Warning: Citation `lasanta2017' on page 56 undefined on input line 172.

LaTeX Info: Redefining \. on input line 179.
LaTeX Info: Redefining \% on input line 179.
Package cleveref Info: loaded `spanish' language definitions on input line 179.


Package fancyhdr Warning: \headheight is too small (14.0pt): 
(fancyhdr)                Make it at least 27.7595pt, for example:
(fancyhdr)                \setlength{\headheight}{27.7595pt}.
(fancyhdr)                You might also make \topmargin smaller:
(fancyhdr)                \addtolength{\topmargin}{-13.7595pt}.

[56]

LaTeX Warning: Reference `eq:double_well' on page 1 undefined on input line 181
.


LaTeX Warning: Citation `kumar2020' on page 57 undefined on input line 182.


LaTeX Warning: Citation `kumarchetrite2022' on page 57 undefined on input line 
187.


LaTeX Warning: Reference `eq:fourier_zhang' on page 1 undefined on input line 1
90.


LaTeX Warning: Citation `zhang2014' on page 57 undefined on input line 190.


LaTeX Warning: Citation `jin_goddard2015' on page 57 undefined on input line 19
7.


LaTeX Warning: Reference `eq:p1_evolution' on page 1 undefined on input line 20
2.


LaTeX Warning: Citation `chattopadhyay2026' on page 57 undefined on input line 
204.


! LaTeX Error: Invalid UTF-8 byte sequence (�\expandafter).

See the LaTeX manual or LaTeX Companion for explanation.
Type  H <return>  for immediate help.
 ...                                              
                                                  
l.224 # Agua Fourier (con visualización)
                                         :
? 

! LaTeX Error: Invalid UTF-8 byte "B3.

See the LaTeX manual or LaTeX Companion for explanation.
Type  H <return>  for immediate help.
 ...                                              
                                                  
l.224 # Agua Fourier (con visualización)
                                         :
? 
LaTeX Info: Redefining \. on input line 253.
LaTeX Info: Redefining \% on input line 253.
Package cleveref Info: loaded `spanish' language definitions on input line 253.


Package fancyhdr Warning: \headheight is too small (14.0pt): 
(fancyhdr)                Make it at least 14.1595pt, for example:
(fancyhdr)                \setlength{\headheight}{14.1595pt}.
(fancyhdr)                You might also make \topmargin smaller:
(fancyhdr)                \addtolength{\topmargin}{-0.1595pt}.

[57]) (./chapters/13_conclusiones.tex
LaTeX Info: Redefining \. on input line 4.
LaTeX Info: Redefining \% on input line 4.
Package cleveref Info: loaded `spanish' language definitions on input line 4.


Package fancyhdr Warning: \headheight is too small (14.0pt): 
(fancyhdr)                Make it at least 27.7595pt, for example:
(fancyhdr)                \setlength{\headheight}{27.7595pt}.
(fancyhdr)                You might also make \topmargin smaller:
(fancyhdr)                \addtolength{\topmargin}{-13.7595pt}.

[58]
Cap\'{\i }tulo 13.

Overfull \hbox (15.31854pt too wide) in paragraph at lines 35--39
[]\T1/lmr/m/n/10.95 (-20) El m�-du-lo emi-te ade-m�s un ar-chi-vo \T1/lmtt/m/n/
10.95 thermomajorization_diagnostic.csv \T1/lmr/m/n/10.95 (-20) con $\OT1/lmr/m
/n/10.95 (-20) ^^A[](\OML/lmm/m/it/10.95 t\OT1/lmr/m/n/10.95 (-20) )\OML/lmm/m/
it/10.95 ; \OT1/lmr/m/n/10.95 (-20) ^^A[](\OML/lmm/m/it/10.95 t\OT1/lmr/m/n/10.
95 (-20) )$
 []


LaTeX Warning: Citation `vuhayakawa2025' on page 59 undefined on input line 54.


[59

]

LaTeX Warning: Citation `klichraz2019' on page 60 undefined on input line 82.


LaTeX Warning: Reference `eq:a2_definition' on page 1 undefined on input line 9
8.

LaTeX Info: Redefining \. on input line 129.
LaTeX Info: Redefining \% on input line 129.
Package cleveref Info: loaded `spanish' language definitions on input line 129.


Package fancyhdr Warning: \headheight is too small (14.0pt): 
(fancyhdr)                Make it at least 14.1595pt, for example:
(fancyhdr)                \setlength{\headheight}{14.1595pt}.
(fancyhdr)                You might also make \topmargin smaller:
(fancyhdr)                \addtolength{\topmargin}{-0.1595pt}.

[60]
LaTeX Info: Redefining \. on input line 185.
LaTeX Info: Redefining \% on input line 185.
Package cleveref Info: loaded `spanish' language definitions on input line 185.

 [61]

Package hyperref Warning: Token not allowed in a PDF string (Unicode):
(hyperref)                removing `math shift' on input line 213.


Package hyperref Warning: Token not allowed in a PDF string (Unicode):
(hyperref)                removing `math shift' on input line 213.

LaTeX Info: Redefining \. on input line 232.
LaTeX Info: Redefining \% on input line 232.
Package cleveref Info: loaded `spanish' language definitions on input line 232.


Package fancyhdr Warning: \headheight is too small (14.0pt): 
(fancyhdr)                Make it at least 14.1595pt, for example:
(fancyhdr)                \setlength{\headheight}{14.1595pt}.
(fancyhdr)                You might also make \topmargin smaller:
(fancyhdr)                \addtolength{\topmargin}{-0.1595pt}.

[62]
<figures/water.png, id=892, 1084.05pt x 794.97pt>
File: figures/water.png Graphic file (type png)
<use figures/water.png>
Package pdftex.def Info: figures/water.png  used on input line 262.
(pdftex.def)             Requested size: 455.24411pt x 333.84874pt.


LaTeX Warning: `h' float specifier changed to `ht'.


LaTeX Warning: Citation `hallstadius2020' on page 63 undefined on input line 29
3.

LaTeX Info: Redefining \. on input line 311.
LaTeX Info: Redefining \% on input line 311.
Package cleveref Info: loaded `spanish' language definitions on input line 311.


Package fancyhdr Warning: \headheight is too small (14.0pt): 
(fancyhdr)                Make it at least 14.1595pt, for example:
(fancyhdr)                \setlength{\headheight}{14.1595pt}.
(fancyhdr)                You might also make \topmargin smaller:
(fancyhdr)                \addtolength{\topmargin}{-0.1595pt}.

[63]
LaTeX Info: Redefining \. on input line 328.
LaTeX Info: Redefining \% on input line 328.
Package cleveref Info: loaded `spanish' language definitions on input line 328.



Package fancyhdr Warning: \headheight is too small (14.0pt): 
(fancyhdr)                Make it at least 14.1595pt, for example:
(fancyhdr)                \setlength{\headheight}{14.1595pt}.
(fancyhdr)                You might also make \topmargin smaller:
(fancyhdr)                \addtolength{\topmargin}{-0.1595pt}.

[64 <./figures/water.png>]

LaTeX Warning: Reference `fig:summary_v2' on page 1 undefined on input line 380
.

<figures/summary.png, id=911, 1228.59pt x 1011.78pt>
File: figures/summary.png Graphic file (type png)
<use figures/summary.png>
Package pdftex.def Info: figures/summary.png  used on input line 387.
(pdftex.def)             Requested size: 455.24411pt x 374.90852pt.
LaTeX Info: Redefining \. on input line 412.
LaTeX Info: Redefining \% on input line 412.
Package cleveref Info: loaded `spanish' language definitions on input line 412.


Package fancyhdr Warning: \headheight is too small (14.0pt): 
(fancyhdr)                Make it at least 27.7595pt, for example:
(fancyhdr)                \setlength{\headheight}{27.7595pt}.
(fancyhdr)                You might also make \topmargin smaller:
(fancyhdr)                \addtolength{\topmargin}{-13.7595pt}.

[65]
LaTeX Info: Redefining \. on input line 421.
LaTeX Info: Redefining \% on input line 421.
Package cleveref Info: loaded `spanish' language definitions on input line 421.



Package fancyhdr Warning: \headheight is too small (14.0pt): 
(fancyhdr)                Make it at least 14.1595pt, for example:
(fancyhdr)                \setlength{\headheight}{14.1595pt}.
(fancyhdr)                You might also make \topmargin smaller:
(fancyhdr)                \addtolength{\topmargin}{-0.1595pt}.

[66 <./figures/summary.png>]

LaTeX Warning: Citation `baityjesi2019' on page 67 undefined on input line 427.



Overfull \hbox (43.32852pt too wide) in paragraph at lines 442--445
[]\T1/lmr/bx/n/10.95 (-20) Calibraci�n ex-pe-ri-men-tal di-rec-ta\T1/lmr/m/n/10
.95 (-20) : in-te-grar da-tos ex-pe-ri-men-ta-les del usua-rio en \T1/lmtt/m/n/
10.95 water_lab_*.ini
 []

) (./chapters/A1_thermomajorization_proofs.tex
LaTeX Info: Redefining \. on input line 4.
LaTeX Info: Redefining \% on input line 4.
Package cleveref Info: loaded `spanish' language definitions on input line 4.
 [67]
Ap\'{e}ndice A.

LaTeX Warning: Reference `thm:luraz_criterion' on page 1 undefined on input lin
e 7.


Package hyperref Warning: Token not allowed in a PDF string (Unicode):
(hyperref)                removing `\new@ifnextchar' on input line 7.


Package hyperref Warning: Token not allowed in a PDF string (Unicode):
(hyperref)                removing `subscript' on input line 7.


LaTeX Warning: Reference `eq:luraz_expansion' on page 1 undefined on input line
 11.

! Double subscript.
l.13     p_i(t; \Tinit) - \pieq_
                                i(\Tb) = \sum_{k \geq 2} c_k(\Tinit) v_{i,k}...

? 

LaTeX Warning: Reference `eq:luraz_criterion' on page 1 undefined on input line
 29.


LaTeX Warning: Reference `thm:vu_hayakawa' on page 1 undefined on input line 32
.


Package hyperref Warning: Token not allowed in a PDF string (Unicode):
(hyperref)                removing `\new@ifnextchar' on input line 32.


Package hyperref Warning: Token not allowed in a PDF string (Unicode):
(hyperref)                removing `subscript' on input line 32.


LaTeX Warning: Reference `eq:dist_entropica' on page 1 undefined on input line 
70.

! Double subscript.
<argument> ...{-NoValue-}} \argopen (p_i / \pieq _
                                                  i\argclose )
l.78 ...ando $\Dee = \sum_i p_i \ln(p_i / \pieq_i)
                                                  $:
? 
! Double subscript.
<argument> ...{-NoValue-}} \argopen (p_i / \pieq _
                                                  i\argclose )
l.80 ...{dt} = \sum_i \dot{p}_i \ln(p_i / \pieq_i)
                                                   + \sum_i \dot{p}_i
? 
! Double subscript.
<argument> ...{-NoValue-}} \argopen (p_i / \pieq _
                                                  i\argclose )
l.81 ...= \sum_{i,j} R_{ij} p_j \ln(p_i / \pieq_i)
                                                  ,
? 
[68

]
! Double subscript.
l.85 ...ición de balance detallado $R_{ij} \pieq_
                                                  j = R_{ji} \pieq_i$:
? 
! Double subscript.
l.85 ... detallado $R_{ij} \pieq_j = R_{ji} \pieq_
                                                  i$:
? 
! Double subscript.
l.87 ...{d \Dee}{dt} = -\sum_{i < j} R_{ij} \pieq_
                                                  j
? 
! Double subscript.
<argument> \pieq _
                  i
l.88     \left[\frac{p_i}{\pieq_i}
                                   - \frac{p_j}{\pieq_j}\right]
? 
! Double subscript.
<argument> \pieq _
                  j
l.88 ...[\frac{p_i}{\pieq_i} - \frac{p_j}{\pieq_j}
                                                  \right]
? 
! Double subscript.
<argument> p_i/\pieq _
                      i
l.89 ...\ln\!\left[\frac{p_i/\pieq_i}{p_j/\pieq_j}
                                                  \right].
? 
! Double subscript.
<argument> p_j/\pieq _
                      j
l.89 ...\ln\!\left[\frac{p_i/\pieq_i}{p_j/\pieq_j}
                                                  \right].
? 
) (./chapters/A2_listing_codigo.tex
LaTeX Info: Redefining \. on input line 4.
LaTeX Info: Redefining \% on input line 4.
Package cleveref Info: loaded `spanish' language definitions on input line 4.


Package fancyhdr Warning: \headheight is too small (14.0pt): 
(fancyhdr)                Make it at least 14.1595pt, for example:
(fancyhdr)                \setlength{\headheight}{14.1595pt}.
(fancyhdr)                You might also make \topmargin smaller:
(fancyhdr)                \addtolength{\topmargin}{-0.1595pt}.

[69]
Ap\'{e}ndice B.
[70

]
LaTeX Info: Redefining \. on input line 126.
LaTeX Info: Redefining \% on input line 126.
Package cleveref Info: loaded `spanish' language definitions on input line 126.

 [71])
! Undefined control sequence.
l.218 \backmatter
                 
? 
(./chapters/bibliografia.tex
LaTeX Info: Redefining \. on input line 4.
LaTeX Info: Redefining \% on input line 4.
Package cleveref Info: loaded `spanish' language definitions on input line 4.


Package fancyhdr Warning: \headheight is too small (14.0pt): 
(fancyhdr)                Make it at least 14.1595pt, for example:
(fancyhdr)                \setlength{\headheight}{14.1595pt}.
(fancyhdr)                You might also make \topmargin smaller:
(fancyhdr)                \addtolength{\topmargin}{-0.1595pt}.

[72]
Underfull \hbox (badness 1189) in paragraph at lines 78--82
[]\T1/lmr/m/n/10.95 (+20) A. Ku-mar, R. Ch�-tri-te, J. Bechhoe-fer, \T1/lmr/m/i
t/10.95 (+20) Ano-ma-lous hea-ting in a co-lloi-dal sys-tem\T1/lmr/m/n/10.95 (+
20) ,
 []

[73

])
LaTeX Info: Redefining \. on input line 221.
LaTeX Info: Redefining \% on input line 221.
Package cleveref Info: loaded `spanish' language definitions on input line 221.



Package fancyhdr Warning: \headheight is too small (14.0pt): 
(fancyhdr)                Make it at least 14.1595pt, for example:
(fancyhdr)                \setlength{\headheight}{14.1595pt}.
(fancyhdr)                You might also make \topmargin smaller:
(fancyhdr)                \addtolength{\topmargin}{-0.1595pt}.

[74] (./mpemba_x.aux
LaTeX Info: Redefining \. on input line 12.
LaTeX Info: Redefining \% on input line 12.
Package cleveref Info: loaded `spanish' language definitions on input line 12.
)
 ***********
LaTeX2e <2025-11-01>
L3 programming layer <2026-01-19>
 ***********


LaTeX Warning: There were undefined references.


LaTeX Warning: Label(s) may have changed. Rerun to get cross-references right.


Package rerunfilecheck Warning: File `mpemba_x.out' has changed.
(rerunfilecheck)                Rerun to get outlines right
(rerunfilecheck)                or use package `bookmark'.

Package rerunfilecheck Info: Checksums for `mpemba_x.out':
(rerunfilecheck)             Before: <no file>
(rerunfilecheck)             After:  7A708B8E6D25B67ED3E05752A2DACB9A;66314.
 ) 
Here is how much of TeX's memory you used:
 40141 strings out of 467533
 776966 string characters out of 5422138
 1796557 words of memory out of 5000000
 67012 multiletter control sequences out of 15000+600000
 810045 words of font info for 412 fonts, out of 8000000 for 9000
 1141 hyphenation exceptions out of 8191
 84i,13n,94p,1005b,2645s stack positions out of 10000i,1000n,20000p,200000b,200000s
</usr/share/texmf/fonts/type1/public/lm/lmbx10.pfb></usr/share/texmf/fonts/ty
pe1/public/lm/lmbx12.pfb></usr/share/texmf/fonts/type1/public/lm/lmbx8.pfb></us
r/share/texmf/fonts/type1/public/lm/lmbxi10.pfb></usr/share/texmf/fonts/type1/p
ublic/lm/lmex10.pfb></usr/share/texmf/fonts/type1/public/lm/lmmi10.pfb></usr/sh
are/texmf/fonts/type1/public/lm/lmmi12.pfb></usr/share/texmf/fonts/type1/public
/lm/lmmi6.pfb></usr/share/texmf/fonts/type1/public/lm/lmmi8.pfb></usr/share/tex
mf/fonts/type1/public/lm/lmmib10.pfb></usr/share/texmf/fonts/type1/public/lm/lm
r10.pfb></usr/share/texmf/fonts/type1/public/lm/lmr12.pfb></usr/share/texmf/fon
ts/type1/public/lm/lmr6.pfb></usr/share/texmf/fonts/type1/public/lm/lmr7.pfb></
usr/share/texmf/fonts/type1/public/lm/lmr8.pfb></usr/share/texmf/fonts/type1/pu
blic/lm/lmri10.pfb></usr/share/texmf/fonts/type1/public/lm/lmri12.pfb></usr/sha
re/texmf/fonts/type1/public/lm/lmss10.pfb></usr/share/texmf/fonts/type1/public/
lm/lmsy10.pfb></usr/share/texmf/fonts/type1/public/lm/lmsy6.pfb></usr/share/tex
mf/fonts/type1/public/lm/lmsy7.pfb></usr/share/texmf/fonts/type1/public/lm/lmsy
8.pfb></usr/share/texmf/fonts/type1/public/lm/lmtk10.pfb></usr/share/texmf/font
s/type1/public/lm/lmtt10.pfb></usr/share/texmf/fonts/type1/public/lm/lmtt9.pfb>
</usr/share/texmf/fonts/type1/public/lm/lmtti10.pfb></usr/share/texlive/texmf-d
ist/fonts/type1/public/amsfonts/symbols/msam10.pfb></usr/share/texlive/texmf-di
st/fonts/type1/public/amsfonts/symbols/msbm10.pfb>
Output written on mpemba_x.pdf (74 pages, 1997805 bytes).
PDF statistics:
 1486 PDF objects out of 1728 (max. 8388607)
 1320 compressed objects within 14 object streams
 870 named destinations out of 1000 (max. 500000)
 99376 words of extra memory for PDF output out of 106986 (max. 10000000)

