Tiempo t / h;Temperatura &J_1 / °C;Temperatura &J_2 / °C
17,6430094444659;62,7232778904639;25,0125301492698
17,643148055577;62,7063847809841;25,009275686307
17,6432869444659;62,6927632926328;25,0086476927594
17,6434261111325;62,6614287561777;24,9920412655121
17,6435647222436;62,6452971493572;24,9689307101758
17,6437038889103;62,6026507300948;24,9631995653758
17,6438427777992;62,5782570805208;24,9842174742266
17,6439813889103;62,5799563825722;24,9468011957642
17,6441200000214;62,5454646999285;25,1077611151634
17,6442591666881;62,5532093001874;25,0841480161509
17,6443983333548;62,5607279547788;25,1124076645812
17,6445372222436;62,544017964457;25,1427628508545
17,6446761111325;62,5481199535731;25,1101339067567
17,6448150000214;62,5594756741786;25,1169765377486
17,6449538889103;62,5570094724725;25,1079185040201
17,6450927777992;62,5151881137025;25,1256820048952
17,6452316666881;62,5040326667838;25,0936312232061
17,645370555577;62,4390813358909;25,0779653368847
17,6455094444659;62,403923856471;25,0825536866034
17,645648055577;62,3235147609411;25,0862911165647
17,6457872222436;62,2891854812706;25,0791999396606
17,6459261111325;62,2559022550384;25,0458424860149
17,6460650000214;62,209688506929;25,0173989173802
17,6462038889103;62,1914304142957;24,994161280172
17,6463427777992;62,1595559728389;25,0043276098168
17,6464816666881;62,1708679779278;24,9861124469356
17,646620555577;62,1610026740338;24,9551005665941
17,6467594444659;62,18713942236;24,9114713654844
17,646898055577;62,1611100462164;24,8931288865927
17,6470369444659;62,0174805827957;24,8562604699882
17,6471761111325;62,5100342291331;24,8710996082383
17,6473147222436;63,9304193908189;24,8694830429079
17,6474538889103;64,5288389494892;24,8455855253666
17,647593055577;64,4291955316597;24,8116218550151
17,6477316666881;63,4146483032794;24,8292100233707
17,647870555577;63,2362162430061;24,78764939033
17,6480094444659;63,4547265858603;24,8103118769858
17,6481483333548;63,7676803266245;24,7728101390395
17,6482872222436;63,5673063969348;24,7568143863716
17,6484261111325;63,5178649973078;24,7646342881714
17,6485647222436;63,1840908102638;24,7511867053568
17,6487038889103;62,9820464404847;24,7144992252795
17,6488427777992;62,9324425201895;24,7118232138894
17,6489816666881;62,798667048527;24,7119765432931
17,649120555577;62,7749644954246;24,7056643170294
17,6492591666881;62,7158031073584;24,6818215881075
17,649398055577;62,7279779685803;24,7041533785383
17,6495372222436;62,7205849020267;24,6425294116324
17,6496761111325;62,6983118001094;24,6535805286084
17,6498150000214;62,7197046405453;24,6298110383687
17,6499538889103;62,7586438724325;24,63344398689
17,6500927777992;62,7711970025504;24,5875451198202
17,6502316666881;62,7976475365886;24,5909291460642
17,650370555577;62,8286327723858;24,535643007681
17,6505094444659;62,8573930608148;24,5579005869665
17,6506483333547;62,8539822444321;24,5437445150961
17,6507875000214;62,8419148628899;24,5189610281782
17,6509263889103;62,7667985587133;24,4987534138182
17,6510650000214;62,5831840695765;24,4779577016413
17,6512038889103;62,3206592187564;24,509877889989
17,6513427777992;62,2812139403653;24,5120237952003
17,6514816666881;62,296622445883;24,457217289492
17,651620555577;62,2778675933884;24,4651932077493
17,6517594444659;62,3308065083075;24,4488888298371
17,6518983333548;62,4153757040931;24,4568864110186
17,6520375000214;62,5181950342019;24,4548937639675
17,6521761111325;62,369162054836;24,4310510619894
17,6523150000214;62,3752342225472;24,4367497787783
17,6524541666881;62,3991307854471;24,4410441022948
17,6525925000214;62,4279778333507;24,4121773842661
17,6527319444659;62,5189239297196;24,4309468160818
17,652870555577;62,5821381289255;24,4116932626105
17,6530097222436;63,1424697934477;24,4268880833388
17,6531483333547;63,2275217971444;24,3949678649936
17,6532872222436;63,3776637993169;24,3777069084111
17,6534261111325;63,6102026009555;24,3749817945088
17,6535650000214;63,7849712693485;24,3555776254419
17,6537038889103;63,8517209503312;24,368673078827
17,6538427777992;63,8698603652718;24,3623125580339
17,6539816666881;63,8502046565229;24,3504801172531
17,6541208333547;63,804810059261;24,3488890778243
17,6542594444659;63,7862349282987;24,3216376409305
17,6543986111325;63,7725695058232;24,3113408363915
17,6545369444659;63,6847726013835;24,2580213492814
17,6546758333548;63,5758506271808;24,2779313505852
17,6548150000214;63,4874260043948;24,2724812247026
17,6549536111325;63,4463774780659;24,2828756877711
17,6550925000214;63,2497887034239;24,2431328617165
17,6552313889103;63,2230416133258;24,3174506360349
17,6553702777992;63,228050319216;24,0642303737622
17,6555091666881;63,2374247497556;24,0492930964276
17,6556483333548;63,264334452878;24,0378622063751
17,6557869444659;63,223268539692;24,0453297040553
17,6559261111325;63,254097188524;24,0678387764291
17,6560650000214;63,2737354155382;23,8169137847824
17,6562038889103;63,2490709894694;23,9087384973639
17,6563427777992;63,2631259461284;23,7373034623461
17,6564819444659;63,3372574623865;23,0249345753521
17,656620555577;63,3688352894239;22,8581910471537
17,6567594444659;63,4123448687593;22,7731047137614
17,6568983333548;63,4162462499245;22,6860437924545
17,6570372222436;63,3532702108783;22,6723721335907
17,6571761111325;63,2149308553887;22,6770895952467
17,6573147222436;63,1264835162113;22,6794383753946
17,6574538889103;63,860076074643;22,6731262255335
17,6575927777992;63,5641604051158;22,6462796004935
17,6577316666881;63,5074272720574;22,6596542954277
17,657870555577;63,7940440522378;22,6587472820464
17,6580094444659;63,8023173642731;22,6301810970029
17,6581483333547;62,7117012856506;22,6322779295838
17,6582869444659;60,9950784197477;22,6069394566341
17,6584261111325;60,9857417767739;22,6355339197597
17,6585650000214;61,3876949193573;22,6128990220984
17,6587038889103;61,5437259932627;22,6144901118895
17,6588425000214;61,6174156778566;22,5991444289239
17,6589816666881;61,6754269634245;22,6089103919514
17,659120555577;61,8534900601417;22,5829709092216
17,6592591666881;61,9094943136915;22,6022221162451
17,6593983333548;61,9319503599028;22,6129204020998
17,6595375000214;61,9277145498906;22,5896573658588
17,6596761111325;61,9229216331699;22,5730035502841
17,6598147222436;61,8048419425182;22,576435649879
17,6599538889103;64,3741154971734;22,5803759418726
17,660093055577;64,5536549027724;22,5669740577635
17,6602316666881;64,4069981216531;22,5754802431289
17,660370555577;64,1183430428579;22,5644490004877
17,6605094444659;63,954083989508;22,5511531882336
17,6606483333548;63,9155077228268;22,5506474766228
17,6607869444659;63,961538447285;22,5449978696555
17,6609263889103;63,9383912220301;22,5323286331807
17,6610650000214;64,3053415462665;22,5475698199173
17,6612038889103;63,9312445735991;22,5290240429401
17,661343055577;50,4869864291081;22,5549408369912
17,6614816666881;43,9459126203078;22,5470369835435
17,6616202777992;39,8784444192947;22,5403277071761
17,6617594444659;36,975569547083;22,5349005834425
17,6618983333547;35,6478069720079;22,5076744501766
17,6620372222436;33,6170638971036;22,5493865358744
17,6621761111325;31,0392880582807;22,5047709643945
17,6623150000214;33,7523595890589;22,4992743094456
17,6624536111325;53,8028822068336;22,4852959974846
17,662593055577;63,0640046390152;22,46992424882
17,6627316666881;62,9855887264324;22,4769908988753
17,662870555577;62,4047617901987;22,4760583317039
17,6630094444659;61,9245311011255;22,4726008053903
17,6631486111325;61,6411309593697;22,450803393308
17,6632875000214;60,8916119726764;22,4687683373432
17,6634261111325;60,3197906177913;22,446508525402
17,6635650000214;60,0051959843898;22,4324798886113
17,6637038889103;60,1084505859992;22,4036404975215
17,6638427777992;60,2711116162322;22,4036886330817
17,6639816666881;60,8781538527248;22,4100227444674
17,6641208333547;60,8457884344305;22,3666451789865
17,6642594444659;60,664218587869;22,3763885288782
17,6643983333548;60,8172116098677;22,3777011526239
17,6645372222436;60,7304334705362;22,4105765175458
17,6646761111325;60,6086240620317;22,4085102099736
17,6648150000214;60,4750929413938;22,3711660974928
17,6649538889103;60,4166606283315;22,3730053081991
17,665093055577;60,4118787421878;22,3783858511389
17,6652316666881;60,3178157215228;22,3559241696275
17,6653708333547;60,299450421587;22,3669549610864
17,6655094444659;60,2988401838638;22,3253945073138
17,6656483333547;60,2004604524138;22,2938485280142
17,6657872222436;60,2514557665438;22,270681036749
17,6659261111325;60,2010962134671;22,2936258188414
17,6660650000214;60,2229539409055;22,2774998291829
17,6662041666881;60,2146056906298;22,2650116281898
17,6663427777992;60,1763683061307;22,2484840386604
17,6664816666881;60,1401427193132;22,2837030620359
17,6666202777992;60,1206694367553;22,2593613600167
17,6667594444659;60,1052673053742;22,230012536007
17,666898055577;60,0776393351498;22,247445721407
17,6670369444659;60,0698746358574;22,2381652354973
17,6671758333548;60,0404169414778;22,2233464416199
17,6673147222436;60,015004974495;22,2165418018146
17,6674538889103;59,9755435964156;22,2318037551408
17,6675925000214;59,9427565574144;22,233843706052
17,6677316666881;59,9381083226259;22,2402050796371
17,667870555577;59,9076099953103;22,2271350715839
17,6680091666881;59,8743079629573;22,2269078674113
17,668148055577;59,8400457289641;22,2103596694552
17,6682872222436;59,8420140028375;22,2013480274018
17,6684258333547;59,7421369980676;22,196272738561
17,6685650000214;59,7377933410069;22,2270393371502
17,6687036111325;59,7013782891293;22,2206000845964
17,6688427777992;59,6595250238871;22,2165418018146
17,6689816666881;59,616421157526;22,1978431466062
17,669120555577;59,5094229769063;22,2071294867404
17,6692591666881;59,4012808114514;22,2053110263486
17,6693983333547;59,5153775455377;22,1897170077067
17,6695369444659;59,5164539987853;22,1719513094524
17,6696761111325;59,4847702683609;22,1829547892821
17,6698150000214;59,4630337764524;22,1652369097007
17,6699536111325;59,4802798340381;22,1516140408651
17,6700925000214;59,4964116058914;22,1314559773542
17,6702316666881;59,5221786054474;22,1407365942704
17,670370555577;59,5164539987853;22,1258749099506
17,6705091666881;59,5460302356057;22,1296374408095
17,6706483333547;59,5512018617086;22,1107864178058
17,6707872222436;59,5698851462793;22,1253216369514
17,6709261111325;59,5823889599878;22,0916871421347
17,6710650000214;59,5542845308647;22,0837822284864
17,6712038889103;59,5549656913601;22,0882296896368
17,6713425000214;59,5225175379066;22,0766938923483
17,6714819444659;59,4647990890085;22,0831604668824
17,6716202777992;59,4718678834769;22,0672341726217
17,6717591666881;59,405936605172;22,076445955398
17,6718983333548;59,4075554662047;22,0213311527123
17,6720372222436;59,3873475102026;22,0438191536184
17,6721761111325;59,379239932748;22,0648146928007
17,6723150000214;59,362573818453;22,0145957062153
17,6724536111325;59,340728256461;22,0113179088557
17,672593055577;59,3419892336448;22,0141951312206
17,6727316666881;59,3058150457254;21,9993545194786
17,672870555577;59,2970155985683;22,026711725959
17,6730094444659;59,2772775067162;21,993352259922
17,6731483333547;59,2496966163226;22,000114407093
17,6732872222436;59,2206169881828;21,9741481160071
17,6734261111325;59,2066460534222;21,9715761115543
17,6735650000214;59,1378205737355;21,9697846486357
17,6737038889103;59,1622067726828;21,9628697793879
17,6738425000214;59,1113647010114;21,9543160889599
17,6739816666881;59,1175750199363;21,9216418161136
17,674120555577;59,1014996175992;21,9129560421652
17,6742594444659;59,0996964290853;21,929262409482
17,6743983333547;59,0945143820557;21,9251673193261
17,6745372222436;59,0695294017344;21,9124028254341
17,6746761111325;59,0808665515793;21,9112966989804
17,6748152777992;59,0538307372305;21,9175262264637
17,6749538889103;59,0550728193481;21,9033707825054
17,6750927777992;59,0211307560073;21,9007988322436
17,6752316666881;58,9937073908926;21,9046091289278
17,675370555577;58,9655573754014;21,8852739841495
17,6755097222436;58,9347093611063;21,8832822301987
17,6756483333548;58,9322253009929;21,8933795164117
17,6757872222436;58,896721185883;21,8687262643935
17,6759263889103;58,8273722164342;21,824994401
17,6760652777992;58,8264316671425;21,860019935923
17,6762038889103;58,812306223068;21,8627445088765
17,6763427777992;58,7722930739387;21,8589614252185
17,6764816666881;58,7640656183053;21,8386443823491
17,676620555577;58,7477411231715;21,828119533887
17,6767597222436;58,7280379626985;21,8426344729563
17,6768986111325;58,7286286123453;21,8204307539217
17,6770375000214;58,7131399865132;21,8222698317422
17,6771761111325;58,7273112719673;21,8219169690813
17,6773150000214;58,6999444471185;21,8077139452571
17,6774538889103;58,6841893472593;21,8092001339744
17,6775927777992;58,6710464887888;21,8245939169627
17,6777316666881;58,6992071671471;21,7986547202913
17,677870555577;58,6467584032321;21,8161151986669
17,6780097222436;58,6439159496932;21,7827554915352
17,6781483333547;58,6528179666931;21,7699909976432
17,6782872222436;58,6254842522097;21,7569893141304
17,6784258333548;58,5957128574997;21,7273448411401
17,6785650000214;58,5937523265781;21,7509599335412
17,6787038889103;58,5718586337624;21,7627232805199
17,6788427777992;58,5322618756271;21,7386231539925
17,6789813889103;58,5114446124958;21,7509872701948
17,679120555577;58,4793734637897;21,7448255516366
17,6792591666881;58,4380280155519;21,7331741331963
17,679398055577;58,4092872288739;21,7440995928408
17,6795377777992;58,3862077362056;21,73226838597
17,6796761111325;58,3381243718147;21,7246680782469
17,6798152777992;58,2782904321884;21,707007491999
17,6799538889103;58,2989503691297;21,7151610396415
17,6800927777992;58,2267613432556;21,6872980299158
17,6802316666881;58,2472283263264;21,6926992984344
17,6803702777992;58,2361028238214;21,6888892648773
17,6805094444659;58,2210475052157;21,681268408382
17,6806483333547;58,2207349207008;21,6662275169934
17,6807872222436;58,1966984726621;21,6642359092418
17,6809258333547;58,195224100714;21,656968199513
17,6810650000214;58,1893069431113;21,6589394619498
17,6812038889103;58,1593996358418;21,649700490986
17,6813425000214;58,1722642870634;21,6207042721026
17,6814816666881;58,1652795770269;21,6363254860303
17,681620555577;58,1187346924925;21,6326479110169
17,6817594444659;58,1221112569581;21,6108917556635
17,6818983333547;58,0833962947277;21,5963563374077
17,6820372222436;58,0830090527494;21,5861637937775
17,6821761111325;58,0735687366753;21,5785906932576
17,6823150000214;58,0434103870954;21,5881825337041
17,6824538889103;58,0269388499562;21,571903326039
17,682593055577;58,0301688819184;21,5745607389961
17,6827316666881;57,9717510874485;21,560492724405
17,682870555577;57,9517086945547;21,555756392076
17,6830091666881;57,9329988623862;21,552099147092
17,6831483333548;57,9458009215775;21,5466221501203
17,6832872222436;57,8856687045194;21,5398873921699
17,6834261111325;57,882428247748;21,5343057947892
17,6835652777992;57,8652392089361;21,5388490023039
17,6837038889103;57,8645022011066;21,5352187921849
17,6838427777992;57,8223535017594;21,4949451636533
17,6839819444659;57,8254000976086;21,4911823333657
17,684120555577;57,8273974698259;21,48167524953
17,6842594444659;57,8030576820469;21,4811224653178
17,6843983333547;57,7809711301693;21,4987554603375
17,6845372222436;57,7573113936813;21,4916679122821
17,6846761111325;57,7635588788041;21,4760738222114
17,6848152777992;57,7124852080656;21,4877046054405
17,6849538889103;57,6888824896644;21,4749406392377
17,6850927777992;57,6530380612234;21,4618908399182
17,6852313889103;57,6008306571399;21,4688534927427
17,685370555577;57,6071550423685;21,4503074218719
17,6855094444659;57,5848649552777;21,446697119578
17,6856483333547;57,5528311639348;21,4449058865278
17,6857869444659;57,535982204549;21,4412757600547
17,6859261111325;57,5286379397306;21,4472774811444
17,6860652777992;57,5289879014144;21,4298448700022
17,6862038889103;57,5028864038965;21,4441729603368
17,6863427777992;57,4884015231873;21,4196246878531
17,6864816666881;57,4683220720905;21,4147088568954
17,686620555577;57,4790801813512;21,4320166172631
17,6867594444659;57,4633249230484;21,3864455241528
17,686898055577;57,4379085471434;21,3918943930279
17,6870369444659;57,4475899292181;21,3777592682587
17,6871761111325;57,4074110476891;21,4034777843299
17,6873152777992;57,3869917499545;21,3842940318187
17,6874541666881;57,357791280508;21,3836933618515
17,6875927777992;57,3385952396115;21,3621173502533
17,6877319444659;57,3163051060542;21,3565158776976
17,687870555577;57,3057976126372;21,3686525658177
17,6880094444659;57,2898590681992;21,330216669233
17,6881483333548;57,2716826569046;21,357069181914
17,6882872222436;57,2505534469657;21,3314350457636
17,6884263889103;57,212188263819;21,3489155432327
17,6885650000214;57,2294341868754;21,3416749850199
17,6887041666881;57,1723962602209;21,3585351009413
17,6888427777992;57,1865683428913;21,333501596343
17,6889813889103;57,1380458224301;21,293579845271
17,689120555577;57,1367181108725;21,3109454107342
17,6892597222436;57,0854783578804;21,2969898780556
17,6893983333547;57,0876322666549;21,3014858393932
17,6895375000214;57,0418856537105;21,2845205347574
17,6896763889103;57,0537101850275;21,2857791935645
17,6898147222436;57,0190989764836;21,2828818942761
17,6899538889103;57,0334641390301;21,2570479153753
17,6900925000214;56,9952927539383;21,258734425046
17,6902316666881;56,9864575832187;21,2309764880024
17,6903702777992;57,000666574233;21,2481889755846
17,6905091666881;56,9718477046217;21,2259002422897
17,6906483333548;56,9660284361801;21,2198783493722
17,6907872222436;56,9822450364149;21,2013322425821
17,6909258333548;56,9255682206371;21,2187452067498
17,6910650000214;56,9309418397222;21,2195455979499
17,6912036111325;56,9001200873354;21,2130108648361
17,6913425000214;56,8521209194917;21,1985026402064
17,6914816666881;56,8434796345367;21,1621434041025
17,691620555577;56,8003103537449;21,1601721007598
17,6917591666881;56,7693166671602;21,1820810675384
17,6918983333548;56,7700166824096;21,1714303831859
17,6920375000214;56,7532471306714;21,1917202130291
17,6921761111325;56,738736062852;21,1592192874334
17,6923150000214;56,7132511285972;21,1706501774859
17,6924538889103;56,7140355661615;21,153665293252
17,6925927777992;56,6751279246738;21,1534369504797
17,6927316666881;56,6346451213512;21,1496746035769
17,6928702777992;56,6469291746512;21,1432722582291
17,6930094444659;56,6190091066563;21,0916427381587
17,6931483333547;56,5876866390913;21,0983021402076
17,6932869444659;56,5799647247263;21,1162962816152
17,6934258333548;56,5731065065503;21,1217249997216
17,6935647222436;56,5933526758142;21,1107994555552
17,6937038889103;56,5616687680551;21,1242498190695
17,6938425000214;56,5669077383297;21,1061509397327
17,6939819444659;56,5822554280247;21,0997214910391
17,6941202777992;56,5444804684297;21,0752878511705
17,6942594444659;56,5345584428224;21,0808976724551
17,6943983333547;56,5333256425561;21,0995690768896
17,6945369444659;56,5063000436343;21,0777923421725
17,6946761111325;56,4665075823777;21,090709291779
17,6948150000214;56,4448073115562;21,0863664763374
17,6949538889103;56,4380066566335;21,0752684389753
17,6950925000214;56,3903001158017;21,0876328511378
17,6952316666881;56,3712189876927;21,060760252775
17,6953702777992;56,3755270844198;21,0820036114577
17,6955094444659;56,3572523894376;21,0588941597862
17,695648055577;56,307835828207;21,0331556352916
17,6957872222436;56,2921901971719;21,0506350087234
17,6959261111325;56,2608657889069;21,0438806532632
17,6960650000214;56,2608657889069;21,0315362706061
17,6962036111325;56,2280107236337;21,0294117934101
17,6963427777992;56,20656247745;21,0235627591035
17,6964816666881;56,1961441833008;21,0210380721414
17,696620555577;56,1936613387197;21,008673804018
17,6967594444659;56,1708381278336;20,993280866838
17,6968983333547;56,144031439684;21,0039399561478
17,6970375000214;56,1567500884236;21,0033781530511
17,6971761111325;56,1619196678357;21,0137983461426
17,6973150000214;56,1234203228152;21,0175615119128
17,6974536111325;56,1336346615751;20,9981290287367
17,6975927777992;56,0909151950313;20,9687325610584
17,6977316666881;56,1034661844486;20,9912423717658
17,697870555577;56,0645683874712;20,9629790119122
17,6980097222436;56,0424203231528;20,9909365660377
17,6981486111325;56,0287436061741;20,9716374150367
17,6982872222436;56,0058468424139;20,9847268122873
17,6984263889103;55,981754245126;20,9363069351231
17,6985650000214;55,9576592439695;20,9464713971322
17,6987041666881;55,893506541344;20,9324485119357
17,6988427777992;55,9110661079264;20,9502145180203
17,6989813889103;55,893518743889;20,9400691053041
17,699120555577;55,8247144616326;20,923589572145
17,6992597222436;55,8324605053787;20,9204651681492
17,6993983333548;55,7940951416216;20,8969174953559
17,6995375000214;55,7997730814793;20,8857063796663
17,6996761111325;55,7849000744199;20,8967179807631
17,6998150000214;55,7607075480329;20,9034050064585
17,6999541666881;55,7754345846992;20,8890973873948
17,700093055577;55,753347742317;20,857196107092
17,7002319444659;55,7546433273354;20,8626074529659
17,700370555577;55,7103361993015;20,8449651139518
17,7005091666881;55,725427602442;20,8713324649688
17,7006483333547;55,701803613988;20,8582820393648
17,7007869444659;55,6828022316395;20,8526799605379
17,7009263889103;55,6578247282144;20,8161964352657
17,7010650000214;55,6567475547249;20,8268942940258
17,7012041666881;55,6174899903659;20,8319429371323
17,701343055577;55,6297585300716;20,8370397948113
17,7014816666881;55,6197416255408;20,8121584276101
17,7016202777992;55,5871474543885;20,8001940823679
17,7017594444659;55,5837255022556;20,7963837856838
17,701898055577;55,5368401898712;20,7638629171383
17,7020369444659;55,5269683688911;20,7759215389493
17,7021761111325;55,5095982684497;20,7711777047784
17,7023147222436;55,4584596153844;20,7878106636893
17,7024536111325;55,4619136996689;20,7465260672253
17,7025927777992;55,4141713800898;20,7789517238986
17,7027313889103;55,4300256300781;20,7693869046221
17,7028702777992;55,4150803006474;20,7476120336713
17,7030094444659;55,3792554564416;20,7836758105254
17,703148055577;55,3638063535015;20,7497547926695
17,7032872222436;55,3491231324498;20,7477445026067
17,7034261111325;55,3642001378359;20,715443116014
17,7035650000214;55,3344133342521;20,7416298154871
17,7037036111325;55,3226162238187;20,7381055074804
17,7038425000214;55,3145701555204;20,7214736399237
17,7039816666881;55,2951375140342;20,7163484878797
17,704120555577;55,2806819024492;20,6949527344108
17,7042594444659;55,2668076931569;20,7252356690488
17,704398055577;55,261113387765;20,7103759377989
17,7045372222436;55,2389623564866;20,7100427498712
17,7046758333548;55,2088517192752;20,6855414092377
17,7048147222436;55,1601073919834;20,7017162473906
17,7049538889103;55,1735252627346;20,6691672157112
17,7050925000214;55,1367646707099;20,6849891264056
17,7052316666881;55,1071369762743;20,6793127959803
17,7053702777992;55,0966112674858;20,6702532240321
17,7055094444659;55,0858130217496;20,6617472393994
17,7056483333547;55,0697333986372;20,6641185726047
17,7057872222436;55,0733538518236;20,6524870855025
17,7059261111325;55,0541459218997;20,6435811472429
17,7060650000214;55,0444918579836;20,6565450041991
17,7062036111325;54,9883634360313;20,6354552695114
17,7063427777992;54,9964652324915;20,6155370919698
17,7064813889103;55,0161620815304;20,6459524853557
17,7066202777992;54,9788529034016;20,6291213610091
17,7067594444659;54,9495449895743;20,5911893129548
17,706898055577;54,9398972665094;20,6254164843766
17,7070375000214;54,9178036185397;20,609164800667
17,7071761111325;54,9098122668065;20,6136993207425
17,7073150000214;54,8651314904505;20,5976768591495
17,7074538889103;54,8480504203785;20,6131470943248
17,7075927777992;54,8555620638185;20,5994958784713
17,7077313889103;54,8072222712964;20,5824356724128
17,707870555577;54,7877607673563;20,5933427945041
17,7080094444659;54,7842252653356;20,5786537769073
17,7081483333547;54,7404681786537;20,5661654641297
17,7082872222436;54,752333633561;20,5817779988899
17,7084261111325;54,7373305435262;20,566823010223
17,7085647222436;54,7240039909127;20,5661654641297
17,7087036111325;54,7432209912194;20,549056792198
17,7088427777992;54,7100119679123;20,5695472643927
17,7089816666881;54,7036160294053;20,5305391901328
17,709120555577;54,7139614371904;20,5476192342941
17,7092594444659;54,6790236595941;20,5297192431881
17,7093983333547;54,6899011964191;20,5534193717142
17,7095372222436;54,6406258299986;20,5285677508732
17,7096761111325;54,6245329366432;20,4979032658753
17,7098150000214;54,5633664912904;20,5340631932873
17,7099536111325;54,5775283501514;20,5140793805365
17,7100925000214;54,5567582592261;20,5169845797137
17,7102316666881;54,5465300887128;20,4605815516711
17,7103702777992;54,5384544735128;20,4691764495865
17,7105094444659;54,5008161769985;20,4646978352446
17,7106486111325;54,4433919249027;20,4541341966049
17,7107875000214;54,4339232566364;20,4750245118578
17,7109261111325;54,4115760050062;20,4690405618305
17,7110650000214;54,3862167158045;20,4476661440603
17,7112038889103;54,3638460271169;20,4691943203258
17,7113427777992;54,328654219876;20,4565719677072
17,7114819444659;54,2961887231542;20,4423503229561
17,711620555577;54,2668217918629;20,4431499086266
17,7117597222436;54,2074939014992;20,4068389495552
17,7118983333547;54,1885148727296;20,4110116101333
17,7120372222436;54,1603711517988;20,3948543981548
17,7121761111325;54,1431208551178;20,4203935587701
17,7123150000214;54,1388256627471;20,3986844451915
17,7124538889103;54,1050054849485;20,3906442858301
17,7125927777992;54,181291183597;20,4191552123477
17,7127316666881;54,4615692040125;20,4095631772187
17,7128702777992;54,3624448702218;20,4166317151729
17,7130094444659;54,179266515765;20,421745538155
17,7131486111325;54,185798776588;20,4303854147346
17,7132872222436;54,0763038984986;20,4639737566388
17,7134263889103;54,0856128393685;20,4084771195991
17,7135650000214;54,1070406411318;20,4926082584561
17,7137038889103;54,4039566807444;20,5161850544807
17,7138427777992;54,311904277169;20,4846165700783
17,7139816666881;54,2533353285471;20,4971626478685
17,7141202777992;54,2373608676771;20,5083833561882
17,7142591666881;54,2134866118549;20,5156994289612
17,714398055577;54,2145087369482;20,5723001802477
17,7145369444659;54,170835178588;20,5829979697668
17,7146758333548;54,1819516104633;20,57353852667
17,7148150000214;54,1571889410336;20,5637474388243
17,7149538889103;54,1272227851424;20,5775495412358
17,7150927777992;54,1226626338419;20,5975060611651
17,7152316666881;54,0922476289371;20,6060589234492
17,715370555577;54,0747196609015;20,600058341451
17,7155091666881;54,0490380098254;20,6043561393196
17,715648055577;54,0613929771834;20,6170915924026
17,7157872222436;54,0660605533067;20,5922567405898
17,7159261111325;54,0751420608687;20,6163388906043
17,7160650000214;54,0928209547728;20,5793399541897
17,7162036111325;54,089639170159;20,6201959206896
17,7163427777992;54,1036309494662;20,6074510699765
17,7164816666881;54,0954119957529;20,598420247807
17,716620555577;54,1151500821405;20,6168908544998
17,7167591666881;54,0990574159082;20,5827989222451
17,7168983333547;54,1044167196438;20,5806071108085
17,7170372222436;54,1113711448876;20,6237783371362
17,7171758333548;54,0832429087631;20,610374496803
17,7173150000214;54,1080208250852;20,6214342671119
17,7174538889103;54,0920200612743;20,642277833566
17,7175927777992;54,0536376361369;20,6149483315018
17,7177316666881;54,0496728401912;20,6251119409757
17,7178702777992;54,0346175215855;20,6455540368182
17,7180091666881;54,0364402058951;20,6337523562335
17,7181483333548;54,0523316674521;20,6222159301526
17,7182872222436;54,0103623353842;20,6405053937117
17,7184261111325;53,9799827611236;20,6408872667637
17,7185650000214;54,035031008557;20,642371397813
17,7187036111325;54,0027933190552;20,6169393606163
17,7188427777992;54,0088701536984;20,6414196299609
17,7189813889103;54,030120951023;20,6163568671171
17,7191202777992;54,0123802014311;20,6234721992047
17,7192594444659;53,9901958093638;20,6372096544924
17,7193983333548;53,9939596390153;20,6394481522135
17,7195369444659;54,0088701536984;20,6165863721085
17,7196761111325;53,9631310779299;20,606974743416
17,7198147222436;53,9869373004753;20,6300083294862
17,7199538889103;53,9611487726606;20,6352092271887
17,7200927777992;53,908774457241;20,6132812957185
17,7202316666881;53,8993734397707;20,6016786379126
17,7203702777992;53,8964457369881;20,5958679139247
17,7205091666881;53,8972556165094;20,6051069845575
17,7206483333547;53,8628905852734;20,602782553721
17,7207872222436;53,8596850162004;20,6000115815324
17,7209263889103;53,8453210366233;20,6041748667243
17,7210652777992;53,8452799484383;20,5926384810743
17,7212038889103;53,8066191436062;20,6018504056659
17,7213427777992;53,7870409409459;20,6159878579663
17,7214813889103;53,7946363230613;20,5898967978814
17,7216202777992;53,7566257730775;20,5828279630541
17,7217594444659;53,7510392770718;20,6034688909135
17,7218983333548;53,7504662601036;20,5791698562329
17,7220372222436;53,733406368413;20,5867904496012
17,7221761111325;53,7317697815512;20,5833136970145
17,7223150000214;53,6819359979297;20,6016786379126
17,7224538889103;53,720891634822;20,5642798168494
17,7225927777992;53,7342839404205;20,5855521031788
17,7227316666881;53,7099047584178;20,5812075910218
17,722870555577;53,6938633710953;20,5557271358726
17,7230094444659;53,6563335824501;20,5616041779235
17,7231483333548;53,6772800421795;20,5544887894503
17,7232872222436;53,64219688598;20,5460099964693
17,7234261111325;53,6403597236236;20,5695117106211
17,7235650000214;53,6198509494699;20,5532504430279
17,7237038889103;53,6324597788021;20,5480010317935
17,7238427777992;53,6195052570301;20,5504602272002
17,7239816666881;53,6028400871751;20,5389413438998
17,7241208333547;53,6005122855259;20,5472309792413
17,7242594444659;53,6039038096165;20,5192912658457
17,7243983333547;53,5697655004672;20,5385435778607
17,7245372222436;53,5537916416407;20,4905991000268
17,7246763889103;53,5584842473179;20,5100793239216
17,7248150000214;53,5422874466231;20,5180043158407
17,7249541666881;53,5362735789795;20,5141960305834
17,7250927777992;53,5203549135952;20,4690242520224
17,7252316666881;53,5271503654697;20,4911800340718
17,725370555577;53,5070812981841;20,4778831918131
17,7255097222436;53,4757474163359;20,4841132526043
17,7256483333547;53,4714783509265;20,4777310056583
17,7257875000214;53,427881349586;20,4837602492658
17,7259258333548;53,4233995085431;20,4757109055051
17,7260647222436;53,3941930830329;20,4891447437655
17,7262036111325;53,3352911401608;20,4481826405302
17,7263427777992;53,3591914584474;20,4351117366606
17,7264813889103;53,3409556352636;20,4356461654901
17,726620555577;53,3236806337359;20,4559534388592
17,7267591666881;53,3068027621916;20,4461624719174
17,7268983333548;53,2756283756179;20,4507059255307
17,7270369444659;53,2519816598033;20,4263583631334
17,7271758333547;53,2482960147876;20,4388754325666
17,7273147222436;53,2118294972788;20,42625279687
17,7274538889103;53,2255942564472;20,4022582366061
17,7275925000214;53,2005380083245;20,4102124351233
17,7277316666881;53,2089431912544;20,4176516017955
17,727870555577;53,1834334019836;20,3957413999201
17,7280091666881;53,1573133369541;20,4200248079813
17,7281483333547;53,1468727750464;20,4125563665333
17,7282869444659;53,1302346129793;20,3887017023837
17,7284258333548;53,1300217213335;20,3949712483866
17,7285647222436;53,1167482786425;20,3718060575789
17,7287036111325;53,0843644991772;20,3893415756725
17,7288427777992;53,0977835132086;20,3848739621736
17,7289816666881;53,0900557314503;20,408574569675
17,7291202777992;53,0645461900477;20,3814341000255
17,7292591666881;53,0567537086436;20,3837227833946
17,729398055577;53,0509812986534;20,3607726300562
17,7295375000214;53,0470580270132;20,3300428055948
17,7296761111325;53,0402484409771;20,3819793066091
17,7298147222436;53,00991122607;20,3618121821293
17,7299538889103;52,9830094730449;20,3648873481076
17,7300925000214;53,01653444447;20,3703181123696
17,7302313889103;53,0006282228865;20,335493116096
17,730370555577;53,004883655883;20,3505334591185
17,7305094444659;53,0345026897493;20,3512666289488
17,7306483333548;53,0670867750624;20,3313127905502
17,7307875000214;53,0788699740111;20,3232040463987
17,7309261111325;53,0604366058598;20,3264799598987
17,7310647222436;53,0679642651627;20,3267669377401
17,7312036111325;53,0405941818202;20,3304444729895
17,7313425000214;53,0489857362508;20,331680807985
17,7314813889103;53,0462321822063;20,3050573347784
17,731620555577;53,0444768383257;20,3033707288057
17,7317597222436;53,0016920639364;20,3216717999963
17,731898055577;52,9908021496931;20,3104395525068
17,7320375000214;52,9536285423597;20,3106869692624
17,7321758333548;52,947164796643;20,2996090887603
17,7323150000214;52,8946576400582;20,3018871134244
17,7324538889103;52,8894841072348;20,2725374547083
17,732593055577;52,8341039107026;20,2845200690654
17,7327316666881;52,8315771833411;20,2866755010467
17,732870555577;52,828305445737;20,2667730953415
17,7330094444659;52,8208306024443;20,2757667155717
17,7331483333547;52,7813969724013;20,2835860909587
17,7332869444659;52,782048231402;20,2529515276225
17,7334263889103;52,7398355381296;20,2564088221733
17,7335652777992;52,7193804677057;20,259686777907
17,7337038889103;52,7133022617733;20,253532519
17,7338427777992;52,6758504340553;20,2679939702831
17,7339813889103;52,6728047680485;20,2387965088554
17,734120555577;52,6534267642526;20,2440459956761
17,7342594444659;52,6287027679817;20,2362907218682
17,7343983333548;52,6085300232252;20,2339293343858
17,7345375000214;52,5870240542815;20,2380439155077
17,7346761111325;52,5493188695388;20,2304720583804
17,7348150000214;52,5071061688078;20,2230501455267
17,7349538889103;52,5215493480665;20,2239376900474
17,735093055577;52,4938329758436;20,1975698674473
17,7352316666881;52,4677917312877;20,2326151056236
17,735370555577;52,442549124711;20,2161355724646
17,7355094444659;52,4464593302815;20,1703633469932
17,7356486111325;52,3795083424607;20,195598333284
17,7357872222436;52,3819820572564;20,1815954929696
17,7359263889103;52,352030693726;20,1782141298375
17,7360647222436;52,3657557604815;20,1736218851363
17,7362038889103;52,3281576363161;20,1529325208577
17,7363427777992;52,32598944917;20,195274769085
17,7364819444659;52,3211889349147;20,1567428175418
17,7366208333547;52,302715590881;20,1640103902315
17,7367597222436;52,2778052138443;20,1460939440007
17,7368983333547;52,2536660572882;20,1505614748034
17,7370372222436;52,2384136462986;20,1219450016087
17,7371761111325;52,2314851147277;20,1299186193657
17,7373150000214;52,2135307100937;20,1415311878162
17,7374538889103;52,1900829885619;20,1166683088321
17,737593055577;52,1513405375562;20,1178010387133
17,7377316666881;52,1746818657328;20,0829567127334
17,737870555577;52,1075844320447;20,1234014403609
17,7380091666881;52,1112816136792;20,0704395976454
17,7381483333548;52,1079969488765;20,0967586537559
17,7382872222436;52,070943565531;20,0921686781185
17,7384258333547;52,0781253982184;20,0901778401605
17,7385650000214;52,0787244871943;20,0640573506995
17,7387036111325;52,0488397028041;20,0731468224379
17,7388427777992;52,0055760616871;20,0635057633714
17,7389813889103;52,0218546249295;20,0718766245824
17,739120555577;51,9815957933191;20,0575694770038
17,7392591666881;51,9772602647104;20,0477594539787
17,739398055577;51,9690409683203;20,0538648070693
17,7395369444659;51,9464188882554;20,0354137320423
17,7396761111325;51,9435990457425;20,044959407809
17,7398150000214;51,9247258391793;20,0270112480115
17,7399536111325;51,9071449985384;20,0421002714153
17,7400925000214;51,847365132007;20,0301177024263
17,7402313889103;51,8614229060372;20,0267069327583
17,7403702777992;51,8290376292483;20,0176471341321
17,7405094444659;51,8291175104265;19,9840240316566
17,7406483333547;51,8223081102788;20,0037793628471
17,7407872222436;51,7973712340587;19,9952427208839
17,7409261111325;51,7803468915772;19,9741086404709
17,7410650000214;51,7667280810087;20,0023889292896
17,7412038889103;51,766689139104;19,9895230849145
17,741343055577;51,7335994399095;19,9985892095874
17,7414816666881;51,7246352260448;19,9862730443459
17,741620555577;51,7027705227998;19,9814693043311
17,7417591666881;51,6927147430622;19,9824151189531
17,7418983333548;51,7038470539118;19,9867844863025
17,7420369444659;51,6644139516219;19,965141215422
17,7421763889103;51,6520308605459;19,9889647302088
17,7423150000214;51,6372288195185;19,9589101218894
17,7424538889103;51,6358989971083;19,9634335031201
17,7425927777992;51,6100571620416;19,9691361981926
17,7427313889103;51,6111488787586;19,9359361360214
17,7428708333547;51,5721932418663;19,9441438761565
17,7430091666881;51,5838970564068;19,9248542491929
17,7431483333547;51,5399421492077;19,9322322528918
17,7432872222436;51,5334908098925;19,937728926944
17,7434261111325;51,5269346494173;19,9647367636707
17,7435650000214;51,5131690986136;19,9542604160491
17,7437038889103;51,4701604391457;19,9157305613096
17,7438427777992;51,4525921882471;19,9083526712474
17,7439816666881;51,4120674551774;19,921788150198
17,744120555577;51,43703193593;19,9000484118186
17,7442594444659;51,4123206445822;19,8896214683629
17,7443983333547;51,3898303288095;19,9115151949665
17,7445369444659;51,3736325205417;19,9103683622441
17,7446761111325;51,3462072730359;19,8852246003392
17,7448147222436;51,3347709793906;19,8931415257998
17,7449536111325;51,3210837101126;19,9028365458164
17,7450927777992;51,3018799237547;19,8651730950598
17,7452316666881;51,3036080995813;19,8762055158794
17,745370555577;51,2900171727219;19,8985911449009
17,7455091666881;51,277514473956;19,8653571719131
17,7456483333548;51,2534153020462;19,8594729483428
17,7457872222436;51,243946071664;19,8549001398284
17,7459261111325;51,2224393715071;19,8578146939605
17,7460650000214;51,2142622100412;19,8378296774623
17,7462038889103;51,2195686215287;19,8378101688459
17,7463427777992;51,2027307540143;19,8243471911786
17,7464816666881;51,2098462486467;19,8433288838969
17,746620555577;51,1681645604413;19,8150200649545
17,7467594444659;51,1593195607605;19,7790449106674
17,7468983333547;51,154119083461;19,7998089637868
17,7470372222436;51,1306853231091;19,8055991195999
17,7471761111325;51,1142741497655;19,7878606105431
17,7473152777992;51,1032649480351;19,7933298151325
17,7474541666881;51,0852304157169;19,7715131367353
17,7475927777992;51,0501327042173;19,7949685921138
17,7477319444659;51,0115229375459;19,7891144362958
17,7478708333547;51,0068421023554;19,7585890866697
17,7480094444659;51,0060309683453;19,762697405926
17,7481483333547;50,9823175145614;19,7571511840637
17,7482872222436;50,9582581983198;19,7459154304676
17,7484261111325;50,9399174358784;19,7497927829644
17,7485650000214;50,922321532258;19,7278990563607
17,7487038889103;50,9118689978659;19,7538816866814
17,748843055577;50,9312592702291;19,7444306107798
17,7489816666881;50,8943393234391;19,7211760297766
17,749120555577;50,8835805778976;19,721300182045
17,7492594444659;50,8650794525756;19,7369457539296
17,7493986111325;50,851806721398;19,7121099051038
17,7495375000214;50,8436151925153;19,7075095881112
17,7496761111325;50,8438949374085;19,7131027305263
17,7498147222436;50,8264313765207;19,7288255751177
17,7499536111325;50,8111508805087;19,7085024160702
17,7500925000214;50,8149264224703;19,7160173459372
17,7502313889103;50,7851499630731;19,6980284774203
17,750370555577;50,7980371950801;19,6803334879156
17,7505094444659;50,7648927617198;19,6968816803146
17,7506483333548;50,7590435251761;19,6790300122694
17,7507869444659;50,7738584741188;19,6778230472862
17,7509261111325;50,731980733919;19,6816809726789
17,7510644444659;50,735808173949;19,672614848006
17,7512036111325;50,7163659761932;19,6755764073853
17,7513425000214;50,6567041408904;19,677234599907
17,7514816666881;50,6509986677727;19,6597872460752
17,7516202777992;50,6301983928918;19,6513289828114
17,7517594444659;50,6194117419784;19,6611074853902
17,751898055577;50,6050635304573;19,6417708719683
17,7520372222436;50,6063641700809;19,6369971534581
17,7521761111325;50,587478926348;19,6456757838194
17,7523147222436;50,5387742035421;19,632550774391
17,7524536111325;50,5636066705256;19,6027085320094
17,7525927777992;50,5347740117168;19,6299936343284
17,7527316666881;50,5226164789787;19,617754441041
17,752870555577;50,5254635592729;19,6157112857265
17,7530094444659;50,5053552133772;19,6263197432934
17,753148055577;50,4987330749354;19,5973463638719
17,7532869444659;50,4999170928673;19,6061620831165
17,7534261111325;50,4761500970268;19,6131071860864
17,7535652777992;50,4629547014933;19,6019494708496
17,7537036111325;50,4094373402839;19,6039457481193
17,7538427777992;50,3811488348801;19,5953032276383
17,7539816666881;50,4243997071886;19,5942033516621
17,754120555577;50,3946349888051;19,5848762179219
17,7542591666881;50,3979211455213;19,5672448066072
17,7543983333548;50,3323032152274;19,5883297996747
17,7545369444659;50,3667460967762;19,5769402703703
17,7546761111325;50,3283256874668;19,5745562674963
17,7548150000214;50,3201344154315;19,5336404770827
17,7549541666881;50,3323032152274;19,5631859987439
17,7550925000214;50,2901717461305;19,5572628787638
17,7552316666881;50,2747813664069;19,5495966153438
17,7553702777992;50,2899955371144;19,5556047249847
17,7555091666881;50,2681592820804;19,5609697013419
17,7556483333547;50,2468818694006;19,5537624131103
17,7557872222436;50,2398049557272;19,5539659358599
17,7559258333548;50,2086298839496;19,5321190881765
17,7560650000214;50,2093483760184;19,5486975765114
17,7562036111325;50,2119820092364;19,5429310572168
17,7563427777992;50,1982980439325;19,520361306323
17,7564813889103;50,1374239238261;19,5223407706234
17,756620555577;50,1394047997752;19,5203418248749
17,7567597222436;50,1198280202057;19,5111712918204
17,7568983333547;50,1184459963108;19,5126259740894
17,7570369444659;50,0947985530237;19,5202073102948
17,7571761111325;50,0730271770147;19,5108138283224
17,7573150000214;50,0713099235521;19,5097167374227
17,7574541666881;50,0615113269471;19,4941283009989
17,7575927777992;50,0300558499563;19,4882272775392
17,7577316666881;50,0139751766413;19,5025564522187
17,757870555577;50,0407114378385;19,509001786648
17,7580094444659;50,0060252538458;19,5021547901457
17,7581483333548;49,975598115235;19,4720504975419
17,7582872222436;49,9948924980616;19,4889697159765
17,7584261111325;49,9599289227805;19,4942353859583
17,7585647222436;49,9441055195209;19,4587716267947
17,7587038889103;49,9307781306541;19,4793454560727
17,7588427777992;49,928995061159;19,4176654029754
17,7589816666881;49,9066259368725;19,4415086692831
17,759120555577;49,9094839841938;19,4517982066384
17,7592594444659;49,8868639907063;19,4475828139886
17,7593983333547;49,8756095173309;19,4320165353915
17,7595369444659;49,8526435438973;19,4351126793149
17,7596761111325;49,8655595055452;19,445416370337
17,7598152777992;49,8579765981316;19,4222354900187
17,7599538889103;49,8307791410846;19,4402244304603
17,760093055577;49,798008114297;19,3775819757016
17,7602319444659;49,8205522174829;19,3741476545007
17,7603708333547;49,7877811751324;19,4077691070591
17,7605091666881;49,7734444341514;19,4065868304379
17,7606483333547;49,751897409217;19,3923017470112
17,7607875000214;49,742652234894;19,4123225954375
17,7609261111325;49,7180515584795;19,3764820494081
17,7610650000214;49,7391585320025;19,3677159519474
17,7612041666881;49,6828597512386;19,3707817733913
17,7613427777992;49,6874180347593;19,3634233910848
17,7614816666881;49,6810766045143;19,3525920533439
17,761620555577;49,6630046855242;19,3142163681468
17,7617591666881;49,6617426745481;19,313842794751
17,7618983333548;49,6552896990418;19,3089478821485
17,7620369444659;49,6166700063235;19,3291063755408
17,7621761111325;49,5981984908584;19,2997278233128
17,7623147222436;49,6015797737888;19,3208322966879
17,7624536111325;49,5739909785709;19,3111008968093
17,762593055577;49,5620361794153;19,2887150677936
17,7627316666881;49,5596829471721;19,2962742259465
17,7628702777992;49,529955056194;19,310358442754
17,7630091666881;49,4781019394773;19,2659691775104
17,7631483333547;49,4785133286408;19,2901065755438
17,7632869444659;49,459217454367;19,2958727946288
17,7634258333548;49,4325148494593;19,2734841333294
17,7635650000214;49,4465054873739;19,2780376451296
17,7637038889103;49,4189452802785;19,2468361165411
17,7638425000214;49,4111551161874;19,2623861094115
17,7639813889103;49,4136957012021;19,2641101362827
17,7641202777992;49,3966984772275;19,2613359394022
17,7642591666881;49,3669702869547;19,2541780849851
17,7643983333547;49,3710801215676;19,2583437670639
17,7645369444659;49,3566781674326;19,2686169999487
17,7646761111325;49,339400234758;19,2445701423478
17,7648150000214;49,3553802161605;19,212327323948
17,7649538889103;49,338616302926;19,2484280677405
17,7650927777992;49,2683267841855;19,2242302583616
17,7652313889103;49,3246256378977;19,2431127681746
17,765370555577;49,278320186556;19,246104748142
17,7655094444659;49,2595758802459;19,2024116552815
17,7656483333548;49,2534202945365;19,2402008349104
17,7657869444659;49,2463876587554;19,21759593663
17,7659261111325;49,2475271075411;19,2227260925354
17,7660650000214;49,2300252996619;19,2179221368372
17,7662038889103;49,211301009441;19,1937334109359
17,7663427777992;49,2250026692087;19,1794208800022
17,7664813889103;49,2052968738224;19,1905904588809
17,766620555577;49,1854490719193;19,1630736328668
17,7667591666881;49,1973941217974;19,1838176728524
17,7668983333547;49,2187634304561;19,187879192653
17,7670372222436;49,2001681190445;19,1876288719607
17,7671758333548;49,1920995140451;19,193144827927
17,7673147222436;49,1781089029614;19,1568121951034
17,7674538889103;49,205520429585;19,1362687423872
17,7675927777992;49,1612316834428;19,1801166512317
17,7677316666881;49,1503513604196;19,1845134215167
17,7678702777992;49,1192694102899;19,1523657254618
17,7680094444659;49,1344737561215;19,1672699212627
17,7681483333547;49,1165992884897;19,1509083512887
17,7682872222436;49,0994986081021;19,1588582176552
17,7684261111325;49,0701067042839;19,1398794436918
17,7685650000214;49,0411351695587;19,1274368415829
17,7687036111325;49,0114356907764;19,1386225060033
17,7688425000214;49,0109594637739;19,1360681551178
17,7689813889103;48,99251297931;19,1213484150518
17,7691208333547;48,9673344424812;19,1001971399652
17,7692594444659;48,9652889733306;19,1033623175323
17,7693983333548;48,9385311227849;19,1099782229333
17,7695372222436;48,9407350136068;19,113027800018
17,7696761111325;48,9134367212578;19,1074208946367
17,7698150000214;48,9267351200537;19,0941231688249
17,7699538889103;48,8876593670811;19,0991165320586
17,770093055577;48,8948409751945;19,0776106655359
17,7702319444659;48,8960550762342;19,0866576077732
17,7703708333548;48,8573462134644;19,1023970272633
17,7705097222436;48,8613034334719;19,0882689271062
17,7706483333547;48,813468275477;19,0851534922868
17,7707872222436;48,8163549379587;19,0680829691929
17,7709263889103;48,8066593938167;19,0706372844266
17,7710650000214;48,7825160916396;19,0770335448952
17,7712038889103;48,7427866011094;19,0508363066591
17,7713427777992;48,7490526290777;19,0656327152028
17,7714816666881;48,7436545504886;19,0448697780963
17,771620555577;48,7090613449704;19,03208871407
17,7717594444659;48,6923718080325;18,9952746054474
17,7718986111325;48,6812679673845;19,0177262936962
17,7720372222436;48,6683423369162;19,0153258394475
17,7721761111325;48,6662126487788;19,0335621769443
17,7723150000214;48,6405553725661;19,039958383303
17,7724538889103;48,613480836957;18,978000411273
17,7725927777992;48,6034125926394;19,0261846272424
17,7727316666881;48,5888064138219;19,0238308289101
17,772870555577;48,578952428101;18,9789931903575
17,7730094444659;48,5863504785614;19,0015988321785
17,7731483333548;48,5502234609317;19,0042941740455
17,7732875000214;48,543379022781;18,9790848180879
17,7734261111325;48,5307995697332;18,9584031277348
17,7735652777992;48,4740048344699;18,9546799512105
17,7737036111325;48,5156212660198;18,9490453018236
17,7738427777992;48,4667506603926;18,9501261035417
17,7739813889103;48,4621096785946;18,9535799323282
17,7741202777992;48,4547023069411;18,9756773606912
17,7742594444659;48,4362091885705;18,9635117131254
17,7743983333547;48,42017372475;18,9084039201288
17,7745369444659;48,4014776459704;18,9273826940922
17,7746758333547;48,3756913593103;18,9124623433252
17,7748150000214;48,3714404764684;18,9317053065604
17,7749538889103;48,3597381137444;18,9256781336934
17,7750925000214;48,3114834294062;18,9311473909285
17,7752313889103;48,3335409414482;18,9166930080719
17,7753702777992;48,3496611754834;18,918924368358
17,7755094444659;48,316039133569;18,9274898863647
17,7756483333547;48,2995081453781;18,9082500976295
17,7757869444659;48,2656983529608;18,8833947690586
17,7759261111325;48,2413023794366;18,8934954108562
17,7760650000214;48,266856923152;18,8953260475639
17,7762036111325;48,2636622115396;18,9016342616742
17,7763427777992;48,2660150766784;18,8770291921606
17,7764816666881;48,2549964201993;18,8865410570455
17,7766202777992;48,2422088541331;18,869420584645
17,7767591666881;48,2320673322358;18,9030728160004
17,776898055577;48,2308440875991;18,8620897417853
17,7770372222436;48,2485337225723;18,868570840449
17,7771761111325;48,1975035628647;18,8702287940617
17,7773150000214;48,1977264271424;18,8558970725935
17,7774536111325;48,1856781317819;18,8342345117364
17,7775927777992;48,1668969629449;18,8586358898453
17,7777313889103;48,1673929256532;18,8497734515917
17,777870555577;48,1126897413077;18,8332417389533
17,7780091666881;48,0989517630799;18,8497734515917
17,778148055577;48,0967657696548;18,8332916310133
17,7782872222436;48,0625962370043;18,8365418068896
17,7784261111325;48,0509669561331;18,8371624710811
17,7785650000214;48,0317289096147;18,7879401997412
17,7787038889103;48,0219129899282;18,7961482886329
17,7788425000214;48,0156464188038;18,8316121311828
17,7789816666881;48,0221947219357;18,793841070466
17,779120555577;47,9738336963178;18,8212956695258
17,7792594444659;47,9597199823044;18,8097683417305
17,7793983333547;47,9648011523338;18,7869593691833
17,7795372222436;47,9455366860402;18,8150804107297
17,7796761111325;47,9123891772582;18,7776511128361
17,7798150000214;47,9266878119832;18,8022562437197
17,7799538889103;47,9248958656344;18,7826247878682
17,7800927777992;47,9076461071262;18,7785165765036
17,7802316666881;47,8768729786816;18,7644351488202
17,780370555577;47,8720143008046;18,7706003433816
17,7805094444659;47,850029760757;18,7679199393233
17,7806483333548;47,8602562186354;18,7572614400693
17,7807869444659;47,8295768797119;18,7726931416401
17,7809263889103;47,8163055528462;18,7772935966798
17,7810650000214;47,8118227972444;18,753357039367
17,7812038889103;47,7970838479051;18,7687887409379
17,781343055577;47,7919385831976;18,7300522452196
17,7814813889103;47,7612672313502;18,7625116147321
17,7816202777992;47,7716439157153;18,7421373331348
17,7817594444659;47,7557115013464;18,7476840192907
17,7818983333548;47,7431591417434;18,7442147266772
17,7820372222436;47,7177570801673;18,7542533439763
17,7821761111325;47,7163458551534;18,7379219028753
17,7823150000214;47,7152807931249;18,7199360118947
17,7824538889103;47,6979026879707;18,7337098912601
17,7825927777992;47,6840630016525;18,7241825309754
17,7827316666881;47,6731597566317;18,7184630746808
17,7828708333547;47,6460785311504;18,7193472868682
17,7830094444659;47,6300520461545;18,6896613662674
17,7831483333547;47,6359240168013;18,699731108007
17,7832875000214;47,6068142475261;18,7362988661476
17,7834261111325;47,5926736096683;18,6928689604406
17,7835652777992;47,6318736557929;18,6805952415946
17,7837041666881;47,5901253581796;18,6519319804381
17,7838427777992;47,5878369782984;18,689072608753
17,7839816666881;47,5868658056048;18,6776372560923
17,7841208333547;47,5554080942819;18,641150852611
17,7842597222436;47,5159065527223;18,6454888929757
17,7843983333548;47,509018893828;18,6480590661408
17,7845375000214;47,5092933364252;18,6644210025598
17,7846761111325;47,5199864812895;18,6510821123403
17,7848150000214;47,4721218852076;18,6247727653038
17,7849538889103;47,463566472066;18,6442198877316
17,7850927777992;47,4279345129435;18,6415083913553
17,7852316666881;47,4386950989332;18,6244190297588
17,785370555577;47,4131539762504;18,6275343604081
17,7855091666881;47,3902962164292;18,6091097729263
17,7856483333548;47,3724708776515;18,606583238292
17,7857872222436;47,3838337001868;18,5977672875548
17,7859258333547;47,3790913448928;18,5999674990438
17,7860647222436;47,3601515184397;18,6052982959164
17,7862038889103;47,3512354226962;18,5738771742799
17,7863425000214;47,3423336640542;18,5780926283449
17,7864816666881;47,3257163251666;18,58596222057
17,7866202777992;47,305982640956;18,5672150749743
17,7867594444659;47,3111652836375;18,5689503932731
17,7868983333547;47,2789244031457;18,5454177965055
17,7870372222436;47,3026518413346;18,5635572238544
17,7871761111325;47,2627322940305;18,5488531754104
17,7873150000214;47,257176980841;18,5407672001704
17,7874538889103;47,2554193930265;18,5692766932465
17,7875925000214;47,2514335717338;18,5682078088936
17,7877316666881;47,2202275857856;18,5321825558785
17,7878702777992;47,2011864458872;18,5176972400441
17,7880094444659;47,2131969702299;18,5132817933936
17,7881483333547;47,1753368361928;18,5084962414205
17,7882872222436;47,1480259209495;18,5288671744172
17,7884258333548;47,1629800729744;18,5264669453672
17,7885650000214;47,1444841474602;18,5093461940835
17,7887036111325;47,1160937210112;18,5275820695673
17,7888427777992;47,126060835317;18,5001578877214
17,7889816666881;47,0564334652479;18,5097500671731
17,7891202777992;47,0707058631274;18,5031343238699
17,7892591666881;47,1015426247543;18,4950923243196
17,7893983333548;47,0626102082679;18,4835185481414
17,7895369444659;47,0356081516279;18,4792253778633
17,7896758333547;47,0291794424528;18,4921347898898
17,7898150000214;47,0301807725009;18,4495405659559
17,7899538889103;46,9882106394769;18,4616435685213
17,7900927777992;46,9753566668013;18,4721172140439
17,7902313889103;46,944809286705;18,4893916410137
17,7903708333547;46,9398151957544;18,4762677093269
17,7905094444659;46,9408501991237;18,4577856431285
17,7906483333547;46,9526694002717;18,4693594193067
17,7907872222436;46,9241282431693;18,427104187655
17,7909261111325;46,9221555145901;18,4733563469891
17,7910650000214;46,884013058314;18,4581706915957
17,7912041666881;46,8832568919206;18,4210311618142
17,7913425000214;46,8799401379632;18,4335514935117
17,7914816666881;46,8430209106729;18,4015563805297
17,7916202777992;46,8354932513701;18,4410821047811
17,7917594444659;46,8155079581948;18,424889087207
17,7918983333547;46,8463110651259;18,43460138724
17,7920372222436;46,8121912042375;18,4414209736173
17,7921763889103;46,7832666756518;18,432790248871
17,7923150000214;46,8051239163205;18,4370057469127
17,7924538889103;46,7988899428663;18,3998987512138
17,7925927777992;46,7657011623368;18,4281896765055
17,7927316666881;46,7468887597851;18,4217276514727
17,792870555577;46,7574544025054;18,3879674237687
17,7930094444659;46,7381007198346;18,4127119037771
17,7931483333548;46,7152961356823;18,3857208753956
17,7932872222436;46,7049121245427;18,3854135663284
17,7934261111325;46,6857467307302;18,3773401567417
17,7935652777992;46,7011548779656;18,3735897048699
17,7937038889103;46,7030401443459;18,3872711079752
17,7938427777992;46,6608180762049;18,3790908218271
17,7939816666881;46,649866308947;18,3587931532732
17,794120555577;46,6520671722653;18,3762399834943
17,7942594444659;46,6437441133837;18,3757901168653
17,7943986111325;46,6267857007061;18,3643086535065
17,7945372222436;46,6138610888942;18,3459194175058
17,7946761111325;46,5991150781385;18,3376003447204
17,7948150000214;46,5716389182512;18,3545315251635
17,7949541666881;46,5724654217748;18,3446152774549
17,7950933333547;46,5752818349671;18,3457154701196
17,7952316666881;46,5630458840936;18,3263797362766
17,795370555577;46,5304887576087;18,3159061913163
17,7955094444659;46,5250347091205;18,3014671872151
17,7956483333547;46,4968601110046;18,3242296586451
17,7957875000214;46,4716856362205;18,2990814756399
17,7959261111325;46,4707716063527;18,325079866329
17,7960650000214;46,4635901900608;18,3119267208729
17,7962038889103;46,4620207024131;18,3118946829861
17,796343055577;46,4566237887603;18,3057902393655
17,7964816666881;46,4163813723615;18,2779303647068
17,796620555577;46,3998200946633;18,284546046012
17,7967594444659;46,4155310224253;18,2793738748778
17,7968986111325;46,4053418181871;18,2778700528507
17,7970372222436;46,4015779885357;18,2669038618988
17,7971761111325;46,4008219644571;18,2839886638361
17,7973152777992;46,3697094574519;18,2669180677613
17,7974536111325;46,3800298553537;18,2797130438437
17,7975925000214;46,3633721139745;18,2327396842068
17,7977316666881;46,330942215474;18,244063433082
17,7978702777992;46,3449258685409;18,2505116582391
17,7980094444659;46,3167944674889;18,2415557815767
17,798148055577;46,303308655383;18,2417413620253
17,7982869444659;46,303308655383;18,228320203057
17,7984261111325;46,2853664898995;18,2361940147271
17,7985647222436;46,2730034207004;18,2031301068177
17,7987038889103;46,2581426995658;18,2207623131562
17,7988427777992;46,2507033725261;18,2097918207341
17,7989816666881;46,2305032334467;18,1946673893966
17,799120555577;46,2145395624371;18,2007575170542
17,7992594444659;46,196412959311;18,1872948103744
17,799398055577;46,1847751971783;18,1900524775839
17,7995369444659;46,1877892061861;18,1825866541015
17,7996761111325;46,1528106080531;18,20021886044
17,7998150000214;46,1432730255108;18,1728557975091
17,7999538889103;46,141142032091;18,1937568354072
17,8000927777992;46,1286640255853;18,1538733248222
17,8002316666881;46,1085275369501;18,1579673042023
17,8003702777992;46,0945376819682;18,1517232509598
17,8005097222436;46,1004324736926;18,1570205399238
17,800648055577;46,0803900807988;18,1486079907394
17,8007869444659;46,0635767151307;18,1665978016882
17,8009261111325;46,0674657707069;18,1539237557274
17,8010650000214;46,0409612401851;18,1417883855195
17,8012038889103;46,0314236500947;18,1485435804913
17,8013427777992;46,0285044731258;18,1237711405861
17,8014816666881;45,9981473003005;18,1301686103145
17,8016202777992;45,9803995477886;18,1417883855195
17,8017594444659;45,9616690104152;18,1026519929291
17,801898055577;45,9728027996351;18,1375268733735
17,8020369444659;45,9392125712918;18,1013981671765
17,8021761111325;45,9144295047191;18,1040778723597
17,8023150000214;45,9319313125983;18,10998274655
17,8024538889103;45,9158470745871;18,1145374512588
17,8025927777992;45,8887387938954;18,1232001202794
17,8027316666881;45,8780510434986;18,1057212958856
17,8028702777992;45,9065289060217;18,0868167742078
17,8030094444659;45,8322229657927;18,111115246172
17,8031483333547;45,8404127469843;18,1024067330779
17,8032869444659;45,8315346002169;18,0958370347236
17,8034261111325;45,8319075396115;18,0932787992406
17,8035652777992;45,8052202357008;18,0813154049886
17,8037038889103;45,7969934883781;18,0806231732657
17,8038427777992;45,7807834712686;18,088478791745
17,8039813889103;45,7639068144755;18,0723502412386
17,804120555577;45,7647463740716;18,0752935820074
17,8042591666881;45,7800276936645;18,0809164389158
17,804398055577;45,7712767897249;18,0596907892942
17,8045372222436;45,730599565204;18,0624483558426
17,8046758333548;45,7487830046359;18,0561722812324
17,8048150000214;45,7413238365669;18,0462232988856
17,8049536111325;45,7185200628502;18,0576759909729
17,8050927777992;45,705570098022;18,0481305957144
17,8052319444659;45,708861239978;18,0405223567487
17,805370555577;45,6666714182313;18,0324994752372
17,8055091666881;45,6971913763732;18,0604335380764
17,8056486111325;45,6581411430032;18,0390966716494
17,8057872222436;45,6467866321208;18,0464732603528
17,8059261111325;45,6351488133666;18,0322953845346
17,8060650000214;45,6135368472637;18,0278805058241
17,8062038889103;45,5944971350257;18,0080475313615
17,8063427777992;45,6021773552116;18,0301269951114
17,8064816666881;45,5690324760056;18,0170172078995
17,806620555577;45,5776257461413;18,0236833082603
17,8067594444659;45,5443129588219;18,0363068348632
17,8068983333547;45,5561083906865;18,0277270273081
17,8070372222436;45,5340871117892;17,9925699474226
17,8071761111325;45,5066746623076;17,9927693663289
17,8073152777992;45,5024699105286;18,0086046239142
17,8074538889103;45,4907477662274;17,9828392268641
17,8075933333547;45,4628566356359;18,0133956845816
17,8077313889103;45,4662111989879;18,0016360720955
17,807870555577;45,4578118105421;17,9966462895832
17,8080097222436;45,487136212324;18,002365534484
17,8081483333548;45,4304624643349;17,9762695335077
17,8082872222436;45,4071237671992;17,9900622959174
17,8084261111325;45,4389874904746;17,9799739650061
17,8085650000214;45,4289504821292;17,9746122834377
17,8087038889103;45,4149247447788;17,9552904016161
17,8088427777992;45,3875483559634;17,9437671912048
17,8089816666881;45,3929134530224;17,9915477411842
17,8091208333547;45,3849716172636;17,9363906436355
17,8092591666881;45,3485031322448;17,9455970704908
17,809398055577;45,3360731941752;17,9571382485672
17,8095369444659;45,3324717044845;17,9391806936983
17,8096761111325;45,3140617841619;17,925713079085
17,8098147222436;45,3194530697684;17,9408378509021
17,8099536111325;45,3238783608283;17,9163400246584
17,8100927777992;45,2858937194026;17,9258715058471
17,8102313889103;45,2760142597131;17,9191617223931
17,8103702777992;45,2360194095928;17,9001791569037
17,8105091666881;45,2550587999686;17,8835126274417
17,8106483333547;45,2348275812319;17,9073703481204
17,8107869444659;45,2394368678747;17,9228071561269
17,8109261111325;45,200953114369;17,8921562446441
17,8110650000214;45,1855200081179;17,9006014397711
17,8112036111325;45,1959032526352;17,8744465027689
17,8113425000214;45,1767738954833;17,8971011435957
17,8114816666881;45,1474773447421;17,8687910941932
17,811620555577;45,1358708398851;17,8478443100257
17,8117594444659;45,1234775367449;17,8423474210948
17,8118983333548;45,1086111210449;17,871689002113
17,8120369444659;45,0852493936674;17,8386429356188
17,8121758333548;45,0679051228156;17,8331097481858
17,8123150000214;45,05381667915;17,8305565294489
17,8124536111325;45,0567350015034;17,8309089103257
17,8125925000214;45,039674302944;17,8224502872466
17,8127319444659;45,0303208420926;17,8204536944911
17,8128708333547;45,0197847412711;17,7977094817132
17,8130091666881;45,0337742862562;17,8035182907269
17,8131483333548;45,0242679746941;17,8048504446841
17,8132872222436;44,9866343240156;17,7993535435599
17,8134258333547;44,9905509709935;17,8008521700845
17,8135650000214;44,9600673130148;17,7859640795006
17,8137036111325;44,9775057494005;17,7899297808947
17,8138427777992;44,9534120405457;17,7830205314713
17,8139813889103;44,9516894298424;17,7810057525969
17,8141202777992;44,9550757737551;17,7967313785767
17,8142594444659;44,9332122310398;17,7927200870147
17,8143983333547;44,8940087404343;17,783365248301
17,8145369444659;44,9010372198308;17,7546647798349
17,8146758333548;44,9056466070915;17,791823913128
17,8148150000214;44,8916256302168;17,7598600466274
17,8149536111325;44,8930333495108;17,7653114636461
17,8150927777992;44,8810224253632;17,761670477393
17,8152316666881;44,8428221312832;17,7579987584803
17,815370555577;44,8087902320958;17,7475434642491
17,8155094444659;44,8382440522976;17,7515547714932
17,815648055577;44,7991309598063;17,7394244364757
17,8157872222436;44,8298984489405;17,7272887215078
17,8159261111325;44,8048331288472;17,7524509554789
17,8160647222436;44,7785532658766;17,7304038432488
17,8162041666881;44,7901285161632;17,7071484841136
17,8163427777992;44,7546844181679;17,7147860066944
17,8164813889103;44,7523327873243;17,708561033334
17,8166202777992;44,7393733027062;17,7146325900007
17,8167594444659;44,7211520360601;17,7128169212806
17,8168983333548;44,7098007495746;17,693174863209
17,8170372222436;44,7006408893183;17,7037560110418
17,8171761111325;44,6836113897589;17,7075061246538
17,8173150000214;44,6868088153493;17,7039933415275
17,8174538889103;44,6518685283182;17,6936678525567
17,8175927777992;44,6214115020581;17,6873029060224
17,8177316666881;44,6237946588217;17,6619544542473
17,817870555577;44,6346772304506;17,6910974158018
17,8180091666881;44,633329123163;17,6959323484756
17,8181486111325;44,6109659230144;17,6551347874476
17,8182875000214;44,5981091046683;17,6635478938202
17,8184258333548;44,5857166780725;17,6521730472674
17,8185650000214;44,573390116363;17,6446159199497
17,8187038889103;44,5599044390082;17,6753591172667
17,8188427777992;44,5606238820587;17,6474518428986
17,8189816666881;44,528979490199;17,6367287933321
17,819120555577;44,55485085406;17,6400936515313
17,8192591666881;44,5195997980334;17,6094291007603
17,8193983333547;44,5326449591013;17,6204009329803
17,8195372222436;44,5137042389928;17,6365933867841
17,8196761111325;44,4861025991867;17,6048159271158
17,8198147222436;44,4876056722077;17,6400936515313
17,8199538889103;44,4724236846784;17,6053213610635
17,8200927777992;44,4497191349184;17,5994998132924
17,8202316666881;44,4414322179505;17,6075402985279
17,8203708333547;44,4463570189797;17,5932090640918
17,8205094444659;44,4351278032843;17,5874898609427
17,8206483333548;44,4148696641938;17,58623603519
17,8207872222436;44,3831576476353;17,5717005037299
17,8209261111325;44,3641811409769;17,5829676056617
17,8210650000214;44,3876143020153;17,5897363049409
17,8212038889103;44,3569998972079;17,5734084332593
17,8213425000214;44,3266677849304;17,5818671112224
17,8214813889103;44,2973716380419;17,5798071336748
17,8216202777992;44,3456460625508;17,5649497605901
17,8217594444659;44,3002626250963;17,5546628970105
17,821898055577;44,2933882504034;17,5601777165001
17,8220369444659;44,2934504965762;17,5535293430299
17,8221761111325;44,2742888749676;17,5496534341932
17,8223150000214;44,2722837638495;17,5612328569923
17,8224536111325;44,2595760297133;17,5612328569923
17,8225927777992;44,2533696491863;17,5272666793225
17,8227316666881;44,2212182272661;17,5398834686902
17,822870555577;44,2257015628504;17,5246956488724
17,8230097222436;44,228556783142;17,5394299319025
17,823148055577;44,2018369059228;17,5017193334195
17,8232869444659;44,1965946510264;17,5125777970865
17,8234261111325;44,1821016162535;17,5070508592866
17,8235650000214;44,1509287085256;17,5224492199813
17,8237036111325;44,1539692802239;17,5256097155025
17,8238425000214;44,1541887994732;17,5090320769295
17,8239813889103;44,1423974787663;17,520293647872
17,824120555577;44,1226035217188;17,5255642921144
17,8242594444659;44,0855008144169;17,4906896630636
17,8243983333548;44,1136368401313;17,4910872393387
17,8245372222436;44,0842457114082;17,4756610222826
17,8246761111325;44,0580524913139;17,4873702206978
17,8248150000214;44,0729860808259;17,490365331963
17,8249536111325;44,0642033185142;17,4691989972497
17,8250927777992;44,0274080718904;17,4589122966721
17,8252316666881;44,0349694952641;17,4756431480715
17,8253702777992;44,0286281408862;17,4615163963122
17,8255094444659;43,9968008166945;17,4521437676764
17,8256483333547;43,9933478498491;17,4526488921633
17,8257869444659;43,9847861315391;17,4776123241051
17,8259261111325;43,9464858800739;17,4764038676971
17,8260647222436;43,9586587918954;17,4532563153408
17,8262038889103;43,9304623866931;17,4328661785404
17,8263425000214;43,9289840721947;17,4225462281149
17,8264816666881;43,9402169898716;17,4399803530194
17,826620555577;43,9298307881771;17,4234934336581
17,8267594444659;43,9035495942564;17,4256492231848
17,826898055577;43,8784260313331;17,4187215349093
17,8270369444659;43,8934777928026;17,4039540658891
17,8271758333548;43,8760746165079;17,4221765006468
17,8273150000214;43,8700778189944;17,3945813907485
17,8274538889103;43,886954130147;17,3882158138505
17,8275927777992;43,8432627061942;17,3972308144645
17,8277313889103;43,8525793502826;17,4124186999704
17,8278702777992;43,8299963723741;17,3786565377819
17,8280094444659;43,8129982534514;17,3909731829119
17,828148055577;43,824757975885;17,3799437764279
17,8282875000214;43,8200819725051;17,3901672787186
17,8284261111325;43,7779923640028;17,3787920070947
17,8285650000214;43,7970307088854;17,3735154184546
17,8287038889103;43,7600533082626;17,3887089978649
17,828843055577;43,7760142253814;17,3667250858494
17,8289813889103;43,763094221434;17,3717915217031
17,829120555577;43,7127519130308;17,3584077444724
17,8292597222436;43,7046618854565;17,3632070439502
17,8293983333547;43,7168590507543;17,359860062214
17,8295372222436;43,6766833271481;17,3703844419341
17,8296761111325;43,6786230378178;17,3525806052591
17,8298150000214;43,6580503765271;17,33530542631
17,8299538889103;43,6469779290999;17,3540389015213
17,8300927777992;43,6387306668999;17,3411148514557
17,8302316666881;43,6281587808427;17,3573524107088
17,830370555577;43,5663369230026;17,3418577649491
17,8305094444659;43,6009952257662;17,3180125150434
17,8306486111325;43,6019072021919;17,3446327899377
17,8307872222436;43,5774712904448;17,3473724059789
17,8309261111325;43,6065800060437;17,3334108757381
17,8310650000214;43,5644238434317;17,3514800178252
17,8312038889103;43,5439433161091;17,3466807491638
17,831343055577;43,5430932186492;17,3367636967636
17,8314819444659;43,5109456013558;17,3385559677596
17,831620555577;43,5150531473515;17,3091850777908
17,8317594444659;43,5196012350448;17,3191131024772
17,8318986111325;43,5054549221349;17,3039139667558
17,8320372222436;43,4714263108393;17,3018544542849
17,8321761111325;43,4891174588225;17,3104389035434
17,8323150000214;43,4718651738299;17,3163557761474
17,8324541666881;43,4697946924433;17,3007538086957
17,8325927777992;43,4661879959689;17,2998063781685
17,8327316666881;43,4387132035899;17,3020590018582
17,8328702777992;43,4471471621245;17,3016675643152
17,8330094444659;43,4261956392673;17,3046293623832
17,833148055577;43,407029984547;17,2715647576267
17,8332872222436;43,3998164941823;17,2792806084121
17,8334258333547;43,3963991634094;17,3119247880463
17,8335647222436;43,3839771389605;17,2672863059139
17,8337038889103;43,3735948733542;17,2746958080066
17,8338425000214;43,3524537674256;17,2766588258122
17,8339813889103;43,3464004921234;17,2536706758038
17,834120555577;43,3417626535141;17,273192377225
17,8342591666881;43,3030582184175;17,2564618503369
17,834398055577;43,316479329132;17,2637860890616
17,8345372222436;43,2774283137609;17,2370302474633
17,8346758333548;43,2723471437315;17,2661856719579
17,8348152777992;43,2451236055839;17,2290647605272
17,8349538889103;43,2374064875262;17,2375235483613
17,8350927777992;43,2444014205688;17,2329678207396
17,8352316666881;43,2456862605988;17,2478434987869
17,835370555577;43,2440548913434;17,242346520362
17,8355091666881;43,237185425191;17,2324293981745
17,835648055577;43,2062932160864;17,2046633824182
17,8357872222436;43,1874716558803;17,2200500120555
17,8359258333548;43,1896681350011;17,2175423605502
17,8360647222436;43,1943411570633;17,2096219571811
17,8362041666881;43,1756790290822;17,2146256243033
17,8363427777992;43,1397977239925;17,1923918275664
17,8364816666881;43,1374467419988;17,204465161154
17,836620555577;43,1517496788671;17,1956486339465
17,8367597222436;43,131987445593;17,2013163510299
17,8368983333547;43,130356052989;17,1743897477959
17,8370372222436;43,0736800585161;17,2160214730913
17,8371758333547;43,0900201628586;17,1695843453433
17,8373150000214;43,0884843116052;17,1512421954396
17,8374536111325;43,0849389928292;17,1387385704963
17,8375927777992;43,0404024697636;17,1606146688052
17,8377316666881;43,0703561994034;17,1199310695048
17,837870555577;43,0396509615004;17,1495406468939
17,8380094444659;43,0400886663047;17,1509925904107
17,8381483333547;43,0259713787091;17,1354077435819
17,8382869444659;43,0161563505614;17,1166740354345
17,8384258333548;42,9981523999708;17,1276580625798
17,8385650000214;42,9926003906949;17,1432658967223
17,8387036111325;42,9856355820138;17,1048571003948
17,8388425000214;42,93984540624;17,1089131309751
17,8389813889103;42,9506354466834;17,128452359186
17,839120555577;42,969452582939;17,111312667625
17,8392597222436;42,9115209097901;17,0993876167886
17,8393983333548;42,9272024285155;17,1032455421812
17,8395372222436;42,9049640236763;17,0892657841272
17,8396761111325;42,9147832126515;17,0973285383751
17,8398150000214;42,8787128112509;17,0871158525062
17,8399538889103;42,8805949113673;17,0870534521987
17,8400927777992;42,8524273003535;17,0691140991226
17,8402316666881;42,8690506703757;17,084654008079
17,840370555577;42,8532143516363;17,0716733345135
17,8405094444659;42,8272110104286;17,0634124625015
17,8406483333547;42,8297187420191;17,0658119528923
17,8407872222436;42,8348955226687;17,0540401363494
17,8409261111325;42,8041246088885;17,0382058317317
17,8410647222436;42,7985133602243;17,0606103737813
17,8412038889103;42,7843676464317;17,044418348639
17,8413427777992;42,7674931649631;17,0256843847129
17,8414816666881;42,7831131968533;17,0428067727365
17,8416208333547;42,7642923097431;17,038904064313
17,8417591666881;42,7641025724064;17,0405604232462
17,8418983333547;42,7528110834521;17,0202148947699
17,8420372222436;42,7370688411648;17,0313929512098
17,8421761111325;42,7358127070947;17,0327363342209
17,8423150000214;42,7354049171684;17,0220138197548
17,8424541666881;42,7320472847737;17,0184053946275
17,8425927777992;42,7197850492246;16,9963243503778
17,8427316666881;42,6981117386874;16,9973802257599
17,8428702777992;42,6934993752621;16,9889488810136
17,8430094444659;42,670698469276;16,9816530503794
17,8431483333548;42,6803604748943;16,9939075683838
17,8432872222436;42,6653037453713;17,0129993872635
17,8434261111325;42,6540136673343;16,9715652372545
17,8435650000214;42,6439771190352;16,9895113187681
17,8437038889103;42,6339712744404;16,9925006905005
17,8438427777992;42,6331212791734;16,9836049454205
17,8439816666881;42,6242139084239;16,9880080003196
17,844120555577;42,6023840259543;16,9906120999597
17,8442594444659;42,6093475456395;16,9610473238774
17,8443986111325;42,5991235251976;16,9977724388087
17,8445372222436;42,5832537414753;16,9704539234119
17,8446761111325;42,5744087417945;16,9877019461372
17,8448150000214;42,5728388983388;16,9584948710653
17,8449538889103;42,545927681769;16,9652629968655
17,8450927777992;42,5291806318895;16,9540297056732
17,8452313889103;42,5475573426587;16,9621480896393
17,8453702777992;42,5217748502365;16,9689678660519
17,8455091666881;42,5125554432147;16,9347848617404
17,845648055577;42,4854887252442;16,9454177880849
17,8457869444659;42,4808140755378;16,9500088355412
17,8459261111325;42,4499191701059;16,9287602943509
17,8460647222436;42,4779889022508;16,9165898004083
17,8462036111325;42,4122819564008;16,9287155742791
17,8463425000214;42,4301892542313;16,9358408794092
17,8464816666881;42,4220983329755;16,94785170321
17,846620555577;42,3974154988328;16,9239546282514
17,8467591666881;42,3868785702345;16,8982478134337
17,846898055577;42,3851525670334;16,9106797730682
17,8470369444659;42,3914569816995;16,8974497387133
17,8471758333548;42,3518696758672;16,9023001638997
17,8473150000214;42,3592406304718;16,8885247280782
17,8474538889103;42,3376633969934;16,8870661542257
17,8475925000214;42,3262760339573;16,8910841618153
17,8477316666881;42,3298232504957;16,8783577910577
17,8478702777992;42,3002758620043;16,8607762007169
17,8480094444659;42,2834951793014;16,8941373621855
17,848148055577;42,2577457252596;16,8732460399124
17,8482872222436;42,2797313496499;16,880048664433
17,8484258333547;42,2526645552302;16,8587621489332
17,8485650000214;42,2492473852527;16,8616722637342
17,8487036111325;42,2717344064735;16,8471987001572
17,8488427777992;42,2275744802376;16,8545018068448
17,8489816666881;42,2168129025838;16,8675342236407
17,849120555577;42,1960511052498;16,8399832902466
17,8492594444659;42,1736576204809;16,8376114851131
17,8493983333547;42,1450481413005;16,8140716410874
17,8495372222436;42,160199380522;16,8054149713313
17,8496761111325;42,1208345657852;16,8309518844015
17,8498147222436;42,1412236133101;16,8153324660331
17,8499538889103;42,1299321243558;16,8282394076088
17,8500927777992;42,1028648623446;16,8309518844015
17,8502316666881;42,1058751988244;16,8124670442205
17,850370555577;42,0956838741353;16,812807706038
17,8505094444659;42,0797147268433;16,8025396374046
17,8506483333547;42,0781801587543;16,8120200428932
17,8507872222436;42,0583549935714;16,8182772376203
17,8509261111325;42,0805036455518;16,7924172239115
17,8510650000214;42,08840465254;16,7907781016047
17,8512036111325;42,0339243150696;16,7736901884629
17,8513427777992;42,0536539388743;16,7938313019748
17,8514816666881;42,0248271813395;16,7762871263987
17,8516202777992;42,0160153258048;16,7771808203992
17,8517594444659;42,0301604854181;16,758258486892
17,8518983333548;41,9971964941029;16,80529668054
17,8520372222436;41,996095909094;16,7499704246925
17,8521758333547;41,9934323478962;16,7453344368264
17,8523150000214;41,9773103216179;16,7659225012672
17,8524541666881;41,9550404527846;16,750695599122
17,8525927777992;41,9645449553215;16,7301350926836
17,8527316666881;41,9342441776033;16,762662054386
17,852870555577;41,9360647441323;16,7438757962087
17,8530097222436;41,9450663042083;16,7408128311211
17,8531483333547;41,8862583889279;16,7413065611267
17,8532872222436;41,8930926996664;16,7253811295503
17,8534261111325;41,8887048782013;16,7162066122832
17,8535652777992;41,8962325375042;16,7257389187934
17,8537038889103;41,8580305457809;16,704077581087
17,8538427777992;41,8572144514806;16,7240308556628
17,8539816666881;41,8220831703478;16,6936047183463
17,854120555577;41,8343808446744;16,7171009663704
17,8542597222436;41,8281369288775;16,7036753199799
17,8543983333547;41,7974962636363;16,7008833033065
17,8545375000214;41,8103240170751;16,6939625177236
17,8546761111325;41,8019802513459;16,6748257992863
17,8548147222436;41,7676986341465;16,6722216996462
17,8549538889103;41,7731531600635;16,6794344920264
17,8550927777992;41,755027390835;16,6824972009404
17,8552319444659;41,7368946255235;16,6875004926908
17,855370555577;41,7461823911541;16,6637978365748
17,8555094444659;41,7193928176444;16,6669050768845
17,8556483333548;41,7317510338978;16,68143147754
17,8557872222436;41,6954617636252;16,6704480357499
17,8559261111325;41,7076635816113;16,6579429414124
17,8560650000214;41,6922011284879;16,6652398364698
17,8562038889103;41,7051229361242;16,6603421180737
17,8563427777992;41,6970317009661;16,636639496939
17,8564819444659;41,6458119280341;16,6435601426154
17,856620555577;41,6664178771514;16,6487239469811
17,8567597222436;41,6598005155322;16,654068181465
17,856898055577;41,6565061267329;16,6483661350039
17,8570369444659;41,6219453155989;16,6489657238084
17,8571758333548;41,6319194641752;16,623964756895
17,8573147222436;41,625302112113;16,6498603420126
17,8574538889103;41,6028755970412;16,6221038065852
17,8575925000214;41,5769358460625;16,6403002856562
17,8577313889103;41,5739524757615;16,6380461845784
17,8578702777992;41,5430276949147;16,6226144830075
17,8580091666881;41,5855302637212;16,6389590889467
17,8581483333547;41,5557326777148;16,6158115365904
17,8582869444659;41,536036994002;16,6169124692642
17,8584261111325;41,5159608134973;16,6178437366916
17,8585647222436;41,5213886850877;16,5910079358487
17,8587036111325;41,5104101569734;16,6064840594437
17,8588425000214;41,4940979094461;16,6167595878451
17,8589813889103;41,4883907613006;16,5959668172357
17,859120555577;41,4661208557646;16,6020266896035
17,8592591666881;41,4577769533098;16,5886363038034
17,859398055577;41,4335032627267;16,5917864349863
17,8595369444659;41,457369951825;16,5805351156649
17,8596758333547;41,4051794916575;16,5926549070561
17,8598147222436;41,393418476939;16,5629367775578
17,8599536111325;41,40003597417;16,5908382589426
17,8600925000214;41,3781125997552;16,5649337762591
17,8602316666881;41,3609841682756;16,5891823353462
17,860370555577;41,3643408611722;16,5660347829899
17,8605091666881;41,3637773654918;16,5785213176893
17,8606483333547;41,3560931412647;16,571548631979
17,8607872222436;41,3693280941791;16,5656937157585
17,8609258333548;41,3230645438614;16,5468342308344
17,8610647222436;41,3347029657195;16,5324591669553
17,8612038889103;41,3406912326306;16,5504428424155
17,8613427777992;41,2987910503924;16,550092877905
17,8614813889103;41,3073855383952;16,564226122039
17,8616202777992;41,3033352233402;16,5597867245196
17,8617594444659;41,2751412555103;16,5539864311228
17,861898055577;41,2891297688681;16,5456801286904
17,8620369444659;41,2685239972442;16,5361121125826
17,8621758333548;41,2563221072531;16,5060440431331
17,8623150000214;41,2498612649238;16,5329698250739
17,8624536111325;41,2079560022075;16,5263549652714
17,8625927777992;41,2192474911618;16,5144845500876
17,8627316666881;41,2245812860637;16,5450897097847
17,862870555577;41,182519634971;16,5210736935255
17,8630094444659;41,1733614272584;16,5247433161699
17,8631486111325;41,1835525527137;16,509311614599
17,8632869444659;41,1710378191226;16,5502979090648
17,8634261111325;41,1452280666941;16,5135106384282
17,8635650000214;41,1448474233948;16,5011936735523
17,8637038889103;41,1018486638812;16,4703825134666
17,8638425000214;41,112637016285;16,4898691607394
17,8639813889103;41,0844435894702;16,4819562896448
17,8641208333548;41,0919973964426;16,4863169008034
17,8642594444659;41,0975215258622;16,4971829445958
17,8643983333547;41,0819626986506;16,4906038646079
17,8645372222436;41,0777919296579;16,4782345097009
17,8646758333547;41,0559892756974;16,4601067681199
17,8648150000214;41,0452013117679;16,4743932269631
17,8649538889103;41,0304923281673;16,4714312925994
17,8650927777992;41,0144307259727;16,4621119202536
17,8652316666881;41,0435707421813;16,4422759980688
17,8653702777992;40,9971815417273;16,4538497742469
17,8655094444659;41,0016393371387;16,4253854395855
17,8656486111325;41,0107970631284;16,4005465359689
17,8657872222436;40,9795856381069;16,4504858196251
17,8659261111325;40,9756052558875;16,4012810898283
17,8660650000214;40,9513557314362;16,4207676333149
17,8662038889103;40,939566586975;16,4196224164834
17,8663427777992;40,9227509492478;16,394477831365
17,8664816666881;40,936115530555;16,4097401686965
17,866620555577;40,9186137226759;16,4170706412937
17,8667594444659;40,945213738294;16,4112075637672
17,8668983333548;40,9336355774402;16,3964666588314
17,8670372222436;40,9133761601659;16,3777756888104
17,8671761111325;40,9173570141977;16,4003415666351
17,8673150000214;40,9193338465947;16,3814368141053
17,8674538889103;40,8673603607378;16,367150252041
17,8675927777992;40,8831091422036;16,3783221404347
17,8677316666881;40,8818524888603;16,3452207884964
17,867870555577;40,841169941553;16,3750272492284
17,8680094444659;40,8568593496719;16,3557292131985
17,8681483333547;40,8710640915241;16,3586911652936
17,8682875000214;40,8185869636444;16,3192077473516
17,8684261111325;40,8090557938116;16,3499828943089
17,8685652777992;40,8085187193268;16,3505734109636
17,8687038889103;40,8053521087075;16,3369860845557
17,8688427777992;40,7889799922113;16,3358849611148
17,8689816666881;40,790203236848;16,3204697650546
17,8691202777992;40,7619130316326;16,3232266061158
17,8692591666881;40,7703506334115;16,3383004577922
17,869398055577;40,7298256209759;16,3140518365699
17,8695369444659;40,7440038258515;16,3046445096836
17,8696758333548;40,7162439841974;16,3096392273991
17,8698150000214;40,7023528196899;16,3000625208151
17,8699538889103;40,6794555189762;16,3070792059888
17,8700925000214;40,6798623410262;16,3217156572505
17,8702316666881;40,6715811199983;16,3090243741497
17,870370555577;40,6548957740098;16,2695569777165
17,8705091666881;40,6794221654144;16,2820267196042
17,8706486111325;40,6330663185223;16,273611703207
17,8707869444659;40,6276384088178;16,2886414702992
17,8709258333548;40,6218009772375;16,2901528905886
17,8710647222436;40,616754401718;16,2732621929162
17,8712036111325;40,6000683566211;16,2677126353092
17,8713427777992;40,5973722389889;16,2743108688188
17,8714816666881;40,6176642602415;16,2588957001923
17,8716208333547;40,5823761752203;16,2574726275078
17,8717591666881;40,592480661874;16,256327518941
17,871898055577;40,5634066254693;16,2740054525196
17,8720369444659;40,5760116889654;16,2478684059907
17,8721761111325;40,544457010643;16,2594421821689
17,8723150000214;40,5575089155109;16,2752757563467
17,8724538889103;40,5489143336587;16,2521282039904
17,8725925000214;40,5485076054783;16,231926140832
17,8727313889103;40,5106788681999;16,2488083906194
17,872870555577;40,5138796948228;16,223056738623
17,8730091666881;40,5377458525404;16,2493713862766
17,873148055577;40,4924568888872;16,2484065028349
17,8732872222436;40,4804719065687;16,2243190277329
17,8734263889103;40,485433160549;16,2206577733638
17,8735650000214;40,4531545046931;16,219609102489
17,8737036111325;40,4410838150907;16,2131306542615
17,8738425000214;40,4372226887525;16,2247044304397
17,8739816666881;40,4182131308292;16,2014206065561
17,874120555577;40,40544883548;16,2131470774563
17,8742594444659;40,4040084397312;16,216441987928
17,8743983333548;40,3988309091279;16,2223581384617
17,8745372222436;40,3895170373723;16,2098437544184
17,8746761111325;40,3671502735893;16,2045627954507
17,8748150000214;40,3848435689785;16,1748009213464
17,8749538889103;40,3714513132463;16,1740048086081
17,8750927777992;40,3567694285212;16,1831796349963
17,8752313889103;40,3417141099154;16,1852731684871
17,8753702777992;40,3346905388732;16,1863667256777
17,8755094444659;40,3233980136699;16,1822601161773
17,875648055577;40,3009713381907;16,1892398265374
17,8757872222436;40,289367256115;16,1529511827216
17,8759261111325;40,2760981851744;16,1613663155751
17,8760647222436;40,2624233087256;16,1575523598364
17,8762038889103;40,2574694776814;16,1413696099085
17,8763427777992;40,270455103252;16,1430251757196
17,8764819444659;40,2553997846462;16,1727435372203
17,876620555577;40,2670978526953;16,1481808422168
17,8767594444659;40,23341286078;16,1408228628588
17,8768983333547;40,2293033086331;16,1664780667204
17,8770372222436;40,2063126290889;16,1463287326147
17,8771761111325;40,2109861814862;16,1185877154634
17,8773150000214;40,2139001962735;16,1517821443638
17,8774538889103;40,2054029903466;16,1269864913965
17,8775927777992;40,1845758875877;16,1016530336067
17,8777316666881;40,173317586704;16,1152600713005
17,8778702777992;40,1669799839673;16,1380059227332
17,8780094444659;40,1591387501755;16,1356598439752
17,8781483333548;40,1472245740161;16,1042571332468
17,8782875000214;40,1455570626398;16,1352654727211
17,8784261111325;40,1162630046784;16,103899268176
17,8785650000214;40,1157001425182;16,0935716028693
17,8787038889103;40,1125334263459;16,0825521951888
17,8788427777992;40,0943747424676;16,1027377688862
17,8789816666881;40,0800384557771;16,0762791164497
17,879120555577;40,0940877284055;16,0832516524438
17,8792594444659;40,0765896392756;16,0851202126816
17,8793986111325;40,0538490754826;16,0632115183931
17,8795372222436;40,0524352706928;16,0726264801912
17,8796761111325;40,0430964689885;16,0891230043332
17,8798150000214;40,0237384382712;16,0674620604645
17,8799538889103;40,027910126627;16,0432296554483
17,8800927777992;39,9936096412493;16,0700824735105
17,8802316666881;40,0055163876397;16,0612491158025
17,880370555577;39,983198451306;16,0638459646528
17,8805094444659;39,9771301080902;16,0615708110701
17,8806483333547;39,9717675612535;16,0764844055839
17,8807869444659;39,9425840158729;16,0373946564698
17,8809258333548;39,9718024012768;16,0419683866987
17,8810650000214;39,9336645944119;16,0469186077483
17,8812036111325;39,9392842685164;16,0392027569629
17,8813427777992;39,9052449728594;16,0311014871177
17,8814816666881;39,8934012206169;16,0088498726686
17,8816202777992;39,9124527040377;16,0268856738796
17,8817591666881;39,889372330001;16,0386647132611
17,8818983333547;39,8754299347279;16,01234266066
17,8820369444659;39,8762531164516;15,9829455922332
17,8821758333548;39,8447290068599;16,0057879227624
17,8823147222436;39,8525681546229;16,0167547556187
17,8824538889103;39,8526029669988;16,0049847230712
17,8825925000214;39,8163080034049;15,9710596154595
17,8827316666881;39,8262471445915;15,9840995058079
17,8828702777992;39,8429211463227;15,9919517700664
17,8830094444659;39,8097023169261;15,944913319011
17,8831483333548;39,8193905339102;15,9634962879261
17,8832869444659;39,7912218445857;15,9879574312007
17,8834258333547;39,7866823998202;15,9814792575183
17,8835647222436;39,7695984109031;15,9892479399225
17,8837036111325;39,7559466438196;15,9803712340225
17,8838427777992;39,7514087082052;15,9477137527374
17,8839816666881;39,7372462348857;15,9535412935281
17,884120555577;39,7370881255322;15,9581791547286
17,8842594444659;39,7138752670753;15,9366869888157
17,8843983333547;39,7202575140212;15,9559401144841
17,8845372222436;39,7071768293718;15,9420477619066
17,8846761111325;39,6937450997428;15,936285428125
17,8848147222436;39,6850442294595;15,9383424220118
17,8849538889103;39,6544999449029;15,9489604913126
17,8850925000214;39,6416392925868;15,9040156604874
17,8852313889103;39,6619624408108;15,9296869580603
17,885370555577;39,6465282731826;15,9256764781428
17,8855091666881;39,6095404744177;15,9125907700154
17,885648055577;39,6360212549243;15,9070935875417
17,8857872222436;39,6013757838109;15,9050802393312
17,8859261111325;39,6193470141069;15,9092799503759
17,8860650000214;39,5915692756445;15,9221236734883
17,8862038889103;39,5925562158636;15,9267777610606
17,8863427777992;39,5893754278199;15,909332809176
17,8864816666881;39,5755656420846;15,9070706515609
17,886620555577;39,582457028559;15,892610544234
17,8867597222436;39,552643665852;15,9027182725839
17,8868983333548;39,5632728169693;15,8922458222926
17,8870372222436;39,5246592056689;15,8890508341553
17,8871763889103;39,5121888697327;15,8905536274947
17,8873150000214;39,516250594568;15,8828377767093
17,8874538889103;39,5348907249812;15,888503604493
17,8875927777992;39,4674792243523;15,877726025564
17,8877316666881;39,5107905984538;15,8962127486119
17,887870555577;39,4890693676092;15,902512859548
17,8880094444659;39,4703673576406;15,8600321452634
17,8881483333547;39,4559548110887;15,8589743815274
17,8882872222436;39,4485875050848;15,8892998017421
17,8884266666881;39,4549095559032;15,879875755039
17,8885650000214;39,4320729749577;15,8461032174458
17,8887036111325;39,4563680233097;15,8299281275119
17,8888427777992;39,4108681285465;15,855663795703
17,8889816666881;39,4174084015725;15,8565321533021
17,889120555577;39,3899347440768;15,8448493916931
17,8892594444659;39,376575458389;15,8608285415916
17,8893986111325;39,3856876816768;15,8644375657688
17,8895375000214;39,3947999168639;15,8227502520536
17,8896761111325;39,3642843368454;15,8514141867044
17,8898150000214;39,3453908753395;15,8422017931138
17,8899538889103;39,3405002660477;15,8266176188691
17,890093055577;39,3400639751011;15,8252018363342
17,8902316666881;39,3175136866359;15,8253704179321
17,8903708333547;39,2745866832107;15,8314309208513
17,8905091666881;39,2967793329385;15,8109804527399
17,8906483333548;39,2634090248812;15,8060211897654
17,8907869444659;39,2958920984113;15,7967095923169
17,8909261111325;39,2686488048101;15,7983861668731
17,8910650000214;39,2543550918647;15,7963730277251
17,8912041666881;39,259598728197;15,7862649891484
17,891343055577;39,2432170868161;15,8075610113639
17,8914816666881;39,2215936531335;15,8064226493253
17,891620555577;39,2250280699534;15,8011148876814
17,8917594444659;39,1977116191502;15,7970793735707
17,8918983333547;39,2199794268469;15,818185887252
17,8920372222436;39,1915246510971;15,7887662348248
17,8921763889103;39,175710066371;15,7741372652394
17,8923150000214;39,1770086089209;15,7930689562061
17,8924538889103;39,1650435516144;15,7858572875221
17,8925925000214;39,1307178427386;15,7775938012437
17,8927313889103;39,1423066832861;15,7614621514795
17,8928702777992;39,1374490972512;15,7760910742756
17,8930091666881;39,1182396234544;15,7789006849737
17,8931483333547;39,0744858736301;15,7612503723876
17,8932869444659;39,1138271868941;15,7533014705567
17,8934258333548;39,1176704663349;15,7678277283775
17,8935650000214;39,0956959040243;15,7770834007615
17,8937036111325;39,0882332691876;15,7316506716195
17,8938425000214;39,0833777961774;15,7517270174695
17,8939816666881;39,0804570455267;15,7619662836363
17,8941202777992;39,0811240021393;15,7548414781016
17,8942591666881;39,0339365414383;15,7264857264651
17,894398055577;39,0512810545341;15,7270394285413
17,8945369444659;39,0291059908759;15,7619662836363
17,8946758333547;39,0183442312006;15,7213366909408
17,8948150000214;39,0242553241281;15,7140063205906
17,8949536111325;39,0225056513858;15,7164146304532
17,8950925000214;39,007582578669;15,7247160083109
17,8952316666881;39,0001551976008;15,7036961379576
17,8953702777992;38,9575705812025;15,7070063658441
17,8955091666881;38,9894865549912;15,7092898381497
17,895648055577;38,9442390937606;15,6728702927572
17,8957869444659;38,9727538335669;15,6548933817397
17,8959258333547;38,9706933680148;15,6517257657203
17,8960647222436;38,9401129871857;15,665160192576
17,8962038889103;38,926170075199;15,677835376526
17,8963425000214;38,9413513336081;15,6734670822419
17,8964813889103;38,9373261054896;15,6610967456612
17,896620555577;38,8936601236526;15,677835376526
17,8967594444659;38,8843573333057;15,673619492324
17,896898055577;38,859114300959;15,6442587848535
17,8970372222436;38,8843901481185;15,63649961668
17,8971758333548;38,8613351032406;15,6581977217957
17,8973150000214;38,8613351032406;15,6350560572699
17,8974538889103;38,8489841719364;15,6177578592598
17,897593055577;38,8529280224873;15,6490224411633
17,8977316666881;38,8348234764115;15,6440630728897
17,8978702777992;38,7951284693267;15,619624355699
17,8980091666881;38,7909071214143;15,6087506795025
17,898148055577;38,7633478487961;15,6240142697286
17,8982869444659;38,7524259938023;15,6002756196823
17,8984258333548;38,7739923268274;15,6044915127276
17,8985647222436;38,7564565722188;15,6043391336598
17,8987038889103;38,7519196211079;15,5850495066963
17,8988425000214;38,737756243263;15,5907955900524
17,8989816666881;38,7563967546757;15,5861509650867
17,8991202777992;38,7428403352464;15,5863841267308
17,8992591666881;38,7101969757748;15,5731177590616
17,899398055577;38,7197254621744;15,578988699638
17,8995372222436;38,7101044545317;15,5565413876976
17,8996758333547;38,7253456412684;15,5520207798304
17,8998150000214;38,6913060441163;15,5470182311814
17,8999538889103;38,695783171197;15,5663510034018
17,9000927777992;38,6850249140295;15,5749783834733
17,9002316666881;38,6799732561456;15,5701657835377
17,9003702777992;38,6751421778859;15,5613328679293
17,9005094444659;38,631707600255;15,5734757305181
17,9006483333547;38,6398045056329;15,5508710883076
17,9007872222436;38,6447280118171;15,5523631913913
17,9009261111325;38,6151925441084;15,5383964305271
17,9010650000214;38,5980817405325;15,5457058436708
17,9012038889103;38,5966855704773;15,5417008294049
17,9013425000214;38,5973552600959;15,5650540323923
17,9014816666881;38,5899550932532;15,5404038856186
17,901620555577;38,5801137389481;15,529916137629
17,9017594444659;38,568173899711;15,528266457855
17,9018983333548;38,5386084329751;15,541147408264
17,9020372222436;38,5300082662033;15,5316296748674
17,9021761111325;38,547059415213;15,5207132045933
17,9023152777992;38,5337204292194;15,5343378112345
17,9024538889103;38,5245488256925;15,5163449919046
17,9025925000214;38,5271803905235;15,5049769439465
17,9027316666881;38,5093703616616;15,5118958251628
17,902870555577;38,4876456913074;15,5036751019927
17,9030094444659;38,4922834976693;15,5110430768943
17,9031483333547;38,4765095186681;15,4872887653913
17,9032872222436;38,4389719908722;15,5251623909545
17,9034261111325;38,4402700627187;15,5012558585457
17,9035650000214;38,4418028929538;15,4910374778153
17,9037038889103;38,4411927660468;15,4790195637301
17,9038427777992;38,4371324606739;15,4935554414494
17,9039816666881;38,3959455178463;15,4987102289442
17,904120555577;38,4029772960796;15,4665930000498
17,9042594444659;38,3896021243682;15,4402501459379
17,9043983333547;38,3700384721344;15,4878799807473
17,9045369444659;38,3743015081378;15,4657909704026
17,9046758333548;38,3770906000524;15,4843800522118
17,9048147222436;38,3781712343156;15,4878799807473
17,9049538889103;38,3542288199475;15,4586818392339
17,9050927777992;38,3253359977238;15,4742503807967
17,9052313889103;38,3444469938316;15,4606843961578
17,905370555577;38,3188555274534;15,4618237544476
17,9055094444659;38,3269850539087;15,4500012605536
17,905648055577;38,3044778214005;15,4352855767765
17,9057869444659;38,3052038880903;15,4650904252483
17,9059261111325;38,273677069931;15,4356711268695
17,9060647222436;38,3122560991944;15,4467121709707
17,9062036111325;38,2778979887078;15,4538746471644
17,9063427777992;38,2699586437618;15,4542601849573
17,9064813889103;38,2822530312643;15,4395290522622
17,9066202777992;38,234115201341;15,396391558813
17,9067591666881;38,2403397677385;15,4197294041711
17,9068983333548;38,2026711902824;15,4241786626487
17,9070369444659;38,2429777134799;15,4195236499511
17,9071758333547;38,2297366413868;15,398995658453
17,9073150000214;38,1801606033777;15,4129248007416
17,9074536111325;38,1732133452782;15,4243463032387
17,9075927777992;38,1704244517161;15,3984378130974
17,9077316666881;38,1691501386667;15,4103207011016
17,907870555577;38,1994748715626;15,4120135533856
17,9080094444659;38,137429418771;15,377802488425
17,9081483333547;38,152828258018;15,3820995030309
17,9082869444659;38,113677003765;15,4105539734131
17,9084261111325;38,120184532515;15,3890564522706
17,9085647222436;38,128921707071;15,3914166160305
17,9087036111325;38,0817662248583;15,3693706198458
17,9088425000214;38,0917381970561;15,3754316927283
17,9089813889103;38,0996183982479;15,3550404861617
17,909120555577;38,0804685599003;15,3412741704036
17,9092591666881;38,0719249054407;15,33379167102
17,909398055577;38,0876786582575;15,3576400383365
17,9095372222436;38,0519863010705;15,3403248100001
17,9096761111325;38,0308754489827;15,3680738578367
17,9098150000214;38,0337626290805;15,3449798806997
17,9099538889103;38,030172968268;15,3403677646434
17,9100927777992;38,0375767770803;15,3311875713798
17,9102313889103;38,0095048816674;15,321030688898
17,910370555577;38,0121985049164;15,3236347885381
17,9105094444659;37,9856877544804;15,3174213798504
17,910648055577;37,9755904682673;15,3105629940774
17,9107872222436;37,9844816624239;15,3243399798487
17,9109261111325;37,9543182743117;15,2850600287494
17,9110650000214;37,9458105755087;15,3065375458618
17,9112038889103;37,9566373662634;15,3027378166369
17,9113427777992;37,9364067717119;15,2907631193583
17,9114816666881;37,9595284192332;15,3143070720128
17,9116208333547;37,9433962341971;15,2896570854725
17,9117591666881;37,9029087344182;15,2892990429133
17,9118983333547;37,9247590574121;15,2722170757312
17,9120372222436;37,8904009120197;15,2516307957403
17,9121761111325;37,8954457777488;15,2721742484566
17,9123150000214;37,8730966114631;15,2866949432732
17,9124538889103;37,8757277970165;15,2659993381746
17,9125927777992;37,8561082418623;15,2858343701507
17,9127316666881;37,8676375449666;15,2496181273404
17,912870555577;37,8595042422882;15,237658772356
17,9130097222436;37,840803995976;15,2430039382007
17,9131483333547;37,8170229186674;15,2693085658221
17,9132872222436;37,8306745114955;15,2470292686177
17,9134263889103;37,7988946395738;15,2358410630403
17,9135650000214;37,8049256312732;15,2330464690916
17,9137038889103;37,7734650772981;15,2279730247019
17,9138427777992;37,748851970415;15,2504863742868
17,9139816666881;37,7439569953409;15,2371485641585
17,9141208333547;37,7533878242253;15,2178589371949
17,9142594444659;37,7381466374885;15,2157650457523
17,9143986111325;37,7433929916801;15,2246253179913
17,9145372222436;37,7077667176831;15,2060792980983
17,9146761111325;37,7014797281543;15,2169094672059
17,9148150000214;37,7129106182067;15,1985156348658
17,9149541666881;37,6998860778115;15,2149078738184
17,9150927777992;37,6830945820722;15,196308092314
17,9152316666881;37,6898872046503;15,2110388734132
17,9153708333547;37,6473469923505;15,1919512606642
17,9155097222436;37,6408621735205;15,2075389867694
17,9156483333547;37,6559137010789;15,1893937707748
17,9157872222436;37,6434020096808;15,1884015318262
17,9159261111325;37,6578545747798;15,1748688640262
17,9160650000214;37,6294353580451;15,1659975944532
17,9162038889103;37,6172749150934;15,1851350573099
17,9163425000214;37,6121901020498;15,1669044399871
17,9164816666881;37,5989529845718;15,1713689900532
17,9166202777992;37,5972681138423;15,1489113025056
17,9167591666881;37,5869500789345;15,1607297882811
17,9168983333547;37,5682178363719;15,1599900563041
17,9170369444659;37,5838693270882;15,1828818466299
17,9171758333548;37,567137007259;15,167648094545
17,9173147222436;37,539069066738;15,1482063621077
17,9174536111325;37,535767555515;15,1456600201893
17,9175925000214;37,5630075016636;15,1553845116117
17,9177313889103;37,5544677707842;15,1617926888418
17,917870555577;37,4774077602368;15,126713306315
17,9180094444659;37,4992477670613;15,132240961
17,918148055577;37,504458131396;15,1430095650804
17,9182872222436;37,495382764426;15,1410006746
17,9184258333547;37,484109343898;15,1280209710075
17,9185650000214;37,4366343458263;15,1318788964002
17,9187036111325;37,4429575885966;15,1333386988889
17,9188425000214;37,4743633413662;15,1248253158984
17,9189813889103;37,4235592765777;15,1164471948293
17,9191202777992;37,4311754226284;15,1153454707384
17,9192591666881;37,3906988132372;15,1276203547406
17,9193983333547;37,4086649184391;15,1007709015259
17,9195372222436;37,3986931880049;15,110740296999
17,9196761111325;37,4119075249388;15,1201142672298
17,9198150000214;37,3656388642698;15,0912057035376
17,9199538889103;37,3916176950956;15,1070270636403
17,9200925000214;37,3616710941778;15,1115970584044
17,9202316666881;37,372178596571;15,0903374812169
17,920370555577;37,3518887667278;15,1034100742841
17,9205094444659;37,3296976554057;15,0925559774251
17,9206483333547;37,3148077588549;15,1046248805848
17,9207872222436;37,3033768688024;15,0675054446903
17,9209261111325;37,2767636941116;15,085389183246
17,9210650000214;37,2995665721182;15,0672013311135
17,9212038889103;37,2885458665832;15,0634954566423
17,9213427777992;37,270634189938;15,0916063825588
17,9214816666881;37,2796869267926;15,0798768938573
17,921620555577;37,2462224185399;15,0545144324036
17,9217591666881;37,2393314318984;15,0800289330443
17,9218983333548;37,2434930226522;15,0763655770832
17,9220369444659;37,2382869458706;15,0622416308897
17,9221761111325;37,1916399185392;15,067948653664
17,9223150000214;37,2225324765301;15,037106274892
17,9224538889103;37,2024986729511;15,0526690772119
17,9225925000214;37,211010888103;15,0356219456799
17,9227316666881;37,2126957937806;15,055078451401
17,922870555577;37,1902077433904;15,0302616954782
17,9230094444659;37,1510239035341;15,0432838668406
17,923148055577;37,1484519532723;15,0219817482663
17,9232872222436;37,1645577050321;15,0295605058248
17,9234261111325;37,1318844109653;15,0041944654716
17,9235647222436;37,130803498218;15,0221877665856
17,9237038889103;37,1244801255885;15,0237965721042
17,9238427777992;37,0990239686079;15,0197782490557
17,9239816666881;37,1270918096579;14,9760987007932
17,9241202777992;37,1000684336525;14,9977439518106
17,9242594444659;37,0948036146906;15,0106139904074
17,9243983333547;37,0996948758216;15,0012014093768
17,9245372222436;37,0933713552133;14,9709754928379
17,9246758333548;37,0541286975871;14,9946332005543
17,9248150000214;37,0589212872397;14,970890501513
17,9249541666881;37,0078916958172;14,9801086653729
17,925093055577;37,0165980065308;14,9733425737017
17,9252316666881;37,0338072028984;14,9769944446248
17,9253702777992;36,9786890002702;14,9600604379009
17,9255097222436;37,0000819235295;14,9549486867555
17,9256483333548;36,963416232993;14,9340471495438
17,9257872222436;36,977733745182;14,9764843288636
17,9259261111325;36,9861206951015;14,9422731160903
17,9260652777992;36,9367757367443;14,9641244333141
17,9262038889103;36,9451260040164;14,9457276640368
17,9263427777992;36,9519853429405;14,9404097390335
17,9264816666881;36,9318478928227;14,9194659676018
17,926620555577;36,9026404246484;14,9172800842584
17,9267591666881;36,8879715537539;14,9501410098766
17,9268983333547;36,8830216455023;14,9143147031176
17,9270375000214;36,88698927633;14,9380118132514
17,9271763889103;36,8866379499145;14,9249780374627
17,9273150000214;36,8788550501155;14,9202640755764
17,9274538889103;36,855489579414;14,9090509793988
17,9275927777992;36,8483776450423;14,8946702103067
17,9277316666881;36,8323032007163;14,8897072133828
17,927870555577;36,8404057226347;14,8881071686266
17,9280097222436;36,8287538257482;14,8799910067596
17,9281483333547;36,8186565395352;14,8824036064611
17,9282875000214;36,8267542113597;14,88400373627
17,9284258333548;36,81465228227;14,8484260380361
17,9285650000214;36,8084639959051;14,8320867804954
17,9287036111325;36,8017670687125;14,8274280297978
17,9288425000214;36,8142789830044;14,8564853355657
17,9289813889103;36,7767116954689;14,8652635261915
17,9291202777992;36,747380331521;14,8504383463242
17,9292591666881;36,7544923062686;14,8425163788574
17,929398055577;36,7204103006258;14,8623977711151
17,9295369444659;36,722351290843;14,8217244936924
17,9296761111325;36,7311115274697;14,8361085017485
17,9298147222436;36,6939321951128;14,8145582006845
17,9299536111325;36,7058184177377;14,8102048927364
17,9300927777992;36,674412258467;14,824671977252
17,9302313889103;36,6931491812628;14,8189684214789
17,9303708333547;36,6631972261919;14,8057404614921
17,9305091666881;36,6690071372646;14,822865915111
17,930648055577;36,6648506360091;14,7664992257805
17,9307869444659;36,6451736471943;14,8122024865249
17,9309258333547;36,614587075541;14,8053823502885
17,9310647222436;36,6189697817277;14,7861469715818
17,9312036111325;36,6179875224783;14,7860927233248
17,9313427777992;36,6131547103011;14,7809387723016
17,9314816666881;36,6105827600393;14,7914649327675
17,9316202777992;36,5816738704448;14,7796428101639
17,9317591666881;36,5780791530381;14,7602038196468
17,931898055577;36,5631893238222;14,781144982342
17,9320372222436;36,54451082924;14,7670092702192
17,9321761111325;36,5520326453581;14,7899506487176
17,9323147222436;36,5336308318808;14,7721731939997
17,9324536111325;36,5385437416935;14,7846846266549
17,9325927777992;36,5227669145333;14,7466177548487
17,9327313889103;36,5081971015141;14,756179275355
17,932870555577;36,4969873959749;14,7348498776294
17,9330094444659;36,4793627967706;14,7563288750184
17,9331483333548;36,5025446173089;14,7271340268439
17,9332869444659;36,4550685670094;14,7477173402278
17,9334258333548;36,4735475943337;14,7439014508336
17,9335650000214;36,4363740208452;14,7649549162712
17,9337036111325;36,431692834701;14,7188660682973
17,9338427777992;36,4383734147767;14,7486674910151
17,9339813889103;36,4622268768856;14,7186598115586
17,934120555577;36,4526593924883;14,7327956329376
17,9342594444659;36,4209174140499;14,7164957953386
17,9343983333547;36,3982341147591;14,7021261745958
17,9345369444659;36,3884513089955;14,724211646124
17,9346758333547;36,3902064620655;14,7240597989453
17,9348147222436;36,378775572013;14,695718515941
17,9349538889103;36,3660694150792;14,6955122592023
17,9350927777992;36,3342903582254;14,6937046575481
17,9352316666881;36,3562282328595;14,6936665240622
17,935370555577;36,334238023624;14,6889383631777
17,9355094444659;36,3272423412394;14,6944628251824
17,9356483333547;36,3437218743984;14,6828909140102
17,9357869444659;36,3188919689689;14,6751206968468
17,9359261111325;36,3128298905496;14,6724467539113
17,9360647222436;36,2775456063315;14,6832765996218
17,9362038889103;36,2722444793471;14,6691409124881
17,9363427777992;36,2820273485497;14,6731066836379
17,9364816666881;36,2532977201555;14,6781228397997
17,936620555577;36,2346558153777;14,6568212247574
17,9367597222436;36,2512984465621;14,6612293341774
17,9368983333548;36,2293547482535;14,6820906360797
17,9370372222436;36,2185489604684;14,6601272891872
17,9371761111325;36,2164972547574;14,6476018305233
17,9373150000214;36,2000700268613;14,6637369856827
17,9374538889103;36,1976340283579;14,6577588812345
17,9375927777992;36,171691754718;14,6077558738509
17,9377319444659;36,1833168907689;14,6415815413023
17,937870555577;36,1620659799808;14,6317715375508
17,9380094444659;36,1677243114923;14,6305034365372
17,9381483333548;36,1712822161946;14,6174823461517
17,9382875000214;36,1455923480774;14,5994898696042
17,9384261111325;36,1285030941805;14,6083221358654
17,9385650000214;36,1317257218042;14,6107181381606
17,9387038889103;36,1093256513399;14,6053179207647
17,9388427777992;36,1154242634953;14,5713950051547
17,9389816666881;36,0978425105122;14,5972423567625
17,939120555577;36,115991044063;14,6108686071002
17,9392594444659;36,0913553237936;14,6077687508435
17,9393983333547;36,0606264897671;14,5952446281183
17,9395375000214;36,0784396267656;14,5844147548317
17,9396761111325;36,0721155031133;14,6002464149095
17,9398150000214;36,0570626536361;14,5694929761219
17,9399541666881;36,0497041187341;14,600052900058
17,940093055577;36,0299870056861;14,5469375891125
17,9402316666881;36,0216365768289;14,5948447007779
17,9403702777992;36,0429766565915;14,5537577953454
17,9405094444659;36,027572166032;14,5387132534835
17,940648055577;35,9971604235176;14,5533996141453
17,9407872222436;35,9863603145563;14,5415790620163
17,9409258333548;35,9716339744903;14,5596552005875
17,9410647222436;35,9449494609894;14,5263394509339
17,9412038889103;35,9692708690177;14,538161440135
17,9413425000214;35,9534941274589;14,5061541705306
17,9414816666881;35,9467087091561;14,5166663843185
17,941620555577;35,9541658963221;14,5239964959971
17,9417591666881;35,9354928538227;14,5263941363963
17,9418983333548;35,9280603970921;14,505202645355
17,9420369444659;35,9280665965311;14,5050509548662
17,9421761111325;35,9130405241968;14,4905148837966
17,9423150000214;35,8904785398782;14,4789959571929
17,9424536111325;35,8825373934357;14,4532443051966
17,9425925000214;35,8812617645634;14,4987964933003
17,9427316666881;35,874156033445;14,4643082194636
17,942870555577;35,8547531237035;14,4799056341637
17,9430094444659;35,8543953675735;14,4754971954604
17,943148055577;35,8545960930821;14,4447855378023
17,9432872222436;35,8527475946345;14,4802497829455
17,9434258333548;35,8206174961534;14,4365039282986
17,9435650000214;35,8491381672777;14,453202770253
17,9437041666881;35,8155688530469;14,4148724812076
17,9438425000214;35,8104558859936;14,4488774485842
17,9439813889103;35,7830809864561;14,4437239894608
17,9441202777992;35,7818426400337;14,4373027417145
17,9442594444659;35,7736865229914;14,4157264266707
17,944398055577;35,7518751132311;14,4352634171769
17,9445372222436;35,7776602699185;14,4324943203594
17,9446758333548;35,7440331089664;14,4295044692587
17,9448150000214;35,7237124019811;14,4185229766621
17,9449536111325;35,7389535887177;14,4288429270876
17,9450927777992;35,744196647302;14,4010934908592
17,9452313889103;35,6999637056699;14,4381708077689
17,945370555577;35,7181488642664;14,3911733501312
17,9455094444659;35,6945636323472;14,4358143541519
17,9456483333548;35,6680485861794;14,3898647479814
17,9457869444659;35,6997181750762;14,41392109279
17,9459261111325;35,6366419634834;14,4076514854854
17,9460650000214;35,6625906364;14,3966292500584
17,9462038889103;35,66875808776;14,3918757030563
17,9463427777992;35,6145605867809;14,3920683264091
17,9464816666881;35,6451663831745;14,373923144788
17,9466202777992;35,6580571276514;14,3994259589927
17,9467594444659;35,6053126996679;14,3781383562311
17,9468983333547;35,6169958417949;14,3790481011255
17,9470372222436;35,6006733152823;14,3710841508443
17,9471761111325;35,583211612396;14,3731783990997
17,9473150000214;35,5596199320895;14,360460933008
17,9474538889103;35,5865069509484;14,3602543490341
17,947593055577;35,5404114378263;14,3826576265976
17,9477316666881;35,5312695054858;14,3702296224757
17,9478708333547;35,4952542035224;14,3728201885494
17,9480094444659;35,5044404700128;14,3531308542801
17,9481483333547;35,501704775439;14,3384155903564
17,9482872222436;35,498761131528;14,3410062659076
17,9484261111325;35,4572263592726;14,365613864521
17,9485650000214;35,4669344652472;14,3595928793129
17,9487041666881;35,4442363556456;14,3749417758121
17,9488427777992;35,4512908272389;14,3436099291468
17,9489816666881;35,404857573904;14,3426592919272
17,949120555577;35,413696258054;14,3371065518852
17,9492594444659;35,3963500721218;14,3224190748381
17,9493986111325;35,4269961899071;14,3013105176277
17,9495372222436;35,3746688585598;14,3292804767249
17,9496761111325;35,4137539821722;14,315419654048
17,9498150000214;35,3924819955583;14,2837293980606
17,9499538889103;35,3991850200829;14,306298361462
17,9500927777992;35,3730213409505;14,3191671988091
17,9502316666881;35,3556819526396;14,2969152347444
17,9503702777992;35,3402395369196;14,3200765923704
17,9505094444659;35,3449164176613;14,2978522053527
17,9506483333547;35,3495935227304;14,2805742825595
17,9507872222436;35,3250357907843;14,2970668036933
17,9509261111325;35,3049514060361;14,2862784291746
17,9510650000214;35,3184082174054;14,2622353618688
17,9512041666881;35,3006257039514;14,2649359864866
17,9513427777992;35,3045006345082;14,2713978223624
17,9514816666881;35,3146285442657;14,237076059839
17,9516208333547;35,2737966882677;14,2679394629807
17,9517597222436;35,2692258258035;14,2093265626227
17,9518983333547;35,2719923397181;14,2203079464958
17,9520372222436;35,2673151827694;14,2105803883753
17,9521761111325;35,2555328391197;14,2186958706772
17,9523147222436;35,2229587984403;14,2266045445865
17,9524536111325;35,2419024046399;14,1995990668375
17,9525925000214;35,2116848511806;14,2029059202848
17,9527316666881;35,1887654027281;14,2115310803523
17,9528702777992;35,1891439023951;14,1864821911459
17,9530091666881;35,1612265694292;14,1786560716666
17,9531483333548;35,1683186579812;14,1977114431148
17,9532872222436;35,1546943215327;14,1843327922087
17,9534261111325;35,1276437408778;14,18267951
17,9535647222436;35,1283161571583;14,1936882779019
17,9537038889103;35,1229160357939;14,1714500033163
17,9538427777992;35,1319894521326;14,1470486252074
17,9539816666881;35,0842399706059;14,137128483
17,9541202777992;35,1185399052675;14,1596698445506
17,9542594444659;35,0884593425175;14,141688888485
17,954398055577;35,0897623791945;14,1362188923467
17,9545372222436;35,0878933763814;14,1376794374301
17,9546758333548;35,0716283466978;14,1435493838358
17,9548147222436;35,0497403408008;14,1243976915117
17,9549541666881;35,0570524884162;14,1010980684766
17,9550925000214;35,0603614654344;14,1203465075417
17,9552316666881;35,0497904095397;14,1153862467119
17,955370555577;35,0489305753819;14,1183350204071
17,9555094444659;35,0144738964354;14,1201946966797
17,9556483333547;35,0180696896441;14,1190511159797
17,9557872222436;35,0227093295147;14,0900757169055
17,9559261111325;34,9858029210071;14,0834757890563
17,9560647222436;35,0084125449875;14,1051627444212
17,9562038889103;34,9991445863611;14,0764629271433
17,9563427777992;34,9846638915509;14,076062923026
17,9564816666881;34,9898268885032;14,0814643083374
17,956620555577;34,967045350001;14,0863701450814
17,9567591666881;34,9614308847538;14,074657599004
17,956898055577;34,9508795866601;14,0761466427907
17,9570372222436;34,9312622090947;14,0700838773728
17,9571761111325;34,899950492435;14,0884360655005
17,9573150000214;34,9222662237986;14,0696980352173
17,9574536111325;34,8832188229493;14,0432433236251
17,9575927777992;34,913292217188;14,0614170594756
17,9577316666881;34,8379452345091;14,0610177527
17,957870555577;34,8593165879748;14,0533011839485
17,9580094444659;34,873950903924;14,0566225693894
17,958148055577;34,8464526817071;14,0401294998105
17,9582869444659;34,856989397321;14,0518136615586
17,9584261111325;34,8435596754521;14,0382695071193
17,9585647222436;34,8344864316856;14,0457929266202
17,9587036111325;34,8087390755273;14,0375254001705
17,9588427777992;34,8091176171991;14,0296170916403
17,9589816666881;34,8036525643516;14,0414253142563
17,959120555577;34,7896497240373;14,0147361208598
17,9592597222436;34,7899018162583;14,0198898786117
17,9593983333547;34,7612309815319;14,0191867244037
17,9595372222436;34,7608221067273;14,0233895130453
17,9596763889103;34,7682209653169;14,0219025902049
17,9598150000214;34,7370355975875;13,9888740989122
17,9599536111325;34,7414116678025;13,9987536884986
17,9600927777992;34,7241446587474;13,9969347183371
17,9602316666881;34,6953744181801;13,9946888981599
17,9603702777992;34,7051007204033;13,9831705829563
17,9605094444659;34,705509563391;13,9803596027476
17,960648055577;34,6764299862306;13,9763093372227
17,9607872222436;34,6651861479514;13,979105776995
17,9609261111325;34,6510838741852;13,9613178435129
17,9610652777992;34,6602639984154;13,9711991831455
17,9612038889103;34,6477515526247;13,9377710156242
17,9613427777992;34,6557616021072;13,9604088810092
17,9614813889103;34,6482675509444;13,9664716935964
17,9616202777992;34,6296551313716;13,9487520741557
17,9617597222436;34,5985692000284;13,931736992333
17,9618983333547;34,6356285431347;13,9412852832983
17,9620375000214;34,600254309434;13,9159194238411
17,9621761111325;34,5863088305544;13,9361179615053
17,9623152777992;34,5693825434842;13,9256889265203
17,9624538889103;34,5924390092884;13,925288273904
17,962593055577;34,5675212448183;13,9309519990716
17,9627313889103;34,5722486288054;13,8929232282823
17,962870555577;34,5646280354371;13,9203145688239
17,9630094444659;34,5275071668688;13,9238698006751
17,9631486111325;34,5178878960026;13,8916694025296
17,9632875000214;34,5352350512779;13,9041943026616
17,9634261111325;34,5071600314247;13,8745847252725
17,9635652777992;34,5045959630874;13,8626526415563
17,9637038889103;34,4899125004798;13,9008327850696
17,9638427777992;34,4879138094059;13,8953759711249
17,9639816666881;34,4694502954349;13,8678200456295
17,9641202777992;34,4782017766251;13,867212481195
17,9642591666881;34,4687773388665;13,8669113773638
17,9643983333548;34,4326349872858;13,8683164929571
17,9645372222436;34,4472111270158;13,8335951644227
17,9646761111325;34,4249650816472;13,8573356453506
17,9648150000214;34,4163200066284;13,826470533646
17,9649536111325;34,4205390502266;13,8665105669489
17,9650925000214;34,369358099996;13,8384043476887
17,9652313889103;34,3744147752615;13,8358409424323
17,9653702777992;34,3829522414454;13,8175025656708
17,9655094444659;34,3772430114435;13,8132030133482
17,965648055577;34,3691442352242;13,812458816244
17,9657872222436;34,3499550927618;13,810998000525
17,9659261111325;34,326627486798;13,8255790595148
17,9660650000214;34,3164920623532;13,8154487951929
17,9662036111325;34,3306516212892;13,7947133426161
17,9663427777992;34,3322495837593;13,8273424342334
17,9664813889103;34,3078279514817;13,7913650219745
17,9666202777992;34,3210625895242;13,7925082589902
17,9667591666881;34,2698816873428;13,76035034463
17,966898055577;34,2905882482099;13,7673088960652
17,9670372222436;34,2756604386421;13,7702583323783
17,9671758333548;34,2548544183043;13,772781491363
17,9673150000214;34,2586075120076;13,7612865342181
17,9674536111325;34,2492403258777;13,7845446702293
17,9675925000214;34,2747818284342;13,775768989166
17,9677313889103;34,2493970444994;13,765999261678
17,9678702777992;34,2573202464915;13,766909974484
17,9680094444659;34,2387769581049;13,7349845884646
17,9681483333548;34,2207075261045;13,7347522248082
17,9682872222436;34,2090817434437;13,751119928265
17,9684258333548;34,2014611500754;13,7309778570051
17,9685650000214;34,1746324147452;13,7456222688933
17,9687036111325;34,1756571631171;13,7368496679484
17,9688425000214;34,1646265607016;13,7459676474156
17,9689813889103;34,1796240783742;13,7219651436589
17,969120555577;34,1242035998131;13,7177061128004
17,9692594444659;34,1250333032383;13,7246799258841
17,9693983333548;34,1535171868468;13,7077872678406
17,9695372222436;34,1219531336044;13,722863242298
17,9696761111325;34,1321456772346;13,7268723196776
17,9698152777992;34,1365807689389;13,7071967596868
17,9699536111325;34,1062037329712;13,7063417297497
17,9700927777992;34,0890279154673;13,7130961796954
17,9702313889103;34,1143707713669;13,6918054965224
17,9703708333547;34,0896014095837;13,6706560520865
17,9705094444659;34,0897580561055;13,698060364627
17,970648055577;34,0729083183459;13,6905516707697
17,9707872222436;34,06668267795;13,6945607915576
17,9709258333548;34,0554467493947;13,6987799071676
17,9710650000214;34,0217191806501;13,6818843968314
17,9712038889103;34,0275549627365;13,701176750879
17,9713425000214;33,9962939502176;13,6661098542544
17,9714816666881;33,9962939502176;13,6921509911431
17,9716202777992;34,0033978567315;13,6753143118327
17,9717594444659;33,9593211735708;13,6587395715591
17,9718986111325;33,980027895184;13,6631878368592
17,9720372222436;33,9464000370637;13,6568925734599
17,9721758333548;33,9498104212554;13,6685067605813
17,9723150000214;33,9388364511193;13,6462173947024
17,9724538889103;33,944040391588;13,6465726230344
17,9725927777992;33,923576571931;13,6348349508121
17,9727313889103;33,9199228899124;13,6287875108393
17,9728708333547;33,905216930403;13,6300786902389
17,9730094444659;33,8890974940835;13,6216617278522
17,9731483333548;33,910498884778;13,6188632714698
17,9732872222436;33,9095823439798;13,6137386575361
17,9734261111325;33,8955795036655;13,6075272754341
17,9735652777992;33,8943411572431;13,6089321940921
17,9737038889103;33,8697760016969;13,6254793247059
17,9738427777992;33,8682340492969;13,5676104438151
17,9739816666881;33,8369916869276;13,6069743403437
17,974120555577;33,8279107041488;13,6017820330902
17,9742594444659;33,8389420289032;13,6084354169366
17,9743983333547;33,8181352235598;13,5959571094052
17,9745375000214;33,8144247106281;13,5842931344922
17,9746761111325;33,8151549350684;13,5963118899762
17,9748150000214;33,7894561653519;13,575919526324
17,9749538889103;33,7654645558123;13,5837899495258
17,9750927777992;33,7818442785208;13,587094688059
17,9752316666881;33,7714952086191;13,5641384679906
17,975370555577;33,7600643185666;13,5594159540248
17,9755094444659;33,7467350606312;13,5716629864882
17,9756483333547;33,7291647959846;13,5784834073313
17,9757869444659;33,7294166118504;13,5648460614009
17,9759258333548;33,739931014995;13,5696521913298
17,9760650000214;33,695352939248;13,5476072372533
17,9762036111325;33,714626530608;13,5209476437645
17,9763427777992;33,7295819450933;13,5294605342841
17,9764813889103;33,6882675183918;13,5235918335353
17,976620555577;33,6690892169273;13,5270637845371
17,9767594444659;33,6603570951803;13,5202032473219
17,9768983333548;33,6806854545897;13,5119744129398
17,9770372222436;33,6812025744692;13,5070172342108
17,9771758333547;33,6581456627244;13,5055560323244
17,9773147222436;33,6653967798376;13,5118233238757
17,9774536111325;33,6421742217017;13,5080762689142
17,9775927777992;33,6230661314206;13,4884319659552
17,9777316666881;33,6386859776366;13,4772967288227
17,9778702777992;33,6229276385299;13,4895790063618
17,9780091666881;33,5929919680386;13,476361227963
17,978148055577;33,6325554542152;13,4848214831738
17,9782872222436;33,5741536697949;13,4790638878148
17,9784258333548;33,609832298787;13,4588624237064
17,9785647222436;33,5626752074874;13,47815205067
17,9787038889103;33,5730151390038;13,4583129806114
17,9788425000214;33,5714342411611;13,468043724291
17,9789816666881;33,5389266998372;13,4610680667441
17,9791202777992;33,5309157901651;13,4601726624536
17,9792597222436;33,5490805369458;13,4375345234412
17,9793983333547;33,5125768149255;13,4347794331686
17,9795372222436;33,4799871207412;13,4239500773833
17,9796758333548;33,5131413505933;13,4209999985775
17,9798147222436;33,4984082289813;13,4133681497863
17,9799536111325;33,4668439673699;13,4310055653648
17,9800925000214;33,4652540098942;13,3917929047917
17,9802316666881;33,469989740645;13,416429351238
17,980370555577;33,4449076291554;13,4061217357538
17,9805094444659;33,4410973324712;13,4118269761047
17,980648055577;33,4480146893568;13,3855827750146
17,9807872222436;33,4193739874882;13,3828232282536
17,9809261111325;33,4164504235327;13,3644813915742
17,9810650000214;33,4177274953668;13,3785669799344
17,9812038889103;33,3767304507894;13,3771056475703
17,981343055577;33,3836478233221;13,3638797386876
17,9814813889103;33,3973811985935;13,3521948934493
17,981620555577;33,3394305842913;13,3767518145464
17,9817591666881;33,3420861695785;13,3854197902896
17,981898055577;33,3260488829019;13,3593615495897
17,9820369444659;33,3432115000973;13,3534655461202
17,9821761111325;33,3294603110762;13,3598709016374
17,9823150000214;33,3105946710386;13,3275461398677
17,9824538889103;33,2918653794952;13,3631797149399
17,9825927777992;33,2652497787336;13,352155050852
17,9827316666881;33,2724917041969;13,3306995051542
17,982870555577;33,2565472809775;13,3479386770802
17,9830094444659;33,2712239203087;13,3292106430087
17,9831483333547;33,2381131765334;13,3574621875828
17,9832872222436;33,2127183486412;13,3256637539376
17,9834261111325;33,2280064904093;13,3435316280563
17,9835650000214;33,2275983766111;13,3147233074681
17,9837036111325;33,210259173362;13,3056524132641
17,9838427777992;33,214899759258;13,3367282286138
17,9839816666881;33,1848161739396;13,3084242671603
17,984120555577;33,1985766199752;13,3012503468885
17,9842594444659;33,1823923371297;13,2994545906222
17,9843983333548;33,181015146311;13,3142805105873
17,9845369444659;33,1837435145302;13,2893698044014
17,9846761111325;33,1776660791781;13,301811369827
17,9848150000214;33,1364029357794;13,2855118790087
17,9849538889103;33,135078788141;13,2891346401967
17,9850927777992;33,1103753933216;13,2793638258306
17,9852316666881;33,1095450559409;13,2658362155399
17,985370555577;33,1073247428495;13,2637812164487
17,9855097222436;33,1027547999533;13,26192159311
17,9856483333547;33,0798930198483;13,2518092120221
17,9857872222436;33,0940522299532;13,2789042645065
17,9859261111325;33,0697298004989;13,2542503269372
17,9860650000214;33,095134206585;13,2441380191886
17,9862038889103;33,0649034603194;13,2338577186982
17,9863427777992;33,073540097183;13,2465517435054
17,9864816666881;33,0627395431846;13,2476547916984
17,9866208333547;33,0497622913736;13,2432306688924
17,9867594444659;33,0066011689295;13,2196970551622
17,9868983333547;33,020149325789;13,2228380132815
17,9870372222436;33,0151473004982;13,2074183406508
17,9871763889103;32,9959394310286;13,2140312024642
17,9873150000214;32,9955877925863;13,2079552222246
17,9874538889103;32,9703493266559;13,2226872161762
17,9875927777992;32,9394494419932;13,2015500229243
17,9877316666881;32,9600004210639;13,2296189904874
17,9878702777992;32,9648635031974;13,1980264140985
17,9880091666881;32,9386335202667;13,1864526379204
17,988148055577;32,9575286820804;13,1679590245701
17,9882872222436;32,9329108252566;13,1904732703123
17,9884258333547;32,9249115386972;13,1962183280718
17,9885647222436;32,9111310338278;13,183155482008
17,9887036111325;32,9192694056803;13,1866998476206
17,9888425000214;32,9060261106922;13,1433224023282
17,9889813889103;32,8906188685397;13,1579975571557
17,9891202777992;32,8722122416308;13,1776337229477
17,9892594444659;32,8670073010151;13,1673707635031
17,9893983333547;32,8268869068949;13,1748907793356
17,9895369444659;32,829976506748;13,1524877832102
17,9896758333547;32,8648432152381;13,1333940205914
17,9898147222436;32,8304844987195;13,1319048547452
17,9899538889103;32,803360737995;13,110397206102
17,9900927777992;32,8165769158223;13,1399673814394
17,9902313889103;32,8310585234312;13,1548446651527
17,9903702777992;32,7777143698529;13,1316971127964
17,9905091666881;32,7933634855319;13,1232366977832
17,990648055577;32,7805989916399;13,1091039782977
17,9907869444659;32,8009278079738;13,1058517305704
17,9909258333548;32,7510985730929;13,110755708365
17,9910647222436;32,7437733577113;13,0876476131626
17,9912038889103;32,7492299219297;13,0889014389152
17,9913425000214;32,7494522898979;13,0981358797849
17,9914816666881;32,7475544999666;13,0848533223531
17,9916202777992;32,723862237924;13,0613472638824
17,9917594444659;32,7434216996954;13,0635713486677
17,9918983333548;32,7377990318772;13,0725802805001
17,9920372222436;32,7048107545032;13,0645176586906
17,9921761111325;32,6920462606112;13,1012374172001
17,9923147222436;32,7238060419306;13,051442902165
17,9924538889103;32,6407390334632;13,0754857652037
17,9925927777992;32,6804420476124;13,0496227616881
17,9927313889103;32,671756430768;13,0301431011803
17,992870555577;32,6463519114572;13,024437424416
17,9930091666881;32,6363817357953;13,0323039816614
17,9931483333547;32,6291127991705;13,0424615029852
17,9932872222436;32,6138153975305;13,0282953498087
17,9934261111325;32,5915178161686;13,0185693250021
17,9935650000214;32,6175255914265;13,0328586045652
17,9937038889103;32,549326126151;13,0137983334171
17,9938427777992;32,5537569205124;13,0034961462069
17,9939816666881;32,5660280923418;13,0173154992494
17,994120555577;32,5337798344655;12,9934116318863
17,9942591666881;32,5535542587851;13,0178247047769
17,9943986111325;32,5292587293396;13,0027908524071
17,9945369444659;32,5043329529227;13,0073424046805
17,9946761111325;32,494179535859;12,9873474003369
17,9948150000214;32,5099557150949;12,9721235455403
17,9949538889103;32,4711325177455;12,9775938233145
17,9950925000214;32,4811486587553;12,9915245919587
17,9952316666881;32,4771529221836;12,9866483089333
17,995370555577;32,4560765690174;12,9645583695041
17,9955094444659;32,4484269628306;12,9727898250441
17,995648055577;32,4263807188671;12,9687631507533
17,9957872222436;32,4272112731113;12,9592451325661
17,9959261111325;32,4257504611168;12,9745262266866
17,9960647222436;32,4030550906986;12,9524361565137
17,9962038889103;32,3963501684931;12,9445241223152
17,9963427777992;32,401621293444;12,9520384418846
17,9964816666881;32,38893532385;12,9387016798498
17,996620555577;32,3762166042227;12,9507914865484
17,9967594444659;32,3959984908949;12,9498778048549
17,9968983333547;32,3392619628292;12,9324018853153
17,9970372222436;32,3613933179176;12,9290988199716
17,9971761111325;32,3697443363026;12,9334934805696
17,9973147222436;32,351144755541;12,9405219964098
17,9974538889103;32,296015095464;12,9116962021008
17,997593055577;32,3263412437473;12,9275979463442
17,9977316666881;32,3183979533523;12,9267302524986
17,9978708333547;32,3065491951104;12,9244781669402
17,9980094444659;32,3076974801793;12,8993204936844
17,9981483333547;32,2687791218593;12,9049924437018
17,9982872222436;32,2913741963208;12,9026300774279
17,9984261111325;32,2773153001211;12,917362972241
17,9985650000214;32,2626483334057;12,9127537278692
17,9987038889103;32,2285408608704;12,9129569543301
17,9988427777992;32,2361784676266;12,8833520337811
17,9989816666881;32,21095022199;12,8910563012498
17,999120555577;32,1893001222355;12,8394988379415
17,9992594444659;32,1918161287422;12,8728698925885
17,9993986111325;32,2050697829055;12,887198375857
17,9995372222436;32,174371373822;12,8466664894195
17,9996761111325;32,1792637917385;12,8815383898141
17,9998150000214;32,1560232678307;12,8759831443261
17,9999538889103;32,1499028652164;12,8739846503227
18,0000925000214;32,1657538712931;12,8592976170026
18,0002313889103;32,1465716119322;12,8603617768909
18,0003702777992;32,1502545702439;12,8556361659575
18,0005091666881;32,1257923811841;12,8194987116916
18,0006483333548;32,119012900314;12,8332057349942
18,0007869444659;32,1246253199465;12,8183103901102
18,0009258333547;32,1108739342056;12,8394207596106
18,0010647222436;32,1021258239756;12,827545914472
18,0012038889103;32,1073864635635;12,8276895456101
18,0013425000214;32,0907963414332;12,7966636876542
18,0014813889103;32,0651503739956;12,8176117565858
18,0016202777992;32,0507958377661;12,7990598254158
18,0017591666881;32,0504834476745;12,7657888405822
18,001898055577;32,0261607579203;12,7780871417192
18,0020372222436;32,0430087605043;12,7457545079304
18,0021761111325;32,0277675737676;12,7525750942863
18,0023150000214;32,0150527043945;12,7496124333232
18,0024538889103;31,9991369839424;12,800725640716
18,0025927777992;32,0288435612629;12,7421508013506
18,0027313889103;32,0282962618898;12,7412369143451
18,002870555577;32,0061091846731;12,7569769827929
18,0030091666881;31,9784291569241;12,7355310056397
18,003148055577;31,9642246505607;12,718957039223
18,0032872222436;31,9606823211856;12,7570271836991
18,0034261111325;31,9733515576604;12,7220588746266
18,0035650000214;31,9514157338863;12,7538362327992
18,0037036111325;31,9763302670281;12,7336326508047
18,0038427777992;31,9491396088164;12,7158900773605
18,0039813889103;31,9366930006996;12,7107252085701
18,004120555577;31,9378865311737;12,6908368998444
18,0042594444659;31,9349806235098;12,6982517137157
18,004398055577;31,9163926061568;12,6765084996342
18,0045372222436;31,9144502683585;12,7024293769413
18,0046758333547;31,8838009089837;12,6893936716052
18,0048147222436;31,8961742243664;12,6716048153224
18,0049538889103;31,8604205957133;12,6680868800117
18,0050927777992;31,8535304788448;12,6858943306804
18,0052316666881;31,8717060809291;12,6781784798949
18,0053702777992;31,8283588443568;12,6590393458665
18,0055094444659;31,8249002749495;12,6636420196088
18,005648055577;31,8424620538781;12,6827811616511
18,0057872222436;31,8113049295567;12,6555788900916
18,0059261111325;31,7988370546191;12,6587383718688
18,0060650000214;31,7908933770434;12,6195924313224
18,0062041666881;31,7799703243402;12,6618791218625
18,0063427777992;31,785085552161;12,6601815478087
18,0064816666881;31,7750491010381;12,6457026665327
18,006620555577;31,7741624858144;12,6164516736114
18,0067594444659;31,7240542205001;12,6221113873098
18,0068983333547;31,7584026850791;12,6300240319057
18,0070372222436;31,7539730463644;12,6074819970734
18,0071761111325;31,7306034533475;12,6118377576467
18,0073150000214;31,7213371393167;12,6188088440542
18,0074538889103;31,6965119015983;12,6114791667153
18,0075927777992;31,6742081580771;12,6113287016822
18,0077316666881;31,6756026012304;12,6182610239768
18,007870555577;31,687970747046;12,6061782104717
18,0080094444659;31,6611315069282;12,6103758178697
18,008148055577;31,6393124094439;12,5892458094683
18,0082872222436;31,6667546393161;12,5950017691493
18,0084261111325;31,6454990137764;12,5879919837157
18,0085650000214;31,662748652042;12,5984623596862
18,0087038889103;31,6311840005159;12,5846430876326
18,0088427777992;31,621343195929;12,5982541984584
18,0089816666881;31,6260797222126;12,5764650099503
18,009120555577;31,6227772221454;12,566136969564
18,0092594444659;31,5747441767858;12,558987883771
18,0093983333547;31,601416253575;12,5536215345105
18,0095372222436;31,5763898250143;12,5685053447598
18,0096763889103;31,5892547892693;12,5556201086127
18,0098150000214;31,5844897043385;12,5784746536823
18,0099538889103;31,5685625655223;12,5569781669073
18,0100925000214;31,5398484825438;12,5527150510033
18,0102319444659;31,5282061578716;12,5534210807263
18,010370555577;31,5205855645032;12,5326694667822
18,0105094444659;31,5121673308901;12,545952115498
18,0106483333547;31,5210371357184;12,5268595736392
18,0107872222436;31,5176902288842;12,5532706551812
18,0109261111325;31,4882902137516;12,4894875096585
18,0110650000214;31,4518883808592;12,5067755466254
18,0112041666881;31,4710959045842;12,5271603968145
18,0113427777992;31,4574959003481;12,524614088091
18,0114816666881;31,4527591971718;12,4962893194069
18,0116202777992;31,4687425630996;12,5126816978209
18,0117591666881;31,4465444242001;12,4910348250002
18,011898055577;31,4200461314087;12,4838279981123
18,0120372222436;31,4398387272755;12,4711975685989
18,0121758333547;31,4263728926339;12,492694118942
18,0123150000214;31,4165591772763;12,4875355098384
18,0124536111325;31,3928108211839;12,4746114597728
18,0125925000214;31,3848384573806;12,4896928905786
18,0127313889103;31,3784960572457;12,4742528495419
18,0128702777992;31,3349373145773;12,4910348250002
18,0130091666881;31,3608943147079;12,4507191029555
18,013148055577;31,3362310154337;12,460472268791
18,0132872222436;31,345597689283;12,4537093968257
18,0134258333548;31,3113050191254;12,437918685939
18,0135650000214;31,3181950056336;12,4355037519091
18,0137036111325;31,3230876848141;12,426742220863
18,0138427777992;31,3195002772392;12,4285517458123
18,0139813889103;31,3015595085486;12,4173835165442
18,014120555577;31,3065645740458;12,4344661886358
18,0142591666881;31,2841252082778;12,4182317953868
18,014398055577;31,2884831230444;12,4115076043969
18,0145369444659;31,2866418041055;12,4109214915114
18,0146761111325;31,2720191445498;12,3950842430305
18,0148147222436;31,2719083324683;12,4021021573477
18,0149536111325;31,2349548231163;12,4082055528415
18,0150925000214;31,2550770158207;12,3749463372243
18,0152319444659;31,240594761602;12,3780401016151
18,0153702777992;31,2294320647213;12,3715780765823
18,0155091666881;31,2317514888019;12,3686926202231
18,0156483333548;31,2285608827239;12,3684373806282
18,0157869444659;31,2137268770281;12,3719366906742
18,0159263889103;31,2042494952896;12,3514401514664
18,0160647222436;31,1859839577559;12,3504485109806
18,0162038889103;31,1725005851267;12,3475822260738
18,016343055577;31,187585896746;12,3516100271762
18,0164813889103;31,1645447918445;12,3365559723931
18,016620555577;31,1601431351439;12,3410732875324
18,0167594444659;31,1576664422992;12,3183698011775
18,0168983333547;31,1407798652311;12,3347161603193
18,0170369444659;31,1311502768826;12,3256994410995
18,0171761111325;31,1341746476171;12,3341601284252
18,0173147222436;31,1329363011947;12,3037947728664
18,0174536111325;31,0868609457154;12,3119077761447
18,0175927777992;31,0712127229249;12,3207270945616
18,0177316666881;31,0899405947647;12,3072664790766
18,017870555577;31,0560462886294;12,2962487977907
18,0180091666881;31,0982366028391;12,3039646485762
18,0181483333547;31,0712679649857;12,3005037889068
18,0182872222436;31,0529200708273;12,2896748813594
18,0184261111325;31,0489885181963;12,2786100623032
18,0185647222436;31,0420985969361;12,3012016148557
18,0187036111325;31,0085647378575;12,2645286346198
18,0188427777992;31,0317623396969;12,2677811547557
18,0189813889103;30,9820485525018;12,2681782519809
18,0191208333547;30,9873201662763;12,2599534334423
18,0192594444659;31,0009561387942;12,2569522526247
18,0193983333548;30,9886537701158;12,2634251354926
18,0195372222436;30,9733022770059;12,2630665008355
18,0196761111325;30,9461105077238;12,2650848246173
18,0198150000214;30,9218144613471;12,2547452341621
18,0199538889103;30,936688744998;12,2448419419328
18,0200927777992;30,9412848679186;12,2428708249413
18,0202316666881;30,9322181985905;12,242276269496
18,020370555577;30,9237684201118;12,2494831605516
18,0205094444659;30,901876430701;12,2415205510538
18,0206486111325;30,9190986602614;12,2408141408303
18,0207872222436;30,8967445244822;12,2205908666741
18,0209261111325;30,9061783516982;12,2508873087694
18,0210650000214;30,8568955668924;12,2356639258613
18,0212041666881;30,8822340398421;12,2137792314458
18,0213427777992;30,8684272102793;12,2332773082427
18,0214813889103;30,8376210312097;12,1989330730448
18,021620555577;30,8404617790083;12,2314473593407
18,0217594444659;30,851272056613;12,1975936290561
18,0218983333547;30,8088968417368;12,2105176791217
18,0220372222436;30,7927962045314;12,201846787087
18,0221763889103;30,823685428486;12,1906699493989
18,0223150000214;30,8073617099983;12,1972822374489
18,0224538889103;30,7844327207156;12,1877093296445
18,0225927777992;30,7981966809215;12,1782010079177
18,0227316666881;30,7448928329425;12,2043006593911
18,022870555577;30,7648857813199;12,1774454089781
18,0230094444659;30,730370009927;12,1833127590631
18,0231483333548;30,7427276690595;12,174899542475
18,0232875000214;30,714453190894;12,1786992347307
18,0234261111325;30,6700149378736;12,1764920735806
18,0235650000214;30,7022758858475;12,1693234956557
18,0237038889103;30,6797256504288;12,1508368697191
18,0238425000214;30,660397382957;12,1614573580707
18,0239819444659;30,6300986698324;12,1469789443263
18,024120555577;30,6199734774696;12,1396128882686
18,0242594444659;30,6116771302677;12,1493363447071
18,024398055577;30,6094570093589;12,1423271895327
18,0245369444659;30,590405525938;12,1469406740169
18,0246758333547;30,5933293068302;12,1520524251623
18,0248150000214;30,6038457854562;12,141234241449
18,0249536111325;30,553581182996;12,1313005434962
18,0250925000214;30,5527094259033;12,1355171332038
18,0252313889103;30,5813080269081;12,1319059032051
18,025370555577;30,5477190639119;12,0925236366569
18,0255091666881;30,5301715055754;12,1116341396072
18,0256483333547;30,5458195427933;12,1421388539777
18,0257869444659;30,5354162075055;12,0901753954089
18,0259258333548;30,5165329832773;12,1052590871619
18,0260647222436;30,5283706028507;12,1150213165954
18,0262036111325;30,4998851909256;12,0903733106054
18,0263425000214;30,5022061214061;12,0936746487549
18,0264816666881;30,4896503964062;12,0934386194552
18,0266202777992;30,4859373396903;12,0894304625633
18,0267597222436;30,4826470426407;12,0919858238723
18,0268983333548;30,4555960571973;12,0846575029364
18,0270369444659;30,462289833105;12,068678575775
18,0271758333548;30,4568344036196;12,0741489924916
18,0273150000214;30,4577209076185;12,0338341362342
18,0274536111325;30,4310614286812;12,0501810611054
18,0275927777992;30,4292607800504;12,0540389864981
18,0277313889103;30,4243550954469;12,0315504987661
18,027870555577;30,4254925923782;12,0262885518111
18,0280091666881;30,4208688850511;12,0435105440709
18,028148055577;30,388824078867;12,0490393001104
18,0282869444659;30,3807842283692;12,0200347419205
18,0284258333547;30,366625629622;12,0152512405692
18,0285650000214;30,3702523875367;12,0124588449388
18,0287038889103;30,333935784208;12,0049312901437
18,0288425000214;30,3372385290396;11,9820303894653
18,0289816666881;30,2966184041152;11,9915567008406
18,0291202777992;30,3181743728148;11,9888129397256
18,0292594444659;30,2890731131553;11,9858601034585
18,029398055577;30,2738191970412;11,983642891131
18,0295372222436;30,2669698199837;11,9836526727802
18,0296758333548;30,2714561844839;11,9650600784519
18,0298150000214;30,2640460076364;11,9662221483507
18,0299538889103;30,2466395438945;11,9597398195385
18,0300925000214;30,2424225739538;11,9612121846608
18,0302316666881;30,2349981568373;11,945111440183
18,0303702777992;30,235728959577;11,9689659737392
18,0305097222436;30,2286835170746;11,9346413457146
18,0306483333548;30,2045705663984;11,9318491479604
18,0307872222436;30,2099839101962;11,9263786860892
18,0309258333548;30,1817087862934;11,9301505459288
18,0310650000214;30,1892745966274;11,9250284122018
18,0312041666881;30,1976807567761;11,9152657371179
18,0313427777992;30,1713605407941;11,8952587338687
18,0314816666881;30,1807270406064;11,9129561899586
18,031620555577;30,1789263792671;11,9163795447782
18,0317597222436;30,1691533517447;11,8938166912659
18,0318983333548;30,1469547403288;11,8866577764465
18,0320372222436;30,1484987606891;11,8600489438469
18,0321758333547;30,1618440531787;11,9042591615963
18,0323152777992;30,1508745559458;11,8670197894907
18,0324538889103;30,1382514621636;11,8855540432478
18,0325927777992;30,1313616797054;11,8732457293214
18,0327313889103;30,1030993838858;11,8629532881241
18,032870555577;30,1086961239673;11,8936183073772
18,0330097222436;30,0824306157406;11,8974865314095
18,0331483333547;30,0581342969245;11,859812922956
18,0332872222436;30,067568367306;11,8576534517297
18,0334261111325;30,0818684097649;11,8732457293214
18,0335650000214;30,0652936191888;11,8479284418731
18,0337038889103;30,0355967326045;11,869377328499
18,0338427777992;30,0614833225046;11,8456830619567
18,0339813889103;30,0444556723952;11,8359959472292
18,034120555577;30,036456136488;11,830787747949
18,0342594444659;30,0165728994176;11,823837768669
18,0343983333548;30,0254041889744;11,8490429807437
18,0345372222436;29,9836871606429;11,8295339221964
18,0346761111325;30,0049040905356;11,8363066327782
18,0348150000214;29,9973252397448;11,820488599576
18,0349538889103;29,9727637897598;11,8427788444931
18,0350927777992;29,9358112529147;11,8330539144337
18,0352316666881;29,9383701526524;11,8425323553129
18,035370555577;29,9211321867969;11,8225252669346
18,0355094444659;29,9268977742772;11,8113689058181
18,035648055577;29,9280219555679;11,8049068807854
18,0357869444659;29,889785277252;11,8139521480176
18,0359261111325;29,9028871045825;11,7810520382097
18,0360650000214;29,9096466734315;11,8016333371606
18,0362038889103;29,8979263373369;11,7907290049671
18,0363427777992;29,8814468041778;11,8021318630063
18,0364816666881;29,8945356539234;11,7828631488763
18,036620555577;29,8632949491643;11,7759301003822
18,0367594444659;29,8614268004931;11,7574978368513
18,0368983333547;29,865501855208;11,7815992484384
18,0370372222436;29,86364684932;11,7777513977309
18,0371761111325;29,847533085034;11,7424520929914
18,0373150000214;29,8208471408068;11,7646773542753
18,0374536111325;29,8386195500832;11,7639699925727
18,0375927777992;29,8258957839133;11,7342103979638
18,0377316666881;29,8069998773568;11,7623196961601
18,0378702777992;29,7839963878255;11,7308888214222
18,0380091666881;29,8275405535931;11,7435765689897
18,038148055577;29,8030885335034;11,7190787427459
18,0382869444659;29,7736482231278;11,7314562930183
18,0384258333548;29,7762201733896;11,7240891208599
18,0385647222436;29,771468860777;11,71712842381
18,0387038889103;29,7500552366293;11,7198348362295
18,0388427777992;29,764341812936;11,7312098514935
18,0389816666881;29,7589685652858;11,7226366217857
18,0391202777992;29,7304010665595;11,7161644940647
18,0392594444659;29,7391454051649;11,6987826809079
18,0393983333548;29,7041897017155;11,7115727600601
18,0395372222436;29,7235523182726;11,7134692593315
18,0396758333547;29,7054147711602;11,6958298173583
18,0398150000214;29,714848963219;11,6873371477043
18,0399538889103;29,6974284783228;11,669917660992
18,0400925000214;29,694193521655;11,7049608331232
18,0402313889103;29,6976385727691;11,6860456329013
18,0403702777992;29,6741739828583;11,6803387815648
18,0405094444659;29,6573833555946;11,6642483544325
18,040648055577;29,6520838945595;11,6592389456325
18,0407872222436;29,6547569509739;11,6309796421309
18,0409258333548;29,655684244825;11,650290736126
18,0410650000214;29,614657407879;11,6649558475181
18,0412038889103;29,6206606656567;11,6241312562697
18,0413427777992;29,6259600945865;11,6333373640115
18,0414813889103;29,6155847423244;11,6158691917243
18,041620555577;29,5939885888676;11,6243776501224
18,0417594444659;29,6021436955695;11,6083898204305
18,0418986111325;29,5705785119555;11,6091448408834
18,0420372222436;29,54905033569;11,6137479135659
18,0421763889103;29,5620714841316;11,5927591531377
18,0423150000214;29,5436965290355;11,5872021795852
18,0424536111325;29,5265404675517;11,5911465624511
18,0425927777992;29,5204576096619;11,5864960938268
18,0427313889103;29,5100959168829;11,5684701712117
18,042870555577;29,4994232703603;11,5912707366194
18,0430094444659;29,4796272168694;11,5722157004215
18,0431483333548;29,4886688840955;11,5441179507598
18,0432872222436;29,4781244193429;11,5707155007839
18,0434261111325;29,5002147625205;11,5646240560705
18,0435647222436;29,4702940135263;11,5343560327297
18,0437041666881;29,4619968073064;11,55072984192
18,0438427777992;29,4577802569826;11,5431638691886
18,0439813889103;29,4448742017085;11,5347028604484
18,044120555577;29,4503700548724;11,5501247394713
18,0442591666881;29,4184932762357;11,5384011052168
18,0443983333547;29,4489351790649;11,5503710576098
18,0445369444659;29,4252001925578;11,5298909172845
18,0446761111325;29,4121110292897;11,5385607858411
18,0448150000214;29,4060944520016;11,5330902568776
18,0449541666881;29,4204082236929;11,5176705054062
18,0450925000214;29,3892087785406;11,5424088886859
18,0452316666881;29,4144460008096;11,5305354082834
18,045370555577;29,3870429685807;11,5162076982466
18,0455094444659;29,3737982499998;11,5152633473808
18,0456483333547;29,3569667839016;11,4883979331878
18,0457875000214;29,3508962814191;11,5176705054062
18,0459261111325;29,3447235647531;11,5003679094345
18,0460652777992;29,325502739528;11,5073505549806
18,0462038889103;29,2931054067807;11,496172875689
18,0463427777992;29,2992506973404;11,476278170432
18,0464816666881;29,3046512852057;11,4934189457076
18,046620555577;29,2787101746999;11,4812871848511
18,0467594444659;29,2613031780033;11,4942646648359
18,0468983333548;29,2764901731373;11,492268032062
18,0470372222436;29,2487351813656;11,4691673979399
18,0471761111325;29,2342249609122;11,46361016921
18,0473150000214;29,2257321151237;11,4838069534654
18,0474538889103;29,2179550920844;11,4658083977185
18,0475925000214;29,2027007704016;11,4784958716781
18,0477316666881;29,2052456968407;11,4520266265416
18,0478702777992;29,1752706734245;11,473137845934
18,0480094444659;29,1792363691104;11,4435655882146
18,0481483333547;29,1748646543901;11,4525943932179
18,0482872222436;29,166215177335;11,4481906118901
18,0484258333548;29,1700254740192;11,4531306180757
18,0485650000214;29,1565841727087;11,4500770873671
18,0487036111325;29,150439556058;11,4395205286196
18,0488425000214;29,1583851212311;11,4500276132474
18,0489813889103;29,1294268664315;11,4198720967008
18,049120555577;29,1509600337901;11,4222672149339
18,0492594444659;29,139673469854;11,4447287278998
18,0493983333547;29,1198099811166;11,4220801471819
18,0495369444659;29,144837781614;11,4572471663521
18,0496758333548;29,0971846292784;11,4272291437913
18,0498150000214;29,0870062692235;11,425192850201
18,0499536111325;29,1187269891192;11,386850220706
18,0500927777992;29,0960078917975;11,4140524589603
18,0502313889103;29,0834324696364;11,4026779553258
18,050370555577;29,1084060293748;11,4184312557682
18,0505094444659;29,0888060091204;11,4092652471253
18,0506483333548;29,0614441227425;11,3844055619015
18,0507872222436;29,0711894444906;11,3774845588576
18,0509258333547;29,0550223665551;11,3824561014811
18,0510650000214;29,038189208747;11,3715904383387
18,0512038889103;29,0498166550984;11,3952617371849
18,0513425000214;29,0340140867137;11,3724854358624
18,0514813889103;29,0300484395473;11,3625986290873
18,0516202777992;29,0191248723269;11,3674108191868
18,0517591666881;29,0149086372801;11,319266435466
18,051898055577;29,0131629844056;11,3473293170992
18,0520369444659;28,9655985194329;11,3455266908414
18,0521761111325;28,9726433935182;11,3519419831462
18,0523150000214;28,9806844002795;11,3364605661685
18,0524541666881;28,9701127910826;11,3067408798139
18,0525927777992;28,964658306693;11,3166893169139
18,0527319444659;28,9238819408031;11,3229374250444
18,052870555577;28,9395146288492;11,3236329642377
18,0530094444659;28,9320637338319;11,3255320386304
18,053148055577;28,9192992399399;11,3113409574466
18,0532872222436;28,9320637338319;11,3267732732241
18,0534261111325;28,8846153661553;11,3152485424491
18,0535647222436;28,8663070665977;11,2779231142746
18,0537038889103;28,8805336459589;11,2752064023009
18,053843055577;28,8953544517621;11,2654078272023
18,0539816666881;28,8951452038216;11,2740651888818
18,054120555577;28,8648327962711;11,2854395028498
18,0542594444659;28,8423230200691;11,2615499018096
18,0543983333548;28,8119338952234;11,2449013979226
18,0545375000214;28,8331658822658;11,2492181097607
18,0546761111325;28,8356425751105;11,2301279888711
18,0548150000214;28,8107575617606;11,2397398378993
18,0549541666881;28,7931949559055;11,2522308127186
18,0550927777992;28,7824413700977;11,22982853108
18,0552316666881;28,7837873191253;11,2115836219471
18,0553708333547;28,7875852706213;11,2110845568457
18,0555097222436;28,768569064729;11,2356855583833
18,0556486111325;28,772654594919;11,2184415845429
18,0557872222436;28,743830936896;11,2255248088783
18,0559261111325;28,7492193189543;11,1774302373241
18,0560652777992;28,7682708023752;11,2059262780688
18,0562041666881;28,7495713215751;11,2066809787237
18,0563425000214;28,7412196472746;11,1669976219698
18,0564816666881;28,7256118615349;11,1774302373241
18,056620555577;28,7272853827357;11,2029727762569
18,0567594444659;28,6870162255853;11,1754587408537
18,0568983333547;28,696734433487;11,2020313847709
18,0570372222436;28,6869477068647;11,1724682052242
18,0571763889103;28,6788736939495;11,1912029169961
18,0573152777992;28,6971550197745;11,1824293235407
18,0574541666881;28,6703128878412;11,1818837424499
18,0575927777992;28,6601351702454;11,1513197493383
18,0577319444659;28,6653781545584;11,1676689077513
18,057870555577;28,6481284119808;11,1497295546752
18,0580094444659;28,6452044538704;11,1669370751197
18,0581483333548;28,6456102302128;11,164184430227
18,0582872222436;28,6289216912543;11,150579751485
18,0584263889103;28,6412389159344;11,1555365107205
18,0585650000214;28,6069314764973;11,1322862425547
18,0587038889103;28,5807964144157;11,1464171270775
18,058843055577;28,6180251253172;11,109687298639
18,0589816666881;28,5871370404573;11,1462580861709
18,059120555577;28,5898908647432;11,1462035587507
18,0592594444659;28,5906369317465;11,1316937534642
18,059398055577;28,581160504898;11,1280802339414
18,0595369444659;28,5601545582733;11,1226313703509
18,0596761111325;28,5656088641917;11,1162398229434
18,0598150000214;28,5454205905136;11,1205064341746
18,0599538889103;28,5356488175172;11,1002623275947
18,0600927777992;28,5350728542057;11,0870482771361
18,0602313889103;28,5276611182635;11,1046660467653
18,060370555577;28,477566377644;11,110468951855
18,0605091666881;28,5100599269659;11,1058754285957
18,0606483333547;28,4989659083919;11,1295180314272
18,0607875000214;28,5176805203342;11,0860675737461
18,0609261111325;28,4781539144801;11,0789735825992
18,0610650000214;28,4650523377942;11,0875991194489
18,0612038889103;28,4621012879726;11,0662768514573
18,0613427777992;28,4568974439902;11,0629964074191
18,0614813889103;28,420438494884;11,0851894723953
18,061620555577;28,4288917633616;11,0791044533881
18,0617591666881;28,4220825611928;11,0516092623601
18,061898055577;28,3971710434659;11,0720033101893
18,0620369444659;28,4209608046789;11,0570726723778
18,0621761111325;28,377375870556;11,0550140500245
18,0623150000214;28,3877096299456;11,0472058517129
18,0624538889103;28,37747739977;11,0592965722986
18,0625927777992;28,3693495736938;11,027380108529
18,0627313889103;28,3689439187761;11,070990050826
18,0628702777992;28,3727542154602;11,045379236524
18,0630094444659;28,354615619665;11,0274461495232
18,0631483333548;28,3375752264626;11,0201502859858
18,0632872222436;28,3359048568297;11,0221612337209
18,0634261111325;28,3517067450891;11,0384925912288
18,0635650000214;28,3280122327905;11,0201718258859
18,0637036111325;28,3086985269831;10,9860392334856
18,0638427777992;28,3286746565903;11,0116772185674
18,0639816666881;28,3136302886656;10,9650946336198
18,064120555577;28,2994875398682;10,9760562391307
18,0642594444659;28,2803042591547;10,9838165338384
18,0643983333547;28,2732962707267;10,9781220487793
18,0645372222436;28,2767656682463;10,9680034322747
18,0646763889103;28,2651795894635;10,974618795685
18,0648150000214;28,261342810907;10,9601234738005
18,0649541666881;28,2695123417066;10,9567235058924
18,0650927777992;28,2288374246032;10,9615072252274
18,0652316666881;28,233378892398;10,9601569513399
18,0653702777992;28,2162217024934;10,9442239825526
18,0655097222436;28,2234367381214;10,9556337135881
18,0656486111325;28,2136117453379;10,9487610692608
18,0657869444659;28,1915191241697;10,9509408679685
18,0659261111325;28,1631878978312;10,948419176802
18,0660650000214;28,1818910254422;10,9214622227356
18,0662038889103;28,1725847663944;10,9359773674105
18,0663427777992;28,1584648004346;10,9429701568
18,0664816666881;28,1288989349878;10,8918958065781
18,0666202777992;28,1405229687244;10,9131840114757
18,0667594444659;28,1252971190338;10,8970608446266
18,0668983333548;28,099132209354;10,9140134350744
18,0670372222436;28,1093247529841;10,8923032708969
18,0671758333547;28,0927882818599;10,8703392114209
18,0673152777992;28,1072755013051;10,8982275294775
18,0674538889103;28,0831869292525;10,8920259275416
18,0675927777992;28,0867886916629;10,886152345722
18,0677319444659;28,0989770935182;10,8468374728124
18,067870555577;28,0545453375959;10,8800707063508
18,0680097222436;28,0714304284952;10,8590599727353
18,0681486111325;28,0488408203005;10,8745785695439
18,0682872222436;28,0577796236588;10,8676582855636
18,0684261111325;28,0216461579477;10,8744145594868
18,0685650000214;28,0383225903949;10,8383691722672
18,0687038889103;28,0224191085613;10,8703224300019
18,0688427777992;28,0012365669152;10,8577360772868
18,0689816666881;28,0031945920261;10,8550381191879
18,0691208333547;28,0167146641837;10,834614966647
18,0692594444659;27,9849121656927;10,8409732719073
18,0693983333547;27,9574073002215;10,8407391582648
18,0695375000214;27,9677014696247;10,8210953184329
18,0696763889103;27,9723601514782;10,8229208902936
18,0698152777992;27,9640773785493;10,8203167906535
18,0699538889103;27,9691103621844;10,8025413657319
18,070093055577;27,9285307024981;10,8398132321221
18,0702319444659;27,953346589884;10,7986834403393
18,070370555577;27,9292464633566;10,7944879536326
18,0705094444659;27,9314284260012;10,8091673306227
18,0706483333548;27,9107175654995;10,8080073323129
18,0707875000214;27,9267162843955;10,7942537884412
18,0709263889103;27,8800005554326;10,7982756732929
18,0710652777992;27,9128840795401;10,7682681006233
18,0712036111325;27,9126871049753;10,7918235554375
18,0713425000214;27,9093996211315;10,7927231505371
18,0714816666881;27,8786294162764;10,7825935532394
18,071620555577;27,8833677590598;10,7668239787456
18,0717591666881;27,8582482629664;10,778163796937
18,0718983333547;27,854240954269;10,7844354948252
18,0720372222436;27,8466737149222;10,7754658182871
18,0721758333548;27,8319815658742;10,7736402204502
18,0723150000214;27,8535097421397;10,7715378864761
18,0724538889103;27,8093282664994;10,772697817707
18,0725927777992;27,7913600218681;10,7610540623307
18,0727319444659;27,8085593631687;10,7415229915558
18,072870555577;27,7887504901209;10,7596098784083
18,0730094444659;27,7782058648941;10,7413162946791
18,073148055577;27,7506475232792;10,7496979142182
18,0732872222436;27,7680928055419;10,7344727918645
18,0734261111325;27,7461173100193;10,735060966523
18,0735650000214;27,7461592416775;10,716654587105
18,0737036111325;27,7255819516689;10,7245770955507
18,0738427777992;27,7410312279803;10,7568684246272
18,0739813889103;27,7195889355935;10,7344727918645
18,074120555577;27,6977086843507;10,7199244906277
18,0742591666881;27,6960230068183;10,7131348083283
18,0743983333548;27,6891598504276;10,7279945872889
18,0745369444659;27,7024052537642;10,7072769869708
18,0746761111325;27,6742334322785;10,7246387870644
18,0748150000214;27,6668052046157;10,7304509810436
18,0749538889103;27,6472624168821;10,70855725444
18,0750925000214;27,6584851769153;10,7272162360118
18,0752316666881;27,6648514048485;10,7144312453073
18,075370555577;27,6533412763916;10,7226225573257
18,0755094444659;27,6663139003029;10,6789476770509
18,075648055577;27,637998227504;10,6993111859994
18,0757872222436;27,6392626558973;10,6824778667132
18,0759263889103;27,6281418151736;10,702269540366
18,0760650000214;27,6312899796478;10,6795975081045
18,0762038889103;27,5823147963443;10,6951850830045
18,0763425000214;27,6099523182165;10,6712855806113
18,0764813889103;27,6161375100542;10,6546940048273
18,076620555577;27,6196864771788;10,6754977480735
18,0767594444659;27,5935746040986;10,6820111459888
18,0768983333547;27,6025288013063;10,6746495524997
18,0770372222436;27,6054267955883;10,6745017174927
18,0771763889103;27,5600131953159;10,6548844250638
18,0773150000214;27,5739629169688;10,6434318920616
18,0774538889103;27,5544415290261;10,6590700159218
18,077593055577;27,5551195504232;10,6737074841725
18,0777316666881;27,5340723854434;10,6436921512595
18,0778702777992;27,5382769426209;10,6673419072745
18,0780094444659;27,5321559565141;10,6506807877784
18,0781483333548;27,5295308218426;10,6252589966747
18,0782872222436;27,546586644078;10,6258467962819
18,0784258333547;27,4929325713142;10,6261156882512
18,0785650000214;27,5063430627872;10,6349644660478
18,0787038889103;27,4804182883493;10,5973970465469
18,0788427777992;27,4905155745623;10,6190730976532
18,0789816666881;27,492553382411;10,6235812137287
18,079120555577;27,4686082136516;10,6178974158471
18,0792594444659;27,4722213855294;10,6303010682021
18,0793986111325;27,4876596970725;10,6060550910046
18,0795372222436;27,4197526089591;10,6087372414584
18,0796761111325;27,4259907540242;10,5814983119843
18,0798150000214;27,4460725751924;10,58757929978
18,0799538889103;27,392936430289;10,5899656606607
18,080093055577;27,4319678243676;10,5642722528883
18,0802316666881;27,422479492655;10,5626800081778
18,080370555577;27,4142730534374;10,5741258903316
18,0805094444659;27,3747603593952;10,5616681532482
18,0806483333547;27,390577957486;10,5758417594045
18,0807872222436;27,3653250423926;10,5404161618541
18,0809261111325;27,3811426063411;10,5413669643205
18,0810650000214;27,3695145322385;10,5428025227348
18,0812038889103;27,3116818534992;10,4973372473247
18,081343055577;27,3248743892756;10,5212473908527
18,0814816666881;27,3247031873824;10,5101761769602
18,081620555577;27,3435631493255;10,5213687605862
18,0817594444659;27,3322871358103;10,5155211849599
18,0818983333548;27,33319921038;10,4767086741784
18,0820372222436;27,324666542442;10,5187915568727
18,0821761111325;27,3130807758522;10,5145098384078
18,0823150000214;27,2880097688563;10,4997351994327
18,0824536111325;27,2680720522385;10,5136798057273
18,0825927777992;27,3007213046243;10,4834133733686
18,0827316666881;27,2772468300754;10,5009890251853
18,082870555577;27,2864086990631;10,4925373578314
18,0830091666881;27,2420015857469;10,490532253371
18,0831483333547;27,2778761507922;10,4795460306728
18,0832869444659;27,2515562149212;10,4708883310204
18,0834258333547;27,245864689847;10,4464328130854
18,0835650000214;27,2370820971105;10,4952897091294
18,0837038889103;27,2360242805071;10,4568741490704
18,0838425000214;27,2152108763262;10,4567104552022
18,0839813889103;27,2331426459562;10,4554566294496
18,0841202777992;27,2157344506639;10,4337689325729
18,0842591666881;27,2244128606357;10,4537943786764
18,084398055577;27,2258485524106;10,4644686142963
18,0845372222436;27,2052426459701;10,4381989636
18,0846758333548;27,1964328615936;10,44132106194
18,0848147222436;27,1674389401921;10,4324032460136
18,0849536111325;27,1811916748569;10,4265556440731
18,0850927777992;27,1795846023292;10,4186491867196
18,0852316666881;27,1847026782164;10,4311494202609
18,085370555577;27,1637835039153;10,4353194480062
18,0855094444659;27,1622097672667;10,4221797437229
18,085648055577;27,1435465664025;10,4072237914658
18,0857869444659;27,1279170971092;10,4216075791746
18,0859258333548;27,1444327916889;10,4217409273999
18,0860650000214;27,1331630855683;10,4263919695521
18,0862036111325;27,0899689498851;10,4205174513936
18,0863427777992;27,1295075923652;10,4004766547616
18,0864813889103;27,1173196933628;10,3962374746714
18,086620555577;27,1131998427012;10,3938239920864
18,0867594444659;27,1117370186213;10,3790067136078
18,0868983333547;27,1073772024096;10,4019483933592
18,0870372222436;27,09680541875;10,4044831043888
18,0871758333547;27,0782116357437;10,3899660666937
18,0873150000214;27,0529751914347;10,3719151091022
18,0874538889103;27,0845053954778;10,3885485743356
18,0875927777992;27,0477955258547;10,3717665988772
18,0877316666881;27,0447948690112;10,3627818207941
18,087870555577;27,05108185854;10,3506357685797
18,0880094444659;27,018122792222;10,36973471633
18,0881486111325;27,0264747784117;10,3929093282107
18,0882872222436;26,9955349679025;10,3463541674062
18,0884261111325;27,00903089573;10,362194607748
18,0885650000214;27,0030891962934;10,3605172159291
18,0887038889103;26,9737923901363;10,3639663397676
18,0888427777992;26,9846807813986;10,3462599052406
18,0889816666881;26,9597043998103;10,3543300742835
18,089120555577;26,9458989532665;10,3458783331183
18,0892594444659;26,9478516979476;10,3186821711049
18,0893983333548;26,9460709158473;10,3400828732722
18,0895369444659;26,9177742253884;10,3493125903561
18,0896761111325;26,9365925913902;10,3148242457121
18,0898150000214;26,919733805412;10,324366178637
18,0899538889103;26,9057309650977;10,3111149167637
18,090093055577;26,9172316027222;10,333541649198
18,0902316666881;26,87886895725;10,3174283453522
18,090370555577;26,9019904159855;10,3190215089424
18,0905094444659;26,8783545656034;10,3261650379998
18,0906483333547;26,8961577890757;10,2898355604029
18,0907872222436;26,8647565610454;10,2908986758551
18,0909261111325;26,8762300334679;10,2943750291255
18,0910650000214;26,8454739105622;10,2848180920216
18,0912036111325;26,8637939600475;10,2771715664292
18,0913427777992;26,8514869031914;10,2764086349341
18,0914816666881;26,8383775577715;10,2904329684928
18,091620555577;26,8329167776447;10,2830192132997
18,0917594444659;26,8533688054545;10,2464024305053
18,0918983333547;26,8391090301648;10,277605366562
18,0920372222436;26,8322279909481;10,2745525846341
18,0921761111325;26,806459347232;10,2585485284116
18,0923150000214;26,8213212598257;10,2679418337993
18,0924538889103;26,8137006664574;10,2592993849071
18,0925927777992;26,7911483270194;10,2498912052929
18,0927316666881;26,7924819308588;10,2366820065976
18,0928708333547;26,773430447438;10,2567917334018
18,0930094444659;26,7773954827341;10,221223100237
18,0931483333548;26,7481163729159;10,2395712548673
18,0932872222436;26,776286405895;10,2332056779694
18,0934261111325;26,7634099705106;10,2291150681652
18,0935652777992;26,7648982681758;10,2251082304195
18,0937038889103;26,7051718676515;10,2305324079839
18,0938427777992;26,7351126472933;10,2025058279251
18,0939819444659;26,7225629867044;10,2259931097985
18,0941208333547;26,7432748344931;10,1970439419117
18,0942591666881;26,6968296725391;10,2030237262704
18,0943983333548;26,704440409039;10,2138468806604
18,0945372222436;26,6866971627982;10,193186016519
18,0946758333547;26,6880901948187;10,2062002002204
18,0948150000214;26,6701223722221;10,173785278733
18,0949536111325;26,6859310065683;10,1905819168789
18,0950925000214;26,6287588292844;10,1816919797797
18,0952316666881;26,6581322411014;10,1641488134398
18,0953702777992;26,6373433868037;10,1722988856845
18,0955091666881;26,6399921911412;10,170705193933
18,0956483333547;26,6278298260213;10,1805325767682
18,0957872222436;26,6168210843347;10,1525750372616
18,0959258333548;26,5831899345588;10,1500926070362
18,0960647222436;26,6268160888656;10,1528457916255
18,0962038889103;26,5959641153169;10,1451299408401
18,0963425000214;26,5371666290787;10,1517554329683
18,0964816666881;26,5714245023173;10,1342374720556
18,0966202777992;26,5676142056331;10,1300942736605
18,0967594444659;26,5601482369032;10,1469706512452
18,096898055577;26,5558563373881;10,1267542149198
18,0970369444659;26,5766530221285;10,1238922146441
18,0971758333548;26,5405628248324;10,1236322486278
18,0973147222436;26,5474790004283;10,1373866757714
18,0974538889103;26,5218729939321;10,0975954356758
18,0975927777992;26,5371318321598;10,1139957833344
18,0977313889103;26,5177010447274;10,1105030817305
18,097870555577;26,490522137733;10,1046025876805
18,0980091666881;26,4773642256943;10,1092908666688
18,0981483333548;26,5182602254436;10,0982623177685
18,0982872222436;26,4938757881991;10,0818093840946
18,0984261111325;26,5024598579907;10,095712909468
18,0985647222436;26,4923196401796;10,088514885702
18,0987036111325;26,4945393901249;10,0894418125005
18,0988425000214;26,4535734258685;10,0849696278115
18,0989813889103;26,4653741796176;10,0947860137952
18,0991202777992;26,4599733243054;10,0886641292775
18,0992591666881;26,4530571566364;10,0628322675572
18,0993983333547;26,4343149188335;10,0634992324388
18,0995372222436;26,4479655535805;10,0541062246697
18,0996758333548;26,435777940361;10,0730142137697
18,0998147222436;26,4420055748639;10,0679714329857
18,0999538889103;26,4261874870285;10,0616728750483
18,1000925000214;26,4184122729852;10,0526889749904
18,1002316666881;26,4236334163002;10,0649299275046
18,100370555577;26,3971410527963;10,0756988509119
18,1005094444659;26,3859348707767;10,053901572443
18,100648055577;26,3909657483808;10,0346531737794
18,1007872222436;26,4035232997422;10,0284652992409
18,1009258333548;26,3817201527743;10,0539428007431
18,1010647222436;26,3607332895797;10,0578007261358
18,1012036111325;26,3573952852805;10,0607592088989
18,101343055577;26,3481411166252;10,0327578416265
18,1014813889103;26,314552872167;10,0390148985837
18,1016202777992;26,3369601086282;10,0369974131071
18,1017594444659;26,3140983285232;9,99961914631925
18,101898055577;26,3004655759846;10,0254652833045
18,1020372222436;26,3227503937015;10,0148599353885
18,1021761111325;26,2708422278461;9,98617727716288
18,1023147222436;26,2904707007294;10,023242821528
18,1024541666881;26,2981937264756;10,0173950557915
18,1025927777992;26,2746617578421;10,0042935700493
18,1027316666881;26,2581729913713;10,0182116325616
18,102870555577;26,2570892250699;10,0096651462539
18,1030094444659;26,2448495728974;10,0094053211946
18,1031483333547;26,22115380303;10,0126767382025
18,1032875000214;26,2216876920394;9,98929919589369
18,1034261111325;26,2242596423012;10,0059017942017
18,1035650000214;26,2258502167857;9,99131655182998
18,1037038889103;26,2216876920394;9,99105669533623
18,1038427777992;26,2009934896754;10,0032031212211
18,1039819444659;26,2011391481864;9,98862976995434
18,104120555577;26,2088459553561;9,99473738512643
18,1042591666881;26,1927958930506;10,0107555950821
18,1043983333547;26,1908259974787;9,97889631645273
18,1045372222436;26,1893378257172;9,99267878418621
18,1046763889103;26,1761618002045;9,96053380429379
18,1048150000214;26,150169206568;9,98587611041162
18,1049538889103;26,1581171370994;9,96548221759804
18,1050927777992;26,1693752130705;9,96011069223334
18,1052316666881;26,1411125499007;9,97397560741743
18,105370555577;26,1237288411241;9,95409953025901
18,1055094444659;26,1509257596326;9,97923700487013
18,1056483333548;26,1358391164169;9,95300902676979
18,1057872222436;26,0847506471324;9,95465831144853
18,1059261111325;26,1212774247302;9,95810723159474
18,1060650000214;26,1118597434052;9,93849056098418
18,1062038889103;26,0996827755028;9,94202173605424
18,1063427777992;26,1298361990986;9,96415972204431
18,1064816666881;26,1019715547098;9,96523686767719
18,1066208333548;26,1013254377085;9,92683429386977
18,1067594444659;26,0934550516385;9,9294793485291
18,1068983333547;26,0718837261168;9,93610473873301
18,1070369444659;26,0833057232286;9,91883270302469
18,1071761111325;26,065544628427;9,93671895837241
18,1073147222436;26,0543114605061;9,90687725607754
18,1074538889103;26,0389246597987;9,91911844308433
18,1075927777992;26,0414013526434;9,91954152398796
18,1077313889103;26,0479043055099;9,93204249314994
18,1078702777992;26,0383657846318;9,91970485800832
18,1080091666881;26,0298159111393;9,89931109480753
18,108148055577;26,0000380109397;9,90485967716461
18,1082872222436;26,02214323798;9,89966551737436
18,1084258333548;26,0250425254049;9,89253604623897
18,1085647222436;26,0078313881149;9,90972573267882
18,1087038889103;26,0038146762841;9,9027460022092
18,1088425000214;25,9947395790973;9,85157104940726
18,1089813889103;25,9842380094403;9,87857652715627
18,1091202777992;25,9606197375985;9,84362329556586
18,1092591666881;25,9818726366599;9,87912206465813
18,1093983333548;25,9675087241581;9,8597911228116
18,1095372222436;25,9693761694159;9,84790423894961
18,1096758333547;25,9428585952664;9,87542743801183
18,1098147222436;25,9700473849015;9,84007854078442
18,1099536111325;25,9453785508618;9,79982663370521
18,1100925000214;25,9198423125217;9,8694696661758
18,1102316666881;25,9221645149325;9,84033823650179
18,110370555577;25,9241778097196;9,86779290065272
18,1105091666881;25,8818938483197;9,82564676408521
18,1106483333547;25,8833484510152;9,83391749871191
18,1107872222436;25,8946063475453;9,80534813971531
18,1109261111325;25,8802945709193;9,80559311322563
18,1110647222436;25,8833732443142;9,81977098904383
18,1112038889103;25,8789609670798;9,81809416882285
18,1113427777992;25,86501006467;9,81584450321705
18,1114816666881;25,8374518972829;9,82000257168733
18,1116202777992;25,8646307136856;9,80041280164619
18,1117594444659;25,8526930840195;9,80157190878521
18,1118983333547;25,8363865443829;9,79521946516894
18,1120369444659;25,8347254727612;9,81384129311931
18,1121761111325;25,8174710525795;9,78774846317856
18,1123147222436;25,823492385706;9,78270529590441
18,1124538889103;25,8109776073151;9,77835582334265
18,1125927777992;25,801112542082;9,78075550638934
18,1127316666881;25,7772187627069;9,74404418672145
18,112870555577;25,781226857131;9,76282938757214
18,1130094444659;25,7869552763465;9,76851402474952
18,1131483333548;25,7349013219337;9,76660570086383
18,1132872222436;25,7516305663206;9,74347125487239
18,1134261111325;25,7628551498192;9,75009651984098
18,1135652777992;25,768153475764;9,76727359433352
18,1137038889103;25,768153475764;9,72803955330153
18,1138425000214;25,7335085339104;9,75664021124174
18,1139816666881;25,7191117382733;9,73005755559524
18,114120555577;25,7471072702396;9,74522961616276
18,1142597222436;25,7049025508068;9,75300084904973
18,1143983333547;25,7213820839658;9,7171335055296
18,1145372222436;25,7043253569087;9,73146158965733
18,1146763889103;25,7070517652545;9,72729026308662
18,1148150000214;25,718707561026;9,6979123022372
18,1149536111325;25,6985203038609;9,72607755677541
18,1150925000214;25,6850946917048;9,72464509741326
18,1152316666881;25,6809755973047;9,70294268840996
18,115370555577;25,6793143950188;9,72825803706456
18,1155094444659;25,6755559510778;9,70437432727005
18,1156486111325;25,6528486247836;9,72720917209097
18,1157872222436;25,6658888033189;9,69856715031574
18,1159261111325;25,6733550039364;9,69086420368643
18,1160647222436;25,656254768639;9,7117774705201
18,1162038889103;25,6382789337806;9,6793588327119
18,116343055577;25,6544252521521;9,71065853919538
18,1164816666881;25,6475418883952;9,69818540954549
18,116620555577;25,6263413865452;9,68305354581878
18,1167597222436;25,6304604241443;9,67336132705384
18,1168983333548;25,6170348938235;9,69355029983581
18,1170372222436;25,5861731266247;9,69965784617813
18,1171761111325;25,6136532819205;9,65874697479205
18,1173150000214;25,5856994448079;9,6930327030301
18,1174538889103;25,5798426096089;9,67760100145921
18,1175927777992;25,5882713950697;9,67378403143653
18,1177316666881;25,5793359332546;9,66824957590853
18,117870555577;25,5566532531103;9,67635996978964
18,1180094444659;25,5541518530558;9,65523062010692
18,1181483333547;25,5595010498355;9,6784730781992
18,1182872222436;25,5604306877186;9,66084731527204
18,1184261111325;25,537774957302;9,65772564267496
18,1185650000214;25,5510026541796;9,66595906641737
18,1187038889103;25,5424632147784;9,66493651764364
18,1188425000214;25,5466529180176;9,66653224820789
18,1189813889103;25,5114551693762;9,64542827980009
18,1191202777992;25,5272736727569;9,66276809687815
18,1192591666881;25,5057019498331;9,65956520024827
18,119398055577;25,4883954891889;9,60517249573758
18,1195369444659;25,4837181133469;9,64507380751922
18,1196761111325;25,4783683256517;9,64413349867741
18,1198147222436;25,4674956275174;9,63988126828809
18,1199538889103;25,4695609453393;9,61681450401755
18,1200925000214;25,4649753219708;9,61042077472797
18,1202316666881;25,4718833227113;9,62799383894858
18,1203702777992;25,443653249215;9,62086376767991
18,1205094444659;25,4497777479361;9,60792710657046
18,120648055577;25,4462952890937;9,61085737590122
18,1207869444659;25,4440756554942;9,59993765909365
18,1209258333548;25,4247234241243;9,6056775021755
18,1210650000214;25,4128886499871;9,58863747960689
18,1212038889103;25,3893145058081;9,58184933200124
18,1213427777992;25,3945933580783;9,60044249360487
18,1214813889103;25,3960297017181;9,58739626489813
18,1216202777992;25,3660810505779;9,58018537344185
18,1217594444659;25,3911109213039;9,58529712458721
18,121898055577;25,398807579786;9,58536527455155
18,1220369444659;25,3871707619275;9,59467693393202
18,1221758333547;25,3666313753886;9,56735777151107
18,1223147222436;25,3724555404249;9,55240281000826
18,1224538889103;25,3593710091049;9,58886871742669
18,1225927777992;25,3462750011343;9,55594708223958
18,1227313889103;25,3368386423629;9,54880439992706
18,122870555577;25,3448615254217;9,55645218290726
18,1230091666881;25,3342103521944;9,56673139940625
18,1231483333547;25,3271720150721;9,55138018291279
18,1232869444659;25,3339336899632;9,52722437926639
18,1234261111325;25,3143047327934;9,54693656103365
18,1235650000214;25,3217196015629;9,53607178175838
18,1237038889103;25,3077877422362;9,52106266679846
18,1238425000214;25,3066841394251;9,53361840977072
18,1239813889103;25,3097821368291;9,52640568219635
18,1241202777992;25,2799605884168;9,5273358895775
18,1242591666881;25,2920204264374;9,52613360095762
18,1243983333548;25,2718140298144;9,52726516856853
18,1245372222436;25,2728980769581;9,51751842607766
18,1246761111325;25,2763241081096;9,48814000817958
18,1248150000214;25,2391314209336;9,503954552864
18,1249538889103;25,268253302048;9,49082671730454
18,1250927777992;25,2528333837258;9,48775825092329
18,1252316666881;25,2533594638791;9,48681807833202
18,125370555577;25,2317360301965;9,50407682691008
18,1255091666881;25,2331724981615;9,49951105998099
18,1256483333548;25,2237117483536;9,47694907511499
18,1257869444659;25,2295678173245;9,47305038810671
18,1259258333547;25,2142752324097;9,47356792925561
18,1260650000214;25,2248398990122;9,48076623889216
18,1262036111325;25,1934078607236;9,45929504352878
18,1263427777992;25,1807386242488;9,4566826861917
18,1264816666881;25,1831320886672;9,49435863029433
18,126620555577;25,1767740894124;9,47465872317596
18,1267594444659;25,174581579934;9,45316727390249
18,1268983333547;25,1462478758896;9,45582291067535
18,1270372222436;25,1669096452524;9,45391559007328
18,1271758333548;25,1436955179861;9,40987006419385
18,1273150000214;25,1301402822502;9,43630224173944
18,1274541666881;25,1090233984844;9,43009968489011
18,1275927777992;25,1191917519078;9,44351286579877
18,1277316666881;25,106855145258;9,42532651011084
18,127870555577;25,1039945950336;9,43372665940902
18,1280094444659;25,1126869665377;9,4208584620331
18,1281486111325;25,0753596445021;9,38583543241435
18,1282872222436;25,0874710320121;9,41565026275293
18,1284263889103;25,1003585047164;9,41280017623683
18,1285650000214;25,0377632385158;9,38520924942765
18,1287038889103;25,0785608646668;9,40064095099854
18,1288427777992;25,0426576639532;9,3945334506034
18,1289816666881;25,0257944101851;9,38739095925126
18,129120555577;25,0176473452748;9,37382702498331
18,1292594444659;25,0522411522343;9,40064095099854
18,1293983333548;25,0346847273987;9,39494385687962
18,1295375000214;25,0061652276677;9,38852239958834
18,1296763889103;25,0361102263459;9,37768495037602
18,1298150000214;25,0233696350904;9,37321308343303
18,1299541666881;24,9767670563446;9,38244217305251
18,1300927777992;25,0005148158309;9,37885586086438
18,1302316666881;24,9883721977382;9,37734255514471
18,130370555577;24,9828999138378;9,35763045173371
18,1305097222436;24,9730133639623;9,36319316923522
18,130648055577;24,993598957837;9,37179630452331
18,1307875000214;24,9425549218938;9,34958861977827
18,1309258333548;24,9652695715023;9,3694760200064
18,1310647222436;24,9503296188438;9,36720203883542
18,1312038889103;24,9677703683088;9,35981212206897
18,1313425000214;24,9358406306394;9,35941839426516
18,1314813889103;24,9388987287913;9,35562826265726
18,1316202777992;24,9423769279154;9,32442240535067
18,1317591666881;24,9451029407508;9,35380107105391
18,1318983333547;24,8788710941889;9,32450546205536
18,1320369444659;24,9197442462977;9,33524777105615
18,1321761111325;24,8845416130947;9,33958262749414
18,1323150000214;24,8890124956092;9,33019063187956
18,1324538889103;24,8881025653043;9,32788644998482
18,1325925000214;24,8491340894007;9,3328352438466
18,1327316666881;24,8705627617141;9,30213479798846
18,1328702777992;24,8494864962269;9,31058698369731
18,1330091666881;24,823320845437;9,32216075987549
18,133148055577;24,840210498605;9,31443310653742
18,1332875000214;24,8474719056983;9,32235234792762
18,1334261111325;24,8151938260694;9,30512070025159
18,1335647222436;24,782850920662;9,31694075804268
18,1337038889103;24,8313005019711;9,29676364142469
18,1338427777992;24,7773989151932;9,32106989523791
18,1339813889103;24,7648837250691;9,30338862374106
18,1341202777992;24,7690670014649;9,30621157284713
18,1342591666881;24,7815314899536;9,3055703724693
18,1343983333547;24,741515499747;9,28922767218526
18,1345369444659;24,7703261991314;9,29305683355224
18,1346758333548;24,7363650938109;9,31102495065409
18,1348150000214;24,7418169933505;9,28978413352093
18,1349541666881;24,7734345844033;9,28132015521837
18,1350927777992;24,7444096989257;9,28039214557103
18,1352316666881;24,7351267473886;9,28089793815818
18,135370555577;24,7180963847065;9,2903980645267
18,1355094444659;24,7266473340553;9,27033156902297
18,135648055577;24,7395150164331;9,2611025186074
18,1357877777992;24,7135541620193;9,26464641253034
18,1359258333548;24,6886983563102;9,26196287157074
18,1360650000214;24,7037347818222;9,28427880756698
18,1362038889103;24,6850420609713;9,27745070297721
18,1363425000214;24,6697709536668;9,28809635921183
18,1364816666881;24,6952046840336;9,27886737573505
18,1366208333547;24,6647522311281;9,25563622366531
18,1367594444659;24,6569268358039;9,23101596425508
18,1368983333548;24,6791074822491;9,23408540371381
18,1370372222436;24,6752672928694;9,27704001276544
18,1371761111325;24,6599815353815;9,24944952197438
18,1373152777992;24,6755751528319;9,23074490805283
18,1374538889103;24,6569268358039;9,22914821545572
18,1375927777992;24,6356558261651;9,24897240670663
18,1377316666881;24,6186254230592;9,24347728138687
18,137870555577;24,6298515926219;9,25212120492475
18,1380094444659;24,6195860058537;9,21371651388483
18,1381483333547;24,6213450848391;9,21355358814219
18,1382872222436;24,6277336093636;9,20985858849212
18,1384261111325;24,6209419754251;9,22496445037075
18,1385652777992;24,6128656886583;9,20615185321236
18,1387038889103;24,6209926528312;9,20686096505077
18,1388427777992;24,6032302594758;9,21277677243927
18,1389816666881;24,5898865799691;9,21196126242972
18,139120555577;24,6024983086685;9,23058204128534
18,1392591666881;24,6057007886884;9,21515033971446
18,1393983333547;24,5894835281582;9,19777219076852
18,1395372222436;24,5654069012534;9,20364420170705
18,1396758333548;24,5820403542835;9,19711453850351
18,1398147222436;24,5946274286819;9,19663746276004
18,1399536111325;24,5530219595498;9,21313132390208
18,1400927777992;24,5710336398682;9,20147849243534
18,1402319444659;24,5452474628559;9,19586071275089
18,140370555577;24,5486843097135;9,18595148409941
18,1405094444659;24,5150964943133;9,18334738445935
18,140648055577;24,5497626541259;9,15072418956325
18,1407872222436;24,5485008656941;9,19746910271385
18,1409261111325;24,4972011131267;9,18604679086445
18,1410652777992;24,5158495447367;9,18330889439534
18,1412038889103;24,5241964262179;9,1388910946485
18,1413427777992;24,5040604221555;9,14422345496354
18,1414816666881;24,5156956659267;9,12104700143237
18,141620555577;24,5060541742371;9,15030201202279
18,1417597222436;24,4878673637306;9,1286675923578
18,1418986111325;24,5036360825568;9,1469903821384
18,1420372222436;24,461722819031;9,16607697419477
18,1421761111325;24,4730213507155;9,15459855169914
18,1423150000214;24,4837492640727;9,13506203408033
18,1424538889103;24,4575600664383;9,14309222163803
18,1425927777992;24,4594213825871;9,14052835710555
18,1427316666881;24,4478152361338;9,13463993500648
18,1428702777992;24,4106487324878;9,11315705645396
18,1430091666881;24,438861038926;9,13755843456286
18,1431483333547;24,4067878631218;9,10879297624513
18,1432869444659;24,4290424140148;9,09918217600358
18,1434261111325;24,3901332537818;9,08237248764519
18,1435650000214;24,4051465464109;9,08160730908691
18,1437036111325;24,3934881571493;9,07590302090242
18,1438427777992;24,3657839622221;9,07298460579878
18,1439813889103;24,3865725380752;9,09094892993397
18,1441202777992;24,377339495602;9,07621742081869
18,1442594444659;24,377339495602;9,05016276751059
18,144398055577;24,3501611251687;9,06356391308091
18,1445372222436;24,314454852188;9,06828249760241
18,1446761111325;24,3428930036494;9,04478036185921
18,1448147222436;24,3151421668984;9,06843417881052
18,1449536111325;24,3367598359156;9,05135589333565
18,1450925000214;24,3405468346664;9,03857759272785
18,1452313889103;24,3046129869912;9,05946450227248
18,1453702777992;24,3223541068582;9,06206860191253
18,1455094444659;24,3175097226751;9,04224376322074
18,145648055577;24,3013089535251;9,04795811731702
18,1457872222436;24,3023935232286;9,03262178507055
18,1459258333547;24,2820820784979;9,02037898375031
18,1460650000214;24,2650962516947;9,0211998061703
18,1462038889103;24,2840689369967;9,03155979750494
18,1463425000214;24,2957037596503;9,02189206540439
18,1464813889103;24,271404894818;9,03943840500011
18,146620555577;24,2711790638598;9,04746879228873
18,1467591666881;24,260326495252;9,03872921645376
18,1468983333547;24,2352955634719;9,01469360990308
18,1470369444659;24,2423378764907;9,00226478820727
18,1471758333548;24,2445790618596;9,01071713859523
18,1473150000214;24,2427407652339;9,00931147216713
18,1474538889103;24,2371354361187;8,98199152108302
18,1475925000214;24,2463236549376;9,00487984498221
18,1477316666881;24,216705409583;8,99310323162848
18,147870555577;24,2224590509097;8,9867486850053
18,1480091666881;24,2450853085153;8,99295147774427
18,148148055577;24,2201863722677;8,9642701932072
18,1482872222436;24,2232863930699;8,97953914603843
18,1484261111325;24,206133253674;8,98484276666235
18,1485650000214;24,216904180405;8,98522465188321
18,1487036111325;24,1912948330117;8,9809004874574
18,1488425000214;24,186376780009;8,96249901739057
18,1489816666881;24,1813281369025;8,98542744950205
18,1491202777992;24,1523114698434;8,98114757436272
18,1492597222436;24,1850882030922;8,96571587279186
18,1493986111325;24,1693407945488;8,96928655938484
18,1495369444659;24,1499381818997;8,9828124479327
18,1496758333547;24,1635600268267;8,95195994672022
18,1498147222436;24,1430212241986;8,9480239018423
18,1499536111325;24,1365354475872;8,95612165438561
18,1500925000214;24,1107221006466;8,94957496732496
18,1502316666881;24,1290635056837;8,95310742298886
18,150370555577;24,0998696142504;8,93417240502583
18,1505094444659;24,1273773861305;8,94832114157236
18,1506483333547;24,1140261699325;8,92844687959553
18,1507872222436;24,104742595235;8,98448816025262
18,1509261111325;24,098360348289;8,93476818667537
18,1510650000214;24,0615909852868;8,92401517972178
18,1512036111325;24,086269474361;8,93967698199575
18,1513427777992;24,0702961768835;8,93012259959238
18,1514816666881;24,0760769307309;8,91722771625652
18,1516208333547;24,0478140090573;8,93191223457518
18,1517597222436;24,0470538109507;8,91002918903001
18,1518983333548;24,0207392238664;8,9127852736699
18,1520372222436;24,050131947184;8,92588279311207
18,1521761111325;24,0190762203799;8,92210957581261
18,1523150000214;24,0326984482396;8,94576392781471
18,1524538889103;24,0321199690263;8,90127869650829
18,1525927777992;23,9915182929384;8,92182214922451
18,1527316666881;24,0060493521987;8,88980039918661
18,152870555577;23,9874810766942;8,89645437195105
18,1530097222436;23,9749655187639;8,91863355631298
18,1531483333547;23,973573493797;8,91185681547697
18,1532872222436;23,9926249772179;8,9067344757859
18,1534258333547;23,9595706534827;8,9109957133978
18,1535652777992;23,9757428663836;8,90172879712969
18,1537038889103;23,9443294667461;8,88726352602828
18,153843055577;23,9472087863723;8,88711168535283
18,1539819444659;23,9370837538301;8,85741356621949
18,154120555577;23,9486459576885;8,89022223850748
18,1542594444659;23,900928933113;8,87704002373761
18,1543983333547;23,9087984501662;8,88286100180869
18,1545369444659;23,9381460772259;8,86154109568494
18,1546758333548;23,9178333531916;8,87863781855046
18,1548147222436;23,908395872491;8,87041529336656
18,1549538889103;23,9046356350752;8,85028206691399
18,1550927777992;23,9069586576621;8,8817698855284
18,1552313889103;23,8811953963192;8,85768317029226
18,1553702777992;23,8978960577173;8,84903888494023
18,1555094444659;23,905692794845;8,85216030813928
18,1556483333548;23,8760737230888;8,84626149525505
18,1557869444659;23,8867724388084;8,8525714191469
18,1559261111325;23,8815980721985;8,85542317706273
18,1560650000214;23,8565114882872;8,83401831570609
18,1562036111325;23,8742792558228;8,85317371838951
18,1563427777992;23,8644891996132;8,85221679862966
18,1564816666881;23,8597930908756;8,79939249733536
18,156620555577;23,8548980772011;8,81467217049243
18,1567597222436;23,8357576083605;8,83379909979564
18,156898055577;23,8428219086794;8,82881011642596
18,1570372222436;23,8256102150696;8,84022122270602
18,1571758333547;23,8362360148485;8,82018458617978
18,1573152777992;23,8050714655315;8,81765816362116
18,1574541666881;23,8099435933044;8,82312453144451
18,1575927777992;23,8105450062328;8,81002725838439
18,1577316666881;23,7982054978123;8,83379909979564
18,157870555577;23,7921533216396;8,81022973942385
18,1580094444659;23,814355302917;8,80453358893834
18,1581483333547;23,7892789029621;8,81021927931391
18,1582872222436;23,8055772494685;8,7910073025501
18,1584263889103;23,7731742303022;8,78153832556055
18,1585647222436;23,7733278514446;8,81166514674746
18,1587038889103;23,7772871581151;8,81115825255608
18,1588427777992;23,7419097301296;8,7966551113862
18,1589813889103;23,7504660713396;8,7890246777236
18,159120555577;23,7544300014468;8,79517994374601
18,1592594444659;23,7402689613858;8,805787414691
18,1593983333548;23,7330554708836;8,80292512605993
18,1595369444659;23,7288879500055;8,78145314425922
18,1596758333548;23,7214709351288;8,76809703708352
18,1598147222436;23,7109212204205;8,74596602359014
18,1599536111325;23,6885655765512;8,79405101174612
18,1600927777992;23,6860661338268;8,72650317363207
18,1602316666881;23,6843528575457;8,75058974111749
18,160370555577;23,7010858478685;8,73548338347791
18,1605091666881;23,688411987957;8,74740126606667
18,1606483333548;23,648871719638;8,758075857459
18,1607872222436;23,6290652555746;8,7086300068699
18,1609258333547;23,6383266336559;8,73807694981019
18,1610650000214;23,6576807807566;8,72058781433694
18,1612041666881;23,6450161106053;8,74444252670816
18,1613427777992;23,6354475025205;8,73081131662764
18,1614813889103;23,6479405952361;8,69576649226462
18,161620555577;23,6134943079274;8,74650208128088
18,1617594444659;23,6235915941405;8,70425868414119
18,1618983333547;23,5994415603818;8,74556317127346
18,1620372222436;23,6068858853022;8,72164961407026
18,1621761111325;23,631388376409;8,70071563259944
18,1623150000214;23,5960563584269;8,70680228791014
18,1624538889103;23,5780442228307;8,70534987928608
18,1625927777992;23,5783967771599;8,69627349756828
18,1627316666881;23,5791517305385;8,67815239626739
18,1628708333547;23,5688056105984;8,69325884075937
18,1630097222436;23,5583104032884;8,69370907786509
18,1631483333547;23,5846254683744;8,65898774933066
18,1632875000214;23,5503327982169;8,67753063387408
18,1634261111325;23,5351189279825;8,67776013249647
18,1635650000214;23,5472320555879;8,66843580471522
18,1637038889103;23,5263364344416;8,65008509803539
18,1638427777992;23,540646365945;8,66988169838507
18,1639816666881;23,5408951873869;8,6619737796824
18,1641208333547;23,5259611655545;8,66408937193478
18,1642594444659;23,5185894304808;8,64947138755207
18,1643983333548;23,4834919156826;8,64981582933396
18,1645372222436;23,4831892194489;8,65220055350844
18,1646761111325;23,4995108304901;8,6437084670722
18,1648150000214;23,4882378625554;8,639602528821
18,1649538889103;23,5040305669676;8,6236822342118
18,1650927777992;23,4855123279986;8,63622212768604
18,1652313889103;23,5049163617559;8,62962703938879
18,165370555577;23,4558672647224;8,63859671592684
18,1655097222436;23,4820545816509;8,61580382759061
18,1656486111325;23,4709762432324;8,63480571476515
18,1657875000214;23,4334078823693;8,62367227152046
18,1659263889103;23,4660371450894;8,61253005331207
18,1660650000214;23,4589952013303;8,63029680892521
18,1662038889103;23,4195813359227;8,61069207644528
18,1663427777992;23,4470083249317;8,61981434612773
18,1664813889103;23,4177642978807;8,62576911399606
18,1666202777992;23,4425966594722;8,59674369924943
18,1667594444659;23,42410113752;8,58677840131571
18,166898055577;23,4121142859988;8,60001746199967
18,1670372222436;23,4067358055801;8,61085463228102
18,1671758333548;23,3921770157757;8,59347004289725
18,1673150000214;23,3610122453701;8,58851061005254
18,1674536111325;23,3908932334822;8,59355543696688
18,1675927777992;23,3528357025117;8,59934779888948
18,1677316666881;23,3462999161148;8,60589543081628
18,167870555577;23,3569759351133;8,58201124861478
18,1680094444659;23,3370386768719;8,59281883107005
18,168148055577;23,3409799118047;8,58401172219214
18,1682869444659;23,3036815266597;8,60110873989865
18,1684258333547;23,3359538453223;8,56900163954552
18,1685650000214;23,3132953853591;8,5583270404702
18,1687036111325;23,2867270550415;8,58442321257513
18,1688427777992;23,3062037317968;8,571758158498
18,1689813889103;23,3007072609698;8,55706306821179
18,169120555577;23,3040340889754;8,56571771278169
18,1692594444659;23,2705774577998;8,56825489712537
18,169398055577;23,2702973434284;8,56588029610771
18,1695372222436;23,2743877544841;8,56179287209255
18,1696758333548;23,2550063351458;8,55246853153446
18,1698150000214;23,2598788332951;8,56435740294714
18,1699538889103;23,271712014197;8,54678274215243
18,1700927777992;23,246879638713;8,53617511460004
18,1702316666881;23,2451934725578;8,55992538633137
18,170370555577;23,2416319807286;8,54963505122942
18,1705091666881;23,2223772047452;8,56007800881599
18,1706483333547;23,2274030276972;8,55365549697825
18,1707872222436;23,220004323503;8,51950828591708
18,1709261111325;23,2248538975899;8,52468685131154
18,1710647222436;23,2183678606187;8,5406357593678
18,1712036111325;23,2154888769246;8,52414236772401
18,1713427777992;23,211429824543;8,51151468936644
18,1714816666881;23,2087269360326;8,511477297977
18,1716202777992;23,1895261735726;8,51900102875263
18,1717594444659;23,1811465473695;8,53509274039442
18,171898055577;23,1851103260467;8,49350838456982
18,1720369444659;23,1748365653274;8,52149875488885
18,1721758333547;23,1601512912217;8,51369717835794
18,1723147222436;23,1510208667261;8,51657919702191
18,1724538889103;23,172843347851;8,51883848089895
18,1725927777992;23,1580856709647;8,50282275859357
18,1727313889103;23,172793669163;8,49745205877073
18,1728702777992;23,1484944573299;8,49651348646722
18,1730094444659;23,1428444842281;8,49810291326534
18,1731486111325;23,13958586743;8,49308682890253
18,1732869444659;23,1333029871447;8,49896483320083
18,1734258333548;23,1274498115032;8,49360404077629
18,1735650000214;23,1049674141524;8,50465073500803
18,1737038889103;23,1127643770233;8,46732530683346
18,1738425000214;23,1168775653229;8,48421283990939
18,1739813889103;23,0914935136441;8,49655291625845
18,174120555577;23,0982283321918;8,47799994309474
18,1742591666881;23,0895229072739;8,50095530217263
18,1743983333547;23,0974735023109;8,47749259130424
18,1745372222436;23,0815000390336;8,46530516848912
18,1746761111325;23,074947182433;8,49301999609128
18,1748150000214;23,0542776629454;8,46916309388183
18,1749538889103;23,0752997527364;8,44418762454984
18,1750927777992;23,0224616856326;8,45469971065509
18,1752316666881;23,0641988865461;8,45218159581069
18,1753702777992;23,0520357143522;8,44855285441807
18,1755094444659;23,057663165905;8,45938998478186
18,1756483333548;23,0467879912331;8,41885752822077
18,1757872222436;23,0370432793181;8,44511639007476
18,1759261111325;23,0248575732821;8,43650138908799
18,1760652777992;23,0406048242997;8,43312115284718
18,1762036111325;23,0344713290563;8,42711025918953
18,1763427777992;23,008201535128;8,41091225744773
18,1764816666881;22,9658363386321;8,43238450703285
18,1766208333548;23,011763055528;8,43860781928231
18,1767594444659;22,9910709674056;8,41274020067362
18,1768986111325;22,9750975041283;8,41768945127629
18,1770372222436;23,0027506091606;8,43147569372553
18,1771761111325;22,988901275423;8,41710557249957
18,1773150000214;22,9771137629806;8,40131917740194
18,1774538889103;22,9910709674056;8,3980081909437
18,1775927777992;22,9616734583616;8,41382187704471
18,1777316666881;22,9653302853461;8,40652737668211
18,177870555577;22,9267212708201;8,39656211978337
18,1780097222436;22,9421384378102;8,40251669838293
18,1781486111325;22,9116335454843;8,39109567511127
18,1782869444659;22,9056535156388;8,39344086955546
18,1784258333548;22,898891570445;8,38768824051817
18,1785647222436;22,9197834560295;8,38861720303839
18,1787038889103;22,9027746056937;8,36776573596279
18,1788425000214;22,8999764265768;8,37299322469653
18,1789816666881;22,9048715916855;8,38775490829389
18,179120555577;22,9059564724038;8,38186709337731
18,1792594444659;22,9018392811971;8,35470881924022
18,1793983333548;22,8711577572591;8,338540471855
18,1795369444659;22,8696707083101;8,34843899258047
18,1796758333548;22,840828841191;8,36804391493175
18,1798147222436;22,841181428773;8,34781584228654
18,1799536111325;22,8385056180459;8,34932853772952
18,1800925000214;22,8450645506979;8,33077940837097
18,1802313889103;22,8437309468584;8,33190631926414
18,180370555577;22,7846058348362;8,31078998402398
18,1805091666881;22,8379995620629;8,33817608830475
18,180648055577;22,8095103304051;8,30108365628146
18,1807872222436;22,7998470215728;8,32123547562867
18,1809258333547;22,7991643047819;8,3120069134215
18,1810647222436;22,8029290034466;8,28928069610322
18,1812036111325;22,8121636637723;8,30194584866507
18,1813427777992;22,8138003547095;8,33440838587566
18,1814813889103;22,8020168610891;8,2931386214959
18,181620555577;22,7856412698615;8,30139890973058
18,1817591666881;22,7751913760834;8,30043313724337
18,181898055577;22,7923798733141;8,25657970647262
18,1820372222436;22,7710051544537;8,30361151291342
18,1821761111325;22,7642664978153;8,27427037690546
18,1823150000214;22,7593712712272;8,2866671315843
18,1824538889103;22,7457705582597;8,288696935367
18,1825925000214;22,7526364247103;8,26667758119612
18,1827316666881;22,7160204945212;8,2769607453275
18,1828702777992;22,7299738276578;8,28114351027978
18,1830091666881;22,72962122409;8,26846893634109
18,183148055577;22,7242199787147;8,28136307739697
18,1832869444659;22,7294220463335;8,24336757177875
18,1834258333548;22,718389533386;8,27239340085893
18,1835647222436;22,7106192571393;8,26383508596524
18,1837038889103;22,710922344237;8,25950866934519
18,1838425000214;22,7060271176489;8,24924584850262
18,1839813889103;22,7151123692931;8,23266564096508
18,184120555577;22,7076909862739;8,23911820111906
18,1842594444659;22,6943759797614;8,2360837817059
18,1843983333547;22,6930881833513;8,23264696994866
18,1845372222436;22,6787821907561;8,22735212189895
18,1846763889103;22,6674552373386;8,22525583203804
18,1848150000214;22,6702301122871;8,23802678123724
18,1849538889103;22,66472989116;8,23799692727164
18,1850927777992;22,6608156415437;8,23979773101431
18,1852319444659;22,6469662134432;8,24146345859205
18,1853702777992;22,6413386795116;8,22728558277385
18,1855097222436;22,6224640173706;8,22236617114245
18,1856486111325;22,619209214744;8,24734192443586
18,1857872222436;22,6394953927378;8,21956973198837
18,1859261111325;22,613225344903;8,23426471584938
18,1860647222436;22,6038146034951;8,22066117554863
18,1862036111325;22,6007590198252;8,19124395336263
18,1863425000214;22,6041907544361;8,21371207498697
18,1864813889103;22,6116343909156;8,21753998125263
18,186620555577;22,5918048226174;8,20265537487961
18,1867594444659;22,6020207999134;8,19477718127627
18,1868983333548;22,602729681585;8,21539635290537
18,1870372222436;22,5782274609144;8,2234185066032
18,1871763889103;22,5705574368621;8,19275659375336
18,1873150000214;22,5606135342651;8,20455927845541
18,1874536111325;22,5691198637923;8,20709684791603
18,1875925000214;22,56243085392;8,17921954966039
18,1877316666881;22,5463039390206;8,19313860314369
18,1878702777992;22,5595285837596;8,17269106808678
18,1880094444659;22,5143110353341;8,17674138006532
18,1881486111325;22,5318991355707;8,17544848619264
18,1882875000214;22,5217782244831;8,19037214114496
18,1884261111325;22,4976558102892;8,16948324100818
18,1885650000214;22,5119654135298;8,17019266008404
18,1887038889103;22,5023977396797;8,18278230686099
18,188843055577;22,4925836760161;8,17544848619264
18,1889816666881;22,4842542169658;8,16800049393802
18,1891208333547;22,4845846026813;8,13774102790103
18,1892594444659;22,4928883067689;8,16269640837743
18,1893983333547;22,4640683779505;8,16726376823621
18,1895375000214;22,4447136770543;8,15195524957645
18,1896761111325;22,4531705965016;8,17731581476346
18,1898150000214;22,4597521026959;8,17085378973064
18,1899538889103;22,4535726168449;8,14902643706151
18,1900927777992;22,4566248918115;8,14918878757766
18,1902319444659;22,4283381131257;8,13807543118966
18,1903702777992;22,4267471524419;8,13504095842191
18,1905094444659;22,4414329927331;8,12931569646247
18,190648055577;22,4281132631381;8,1358649388041
18,1907872222436;22,3974537519098;8,13487863544356
18,1909258333548;22,4001790611829;8,11147232381995
18,1910650000214;22,3712330935471;8,14143664601147
18,1912038889103;22,3916727409513;8,13561540651281
18,1913427777992;22,4067146794431;8,11938062397289
18,1914816666881;22,3878624442672;8,09521701152721
18,1916202777992;22,3904121935981;8,12639596337416
18,1917591666881;22,3784516419701;8,11497550566179
18,191898055577;22,365380409756;8,12003038647617
18,1920372222436;22,3723180400551;8,08462033868483
18,1921758333547;22,3760789346555;8,11414276985448
18,1923147222436;22,3421388840572;8,09883717125669
18,1924538889103;22,344710834319;8,11314723181826
18,1925925000214;22,3352013515705;8,09174109138053
18,1927313889103;22,3183691868553;8,11449750570571
18,192870555577;22,3530144885689;8,07865466711485
18,1930091666881;22,3389076085178;8,09973624835641
18,193148055577;22,3156439144973;8,08009187399151
18,1932869444659;22,3204114595467;8,08926292178543
18,1934261111325;22,315868811619;8,09916177397383
18,1935647222436;22,3198102125558;8,08044662139281
18,1937038889103;22,2948853499626;8,08173064047458
18,1938425000214;22,3143387060704;8,11430510852705
18,1939813889103;22,2981658374085;8,0814719324531
18,1941202777992;22,305939781483;8,06893916406642
18,1942594444659;22,2919336325712;8,07861832125764
18,1943983333547;22,2927374444017;8,06289825266907
18,1945372222436;22,2886785475923;8,07452319887329
18,1946758333548;22,2820389305066;8,05845689865848
18,1948150000214;22,2720235698576;8,03558917318324
18,1949536111325;22,2463086383759;8,06108216071735
18,1950927777992;22,2272078386866;8,05928968185239
18,1952316666881;22,2332374553762;8,04784218163607
18,195370555577;22,2642257935081;8,03601883465549
18,1955091666881;22,2337673138438;8,06147278632852
18,195648055577;22,2382829043419;8,01158734585496
18,1957872222436;22,2101270917585;8,03617234142163
18,1959261111325;22,2232442199063;8,047325177543
18,1960650000214;22,1785818988894;8,01697877849435
18,1962036111325;22,1947547343276;8,01610700774287
18,1963427777992;22,1959709376553;8,02511558533644
18,1964813889103;22,1775206596964;7,99264360008726
18,196620555577;22,1998272899432;8,00511644691485
18,1967597222436;22,184412283329;8,02476082898164
18,1968983333547;22,198895526173;8,00843005801295
18,1970372222436;22,1570315216929;8,00344164969911
18,1971763889103;22,1515809812848;8,00964498271009
18,1973150000214;22,1330354459087;7,99340196027305
18,1974538889103;22,157334902203;8,01595342803185
18,1975927777992;22,1199643447471;7,98473527363811
18,1977313889103;22,1268525287297;8,00286710237799
18,197870555577;22,1324563835415;7,97569936089076
18,1980091666881;22,1186768344333;7,97101750849865
18,1981483333547;22,1236213562599;7,98244158830599
18,1982875000214;22,1101736658038;7,98376997188254
18,1984261111325;22,0822140214618;7,95454244534642
18,1985647222436;22,1248597026822;7,96515101398973
18,1987036111325;22,1023537642752;7,96264336248447
18,1988427777992;22,0876885488521;7,97383207231002
18,1989813889103;22,081812214014;7,93676909384322
18,1991208333547;22,0788055814639;7,95461755486565
18,1992594444659;22,0633890326167;7,96345503385868
18,1993983333548;22,0495394691645;7,9571465449865
18,1995372222436;22,075172572927;7,92453773358815
18,1996761111325;22,0570288419924;7,97578695685502
18,1998150000214;22,0548366588602;7,94463858204992
18,1999538889103;22,0464344662942;7,93431863162439
18,2000927777992;22,0364684338594;7,94665962014
18,2002316666881;22,0245536424716;7,94104802269456
18,2003708333548;22,0178408345173;7,90891339417257
18,2005094444659;22,0304879857437;7,93634813778655
18,2006483333547;21,9827936641171;7,92155718323869
18,2007872222436;22,0254614278856;7,9409732159456
18,2009261111325;22,0012900715386;7,93313095941684
18,2010647222436;22,0001802520042;7,90053523153466
18,2012038889103;21,9878884007493;7,92476589353635
18,2013427777992;21,9869566043576;7,91891728872304
18,2014819444659;21,9693699619349;7,9251867387589
18,201620555577;22,001845147538;7,90606796243867
18,2017594444659;21,9776738875927;7,90975503718801
18,2018983333547;21,9909686339395;7,89499413538897
18,2020369444659;22,0105749837163;7,92878601154482
18,2021761111325;21,953043705638;7,91654150672991
18,2023147222436;21,933590423387;7,8992949650854
18,2024536111325;21,9753724331345;7,91361296258074
18,2025927777992;21,9427199414675;7,88711611570369
18,2027316666881;21,9559222465529;7,89943508676248
18,2028702777992;21,9395928902775;7,88914552257185
18,2030091666881;21,9470382865078;7,89492815619906
18,2031483333548;21,9357825935933;7,86994394156721
18,2032869444659;21,9013739374863;7,90749741137955
18,2034261111325;21,9103281346941;7,889395686131
18,2035650000214;21,9097760691109;7,86647621485264
18,2037036111325;21,9120995097167;7,87754136015883
18,2038427777992;21,9050800802635;7,86596758398065
18,2039813889103;21,8780062618962;7,8538768251139
18,204120555577;21,8433828990023;7,88750653622088
18,2042594444659;21,8663759495067;7,85691572300465
18,204398055577;21,8818656458994;7,8804260095929
18,2045369444659;21,8656435095824;7,87203920516347
18,2046761111325;21,8526187681952;7,85474028163412
18,2048150000214;21,8593074420388;7,84594111935479
18,2049536111325;21,8616309152767;7,87183842955869
18,2050925000214;21,8506017341698;7,85802349439086
18,2052316666881;21,8560763933106;7,85307392014997
18,205370555577;21,8059632884605;7,85673099047244
18,2055091666881;21,8475238884228;7,85182009439728
18,2056483333547;21,8368012733593;7,84274577882312
18,2057869444659;21,811793449506;7,84461298476887
18,2059261111325;21,8186325249354;7,85656885329902
18,2060650000214;21,7762133742368;7,84499507712093
18,2062038889103;21,7836345289516;7,83798883027302
18,2063425000214;21,8108368581956;7,83988332597551
18,2064813889103;21,7785858858451;7,83731787662902
18,206620555577;21,8036152943237;7,83689713398346
18,2067591666881;21,7568092245509;7,82926961386775
18,2068983333548;21,7496945210569;7,80719135116891
18,2070372222436;21,7460836683294;7,82589813004392
18,2071761111325;21,7437383123826;7,82480642574697
18,2073150000214;21,7562762119595;7,80140030380016
18,2074538889103;21,7424999659602;7,83538473063294
18,2075927777992;21,7548384215805;7,79921690706882
18,2077316666881;21,7625632014884;7,82914268865613
18,2078708333548;21,7276114534944;7,81104927656162
18,2080094444659;21,7481007762538;7,82094850035429
18,208148055577;21,7324827799003;7,80349558281657
18,2082872222436;21,7266795173427;7,81114548198707
18,2084261111325;21,7064938903575;7,8005012844983
18,2085650000214;21,6733353637643;7,82297784762491
18,2087038889103;21,6952896112483;7,80787046428554
18,2088427777992;21,7168641294269;7,7877972335055
18,2089816666881;21,6957954761816;7,79949797820876
18,209120555577;21,6562766032774;7,81599888252714
18,2092594444659;21,6943576584684;7,78150568732374
18,209398055577;21,6895084866528;7,79693738889463
18,2095372222436;21,6731331889928;7,7700940957576
18,2096758333547;21,6728294822029;7,79924745874567
18,2098150000214;21,6406581957435;7,78455266688457
18,2099538889103;21,6506512191165;7,79251907718407
18,2100925000214;21,6698533738928;7,77458752676583
18,2102316666881;21,6335923828127;7,78696407091888
18,210370555577;21,6296288994692;7,76510896673412
18,2105094444659;21,6286479752052;7,77038287106538
18,2106483333548;21,6187038716479;7,76726182335426
18,2107872222436;21,6240009671453;7,766170154642
18,2109263889103;21,5916301844493;7,7561969152481
18,2110650000214;21,6187284749834;7,79153160796025
18,2112038889103;21,6018227280794;7,7572886432734
18,2113427777992;21,6231977463285;7,75166797660361
18,2114816666881;21,5947351152763;7,76031339836774
18,2116202777992;21,5950877975543;7,74848106446268
18,2117594444659;21,599652388227;7,75419832164988
18,2118986111325;21,5903701000638;7,77037479106636
18,2120372222436;21,584540121952;7,76901669649021
18,2121763889103;21,5851683278974;7,74321524013047
18,2123150000214;21,5649828262026;7,73462765179292
18,2124538889103;21,5716961835967;7,73533724802019
18,2125927777992;21,5493642373443;7,72700801704161
18,2127316666881;21,5400129111046;7,73571934037219
18,212870555577;21,5373117187368;7,74648247086446
18,2130094444659;21,5528218517505;7,74590759925326
18,2131483333547;21,5130096908923;7,70572767063106
18,2132875000214;21,5271409130697;7,75284804776246
18,2134261111325;21,5356935491488;7,71597389345644
18,2135650000214;21,5215864243634;7,7248166014694
18,2137038889103;21,5084692441895;7,75275173740127
18,213843055577;21,4823493955705;7,73571934037219
18,2139813889103;21,5047053467098;7,68694697461487
18,214120555577;21,4867390846566;7,70630244286968
18,2142594444659;21,4975689022597;7,70326992256784
18,214398055577;21,4677919346915;7,70051150227371
18,2145369444659;21,4752594316601;7,69816593663006
18,2146758333548;21,4409690965928;7,70529911729724
18,2148147222436;21,4823742293397;7,68685878631305
18,2149536111325;21,4712495277721;7,69453598680491
18,2150925000214;21,444093295356;7,69240581203451
18,2152313889103;21,4353658088907;7,67653075588851
18,2153702777992;21,455349442237;7,67594805016995
18,2155091666881;21,4366506691297;7,69562768724631
18,215648055577;21,42577433771;7,6955540717824
18,2157875000214;21,4217644717895;7,68912283778241
18,2159261111325;21,3881555404299;7,67822793621627
18,2160647222436;21,420124622154;7,67041573850457
18,2162038889103;21,405034331687;7,69115198628188
18,2163425000214;21,4009200343218;7,67980597556263
18,2164816666881;21,3965791402223;7,6553081493189
18,216620555577;21,3939813568626;7,66469066864065
18,2167591666881;21,3858319519966;7,66244140119599
18,2168983333547;21,3674642813254;7,65665842320632
18,2170372222436;21,3678169956455;7,66118757544336
18,2171761111325;21,3310227412534;7,66118008771517
18,2173147222436;21,3589580558548;7,62120016093365
18,2174538889103;21,3439186884708;7,63016983747175
18,2175927777992;21,3470213840516;7,62299817765322
18,2177313889103;21,3297606379219;7,62061753799074
18,217870555577;21,3516686718677;7,62003502187977
18,2180094444659;21,3394007906832;7,64283536926467
18,2181483333548;21,3382668540762;7,60370855068965
18,2182872222436;21,3383155116915;7,63183648457738
18,2184263889103;21,3369585263718;7,6284570358433
18,2185652777992;21,3264582537738;7,59641333934044
18,2187038889103;21,3136359168934;7,5827752418364
18,2188425000214;21,3130328125893;7,58551067162699
18,2189813889103;21,3023831151623;7,59836143856177
18,219120555577;21,3170699531615;7,58640552018451
18,2192591666881;21,2901730809785;7,60296386235717
18,2193983333548;21,2976386034279;7,61102705760982
18,2195375000214;21,3120773089709;7,61315256275981
18,2196758333547;21,2806066387081;7,57252887987721
18,2198150000214;21,274245898003;7,57759800290006
18,2199538889103;21,3012006326032;7,54953150507657
18,2200927777992;21,2651638785965;7,55338943046928
18,2202316666881;21,2509827539768;7,568408247185
18,2203702777992;21,2701872844848;7,54715514425493
18,2205094444659;21,262817228417;7,56255193352828
18,2206486111325;21,2716524415003;7,56711602209907
18,2207872222436;21,2527521243734;7,58071142989007
18,2209263889103;21,2493430929561;7,55464325622194
18,2210650000214;21,2491900828644;7,55332380994201
18,2212038889103;21,2319098222704;7,52966694685742
18,2213425000214;21,2304932515917;7,54576995806997
18,2214816666881;21,2150990137606;7,53433541848932
18,221620555577;21,229586147534;7,5559627666774
18,2217594444659;21,2228240385916;7,53952807632282
18,2218983333548;21,1985708896396;7,55161136984711
18,2220372222436;21,2044007050248;7,54155719151098
18,2221758333547;21,1995051046899;7,52619114704208
18,2223152777992;21,2105346641132;7,5355464557793
18,2224538889103;21,1991037740607;7,54181565429116
18,222593055577;21,1699925011527;7,54341690317551
18,2227313889103;21,1891109466798;7,51883012845212
18,222870555577;21,1920127389565;7,52795430014464
18,2230094444659;21,1667133443837;7,50854097803025
18,2231486111325;21,1607323047292;7,51985630716018
18,2232872222436;21,1496541570516;7,49734933989518
18,2234261111325;21,1503867799937;7,49641953927753
18,2235650000214;21,1506911074866;7,50535446913955
18,2237038889103;21,117580694781;7,52187803317599
18,2238427777992;21,130804205997;7,51380732578642
18,2239816666881;21,1184178339119;7,48963348910976
18,224120555577;21,1153361920205;7,496840060034
18,2242591666881;21,1021126308556;7,48384289304778
18,2243986111325;21,0968412581186;7,48402869407488
18,2245372222436;21,1164468562202;7,50449022611662
18,2246763889103;21,0835940238393;7,48220691678324
18,2248150000214;21,1143016367032;7,49175164391295
18,2249538889103;21,0879354604386;7,48593757034826
18,2250927777992;21,1044876467281;7,48660896369472
18,2252316666881;21,0857647174682;7,48040536967946
18,2253708333548;21,0545982723137;7,4844561636792
18,2255094444659;21,0810688167366;7,48267842018745
18,2256486111325;21,063608423416;7,47792862855914
18,2257872222436;21,0674187201002;7,46516653671563
18,2259258333547;21,0518715995269;7,48368093391787
18,2260647222436;21,0563890706456;7,46937931485246
18,2262038889103;21,0527088040482;7,48224166345932
18,2263425000214;21,0391811176888;7,45912492973895
18,2264813889103;21,0373146935794;7,47063314060509
18,226620555577;21,0434971045402;7,45805677050797
18,2267591666881;20,9921469034194;7,44102356321599
18,2268983333548;21,0157880496255;7,47011632071391
18,2270369444659;20,9660059665453;7,46808728509478
18,2271761111325;20,9810458260114;7,45927955580893
18,2273147222436;21,004308731359;7,44362766285607
18,2274538889103;20,9865424902628;7,44973483514474
18,2275927777992;20,9747332532579;7,45224248665005
18,2277316666881;20,9943643975676;7,45696486052589
18,227870555577;20,9585368096343;7,4407891190321
18,2280091666881;20,9609347191522;7,46284472575812
18,228148055577;20,958937926856;7,45667545616882
18,2282872222436;20,9576783640691;7,41884055815336
18,2284261111325;20,9475070368034;7,47663665463176
18,2285650000214;20,931558922406;7,45468461914302
18,2287036111325;20,9405966906539;7,43041433433154
18,2288427777992;20,9315119691172;7,44008639652867
18,2289819444659;20,9267949313792;7,42153379687426
18,2291202777992;20,941656208619;7,42027997112163
18,2292594444659;20,8983047299802;7,41526471914062
18,2293983333547;20,9153640413268;7,42935336145163
18,2295372222436;20,9068578759944;7,41996329060856
18,2296761111325;20,9032700288445;7,42799582190707
18,2298147222436;20,8883120550407;7,42115163389013
18,2299538889103;20,9125088565354;7,39183508040438
18,2300927777992;20,8948472010351;7,40301226082781
18,2302316666881;20,9252249795883;7,41938825991059
18,230370555577;20,8912381772564;7,40212039459226
18,2305094444659;20,9001228545901;7,42429983188742
18,2306483333548;20,8966913584481;7,41240940697023
18,2307869444659;20,8744058896937;7,39768023811195
18,2309258333547;20,8672684269408;7,39507613847189
18,2310650000214;20,883643321431;7,3855659082443
18,2312036111325;20,8678223565069;7,40044625352255
18,231343055577;20,8759745007042;7,39218260299307
18,2314813889103;20,8736989299464;7,39202066761999
18,231620555577;20,8473313768718;7,39398422848976
18,2317594444659;20,8497517104901;7,38069832227956
18,2318983333547;20,8514734217449;7,38186265256755
18,2320372222436;20,8529598669181;7,36444010595332
18,2321761111325;20,8246224711273;7,36042023716908
18,2323150000214;20,8074373877477;7,38707085184771
18,2324538889103;20,8139725294221;7,37222147580067
18,2325927777992;20,8297663716509;7,36077510149411
18,2327313889103;20,7948057837226;7,36643095099669
18,232870555577;20,7832431239749;7,36643095099669
18,2330094444659;20,7846343694456;7,37064373945981
18,2331483333547;20,78160375907;7,35707203463113
18,2332872222436;20,8012550368876;7,35704096745749
18,2334261111325;20,7981774381159;7,34305605468109
18,2335650000214;20,7647232568106;7,3596450670976
18,2337038889103;20,7777724200665;7,36218378577649
18,2338427777992;20,768839265178;7,3647878854166
18,2339816666881;20,7834219524321;7,33003548970851
18,234120555577;20,7666462173238;7,36787770830733
18,2342597222436;20,7479967594748;7,32913653474822
18,2343983333548;20,7581410757464;7,35270438638366
18,2345375000214;20,7334611229587;7,34909785172607
18,2346761111325;20,7383829942725;7,33482342951152
18,2348150000214;20,727658702273;7,31209613663236
18,2349541666881;20,7264464973854;7,29775634920199
18,235093055577;20,7353263924391;7,32949140679565
18,2352316666881;20,7139300692099;7,32273994592416
18,235370555577;20,7011865596022;7,33202335827033
18,2355094444659;20,7233638367456;7,32437965565032
18,2356483333547;20,7046922671421;7,31280587947219
18,2357875000214;20,7062352027087;7,30290622060335
18,2359261111325;20,6795631259196;7,29441520621378
18,2360650000214;20,6813813606459;7,29355072305199
18,2362038889103;20,6639691513835;7,31234762688572
18,2363427777992;20,6792103381202;7,30373975479927
18,2364816666881;20,6804748838101;7,3371691931699
18,236620555577;20,6549573702591;7,28408832338405
18,2367594444659;20,6464302670179;7,27024121156578
18,2368983333547;20,638382579683;7,31897151599611
18,2370372222436;20,6373442001014;7,28689232358681
18,2371763889103;20,6345722829988;7,27293473538114
18,2373152777992;20,6353050059143;7,31125566521064
18,2374541666881;20,6385825465237;7,26965895731246
18,2375927777992;20,6008804993915;7,28351312004986
18,2377319444659;20,6062609567491;7,26991044756585
18,2378702777992;20,5935436745065;7,29418795410885
18,2380091666881;20,6008114600063;7,26078579568139
18,238148055577;20,5951828665363;7,25506082201713
18,2382869444659;20,5970492184231;7,25560870018168
18,2384261111325;20,5656124121415;7,27470532749663
18,2385647222436;20,5671196430536;7,26052063039731
18,2387036111325;20,5932173546442;7,23648095334045
18,2388425000214;20,5873886047123;7,2701757477368
18,2389813889103;20,5542023612425;7,24390730531607
18,2391202777992;20,5741393832171;7,25541570053306
18,2392591666881;20,5750721828309;7,24290496981683
18,2393983333547;20,5841791472661;7,22126955542552
18,2395369444659;20,5565262785207;7,24972188495315
18,2396761111325;20,5429242591092;7,23635337802386
18,2398150000214;20,5587454168993;7,22824833879923
18,2399538889103;20,5642429727547;7,23420059344971
18,2400927777992;20,5289478678141;7,22188978735628
18,2402316666881;20,5299503025972;7,21526583467212
18,2403702777992;20,5337125154646;7,21761157040686
18,2405094444659;20,5427979779683;7,22037758581749
18,240648055577;20,5097171474548;7,21410162202517
18,2407872222436;20,5052221625779;7,19925197330073
18,2409261111325;20,4874090255794;7,20686457272967
18,2410647222436;20,5019229684004;7,17481619123635
18,2412036111325;20,4867025917834;7,18915593529215
18,2413427777992;20,5112299882327;7,18897001664462
18,2414816666881;20,4734805164428;7,19943790509211
18,241620555577;20,4862188110672;7,20596564606328
18,2417594444659;20,4846842626955;7,177582159114
18,2418983333548;20,4618968427945;7,17275614361213
18,2420372222436;20,4593457897458;7,19979604076644
18,2421761111325;20,4924840022016;7,17259427953454
18,2423150000214;20,4300808654817;7,16915654231707
18,2424538889103;20,4581913320442;7,17905630456738
18,2425927777992;20,4727741987666;7,16565349930235
18,2427316666881;20,4394926645217;7,16764439246677
18,242870555577;20,4269761912591;7,14208576649636
18,2430094444659;20,445453172834;7,17700014192508
18,2431486111325;20,4383858299075;7,1635661634181
18,2432869444659;20,3989507688123;7,13019510877109
18,2434261111325;20,4226603154643;7,1529224646327
18,2435650000214;20,4093705396332;7,13015710021466
18,2437038889103;20,3842896359071;7,1640760918595
18,243843055577;20,3967795900371;7,15771051496151
18,2439816666881;20,4031618369831;7,15385258956877
18,244120555577;20,4008379197048;7,13829313917529
18,2442597222436;20,3810328241898;7,14118683210279
18,2443983333547;20,3788403121382;7,156191883177
18,2445372222436;20,3659231251631;7,13308493989513
18,2446758333547;20,3693805831562;7,13829313917529
18,2448150000214;20,3561786789467;7,11910007435466
18,2449538889103;20,3380127019515;7,13308493989513
18,2450927777992;20,3363469533813;7,14426973323285
18,2452319444659;20,3672567290025;7,13128705440138
18,2453702777992;20,3260016959656;7,14151055669208
18,2455094444659;20,3149715032596;7,12346800782993
18,2456483333548;20,3323839429116;7,13822118654406
18,2457872222436;20,3146453984159;7,13623693730921
18,2459261111325;20,2923369670278;7,10926570911025
18,2460650000214;20,3095221628066;7,13577889153996
18,2462041666881;20,2917836183109;7,11862133259297
18,246343055577;20,3063968879309;7,13133913977981
18,2464816666881;20,303367193103;7,1233713826862
18,2466208333548;20,2927946708041;7,11717452293749
18,2467594444659;20,2919363030505;7,1121525043385
18,2468983333547;20,2915568231329;7,11777440623661
18,2470375000214;20,2752088277348;7,10887657206396
18,2471763889103;20,2781068828403;7,08968352811002
18,2473150000214;20,2512820799073;7,10452681409126
18,2474538889103;20,2687214555084;7,11800812070231
18,2475927777992;20,2420703121706;7,10611061220928
18,2477319444659;20,2726575423873;7,10600750951488
18,247870555577;20,2349345498883;7,0909307173672
18,2480097222436;20,2492902248765;7,09610762838668
18,2481486111325;20,2400784504119;7,08598076699329
18,2482872222436;20,2219332124875;7,1034998580096
18,2484261111325;20,2193879813118;7,08916678842283
18,2485650000214;20,218302319629;7,08816482884748
18,2487041666881;20,2316772347916;7,07549901579637
18,2488427777992;20,2188078514032;7,05595758210396
18,2489819444659;20,2146447200451;7,0500056127062
18,2491208333548;20,2075771082642;7,06855812952955
18,2492591666881;20,2002619053881;7,09485380263405
18,2493986111325;20,1960779298251;7,08539268684854
18,2495375000214;20,1878199461557;7,05939537459307
18,2496761111325;20,2021281930302;7,07090397223703
18,2498150000214;20,2107866268125;7,06965014648435
18,2499536111325;20,1797510279332;7,06652933925827
18,2500927777992;20,1588809993289;7,08238110239751
18,2502313889103;20,1489634042921;7,05704955952848
18,2503702777992;20,1373322743584;7,06928880747375
18,2505091666881;20,1734640384043;7,07279825950383
18,2506483333548;20,156936958148;7,06848664717728
18,2507872222436;20,1543650078862;7,06415222790798
18,2509258333547;20,1590814508789;7,05032270653274
18,2510647222436;20,1351814712651;7,04656777266226
18,2512038889103;20,1607678906978;7,04984381193481
18,2513425000214;20,1355614542601;7,05125943845883
18,2514816666881;20,1210053951124;7,05939537459307
18,251620555577;20,1241305642077;7,05511736385154
18,2517591666881;20,1249889276349;7,02904212220406
18,2518983333547;20,113384783117;7,04708450432531
18,2520375000214;20,1014214688422;7,04579278175484
18,2521761111325;20,1092154823147;7,0150911951396
18,2523150000214;20,10687044959;7,02978579720394
18,2524536111325;20,0931999193526;7,03968566228068
18,2525925000214;20,109526833611;7,01762375831265
18,2527316666881;20,0971900287875;7,02869380789198
18,252870555577;20,0598132855406;7,02763304478492
18,2530091666881;20,090523003012;7,01579453005877
18,2531483333548;20,0631180781959;7,02939703674843
18,2532872222436;20,0712712602361;7,01310026988045
18,2534261111325;20,0857796675712;7,02460886752442
18,2535647222436;20,0567358312499;7,01200828056847
18,2537036111325;20,0611263406751;7,02467404605858
18,2538425000214;20,0513343373989;7,01283550939962
18,2539816666881;20,0419222343344;7,00750331014478
18,2541208333548;20,0457325310185;7,00975249524052
18,2542594444659;20,036245810677;7,00550601514121
18,2543983333548;20,0458851539384;7,01286693591871
18,2545372222436;20,0420272331851;6,98750385534868
18,2546761111325;20,0180808720109;6,99891585067476
18,2548150000214;20,0053639058129;6,98033605927432
18,2549538889103;20,0123837460812;6,97284067265585
18,2550927777992;20,0031925292885;6,98928088488972
18,2552316666881;19,9938574506725;6,99004287806235
18,2553702777992;19,9873951534246;6,95043666805356
18,2555094444659;20,0133168423358;6,97198215911325
18,2556483333547;19,9989689296028;6,97647188658479
18,2557872222436;19,978047544879;6,94291393781168
18,2559266666881;19,9572737616565;6,97184532365344
18,2560650000214;19,9659343723998;6,98274701749148
18,2562038889103;19,9425358577937;6,98679808430711
18,2563427777992;19,9640519596291;6,9611181643977
18,2564816666881;19,9430958858383;6,95901772172266
18,256620555577;19,9368365924867;6,95152870106159
18,2567594444659;19,9187220289816;6,9603365967476
18,2568983333547;19,9291483405264;6,9614664385816
18,2570372222436;19,9403372470403;6,94628686036299
18,2571761111325;19,938677932401;6,94483984590445
18,2573152777992;19,9117414795858;6,95683358850832
18,2574538889103;19,923988273265;6,9556764718034
18,2575925000214;19,8854573354538;6,94182190093872
18,2577316666881;19,8814172886687;6,9329489019305
18,257870555577;19,8828256369887;6,95291062283138
18,2580097222436;19,8813484979102;6,94162879615146
18,2581483333548;19,8795829226591;6,94525981233016
18,2582872222436;19,9217897809313;6,91857152385461
18,2584261111325;19,8946296496727;6,92204721968966
18,2585650000214;19,8510449725293;6,90021226799809
18,2587041666881;19,8591181063636;6,90509742637124
18,2588427777992;19,8602174471192;6,92686909396582
18,2589816666881;19,8389113185904;6,91935286496619
18,2591208333547;19,8323153360442;6,88571713926106
18,2592597222436;19,8296049771093;6,93050022878424
18,2593983333547;19,8295843481139;6,88783639041878
18,2595372222436;19,841158124292;6,90667429303087
18,2596761111325;19,811771883328;6,89459009611286
18,2598150000214;19,8073817229181;6,91506242870886
18,2599538889103;19,8190822452268;6,87285813846773
18,2600927777992;19,8067460545178;6,92339749357711
18,2602316666881;19,80038016756;6,89234091749182
18,260370555577;19,82002708032;6,85890485021793
18,2605094444659;19,793224417219;6,89160377524183
18,2606483333547;19,7992327029266;6,89780139923499
18,2607872222436;19,7903111584073;6,87632754388113
18,2609263889103;19,8027132544303;6,87047862639611
18,2610650000214;19,8049804989293;6,87764636359051
18,2612038889103;19,7917677768183;6,8724696184884
18,2613427777992;19,7821418119636;6,85209425369808
18,2614816666881;19,7720727611616;6,86349994195029
18,261620555577;19,7655043584123;6,87453198595182
18,2617591666881;19,7682148357688;6,83330879960374
18,2618983333548;19,7612410612375;6,84880541214011
18,2620372222436;19,7559268806766;6,83572586235371
18,2621761111325;19,7717154672231;6,84192353192179
18,2623150000214;19,740061931977;6,83272734175682
18,2624538889103;19,7512784088219;6,82793891851691
18,2625925000214;19,7228162628704;6,83826494936693
18,2627313889103;19,7303296425802;6,83565476930232
18,262870555577;19,7213120182623;6,82157942204341
18,2630094444659;19,7289214029276;6,80251386208084
18,2631483333547;19,699514254954;6,81810120876548
18,2632869444659;19,7072507052979;6,80122241902865
18,2634261111325;19,7301273100383;6,83346456171864
18,2635650000214;19,6928983299986;6,83456262535634
18,2637038889103;19,7269050204634;6,82626312073842
18,2638425000214;19,6985693528487;6,80746389958625
18,2639816666881;19,6866108044469;6,80617858300391
18,264120555577;19,6702619755748;6,79215629435575
18,2642594444659;19,6693449379227;6,77730616934434
18,264398055577;19,6966881090291;6,81449598237705
18,2645369444659;19,6820666835747;6,77807486667234
18,2646761111325;19,6694999572796;6,78608081504552
18,2648150000214;19,6954539001457;6,80341275395875
18,2649536111325;19,6415778876839;6,7692668877097
18,2650925000214;19,6768584842945;6,7794196864096
18,2652313889103;19,6440855391891;6,79219391165532
18,265370555577;19,6518013899745;6,79547028369279
18,2655091666881;19,6342193525217;6,7646717825246
18,265648055577;19,6304954015399;6,76833649280624
18,2657872222436;19,6266374761472;6,77926383679909
18,2659261111325;19,6398702994968;6,79418491177887
18,2660652777992;19,6312100477568;6,7568910297656
18,2662038889103;19,6143215729645;6,77968363664493
18,2663427777992;19,5917821732019;6,78244942999274
18,2664816666881;19,6190767819759;6,77525022255708
18,266620555577;19,6064992448498;6,80688238193241
18,2667594444659;19,591607424467;6,76569902836516
18,2668983333547;19,5733411668661;6,77614312333301
18,2670372222436;19,5624030183584;6,76389699085411
18,2671761111325;19,5868043964674;6,76533825872616
18,2673147222436;19,5752510431737;6,73563768735247
18,2674538889103;19,5757902471493;6,77305992980553
18,2675927777992;19,5469713167876;6,75907533729651
18,2677316666881;19,542728584087;6,72901397664506
18,267870555577;19,5454666750594;6,75972174888619
18,2680094444659;19,5465670966452;6,7692668877097
18,268148055577;19,546026982268;6,74582799087091
18,2682869444659;19,5390046500266;6,73631004365319
18,2684261111325;19,5111026730453;6,75929594604366
18,2685650000214;19,5368543250417;6,74823877565632
18,2687038889103;19,5252319705592;6,7356639917885
18,2688427777992;19,5242876028207;6,72406391117431
18,2689816666881;19,5531347143059;6,73004132834853
18,2691202777992;19,5215576336466;6,71512622995689
18,2692594444659;19,5272483530233;6,72657156267957
18,2693983333548;19,4936069197559;6,7224814146843
18,2695372222436;19,501216193548;6,73261378013029
18,2696761111325;19,4890068222958;6,72271363728683
18,2698150000214;19,474519388798;6,74766322715419
18,2699538889103;19,4636602751335;6,73171490633388
18,2700927777992;19,4638430412907;6,7188168779054
18,2702316666881;19,471809641287;6,71300677292382
18,270370555577;19,4627912698515;6,71773032959695
18,2705094444659;19,4657049603985;6,72216970123117
18,2706483333547;19,4457209220573;6,67751067265229
18,2707872222436;19,4207114252009;6,72116853430515
18,2709261111325;19,4465696429759;6,69917792520681
18,2710650000214;19,4462600852963;6,71293055445219
18,2712038889103;19,4197946893227;6,70595748970027
18,2713427777992;19,4302689449;6,70303585059955
18,2714813889103;19,4016248121508;6,69442113501299
18,271620555577;19,4280709507651;6,70580159633641
18,2717597222436;19,401604595501;6,70322918122901
18,2718983333547;19,4177499908915;6,69551333044356
18,2720372222436;19,4159570100493;6,68410118458746
18,2721761111325;19,3994055417582;6,68792168848933
18,2723152777992;19,3740793203322;6,68113647068668
18,2724538889103;19,3966673830858;6,6789894334421
18,2725927777992;19,4078838232701;6,67844714999734
18,2727316666881;19,3885941963065;6,68792168848933
18,272870555577;19,3824895072676;6,68448345163384
18,2730094444659;19,3903596926718;6,68576900828714
18,2731486111325;19,3798854076275;6,67567541315651
18,2732872222436;19,3738092752165;6,68133545462535
18,2734261111325;19,3556861953508;6,66516090270954
18,2735650000214;19,3662953817962;6,66795956237107
18,2737038889103;19,3821606884686;6,65892514091576
18,2738425000214;19,3639420439072;6,65654743615877
18,2739816666881;19,3376310405488;6,68425713593052
18,2741202777992;19,3431965921253;6,66992330876923
18,2742591666881;19,3501025342454;6,66227224926499
18,274398055577;19,3294048597951;6,67127358265668
18,2745372222436;19,3191037954753;6,64754472692081
18,2746761111325;19,3316228159472;6,67142953399974
18,2748147222436;19,3143292122002;6,65751545133327
18,2749536111325;19,3113677575123;6,64365506162994
18,2750927777992;19,3222481599867;6,64700221759847
18,2752313889103;19,2900344829575;6,63889827530545
18,275370555577;19,2875268314522;6,63687555048222
18,2755091666881;19,2993025232913;6,65928010960644
18,2756483333547;19,265922449253;6,61195756115859
18,2757872222436;19,2907766973562;6,62914846686851
18,2759258333547;19,2970356141686;6,64271880718988
18,2760650000214;19,2862529364359;6,63043957417506
18,2762036111325;19,2550622339561;6,62101846919998
18,2763427777992;19,2749685046622;6,61243669492484
18,2764813889103;19,2422632855427;6,62973526813789
18,276620555577;19,2644655264994;6,61655270651312
18,2767594444659;19,2132129466337;6,61683740642081
18,276898055577;19,2490338249285;6,61195756115859
18,2770372222436;19,2247390956857;6,60375727371346
18,2771758333548;19,2429291562686;6,62159417077959
18,2773150000214;19,2310284269334;6,6151321457468
18,2774538889103;19,2039925459686;6,60249797977792
18,2775927777992;19,2227229720857;6,60870743026024
18,2777316666881;19,2262724584025;6,61977027866388
18,2778708333548;19,2128568383995;6,5813787990445
18,2780094444659;19,194463668584;6,61481447886163
18,2781486111325;19,2059899343121;6,58597952714484
18,2782872222436;19,1985234397753;6,57639682340363
18,2784258333547;19,197376257487;6,60449452843611
18,2785647222436;19,1977625060508;6,60317607751338
18,2787036111325;19,1907599815499;6,59754777945724
18,2788425000214;19,2067796733459;6,57404524031435
18,2789813889103;19,1479469349703;6,56652829367374
18,279120555577;19,1764754456462;6,57498139918181
18,2792594444659;19,1467317415012;6,59626211204693
18,2793983333547;19,1630886682734;6,55511060013737
18,2795372222436;19,1489308617188;6,56154078351247
18,2796758333547;19,1428551056395;6,5435049823015
18,2798150000214;19,1430568127261;6,56742714686555
18,2799538889103;19,1147300474651;6,57221571298214
18,2800927777992;19,1476094759455;6,56832600131506
18,2802316666881;19,1338840113449;6,57054782557395
18,2803708333548;19,1232080978366;6,56061015052961
18,2805094444659;19,114499354003;6,55208696262659
18,2806483333548;19,0830954350807;6,54498409080375
18,2807872222436;19,1197075532831;6,53708032279215
18,2809261111325;19,0871839861717;6,54443566292525
18,2810647222436;19,0907928389081;6,5181401600077
18,2812038889103;19,0897697574557;6,54311728608855
18,2813427777992;19,0938017172004;6,53723636166382
18,2814813889103;19,0939850827598;6,55025738890205
18,281620555577;19,1060505902403;6,52016320639729
18,2817597222436;19,0730550677313;6,54015819191818
18,281898055577;19,0772703739633;6,52977853366224
18,2820372222436;19,085120470076;6,51939398576033
18,2821761111325;19,0840027592697;6,51022556470707
18,2823150000214;19,0476408747597;6,50328961890423
18,2824541666881;19,0675385046715;6,50527533251491
18,2825925000214;19,0320077029421;6,51611180833953
18,2827316666881;19,0691497194217;6,52530760257042
18,282870555577;19,043648687095;6,49261469204731
18,2830094444659;19,0476899780472;6,5094237973388
18,283148055577;19,0335594470763;6,49093593774353
18,2832872222436;19,0352000030518;6,50360729614459
18,2834261111325;18,9978452364057;6,49579447331618
18,2835652777992;19,0148288073268;6,48408652570799
18,2837038889103;19,0160842842648;6,47785038064103
18,2838427777992;19,0154586164265;6,48508687820143
18,2839819444659;19,0211960354102;6,46557130489401
18,284120555577;19,0118689617149;6,49990561428157
18,2842594444659;19,0022440127099;6,4881755945737
18,2843983333548;19,0221218611776;6,45975474024735
18,2845372222436;19,0048188134981;6,48431240567385
18,2846761111325;18,9782473209783;6,45695720464539
18,2848152777992;18,97970265872;6,46451150073432
18,2849541666881;19,001886604637;6,47366947692845
18,2850927777992;18,9749009306976;6,46200933550955
18,2852316666881;18,9668570799269;6,46447896651364
18,285370555577;18,9707150053196;6,45236200302406
18,2855097222436;18,9894164107791;6,45432051537858
18,285648055577;18,9758447333273;6,45280377538168
18,2857869444659;18,9325111159264;6,45306668962598
18,2859258333547;18,9726817217867;6,47055400398048
18,2860647222436;18,935606883782;6,45881870884915
18,2862036111325;18,9620062968825;6,44255162148912
18,2863427777992;18,932443947568;6,44937027544091
18,2864813889103;18,9546478636597;6,4517757503248
18,286620555577;18,9092963952117;6,44100719314059
18,2867594444659;18,9045893386053;6,4205659968886
18,286898055577;18,9133282708431;6,45438500205603
18,2870372222436;18,8860532877416;6,4553157857319
18,2871758333547;18,8871124492948;6,42063056666896
18,2873147222436;18,899072892921;6,42020579717038
18,2874536111325;18,9008382395897;6,43859660840326
18,2875925000214;18,8702641808524;6,42795878951134
18,2877313889103;18,8791289740972;6,4345451681078
18,287870555577;18,8868448248826;6,42374586445723
18,2880091666881;18,8678633777686;6,42187907321386
18,2881483333547;18,8547256529044;6,38985889529641
18,2882872222436;18,8456614713154;6,43239776815454
18,2884258333547;18,8412428039329;6,4298854950114
18,2885650000214;18,8665898367364;6,3994741162939
18,2887036111325;18,8245593948924;6,41927497357381
18,2888427777992;18,8486210277831;6,40577458663017
18,2889816666881;18,8425637393488;6,42644198187065
18,289120555577;18,8190431413784;6,39982383957334
18,2892594444659;18,8026656682887;6,42239049419391
18,289398055577;18,8043418784989;6,42750224533924
18,2895372222436;18,7821200972895;6,39998534661018
18,2896758333547;18,7854390225647;6,35243641614494
18,2898150000214;18,8041207001856;6,38400982509634
18,2899538889103;18,7922387862332;6,37928038685712
18,2900925000214;18,8041207001856;6,39303883622065
18,2902316666881;18,7742501546955;6,37375436134823
18,2903708333547;18,7605837828402;6,3955785787289
18,2905091666881;18,7653578961334;6,38879858957895
18,290648055577;18,769448659604;6,40808821654252
18,2907869444659;18,7764496602622;6,37696688981293
18,2909261111325;18,7580269404716;6,38342891484572
18,2910650000214;18,7562143534846;6,36931544258022
18,2912038889103;18,7308694056768;6,37577746761303
18,2913427777992;18,7249660420338;6,36311136884598
18,2914816666881;18,7312247538716;6,3600878266615
18,2916202777992;18,7418823984167;6,37098363833593
18,2917594444659;18,7425972403793;6,35716078028761
18,2918983333547;18,7288042816621;6,36744866742498
18,2920372222436;18,7139805152331;6,37664397466895
18,2921761111325;18,7172798423569;6,38985391036573
18,2923150000214;18,7027641606995;6,382912432284
18,2924536111325;18,7224091901766;6,3744222087949
18,2925925000214;18,7053015807723;6,36410225836937
18,2927316666881;18,7101225898404;6,33829054819262
18,292870555577;18,7012402310836;6,36194963238319
18,2930094444659;18,6968904271229;6,35455668064751
18,2931483333548;18,6924245835472;6,35934553274311
18,2932872222436;18,7080126786348;6,3653882582837
18,2934261111325;18,6988395557395;6,34590502164247
18,2935650000214;18,6819702013241;6,36118017308732
18,2937041666881;18,669527520891;6,34070113292992
18,2938427777992;18,6970273201927;6,34153553222791
18,2939819444659;18,665823649626;6,33494912145318
18,294120555577;18,6691425993933;6,34709874540388
18,2942594444659;18,6689392362731;6,34324082001115
18,2943983333547;18,6453871231301;6,3423099648312
18,2945372222436;18,6490910110406;6,33697234660045
18,2946758333547;18,6493119042711;6,33709678062036
18,2948150000214;18,6402753719847;6,33787115332404
18,2949538889103;18,6378746687555;6,34224556127847
18,295093055577;18,6590535289002;6,3334373601935
18,2952319444659;18,6566034708254;6,35747879782062
18,295370555577;18,6291061565933;6,31983535211307
18,2955094444659;18,620474274973;6,33697234660045
18,2956483333547;18,6059114732601;6,3375161355541
18,2957875000214;18,6316435575776;6,30996686885143
18,2959261111325;18,6278051998638;6,30716434412318
18,2960650000214;18,6141859477524;6,3488641506768
18,2962038889103;18,5921185233366;6,30926192842833
18,296343055577;18,6162314236856;6,30662058616963
18,2964816666881;18,5956386538115;6,3039242309392
18,296620555577;18,5733897419971;6,29710719462537
18,2967594444659;18,6000377817697;6,31613402066125
18,2968983333548;18,5833353613805;6,29552634942331
18,2970372222436;18,5656716561044;6,28740019098791
18,2971761111325;18,56040583827;6,30212187900275
18,2973150000214;18,5788864278322;6,29209253117318
18,2974538889103;18,5500881813714;6,31320710961262
18,2975925000214;18,5404807875462;6,27572499985592
18,2977313889103;18,5375686085449;6,28662089140698
18,2978702777992;18,5564537582694;6,28849252936831
18,2980091666881;18,5558953607287;6,29835609117725
18,298148055577;18,5109480610878;6,30700775018229
18,2982869444659;18,5427572696738;6,28771330549242
18,2984258333547;18,5373481431211;6,28517840842528
18,2985647222436;18,526737199308;6,27151204894415
18,2987038889103;18,5122513113491;6,28662089140698
18,2988427777992;18,5067052054031;6,28402166523296
18,2989816666881;18,4911583709976;6,28861693120143
18,2991202777992;18,5042364293326;6,28791169063643
18,2992591666881;18,5135051371018;6,27489052128792
18,2993983333547;18,4855351780046;6,27957821901634
18,2995372222436;18,4901354930282;6,27649456645975
18,2996761111325;18,4956516874843;6,274535503518
18,2998147222436;18,49325102879;6,26389763122421
18,2999536111325;18,4581722554385;6,25829736938357
18,3000925000214;18,458142447224;6,2623214902514
18,3002316666881;18,4261321499595;6,26289739792514
18,300370555577;18,4241163838618;6,27372907095446
18,3005091666881;18,4549797870035;6,26791201912488
18,300648055577;18,4203055405214;6,26598099055593
18,3007872222436;18,4506129357798;6,25138795116172
18,3009261111325;18,4080192253332;6,24318847146941
18,3010650000214;18,3961950097155;6,25865241166503
18,3012036111325;18,4171624734215;6,22669657475961
18,3013427777992;18,4048267568982;6,23553689465706
18,3014816666881;18,3957030680068;6,24572836159942
18,301620555577;18,4290741226538;6,25038787731791
18,3017591666881;18,3926945332244;6,24855809046619
18,3018983333547;18,3949411839629;6,24746099012197
18,3020372222436;18,3941518386391;6,2156713665097
18,3021761111325;18,3979027325045;6,23370234999439
18,3023150000214;18,36714636089;6,24235394520895
18,3024536111325;18,3753136276439;6,22550312819186
18,3025927777992;18,367193316583;6,24126156302023
18,3027316666881;18,3651803304415;6,2211656034292
18,3028702777992;18,3607312915502;6,21142627710435
18,3030091666881;18,3416451275955;6,18866588876068
18,3031483333547;18,3732040343639;6,22212857381624
18,3032875000214;18,3616771554308;6,2152155550659
18,3034258333547;18,3675340742384;6,22270929272628
18,3035650000214;18,3502573539045;6,22119758332289
18,3037038889103;18,3425884975283;6,1875044384272
18,3038427777992;18,3341602585275;6,21142627710435
18,3039813889103;18,3085820517873;6,20721331718229
18,304120555577;18,3538073425626;6,16387734663908
18,3042594444659;18,3170703884447;6,20534659835789
18,304398055577;18,3050621002927;6,18442079935531
18,3045372222436;18,3107817244538;6,21142170050845
18,3046758333548;18,3069043790459;6,18943538382274
18,3048150000214;18,3166854273606;6,16680428988573
18,3049538889103;18,3174278536875;6,18203764626026
18,3050927777992;18,294434238272;6,1818809646781
18,3052316666881;18,3054195546065;6,18303766048513
18,305370555577;18,2590007892785;6,15834635145436
18,3055094444659;18,3166358764708;6,15654384214002
18,3056486111325;18,2734562962792;6,14718381416156
18,3057872222436;18,2949925726538;6,17801833305307
18,3059261111325;18,2958722918158;6,13436045415924
18,3060652777992;18,2819145479364;6,1830616330225
18,3062038889103;18,2636011721899;6,12516877959436
18,3063427777992;18,2680172556375;6,14638530338169
18,3064816666881;18,2536552444347;6,1713995826118
18,306620555577;18,2720484999595;6,16882769386882
18,3067594444659;18,2541968491482;6,14577289799698
18,306898055577;18,2727413971486;6,11899285116345
18,3070372222436;18,2279531433281;6,12831757773651
18,3071761111325;18,2400658216171;6,14474450315981
18,3073150000214;18,2398348229304;6,13217550312925
18,3074538889103;18,2316075557483;6,14490587516937
18,3075927777992;18,2328613815009;6,10188816747498
18,3077316666881;18,2056551154526;6,10188816747498
18,307870555577;18,2145645713533;6,11825103429427
18,3080094444659;18,2075442751066;6,11053518350886
18,3081486111325;18,2312032211603;6,09491422900197
18,3082872222436;18,2411657063429;6,11565134393834
18,3084261111325;18,1944856405463;6,10115074378442
18,3085652777992;18,191216217112;6,11831962535834
18,3087038889103;18,1869237351876;6,10204951562491
18,3088427777992;18,189373889401;6,09651863197644
18,3089819444659;18,1954316131619;6,10407756776024
18,309120555577;18,1930585800999;6,11439751818577
18,3092594444659;18,1674608314106;6,08151063950459
18,3093983333547;18,1907816605803;6,09787337092348
18,3095372222436;18,1750420807277;6,09073354766178
18,3096758333547;18,1777340212521;6,06280174397139
18,3098147222436;18,1658220357728;6,06842066469318
18,3099536111325;18,1687643447141;6,06723559700845
18,3100925000214;18,1577019340111;6,07305279648585
18,3102316666881;18,1370017207396;6,05340716070347
18,3103702777992;18,1289312650343;6,06189821663639
18,3105091666881;18,1588018772067;6,05727067723666
18,3106483333547;18,1417285108009;6,05713542468692
18,3107869444659;18,1194892594434;6,08995933476731
18,3109261111325;18,132247434837;6,04649726532341
18,3110647222436;18,1168851598032;6,05436997301948
18,3112036111325;18,0999685149677;6,08057496924579
18,3113427777992;18,1040575578725;6,06330891354784
18,3114813889103;18,1159390777836;6,05900329323663
18,3116202777992;18,1007577150791;6,03334770500743
18,3117594444659;18,0933993417961;6,04958093785885
18,3118983333548;18,0999685149677;6,03174340193851
18,3120372222436;18,0683434452157;6,04074087918025
18,3121761111325;18,0741097148325;6,04690847056798
18,3123147222436;18,0706092682706;6,05279024200431
18,3124538889103;18,0687476289079;6,06665044231474
18,3125925000214;18,0452425949621;6,03964838576803
18,3127316666881;18,0825680231366;6,03810008639118
18,3128702777992;18,0597475962057;6,01980999651238
18,3130094444659;18,0509621624762;6,03340740390814
18,3131483333548;18,0365807124627;6,03115836855369
18,3132869444659;18,0460043105511;6,03517761823227
18,3134258333547;18,0417421511589;6,00820457326975
18,3135650000214;18,0151409074093;6,02199495589403
18,3137038889103;18,0202365576243;6,01756094952441
18,3138427777992;18,0132325254548;6,03595180464751
18,3139816666881;18,0231949902031;6,02379758331438
18,314120555577;18,0019090714791;6,00852720215104
18,3142591666881;17,9629723359624;6,00431421509052
18,3143983333547;18,0000007649886;6,01755663367496
18,3145372222436;17,9776615800146;6,01447725051435
18,3146761111325;17,997800823884;6,01444044520488
18,3148150000214;17,960214358167;5,98779002398541
18,3149538889103;17,9987936120942;6,00383457575316
18,3150927777992;17,9763113061271;5,97445050861441
18,3152313889103;17,9923347574827;5,98930164602277
18,315370555577;17,9718953103978;6,00337875785672
18,3155094444659;17,9847727263578;5,98972082624732
18,3156483333548;17,9653292797337;6,01193279369963
18,3157872222436;17,9835189006052;5,95936938426536
18,3159261111325;17,9702373512687;6,01264290801902
18,3160650000214;17,947340083378;6,00547076866684
18,3162038889103;17,9661949519752;5,97968752509456
18,3163427777992;17,9599672733754;5,98466952771952
18,3164816666881;17,9505902263631;5,9793367495094
18,316620555577;17,9120768483384;5,96068728986899
18,3167594444659;17,9412822168807;5,99830369986037
18,3168983333548;17,9186927725914;5,97129822211133
18,3170369444659;17,9450934789202;5,96985067090927
18,3171761111325;17,9059530889565;5,96412607500326
18,3173150000214;17,9228422571342;5,94596569486239
18,3174538889103;17,9124183429101;5,98505702091344
18,3175927777992;17,9472903081014;5,9490452295725
18,3177316666881;17,8994942928446;5,95695902588551
18,317870555577;17,9151264063488;5,95820872130457
18,3180094444659;17,9002833684191;5,96406205063772
18,3181483333547;17,8974947636733;5,95225913485689
18,3182872222436;17,8898286976695;5,93506529928189
18,3184263889103;17,9039567887061;5,91969764080397
18,3185650000214;17,8572575254581;5,94335729750372
18,3187038889103;17,8861246170991;5,9425193189299
18,3188427777992;17,8969866413393;5,9205648184512
18,3189819444659;17,8728928899691;5,94878751295002
18,319120555577;17,8571036891273;5,91911721981256
18,3192594444659;17,8450185871684;5,92095146655657
18,3193986111325;17,8593502908253;5,94261984159357
18,3195375000214;17,8609150389174;5,94570366052693
18,3196763889103;17,863923213431;5,93323113577918
18,3198150000214;17,8235289769577;5,90809152408099
18,3199538889103;17,8606074625131;5,93798382869662
18,3200927777992;17,8324986534957;5,88982607479431
18,3202319444659;17,8540073882047;5,91406618441562
18,320370555577;17,8376104046411;5,92348739277014
18,3205094444659;17,8119552007795;5,9098258626222
18,3206483333548;17,8131624121703;5,89644938025202
18,3207872222436;17,8161240151703;5,86825844440116
18,3209261111325;17,8306868960934;5,91796071881109
18,3210647222436;17,8306868960934;5,88690354278339
18,3212036111325;17,819405161879;5,88564971703073
18,3213427777992;17,8196244372031;5,90622565803017
18,3214813889103;17,8065965070151;5,86308258566584
18,3216202777992;17,8065465759699;5,87626100345801
18,3217591666881;17,7527858797743;5,87516846618746
18,321898055577;17,8132123139577;5,88860888609554
18,3220369444659;17,7687289043657;5,86983152221464
18,3221758333547;17,7826565123885;5,88783477963617
18,3223147222436;17,7707252328503;5,86041031259921
18,3224536111325;17,7808415090836;5,87744707360434
18,3225927777992;17,7562089794993;5,88214686106269
18,3227316666881;17,7486776950792;5,86156677129259
18,322870555577;17,756751053314;5,85279504028219
18,3230094444659;17,7595399042957;5,88523067999608
18,323148055577;17,7421118317675;5,86667852243801
18,3232869444659;17,7494202120375;5,84961060289203
18,3234261111325;17,756982272733;5,86099059036925
18,3235650000214;17,7348702155019;5,8468452305861
18,3237036111325;17,7200118296122;5,82938565678847
18,3238427777992;17,7249541719251;5,85677759293347
18,3239813889103;17,7036492776046;5,86250216467442
18,3241202777992;17,7241616286557;5,83074000520475
18,3242594444659;17,7010451779645;5,85426994142821
18,3243983333548;17,7019139677756;5,83315034777252
18,3245369444659;17,698306222078;5,8437247852757
18,3246758333547;17,6700280602593;5,81344165990399
18,3248147222436;17,6900480457952;5,83851271659111
18,3249538889103;17,6905903712925;5,84909424916358
18,3250925000214;17,6794016266497;5,82990199440005
18,3252316666881;17,6770013346111;5,82845434831256
18,325370555577;17,6736546642739;5,82646305053575
18,3255094444659;17,6894250800561;5,80771709621953
18,3256483333547;17,6643274557425;5,80842328642004
18,3257872222436;17,6637386376929;5,80180395162611
18,3259261111325;17,6468029180852;5,81044732321612
18,3260650000214;17,6375221524583;5,80206167242682
18,3262036111325;17,6550612957917;5,8069796348712
18,3263427777992;17,635971704106;5,79472821386378
18,3264813889103;17,6329064730527;5,82719659733286
18,3266202777992;17,627205840591;5,80791089559631
18,3267594444659;17,6297911410933;5,81536516423481
18,3268983333547;17,6287984142386;5,79704339386149
18,3270372222436;17,6040582882347;5,80003378020314
18,3271761111325;17,5849223802414;5,79392684011293
18,3273147222436;17,6193175138819;5,79430924069229
18,3274538889103;17,60805509374;5,7964944149187
18,3275927777992;17,5871038368527;5,79321667148872
18,3277316666881;17,6159708123078;5,79774824067132
18,327870555577;17,5926382310269;5,8051455313485
18,3280094444659;17,6008966591;5,8003213038883
18,3281483333548;17,5691795562233;5,78739725382269
18,3282872222436;17,5878189404351;5,77595096220247
18,3284258333547;17,5777953896816;5,77296445362487
18,3285650000214;17,5770340113479;5,7888150889676
18,3287038889103;17,5709758258013;5,79752327315052
18,3288427777992;17,5735799254414;5,78353932843001
18,3289816666881;17,5561055094685;5,77974511303381
18,3291202777992;17,5459855943209;5,78768597104977
18,3292594444659;17,5489323870966;5,78234921267386
18,3293983333547;17,5617559991564;5,73627911519182
18,3295375000214;17,5272385282753;5,76714251833354
18,3296761111325;17,5413701797186;5,75440862901519
18,3298150000214;17,551843786148;5,78302673100831
18,3299538889103;17,518933775081;5,76254709935967
18,3300927777992;17,5129069797645;5,76801393932797
18,3302316666881;17,5326004128421;5,78453449020537
18,330370555577;17,533807984937;5,76672361680204
18,3305094444659;17,5077450436584;5,75640366637654
18,3306483333547;17,5284923540279;5,76077420591318
18,3307872222436;17,504429813932;5,74762788413943
18,3309261111325;17,5011293292462;5,75968155311142
18,3310650000214;17,5158184373838;5,75643636771804
18,3312038889103;17,4974439219616;5,75807639366064
18,3313427777992;17,5002330505263;5,71952978554123
18,3314816666881;17,4856976276753;5,74071725836575
18,3316202777992;17,4826010806163;5,73016842385712
18,3317591666881;17,4843832295835;5,7429960257879
18,3318983333548;17,47708549817;5,74424985154053
18,3320372222436;17,4519227839167;5,74756417414289
18,3321763889103;17,4656969210065;5,71233024818673
18,3323150000214;17,4833476554204;5,72959208292846
18,3324538889103;17,457981070221;5,72448033178313
18,3325927777992;17,4826325354632;5,71933590706436
18,3327316666881;17,4653436226565;5,72110229918422
18,332870555577;17,4680509461113;5,71271266130398
18,3330094444659;17,4515693765836;5,70499681051857
18,333148055577;17,4463611773034;5,71766707306867
18,3332869444659;17,4326331569531;5,72473541592996
18,3334258333547;17,4256324179371;5,717502006823
18,3335650000214;17,4352228894816;5,71608461903938
18,3337036111325;17,3931114666907;5,70348532784601
18,3338427777992;17,4206599248157;5,69911493162698
18,3339816666881;17,4061891475661;5,69814868860988
18,3341202777992;17,4008273174761;5,69827584279972
18,3342591666881;17,3959009655876;5,71342286097433
18,334398055577;17,3946153713879;5,70133277942682
18,3345372222436;17,3668486276502;5,69506466966433
18,3346761111325;17,3738218397271;5,69422713654933
18,3348150000214;17,3874382263979;5,6901141075964
18,3349538889103;17,3837381181953;5,67956366990279
18,3350925000214;17,3822803292211;5,70847232279405
18,3352313889103;17,3696381578054;5,66992006291468
18,335370555577;17,350606067037;5,66439314379153
18,3355094444659;17,3640909183037;5,6663844953695
18,335648055577;17,3362745689129;5,68085379593293
18,3357869444659;17,3439443417745;5,70033403782102
18,3359258333548;17,3362745689129;5,67908369706441
18,3360650000214;17,3362284909891;5,67554809786111
18,3362036111325;17,280202528174;5,69589970496452
18,3363425000214;17,3171889051709;5,64336721452025
18,3364816666881;17,3116231329628;5,68294187512979
18,336620555577;17,3331636879328;5,6782462918024
18,3367591666881;17,3121661977702;5,65313808745634
18,336898055577;17,305053598269;5,66111155932748
18,3370369444659;17,3077971336072;5,66657842132304
18,3371761111325;17,2936837798866;5,64982923955307
18,3373147222436;17,2872217548538;5,65976128544003
18,3374538889103;17,3114556385012;5,65696525418463
18,3375927777992;17,3123702444852;5,6661562802189
18,3377316666881;17,2929270875312;5,65979407010082
18,337870555577;17,2761591572151;5,65953647679299
18,3380094444659;17,287207769265;5,65223937643654
18,338148055577;17,2664743443418;5,65014809762292
18,3382869444659;17,2824536197227;5,61963982601011
18,3384261111325;17,2805601133891;5,64484234136836
18,3385650000214;17,2664602418554;5,63571501818132
18,3387038889103;17,2609129012104;5,6433638658981
18,3388427777992;17,2541897404284;5,64873316254813
18,3389813889103;17,2264415927125;5,64931297450232
18,339120555577;17,2537861781091;5,62333664596497
18,3392594444659;17,2407270337092;5,64764390647153
18,3393983333548;17,2462238781138;5,63857432144476
18,3395369444659;17,2595055161596;5,64603496860681
18,3396761111325;17,2273378386773;5,62944694007498
18,3398152777992;17,2039587948946;5,64040462822251
18,3399538889103;17,2274775012451;5,63587266483029
18,3400927777992;17,2239771802214;5,64545504910961
18,3402316666881;17,2190189379487;5,60334017208385
18,340370555577;17,2139530984293;5,62057145283987
18,3405094444659;17,2267347887341;5,61751804790208
18,3406483333547;17,1966784434217;5,61626422214945
18,3407872222436;17,2008755101793;5,62131234662701
18,3409263889103;17,1969855998279;5,61233937733994
18,3410650000214;17,1729738028515;5,61796428399245
18,3412038889103;17,1690653702595;5,61385408526598
18,3413427777992;17,1653655840537;5,60899767666174
18,3414816666881;17,1769717179851;5,62063496836862
18,3416208333547;17,1784386343246;5,61786975940637
18,3417594444659;17,1666653119062;5,61327424911212
18,3418983333547;17,1818976066023;5,61520217202843
18,3420372222436;17,1719676990838;5,59472220705007
18,3421761111325;17,1569851265291;5,61452807486475
18,3423150000214;17,1707273007169;5,58025631097706
18,3424538889103;17,1749703326049;5,60790181929409
18,342593055577;17,1578996987861;5,61381781306923
18,3427316666881;17,1422180316974;5,6177701680073
18,342870555577;17,1519628210619;5,59947882404452
18,3430094444659;17,1328907535563;5,58482093535505
18,3431483333548;17,16299309496;5,60513975126898
18,3432872222436;17,1490835522384;5,59247011772322
18,3434263889103;17,1327372446836;5,60771091830304
18,3435650000214;17,1380025047017;5,580705440554
18,3437038889103;17,127978464827;5,58299068212423
18,3438427777992;17,1193204448589;5,57372717204814
18,3439819444659;17,1409458806045;5,60233846643644
18,344120555577;17,1389171444095;5,59263116727308
18,3442594444659;17,113090013351;5,59906018535389
18,3443983333548;17,1088469770504;5,58954696816684
18,3445375000214;17,1172597289586;5,5813181376071
18,3446763889103;17,0823985374062;5,56250853002086
18,3448150000214;17,0722966617024;5,58899777236456
18,3449538889103;17,1069397785331;5,57916071129767
18,3450925000214;17,0981694250218;5,57996786371967
18,3452316666881;17,1046180822576;5,57189363025756
18,3453702777992;17,0730119127606;5,57318361585968
18,3455094444659;17,0852777135491;5,57121952054288
18,3456483333547;17,0634480964874;5,55469510642584
18,3457872222436;17,0838704378805;5,54029262063096
18,3459258333547;17,0879000792592;5,54945637077566
18,3460647222436;17,062891159563;5,53569709420009
18,3462038889103;17,0522319219123;5,56803570486483
18,3463425000214;17,0669350251204;5,56765022825346
18,3464813889103;17,0362250592805;5,56906507963973
18,3466202777992;17,031317499796;5,55003293840332
18,3467594444659;17,0500504547162;5,54247813716779
18,346898055577;17,027209705682;5,56199229461555
18,3470372222436;17,0296735885694;5,55360240583059
18,3471758333547;17,0454446338693;5,56176776413136
18,3473147222436;17,0299805937056;5,54743196386326
18,3474536111325;17,0064802513792;5,52891291805946
18,3475927777992;17,015278296441;5,54286376890639
18,3477313889103;17,0072230007056;5,52119706727404
18,347870555577;16,9892329645359;5,54749225214863
18,3480091666881;17,0121356385065;5,52891291805946
18,3481483333548;17,0035511081925;5,53977640136316
18,3482872222436;16,9839220025328;5,53977640136316
18,3484258333547;17,0000508199631;5,53032480007889
18,3485650000214;17,004465455249;5,50467260952706
18,3487038889103;16,9702326819768;5,52000484965339
18,3488425000214;16,9906452056261;5,52871884445281
18,3489813889103;16,9740774757548;5,52672741766204
18,349120555577;16,9794565668406;5,51264416148157
18,3492594444659;16,9376663608878;5,53324809918541
18,3493983333547;16,9610000388545;5,52318559053401
18,3495372222436;16,911018513434;5,51756369919573
18,3496761111325;16,933469013322;5,5208734225078
18,3498150000214;16,9612172403974;5,52084192020541
18,3499538889103;16,942823818423;5,50441213440845
18,3500925000214;16,923385903758;5,50916872031644
18,3502316666881;16,9329579368957;5,48978444860521
18,3503702777992;16,913622613074;5,51296818890148
18,3505094444659;16,9281856307005;5,49467170901784
18,3506483333547;16,9194771390903;5,50827301720841
18,3507872222436;16,9114218323878;5,51110167416294
18,3509261111325;16,8945779357617;5,49045863004764
18,3510650000214;16,8990871069606;5,50122861737998
18,3512038889103;16,8988880775143;5,48345308768009
18,3513427777992;16,881799357412;5,47669932119223
18,3514813889103;16,8855167386745;5,48882233262412
18,351620555577;16,8799966489159;5,48933559933832
18,3517591666881;16,8818122549986;5,50373783369071
18,3518983333548;16,8783265959102;5,46094550079334
18,3520372222436;16,8592540272808;5,50242065919088
18,3521761111325;16,8980069818651;5,49711477106555
18,3523150000214;16,8698808567248;5,47043138045879
18,3524538889103;16,844161838155;5,46728087490888
18,3525927777992;16,8579365047887;5,4821632425674
18,3527316666881;16,8699134901514;5,4386693025188
18,3528702777992;16,8437766875149;5,45216844720247
18,3530094444659;16,8407124519796;5,46322878084118
18,3531483333547;16,8195287132751;5,46583583788851
18,3532872222436;16,837796261257;5,46014171194753
18,3534261111325;16,8379496607101;5,43606230137891
18,3535650000214;16,8144169621297;5,43606230137891
18,3537036111325;16,8458242031249;5,44069385290737
18,3538425000214;16,8102342127288;5,45467759174568
18,3539816666881;16,8265345761614;5,4288626188075
18,354120555577;16,8093052109844;5,46509249726807
18,3542594444659;16,8124022505248;5,44857072543979
18,3543983333547;16,7954668923331;5,41835036736785
18,3545372222436;16,7799273803663;5,41822068469247
18,3546761111325;16,8164135712697;5,42384598964287
18,3548152777992;16,8111484247722;5,4198929422694
18,3549538889103;16,7958701185535;5,42464952691401
18,3550927777992;16,8033870238051;5,40754555999089
18,3552316666881;16,792045062545;5,40870165450514
18,355370555577;16,7855830375122;5,4189611480507
18,3555094444659;16,7771372014832;5,45129983942564
18,3556483333548;16,7796775453968;5,41536070449865
18,3557872222436;16,7817431113481;5,40635500860051
18,3559261111325;16,7873933961823;5,40597252437294
18,3560652777992;16,7773232807262;5,40645008392204
18,3562038889103;16,7766133609741;5,40435969844481
18,3563427777992;16,759446217207;5,42114676802208
18,3564819444659;16,7284240763735;5,38054008224191
18,3566208333548;16,7304261335503;5,3909552748971
18,3567594444659;16,7570919190925;5,38147196438092
18,3568986111325;16,7504586007663;5,38497470898483
18,3570369444659;16,7471571325578;5,37015839183283
18,3571761111325;16,7510330868384;5,39828633858619
18,3573150000214;16,7314187456639;5,39047493499584
18,3574538889103;16,7407131364129;5,38198810837
18,3575927777992;16,733586715936;5,37902630237318
18,3577316666881;16,7151932652581;5,39587405257436
18,3578702777992;16,7092931871017;5,38124788428541
18,3580094444659;16,7218086645061;5,40397717233819
18,358148055577;16,6981045792323;5,3678708299949
18,3582869444659;16,7205602943668;5,3505136061423
18,3584261111325;16,7049697629674;5,34726677983554
18,3585650000214;16,695040508414;5,379444606173
18,3587036111325;16,6983421281274;5,35957823777724
18,3588425000214;16,692992828087;5,34874214881427
18,3589819444659;16,6607971502864;5,35941996173858
18,3591202777992;16,6633832506979;5,34585199214655
18,3592594444659;16,6531597484072;5,35478584611286
18,359398055577;16,6670549113542;5,36346945724682
18,3595369444659;16,6892938246751;5,35028928737475
18,3596761111325;16,6854813027251;5,34035182954955
18,3598150000214;16,6538750650828;5,34163888470115
18,3599538889103;16,6418926827965;5,34761946743455
18,3600925000214;16,6520592716274;5,31881069182577
18,3602316666881;16,6344142294077;5,34038779269676
18,3603702777992;16,6468388241346;5,33090059038699
18,3605091666881;16,6332351642318;5,35221511498011
18,360648055577;16,6304777364468;5,32250769536986
18,3607869444659;16,6104907541692;5,33482167887954
18,3609261111325;16,6282767538547;5,31958688205876
18,3610650000214;16,6233183561;5,33022886401821
18,3612038889103;16,6124751778923;5,34064133880196
18,3613427777992;16,6268063228266;5,32775072194966
18,3614813889103;16,5979574410025;5,30215836816168
18,361620555577;16,5876325462173;5,30978038972464
18,3617591666881;16,5813568937679;5,32103227792692
18,3618983333547;16,6163666219679;5,30244568496448
18,3620375000214;16,5991033505744;5,31646397413692
18,3621761111325;16,6073301840905;5,30495333646979
18,3623152777992;16,5680183148588;5,33475851577973
18,3624538889103;16,5815556850754;5,31032463418927
18,3625927777992;16,5869227602584;5,29801314393757
18,3627313889103;16,579189058578;5,30251095704153
18,3628702777992;16,5859576679349;5,30412254120284
18,3630091666881;16,5629813665829;5,29781651980133
18,3631483333548;16,5709347397494;5,30093670950686
18,3632872222436;16,5654200230759;5,30083885142551
18,3634261111325;16,5517805988825;5,30672664084295
18,3635650000214;16,5332969863243;5,31270385924898
18,3637038889103;16,5391574394927;5,28920205128026
18,3638425000214;16,5380568575959;5,29087410123591
18,3639816666881;16,5395092647469;5,2677896285071
18,364120555577;16,5222674696282;5,28900772920255
18,3642594444659;16,4917106002982;5,31292648541046
18,364398055577;16,5018772775032;5,28666344785489
18,3645372222436;16,504249459961;5,28373509211789
18,3646761111325;16,5244806208879;5,27785220894918
18,3648150000214;16,5178199304823;5,30264218878506
18,3649538889103;16,5152611851134;5,30479463489954
18,3650927777992;16,5066491785554;5,28225962619797
18,3652316666881;16,505298904668;5,28920205128026
18,365370555577;16,4887666843427;5,27081104205229
18,3655094444659;16,4851075502575;5,28023237474216
18,3656483333547;16,4733860568192;5,27814038772846
18,3657875000214;16,5009300108197;5,25464160479424
18,3659258333547;16,4919150093699;5,27528150564524
18,3660650000214;16,4700212827662;5,27357602763169
18,3662038889103;16,4772261906683;5,27190399383758
18,366343055577;16,462895066889;5,24714972765605
18,3664816666881;16,478729725147;5,25965549785826
18,366620555577;16,4784800164209;5,24088197712035
18,3667594444659;16,4808521818294;5,26801670039734
18,3668986111325;16,4601554641017;5,23622112004833
18,3670372222436;16,4315052343174;5,25303257491547
18,3671761111325;16,3995234233319;5,26679224269225
18,3673150000214;16,4560931241988;5,25265004880885
18,3674538889103;16,4422729279022;5,2678852064505
18,367593055577;16,4085325046621;5,24145879873731
18,3677316666881;16,4178715497933;5,2583386481385
18,367870555577;16,4188130502955;5,25332479195484
18,3680094444659;16,4284980681274;5,26155467536455
18,3681483333547;16,3838478417327;5,26229246217684
18,3682872222436;16,4186144269083;5,24145879873731
18,3684261111325;16,387194844065;5,24650552923734
18,3685650000214;16,3899521749294;5,25107391863261
18,3687038889103;16,4125888014541;5,24544613663252
18,3688425000214;16,3985819228297;5,23940423045644
18,3689813889103;16,3839266170567;5,23403516499127
18,3691202777992;16,4087308760614;5,23612319335558
18,3692591666881;16,3763305167045;5,24708445557903
18,369398055577;16,4101556990079;5,19661184185503
18,3695372222436;16,3886983491767;5,24393697083377
18,3696758333547;16,3796322245038;5,21683356639198
18,3698150000214;16,3691590428541;5,24638024021286
18,3699538889103;16,3784236649363;5,23628405145857
18,3700927777992;16,3743672421342;5,22419420137797
18,3702316666881;16,3769201304576;5,21390990475257
18,370370555577;16,3541302644981;5,22798921415344
18,3705094444659;16,3515714604077;5,19911741286421
18,3706483333548;16,341847140556;5,22078941847747
18,3707869444659;16,3627934659561;5,2228774630081
18,3709261111325;16,3396007450697;5,21824622573573
18,3710647222436;16,3237778014691;5,23069127222283
18,3712038889103;16,3104059577353;5,22490463424185
18,3713427777992;16,3339330160514;5,20548364445023
18,3714813889103;16,3504591142749;5,20201391995229
18,371620555577;16,3313739968078;5,18686877320346
18,3717594444659;16,3244010800558;5,1862269818543
18,371898055577;16,3160619506837;5,20201391995229
18,3720372222436;16,2910867620674;5,19493787126547
18,3721761111325;16,3094466732691;5,20529308611091
18,3723150000214;16,3278737796755;5,16835253835339
18,3724538889103;16,3085780511804;5,1986369190524
18,3725927777992;16,2771585318132;5,19754616965787
18,3727313889103;16,303466300035;5,16407446812372
18,3728708333547;16,3012084671362;5,18555017830323
18,3730091666881;16,2795758562839;5,18976334674508
18,373148055577;16,2762172991029;5,17835034482766
18,3732872222436;16,301577582733;5,17028116741591
18,3734261111325;16,2598381375752;5,17491045203184
18,3735647222436;16,2904067468222;5,15838573490768
18,3737036111325;16,2740160133935;5,15963956066034
18,3738427777992;16,2679392097111;5,17777160985671
18,3739816666881;16,2505107568834;5,16365645169955
18,374120555577;16,2654315582059;5,17767536187131
18,3742594444659;16,2255196735126;5,15520468680123
18,374398055577;16,2657379656988;5,15693964422366
18,3745369444659;16,2401908064579;5,15854655708452
18,3746758333547;16,2268187265385;5,14353298393036
18,3748152777992;16,2574836879214;5,15285592720733
18,3749541666881;16,2246510602664;5,15250069194559
18,375093055577;16,2104110314143;5,13655489307766
18,3752316666881;16,2223934124904;5,14414503906156
18,375370555577;16,2200050578954;5,14498118451056
18,3755094444659;16,2049249999348;5,13649020777746
18,375648055577;16,2061165264817;5,14231245407478
18,3757872222436;16,2019460750117;5,11954922264633
18,3759261111325;16,206230046549;5,13163725544052
18,3760650000214;16,197140807157;5,12652550429519
18,3762038889103;16,189975695734;5,12340714803906
18,376343055577;16,2008002771401;5,11865062952762
18,3764816666881;16,1723877676809;5,13575422957669
18,3766208333547;16,1528484992598;5,1342398346456
18,3767594444659;16,1576989916142;5,12835810096357
18,3768983333547;16,1587207978678;5,1093257203556
18,3770375000214;16,1611204160518;5,09630370114832
18,3771763889103;16,1804437388855;5,08830149857681
18,3773152777992;16,1458819778389;5,12909590131966
18,3774541666881;16,1550948919742;5,10739663961058
18,3775927777992;16,1202203786463;5,08945912486408
18,3777316666881;16,1389540789192;5,12945114047494
18,377870555577;16,1356070196539;5,07810708584526
18,3780094444659;16,136316165259;5,08685318689436
18,3781486111325;16,1014755165046;5,11720058081386
18,3782872222436;16,115216722349;5,0830580348767
18,3784261111325;16,127335330339;5,09585660296057
18,3785650000214;16,1113587969563;5,08151799272471
18,3787038889103;16,1052544883981;5,07511864843721
18,3788427777992;16,1045566405184;5,08871947546322
18,3789816666881;16,0834509908929;5,08373307803203
18,379120555577;16,0940835008769;5,06846214263425
18,3792594444659;16,1025422884679;5,04849750845614
18,3793986111325;16,0999833081527;5,08006964928612
18,3795375000214;16,1133447406025;5,07450619916835
18,3796763889103;16,1013965630054;5,07762477950746
18,3798152777992;16,0638213786962;5,07360935056764
18,3799541666881;16,0801552624094;5,05010482105939
18,3800927777992;16,0889091939023;5,07338426092571
18,3802319444659;16,078089581549;5,063929210027
18,380370555577;16,0927671192951;5,07135877671683
18,3805094444659;16,1001252426172;5,06557192310694
18,3806483333547;16,0584485117995;5,06885112521155
18,3807872222436;16,036804388742;5,06058552567572
18,3809258333547;16,0669073222102;5,04566983332711
18,3810647222436;16,0650186706155;5,04461049350425
18,3812036111325;16,0477600089263;5,07141990886049
18,3813427777992;16,0505345553918;5,04859380496453
18,3814813889103;16,0297977341079;5,0390470460153
18,381620555577;16,0545905864068;5,04570357285525
18,3817591666881;16,0373492205539;5,05859388339272
18,381898055577;16,0211681441883;5,06319142584238
18,3820369444659;16,0290435163284;5,0417138911746
18,3821761111325;16,0220706364735;5,05628090053747
18,3823147222436;16,0282830958811;5,02949870640572
18,3824536111325;16,0386480187086;5,03361547656021
18,3825927777992;16,0025939406245;5,02178285562024
18,3827313889103;16,0200675032291;5,02621792364951
18,3828702777992;16,0094411958534;5,02268142274519
18,3830094444659;15,9822375567937;5,04129589871215
18,383148055577;15,9861067290354;5,02506367200422
18,3832872222436;15,9984122350548;5,0232938558355
18,3834261111325;15,9967557558967;5,02158832721548
18,3835647222436;16,0057428379485;5,03358004792673
18,3837038889103;16,0027810095099;5,00410231430305
18,3838427777992;15,9868384588767;5,03534830643855
18,3839816666881;15,956530906589;5,01702636436863
18,384120555577;15,9783346979439;4,98882994501412
18,3842594444659;15,9750325608303;5,00008367846405
18,3843983333547;15,9629479298301;4,99461822178378
18,3845369444659;15,9720707365001;5,02802159703583
18,3846761111325;16,0091807549991;5,01776421588559
18,3848150000214;15,9744594264646;4,98648441807703
18,3849538889103;15,9737164156359;4,99811932639884
18,3850927777992;15,9456725702402;5,0012056167067
18,3852316666881;15,9456551053094;4,99645084271327
18,385370555577;15,9504266008034;4,99278570869222
18,3855091666881;15,9483673835385;4,99886051991888
18,3856483333547;15,9283797314276;4,97346079390411
18,3857872222436;15,923376130814;4,98021554395436
18,3859258333547;15,9158819398178;4,99571128915159
18,3860647222436;15,9099927785326;4,99217327823115
18,3862041666881;15,9340880183873;4,98101741482813
18,3863427777992;15,9280285797435;4,98519527633323
18,3864816666881;15,8988151852172;4,99950517091793
18,386620555577;15,9013292908285;4,96359406025721
18,3867591666881;15,9111043930096;5,0028484885504
18,386898055577;15,8992068916399;4,98298031807587
18,3870372222436;15,9057771120142;4,97860783287396
18,3871761111325;15,9048810273872;4,96323881204844
18,3873150000214;15,8785669907888;4,95818979858421
18,3874538889103;15,872667350358;4,96610171176246
18,3875925000214;15,8851821247786;4,9679664495697
18,3877313889103;15,859635099506;4,95983159977607
18,387870555577;15,8701081547796;4,94497960765966
18,3880091666881;15,8590902171309;4,96661617568225
18,388148055577;15,8313757960043;4,97198375130256
18,3882875000214;15,8524643333927;4,95860769517941
18,3884261111325;15,8453490450988;4,94822381440855
18,3885650000214;15,8079619012393;4,95800050435992
18,3887038889103;15,8193378661031;4,95545889036714
18,3888427777992;15,8293789822544;4,94533355292879
18,3889819444659;15,8442549714063;4,94491581578717
18,389120555577;15,8286635177753;4,93687642468797
18,3892594444659;15,8035140376936;4,95925433011254
18,3893986111325;15,8034058369071;4,96057064151245
18,3895372222436;15,8125801623665;4,9280661542316
18,3896763889103;15,8154904508406;4,92732959898797
18,3898152777992;15,8149796130853;4,94108642261165
18,3899538889103;15,8202786967828;4,94478366572969
18,390093055577;15,7977042111463;4,92440409044249
18,3902319444659;15,7851654089724;4,92665292239724
18,390370555577;15,7876059205099;4,94603749148234
18,3905094444659;15,7884675972902;4,93356720563455
18,3906483333548;15,7734452718934;4,92659038099558
18,3907872222436;15,7877695086125;4,94076825681384
18,3909258333547;15,772094998006;4,92848393094548
18,3910650000214;15,7734385238373;4,9334350118059
18,3912038889103;15,7483919229377;4,93520365395452
18,3913427777992;15,7614689852123;4,92138107183592
18,3914816666881;15,7621673641584;4,91691015476732
18,3916208333548;15,7648161326067;4,9228931300843
18,3917594444659;15,7548470234842;4,91993257469932
18,3918986111325;15,7660699583593;4,89652738432579
18,3920375000214;15,7410613598813;4,92623510551726
18,3921761111325;15,759420446232;4,93832366571166
18,3923150000214;15,7362728938757;4,90360350312073
18,3924538889103;15,7405160892884;4,90829714259172
18,3925927777992;15,7576558168667;4,92559429219517
18,3927316666881;15,7191848307518;4,90813582092227
18,3928702777992;15,7366581638956;4,90585233117912
18,3930091666881;15,7069128274256;4,9041182547592
18,393148055577;15,7394222463996;4,92919448063566
18,3932869444659;15,7160699445745;4,91398602282149
18,3934258333547;15,7280014824306;4,89958490324656
18,3935647222436;15,735404338143;4,90489023695557
18,3937036111325;15,6924288386464;4,90340768168545
18,3938425000214;15,7092674161267;4,87274009997896
18,3939813889103;15,6966273012904;4,90141595848843
18,3941202777992;15,6899777891631;4,89312287821377
18,3942594444659;15,6824494254722;4,89356949824992
18,394398055577;15,6828865013848;4,87216166437193
18,3945372222436;15,6609581922944;4,90109585161545
18,3946761111325;15,6837550305515;4,86721056372627
18,3948150000214;15,6874081729481;4,89016237499453
18,3949538889103;15,6755386121342;4,88672215436193
18,3950925000214;15,6628192612573;4,8880736684701
18,3952313889103;15,6683162868492;4,86691780693667
18,3953702777992;15,6479258798632;4,8769806269527
18,3955091666881;15,6501791929084;4,87514961840449
18,3956483333547;15,6684763158857;4,87566430649207
18,3957869444659;15,6526868444136;4,87238482839729
18,3959261111325;15,6422139029709;4,8729336105846
18,3960647222436;15,6527315521967;4,8761791864537
18,3962038889103;15,6504852128983;4,877111835352
18,3963425000214;15,616864693796;4,86241898360993
18,3964816666881;15,6569025397076;4,88431271021364
18,3966202777992;15,6492313871457;4,87399275978811
18,3967594444659;15,6341921081118;4,86653398754922
18,3968983333547;15,6158156342751;4,8492360918778
18,3970372222436;15,6426510465805;4,87717416274296
18,3971758333547;15,621080384978;4,86923629971099
18,3973147222436;15,6014847715518;4,84489862954203
18,3974536111325;15,5879070995871;4,85454362428658
18,3975927777992;15,603079303781;4,86762718289015
18,3977313889103;15,6266738719873;4,84406195755938
18,397870555577;15,5852582429;4,8709078386193
18,3980091666881;15,600939417465;4,85271045724306
18,398148055577;15,5912094899344;4,865796087474
18,3982869444659;15,5849522311334;4,83859731495545
18,3984261111325;15,5871021127375;4,83415968010829
18,3985647222436;15,5733784549552;4,85312913604287
18,3987036111325;15,5439565971376;4,83618651008487
18,3988427777992;15,576986945308;4,84071993355542
18,3989813889103;15,5683579752466;4,84489862954203
18,3991208333548;15,582688804119;4,85213310721014
18,3992591666881;15,5629055176246;4,83328962188017
18,3993983333547;15,5375391622142;4,82847065929943
18,3995369444659;15,5576973183444;4,83505821605956
18,3996761111325;15,5554956533018;4,8315555804682
18,3998150000214;15,5189650901658;4,82242639539223
18,3999538889103;15,5287224681526;4,82962630431129
18,4000927777992;15,5165933343734;4,8275370366581
18,4002313889103;15,527576988578;4,85351174601735
18,400370555577;15,5398938438971;4,82335890815409
18,4005094444659;15,5438036567398;4,81711886298342
18,400648055577;15,4996584144039;4,81470943472732
18,4007872222436;15,509440118671;4,80927831069948
18,4009261111325;15,5090823282053;4,80297610593752
18,4010650000214;15,5173439216041;4,83023938060649
18,4012036111325;15,4860877162469;4,79782923601985
18,4013425000214;15,5277818051071;4,81175004138751
18,4014816666881;15,4892025511799;4,81538502906852
18,4016208333548;15,4466124229191;4,82445209539958
18,4017594444659;15,5022277540977;4,81094975364289
18,4018986111325;15,4745139400687;4,80130454304327
18,4020375000214;15,4677558773675;4,8071532985571
18,4021761111325;15,5130584739819;4,79651408090473
18,4023150000214;15,4558144774773;4,8146121388771
18,4024538889103;15,4754174348538;4,81319855441762
18,4025927777992;15,4651864785154;4,81021101539116
18,4027319444659;15,4728133352137;4,79625598453345
18,402870555577;15,4358833240694;4,80168716141259
18,4030094444659;15,4627872234927;4,78838049297767
18,4031483333547;15,4479012645352;4,78368647897395
18,4032872222436;15,4153227928146;4,77539226453317
18,4034263889103;15,4378802231973;4,77899312727192
18,4035650000214;15,4478662486717;4,78937547969485
18,4037038889103;15,4225918467043;4,80230040857282
18,403843055577;15,4414042236389;4,80181948657801
18,4039816666881;15,4257511397226;4,77812192828495
18,404120555577;15,426296882336;4,78249575769811
18,4042594444659;15,3945469962507;4,76471611923722
18,4043983333547;15,4197263937278;4,75256497946094
18,4045372222436;15,4075624107715;4,7714370054311
18,4046761111325;15,3991385274879;4,75475147810758
18,4048147222436;15,4192891146898;4,7652319989632
18,4049536111325;15,3678822588319;4,79493986835084
18,4050927777992;15,3884776674203;4,80156245991401
18,4052313889103;15,38089779779;4,7554272164362
18,405370555577;15,3811027262769;4,77237049971575
18,4055091666881;15,380404017941;4,76356059621503
18,405648055577;15,3843703955857;4,76709815804355
18,4057869444659;15,3576142642786;4,74835175257107
18,4059263889103;15,3566493135569;4,76230759994843
18,4060647222436;15,366073239701;4,75507189543941
18,4062036111325;15,3482423556525;4,726715072427
18,4063427777992;15,3434363884604;4,7408940202788
18,4064813889103;15,3500513244604;4,74851235089585
18,406620555577;15,3472869186656;4,73983565363056
18,4067594444659;15,3348429733699;4,73915921810607
18,4068983333548;15,3331164380348;4,73864414620337
18,4070369444659;15,3366685794743;4,73671567689664
18,4071758333547;15,3507944405519;4,69682036258521
18,4073147222436;15,3134690123774;4,75385296291844
18,4074536111325;15,3485833330395;4,73861008124163
18,4075925000214;15,3061461537196;4,72520420021476
18,4077313889103;15,3449226435029;4,74960557832367
18,407870555577;15,3219800196335;4,726715072427
18,4080091666881;15,3025023939952;4,74468948790516
18,4081483333547;15,3107640544941;4,72186217074506
18,4082872222436;15,3074443341139;4,71141578359857
18,4084258333547;15,30299615953;4,72794075639146
18,4085650000214;15,3047042362261;4,70881168395846
18,4087038889103;15,3026383580588;4,69974495420246
18,4088425000214;15,2906792587149;4,68280205510794
18,4089816666881;15,2901685575993;4,71241205771577
18,409120555577;15,2927206815002;4,70286489043059
18,4092591666881;15,2901241536431;4,70794050176846
18,409398055577;15,3013754705881;4,68823407353739
18,4095372222436;15,2987901147467;4,69624235887687
18,4096761111325;15,2839558831231;4,72186137912155
18,4098147222436;15,2743960141197;4,68138866101438
18,4099536111325;15,2783898864863;4,69707735324974
18,4100925000214;15,2793379118267;4,67936201190852
18,4102316666881;15,2590911091587;4,6781711656725
18,410370555577;15,2743790545572;4,66100575082783
18,4105097222436;15,2587944591105;4,6740897503409
18,4106483333548;15,2591002595227;4,67148565070079
18,4107872222436;15,2592607505014;4,68569232918054
18,4109261111325;15,2590911091587;4,66360985046794
18,4110650000214;15,2622058614053;4,64049043989976
18,4112036111325;15,2495754532231;4,69353988772673
18,4113427777992;15,2609963608496;4,67186889934655
18,4114819444659;15,2530480465872;4,65168075982626
18,411620555577;15,2190347847342;4,65418784412418
18,4117591666881;15,2350122453762;4,66621395010802
18,4118983333547;15,2425497940171;4,65502282169271
18,4120372222436;15,2060373293651;4,65679251097157
18,4121761111325;15,2197686820854;4,63496105596707
18,4123150000214;15,2313424582636;4,66267714577623
18,4124536111325;15,2040313403003;4,63895148169445
18,4125927777992;15,2124549703138;4,62364431425144
18,4127316666881;15,197722129041;4,65042776355966
18,412870555577;15,1806434829547;4,6265065317271
18,4130094444659;15,211909126414;4,63097753407266
18,4131483333547;15,2210746992445;4,62692406852139
18,4132872222436;15,1856544600633;4,66152103034239
18,4134261111325;15,1887082252277;4,63959112012188
18,4135650000214;15,1733650466818;4,6189854795125
18,4137038889103;15,1852523546139;4,6382408462344
18,4138427777992;15,1855935014137;4,6301423476861
18,4139816666881;15,1472280537922;4,62644437174083
18,414120555577;15,1608431691907;4,61011417448444
18,4142591666881;15,1685146653344;4,6012073661567
18,4143983333548;15,1744660292111;4,59783036275883
18,4145375000214;15,1369435336315;4,61821325704443
18,4146761111325;15,1641108453923;4,61831053466526
18,4148150000214;15,1661952766205;4,60001690940348
18,4149538889103;15,1589900613403;4,595288562615
18,4150927777992;15,118610935136;4,61570560553918
18,4152316666881;15,1480066828562;4,61535029234324
18,4153708333547;15,1134381468751;4,59432714284645
18,4155094444659;15,1253697574533;4,56278792936376
18,4156483333547;15,140220168399;4,59069191576916
18,4157872222436;15,1088812975349;4,60075487973072
18,4159261111325;15,1101265049121;4,6039091041074
18,4160652777992;15,1297825723003;4,5871900808653
18,4162038889103;15,1003701886598;4,60715474477726
18,4163427777992;15,0924926735875;4,58259341722086
18,4164813889103;15,1266678200537;4,59397181404739
18,4166202777992;15,0966728929054;4,56185458515301
18,4167591666881;15,0919379618349;4,57117959049017
18,4168983333547;15,0979710342849;4,58458469674144
18,4170369444659;15,0767198023406;4,58259341722086
18,4171758333547;15,0730589864711;4,58551757788698
18,4173150000214;15,0595637432282;4,57040682092324
18,4174538889103;15,0693451212312;4,57134010091244
18,4175925000214;15,0764705531006;4,56847712450946
18,4177313889103;15,0739629015953;4,58243287469116
18,4178702777992;15,0516074601599;4,57429952671831
18,4180094444659;15,0713146335938;4,56069969061718
18,418148055577;15,0703020436078;4,58477999566864
18,4182869444659;15,0713588019553;4,59046887474108
18,4184258333547;15,0517681360259;4,5792504468736
18,4185647222436;15,0629755838423;4,55947577573295
18,4187038889103;15,0426289878866;4,56166245861715
18,4188425000214;15,0664354998395;4,56404124402525
18,4189819444659;15,0307140420324;4,57722418255878
18,419120555577;15,0385384793162;4,53407945643738
18,4192591666881;15,0165718141387;4,56805965973174
18,419398055577;15,0172793564616;4,56420173433901
18,4195372222436;15,0277602139508;4,54398243464061
18,4196758333547;14,9927982517065;4,54404464136942
18,4198150000214;14,9781619469202;4,56272575054015
18,4199536111325;14,9772493357526;4,54231113570745
18,4200927777992;14,9838118536798;4,57378369013026
18,4202316666881;14,9896835022387;4,53793738183012
18,420370555577;14,9698747902333;4,54449781018718
18,4205097222436;14,9996370968141;4,5458133883204
18,4206483333547;14,9654704800323;4,5496716564258
18,4207872222436;14,9785473099811;4,55555559979899
18,4209261111325;15,0097244127398;4,55301375070013
18,4210652777992;14,970196863682;4,53861333623391
18,4212041666881;14,9880554120016;4,5449773862635
18,4213425000214;14,9777599428204;4,53909282533598
18,4214816666881;14,9869622367496;4,54362665740618
18,421620555577;14,9711451588126;4,53829271579892
18,4217591666881;14,9797569872579;4,53073735952927
18,421898055577;14,9487849527088;4,54034665108861
18,4220369444659;14,9696862480608;4,52340417331104
18,4221761111325;14,964513874437;4,50774993309216
18,4223150000214;14,9626695236316;4,5032166022657
18,4224541666881;14,9513092661588;4,52713638879231
18,4225927777992;14,9403258945717;4,52089652180578
18,4227316666881;14,9383122350713;4,54063988479444
18,422870555577;14,9415355814236;4,52212270810136
18,4230094444659;14,9386177821665;4,51469207054575
18,4231483333547;14,9290492957776;4,50244330383896
18,4232872222436;14,916973296251;4,51719909873231
18,4234258333547;14,9240987705625;4,52942125381358
18,4235650000214;14,9359132317645;4,52877287491049
18,4237041666881;14,9189344975259;4,49061110976868
18,4238427777992;14,9248859582691;4,49440687517509
18,4239813889103;14,9109048127816;4,48267260057943
18,424120555577;14,9173668378144;4,48685113596827
18,4242594444659;14,9171342033146;4,48846030612859
18,4243983333547;14,9020878781098;4,50446959247142
18,4245372222436;14,9205902006426;4,49527767683759
18,4246761111325;14,8857602016592;4,50446987904829
18,4248152777992;14,8921781761881;4,50083461205935
18,4249541666881;14,8688254884538;4,50691349227651
18,4250927777992;14,8840520768989;4,48813968569357
18,4252316666881;14,8820469694109;4,50077210936044
18,425370555577;14,88264550928;4,46348137694008
18,4255094444659;14,8794509270473;4,50061195365561
18,4256483333548;14,9127216289043;4,49363410560812
18,4257872222436;14,8787875838873;4,48482491938387
18,4259258333547;14,8711804148869;4,49402385108496
18,4260647222436;14,855748713316;4,47794404616701
18,4262038889103;14,8655222624574;4,46666302765976
18,4263427777992;14,8781530213226;4,48977618021544
18,4264816666881;14,8540930273128;4,4617117389115
18,4266208333548;14,8502791030591;4,48466442907008
18,4267594444659;14,8284019192821;4,44457442294816
18,4268986111325;14,83556312105;4,47032607494458
18,4270372222436;14,8476915462457;4,45052105562712
18,4271763889103;14,8414181251013;4,46302764091502
18,4273150000214;14,8083525079229;4,4462456654567
18,4274538889103;14,8377569721862;4,46791673527258
18,4275927777992;14,8170607776038;4,45145386473686
18,4277319444659;14,8352413233026;4,44956043176643
18,427870555577;14,8113144638938;4,43685857216275
18,4280097222436;14,8418200107048;4,47322350374864
18,4281486111325;14,8014405804338;4,44316013089573
18,4282869444659;14,8080470704542;4,44942775620143
18,4284261111325;14,809891463727;4,4404940387619
18,4285647222436;14,8034458921557;4,44528510522659
18,4287036111325;14,8102574812067;4,43428890024225
18,4288425000214;14,791855662516;4,44013868654787
18,4289813889103;14,7661288473084;4,43637749586685
18,4291202777992;14,8141072605916;4,43409400622284
18,4292591666881;14,7898061225283;4,44753386309327
18,429398055577;14,7795826202376;4,43997848671287
18,4295372222436;14,7725300913829;4,42802179031386
18,4296761111325;14,786306056247;4,43245734725389
18,4298147222436;14,7766291580549;4,42235977575342
18,4299536111325;14,7595057306719;4,42068862931319
18,4300927777992;14,7527298716803;4,42287557445241
18,4302313889103;14,7499290417094;4,44419174997651
18,430370555577;14,7452191508146;4,41426124359054
18,4305094444659;14,7317845251213;4,41139862701081
18,4306483333547;14,7341559560394;4,41708786890328
18,4307872222436;14,7490330846472;4,414643924968
18,4309261111325;14,7317405534571;4,41056362065018
18,4310652777992;14,7159674338758;4,41834140807902
18,4312036111325;14,7239159704964;4,40197677732846
18,4313427777992;14,7309972834363;4,42084905958427
18,4314816666881;14,6950661207093;4,41261767236111
18,431620555577;14,7109919204308;4,41442170208487
18,4317594444659;14,6886481557577;4,41056362065018
18,431898055577;14,7017895580575;4,39831374595516
18,4320372222436;14,7033285755933;4,41567537179554
18,4321761111325;14,7163528235504;4,38892675653653
18,4323147222436;14,6875389984298;4,39236741709698
18,4324538889103;14,6813988262941;4,4093099509395
18,4325927777992;14,7087982036708;4,4019147848347
18,4327316666881;14,6611447179823;4,40175435846731
18,4328702777992;14,6640542975524;4,37494382765379
18,4330091666881;14,7071426273438;4,35076513995904
18,4331483333548;14,6684948326461;4,37896216349765
18,4332869444659;14,6790273953759;4,38471370546222
18,4334263889103;14,6763633324321;4,38381521758049
18,4335650000214;14,6475573741172;4,40953217382264
18,4337036111325;14,6505029146597;4,38651760383195
18,4338427777992;14,6509047324392;4,3828820443843
18,4339816666881;14,657816998385;4,39445582056248
18,434120555577;14,643502816399;4,38159379091206
18,4342594444659;14,6315272896466;4,37121175808713
18,4343983333547;14,6112243565989;4,38362036612145
18,4345372222436;14,6153798190651;4,36783333184974
18,4346761111325;14,6519619543231;4,36960264600802
18,4348150000214;14,6151909973688;4,34816071584987
18,4349538889103;14,6242131894354;4,36834882025539
18,435093055577;14,6247512626633;4,36005523052305
18,4352319444659;14,6128360455828;4,37198436672301
18,435370555577;14,5902790607466;4,36224214353328
18,4355094444659;14,6013063000161;4,35160132836202
18,4356486111325;14,626757160041;4,35305010105012
18,4357869444659;14,61649733865;4,33652498417774
18,4359261111325;14,5832789542442;4,34263165182392
18,4360650000214;14,5781508390254;4,37146860045465
18,4362038889103;14,5964480759371;4,35510389763698
18,4363427777992;14,5665409408701;4,35436585436949
18,4364816666881;14,6031153539488;4,38333589678834
18,436620555577;14,5600712135623;4,36192127878755
18,4367597222436;14,5720028831599;4,32115523810083
18,4368983333548;14,5504020683598;4,34513930332923
18,4370372222436;14,5764952969411;4,33513821989965
18,4371761111325;14,5575198063728;4,33745800104145
18,4373150000214;14,57043498824;4,32511163046314
18,4374538889103;14,5655846727953;4,32330754129543
18,4375927777992;14,5713034021294;4,32314738559057
18,4377316666881;14,5786613718615;4,34446312270563
18,4378708333548;14,544699700317;4,33247212776581
18,4380091666881;14,544450581941;4,31192894338125
18,4381483333548;14,5567676452578;4,29627464747421
18,4382875000214;14,5371727329756;4,32954734344509
18,4384261111325;14,5336804590699;4,31504851891461
18,4385652777992;14,5384704124678;4,3103194970829
18,4387038889103;14,5485412616363;4,3154038880146
18,438843055577;14,5438961991705;4,31983945685425
18,4389819444659;14,5483011002455;4,30119154227827
18,439120555577;14,5213469621909;4,31504856264726
18,4392594444659;14,5036614450162;4,30202594338573
18,4393983333547;14,5154919495825;4,31260480960259
18,4395372222436;14,4956314914509;4,29752847322681
18,4396761111325;14,4923205087579;4,31077340077758
18,4398150000214;14,5286973032682;4,30369704177903
18,4399541666881;14,5086206020201;4,31832877251568
18,4400927777992;14,5106705472278;4,2777230907401
18,4402316666881;14,5145357021124;4,29848884249884
18,4403702777992;14,5020935164837;4,2796165362229
18,4405094444659;14,479814373578;4,28534053420205
18,440648055577;14,4961784341506;4,28961776610015
18,4407869444659;14,4805138926599;4,27662975520533
18,4409258333547;14,4844156032302;4,27704692014777
18,4410650000214;14,489411267779;4,28527855078332
18,4412036111325;14,4739430291699;4,27183872086758
18,4413425000214;14,4675175411754;4,28774975573421
18,4414813889103;14,4839050875158;4,27508263211075
18,4416202777992;14,490681248944;4,27788348106813
18,4417594444659;14,4959455942308;4,26839810835543
18,441898055577;14,4664162797478;4,27981144615524
18,4420372222436;14,4700851037772;4,27151790417014
18,4421758333547;14,4437792088536;4,26209641557111
18,4423147222436;14,4460416190877;4,26010453033422
18,4424538889103;14,4583060632763;4,28142063781993
18,4425925000214;14,4268883667827;4,2719991414111
18,4427313889103;14,4436266359636;4,26949149572974
18,442870555577;14,4206316564973;4,25618497036268
18,4430094444659;14,4147765668423;4,23194374155062
18,4431483333547;14,4228940667314;4,26579394673112
18,4432872222436;14,3932682742998;4,28084294590334
18,4434261111325;14,4406808129801;4,24882450820638
18,4435650000214;14,3891052075683;4,26068225757001
18,4437038889103;14,4151620009035;4,23268181178005
18,4438425000214;14,3802880953554;4,23435287833783
18,4439813889103;14,3921670382483;4,25145568869488
18,444120555577;14,4076149846728;4,24785465563923
18,4442594444659;14,3969898079076;4,22188063769778
18,4443983333547;14,3837444566527;4,22882388638737
18,4445369444659;14,3771459884472;4,22313446345041
18,4446761111325;14,3859540637376;4,22773045096278
18,4448150000214;14,395530695563;4,21911613961984
18,4449536111325;14,3466680282485;4,20860133285311
18,4450927777992;14,3668260380217;4,22721469280395
18,4452313889103;14,3484691012255;4,19156033899614
18,445370555577;14,3413234029262;4,21509782780393
18,4455091666881;14,3222301131013;4,21641352526169
18,445648055577;14,3429626671809;4,23377553427159
18,4457872222436;14,3633170185338;4,23011234444115
18,4459261111325;14,344932311418;4,22188076246562
18,4460650000214;14,3426139629579;4,19107916212272
18,4462041666881;14,3176217342054;4,23069009674276
18,4463427777992;14,326088038494;4,21233335375615
18,4464813889103;14,3147033636792;4,20291185607812
18,446620555577;14,3053321230458;4,22239649365568
18,4467594444659;14,3429718893689;4,21702794400201
18,4468983333547;14,3029334054061;4,21194338546582
18,4470372222436;14,2955226369518;4,21172116631953
18,4471761111325;14,3062005014138;4,20181862750519
18,4473150000214;14,3113926347459;4,20573821481437
18,4474538889103;14,3032913276919;4,18841313491595
18,4475925000214;14,2937583468676;4,1869644125693
18,4477316666881;14,2955226369518;4,20683163432045
18,447870555577;14,2950121726203;4,20040420457286
18,4480094444659;14,2957716452877;4,19940930369054
18,4481486111325;14,2800385225016;4,17744745523791
18,4482872222436;14,2728697996499;4,18037649926947
18,4484261111325;14,2949685843579;4,17758065686147
18,4485650000214;14,2601947411057;4,18075920587336
18,4487038889103;14,2556209889804;4,18986212789815
18,4488427777992;14,257634308655;4,18310643683509
18,4489816666881;14,2721700902618;4,17902622538202
18,449120555577;14,2554248490825;4,18860830214552
18,4492594444659;14,2722998508808;4,20130265858958
18,4493983333548;14,2530330447526;4,16989199868516
18,4495372222436;14,2442525779872;4,18236840336192
18,4496758333547;14,2576710236523;4,19429784585805
18,4498150000214;14,2468130989554;4,16230930566414
18,4499538889103;14,2572855673837;4,19040518547496
18,4500927777992;14,2493643291325;4,18220796846907
18,4502319444659;14,2390972481699;4,1663895999053
18,4503708333548;14,2271288113018;4,19246622753826
18,4505094444659;14,2445509603018;4,15725937035248
18,4506486111325;14,2342745096011;4,17838052857053
18,4507875000214;14,2150445564451;4,17134079803589
18,4509261111325;14,2334156840959;4,17921720183608
18,4510652777992;14,225706321011;4,13552619676355
18,4512038889103;14,2211050256309;4,1873197882106
18,4513427777992;14,1918442622314;4,15262887657411
18,4514816666881;14,2190482404854;4,16533059023789
18,451620555577;14,2027113075995;4,17118069477476
18,4517594444659;14,2078759186173;4,15429996486583
18,4518983333547;14,2043230501725;4,16603407329248
18,4520377777992;14,2150009187591;4,14652222718263
18,4521761111325;14,2153428118332;4,12565789698129
18,4523150000214;14,18539134137;4,14745517545012
18,4524538889103;14,1856312877208;4,15221172408707
18,4525925000214;14,2056297453881;4,14234342430478
18,4527316666881;14,1900295918811;4,1390014029343
18,4528702777992;14,1944574660428;4,14600649335625
18,4530091666881;14,1655477122644;4,13520526543596
18,4531483333548;14,1689387396198;4,12373005173694
18,4532872222436;14,1707559115445;4,14944729029907
18,4534261111325;14,1709519955256;4,13041444561824
18,4535647222436;14,1672466176439;4,13456605040253
18,4537036111325;14,1580808149229;4,13405000216247
18,4538427777992;14,1726073771252;4,14671725371974
18,4539813889103;14,1501595598545;4,11977356386507
18,454120555577;14,1486567638391;4,13829064257078
18,4542594444659;14,1571160017467;4,12148169804436
18,4543983333547;14,1657966657083;4,13311691320871
18,4545372222436;14,1391766486706;4,12797069214531
18,4546761111325;14,1692966646901;4,11903548552527
18,4548150000214;14,1503489876765;4,12665512530222
18,4549538889103;14,1168814848947;4,13536586261563
18,4550927777992;14,1406359068784;4,12852111415395
18,4552313889103;14,1400290372509;4,11861830059163
18,455370555577;14,1549069023541;4,12707224593962
18,4555091666881;14,1247594002098;4,13273490570714
18,455648055577;14,1297187222299;4,11826325492251
18,4557869444659;14,1135711114066;4,11241308608479
18,4559261111325;14,1318187270808;4,13719717500325
18,4560650000214;14,1072119333364;4,09913393806576
18,4562038889103;14,1187053273278;4,09765771101223
18,4563427777992;14,1055131748154;4,12389126349058
18,4564819444659;14,0978407942371;4,08772048401556
18,456620555577;14,0763050009548;4,10977454476719
18,4567594444659;14,0939393986372;4,11694733797577
18,4568983333548;14,0933919825884;4,10392508101964
18,4570372222436;14,0746932418808;4,10855516069205
18,4571761111325;14,083314543608;4,11871730813459
18,4573150000214;14,0799574938924;4,11341045081559
18,4574536111325;14,0730380043469;4,0967245739879
18,4575927777992;14,0801629263476;4,09344440089686
18,4577316666881;14,0825180938077;4,11122342373133
18,4578702777992;14,089381547761;4,05084665420901
18,4580094444659;14,0689311680414;4,09363945928436
18,458148055577;14,0566139704627;4,0930273042992
18,4582872222436;14,0512967532185;4,10881439840611
18,4584258333547;14,0566574406698;4,09251160292609
18,4585650000214;14,0744973130225;4,08884877852952
18,4587038889103;14,0395270904007;4,08900907270666
18,4588427777992;14,0424891412101;4,07842984400119
18,4589816666881;14,0539168293195;4,07582574436108
18,459120555577;14,0728364123247;4,09521435542752
18,4592594444659;14,0208284773014;4,07393276757912
18,4593983333547;14,035669165008;4,06242043038714
18,4595372222436;14,0393746571478;4,06994146508737
18,4596758333547;14,0355601133944;4,08061679896608
18,4598150000214;14,023942955577;4,08389697205712
18,4599538889103;14,0194940306791;4,07801269932602
18,4600927777992;14,0053967757305;4,08019940905558
18,4602316666881;13,9925691737997;4,06939840751056
18,460370555577;13,9784071252466;4,07171140399046
18,4605094444659;14,0140616410142;4,06775451793433
18,4606486111325;13,9715437811285;4,08367543513364
18,4607872222436;13,9946913334848;4,06518509739522
18,4609261111325;13,9650160933509;4,04531771812998
18,4610650000214;13,9774521468619;4,08071540921873
18,4612038889103;13,9403166750849;4,06084842724383
18,461343055577;13,9582058033487;4,07707990135523
18,4614816666881;13,9854011289381;4,06827053492404
18,461620555577;13,9903230322431;4,05602038357114
18,4617594444659;13,9774521468619;4,04474025493164
18,4618983333547;13,9647612280871;4,05194010555394
18,4620372222436;13,9613106434334;4,03467707897613
18,4621763889103;13,9686781743263;4,04953138947019
18,4623150000214;13,9507948063682;4,05283883335315
18,4624541666881;13,9332134044614;4,0521624581784
18,462593055577;13,9396596320759;4,05589696636815
18,4627316666881;13,9480914086262;4,03097949193821
18,462870555577;13,9359108256126;4,04663357858311
18,4630094444659;13,9236743226546;4,0533893148629
18,4631486111325;13,9000726332868;4,05142436625212
18,4632872222436;13,9179183174506;4,03384294949478
18,4634261111325;13,9333599497315;4,02818069700254
18,4635652777992;13,9168700419311;4,03593090472873
18,4637038889103;13,9069513680428;4,00966353776806
18,4638427777992;13,9180806137695;4,02654413940644
18,4639816666881;13,8908973728518;4,04599408068432
18,464120555577;13,914813815548;4,02400218746368
18,4642591666881;13,8958135329889;4,03660733940458
18,4643983333548;13,8901007830334;4,02374546529182
18,4645372222436;13,8833497187605;4,01634766207638
18,4646758333548;13,9007353744306;4,0197267218376
18,4648147222436;13,8713746488983;3,99995575044164
18,4649538889103;13,8761284406187;4,00413471406691
18,4650925000214;13,8832906578284;4,00377931889363
18,4652316666881;13,8779678131012;4,01680202182052
18,465370555577;13,8476734753524;4,00522824564237
18,4655091666881;13,8816849048682;3,99452620660387
18,4656483333547;13,8469732707893;3,99677425972476
18,4657872222436;13,8796383386379;3,98777031100474
18,4659261111325;13,8719224878525;4,00419639926324
18,4660650000214;13,8453025241557;4,00709421015029
18,4662036111325;13,8460616777887;3,99152913148041
18,4663433333547;13,8529808882624;4,00902457878459
18,4664813889103;13,8381402431064;3,97880063446667
18,4666202777992;13,842203752396;3,99767268903412
18,4667597222436;13,8217694577472;3,99844566832695
18,4668983333547;13,8412547042338;3,98902413675734
18,4670369444659;13,8473587670552;3,99262262308508
18,4671761111325;13,8205156319945;3,97176074286057
18,4673150000214;13,8537721367573;3,95584765658487
18,4674536111325;13,81365246573;3,98452404887081
18,467593055577;13,8061321499741;3,97841788999844
18,4677316666881;13,8162410068177;3,99657916948129
18,467870555577;13,7959086476834;3,9613421395737
18,4680097222436;13,7981115724183;3,97822276789333
18,4681483333548;13,8186175191528;3,93562530641981
18,4682869444659;13,8275155322412;3,93803428913282
18,4684258333547;13,7933422129236;3,95195543075465
18,4685650000214;13,8309879480289;3,94308443894144
18,4687036111325;13,8105811956212;3,93739481467688
18,4688427777992;13,7927567764183;3,96404556055853
18,4689816666881;13,7927942037067;3,96388414801976
18,4691202777992;13,7827947812899;3,95559153669234
18,4692594444659;13,7800382652256;3,94330633836276
18,4693983333548;13,7834233694174;3,96410654932066
18,4695369444659;13,7749107763632;3,9477147651024
18,4696758333547;13,7815251879682;3,92511023906721
18,4698150000214;13,7721543028557;3,9227012563542
18,4699536111325;13,7659410998252;3,93025683701066
18,4700927777992;13,7795654440248;3,93395450430006
18,4702316666881;13,7696466513504;3,93887110665204
18,4703708333547;13,7692403397831;3,93504808397611
18,4705094444659;13,7686543520613;3,95064003162358
18,4706483333547;13,7886822262228;3,93498660357562
18,4707872222436;13,7352300832556;3,90877970512392
18,4709261111325;13,7569660025579;3,90826442568215
18,4710650000214;13,7370474647162;3,93556374212821
18,4712038889103;13,7462502896977;3,90752628507181
18,4713427777992;13,7448441154903;3,91540304229849
18,4714816666881;13,7692557788416;3,90086915904288
18,471620555577;13,7541717748863;3,91279833039431
18,4717591666881;13,7394835804633;3,91977662848183
18,4718983333548;13,7398415674516;3,9100346050605
18,4720372222436;13,7396892485446;3,89080596685903
18,4721763889103;13,7264227957795;3,92144743060157
18,4723150000214;13,7176054721438;3,90559875266359
18,4724536111325;13,706622844421;3,90235294167596
18,4725927777992;13,7050771622715;3,8907449780969
18,4727319444659;13,718501321956;3,90122516648029
18,472870555577;13,7190924634939;3,89595250889369
18,4730097222436;13,7074755715154;3,90295719361507
18,4731486111325;13,6836276363894;3,88344550733987
18,4732875000214;13,6979578692398;3,87942727574733
18,4734261111325;13,7244477684341;3,89167758308346
18,4735650000214;13,7042244014953;3,87020152538068
18,4737041666881;13,6812670390653;3,86338343278373
18,473843055577;13,6871275830543;3,84146301664785
18,4739816666881;13,6608224756838;3,90579392257138
18,4741208333547;13,69595519638;3,89652987562664
18,4742594444659;13,680165494085;3,89563506976111
18,4743983333547;13,6535233799639;3,86853003072719
18,4745372222436;13,6608224756838;3,85367623601508
18,4746761111325;13,6788152201975;3,88525046985518
18,4748152777992;13,6452335769507;3,84997800455804
18,4749541666881;13,6584671472163;3,86981876828429
18,4750927777992;13,6483959806723;3,83715095867689
18,4752316666881;13,6557107245385;3,87270917688593
18,4753708333548;13,6613706882632;3,88702082484653
18,4755097222436;13,6641805402048;3,8657665101542
18,4756483333547;13,6152384365656;3,87129440049623
18,4757875000214;13,6338169979348;3,85329348312851
18,4759261111325;13,6012987129617;3,85435215490895
18,4760652777992;13,6143750606438;3,85528547648167
18,4762038889103;13,6244997158687;3,85315954305671
18,4763425000214;13,6029535947931;3,85290319629667
18,4764813889103;13,6252432745;3,8641564364259
18,4766202777992;13,618395699824;3,85470836228794
18,4767591666881;13,6074182783466;3,8283415441507
18,476898055577;13,6087100066526;3,83949836019681
18,4770369444659;13,6101316034064;3,84908014566031
18,4771761111325;13,5845754019314;3,83142650197397
18,4773147222436;13,6051721670372;3,86679777225936
18,4774538889103;13,5979941666855;3,84737446096761
18,4775925000214;13,5954385710224;3,85509031175303
18,4777316666881;13,5985423284177;3,8374448611155
18,4778702777992;13,583717359267;3,81982598034671
18,4780091666881;13,6004028865905;3,8450613436562
18,4781483333547;13,5921767515197;3,82718725622706
18,4782869444659;13,5965830420589;3,82644825957425
18,4784261111325;13,5956491361693;3,84625431954311
18,4785647222436;13,5886768296401;3,82332849366389
18,4787038889103;13,5559528769072;3,81686730580154
18,4788425000214;13,5537119987897;3,82811976468383
18,4789816666881;13,5689862311395;3,81139930668047
18,4791202777992;13,5643693650298;3,8143239423695
18,4792591666881;13,5763440701473;3,78805966014838
18,479398055577;13,554298096783;3,82384415993414
18,4795372222436;13,5487903289675;3,82056414794727
18,4796761111325;13,5216886637783;3,80169147329835
18,4798147222436;13,5427243206049;3,79613165817392
18,4799538889103;13,5297851595736;3,78738372111087
18,4800927777992;13,5377802552786;3,79134036309739
18,4802313889103;13,5025892734589;3,81342551960552
18,4803702777992;13,5088025950131;3,81602961924557
18,4805091666881;13,5330110768524;3,79632301591488
18,480648055577;13,5290415751907;3,80002069523101
18,4807872222436;13,5064901964357;3,77783615785768
18,4809261111325;13,5176736073403;3,78950862393896
18,4810650000214;13,5220264886034;3,7939756225129
18,4812036111325;13,4998758864989;3,80863495705509
18,4813427777992;13,4902719444426;3,81368622461252
18,4814816666881;13,4816448746363;3,77501025175829
18,481620555577;13,4697181473776;3,78037869320619
18,4817597222436;13,5117493583626;3,79002505694427
18,4818983333547;13,4983733404209;3,7911794422929
18,4820369444659;13,4607434060097;3,77423793157024
18,4821763889103;13,4702663091098;3,81101735721543
18,4823147222436;13,4594085413008;3,78877123119165
18,4824538889103;13,4614441196499;3,81413709064876
18,4825927777992;13,4680737027014;3,79269063698487
18,4827313889103;13,4708300535526;3,79452240988866
18,482870555577;13,4756219954681;3,78764352095172
18,4830091666881;13,4772338495317;3,78034453407039
18,4831483333547;13,4467229307681;3,77195201953998
18,4832872222436;13,4461799760977;3,76359671774787
18,4834261111325;13,4401189143372;3,77131256853329
18,4835650000214;13,4463322273089;3,75999549468469
18,4837036111325;13,4531952410432;3,77095715645777
18,4838427777992;13,4119964484175;3,78748243770471
18,4839819444659;13,4537282688644;3,77445967104524
18,484120555577;13,4378957401047;3,77574842747765
18,4842597222436;13,4194078183984;3,77642629353994
18,4843983333548;13,4438245758036;3,76877075789227
18,4845369444659;13,4142532174956;3,74279748641712
18,4846761111325;13,4145960173038;3,76590697869091
18,4848150000214;13,4239817852217;3,75369373587267
18,4849538889103;13,4351975400128;3,77163483783193
18,4850927777992;13,4312860753811;3,76693987839775
18,4852316666881;13,4248732658613;3,7603782433618
18,4853708333548;13,4059843814802;3,74009459048648
18,4855094444659;13,4006713798503;3,74321351922634
18,4856483333547;13,3800268592139;3,7544326681741
18,4857872222436;13,4112528897862;3,75459288207401
18,4859261111325;13,3991842855452;3,75566019594976
18,4860650000214;13,3938619692529;3,75623715403339
18,4862038889103;13,4109483918148;3,73774714085059
18,4863427777992;13,4046768686243;3,76141032963946
18,4864819444659;13,3789405062617;3,75552629205731
18,4866208333547;13,3818873487129;3,73462603531578
18,4867597222436;13,3852350584941;3,75462789665727
18,4868986111325;13,3980626604249;3,76292082554687
18,4870372222436;13,3901134209063;3,74340955210261
18,4871761111325;13,3751254801555;3,75244065310142
18,4873150000214;13,3815446059018;3,72691074058
18,4874541666881;13,3774380193151;3,73388921545791
18,487593055577;13,3642095812908;3,71000347378151
18,4877316666881;13,363493515057;3,73363256545366
18,4878702777992;13,3532272517348;3,72553394494062
18,4880091666881;13,3759740615086;3,71437704108786
18,4881483333548;13,3572954535704;3,73810256729308
18,4882872222436;13,3274801015554;3,75771262626671
18,4884261111325;13,3574432191861;3,72707100259188
18,4885647222436;13,3238708796412;3,72267086572222
18,4887036111325;13,3535744172613;3,70849298990396
18,4888427777992;13,3144421275378;3,73170200378212
18,4889813889103;13,337036758596;3,72179898943466
18,4891202777992;13,3313335251311;3,7299689727983
18,4892591666881;13,3043667229313;3,71035889758468
18,4893983333547;13,2746243075991;3,71418274865235
18,4895369444659;13,3272849892097;3,69910556965658
18,4896761111325;13,3178050826776;3,72340906316296
18,4898147222436;13,3185486842318;3,71421682297736
18,4899536111325;13,3208658338948;3,71897415622132
18,4900925000214;13,3020111782441;3,69508741412426
18,4902316666881;13,2881527242918;3,69357692212634
18,4903702777992;13,3104472615466;3,71861772778692
18,4905091666881;13,2872997091903;3,71543657440498
18,490648055577;13,2972188489646;3,71402257084728
18,4907872222436;13,2628831012352;3,69894533951697
18,4909261111325;13,3046860894407;3,68898179646982
18,4910650000214;13,2737132586849;3,70203096487117
18,4912036111325;13,2933609235719;3,67210009190754
18,4913425000214;13,2659974078994;3,70077713911854
18,4914813889103;13,2652001574058;3,6824209540211
18,491620555577;13,2870938840094;3,67779080265407
18,4917594444659;13,2621011445051;3,69852846719158
18,4918983333548;13,259383216557;3,69540874187905
18,4920372222436;13,2457583259687;3,67808496017037
18,4921761111325;13,2426440021301;3,70203202702643
18,4923147222436;13,2503557674333;3,66846469768163
18,4924538889103;13,2664924207717;3,68258113994827
18,4925927777992;13,2500127974364;3,67502548712213
18,4927316666881;13,237146679085;3,66830370284515
18,492870555577;13,2540228636907;3,6796557125534
18,4930091666881;13,2244520213474;3,68643906534101
18,4931483333547;13,2222636809901;3,66875869575355
18,4932872222436;13,2268652450801;3,66541749211649
18,4934261111325;13,2169460372371;3,65223336247897
18,4935650000214;13,2364264465679;3,65297156255917
18,4937038889103;13,217140994156;3,65062410901319
18,4938427777992;13,2190956480278;3,66277589279437
18,4939813889103;13,2009076890955;3,65583150908134
18,4941202777992;13,1850904022664;3,63670289131989
18,4942594444659;13,2075756181165;3,67152298944259
18,4943983333547;13,1948424439584;3,64750438106125
18,4945372222436;13,1983187894039;3,63680166090813
18,4946761111325;13,1948464403635;3,64769962548664
18,4948150000214;13,1965120289938;3,63757494061187
18,4949538889103;13,1674553862622;3,6444187421053
18,4950925000214;13,2099311414858;3,65573586015856
18,4952316666881;13,1757199914168;3,65593109382274
18,495370555577;13,1768605665647;3,65094549067635
18,4955091666881;13,1961927178458;3,62821475409766
18,4956483333548;13,1739133837121;3,64169312610846
18,4957872222436;13,1343200384579;3,61953913940096
18,4959261111325;13,1841794894894;3,61204591724132
18,4960647222436;13,170098061806;3,62731635869761
18,4962038889103;13,152062260595;3,62397405897735
18,4963427777992;13,1681950317406;3,62834865799013
18,4964816666881;13,1426232008417;3,61224008875024
18,496620555577;13,1417849824521;3,62985908982643
18,4967594444659;13,144747126942;3,63467594196004
18,496898055577;13,1167387109022;3,6179298742033
18,4970372222436;13,114831487523;3,63004566968402
18,4971761111325;13,1225512768094;3,61680117978892
18,4973147222436;13,125140206401;3,62741516016962
18,4974541666881;13,1225899122012;3,63185011584289
18,4975927777992;13,1255520704433;3,63841201436745
18,4977319444659;13,0898701565785;3,61152922677417
18,497870555577;13,1001860215218;3,60906033653515
18,4980091666881;13,0924276168207;3,60265834652668
18,4981483333547;13,1102724801452;3,61439230863201
18,4982872222436;13,0891224094194;3,6131396012932
18,4984261111325;13,0990956525134;3,6094758070935
18,4985650000214;13,1049975045382;3,61111241099655
18,4987038889103;13,0391793669543;3,5831734751377
18,4988427777992;13,0891650521139;3,60995741342293
18,4989816666881;13,1062086284228;3,60449022019247
18,499120555577;13,087467942898;3,6082483912152
18,4992594444659;13,0843687168761;3,5707013035595
18,4993983333548;13,0814643713769;3,60520110563382
18,4995372222436;13,0775486332412;3,60854235740646
18,4996763889103;13,0830610760665;3,57912917384715
18,4998147222436;13,0707436611912;3,57951079417037
18,4999536111325;13,0879043920149;3,58629320308967
18,5000927777992;13,0546496444289;3,57471942691151
18,5002313889103;13,0674772463597;3,59568070942569
18,500370555577;13,0307433644529;3,60960197133778
18,5005091666881;13,0310588815507;3,59121991252181
18,500648055577;13,0738966679059;3,58263164806002
18,5007869444659;13,0423322209636;3,58330737903015
18,5009258333547;13,0468911901569;3,56279022429089
18,5010647222436;13,0512868171691;3,56919201842209
18,5012038889103;13,0377155535614;3,56825846403399
18,5013425000214;13,0577602513249;3,5564246473929
18,5014813889103;13,0287458770233;3,55636441649131
18,5016202777992;13,0099513695124;3,5949436704185
18,5017591666881;13,0353600174653;3,54530621988545
18,5018983333547;13,0349593512399;3,56022116720678
18,5020372222436;13,0434339227164;3,55520823347734
18,5021758333547;13,0325651670242;3,57215037891893
18,5023147222436;13,0070431198833;3,56922595134674
18,5024538889103;13,0114651466123;3,55447122576422
18,5025925000214;13,0242813394201;3,57684665950597
18,5027313889103;13,0320122705381;3,55025665231526
18,502870555577;13,0117692545871;3,5568799960636
18,5030091666881;12,9932773105138;3,54437268174675
18,5031483333548;13,0018925146835;3,55488792961512
18,5032869444659;12,9803957159405;3,55572505151684
18,5034258333547;12,9872044661984;3,5365580027823
18,5035647222436;13,0046875370071;3,54826577070543
18,5037038889103;12,9732291121391;3,55652454615506
18,5038425000214;13,0042480507796;3,5479103195255
18,5039816666881;13,0013397585056;3,54238188078034
18,504120555577;12,9860601468873;3,55173309044704
18,5042591666881;12,9998950416437;3,52174197992935
18,504398055577;12,957991859633;3,54511091167768
18,5045372222436;12,9433188003923;3,5354042924273
18,5046761111325;12,9500424483037;3,53174037725887
18,5048150000214;12,9620168315171;3,56224833313266
18,5049536111325;12,9419685265048;3,54045488985807
18,5050927777992;12,9872044661984;3,54823189435808
18,5052313889103;12,9107620742038;3,53148379524711
18,5053702777992;12,9502760088476;3,53614123513961
18,5055091666881;12,9376154534082;3,52366907920549
18,5056483333547;12,9427238007035;3,5335371354995
18,5057872222436;12,9483880664413;3,52016660108066
18,5059261111325;12,9524944875901;3,50469976392705
18,5060650000214;12,9234225869961;3,54051475635401
18,5062038889103;12,8997373578447;3,50016608085252
18,5063427777992;12,9210245094029;3,50965135321229
18,5064816666881;12,9140523632612;3,51778516256417
18,506620555577;12,9112962331905;3,50527783199789
18,5067594444659;12,9374484069168;3,512256740071
18,506898055577;12,9250770108726;3,50615017668443
18,5070372222436;12,9177582582233;3,51611466546373
18,5071761111325;12,9087070343828;3,51589197183702
18,5073150000214;12,8659509315756;3,50615017668443
18,5074538889103;12,8944195960395;3,5041841599818
18,5075927777992;12,8835895073163;3,48232445115048
18,5077316666881;12,8786298248001;3,50068167667422
18,507870555577;12,8723738049445;3,49862970309658
18,5080097222436;12,8880115340453;3,49405950181637
18,508148055577;12,8630460546001;3,48226435925443
18,5082872222436;12,8707587110146;3,49775728942021
18,5084261111325;12,8872138893527;3,51501971435258
18,5085650000214;12,8446637484268;3,51547531614048
18,5087041666881;12,8200172650479;3,50103842553906
18,5088427777992;12,8621078471614;3,48341928785032
18,5089819444659;12,842612175796;3,48322396369343
18,509120555577;12,8142956353605;3,48702065139489
18,5092594444659;12,8433558804397;3,46946283144734
18,5093983333547;12,8385482283563;3,47711738856918
18,5095372222436;12,822014769662;3,47091086902128
18,5096763889103;12,8262847277618;3,47747283974908
18,5098150000214;12,8391548147889;3,47399770935681
18,5099538889103;12,8211581057099;3,47936603830072
18,5100927777992;12,8078908472615;3,47548215074028
18,5102316666881;12,7922647103875;3,48081399524634
18,510370555577;12,8119008244136;3,47477121834956
18,5105094444659;12,8005182048588;3,47679714910416
18,5106483333547;12,8082340556443;3,44390781520784
18,5107872222436;12,7945107183215;3,47753541153654
18,5109261111325;12,7684158468711;3,44667072117616
18,5110652777992;12,7929661361789;3,44243127957463
18,5112038889103;12,7759648217904;3,47856654366251
18,5113427777992;12,7841516564168;3,47950016185339
18,5114816666881;12,8113482592015;3,45146218470759
18,511620555577;12,7828946050918;3,46882474850986
18,5117591666881;12,7762837452778;3,46178099843428
18,511898055577;12,7656597123434;3,46053221681393
18,5120369444659;12,7639513550281;3,45657393585296
18,5121758333547;12,7950632453307;3,44885808506751
18,5123147222436;12,7628887795026;3,44078678437353
18,5124536111325;12,7549129408116;3,43857335418193
18,5125925000214;12,7722589013572;3,44541689542353
18,5127313889103;12,7491670812896;3,43690289681308
18,5128702777992;12,7464533853825;3,44201464795844
18,5130091666881;12,77872092639;3,44718757171506
18,513148055577;12,7623394471926;3,45580179051984
18,5132869444659;12,7676996896373;3,43384311924541
18,5134258333547;12,7539748008648;3,45708952090976
18,5135647222436;12,7253150686055;3,42905287853165
18,5137038889103;12,7474031458172;3,4480859397344
18,5138425000214;12,7532734897047;3,45876134789322
18,5139813889103;12,742194946537;3,43124030682392
18,5141202777992;12,7543604395912;3,44390647171107
18,5142594444659;12,7257154973632;3,45265478186533
18,514398055577;12,720507298083;3,42163128096263
18,5145372222436;12,7400453825986;3,42571053271118
18,5146758333547;12,7078317055694;3,42519495313894
18,5148150000214;12,7264592305898;3,42722094438756
18,5149538889103;12,7247508622021;3,43738466445762
18,5150925000214;12,7196509939361;3,43300969589683
18,5152313889103;12,7284567953726;3,41304306856932
18,5153702777992;12,729024159217;3,4375800895246
18,5155091666881;12,7146942357775;3,43555262292566
18,515648055577;12,7196509939361;3,43117773503647
18,5157869444659;12,6961059199741;3,42220947657131
18,5159261111325;12,6884324654656;3,44500155945468
18,5160650000214;12,7012176711194;3,42879631277083
18,5162038889103;12,7049119538708;3,42976378744459
18,5163425000214;12,6907880906791;3,41243539627726
18,5164816666881;12,6913374904942;3,41288293078043
18,516620555577;12,6865297027751;3,4277026046442
18,5167591666881;12,6986952384995;3,44020869614337
18,5168983333547;12,6872882528532;3,41134166015837
18,5170372222436;12,6900295336677;3,40549164393937
18,5171761111325;12,6898923524933;3,42037745521
18,5173147222436;12,6763062004844;3,40378742340758
18,5174536111325;12,6700385821718;3,39851405822759
18,5175927777992;12,6694979638308;3,40311025417981
18,5177313889103;12,6610658895763;3,41211377877295
18,517870555577;12,6845173626812;3,41002668978987
18,5180097222436;12,666744800137;3,41098619851215
18,518148055577;12,6828778892856;3,40442405808173
18,5182872222436;12,6542063843401;3,42272502099487
18,5184261111325;12,6510646410141;3,38989984460756
18,5185647222436;12,644283914118;3,39304684543606
18,5187036111325;12,6571262372892;3,40185642842721
18,5188427777992;12,6612325947591;3,39558837328866
18,5189813889103;12,6636305993736;3,38861222739212
18,519120555577;12,6466543156601;3,41018840672885
18,5192591666881;12,6428781471027;3,40726252851411
18,519398055577;12,6343791136906;3,39539440339436
18,5195375000214;12,6387865064113;3,40674700034882
18,5196761111325;12,6407840997868;3,4116987100324
18,5198150000214;12,6358813969952;3,392468696717
18,5199538889103;12,627613108035;3,40288754429929
18,5200927777992;12,625352398216;3,39568875233596
18,5202316666881;12,6138356609744;3,40909461039232
18,520370555577;12,6015457027295;3,42053908362777
18,5205094444659;12,6191418474228;3,38160732465252
18,5206483333547;12,6360185781696;3,37369606475787
18,5207872222436;12,6091769290222;3,40127825954173
18,5209261111325;12,6022471036816;3,37906434163023
18,5210652777992;12,5922852560362;3,39362364644757
18,5212038889103;12,617842726858;3,39060285138291
18,5213427777992;12,6114229203958;3,36196074866763
18,5214813889103;12,5860716544821;3,36546321896802
18,5216202777992;12,5899295798748;3,38067363421428
18,5217597222436;12,5875739164519;3,37662190028226
18,5218986111325;12,5954811579001;3,3685490191923
18,5220372222436;12,58658173841;3,37520641623755
18,5221761111325;12,5610637501143;3,39642704992332
18,5223150000214;12,5799677294349;3,36758951047
18,5224538889103;12,5732440525513;3,35132059068036
18,5225927777992;12,5572058247216;3,37166868215263
18,5227319444659;12,5729956290726;3,36874439120476
18,522870555577;12,5718937786638;3,39247015278482
18,5230091666881;12,5329564260966;3,38504871477153
18,5231483333548;12,5657196392484;3,37115311883238
18,5232872222436;12,5413884755077;3,35993637295874
18,5234261111325;12,5517084259332;3,37019361011011
18,5235647222436;12,5410303755221;3,35421104982714
18,5237036111325;12,5550537348458;3,35289609835712
18,5238425000214;12,5461962969861;3,33547228157562
18,5239813889103;12,5674835173252;3,37118699517973
18,524120555577;12,5116692343502;3,35003297346492
18,5242591666881;12,5294539689925;3,377492901533
18,5243983333547;12,5282001432399;3,34855640531987
18,5245369444659;12,4892773631457;3,36061194914254
18,5246761111325;12,5228967989076;3,35035312443441
18,5248150000214;12,4972970926334;3,34116073801579
18,5249536111325;12,5180889519478;3,36080737420951
18,5250925000214;12,4960432668807;3,34434301309582
18,5252313889103;12,519382365591;3,36781226912049
18,525370555577;12,5243422178471;3,33961269094954
18,5255091666881;12,5047090647166;3,348939217176
18,5256483333547;12,4539893523997;3,33032522691133
18,5257872222436;12,4887277938971;3,36482534919423
18,5259258333547;12,4776916448459;3,34881708684847
18,5260650000214;12,4639113766303;3,35424489788215
18,5262036111325;12,4774974075401;3,33270812029986
18,5263427777992;12,4809550232982;3,34945476424113
18,5264813889103;12,4892773631457;3,36025647575565
18,5266202777992;12,4867130301338;3,34190057174783
18,5267594444659;12,4730476729879;3,34537567263865
18,526898055577;12,4720275453332;3,34981187433286
18,5270372222436;12,4538398028595;3,34518024757165
18,5271763889103;12,4609216115093;3,34701232289316
18,5273147222436;12,4095147556513;3,35955354845686
18,5274538889103;12,4462906145772;3,31563179589995
18,5275925000214;12,4320980175185;3,32797767708013
18,5277316666881;12,432095625796;3,33861926675047
18,5278702777992;12,4361199575364;3,33495674528098
18,5280091666881;12,4597100043272;3,35038844685187
18,5281483333547;12,4473777778267;3,34868269957749
18,5282869444659;12,4346599185856;3,32431511293134
18,5284261111325;12,4216261258303;3,34414764108334
18,5285647222436;12,4221758658347;3,32688542110861
18,5287036111325;12,4078606540348;3,32630883684587
18,5288427777992;12,4245488719159;3,32499226951441
18,5289816666881;12,4076966394096;3,31164760876152
18,5291202777992;12,4253467840592;3,31640541326252
18,5292594444659;12,404554937486;3,3220680827354
18,5293983333547;12,4010405041694;3,33547228157562
18,5295369444659;12,3858029128059;3,30978334285345
18,5296761111325;12,3999385900512;3,31145371953772
18,5298147222436;12,3703859324755;3,34428189647798
18,5299536111325;12,4130543117579;3,32395965001336
18,5300927777992;12,3712646127568;3,30789020691719
18,5302319444659;12,3871507949709;3,32187264170904
18,5303708333548;12,3676006704405;3,30895038554175
18,5305094444659;12,3772310350095;3,29888514285909
18,5306483333548;12,352320884646;3,31013723711311
18,5307872222436;12,3718312109279;3,29418998299047
18,5309261111325;12,3685086524694;3,31254748786978
18,5310650000214;12,3666085200394;3,33254807070784
18,5312038889103;12,3631087194792;3,31727641872899
18,531343055577;12,3391076172342;3,30299958193635
18,5314816666881;12,3405133759669;3,3003971635647
18,531620555577;12,3686605131167;3,29120467959368
18,5317597222436;12,3337896866614;3,30216649573282
18,5318983333548;12,3472091335006;3,31525242543506
18,5320372222436;12,3271215045711;3,29747126360013
18,5321758333547;12,3236613142016;3,32181353395467
18,5323150000214;12,3407049691538;3,28824509746545
18,5324538889103;12,3407471084678;3,29914165654361
18,5325927777992;12,3334291838773;3,31525057521446
18,5327316666881;12,3309794299638;3,28480371517566
18,532870555577;12,320561775096;3,29579927557447
18,5330094444659;12,325273267583;3,29711427393835
18,5331483333547;12,3299293985422;3,30435412454693
18,5332872222436;12,3183579850905;3,28162304301657
18,5334261111325;12,3159454634161;3,28699127171279
18,5335650000214;12,3144976969714;3,29341791832678
18,5337041666881;12,3012721481325;3,29261854289325
18,5338427777992;12,3300812591895;3,30767126976673
18,5339816666881;12,3092894976912;3,28130126444191
18,534120555577;12,3175995561115;3,30290481507001
18,5342594444659;12,2988597201335;3,29576551241146
18,5343983333548;12,3023740622506;3,287830565425
18,5345372222436;12,2959542061626;3,27885892600705
18,5346763889103;12,3023740622506;3,29618208743059
18,5348150000214;12,3012155068481;3,25776291500918
18,5349538889103;12,2771324425792;3,29847044997675
18,5350927777992;12,3021800929487;3,29355230559781
18,5352316666881;12,2924122366578;3,31451408169949
18,535370555577;12,2822863826686;3,27245791467891
18,5355094444659;12,2841442917377;3,29133103889183
18,535648055577;12,2571412369367;3,28917887643254
18,5357869444659;12,2866940136558;3,27869892068534
18,5359258333547;12,2651983614386;3,27494005203511
18,5360647222436;12,262250565134;3,27615580674052
18,5362038889103;12,2870521426307;3,26252888900203
18,5363425000214;12,2596885359067;3,27661031668549
18,5364816666881;12,2786180004489;3,25497497652583
18,536620555577;12,2742100290991;3,29422967899873
18,5367594444659;12,2733563938106;3,25091966929091
18,5368983333547;12,2606386021206;3,27885722643754
18,5370369444659;12,2751182316907;3,28416616606489
18,5371758333547;12,2396551069123;3,27239690097426
18,5373150000214;12,2527145474183;3,29349339394852
18,5374536111325;12,2664941783136;3,25773904533816
18,5375925000214;12,2564350163417;3,27551842924206
18,5377313889103;12,2098936347763;3,26452104486714
18,537870555577;12,2314691584463;3,26957402566774
18,5380091666881;12,2396551069123;3,25069866328306
18,538148055577;12,2279149243865;3,23542894430716
18,5382872222436;12,2408389744521;3,2410179995492
18,5384258333547;12,2288231269781;3,27740963249315
18,5385647222436;12,2062274899425;3,22295685227687
18,5387036111325;12,2187514343304;3,24079517585238
18,5388425000214;12,2038297048474;3,25940929372177
18,5389813889103;12,2137495833888;3,27217597508837
18,5391202777992;12,2027697212298;3,241888988151
18,5392594444659;12,216753754913;3,22594179093994
18,539398055577;12,1944619332055;3,25237087688575
18,5395372222436;12,2060337326034;3,24722357925825
18,5396761111325;12,2025758790948;3,24334036384317
18,5398150000214;12,1963621332;3,25040415474416
18,5399538889103;12,1790701770462;3,23401313595957
18,5400927777992;12,2007575945959;3,23674364369327
18,5402316666881;12,1839901007798;3,24121349923786
18,5403702777992;12,1621363791922;3,2373200833938
18,5405091666881;12,1825826075145;3,22928243228381
18,5406486111325;12,1787264803817;3,21771045000395
18,5407869444659;12,1863859476582;3,24047516099239
18,5409258333547;12,1525746799926;3,24060156908598
18,5410650000214;12,1621783406687;3,22912239082206
18,5412038889103;12,1869780274623;3,22854413469651
18,5413425000214;12,1540623759171;3,23860758739522
18,5414816666881;12,14786307724;3,20144598391306
18,541620555577;12,1540767976342;3,22739112156989
18,5417594444659;12,1978498291244;3,20106312567319
18,541898055577;12,1562664126003;3,19012664197456
18,5420372222436;12,142296740699;3,23381764704709
18,5421761111325;12,1300611117744;3,22115196903354
18,5423150000214;12,1430550773475;3,22610179626164
18,5424536111325;12,1256512586277;3,19961374714035
18,5425927777992;12,135531007121;3,21275869604756
18,5427316666881;12,1303773041346;3,19803798167248
18,542870555577;12,1302254986365;3,19726606480731
18,5430094444659;12,1043220538962;3,22057567394552
18,5431483333548;12,117135383967;3,17874835470889
18,5432872222436;12,1184873355962;3,27426460348943
18,5434258333547;12,0913980038306;3,20221784678043
18,5435652777992;12,1011534323839;3,22276129949665
18,5437038889103;12,0959998087148;3,19581672340033
18,5438427777992;12,0814780997819;3,19028856589182
18,5439816666881;12,1039638917694;3,23176890695913
18,544120555577;12,1092820250528;3,20639779812728
18,5442594444659;12,0977082488747;3,23751758633495
18,5443983333547;12,0873756450283;3,19855547416793
18,5445375000214;12,0939895093524;3,19855547416793
18,5446761111325;12,0704963889876;3,19357019619648
18,5448150000214;12,0998996066313;3,19392807000114
18,5449538889103;12,0750981910735;3,20508321084188
18,5450927777992;12,0764083004776;3,22401731350669
18,5452319444659;12,0565266935674;3,19283181991977
18,545370555577;12,0653428046131;3,18772006877447
18,5455094444659;12,0699043236038;3,190286659344
18,5456486111325;12,0760484785346;3,17244831227103
18,5457872222436;12,0714466592275;3,20029364689915
18,5459261111325;12,0664448758907;3,19553505614752
18,5460652777992;12,0247112391457;3,18662618808926
18,5462038889103;12,0590744096986;3,20106312567319
18,5463427777992;12,0312136269285;3,19028856589182
18,5464816666881;12,0212936291222;3,18022503668996
18,546620555577;12,0311589623421;3,17572999048991
18,5467594444659;12,0253033258932;3,19617429583658
18,5468983333548;12,0499111030422;3,18396127996937
18,5470375000214;12,0304697216037;3,14836686045459
18,5471758333547;12,0219972393018;3,19122248162233
18,5473147222436;12,0108219200755;3,17099893892822
18,5474538889103;12,0130275627637;3,18803997096217
18,5475925000214;12,0312136269285;3,17942800698032
18,5477313889103;12,0234560615663;3,19704525913062
18,547870555577;12,0225056809669;3,1656307786107
18,5480094444659;11,9855819061072;3,18048622125468
18,548148055577;12,002362172577;3,19819996426742
18,5482869444659;12,0021962361869;3,17833409012997
18,5484261111325;12,0058201536434;3,17463608569551
18,5485647222436;11,9820938523659;3,16347863573296
18,5487038889103;11,9935442632713;3,16724235760486
18,5488425000214;12,0006537282712;3,15419178554009
18,5489813889103;11,9868198710842;3,19026338796198
18,5491202777992;11,9888736365191;3,15466891631519
18,5492594444659;11,9975396967928;3,16894589677884
18,549398055577;11,9813082266509;3,15900880459316
18,5495369444659;11,9668138880459;3,19042330500218
18,5496758333547;11,9895757124408;3,17386428340137
18,5498150000214;11,9798479342363;3,17010061788605
18,5499538889103;11,9680819556794;3,18125804374165
18,5500925000214;11,9748879161949;3,17614425506883
18,5502316666881;11,9620185996873;3,15717656782044
18,550370555577;11,9515886307346;3,15003912805511
18,5505094444659;11,9581477242849;3,16492803023621
18,550648055577;11,9452783388058;3,15843258183051
18,5507869444659;11,9603518630132;3,14779054095982
18,5509258333547;11,9409104987987;3,14502886564844
18,5510647222436;11,9280006606324;3,16338443221213
18,5512038889103;11,9500866365035;3,15184405107502
18,5513425000214;11,9618121330253;3,17129592642829
18,5514816666881;11,9532423835892;3,18254753717656
18,5516202777992;11,9585605675826;3,15049615284971
18,5517594444659;11,9100613075562;3,14339215633697
18,551898055577;11,9373690700089;3,17312830456319
18,5520372222436;11,887257724811;3,16708246889891
18,5521761111325;11,9361022349138;3,16702181950606
18,5523150000214;11,9026894263819;3,15389705344782
18,5524536111325;11,9295015285518;3,13611764935641
18,5525927777992;11,9258369787382;3,17274541678327
18,5527313889103;11,9267457510039;3,15277805480372
18,5528708333547;11,91226546287;3,17348141250369
18,5530094444659;11,9209187442452;3,14268109078998
18,5531483333547;11,9234393457601;3,15332083068515
18,5532869444659;11,9033928834834;3,15316092992146
18,5534261111325;11,9106110173277;3,1536156586277
18,5535650000214;11,906905534633;3,11859950215069
18,5537038889103;11,89603402577;3,11734567639806
18,5538427777992;11,9109974851889;3,16702181950606
18,5539816666881;11,9034475280484;3,14043252328656
18,554120555577;11,9132017515221;3,16171439297196
18,5542594444659;11,8903575843379;3,14544507913604
18,5543983333548;11,9113556749941;3,15326270807435
18,5545372222436;11,8843501972451;3,1336483328239
18,5546758333548;11,8741819544018;3,13438672802033
18,5548150000214;11,861864255673;3,16499631265322
18,5549536111325;11,8929758359064;3,14339215633697
18,5550927777992;11,8799000568839;3,13036890578269
18,5552313889103;11,8736304218089;3,15091235849891
18,555370555577;11,8843501972451;3,13419111654207
18,5555094444659;11,8786462311313;3,14962281811293
18,5556483333547;11,8806847403778;3,12645031207066
18,5557872222436;11,860652174164;3,13255679977357
18,5559261111325;11,8741819544018;3,1408130664511
18,5560652777992;11,8523846759329;3,13641472516628
18,5562038889103;11,8494223906353;3,12959716407761
18,5563425000214;11,8470247690706;3,15132861238095
18,5564816666881;11,8394606258673;3,1269930644375
18,5566208333547;11,858956736402;3,14908246642997
18,5567594444659;11,8644536275134;3,1330722059115
18,5568983333547;11,8139988962342;3,12390461781888
18,5570372222436;11,8559944456086;3,13564055377296
18,5571763889103;11,8273353170963;3,11451862290045
18,5573150000214;11,8476170198459;3,12484094898815
18,5574538889103;11,8517915771353;3,12355135253233
18,5575927777992;11,815651477156;3,12535635512603
18,5577313889103;11,827775962724;3,15878810612926
18,5578708333548;11,8202257918031;3,1046172537863
18,5580094444659;11,8262880256505;3,11143480831026
18,5581483333548;11,8016801132347;3,12828271697305
18,5582872222436;11,7975740704156;3,10712743176248
18,5584261111325;11,7794281885296;3,11484328254789
18,5585647222436;11,8036371919239;3,13454905063605
18,5587038889103;11,7840441370345;3,10346262852238
18,558843055577;11,8018734601701;3,12751105607799
18,5589819444659;11,7926688704919;3,13766855091893
18,559120555577;11,7968301134042;3,13969665660781
18,5592597222436;11,7693563724434;3,14152647631161
18,5593983333547;11,7757767919467;3,11046741376083
18,5595369444659;11,7546279914465;3,13564302386268
18,5596761111325;11,7731726923066;3,1363209162796
18,5598150000214;11,8003298393472;3,14458808322709
18,5599538889103;11,7584989855197;3,1273512397415
18,5600927777992;11,7672614953935;3,11014767252712
18,5602313889103;11,7531391083317;3,12989208789548
18,560370555577;11,7474210403103;3,12931617808448
18,5605094444659;11,7656085108128;3,11687148504467
18,560648055577;11,7614472596026;3,09542705218161
18,5607869444659;11,7700172132558;3,12484094898815
18,5609258333547;11,7316860384545;3,1577742616598
18,5610650000214;11,7463737657793;3,10700082835976
18,5612036111325;11,7373492073111;3,10185326935937
18,5613427777992;11,7441694317936;3,12625723032536
18,5614816666881;11,7463598238291;3,13689684961531
18,5616202777992;11,7142425949347;3,11676956214683
18,5617591666881;11,7152622748932;3,11462294498403
18,5618983333548;11,7562947281207;3,1111784793078
18,5620372222436;11,7094481032592;3,10924695471496
18,5621761111325;11,7360538153537;3,11066307316992
18,5623150000214;11,7310797446305;3,13098890780881
18,5624536111325;11,7152622748932;3,13580287638868
18,5625927777992;11,721517731788;3,12667334732458
18,5627313889103;11,7247149523157;3,1120548495432
18,5628702777992;11,7086901298572;3,11265532403237
18,5630091666881;11,6886565372653;3,10989137186627
18,5631483333548;11,6917980568095;3,10950847986501
18,5632869444659;11,6826359586534;3,14349405390271
18,5634258333547;11,6894005028936;3,12108497001685
18,5635650000214;11,7208562423397;3,11066571241798
18,5637036111325;11,7004229379646;3,10535566261547
18,5638425000214;11,6776336058053;3,10732315509864
18,5639816666881;11,7019248300743;3,1153945588953
18,5641202777992;11,6517309002762;3,11082552875448
18,5642591666881;11,6587297559468;3,11593727989984
18,5643983333547;11,7016767637173;3,09372123704446
18,5645372222436;11,6599841875599;3,12957243471357
18,5646761111325;11,6475556598782;3,11963538895608
18,5648150000214;11,6445657920716;3,10915563425922
18,5649538889103;11,6638554190352;3,1260341625028
18,5650927777992;11,6539212367761;3,09996285732441
18,5652316666881;11,6471559797686;3,11867664686943
18,5653702777992;11,6282245758034;3,137966273833
18,5655094444659;11,6561256563067;3,10179534305323
18,5656483333548;11,6320825011961;3,10800113166809
18,5657872222436;11,6398398090927;3,12732679088984
18,5659263889103;11,6292857301103;3,12295060118652
18,5660650000214;11,6271638423028;3,10617156534124
18,5662036111325;11,6385445262289;3,10050557832895
18,5663427777992;11,6085906377845;3,09925175257632
18,5664816666881;11,6308286754435;3,13140220646869
18,5666202777992;11,6166922567364;3,12160326691213
18,5667591666881;11,6281831877284;3,1205091932365
18,5668986111325;11,6287756593351;3,13249895791185
18,5670372222436;11,6124897318009;3,08735566014647
18,5671761111325;11,6006133888227;3,11320933094822
18,5673150000214;11,6009575632656;3,12667334732458
18,5674538889103;11,6060693144109;3,11336911923144
18,5675925000214;11,6170090239727;3,11561765929201
18,5677316666881;11,5941508160209;3,13818655824039
18,5678702777992;11,6006128410537;3,10639174241419
18,5680094444659;11,592290725105;3,11243777110531
18,5681483333547;11,6051597544556;3,11118108049141
18,5682872222436;11,5818605924969;3,14809342546323
18,5684261111325;11,5805653690181;3,11607254722932
18,5685650000214;11,5893422802492;3,11632877972542
18,5687038889103;11,589741994835;3,10822142911439
18,5688427777992;11,5919875780608;3,10294986163257
18,5689813889103;11,5814609634706;3,13098608102536
18,5691208333548;11,5691431727487;3,11504187074536
18,5692594444659;11,5713476772098;3,11202182304135
18,5693986111325;11,568288993264;3,11895749653917
18,5695372222436;11,5794631231742;3,11352891958126
18,5696761111325;11,5754122891944;3,10439944269334
18,5698152777992;11,5462022731332;3,10472192031989
18,5699538889103;11,545100023138;3,12333081443356
18,570093055577;11,5456373932433;3,10803716392627
18,5702316666881;11,549894973205;3,10288938052275
18,570370555577;11,5537114711779;3,10141539073939
18,5705097222436;11,5691982625056;3,10221140395331
18,5706486111325;11,5354138909526;3,10800113166809
18,5707872222436;11,5493575864974;3,1043059722559
18,5709258333547;11,5541523559218;3,11790824058474
18,5710652777992;11,5348627289582;3,11468345414721
18,5712041666881;11,5278633587292;3,09610493193173
18,5713427777992;11,5274638598937;3,1024733920255
18,5714813889103;11,5325756110391;3,10565624614333
18,571620555577;11,5339120330053;3,09481796623604
18,5717591666881;11,5032002139234;3,11613594049822
18,571898055577;11,5313079333652;3,119577941969
18,5720372222436;11,5162344630945;3,11977070032867
18,5721758333547;11,5087252819748;3,11993352508415
18,5723147222436;11,5158762317944;3,11202182304135
18,5724536111325;11,5252592590891;3,1000234134714
18,5725925000214;11,5363232527288;3,11716660068856
18,5727316666881;11,5111227119492;3,11347150005136
18,5728708333548;11,4952914407471;3,09298838814192
18,5730091666881;11,4955394432429;3,12748655111406
18,573148055577;11,486680005162;3,10742539109387
18,5732872222436;11,4865285685333;3,09257246421993
18,5734261111325;11,5102271188461;3,09620719145923
18,5735647222436;11,469277997282;3,10231070033547
18,5737036111325;11,4780548298919;3,1245629430957
18,5738427777992;11,469939358382;3,13703496848296
18,5739816666881;11,483607431613;3,07881051232371
18,5741202777992;11,4764427811409;3,10491773958861
18,5742591666881;11,4889258638491;3,11076501959133
18,574398055577;11,4501537507377;3,10404388311386
18,5745369444659;11,4435263452856;3,10710287069128
18,5746758333547;11,4772969778672;3,11867664686943
18,5748147222436;11,4744037077817;3,11681412254364
18,5749536111325;11,4840759055218;3,12729379275441
18,5750927777992;11,4545627762676;3,09851611149122
18,5752313889103;11,462967530762;3,11424299267014
18,5753702777992;11,4743897484274;3,1002883150054
18,5755094444659;11,4580212028248;3,10778096763732
18,5756483333547;11,4192765256894;3,11263359037406
18,5757869444659;11,4402333630161;3,11867664686943
18,5759258333547;11,3983335205879;3,12056961823245
18,5760647222436;11,4524963994812;3,088554819042
18,5762038889103;11,4318010233697;3,12285709266473
18,576343055577;11,4119603877199;3,12307726973771
18,5764816666881;11,4050986498712;3,10404388311386
18,576620555577;11,4168791071401;3,11070768454988
18,5767594444659;11,4080196859869;3,10195806468002
18,5768983333547;11,444477092339;3,13005762425229
18,5770375000214;11,403803515489;3,09771721350074
18,5771761111325;11,4091636630846;3,11147915694718
18,5773152777992;11,3914856960966;3,10321189043262
18,5774538889103;11,3906176698025;3,09588773136554
18,5775927777992;11,3911274551438;3,11170237139831
18,5777316666881;11,3856574643949;3,11736559803381
18,5778702777992;11,3737393900069;3,1078444460056
18,5780094444659;11,3612148073601;3,12562409137018
18,578148055577;11,3781483116274;3,11790824058474
18,5782869444659;11,405305330962;3,12305621134459
18,5784261111325;11,3406713546439;3,10105981419588
18,5785650000214;11,3649212167215;3,1426652096568
18,5787036111325;11,3625099120385;3,12770971667641
18,5788427777992;11,3817995390021;3,10299183376446
18,5789813889103;11,3499854399075;3,10225330826353
18,5791208333548;11,3780931721222;3,12723350808596
18,5792594444659;11,3772390591855;3,1147614983937
18,5793983333547;11,3514459298249;3,10762123155445
18,5795372222436;11,3476302173245;3,10842008971281
18,5796761111325;11,3459351307868;3,12797204723861
18,5798147222436;11,3640120326476;3,13025347550968
18,5799538889103;11,3301998881871;3,12218204160902
18,5800927777992;11,329056368611;3,10100281718181
18,5802316666881;11,3090638996637;3,10376330616177
18,580370555577;11,3101662007599;3,11607891601506
18,5805094444659;11,3208307697888;3,0987783213327
18,5806483333547;11,3371580367445;3,1128959405554
18,5807872222436;11,317166110957;3,13472947584222
18,5809261111325;11,3360557056182;3,110903573001
18,5810650000214;11,3094497035939;3,13003351217685
18,5812038889103;11,3208307697888;3,10653036365747
18,5813427777992;11,3233796110932;3,1112865199151
18,5814816666881;11,3141756508091;3,12836389894426
18,581620555577;11,3096012365554;3,12286029609325
18,5817594444659;11,2963878351662;3,1244732024366
18,5818983333548;11,2759409813015;3,11353184085814
18,5820372222436;11,3057433111627;3,12713407296917
18,5821763889103;11,2952306082651;3,13202588788269
18,5823152777992;11,297476451691;3,10887833552638
18,5824538889103;11,2811491805817;3,12160647034062
18,5825927777992;11,2939767825125;3,12781236367749
18,5827316666881;11,2943214583798;3,08630630644097
18,5828708333548;11,2762992388656;3,09771721350074
18,5830097222436;11,2952859059723;3,1123806621066
18,5831483333547;11,2603989790571;3,12964172447442
18,5832869444659;11,2708292301562;3,10502041013365
18,5834258333547;11,2757894908288;3,10482449488231
18,5835647222436;11,2797989066943;3,12353865925922
18,5837036111325;11,2756380131369;3,11774854494789
18,5838425000214;11,2657174790108;3,11853013485162
18,5839813889103;11,2761477525465;3,13993767512241
18,584120555577;11,2597652106415;3,12838789872183
18,5842594444659;11,2542540259428;3,12868323828937
18,584398055577;11,2726899649166;3,1344101848112
18,5845369444659;11,2590628427949;3,15568871603841
18,5846758333547;11,2581948478112;3,12045211170448
18,5848147222436;11,2482331702163;3,11768500983442
18,5849536111325;11,2464278520472;3,101542140758
18,5850925000214;11,2516911064452;3,10887833552638
18,5852316666881;11,2618595536181;3,10466481132119
18,5853702777992;11,2504789970258;3,10977656246649
18,5855094444659;11,2317402253885;3,09177703702801
18,5856483333548;11,2454776312336;3,13681492486054
18,5857872222436;11,2360667511941;3,1164345187527
18,5859261111325;11,2329529207722;3,09489639616243
18,5860650000214;11,2325946520963;3,12263704904228
18,5862038889103;11,2429146025218;3,12482531289669
18,5863425000214;11,2261325933079;3,09267525611747
18,5864816666881;11,2324021546105;3,12129382140904
18,586620555577;11,2197117187027;3,1013256500803
18,5867594444659;11,2156611821268;3,1387506253952
18,5868983333547;11,2273728974415;3,12617558678411
18,5870369444659;11,2014833063085;3,11878616990381
18,5871761111325;11,2261190716889;3,10277547110812
18,5873150000214;11,2073391610535;3,12726973682544
18,5874536111325;11,2061264359507;3,13717392392698
18,5875925000214;11,2018691370775;3,12836389894426
18,5877313889103;11,2005332980345;3,12945807314154
18,5878702777992;11,1805815835661;3,13801203467398
18,5880094444659;11,1996233102681;3,13604697861479
18,588148055577;11,1879391656756;3,12920198553104
18,5882872222436;11,2111970864462;3,13328325580807
18,5884261111325;11,1898960385543;3,1140263715707
18,5885647222436;11,1969224239105;3,14646647618065
18,5887036111325;11,1761728920117;3,11289942625848
18,588843055577;11,1891519204999;3,141294702241
18,5889819444659;11,171019285595;3,12299604810875
18,589120555577;11,1701101810138;3,10424903229563
18,5892594444659;11,1783222623761;3,12707730207671
18,5893983333548;11,1654528245971;3,13550438316878
18,5895372222436;11,1868368089871;3,14578799252604
18,5896758333548;11,1713640067664;3,13511243543735
18,5898150000214;11,1809398535923;3,15495363752743
18,5899538889103;11,1640475211525;3,12961772469689
18,5900927777992;11,1878562992376;3,13328325580807
18,5902313889103;11,1675471820235;3,13760026745226
18,590370555577;11,1438488126892;3,14113512317888
18,5905094444659;11,158178132005;3,16758892612165
18,5906483333547;11,1392057463286;3,13019664755353
18,5907872222436;11,1328258534891;3,14083949550891
18,5909261111325;11,1596387912456;3,14817236978615
18,5910647222436;11,1448682511704;3,12994056809717
18,5912038889103;11,1270668372309;3,13801203467398
18,5913427777992;11,1436144254178;3,13374234205952
18,5914816666881;11,1412447130492;3,13765641888261
18,591620555577;11,1355403046061;3,13755688774987
18,5917591666881;11,1465633146226;3,11418964012859
18,5918983333547;11,1312830396091;3,13791249833895
18,5920372222436;11,1314755796016;3,13186622032359
18,5921761111325;11,118606877021;3,12832764212629
18,5923150000214;11,1261712884638;3,09585481834421
18,5924538889103;11,1179457299801;3,15637077623938
18,5925933333547;11,1467701874987;3,12003634052968
18,5927316666881;11,1289688426054;3,12685397350148
18,592870555577;11,1263781443978;3,13161377183459
18,5930091666881;11,1135362265255;3,11743589601633
18,5931486111325;11,0960101675282;3,13505608734306
18,5932872222436;11,0954593246647;3,12351883976885
18,5934261111325;11,1003103446346;3,12296330538254
18,5935650000214;11,0827842079614;3,14666249266796
18,5937038889103;11,0802210306043;3,121905490914
18,5938427777992;11,0990156858165;3,13218905322205
18,5939813889103;11,0885430199608;3,14312757227992
18,594120555577;11,1040851632166;3,12794815977841
18,5942600000214;11,0995240890509;3,14151434427532
18,5943986111325;11,0814895290673;3,14833577156011
18,5945375000214;11,0460639256028;3,12650202068923
18,5946763889103;11,0936154281437;3,137137639028
18,5948152777992;11,0612896930932;3,11248374387245
18,5949536111325;11,0841344818488;3,14338359131895
18,5950925000214;11,0655050261041;3,13598691859744
18,5952313889103;11,0583828298525;3,15087996080302
18,595370555577;11,0311704339;3,14849534246429
18,5955091666881;11,0431025036871;3,13859489933137
18,5956483333547;11,0521277454786;3,13123079109712
18,5957872222436;11,0571290040998;3,1592746333412
18,5959258333547;11,0359373039864;3,14943003849521
18,5960650000214;11,0466155369034;3,13926964688721
18,5962036111325;11,0573213315225;3,10349057313903
18,5963427777992;11,0503220526808;3,16720984484135
18,5964813889103;11,024253125515;3,14698549767263
18,596620555577;11,0223521497135;3,15766108352622
18,5967594444659;11,0150355701293;3,14994523274081
18,596898055577;11,0333742455506;3,1350887164898
18,5970372222436;11,0377972827674;3,1193052723678
18,5971761111325;11,0163448622681;3,14958959731274
18,5973150000214;11,0031180486018;3,12773240844672
18,5974536111325;11,0179425439797;3,14750898927599
18,5975927777992;11,0125973955053;3,12534406013833
18,5977316666881;11,0047710860899;3,15303196902312
18,597870555577;11,0069759739945;3,13583126112121
18,5980094444659;10,9862256030749;3,16543690091231
18,598148055577;11,0224093354088;3,14907440041543
18,5982872222436;11,0178055947854;3,13320400456075
18,5984261111325;10,9841311852389;3,1387506253952
18,5985647222436;11,0014228483281;3,12441314241931
18,5987036111325;10,9869421916437;3,13853931273792
18,5988425000214;10,9781105578202;3,14000827574256
18,5989813889103;10,9837743474203;3,13968918651395
18,599120555577;10,9768158990022;3,12550737309766
18,5992594444659;10,9808660242323;3,12264409529649
18,5993983333547;10,983084266251;3,13483663317095
18,5995372222436;10,9755620732495;3,13911419520932
18,5996761111325;10,962885808349;3,15798418552725
18,5998150000214;10,9554726700017;3,14775672727379
18,5999536111325;10,9911859746579;3,14917820729389
18,6000927777992;10,9325174450681;3,14756457586947
18,6002313889103;10,975864760103;3,14386620113524
18,600370555577;10,9536683466459;3,14978567785164
18,6005091666881;10,945249167711;3,14071955317877
18,6006483333547;10,9461038328907;3,1526763270148
18,6007872222436;10,9387462895368;3,12936923608842
18,6009261111325;10,9297766129987;3,17274120028998
18,6010650000214;10,9657517672858;3,15052431751784
18,6012038889103;10,9400833423478;3,12920970960761
18,6013427777992;10,9240996023222;3,16627917525719
18,6014816666881;10,9395446452172;3,12586695663285
18,6016208333548;10,9264692111128;3,13837552555157
18,6017594444659;10,9344195527477;3,1453527121887
18,6018983333548;10,9505546083731;3,12895374708262
18,6020372222436;10,9147307824807;3,15541670794852
18,6021761111325;10,9209582821262;3,13004807053645
18,6023150000214;10,9176375772894;3,14123883213028
18,6024538889103;10,8895852258874;3,14647030077535
18,6025927777992;10,9008006959853;3,14348727669696
18,6027316666881;10,9211520339389;3,15155878255578
18,602870555577;10,8922851197622;3,15512088808481
18,6030094444659;10,8695514262683;3,14901872918131
18,6031483333547;10,8575637912277;3,13760026745226
18,6032872222436;10,9042727548027;3,1598496373411
18,6034261111325;10,8823790281991;3,16059250535946
18,6035650000214;10,8864307054044;3,14316411001758
18,6037038889103;10,8753665564153;3,12403402585528
18,6038427777992;10,8910312940096;3,15724553770099
18,6039816666881;10,8902462374422;3,11538748365592
18,6041208333548;10,8930440418786;3,13911008806969
18,6042594444659;10,8809606357044;3,13432146075297
18,6043983333547;10,8700886468242;3,12940178002458
18,6045375000214;10,8590245351838;3,16846367059398
18,6046763889103;10,8576193468162;3,13869877875578
18,6048150000214;10,8608711681707;3,12676513644831
18,6049538889103;10,8721422747661;3,15158205192068
18,6050927777992;10,8557612268946;3,14740503729936
18,6052316666881;10,8733553566936;3,14364678715759
18,605370555577;10,8406170598589;3,15412626013452
18,6055094444659;10,8471072529136;3,13847523805151
18,6056483333548;10,8460455706381;3,159690106629
18,6057872222436;10,8264391840407;3,14676605656337
18,6059263889103;10,8198407879764;3,13008476780479
18,6060650000214;10,8400666265416;3,15412626013452
18,6062038889103;10,8354645053923;3,13451760015886
18,6063427777992;10,8239315325354;3,15319562289275
18,6064816666881;10,8306554155137;3,15557621447937
18,606620555577;10,812316953036;3,16642011024658
18,6067597222436;10,8257374479192;3,15599589398306
18,6068983333547;10,8502078043373;3,16126713140432
18,6070369444659;10,8185719920672;3,15615538025895
18,6071761111325;10,8275549498106;3,17451446702503
18,6073150000214;10,8190816393355;3,11680505215213
18,6074538889103;10,8014466585409;3,13811957904801
18,6075925000214;10,8022040110754;3,14233757162941
18,6077316666881;10,8075078631574;3,16455018611754
18,6078702777992;10,821480507175;3,15595922483166
18,6080094444659;10,8095615419546;3,12326285699277
18,608148055577;10,7933856418201;3,15322808159621
18,6082869444659;10,8090112362765;3,14786465879405
18,6084258333547;10,7959897414602;3,16753300100982
18,6085650000214;10,8000415597385;3,16033659120677
18,6087038889103;10,7842089737707;3,14052752326077
18,6088427777992;10,7957827499489;3,12194920516669
18,6089816666881;10,7978364671311;3,14573572254093
18,6091202777992;10,7983329548187;3,15459048433758
18,6092594444659;10,7753498406091;3,15595922483166
18,609398055577;10,7786574344091;3,14145819284494
18,6095372222436;10,7851601638456;3,1508474736863
18,6096758333547;10,7900799416973;3,14547977210731
18,6098147222436;10,7526439023231;3,14937015620347
18,6099538889103;10,7779539402492;3,14985718685907
18,6100927777992;10,7473251143122;3,13780061859021
18,6102313889103;10,7525881682617;3,1611674241118
18,610370555577;10,7681862150936;3,14526055915397
18,6105094444659;10,7711335994688;3,13905444434283
18,6106483333547;10,7540917467816;3,15995356392375
18,6107869444659;10,748041761091;3,13514146787929
18,6109261111325;10,7585130060029;3,14255670414852
18,6110647222436;10,7505901467525;3,14859902784229
18,6112038889103;10,7491293349983;3,18972707629908
18,6113425000214;10,7634734626619;3,16693520653394
18,6114816666881;10,74944688133;3,14609137633704
18,6116202777992;10,7516519566601;3,1533320807352
18,6117591666881;10,7298546781913;3,15426702646658
18,6118983333547;10,7553455725342;3,15859581158847
18,6120369444659;10,7441301398692;3,15416288219586
18,6121761111325;10,7462225913638;3,16033659120677
18,6123150000214;10,7388243547293;3,14824337404619
18,6124538889103;10,7268922503266;3,14581711269443
18,612593055577;10,7276496028612;3,15564023232668
18,6127316666881;10,72740186024;3,16020948230974
18,612870555577;10,714215934244;3,16168686509425
18,6130091666881;10,725638424574;3,13588021919503
18,613148055577;10,7145742583092;3,1774375107955
18,6132872222436;10,6907232501823;3,15213796859038
18,6134263889103;10,7280354873486;3,1594384349722
18,6135650000214;10,7184729178582;3,16917915884784
18,6137038889103;10,7131560801583;3,15297640993941
18,6138427777992;10,7254313877085;3,14008915064835
18,6139816666881;10,697323387011;3,16934772197686
18,614120555577;10,7019406433325;3,1577096720973
18,6142594444659;10,6901728802002;3,16371174476853
18,6143983333547;10,6822092995912;3,16693995409258
18,6145372222436;10,697489732272;3,16239820540807
18,6146761111325;10,7155124928544;3,14973006163302
18,6148150000214;10,7031944690852;3,1818472905274
18,6149541666881;10,6872104564949;3,16063729434862
18,615093055577;10,718971530902;3,15178230693397
18,6152316666881;10,694885632632;3,15442646042843
18,615370555577;10,6951202789473;3,17596912833534
18,6155094444659;10,675790086707;3,17194274083334
18,6156483333547;10,6631543016632;3,15558050957947
18,6157872222436;10,6604143372063;3,17393969341506
18,6159261111325;10,6657584013033;3,14159885849764
18,6160650000214;10,6841119523385;3,14234224422785
18,6162038889103;10,6602477116038;3,16673894973835
18,6163427777992;10,6546536054371;3,16841267097766
18,6164819444659;10,6629219887115;3,13555218581479
18,616620555577;10,6584008857101;3,15051368089127
18,6167597222436;10,6247263121465;3,14896365058632
18,6168983333548;10,651539930444;3,15437160628397
18,6170372222436;10,6383539850001;3,16679861623959
18,6171761111325;10,6506875011275;3,16294069084682
18,6173152777992;10,655756200702;3,15005809501329
18,6174538889103;10,6525318608183;3,15057316945018
18,6175927777992;10,6245881485241;3,15792871109386
18,6177319444659;10,6139526068912;3,167158845225
18,617870555577;10,6108113698769;3,16433110689388
18,6180094444659;10,6230889090317;3,16570425650482
18,6181483333547;10,6082072702368;3,15536143035581
18,6182875000214;10,6498872256685;3,15427171745063
18,6184261111325;10,6082072702368;3,20223128508789
18,6185650000214;10,6222210080914;3,14739452580989
18,6187038889103;10,621779131209;3,15771447623536
18,6188427777992;10,6152064326438;3,16156759748998
18,6189813889103;10,6008368250783;3,15131192076592
18,6191202777992;10,6201799683272;3,15208283283232
18,6192594444659;10,5926243509811;3,16365203116072
18,6193983333547;10,6054925085146;3,14743156981945
18,6195369444659;10,5848955799169;3,16523397922683
18,6196761111325;10,5778940450978;3,18586915090637
18,6198150000214;10,5784464751629;3,15645584634467
18,6199538889103;10,601745245204;3,13951447322319
18,6200927777992;10,591163398048;3,1501130889161
18,6202313889103;10,5887535053096;3,12945036859563
18,620370555577;10,5862028815511;3,1633009198323
18,6205094444659;10,5793979039592;3,16307728114123
18,6206483333548;10,589704994296;3,1685174214461
18,6207872222436;10,5661560022842;3,15442646042843
18,6209261111325;10,5505730875099;3,16802962252279
18,6210650000214;10,5585913775056;3,16709931938141
18,6212038889103;10,5599011158833;3,15656057139483
18,6213425000214;10,5582054706192;3,14524258049573
18,6214813889103;10,5575041773556;3,14651894437395
18,621620555577;10,5487262187281;3,17243000189902
18,6217594444659;10,5420724757847;3,15661525610841
18,6218983333547;10,5560431904906;3,15739088887258
18,6220372222436;10,5399103326748;3,16510673965803
18,6221761111325;10,5404632071287;3,16912405061228
18,6223150000214;10,5279781880126;3,15719458397768
18,6224538889103;10,5251797873488;3,15115255154339
18,6225925000214;10,5375107874153;3,16600487102104
18,6227313889103;10,5211706657187;3,15532922748432
18,6228702777992;10,5000369058195;3,17350188399735
18,6230094444659;10,4957645109833;3,14411114441739
18,6231483333547;10,5165555738137;3,13836544514655
18,6232872222436;10,5167196688794;3,15530674564224
18,6234258333547;10,5159624664385;3,1665199509722
18,6235650000214;10,5410103679426;3,15407540173169
18,6237038889103;10,4992798535615;3,15735398557368
18,6238427777992;10,4991257556836;3,18211585434429
18,6239816666881;10,5108102787766;3,1732056473696
18,6241202777992;10,47983612872;3,16427642218028
18,6242591666881;10,4817938586419;3,161982877252
18,6243983333548;10,5029277089099;3,16121669671563
18,6245372222436;10,5106435596953;3,14896365058632
18,6246761111325;10,482742608029;3,17391704273734
18,6248150000214;10,4835025065296;3,17658898501315
18,6249541666881;10,4849074731266;3,157035194483
18,6250925000214;10,4733741036871;3,1643358544525
18,6252316666881;10,4882558836747;3,15729935804956
18,6253708333548;10,4742852538232;3,16928344827545
18,6255094444659;10,4734173752988;3,15459532666966
18,6256483333548;10,4610302413222;3,15683889479948
18,6257872222436;10,4609899440387;3,16928344827545
18,6259258333547;10,4731825561041;3,17815330012095
18,6260652777992;10,4687057948242;3,15530674564224
18,6262038889103;10,4785418962286;3,16802962252279
18,6263427777992;10,4664025437083;3,15957980556416
18,6264816666881;10,4713789365519;3,14651894437395
18,626620555577;10,4688123893877;3,16031377173738
18,6267591666881;10,4451969720244;3,15546608278646
18,626898055577;10,4500063607893;3,16573185696765
18,6270372222436;10,4746871834693;3,17940712587358
18,6271758333547;10,4495672744341;3,1659453824621
18,6273150000214;10,4472107423146;3,17809858787288
18,6274538889103;10,4333912446603;3,15791084528229
18,6275927777992;10,4373299336454;3,13446229504845
18,6277319444659;10,4611410506122;3,13347245131075
18,627870555577;10,4220523049729;3,16870884345721
18,6280091666881;10,4218609991414;3,15974414082515
18,6281483333548;10,4436955105434;3,14707093844706
18,6282872222436;10,4362301807911;3,15886840232884
18,6284258333547;10,4323289238997;3,16945261770772
18,6285650000214;10,4314206639331;3,15584915242229
18,6287041666881;10,4312292728895;3,16672119678304
18,6288427777992;10,4207955939155;3,15678432446828
18,6289816666881;10,4214994471735;3,14490488963594
18,629120555577;10,3928542098943;3,13752672971032
18,6292594444659;10,4053667776494;3,1494835755243
18,6293983333548;10,4297808954361;3,16244820950587
18,6295372222436;10,4062346516893;3,13434820682446
18,6296763889103;10,408974182009;3,16192810781925
18,6298152777992;10,3976106891623;3,14353660041712
18,6299541666881;10,4038251979304;3,13675098802153
18,6300927777992;10,4035197372421;3,14759089485676
18,6302316666881;10,3961622646206;3,16767872174842
18,630370555577;10,3687581211056;3,17002702824053
18,6305094444659;10,4071736662113;3,16980833835999
18,6306483333547;10,390102169234;3,14613589591914
18,6307872222436;10,4026115800848;3,17935241362551
18,6309258333547;10,4069789885407;3,14427537624414
18,6310647222436;10,3888323610635;3,13655952545872
18,6312038889103;10,3785158340711;3,14264356796488
18,6313427777992;10,3841771733337;3,15546608278646
18,6314813889103;10,3735517830424;3,14411114441739
18,6316202777992;10,393903844715;3,15251134566753
18,6317594444659;10,3994578154259;3,15067801615228
18,631898055577;10,374805608795;3,15984410986576
18,6320369444659;10,3793802891623;3,17935241362551
18,6321761111325;10,3755658944288;3,13049028143169
18,6323147222436;10,3513155844497;3,18263594029077
18,6324538889103;10,3648875463701;3,15584915242229
18,6325925000214;10,3777680852457;3,13910947852335
18,6327313889103;10,3625309671598;3,16231117745508
18,6328702777992;10,3375398737785;3,14562565013159
18,6330091666881;10,3697097804822;3,14868539557207
18,633148055577;10,3400842802605;3,16690300366247
18,6332869444659;10,3395506015172;3,14524258049573
18,6334263889103;10,3734040829257;3,14003438121557
18,6335650000214;10,3566346664522;3,17960820283901
18,6337038889103;10,3263209417858;3,14389230660825
18,6338425000214;10,3355254894108;3,15380234704952
18,6339816666881;10,3160412789623;3,14925985513864
18,6341202777992;10,3145960760121;3,16411709714293
18,6342591666881;10,3438070645214;3,14041745085143
18,634398055577;10,3358876046425;3,14192706975203
18,6345375000214;10,3136479240109;3,14280286061094
18,6346761111325;10,3180554125251;3,15196897037012
18,6348150000214;10,3164030491609;3,15874958493336
18,6349538889103;10,3211965412976;3,15473767229506
18,6350925000214;10,3274273391365;3,13544273175683
18,6352316666881;10,3103395617396;3,16668922148577
18,635370555577;10,3043198359878;3,14332314031356
18,6355094444659;10,2984475944814;3,15235206119615
18,635648055577;10,2999087285917;3,15511544530762
18,6357869444659;10,3187596751562;3,16450017525369
18,6359261111325;10,2890830947406;3,15128949521215
18,6360650000214;10,2914359044298;3,11877951739575
18,6362038889103;10,284839172771;3,1460864962641
18,6363427777992;10,2972644605266;3,14592723995364
18,6364813889103;10,2603813659241;3,13415180569325
18,636620555577;10,2695985074533;3,13393316915918
18,6367594444659;10,253768336856;3,13049028143169
18,6368983333548;10,3048167742493;3,13971571903403
18,6370372222436;10,2729069726064;3,13967867502441
18,6371758333547;10,3029695621003;3,13418890600417
18,6373150000214;10,2751087789051;3,16428156589842
18,6374538889103;10,2637298688169;3,15708072151548
18,6375927777992;10,2669984885824;3,13936000497341
18,6377316666881;10,2501178442365;3,13596302720495
18,637870555577;10,2640318980422;3,15547116989566
18,6380091666881;10,2508058187513;3,1613589415245
18,638148055577;10,2304098610896;3,12064484937997
18,6382872222436;10,2390371764832;3,17273624155257
18,6384263889103;10,2337743828426;3,1446905265106
18,6385650000214;10,2361310046715;3,14776067090872
18,6387038889103;10,2241988183624;3,11506383681188
18,6388427777992;10,2342712996301;3,15791084528229
18,6389816666881;10,23261902216;3,14071904067347
18,639120555577;10,2030219133747;3,12756759226119
18,6392594444659;10,2171873205891;3,14206405760987
18,639398055577;10,2383366352851;3,14942942894888
18,6395375000214;10,2179441866042;3,14238783929477
18,6396761111325;10,2192420628948;3,12069057800767
18,6398150000214;10,2199424156096;3,15010369008019
18,6399538889103;10,2137278469139;3,12537853028635
18,6400927777992;10,1938488460344;3,12408763237485
18,6402316666881;10,2297253785659;3,11856078725788
18,640370555577;10,2085361069149;3,13450751975384
18,6405094444659;10,1994114616267;3,13733538881337
18,6406483333548;10,1945892409733;3,13264745349056
18,6407872222436;10,2009002449832;3,14040056439538
18,6409261111325;10,1896848831026;3,1337738925601
18,6410652777992;10,1850825602986;3,12370966686848
18,6412041666881;10,1922326233106;3,13117521975704
18,6413427777992;10,1832270286093;3,14326396145236
18,6414819444659;10,1907313155806;3,15364309073908
18,641620555577;10,168686567954;3,13180860847996
18,6417594444659;10,1876741913348;3,13524631458139
18,6418983333547;10,1856236160307;3,13123437960425
18,6420369444659;10,1721986190543;3,11560097090103
18,6421761111325;10,1733453329591;3,12482641637359
18,6423152777992;10,1723977162834;3,15673034744677
18,6424536111325;10,1792139286417;3,11267826598771
18,6425925000214;10,1714580882726;3,15087443332769
18,6427313889103;10,1543701826668;3,12991596716739
18,6428702777992;10,1735087841204;3,14129329407746
18,6430091666881;10,1505039896797;3,13467739693982
18,643148055577;10,1529174230394;3,12991596716739
18,6432872222436;10,1411482941183;3,14921102096801
18,6434261111325;10,1525544623745;3,12335394100131
18,6435650000214;10,1150340267535;3,13947073663005
18,6437038889103;10,1448553094232;3,12930998587319
18,6438425000214;10,1353196546703;3,14534766873828
18,6439813889103;10,1123353816292;3,12773219454607
18,6441202777992;10,1258675154642;3,12107367731241
18,6442594444659;10,1313775990606;3,12309821233117
18,6443983333548;10,1288699475554;3,10879830919671
18,6445372222436;10,125353977179;3,13695230646454
18,6446758333547;10,1181915648075;3,14290821590063
18,6448147222436;10,1446079640309;3,12622268857717
18,6449538889103;10,1224079225226;3,1275357023452
18,6450927777992;10,1194896809406;3,13290316187275
18,6452316666881;10,1044562515286;3,1477015392322
18,6453702777992;10,1084651081763;3,12592092132655
18,6455091666881;10,1029550592145;3,13821138916819
18,6456483333547;10,1235107997036;3,13560728952811
18,6457872222436;10,1082743565755;3,12972486969778
18,6459261111325;10,1153924424052;3,13837611054609
18,6460647222436;10,0972099308232;3,12805069505316
18,6462038889103;10,0919892942636;3,12621731837373
18,6463427777992;10,0989064675413;3,11500465795069
18,6464816666881;10,0954424045414;3,12256129270872
18,6466208333547;10,0865190857797;3,12299821641324
18,6467594444659;10,0856719143555;3,13867279652396
18,6468983333547;10,1007492573909;3,12748214933745
18,6470369444659;10,084162322871;3,13409777144403
18,6471758333547;10,068367848565;3,12914526449532
18,6473147222436;10,0874711728359;3,10382232773247
18,6474536111325;10,0542065512945;3,13347746342063
18,6475927777992;10,0913770518973;3,11886258334343
18,6477313889103;10,073993273873;3,13085127605962
18,6478702777992;10,0910817999964;3,12315751299514
18,6480094444659;10,0848670731959;3,10127727524215
18,6481483333548;10,0660822117889;3,13081947154714
18,6482872222436;10,0548944411651;3,10969107976041
18,6484258333548;10,0551019363875;3,11114673255801
18,6485647222436;10,0663219533917;3,13612776305402
18,6487036111325;10,0593230409534;3,11573809134916
18,6488427777992;10,0744359736831;3,11407484072021
18,6489819444659;10,0427714230881;3,11792722599398
18,649120555577;10,0501060831899;3,12049952112162
18,6492594444659;10,0430187896496;3,1196606034261
18,6493983333547;10,0423854040647;3,11902181148741
18,6495372222436;10,0430187896496;3,11699734393881
18,6496761111325;10,0573522768537;3,10382232773247
18,6498150000214;10,0436837196286;3,11908648358246
18,6499541666881;10,0404270079273;3,12220554321897
18,6500927777992;10,0332526201159;3,09976781380487
18,6502316666881;10,052856277407;3,10510516418216
18,650370555577;10,0651793107377;3,10589768412373
18,6505094444659;10,0390812929241;3,08104682555057
18,6506483333547;10,0343111084504;3,111305960702
18,6507872222436;10,0367245130129;3,10162480221516
18,6509261111325;10,0277426994646;3,11729985006724
18,6510650000214;10,0127142967125;3,07034917153001
18,6512038889103;10,0196805283509;3,09278523406249
18,6513427777992;10,031751479126;3,09560965207703
18,6514819444659;10,0277548364748;3,09465606265957
18,6516208333548;10,0297583133932;3,10301601370028
18,6517594444659;9,98752357830546;3,1159083731593
18,6518983333548;9,98837927690647;3,1122413422832
18,6520375000214;9,98379963487136;3,09938468905531
18,6521761111325;9,99303350794037;3,09853756579889
18,6523150000214;10,0075180836161;3,1127836703362
18,6524538889103;10,0097068982536;3,10838341689046
18,6525927777992;9,99488096341076;3,10578502732923
18,6527316666881;10,0171210790073;3,10744803530926
18,652870555577;9,98239975047284;3,08452704734827
18,6530094444659;10,0054629313816;3,1061407965139
18,6531483333547;9,99377800058977;3,09278523406249
18,6532875000214;9,99448282791622;3,11465454740667
18,6534261111325;9,97264093965049;3,11793857110541
18,6535652777992;9,97428079340773;3,09724656441685
18,6537038889103;9,96711410754784;3,10308343477615
18,653843055577;9,9866161527047;3,12545206048048
18,6539816666881;9,97559133644717;3,10449377241096
18,654120555577;9,96476206742844;3,08709387771469
18,6542594444659;9,96382216037;3,08797010466867
18,6543986111325;9,96912931141438;3,11005773171667
18,6545369444659;9,94799222898038;3,10416974200803
18,6546761111325;10,0104686864296;3,09314661334227
18,6548147222436;9,97262877248264;3,09459133361148
18,6549536111325;9,97920730185496;3,08707781878269
18,6550927777992;9,9610721714873;3,08819403762675
18,6552313889103;9,94012550660088;3,09648393555196
18,6553702777992;9,98397248113136;3,08636052548798
18,6555091666881;9,97303200711627;3,06008839996568
18,6556483333548;9,93275602163271;3,09002191051917
18,6557869444659;9,92263173879263;3,08953873315815
18,6559261111325;9,92830442352727;3,09648393555196
18,6560650000214;9,92815357760099;3,09533595035208
18,6562036111325;9,93775658967945;3,09996440233974
18,6563427777992;9,93716810396796;3,08808841520465
18,6564816666881;9,9261828135013;3,08452704734827
18,6566202777992;9,90830308573118;3,06617282619982
18,6567594444659;9,92720664425576;3,08704035227413
18,656898055577;9,92654128199703;3,06472245486748
18,6570372222436;9,93366348156809;3,09501182268505
18,6571761111325;9,9283492133404;3,0774378888014
18,6573150000214;9,91586817211467;3,10022965621096
18,6574538889103;9,90150014224264;3,08318242688142
18,6575925000214;9,92225140186778;3,10324843785818
18,6577316666881;9,90539747012977;3,09569775390361
18,6578702777992;9,8965904709863;3,07305908627137
18,6580091666881;9,91272724348673;3,05345118481779
18,6581483333547;9,87945000898773;3,07129034408717
18,6582869444659;9,89138227170614;3,09862004679252
18,6584261111325;9,8868248482791;3,09793430166616
18,6585650000214;9,87173415820229;3,1023128944758
18,6587041666881;9,88721093020303;3,08244941400812
18,6588427777992;9,87308443208974;3,06299473941024
18,6589813889103;9,87099525068493;3,0648873098406
18,659120555577;9,88847662143215;3,08939481943153
18,6592597222436;9,88190332271728;3,06411104673629
18,6593983333548;9,86878358973226;3,07093457224312
18,6595369444659;9,87233988745476;3,09662728982633
18,6596758333547;9,87374452062369;3,09427293790998
18,6598150000214;9,85886704404305;3,08630733940083
18,6599538889103;9,8772889181875;3,07823570889056
18,6600927777992;9,8394266610251;3,08103054062121
18,6602316666881;9,8509886019099;3,06666193271241
18,660370555577;9,85134150423625;3,07421275034335
18,6605094444659;9,85099506974666;3,06920116087863
18,6606483333548;9,86132038762878;3,0448587925797
18,6607869444659;9,85123577591594;3,07479249763585
18,6609261111325;9,84528299147712;3,05929598156882
18,6610650000214;9,83321184018143;3,08907665043853
18,6612038889103;9,84288111748197;3,05637355894785
18,6613425000214;9,849331156331;3,08427709326483
18,6614816666881;9,83466158481377;3,04704240314629
18,661620555577;9,85635939253774;3,05884009592222
18,6617594444659;9,85123577591594;3,0710937234299
18,6618986111325;9,84241683809364;3,06450418084896
18,6620372222436;9,83241599675779;3,09328426449758
18,6621758333547;9,81301502804126;3,05492312337978
18,6623152777992;9,83209688766817;3,05319561762474
18,6624538889103;9,8594214745068;3,03840262921079
18,6625927777992;9,81135762580629;3,0367871817688
18,6627316666881;9,82198470457934;3,07218839799577
18,6628702777992;9,81626727337544;3,05705970653941
18,6630094444659;9,80825000938597;3,06997759308305
18,6631483333547;9,79864128054348;3,05853141628978
18,6632872222436;9,81116735752346;3,04534207143348
18,6634261111325;9,80564590974586;3,03666920935945
18,6635652777992;9,78876438447378;3,0439290944941
18,6637041666881;9,79186589526651;3,04630921208673
18,6638427777992;9,78836648010116;3,06592909808222
18,6639816666881;9,81041092840121;3,06718292383488
18,664120555577;9,78159726250664;3,07129034408717
18,6642597222436;9,7950186591878;3,06972203801595
18,6643986111325;9,78931890100026;3,05705354301747
18,6645372222436;9,75313592831395;3,04183991394495
18,6646761111325;9,79997965877376;3,05341966514445
18,6648147222436;9,77694342561938;3,04178706732924
18,6649538889103;9,78030395438171;3,01176880081542
18,6650927777992;9,76041469031355;3,0520007171236
18,6652319444659;9,75991716456707;3,03577728720308
18,6653702777992;9,76797989649543;3,04059206321367
18,6655094444659;9,76856762988484;3,01776272835974
18,6656483333547;9,79108193851542;3,04226055460347
18,6657872222436;9,74919335989392;3,05727759053718
18,6659263889103;9,74406980364108;3,04313123439226
18,6660652777992;9,74147750910848;3,04751013392956
18,6662041666881;9,74959721414155;3,03541538360685
18,6663425000214;9,74351535519503;3,03098368928335
18,6664813889103;9,75729529260326;3,02901231201417
18,6666202777992;9,72464125141809;3,03814706626167
18,6667591666881;9,73435552460313;3,02551614924991
18,666898055577;9,74081754963592;3,04130363970884
18,6670372222436;9,72905376142535;3,04329641570695
18,6671761111325;9,72588330225142;3,0160197960945
18,6673150000214;9,7442776220403;3,035904952083
18,6674538889103;9,74558862261972;3,00050344483836
18,6675925000214;9,72648896496739;3,04547976683932
18,6677313889103;9,74002189505239;3,02531946433089
18,6678702777992;9,73100682831608;3,04345550232608
18,6680094444659;9,70344078770427;3,02529827835934
18,6681483333548;9,72062086377545;3,05399345772111
18,6682872222436;9,7321493293357;3,03004806526843
18,6684261111325;9,6999689712157;3,03355635475012
18,6685647222436;9,72204332842355;3,01998978886036
18,6687038889103;9,6986303816671;3,03908269876553
18,6688427777992;9,71937003654719;3,02129646122876
18,6689813889103;9,71947844233614;3,02056349685134
18,6691202777992;9,69220768968768;3,03547433704696
18,6692594444659;9,72333636772888;3,03043121547626
18,669398055577;9,68894366661618;3,02780592986463
18,6695372222436;9,69831741261964;3,02088173072366
18,6696758333547;9,68746071671998;3,02175848193315
18,6698150000214;9,69111073304558;3,01223631157717
18,6699538889103;9,69255445654343;2,99555078425368
18,6700925000214;9,66240810026616;3,03240931544019
18,6702313889103;9,70303148233498;2,97880032846871
18,670370555577;9,68964902079017;3,01973427836487
18,6705091666881;9,67032020044354;3,01883625332653
18,6706483333547;9,68140312426979;3,01336253794494
18,6707869444659;9,69200602351503;3,01810369284109
18,6709261111325;9,68249959314818;2,99725085230446
18,6710650000214;9,68268947700642;2,99954662636296
18,6712038889103;9,67932907036464;3,01864588690091
18,6713427777992;9,67307493183458;3,00597098753244
18,6714813889103;9,67532049619152;3,01035006536435
18,671620555577;9,64466499658192;3,01352776382757
18,6717597222436;9,64812524890033;3,00008885196831
18,6718983333548;9,66170906472357;3,01388356059937
18,6720372222436;9,66484990983781;3,01700887697569
18,6721761111325;9,67568580866723;3,0011087776972
18,6723150000214;9,64170235748151;2,99407907450328
18,6724538889103;9,64812524890033;2,99664551944562
18,6725927777992;9,6565400491146;2,99513616712588
18,6727316666881;9,64422163292608;3,00452046079175
18,672870555577;9,63398029856958;3,01038784205562
18,6730094444659;9,63485421454811;2,99574748524174
18,6731483333547;9,66099198444508;3,00215072600307
18,6732875000214;9,62697620286858;3,01018470575499
18,6734258333547;9,6433147226945;3,01311320310234
18,6735647222436;9,65308640685916;2,99220774521487
18,6737041666881;9,62016717033819;3,00616770981395
18,6738427777992;9,64422163292608;3,00600865139575
18,6739816666881;9,62151744422562;2,99684223650405
18,674120555577;9,63179827075061;2,98616649058778
18,6742594444659;9,63544825301193;2,97536311914459
18,674398055577;9,61685762688987;2,99992979779591
18,6745372222436;9,60564900546049;3,0084160126822
18,6746761111325;9,61836507832464;3,02321544398643
18,6748150000214;9,59390635580672;3,01732693315213
18,6749538889103;9,59261342632828;2,99057694982491
18,6750927777992;9,62993885450285;2,97076625169274
18,6752316666881;9,61355452640828;3,00121502921695
18,6753708333548;9,59376730911569;2,97234441026032
18,6755094444659;9,58966230801457;2,99513616712588
18,6756483333548;9,58545270899526;2,99278759405291
18,6757872222436;9,58825786754238;2,98141053493316
18,6759261111325;9,58549169314261;2,98517838411911
18,6760650000214;9,57793791711686;3,00408482691012
18,6762038889103;9,60113140045294;2,98479519994655
18,676343055577;9,58919905974366;2,98890859549559
18,6764816666881;9,54962131926766;2,97530430667223
18,6766208333548;9,58033409065843;2,97322142376839
18,6767594444659;9,59006002414955;2,98928546020892
18,6768983333547;9,56690087805771;2,97087279428465
18,6770375000214;9,56861665278095;2,96312565187543
18,6771761111325;9,57313421470604;2,96534656309569
18,6773150000214;9,56545736824975;2,96572332286678
18,6774541666881;9,56045716320807;2,988494115452
18,6775927777992;9,54967861361521;2,95363469308336
18,6777316666881;9,58400230314231;2,96718040685789
18,6778708333547;9,55998706093155;2,96922544882659
18,6780097222436;9,53881044803165;2,95670147900967
18,6781486111325;9,56715478720824;2,96187182612277
18,6782872222436;9,54451634531483;2,99417938079583
18,6784261111325;9,53369869688632;2,93778847142843
18,6785647222436;9,54305451382268;2,97823283646994
18,6787036111325;9,5463254588492;2,96466625154153
18,6788425000214;9,53510309878965;2,96776045891977
18,6789816666881;9,55353653900795;2,98595522936017
18,679120555577;9,53399986204519;2,97290341612933
18,6792591666881;9,53514914999911;2,94591264050226
18,6793983333548;9,53790377853005;2,96446949711418
18,6795369444659;9,52286962145843;2,94772524192831
18,6796758333548;9,50137349079054;2,92619390418861
18,6798147222436;9,52708610856106;2,95268458833246
18,6799536111325;9,52557393222659;2,95155187569731
18,6800927777992;9,50743791988754;2,93032809868612
18,6802316666881;9,50927906837649;2,95585562129045
18,680370555577;9,51710639159032;2,95874644422867
18,6805094444659;9,50612668994171;2,95598330254774
18,6806483333547;9,4824309745002;2,94813977050498
18,6807869444659;9,48755416832441;2,98335112972012
18,6809261111325;9,47393144267573;2,9661442230649
18,6810650000214;9,4949574974284;2,93354736611008
18,6812038889103;9,4818368353626;2,94424418124896
18,6813425000214;9,48369624293167;2,95528207069225
18,6814813889103;9,49211778145897;2,96373692085578
18,6816202777992;9,46810255275025;2,93656599432688
18,6817594444659;9,48424007131379;2,95470862930301
18,681898055577;9,46220714178702;2,96425174723029
18,6820372222436;9,48825985606624;2,94641944636578
18,6821761111325;9,48038214592111;2,95106833275597
18,6823150000214;9,48778973257203;2,96020357736381
18,6824538889103;9,46274382039923;2,93120525257081
18,6825925000214;9,47307515306304;2,9539317968048
18,6827313889103;9,46053724789653;2,94769395030457
18,6828702777992;9,44921047864486;2,92718178921209
18,6830094444659;9,45613892340876;2,94209232257356
18,6831483333548;9,45503935185212;2,89973059683294
18,6832875000214;9,44456885099373;2,92953041869583
18,6834258333548;9,43634389256675;2,89628709444659
18,6835647222436;9,44145564371212;2,96143683782535
18,6837036111325;9,45063336560884;2,9438673165356
18,6838425000214;9,43259756439789;2,92709190162057
18,6839813889103;9,44921047864486;2,9323522682198
18,6841202777992;9,44165239751254;2,9466369541417
18,6842594444659;9,42913714942284;2,90821668977435
18,6843983333547;9,4207156108956;2,93710821993218
18,6845372222436;9,40433826089622;2,9466369541417
18,6846763889103;9,40488632174677;2,94480311037947
18,6848147222436;9,40401864089324;2,93059399997472
18,6849538889103;9,41559241707139;2,93615802629344
18,6850927777992;9,40713185967689;2,91853664019993
18,6852316666881;9,39405725499887;2,907802274657
18,685370555577;9,40744014471139;2,92621469525028
18,6855094444659;9,4129956955104;2,90706325070295
18,6856483333547;9,41044171167954;2,93580219925488
18,6857875000214;9,40487493950849;2,91062397590483
18,6859261111325;9,39134159775409;2,9056193024602
18,6860650000214;9,43598532385585;2,91185706703106
18,6862038889103;9,4036211137558;2,91316945135986
18,6863427777992;9,39607446502521;2,91227144998314
18,6864813889103;9,39922650975092;2,91651257229125
18,6866202777992;9,402536490058;2,9030463518323
18,6867594444659;9,37788084399773;2,92494007843598
18,6868983333548;9,36944787115041;2,91818082105027
18,6870369444659;9,38985937424616;2,92599705329059
18,6871761111325;9,39024554165456;2,90815810297767
18,6873152777992;9,38803889197624;2,88263069505462
18,6874538889103;9,36354106573248;2,91995612322916
18,687593055577;9,36540043271958;2,90175466474156
18,6877316666881;9,36190108157635;2,87491484426914
18,687870555577;9,36224114818839;2,90034184942908
18,6880094444659;9,35839045005855;2,88920016200296
18,6881486111325;9,36741777974993;2,85656116529788
18,6882872222436;9,35348681245239;2,8887302493012
18,6884261111325;9,366106300844;2,89565519090942
18,6885652777992;9,37202048403969;2,89382126582012
18,6887038889103;9,32109222899012;2,89295064548011
18,6888427777992;9,34551661653572;2,87311886390412
18,6889816666881;9,36800453235963;2,90066649626553
18,689120555577;9,34135762886012;2,89773774978897
18,6892597222436;9,34780836233472;2,88359776352945
18,6893983333547;9,35764569721698;2,88047887847827
18,6895375000214;9,34571333842794;2,90744644761841
18,6896761111325;9,32291275371509;2,8866270687017
18,6898150000214;9,34923153102142;2,88359776352945
18,6899538889103;9,36194743344896;2,89918842643957
18,6900925000214;9,33447535927755;2,86542369130487
18,6902316666881;9,34902338338333;2,86302319033067
18,6903702777992;9,3433561900876;2,87057329461726
18,6905091666881;9,33321397533874;2,87755012144868
18,6906483333548;9,33888110045015;2,88022348933853
18,6907869444659;9,30176379732256;2,87574364173039
18,6909258333547;9,32707163847968;2,85749027926715
18,6910647222436;9,29620823533796;2,88429889526211
18,6912038889103;9,32200635950795;2,85259608937409
18,6913427777992;9,32120388885383;2,86343086064511
18,6914813889103;9,31079118685031;2,86709198860689
18,6916202777992;9,33188243025313;2,86807651486325
18,6917594444659;9,33131573128082;2,86140677240797
18,6918983333548;9,30897059842943;2,88411941719644
18,6920369444659;9,31880048319115;2,84961547533655
18,6921758333547;9,3149887893905;2,8468457039223
18,6923150000214;9,30947964810798;2,83283349987818
18,6924538889103;9,32586428490066;2,88047887847827
18,6925925000214;9,28849238455251;2,87360253544219
18,6927316666881;9,2709391988848;2,86556196231851
18,692870555577;9,30897059842943;2,89273324568461
18,6930091666881;9,29088840474662;2,86427701608329
18,693148055577;9,29714237291682;2,83318933608953
18,6932869444659;9,29459582697439;2,83904713189764
18,6934261111325;9,29419841110484;2,86556196231851
18,6935647222436;9,28618164405174;2,85237852812185
18,6937036111325;9,26905227147;2,85180525697336
18,6938425000214;9,26612844956637;2,85421244660228
18,6939816666881;9,29133216998491;2,8258946882558
18,694120555577;9,2880298244211;2,85883393587429
18,6942594444659;9,29919850238647;2,86405273923125
18,6943983333547;9,27971961901892;2,85768716233326
18,6945372222436;9,26333500796312;2,84920821023445
18,6946761111325;9,26097783389247;2,86405969703736
18,6948147222436;9,25251723026543;2,8627989134786
18,6949538889103;9,261016698421;2,86610412482167
18,6950925000214;9,26964656842819;2,82437860875123
18,6952313889103;9,26352434992626;2,84540171501487
18,6953708333548;9,26409100644361;2,84643129669416
18,6955094444659;9,26133642068459;2,84556067210548
18,6956483333548;9,25436533142502;2,85144941415254
18,6957872222436;9,25807279225006;2,84372679429094
18,6959261111325;9,23583170294191;2,83341361294157
18,6960650000214;9,23874443014131;2,8323187199986
18,6962038889103;9,26113609179157;2,80586599636405
18,6963427777992;9,25491325045954;2,79759739146414
18,6964813889103;9,2391417604421;2,86540301311871
18,696620555577;9,24389491643183;2,82772868808931
18,6967591666881;9,25235554329132;2,81187572915869
18,6968983333547;9,23157637004249;2,83913658390614
18,6970372222436;9,24559264510123;2,83522021284372
18,6971758333547;9,24129081679172;2,83412529986572
18,6973147222436;9,22185073812815;2,80213593247316
18,6974538889103;9,21299277814495;2,83303039903043
18,6975927777992;9,23198157442414;2,83117240902351
18,6977316666881;9,2110217467106;2,83398689592732
18,697870555577;9,23085918945404;2,81287016022534
18,6980094444659;9,21046621835393;2,83929552491099
18,6981483333547;9,2196052378261;2,81994742404746
18,6982872222436;9,21799281273542;2,82454441436838
18,6984261111325;9,1964576854698;2,83158661348205
18,6985650000214;9,21263417462441;2,80317985679287
18,6987038889103;9,17922444467874;2,82553884148868
18,6988427777992;9,2158326504391;2,80714038740774
18,6989819444659;9,18638463069669;2,80165222686801
18,699120555577;9,20862582327078;2,82802621002634
18,6992594444659;9,1825155649303;2,81467676012753
18,6993983333548;9,14924848780379;2,82528348482947
18,6995372222436;9,17926311997741;2,81625543814971
18,6996758333547;9,19449786325575;2,8121311061571
18,6998150000214;9,16101915961875;2,8165623391192
18,6999538889103;9,17355702876591;2,78914943416211
18,7000927777992;9,17519703543695;2,83320351715108
18,7002316666881;9,17772377475754;2,80838071922346
18,700370555577;9,14964595513183;2,79716280688461
18,7005094444659;9,16564099516444;2,80088210672056
18,7006483333547;9,18066738456091;2,80780049784312
18,7007872222436;9,16724546411893;2,80030195298053
18,7009261111325;9,17686720207996;2,82146363742993
18,7010650000214;9,16763164053356;2,80566908112431
18,7012038889103;9,16322593796673;2,7799759404293
18,7013427777992;9,17079137147911;2,80946856084736
18,7014816666881;9,17686720207996;2,81276067115783
18,7016208333547;9,15791719660712;2,77882254438015
18,7017597222436;9,15590740847338;2,79310788579346
18,7018983333547;9,14049479471782;2,80531324224955
18,7020372222436;9,15440669157246;2,81645243384818
18,7021758333547;9,1573693933737;2,80545173482383
18,7023147222436;9,14157908964168;2,79904812722793
18,7024538889103;9,12671417197461;2,79645108048902
18,7025927777992;9,14930611104282;2,77294063241072
18,7027313889103;9,10942317572301;2,79727080635524
18,7028702777992;9,12742036149197;2,78455243011095
18,7030094444659;9,13862756964349;2,80139686201207
18,7031483333548;9,14575694189691;2,79330488149188
18,7032869444659;9,1252024698008;2,78262906722711
18,7034258333547;9,09734038461636;2,80889544725574
18,7035650000214;9,0980466262728;2,80690978948877
18,7037038889103;9,1243458623654;2,76739437745053
18,7038427777992;9,07521086798187;2,78345750893595
18,7039813889103;9,10045349918491;2,79081751295422
18,7041202777992;9,11031839094829;2,76876487782619
18,7042594444659;9,10020665083243;2,79773588403842
18,7043983333547;9,09839712556121;2,7705715178034
18,7045369444659;9,10781073944304;2,77109346294739
18,7046761111325;9,08205908744662;2,79809894069641
18,7048147222436;9,08036132435026;2,78741593361289
18,7049536111325;9,05214871412812;2,77256443307721
18,7050927777992;9,09799981263461;2,7879961346481
18,7052313889103;9,0862756233667;2,7789372900254
18,705370555577;9,07521086798187;2,75693575713294
18,7055091666881;9,06052397137029;2,77516853271732
18,7056483333547;9,0743543467903;2,79289074141622
18,7057872222436;9,07709775357432;2,7601441509625
18,7059261111325;9,06057382701033;2,7702087040534
18,7060650000214;9,05434752251011;2,77990431173976
18,7062038889103;9,05831715891571;2,76509695290804
18,7063427777992;9,05780812661072;2,76443441002294
18,7064816666881;9,06127986207633;2,76531236874976
18,706620555577;9,06166605200343;2,76099065689908
18,7067597222436;9,05024270596911;2,78632813662659
18,7068983333548;9,05541222022492;2,76192675851769
18,7070372222436;9,04048953944741;2,76416788197236
18,7071758333547;9,02304814297815;2,75421090773224
18,7073147222436;9,01477659267408;2,77481267410892
18,7074538889103;9,01808679205038;2,75327480611367
18,7075925000214;9,05176251068528;2,75983737871007
18,7077313889103;9,026408111764;2,76922124391598
18,707870555577;9,02434062382892;2,75311593797281
18,7080091666881;9,03908530478827;2,75931553074201
18,708148055577;9,04143157113467;2,74993161695238
18,7082872222436;9,01040962628929;2,75417277325786
18,7084261111325;9,01447572788229;2,76041045586385
18,7085650000214;9,01922887268356;2,76135381529986
18,7087038889103;9,01333365279189;2,76282471776597
18,7088427777992;9,03135843462294;2,75874241715042
18,7089816666881;9,0075046792324;2,75250476734044
18,709120555577;9,01117360498591;2,75109209379482
18,7092594444659;9,01206880765938;2,76802580736506
18,7093983333547;9,01900127466604;2,7506198141088
18,7095372222436;9,0025046902619;2,76600188180583
18,7096761111325;9,0141254004574;2,74447123311862
18,7098150000214;9,03300947869283;2,74919973634371
18,7099538889103;8,98963850282132;2,75125094158781
18,7100927777992;8,98281785334945;2,75253571659246
18,7102316666881;8,97715029970777;2,75327480611367
18,7103708333548;8,96046477238426;2,74753181911595
18,7105094444659;9,0019956840228;2,7293597681076
18,7106483333548;8,9992026703608;2,74463006876204
18,7107872222436;8,99529785158094;2,76666264263724
18,7109261111325;8,968528181241;2,72999831559952
18,7110650000214;8,99849637752496;2,72722824633712
18,7112038889103;8,9635201885161;2,73452985197693
18,7113427777992;8,99424126793318;2,76214395641313
18,7114816666881;8,97840412546037;2,75015597577641
18,711620555577;8,98080823770107;2,7474239654471
18,7117594444659;9,00339990130368;2,75057018023494
18,7118983333547;8,99424126793318;2,7303160719232
18,7120377777992;8,96392543633476;2,74471244939161
18,7121761111325;8,96316960330665;2,73949000288485
18,7123150000214;8,97164128712018;2,72890336193558
18,7124538889103;8,95789938769218;2,74790773869262
18,7125927777992;8,97420680125043;2,72832316751206
18,7127316666881;8,95671859765375;2,74273771131092
18,7128708333547;8,94582036481739;2,73513153930764
18,7130094444659;8,96468964298069;2,73970811466168
18,7131483333547;8,95860547487968;2,72337032094438
18,7132875000214;8,95088962409426;2,74958298426395
18,7134261111325;8,95064236516021;2,73253694490148
18,7135652777992;8,94047282364124;2,7577129666206
18,7137038889103;8,94106722838288;2,70996959358041
18,713843055577;8,95545375252124;2,72492887489352
18,7139816666881;8,93559686252672;2,71527834042419
18,7141202777992;8,96427306328036;2,74036057646441
18,7142591666881;8,94121762860053;2,70356593868925
18,714398055577;8,9558123756004;2,71935349097402
18,7145369444659;8,95039552099166;2,73228884999386
18,7146758333548;8,93606726201318;2,72794709031001
18,7148147222436;8,90503428105913;2,72826480654794
18,7149536111325;8,92733342764507;2,73347300582813
18,7150925000214;8,92909624225584;2,71710524333062
18,7152316666881;8,93901903423441;2,73311714593666
18,715370555577;8,91575965146694;2,71595919835548
18,7155091666881;8,90649630006607;2,72170947330156
18,715648055577;8,93080514058238;2,71650127402143
18,7157869444659;8,91016523973136;2,69193379236941
18,7159258333547;8,92487969378396;2,70225374279499
18,7160647222436;8,89016938462936;2,71180365444729
18,7162036111325;8,89918595455458;2,7150230402444
18,7163427777992;8,91275841076376;2,71415245815959
18,7164813889103;8,89441350895942;2,71830803426613
18,716620555577;8,91457919036947;2,69906944211968
18,7167594444659;8,90154327021969;2,71273257350805
18,716898055577;8,90726043814905;2,69877201673575
18,7170372222436;8,91537343901152;2,70808453197543
18,7171761111325;8,90244938894594;2,70821254107813
18,7173150000214;8,88871566828885;2,71450114369057
18,7174538889103;8,89587556207869;2,71138952287603
18,7175925000214;8,87623836585249;2,684217941584
18,7177313889103;8,89547837787967;2,71987537173703
18,7178702777992;8,86596524862537;2,69563284962129
18,7180097222436;8,90079841311626;2,68640074081969
18,7181483333548;8,8771418921107;2,72112919748969
18,7182872222436;8,88946053126034;2,69980852344244
18,7184261111325;8,87989632759104;2,70361547142173
18,7185647222436;8,84446870622074;2,69598871346059
18,7187038889103;8,86060670062744;2,71321634014117
18,7188427777992;8,86961491253328;2,69689401222351
18,7189816666881;8,85103160448028;2,69708368716823
18,719120555577;8,86537077919166;2,68422522163419
18,7192594444659;8,86866185696306;2,69059079853213
18,7193983333548;8,85710740804373;2,69521870164886
18,7195372222436;8,86907833429891;2,69554373833608
18,7196758333547;8,83871297402376;2,67888904606144
18,7198150000214;8,85414467559463;2,68714698041055
18,7199538889103;8,83395985568743;2,68290581135003
18,7200927777992;8,85604248239889;2,69376785323632
18,7202313889103;8,84021359662896;2,70350756854756
18,720370555577;8,85403284518347;2,68364492547076
18,7205094444659;8,8044273991743;2,69335372166512
18,7206486111325;8,83599704397253;2,70534162941448
18,7207869444659;8,83576120180254;2,68881496203221
18,7209261111325;8,825677093547;2,68895372060643
18,7210650000214;8,84553363186555;2,6988596038602
18,7212038889103;8,79923852715294;2,69396487589626
18,7213427777992;8,82758341070928;2,66827150931601
18,7214819444659;8,83654462806871;2,68744463112438
18,721620555577;8,82640313766555;2,68656672494842
18,7217594444659;8,79938887168564;2,68088199413594
18,7218983333548;8,81931151664901;2,67483409277708
18,7220372222436;8,79266466616372;2,65934414321734
18,7221761111325;8,79577775183731;2,70637837845368
18,7223147222436;8,77411988478627;2,67300002529731
18,7224536111325;8,77442060346797;2,67680708596765
18,7225927777992;8,79336263792459;2,68129611780989
18,7227319444659;8,78966343383087;2,68113008904353
18,722870555577;8,81397253124945;2,67441996910316
18,7230094444659;8,81796124276153;2,68911254835214
18,7231483333548;8,79152267636752;2,66361618438646
18,7232872222436;8,78766475097481;2,67792202009423
18,7234261111325;8,7959171632551;2,66123649277074
18,7235650000214;8,76300825557621;2,67978700007802
18,7237038889103;8,79080541210976;2,67644378631724
18,723843055577;8,77844829464726;2,67573205202538
18,7239816666881;8,79002207082544;2,65805951097278
18,7241208333547;8,78891857672744;2,6709690392488
18,7242594444659;8,75880003068914;2,65830035009259
18,7243986111325;8,77558200614743;2,64213662215553
18,7245372222436;8,77869507443674;2,65278152232901
18,7246763889103;8,75294342244035;2,68270879955568
18,7248152777992;8,77643875072241;2,66247043101475
18,7249541666881;8,77462886495277;2,65998266701811
18,7250927777992;8,74506640218783;2,65798253668723
18,7252319444659;8,75108417990367;2,65174485408122
18,7253708333548;8,76836425593109;2,63991575767955
18,7255094444659;8,75127305111167;2,6425198573196
18,7256483333547;8,72593794469134;2,64528282904845
18,7257872222436;8,74947171851699;2,64985977145034
18,7259263889103;8,75168959668773;2,64287571987586
18,7260647222436;8,74578369993318;2,6526154489211
18,7262038889103;8,74451030739715;2,65534745925041
18,7263427777992;8,73329516266776;2,65042558653261
18,7264813889103;8,72482356512614;2,66210707060313
18,7266208333548;8,72303319462105;2,64422576389381
18,7267594444659;8,74727348956515;2,65513034213953
18,7268983333548;8,68514081259346;2,67201292955352
18,7270372222436;8,71214629034245;2,62870518090725
18,7271761111325;8,70264006068041;2,6342310150217
18,7273150000214;8,72719177044399;2,61951106353752
18,7274536111325;8,73369232111472;2,63256310629995
18,7275925000214;8,71019478514799;2,65094743450064
18,7277316666881;8,73020171823069;2,62452221882737
18,727870555577;8,71199596319536;2,63740810617429
18,7280094444659;8,69065843442701;2,62911926387633
18,728148055577;8,70644879256415;2,64474072179564
18,7282872222436;8,70192278805177;2,64172245778275
18,7284261111325;8,68388698684078;2,62358609291232
18,7285647222436;8,70393238213123;2,63255576945039
18,7287038889103;8,7180225687423;2,62635634074343
18,7288425000214;8,6836511099041;2,65683649171208
18,7289816666881;8,68996279040425;2,63368893935578
18,729120555577;8,66900279211197;2,62947513827797
18,7292594444659;8,66440003851568;2,62999731063633
18,729398055577;8,69432783125455;2,63223806961278
18,7295372222436;8,67062390971253;2,63645186674157
18,7296761111325;8,68348989729131;2,61523907097308
18,7298150000214;8,6680690638006;2,61587757897644
18,7299536111325;8,67141802054408;2,63995392039823
18,7300925000214;8,64712851251934;2,64977088741264
18,7302316666881;8,6482320323766;2,61674814830283
18,730370555577;8,64295042143385;2,63021426613614
18,7305091666881;8,66129558079533;2,64339774641755
18,7306483333548;8,67487886475914;2,62118641718314
18,7307872222436;8,6584939704785;2,6344280698795
18,7309261111325;8,63976050657078;2,62853898806446
18,7310650000214;8,66345539866256;2,63105403322379
18,7312038889103;8,6498720931225;2,60038026431968
18,7313425000214;8,6497326121594;2,61915518785244
18,7314816666881;8,64287354008243;2,62025019406124
18,731620555577;8,65783469342975;2,63436990664775
18,7317591666881;8,64461005347181;2,61452730508898
18,7318983333547;8,63815883598124;2,62307137041478
18,7320369444659;8,61826380962103;2,64027162023581
18,7321758333547;8,64000723902419;2,62317939540327
18,7323147222436;8,63229138823874;2,59398385237279
18,7324538889103;8,61390777664786;2,61676820532324
18,7325927777992;8,63008434401553;2,6004458774056
18,7327316666881;8,63244168543926;2,60700112924832
18,732870555577;8,6276885796604;2,59469561825685
18,7330094444659;8,63004593815165;2,59690558684719
18,7331483333547;8,61941665211535;2,61215863393028
18,7332872222436;8,61736862923487;2,6101855113144
18,7334258333547;8,59807900227128;2,61180273849558
18,7335650000214;8,61500047608271;2,59141805670919
18,7337038889103;8,59401274159364;2,5699893339775
18,7338427777992;8,60343750744678;2,60372348628158
18,7339816666881;8,5907493864791;2,57563046493806
18,734120555577;8,60522787795188;2,61176440626019
18,7342594444659;8,60264346488793;2,60585537587662
18,7343983333548;8,6152088570264;2,59581059673798
18,7345372222436;8,59736171289893;2,61012731982774
18,7346763889103;8,59496596006423;2,598205280987
18,7348150000214;8,59587197543698;2,59307855360987
18,7349538889103;8,58299517999717;2,59768297857678
18,7350927777992;8,57532852272072;2,57582005846501
18,7352316666881;8,59956877451185;2,56880511898896
18,735370555577;8,57803370028731;2,58517298717618
18,7355094444659;8,57351658415425;2,55951050326442
18,735648055577;8,5881946203497;2,58276595849486
18,7357872222436;8,56910240939726;2,56916843990524
18,7359263889103;8,57588470252199;2,58752182733997
18,7360650000214;8,5852514003405;2,59382505318405
18,7362038889103;8,55632824016158;2,57135098970855
18,7363427777992;8,58725010927878;2,5583064454114
18,7364816666881;8,57202677712928;2,57874923786324
18,736620555577;8,58263652343095;2,56713718596524
18,7367597222436;8,5612405392468;2,55064872960048
18,7368983333547;8,55501646197234;2,57896623377104
18,7370372222436;8,55852448972644;2,58235193203629
18,7371761111325;8,54656446953737;2,57286008313983
18,7373152777992;8,55431869623672;2,59156942767743
18,7374538889103;8,56964983897225;2,58427503977416
18,7375927777992;8,56159920136156;2,57067750082774
18,7377319444659;8,54049946578499;2,57029424014792
18,737870555577;8,54856319586719;2,55280049880554
18,7380094444659;8,56498651475925;2,56358467191228
18,7381483333548;8,5459974519236;2,57816889437564
18,7382875000214;8,53963187502561;2,55592685223479
18,7384258333547;8,54399874581122;2,54251885235647
18,7385647222436;8,55663770457977;2,56806600753362
18,7387038889103;8,55281812514878;2,55420177774565
18,7388427777992;8,51513404878187;2,53480300157105
18,7389816666881;8,50030774073872;2,55028551045069
18,7391202777992;8,5459974519236;2,54861753672566
18,7392594444659;8,52365289845338;2,55116341662665
18,7393983333547;8,53388714773817;2,55565257787168
18,7395372222436;8,54269582742836;2,55389552536943
18,7396758333547;8,51088988839589;2,54855931698657
18,7398150000214;8,52485942892915;2,52897203930917
18,7399538889103;8,52640726083209;2,54434551195953
18,7400925000214;8,5058255123302;2,5289213744858
18,7402313889103;8,5254539992074;2,53115475162792
18,740370555577;8,49644981534598;2,54451183878126
18,7405094444659;8,48113001799277;2,54836976417394
18,7406483333547;8,4994017830831;2,52380205924334
18,7407869444659;8,50451353422841;2,52254823349068
18,7409261111325;8,47936725836857;2,52855793203804
18,7410650000214;8,49389307121049;2,54418670456769
18,7412038889103;8,49494924425801;2,50760042065681
18,7413427777992;8,48058276811446;2,52968378149814
18,7414816666881;8,50101426540195;2,50945802072272
18,7416202777992;8,52798145710179;2,52730410628541
18,7417594444659;8,5151432293037;2,53171498622072
18,741898055577;8,47625423072679;2,52593400140307
18,7420372222436;8,48672445677488;2,52254093498129
18,7421761111325;8,48132768608644;2,49633289685491
18,7423150000214;8,49680846071249;2,52470000664533
18,7424538889103;8,49455224036916;2,51707332394454
18,7425925000214;8,48408203139246;2,49534570088389
18,7427313889103;8,49656171956366;2,51463532784749
18,742870555577;8,44054128487113;2,52874764768632
18,7430094444659;8,44243885984793;2,49882037835636
18,7431483333547;8,46483073017117;2,51409325218157
18,7432869444659;8,4633409579306;2,51936383107261
18,7434261111325;8,48138590809458;2,48704957428657
18,7435650000214;8,45321862825074;2,49518687739106
18,7437038889103;8,46319066491662;2,49537659303934
18,7438427777992;8,43727801607236;2,5432887623989
18,7439816666881;8,45728497428024;2,48866667994332
18,744120555577;8,46188782634331;2,52245934945296
18,7442594444659;8,44240048393399;2,51682534451845
18,7443983333547;8,43542953372577;2,50747241155412
18,7445375000214;8,46664090835887;2,50212540935311
18,7446761111325;8,43473212870234;2,49805040724695
18,7448150000214;8,42811989666598;2,50815341530603
18,7449538889103;8,4268078286791;2,51463532784749
18,7450927777992;8,45547351828853;2,50691947706204
18,7452319444659;8,41703507594858;2,51978532645876
18,7453702777992;8,42720476363542;2,50029862853637
18,7455094444659;8,4363446291346;2,48850042793089
18,7456483333548;8,42125165790753;2,49493161791477
18,7457872222436;8,40034954862506;2,49805040724695
18,7459263889103;8,40435774964035;2,49897921825223
18,7460652777992;8,41893266348575;2,48402004201824
18,7462038889103;8,38271994019868;2,480211682228
18,746343055577;8,38641839656421;2,46946608899793
18,7464816666881;8,39570840947474;2,49146788798257
18,7466208333548;8,39540793940552;2,47233704015366
18,7467594444659;8,37130703136577;2,50451243227974
18,7468983333547;8,41948891285;2,46889315762698
18,7470375000214;8,40988628529294;2,48391081633176
18,7471763889103;8,40091660875487;2,48377192470574
18,7473150000214;8,37445838088414;2,49731880246671
18,7474538889103;8,38052341040225;2,48522280531617
18,747593055577;8,3898793354609;2,45165469581138
18,7477316666881;8,37866422003646;2,44467070862714
18,747870555577;8,40847159219507;2,4814231088439
18,7480094444659;8,37279687318102;2,47332401439067
18,7481483333547;8,39594442553732;2,46535287557458
18,7482872222436;8,38523821757124;2,44480942285836
18,7484263889103;8,36854206438045;2,46056617168054
18,7485650000214;8,36744910597304;2,47165607286166
18,7487041666881;8,36783535900344;2,46229232967329
18,748843055577;8,35130008153374;2,45403438742704
18,7489816666881;8,33637729926775;2,45832559501454
18,749120555577;8,35350724621745;2,45947115331975
18,7492597222436;8,34875416420189;2,46666497756354
18,7493983333548;8,37019277354096;2,48210401598396
18,7495372222436;8,35205572040888;2,46760110347856
18,7496761111325;8,35536642201421;2,43448947243283
18,7498147222436;8,35312098867689;2,46264819617764
18,7499536111325;8,35076357864955;2,42661479390168
18,7500927777992;8,36413713461593;2,43616479357161
18,7502316666881;8,32555788068876;2,4578032768016
18,750370555577;8,34831915294768;2,45786144921652
18,7505091666881;8,32208749064066;2,47589725042747
18,7506483333548;8,34504647158869;2,45947115331975
18,7507869444659;8,3476505712288;2,45863142694051
18,7509258333547;8,33989649431663;2,44060307619293
18,7510650000214;8,34740389031447;2,45139942418371
18,7512041666881;8,31973930816258;2,44736291297343
18,7513427777992;8,3191445868128;2,43266275176271
18,7514813889103;8,33878228868838;2,44628767303837
18,751620555577;8,3189361546508;2,46056617168054
18,7517594444659;8,31304123227099;2,44903070866269
18,7518983333547;8,31973930816258;2,43307681893447
18,7520369444659;8,31563473633207;2,43824681806871
18,7521758333547;8,30171413281892;2,42366232585437
18,7523150000214;8,3171352085225;2,44220532321827
18,7524538889103;8,31053358076576;2,43840567406187
18,7525927777992;8,31603159396229;2,43258184813439
18,7527313889103;8,3101367141131;2,42073309200072
18,7528708333548;8,30588197362775;2,43303861878854
18,7530094444659;8,31127851613536;2,42314012068204
18,7531483333548;8,28902611621328;2,42860775017803
18,7532872222436;8,29413786735864;2,44330032122519
18,7534258333547;8,27360507079521;2,43005865212265
18,7535647222436;8,29509128361587;2,44382250938253
18,7537038889103;8,29324271492442;2,45561322792707
18,7538425000214;8,30356266534992;2,42741215334587
18,7539816666881;8,28366770574067;2,4282901475473
18,7541202777992;8,28531841490116;2,44053740599048
18,7542594444659;8,28752563113341;2,41553251364184
18,754398055577;8,27581225223128;2,42511328698401
18,7545369444659;8,28713936457123;2,41353951080586
18,7546761111325;8,28463171306598;2,42224217328004
18,7548150000214;8,26587856385697;2,42845656370744
18,7549538889103;8,28958272640168;2,42510570441962
18,755093055577;8,27210455542982;2,41613602788158
18,7552313889103;8,28848963845871;2,39892845822138
18,7553708333547;8,25430478767882;2,40826137365377
18,7555094444659;8,21923545318242;2,42291569625465
18,755648055577;8,25572894352246;2,39372761425173
18,7557869444659;8,24635290343343;2,39738846868565
18,7559261111325;8,2711987813172;2,38456086675487
18,7560650000214;8,2561639547767;2,41562134085538
18,7562038889103;8,26458656217056;2,41446815926287
18,756343055577;8,23993855470371;2,4123363222279
18,7564816666881;8,25591728674988;2,4245328824189
18,756620555577;8,24400500320311;2,3838217388967
18,7567594444659;8,25322129201714;2,41243691808347
18,7568983333547;8,240373584076;2,40992926657816
18,7570372222436;8,2594748110252;2,40984034418685
18,7571761111325;8,24162740982865;2,40786724260403
18,7573150000214;8,24238300553873;2,40414820883734
18,7574538889103;8,22526235547329;2,39378581492062
18,7575927777992;8,21573618990445;2,40562652464342
18,7577316666881;8,22214008280912;2,41963807363999
18,757870555577;8,23261952739003;2,38450269433994
18,7580094444659;8,2333644773324;2,40070432631069
18,7581483333548;8,22234741447446;2,42250918734396
18,7582872222436;8,20800968296624;2,40051477349809
18,7584263889103;8,23351467563532;2,40546019782172
18,7585650000214;8,21061378260629;2,40330842595074
18,7587038889103;8,22696078444167;2,40467054285349
18,7588427777992;8,20722655426235;2,39096471937273
18,7589816666881;8,20761282533599;2,40051477349809
18,7591208333547;8,2282146101943;2,42308194826708
18,7592591666881;8,2099808567169;2,37192298047236
18,7593983333547;8,20561404964099;2,39269082481144
18,7595372222436;8,22419695866185;2,40696929125301
18,7596763889103;8,22164051574148;2,37667886777839
18,7598150000214;8,20982011890726;2,39816589687308
18,7599538889103;8,20486910557153;2,36182742166966
18,7600927777992;8,20171798802437;2,39591768743324
18,7602319444659;8,22876160199729;2,40034844667636
18,760370555577;8,19204150364078;2,3943588064331
18,7605094444659;8,21383878210963;2,37219741062216
18,760648055577;8,17835092449343;2,3852726247398
18,7607872222436;8,18231630317086;2,40086314190529
18,7609261111325;8,20451043089193;2,38915060715294
18,7610650000214;8,21329176420255;2,41709220292037
18,7612036111325;8,18596574517014;2,36797596225531
18,7613427777992;8,20211480311698;2,38231264546542
18,7614816666881;8,17082338800367;2,38250972165741
18,761620555577;8,17949268082603;2,3884187921476
18,7617594444659;8,20833019009055;2,37276266614936
18,761898055577;8,173191436785;2,37317680622499
18,7620372222436;8,1914944857337;2,37939094319458
18,7621761111325;8,18416491504567;2,37282827923531
18,7623147222436;8,18022107651333;2,37573012620106
18,7624538889103;8,18000154793523;2,3831907618725
18,7625927777992;8,15406163843974;2,37698395195369
18,7627313889103;8,17739744829515;2,36286421111001
18,762870555577;8,16728600389439;2,35591831108013
18,7630094444659;8,16512657644526;2,36871510651901
18,7631483333547;8,15736286856148;2,35884007836179
18,7632869444659;8,13646073697655;2,35260246135337
18,7634258333547;8,13265064909376;2,37218977123189
18,7635650000214;8,17728541303649;2,37282827923531
18,7637036111325;8,12784973930718;2,35383639959738
18,7638427777992;8,13721628249795;2,36897035384254
18,7639816666881;8,14862927768431;2,38324886858732
18,7641202777992;8,15664551218546;2,35623597872171
18,7642594444659;8,14303480281879;2,36598299777623
18,764398055577;8,15666573807982;2,38305178152598
18,7645369444659;8,15185430232356;2,35367763261823
18,7646761111325;8,13500816675881;2,34978136580548
18,7648147222436;8,13921504362017;2,35698254330578
18,7649536111325;8,15460857899694;2,36756967038119
18,7650925000214;8,11075692249011;2,34891333259213
18,7652313889103;8,15174224443356;2,34691043439611
18,765370555577;8,13866801314487;2,35974542998093
18,7655094444659;8,11020020916988;2,3579039688471
18,7656483333548;8,11351116886513;2,3553250608073
18,7657869444659;8,1366692259208;2,34784658460964
18,7659258333547;8,11390794914985;2,35602652930083
18,7660650000214;8,12639719286889;2,3626980037545
18,7662038889103;8,10761639537355;2,34157331335791
18,7663427777992;8,11997319389792;2,36061599505373
18,7664816666881;8,10409686583353;2,34212622780117
18,766620555577;8,12418981355702;2,35990422916967
18,7667591666881;8,07893999995935;2,33865155458153
18,766898055577;8,1113038495098;2,34379416933018
18,7670372222436;8,09547536765419;2,35113163969294
18,7671761111325;8,09476850759899;2,35025364549153
18,7673150000214;8,08907176469432;2,34730362058943
18,7674538889103;8,10104226120072;2,34858571246778
18,7675927777992;8,06662125643587;2,34904221887558
18,7677316666881;8,07619624538998;2,34010245129295
18,7678702777992;8,09362673418488;2,33972679451657
18,7680091666881;8,11512368888413;2,33482449279211
18,768148055577;8,08150604355814;2,35000837525988
18,7682872222436;8,07544076464268;2,3512322999573
18,7684258333547;8,06978213773075;2,31720285595395
18,7685652777992;8,07047918182857;2,35134863560074
18,7687038889103;8,06815988748025;2,32450454236658
18,7688427777992;8,07808298027552;2,33333554901259
18,7689816666881;8,07563889103616;2,34469952094935
18,769120555577;8,03140160448925;2,33134981106718
18,7692594444659;8,04942687070505;2,3729672595818
18,769398055577;8,05485926562812;2,31715199123158
18,7695375000214;8,07819503261402;2,32502663330592
18,7696761111325;8,05178436258163;2,33504167756107
18,7698150000214;8,04533284224823;2,31366988030916
18,7699536111325;8,03800326704814;2,31605695676788
18,770093055577;8,05839654724309;2,31769404320033
18,7702313889103;8,05414186735197;2,32341692396946
18,7703708333548;8,06021760326186;2,31788367743792
18,7705094444659;8,0335887830264;2,34491750272338
18,7706486111325;8,04071943610825;2,31399491699634
18,7707872222436;8,04482397796704;2,32836987987588
18,7709261111325;8,01958119025184;2,32707777840341
18,7710650000214;8,05485926562812;2,33109452728897
18,7712038889103;8,00599810757379;2,30891400089988
18,7713427777992;8,02730700206098;2,32232190560867
18,7714816666881;8,017818500218;2,31084875748769
18,771620555577;8,02884536194753;2,30527321988433
18,7717597222436;8,01912028403282;2,32102986064172
18,7718983333547;8,01281873369061;2,31711370632848
18,7720372222436;8,02840068975658;2,30740489926674
18,7721761111325;8,01852541152201;2,31785284238902
18,7723147222436;8,03099431499567;2,30668592592457
18,7724541666881;8,00419740605457;2,32226374237695
18,7725927777992;8,02749508806005;2,32232190560867
18,7727316666881;8,01281882404456;2,32560699715094
18,7728708333548;7,99317050564301;2,31425017647263
18,7730094444659;8,00734838146124;2,33244480117639
18,7731483333548;8,01341366037664;2,3147723816449
18,7732875000214;7,98475766233793;2,33222780526862
18,7734261111325;8,00269701541407;2,32780959340872
18,7735647222436;8,01848742518669;2,28515529697796
18,7737038889103;7,99387745562905;2,30340821529978
18,7738427777992;7,96140152408654;2,29583112308856
18,7739813889103;7,99186825010165;2,30078405863932
18,774120555577;7,96631519622522;2,29637319875451
18,7742594444659;7,95628977294118;2,32139318155799
18,7743983333547;7,98195542090281;2,29692613324659
18,7745369444659;7,97369270692309;2,2842265404185
18,7746758333547;7,98163484545756;2,30403846979229
18,7748150000214;7,96359904424662;2,2851935536261
18,7749536111325;7,97313590850592;2,31768664954629
18,7750927777992;7,97888056040475;2,29583112308856
18,7752313889103;7,9558450774685;2,28756235785988
18,775370555577;7,96069458667256;2,29715059048408
18,7755097222436;7,94983819200843;2,28479942257636
18,775648055577;7,95518608102878;2,27618562043989
18,7757875000214;7,96231721472853;2,27900683719085
18,7759258333547;7,973532271491;2,28921028246117
18,7760647222436;7,94408312953396;2,28576644854357
18,7762038889103;7,94904476811777;2,28958620203781
18,7763427777992;7,95554477948593;2,30168200475762
18,7764816666881;7,93185042873685;2,26738222605996
18,776620555577;7,94813933891027;2,30152319736578
18,7767591666881;7,93786767809397;2,29734022472172
18,776898055577;7,94777053660695;2,27180571710252
18,7770369444659;7,9242367041532;2,28902072964854
18,7771761111325;7,95841113081022;2,2755047743544
18,7773147222436;7,94408312953396;2,26962300478374
18,7774536111325;7,93552039679361;2,28630853210723
18,7775927777992;7,93790572439232;2,27493179468726
18,7777313889103;7,91330582134518;2,29254616551719
18,7778708333548;7,9145700002797;2,27252475513765
18,7780097222436;7,91512700504174;2,29583864883205
18,778148055577;7,91841757249048;2,26425596986016
18,7782869444659;7,91546512202206;2,27743944619252
18,7784261111325;7,90242895128335;2,28515529697796
18,7785650000214;7,90645748913408;2,28936909805577
18,7787036111325;7,91306961383069;2,25251609013895
18,7788427777992;7,90282570578177;2,29110262411632
18,7789816666881;7,90314634955951;2,27374780295793
18,7791202777992;7,89081717902525;2,26371389419421
18,7792594444659;7,90128724620382;2,28311173937846
18,779398055577;7,90990866419381;2,25214011801603
18,7795375000214;7,8930832174737;2,26023194092437
18,7796761111325;7,89011019035388;2,24792631693822
18,7798150000214;7,88479998745851;2,2755047743544
18,7799536111325;7,88571590127717;2,27582974603826
18,7800925000214;7,89227961331588;2,24969484612166
18,7802316666881;7,89467510441798;2,24204460842216
18,780370555577;7,89492166930583;2,26606273010486
18,7805094444659;7,88059367673458;2,26168276237547
18,7806486111325;7,87394365147449;2,26477812641988
18,7807872222436;7,88079199271561;2,25339394376869
18,7809261111325;7,8796400973842;2,24526402581148
18,7810647222436;7,87483875644867;2,2432910973252
18,7812038889103;7,8809420620658;2,24271811765806
18,7813425000214;7,8699356651174;2,24390227349232
18,7814813889103;7,87428176845481;2,25393601943463
18,7816208333548;7,87765151590281;2,23921606795045
18,7817594444659;7,85754832375773;2,23483614881943
18,7818983333548;7,87063243451081;2,24422722324024
18,7820375000214;7,85854984627522;2,22879552166938
18,7821761111325;7,87281937389426;2,24261752703472
18,7823150000214;7,88023496989501;2,23796224219782
18,7824538889103;7,85413503606685;2,23766462368235
18,7825925000214;7,86145416652403;2,24204460842216
18,7827319444659;7,86957694014603;2,24365431647502
18,782870555577;7,8335535670326;2,23281229090651
18,7830094444659;7,83408998612686;2,23285049105246
18,7831483333547;7,82637413534144;2,22535174424908
18,7832872222436;7,84031585587698;2,24455225992742
18,7834261111325;7,841060843457;2,24661429969896
18,7835650000214;7,85524901207219;2,21513976959966
18,7837038889103;7,84165571596785;2,22359477285261
18,7838427777992;7,8574081980162;2,21575089655718
18,7839819444659;7,83495751824324;2,22233349663662
18,784120555577;7,83519369093506;2,21465587424689
18,7842594444659;7,84547570525223;2,22693054168559
18,7843986111325;7,849842433996;2,23076857956968
18,7845372222436;7,84180583691227;2,2276422917723
18,7846761111325;7,83354321385073;2,20606211728548
18,7848150000214;7,81611266695535;2,20783067107038
18,7849538889103;7,82964741233141;2,21342210551467
18,7850927777992;7,81880841839623;2,22680258179605
18,7852316666881;7,81976198936417;2,20471918024759
18,7853708333548;7,81075437671777;2,21352266394291
18,7855091666881;7,81236691905627;2,21763589346367
18,785648055577;7,79171622778009;2,21168859646312
18,7857872222436;7,81350856731524;2,21757761722731
18,7859261111325;7,80528391034906;2,20211508060754
18,7860647222436;7,815565984648;2,22294465640331
18,7862038889103;7,80930231438168;2,20200720142526
18,7863427777992;7,80779156185434;2,2034580176454
18,7864813889103;7,80654808928361;2,22223292211146
18,7866202777992;7,81843236112462;2,21628561957618
18,7867591666881;7,82953520620782;2,21278355802275
18,786898055577;7,81425358688716;2,20266805520271
18,7870369444659;7,80303852593235;2,20731594303814
18,7871758333547;7,8059428203855;2,23213874096575
18,7873150000214;7,7954727661043;2,1865171861939
18,7874538889103;7,78774609070808;2,20063681402331
18,7875927777992;7,76714409597588;2,18673438408933
18,7877316666881;7,7912452966851;2,197569081609
18,7878702777992;7,793624039218;2,17993454571243
18,7880094444659;7,78840497211695;2,20487799158906
18,7881483333547;7,79742298809816;2,19902711258555
18,7882872222436;7,77702957473483;2,18542221643446
18,7884261111325;7,77356821488985;2,2068012205406
18,7885647222436;7,79371013417094;2,16410874529291
18,7887038889103;7,77886798020137;2,18436540247612
18,7888427777992;7,77085192621908;2,1718555167833
18,7889813889103;7,77305942612401;2,20288503797826
18,7891202777992;7,75313697385289;2,17437046679794
18,7892591666881;7,78179286031897;2,18047661348012
18,7893983333548;7,77761415444874;2,18433453887286
18,7895372222436;7,77261455815247;2,17018752665791
18,7896758333547;7,75939033907162;2,1803104652891
18,7898150000214;7,76068207094306;2,1806663291284
18,7899536111325;7,74872199210094;2,18411011444547
18,7900927777992;7,76879459885515;2,19387717047499
18,7902316666881;7,73739477661911;2,17226972974416
18,7903702777992;7,77006901027559;2,18577808027376
18,7905094444659;7,75186250245235;2,18124659120411
18,7906483333547;7,7515244231289;2,18876541932963
18,7907869444659;7,75517369426322;2,16069595356601
18,7909261111325;7,76194628018607;2,15491467713204
18,7910647222436;7,72381180193457;2,16867841287461
18,7912036111325;7,71785858895922;2,18134718705969
18,7913427777992;7,73423366761324;2,17989631731669
18,7914816666881;7,72120770229449;2,15606795532102
18,791620555577;7,73353685122643;2,17347252067964
18,7917591666881;7,71645466354278;2,16050611582799
18,791898055577;7,72010398039754;2,13619812732222
18,7920372222436;7,7404594328865;2,17259461450368
18,7921761111325;7,71805692034707;2,16077292785155
18,7923150000214;7,72657647882761;2,16857783311778
18,7924536111325;7,71645466354278;2,17498161016169
18,7925927777992;7,71991598017024;2,1638917089806
18,7927316666881;7,70353061347717;2,16915088567421
18,792870555577;7,69471103660291;2,17275348264454
18,7930094444659;7,69310897604578;2,16597373347767
18,7931483333548;7,71794471422345;2,13938242799753
18,7932872222436;7,70888891242112;2,16596660534211
18,7934258333547;7,68774019951266;2,15498023311142
18,7935650000214;7,71790686809143;2,16504491190929
18,7937041666881;7,70101266941504;2,14173121136196
18,7938427777992;7,70929592071795;2,15497300985595
18,7939816666881;7,68669499938849;2,16503763185909
18,7941202777992;7,68978741433705;2,15644415465451
18,7942594444659;7,67802550927939;2,1528908395677
18,7943983333547;7,70887858955061;2,13658135398401
18,7945372222436;7,6908531112102;2,1540440907952
18,7946761111325;7,68627777077614;2,15694580895075
18,7948150000214;7,68909047340014;2,13119415695439
18,7949536111325;7,69695642804123;2,14137534880567
18,7950927777992;7,69105144259805;2,13902656938913
18,7952316666881;7,68543091139537;2,16358683173303
18,795370555577;7,68333559181261;2,13344238090934
18,7955094444659;7,66448049230732;2,12430658631806
18,7956486111325;7,70005899526271;2,13787328596922
18,7957872222436;7,63228746092605;2,1444941791429
18,7959261111325;7,67747880085037;2,12468982148215
18,7960650000214;7,66408384097562;2,13713418824887
18,7962038889103;7,66022591558294;2,12411682996969
18,7963427777992;7,65393469133247;2,13845354143135
18,7964816666881;7,67677168352677;2,11827922662249
18,796620555577;7,67362087545763;2,12479037991045
18,7967594444659;7,63968246286669;2,11915674800201
18,7968983333548;7,64108638376885;2,13511033033598
18,7970372222436;7,66062256691458;2,13491332377285
18,7971763889103;7,64039989467588;2,14758206576238
18,7973147222436;7,62912630492673;2,12901158520722
18,7974536111325;7,65191514908125;2,1361470925051
18,7975925000214;7,65322749660669;2,12832338805077
18,7977313889103;7,65858578265204;2,11284073670646
18,797870555577;7,64629458304898;2,12447270437127
18,7980091666881;7,63024062407726;2,12192686190082
18,798148055577;7,62400423091083;2,11160691147529
18,7982869444659;7,64536157195602;2,12540154787774
18,7984261111325;7,6332204378339;2,12597462503155
18,7985650000214;7,61468616904153;2,12057658801336
18,7987036111325;7,64125713746409;2,10873630352182
18,7988427777992;7,63393786964309;2,11311604530397
18,7989813889103;7,64056057450276;2,10569778083851
18,799120555577;7,61685575935516;2,12613352566228
18,7992591666881;7,61865625483739;2,11946156518161
18,799398055577;7,63153219621131;2,10440578318742
18,7995372222436;7,61448793689257;2,10764139843664
18,7996761111325;7,60237780031531;2,10408089842787
18,7998147222436;7,63449502920969;2,1211877586457
18,7999536111325;7,58763250268998;2,11659073553264
18,8000925000214;7,6157417626452;2,0983960701287
18,8002316666881;7,60017023203164;2,11185516665017
18,800370555577;7,59575525027969;2,10919264957323
18,8005091666881;7,59905623532171;2,1059149252157
18,800648055577;7,58964162179205;2,09563311844366
18,8007869444659;7,59705735516459;2,09620615915645
18,8009258333547;7,6053198495556;2,10790784602383
18,8010650000214;7,57300453494409;2,10263723493725
18,8012036111325;7,59000034257048;2,10466109946307
18,8013427777992;7,57056065464255;2,10632914607123
18,8014813889103;7,5895294327614;2,10835308536076
18,8016202777992;7,57977684027981;2,09085942297833
18,8017597222436;7,60708247865924;2,11233887225535
18,8018983333547;7,57170226871591;2,09418228089672
18,8020372222436;7,57552235772548;2,09382641834043
18,8021761111325;7,58988814798471;2,09688694419629
18,8023147222436;7,57110732437215;2,10597329535739
18,8024538889103;7,58253101378511;2,09891811246538
18,8025927777992;7,59260444221059;2,08624932612921
18,8027316666881;7,55627056714505;2,07780754419548
18,802870555577;7,54415018606625;2,05357201632583
18,8030094444659;7,58748245914353;2,08830051132605
18,8031486111325;7,53863138308418;2,08370347447797
18,8032872222436;7,55257337383821;2,06586470115869
18,8034263889103;7,55252485343161;2,05983709916916
18,8035650000214;7,57111791743384;2,08167242739435
18,8037038889103;7,55811937343569;2,0644138475144
18,8038427777992;7,53772597716824;2,06952559865977
18,8039813889103;7,53036884999136;2,05794469434605
18,804120555577;7,56118430579832;2,08698115814354
18,8042594444659;7,53087763592714;2,08714003448358
18,8043983333548;7,55181769740858;2,06030063014248
18,8045372222436;7,54726305422383;2,0728616432894
18,8046761111325;7,52921708173673;2,05627663134183
18,8048150000214;7,5342267753841;2,04727600555174
18,8049541666881;7,527057606906;2,05653196796263
18,8050925000214;7,53143484710381;2,06494885031449
18,8052316666881;7,52706817061477;2,07709587305527
18,805370555577;7,50300464863381;2,04804604432493
18,8055094444659;7,52150123095129;2,05570359062904
18,805648055577;7,51678597632204;2,05910508980594
18,8057872222436;7,51248311393769;2,07244742243387
18,8059261111325;7,51708607631718;2,06643770542735
18,8060650000214;7,51914359718441;2,04894401146916
18,8062038889103;7,52331185900692;2,04951714874366
18,8063427777992;7,48418597405291;2,05707409100469
18,8064819444659;7,49945749951485;2,03830632901369
18,806620555577;7,52520915151123;2,07813940869352
18,8067597222436;7,48278211314107;2,06692149901968
18,8068986111325;7,49690134720959;2,06139562420037
18,8070375000214;7,51529587339189;2,03833727826566
18,8071761111325;7,50978759089011;2,05045316959161
18,8073150000214;7,47249996910062;2,04341808015903
18,8074538889103;7,48107310589532;2,05518887899711
18,8075927777992;7,4767166194647;2,06071477811489
18,8077316666881;7,5048157036278;2,06363662618338
18,807870555577;7,49631706464132;2,06827177290711
18,8080094444659;7,48040379116216;2,05800314001573
18,8081483333548;7,49987503587062;2,04193987918356
18,8082872222436;7,49154309567376;2,04331049251309
18,8084261111325;7,48386509102036;2,05852487503805
18,8085650000214;7,47170694122926;2,0381474812207
18,8087038889103;7,49143087245562;2,0462120175371
18,8088427777992;7,45961379516163;2,06202694576976
18,8089819444659;7,45796336967385;2,0528019368619
18,809120555577;7,49139305632085;2,04949686577604
18,8092594444659;7,47560262275474;2,03062142748024
18,809398055577;7,48217690519897;2,02771987027478
18,8095369444659;7,47261219787475;2,04125916702253
18,8096758333547;7,47836766161066;2,05157911744806
18,8098150000214;7,46199219003489;2,01075875980388
18,8099536111325;7,48567609440258;2,04893142369812
18,8100927777992;7,45541790203376;2,04460233978779
18,8102313889103;7,46214221229008;2,03846518895492
18,8103702777992;7,44844711436286;2,04068605343093
18,8105091666881;7,43568332686181;2,01906804721381
18,8106483333547;7,43631616055512;2,02489849196863
18,8107872222436;7,43777864056614;2,04438511463067
18,8109258333547;7,42414744705528;2,03630632865179
18,8110647222436;7,44674831710424;2,01608769571817
18,8112038889103;7,4342315124166;2,03026557153638
18,8113425000214;7,44655037784358;2,0163050147641
18,8114819444659;7,4219126528705;2,05920564823424
18,811620555577;7,4425424734327;2,02265025221999
18,8117591666881;7,43777864056614;2,0133247157905
18,8118983333548;7,43026129541352;2,00946679039777
18,8120372222436;7,43938098968997;2,03004838676748
18,8121758333547;7,45095476586812;2,04826332299098
18,8123147222436;7,43056134379481;2,0457978045763
18,8124538889103;7,42449586689196;2,02027052780272
18,8125927777992;7,42270566396667;2,01843646693584
18,8127316666881;7,42595836399758;2,00467281197317
18,812870555577;7,4259962101296;2,0125856262693
18,8130094444659;7,41662995965783;1,99991691282449
18,8131483333548;7,44009846343121;2,01956959644608
18,8132869444659;7,41459328182484;2,03663114843437
18,8134258333547;7,40515772820487;2,04397097455501
18,8135650000214;7,40777252343372;2,01833594069726
18,8137038889103;7,41623343733366;2,01614609409663
18,8138427777992;7,42616705800293;2,01953142454761
18,8139816666881;7,41934629961185;2,0052460102703
18,814120555577;7,39984833078614;2,01072061615039
18,8142594444659;7,41683864810656;2,00659628415775
18,8143983333547;7,40541491128135;1,99493305597113
18,8145369444659;7,40612220955308;2,00779879237626
18,8146761111325;7,41493123142502;2,01753850107463
18,8148152777992;7,40963156583862;2,01238866275858
18,8149536111325;7,41444325956965;2,01576287593556
18,8150925000214;7,37394575595602;2,00593380419153
18,8152313889103;7,39944078370866;1,98193952905044
18,815370555577;7,38291543249409;2,01483386996551
18,8155094444659;7,40465966115551;2,00984298973125
18,8156483333548;7,37815225045586;1,98763143393577
18,8157872222436;7,39618805166683;2,00930085090278
18,8159261111325;7,38565937859636;2,00695212431486
18,8160650000214;7,40220505945769;2,00138808487762
18,8162038889103;7,36603206295101;2,00306313550664
18,816343055577;7,37079514141701;2,00180930975404
18,8164816666881;7,39173507387295;2,00107023929291
18,816620555577;7,38715968312673;2,01077898629208
18,8167594444659;7,40245243042625;2,00576774529264
18,8168986111325;7,38531085522521;2,02969251897997
18,8170372222436;7,37189897072619;2,00128763908836
18,8171761111325;7,37393558467986;2,00514556448104
18,8173150000214;7,35701374533849;1,98965537983585
18,8174541666881;7,36125800048745;2,00196821827836
18,8175927777992;7,35150551445344;1,99164826785284
18,8177316666881;7,33149840535998;1,99721231390018
18,817870555577;7,35425962344326;1,99993736520094
18,8180100000214;7,36672848782189;2,00117073857714
18,8181483333547;7,33787415353413;2,00519469273618
18,8182872222436;7,36125800048745;2,01061315055537
18,8184261111325;7,33772411837492;1,97531174301866
18,8185650000214;7,35299568707018;1,97953948887462
18,8187038889103;7,33331971679902;2,00544292551004
18,8188427777992;7,31568036951612;1,99069189966562
18,8189816666881;7,34527983628476;1,98116940890299
18,8191202777992;7,31992462918183;1,99143098918682
18,8192594444659;7,35796753948622;1,99715392469844
18,8193986111325;7,31712202390892;1,99414299170104
18,8195372222436;7,34614731872981;1,97042423594664
18,8196761111325;7,35646726915533;1,98360767280636
18,8198150000214;7,32594164819142;1,97272159733751
18,8199538889103;7,31591669895633;1,99242540446588
18,8200927777992;7,34052683391218;1,9936792302185
18,8202319444659;7,32999812663977;1,98454362869052
18,8203708333548;7,31271753232386;1,98193952905044
18,8205097222436;7,31737928155587;1,98194658195163
18,8206486111325;7,33054462798859;1,95753815094147
18,8207875000214;7,3298481347139;1,98375328205486
18,8209261111325;7,32102845010166;1,96448388157947
18,8210652777992;7,29955225985378;1,98683397427291
18,8212038889103;7,28299569752335;1,99569623439558
18,8213427777992;7,31712202390892;1,9719824940824
18,8214813889103;7,29441944305862;1,97345355811751
18,8216202777992;7,30520032945194;1,9580529199622
18,8217591666881;7,30910608151498;1,98026453282472
18,8218983333547;7,31312497129204;1,97182363808921
18,8220369444659;7,28595852915868;1,96489815890612
18,8221761111325;7,3024353680334;1,95982849652387
18,8223147222436;7,26446134229835;1,97110481513664
18,8224538889103;7,28075032987849;1,97787153944805
18,8225927777992;7,29268283941494;1,96338896435122
18,8227313889103;7,25489669980863;1,95676114820253
18,8228702777992;7,2743847529805;1,96833492438066
18,8230091666881;7,28996649390433;1,9531001058759
18,823148055577;7,29913472349801;1,98178061232932
18,8232869444659;7,28847719604514;1,93948103930197
18,8234258333547;7,30524815612225;1,97239669064561
18,8235647222436;7,27803398992447;1,96702259650024
18,8237036111325;7,28721235491128;1,95622590775199
18,8238427777992;7,2617071904026;1,96683263670448
18,8239813889103;7,2555937232583;1,96593466561282
18,8241202777992;7,25007481222173;1,96114071147829
18,8242594444659;7,25694399714573;1,95602896033293
18,824398055577;7,26531862830763;1,96098180690063
18,8245372222436;7,24217107595132;1,9692195384491
18,8246761111325;7,26134846260095;1,96927085598321
18,8248150000214;7,24517171533478;1,96834180697221
18,8249538889103;7,26245224480715;1,95544882032209
18,8250927777992;7,22544780224638;1,9534833155376
18,8252316666881;7,23795441856339;1,95211264573845
18,825370555577;7,2291934475715;1,94628918398823
18,8255091666881;7,24698278710349;1,93238973164932
18,825648055577;7,25250204175805;1,94848893505437
18,8257872222436;7,23390873639977;1,93873479971106
18,8259261111325;7,24528394410891;1,9431633651121
18,8260647222436;7,23831315055861;1,93622714820583
18,8262036111325;7,2496991839119;1,94259272510382
18,8263425000214;7,23301365658838;1,95085881998583
18,8264816666881;7,21997730935445;1,94555010532977
18,8266202777992;7,2151655982023;1,96172088555912
18,8267591666881;7,23244617090199;1,95493405130139
18,826898055577;7,21561063874566;1,97020683615114
18,8270369444659;7,23230630701892;1,92259140332325
18,8271761111325;7,24016202168741;1,91816034065607
18,8273147222436;7,20068768239088;1,93764695808721
18,8274536111325;7,22312793647546;1,94213639908907
18,8275927777992;7,23025957341238;1,92872868409495
18,8277316666881;7,19147155707989;1,94352876173966
18,827870555577;7,1873136691334;1,90760515237645
18,8280091666881;7,22383523474718;1,94371611922656
18,8281483333548;7,18619907384866;1,94686235769518
18,8282875000214;7,19593467299208;1,92163503513601
18,8284261111325;7,19918740786534;1,92632148360704
18,8285650000214;7,19593467299208;1,94227493598703
18,8287036111325;7,19797130824071;1,95085881998583
18,8288427777992;7,21497785537741;1,92487075870221
18,8289813889103;7,20433688513864;1,92220818516219
18,8291202777992;7,19371691214204;1,9208159554712
18,8292597222436;7,17639860145024;1,93660348802555
18,8293983333547;7,19257539510153;1,92727798050399
18,8295372222436;7,17883171192;1,92314419750943
18,8296761111325;7,18932265151585;1,93622714820583
18,8298147222436;7,17584128703999;1,93217229148439
18,8299541666881;7,1823518928108;1,90976380139244
18,8300927777992;7,16853276712891;1,92904660252464
18,8302316666881;7,17198336164728;1,93275244522439
18,8303702777992;7,17809758254691;1,9110176271451
18,8305094444659;7,16556991735249;1,90992272205989
18,8306483333547;7,16837280722314;1,89996566735641
18,8307875000214;7,16151337606254;1,91307959584952
18,8309258333547;7,1618997058188;1,93526009672965
18,8310652777992;7,12813218046585;1,91558724735475
18,8312038889103;7,15123123202207;1,91751074412809
18,8313427777992;7,15034699529045;1,91580463402937
18,8314816666881;7,13970595664395;1,90960489286809
18,8316208333548;7,15363739240155;1,91252005262385
18,8317594444659;7,14377263888363;1,89378996888593
18,8318983333548;7,153647503022;1,91788724146389
18,8320372222436;7,12978247692439;1,89484686330985
18,8321763889103;7,15104340338189;1,92439802326206
18,8323150000214;7,13014121311352;1,9125064822579
18,8324538889103;7,12628328772081;1,90136737141697
18,8325927777992;7,1445177368453;1,88426751819833
18,8327316666881;7,12699066342532;1,89739254551307
18,832870555577;7,11015516127904;1,88760387005362
18,8330094444659;7,11431304922556;1,90062833373847
18,8331483333547;7,1406222053692;1,92163503513601
18,8332869444659;7,11892617448754;1,91194670863661
18,8334261111325;7,14907210388802;1,9004314719844
18,8335647222436;7,11618329097155;1,90807555259656
18,8337036111325;7,0824045827365;1,90752265820061
18,8338427777992;7,1125504869691;1,91069982224042
18,8339813889103;7,11852972055951;1,91236790103255
18,8341208333547;7,10720238895962;1,9067764835913
18,8342594444659;7,10279806482518;1,89629762039121
18,8343983333547;7,11491823974507;1,91887205915589
18,8345372222436;7,09652369678753;1,90798835354036
18,8346758333547;7,09031923917223;1,89520270741315
18,8348147222436;7,12773576138699;1,89931600585805
18,8349536111325;7,09302451314136;1,88927211881261
18,8350927777992;7,10112670271681;1,90032152991267
18,8352313889103;7,07924311706284;1,88879915628033
18,8353702777992;7,10740109972539;1,89942356799932
18,8355094444659;7,09963654752397;1,90172320634591
18,835648055577;7,10699366075721;1,89063309509629
18,8357872222436;7,08440350928268;1,89760989181352
18,8359258333548;7,09141194564216;1,87665925505883
18,8360647222436;7,08054558388994;1,88478228988271
18,8362038889103;7,08790268170716;1,90850314980844
18,8363427777992;7,08142985134461;1,88401214939606
18,8364816666881;7,09673244209063;1,87780549316554
18,8366202777992;7,07830023858145;1,87539147534724
18,8367594444659;7,05408651746762;1,88494123088759
18,8368983333547;7,08957411223486;1,89301987569047
18,8370372222436;7,07232101402718;1,90885897812908
18,8371761111325;7,08494992060935;1,87643487983598
18,8373147222436;7,07041330440785;1,87060441406447
18,8374536111325;7,07503747369302;1,89547870220645
18,8375925000214;7,06018980211718;1,85819115441859
18,8377313889103;7,07137724402227;1,89191804133148
18,837870555577;7,04861602593897;1,87372329092079
18,8380094444659;7,05868952339694;1,88166341855828
18,8381483333547;7,04472040442562;1,88552134395096
18,8382869444659;7,05865185728626;1,87118454746528
18,8384258333547;7,05154117959478;1,87033831099865
18,8385647222436;7,07377263255921;1,89285398082524
18,8387038889103;7,05485278370043;1,86825570356407
18,8388425000214;7,05279500534741;1,88352846413011
18,8389816666881;7,01642347458028;1,86894340427341
18,839120555577;7,05633187672444;1,85757991820964
18,8392594444659;7,05073734317125;1,89217345080556
18,8393983333548;7,07317849815783;1,87867610500703
18,8395372222436;7,01896875242923;1,87498407447953
18,8396758333548;7,04932342778;1,8630854785188
18,8398150000214;6,99650698098134;1,86002507289908
18,8399538889103;7,0481819449472;1,887901166739
18,8400927777992;7,04892706033689;1,86388299829176
18,8402313889103;7,03789963062002;1,86111996584202
18,840370555577;7,04232508429436;1,84067014681284
18,8405094444659;7,04968218074822;1,86858044782522
18,8406483333547;7,02196928857325;1,84343321993083
18,8407869444659;7,00292130002876;1,85178769713391
18,8409261111325;7,03459924423066;1,88254832502759
18,8410647222436;7,0250833761713;1,86507836919961
18,8412038889103;7,02157285206931;1,85334568844382
18,8413427777992;7,03184521721479;1,84160606202639
18,8414819444659;7,00217618463904;1,88312128009161
18,841620555577;7,0235818560725;1,83337543402476
18,8417594444659;7,02067777645306;1,85114907071625
18,8418983333547;6,99761080609588;1,86476057218883
18,8420372222436;7,02066775683522;1,83921947016219
18,8421761111325;6,99905238861936;1,84874868992594
18,8423147222436;7,00407283112867;1,8442101616665
18,8424536111325;7,01068485679954;1,84087393850973
18,8425927777992;7,00528900052427;1,83447033091383
18,8427316666881;6,99119758356261;1,85985937101324
18,842870555577;7,03209159272541;1,84250405156772
18,8430094444659;7,02153522572561;1,86584850307622
18,8431483333548;7,00352645852649;1,84603731957094
18,8432872222436;6,99395162349066;1,83495403651901
18,8434261111325;7,00107232079998;1,8508000154165
18,8435652777992;6,98092527877236;1,85594978808388
18,8437038889103;6,9757170794922;1,85845743958913
18,8438427777992;7,01214742785533;1,82587706377012
18,8439816666881;6,98769842372593;1,85575284589444
18,8441208333548;6,99981849504735;1,83790708583345
18,8442594444659;6,98828238497981;1,84324309744073
18,8443986111325;6,99395162349066;1,86029145976531
18,8445372222436;6,98073766469764;1,83443236585333
18,8446763889103;6,97702969702263;1,81845850967008
18,8448150000214;6,97737847330043;1,83646321893082
18,8449541666881;6,9739168811374;1,82967644963693
18,8450925000214;6,99427284856171;1,85632609245701
18,8452316666881;6,97174686248911;1,84543289546892
18,845370555577;6,95522242927549;1,82012669409659
18,8455091666881;6,98773599979182;1,80891561024617
18,845648055577;6,97061661482309;1,83041549550995
18,8457869444659;6,95352339033474;1,83999640006246
18,8459261111325;6,96230553864964;1,82562164640589
18,8460647222436;6,96123924112015;1,84327424645289
18,8462036111325;6,94435628732867;1,84344000745187
18,8463425000214;6,93077224866701;1,83430456991485
18,8464816666881;6,93738427433794;1,81331566657451
18,846620555577;6,91901085841414;1,83000119389803
18,8467591666881;6,94450618887691;1,8442101616665
18,8468983333548;6,94211096583587;1,8013586722353
18,8470369444659;6,94486496282673;1,78833415506477
18,8471758333547;6,95554368856622;1,82597747738942
18,8473150000214;6,91534054709618;1,79990793124293
18,8474538889103;6,91418901599621;1,79444034122284
18,8475925000214;6,95318594312926;1,81851704002329
18,8477316666881;6,87908133059952;1,81610980736457
18,847870555577;6,91308514344274;1,83353437502967
18,8480094444659;6,95608989364686;1,82893740929541
18,8481483333548;6,91159493597394;1,80797962218548
18,8482869444659;6,94507384498752;1,80193193154636
18,8484261111325;6,91403907570827;1,76190198488516
18,8485650000214;6,92979203656984;1,82764569398404
18,8487038889103;6,8951457903666;1,80617306235172
18,8488427777992;6,86649014524303;1,81293244841345
18,8489816666881;6,89459952136889;1,80929883265742
18,849120555577;6,91204012585075;1,80740643572793
18,8492591666881;6,88097944280912;1,7889074626342
18,849398055577;6,91223905843432;1,78196184739755
18,8495372222436;6,88282690751319;1,79479618009759
18,8496758333547;6,8916466221377;1,79569416697547
18,8498150000214;6,86184955945669;1,79731082772918
18,8499541666881;6,87857262306892;1,78891428846558
18,8500927777992;6,85728405213067;1,81752259445653
18,8502313889103;6,88760121145307;1,78264920562228
18,850370555577;6,86734768102255;1,80067810579374
18,8505091666881;6,8626322198503;1,8151807039502
18,850648055577;6,86384852957963;1,76211958649293
18,8507872222436;6,84881310958812;1,77515071425927
18,8509261111325;6,86424481115898;1,7989719996404
18,8510647222436;6,83628539275219;1,78515685712753
18,8512038889103;6,86152833438567;1,77550655313399
18,8513427777992;6,85156714531988;1,80633201944229
18,8514816666881;6,85117083791437;1,79418496027836
18,8516202777992;6,84058856587086;1,76055853682911
18,8517594444659;6,83870200710038;1,79161198112084
18,8518983333548;6,80421714743827;1,80505768485344
18,8520375000214;6,81719465091726;1,75528787715936
18,8521761111325;6,84128480097772;1,74611445627573
18,8523147222436;6,82312039946117;1,76669581760081
18,8524538889103;6,83664415127964;1,78370608918542
18,852593055577;6,81043283570358;1,77774810157342
18,8527316666881;6,83689227692369;1,77290245349388
18,852870555577;6,8375981003301;1,75752926322443
18,8530094444659;6,82551563405281;1,79077253832023
18,8531486111325;6,81665837442839;1,74969645546796
18,8532869444659;6,84987953592227;1,76898608243152
18,8534258333547;6,79501100202785;1,78718079641709
18,8535652777992;6,80858374832897;1,75762969292794
18,8537038889103;6,79315204675811;1,7841515398095
18,853843055577;6,79403584145655;1,77087848725463
18,8539819444659;6,80343455097261;1,76830547956479
18,854120555577;6,77752144463625;1,73328685434495
18,8542594444659;6,82075278612911;1,75172744151641
18,854398055577;6,77952038861091;1,74188012148861
18,8545375000214;6,79219805444998;1,73264823581673
18,8546761111325;6,79219805444998;1,75367133783169
18,8548150000214;6,77070066107601;1,75372036498942
18,8549538889103;6,79735890992194;1,74094416560445
18,8550927777992;6,78248325097459;1,7760213303502
18,8552316666881;6,74690616713858;1,750908281101
18,855370555577;6,78489009453429;1,77399735038296
18,8555097222436;6,77367510626379;1,75946363174393
18,8556486111325;6,77180453782546;1,73933450492285
18,8557872222436;6,78067338259848;1,73547657953014
18,8559263889103;6,75988361894898;1,74705035570832
18,8560652777992;6,74539425680553;1,75084979802665
18,8562038889103;6,7802869986163;1,76148761832064
18,8563427777992;6,77186344967154;1,74184215642811
18,8564819444659;6,76375135152983;1,74422885627277
18,856620555577;6,75642188020555;1,72023504111405
18,8567591666881;6,75788461678525;1,71895000929723
18,8568983333547;6,78469105160232;1,73782528608473
18,8570369444659;6,74649816809568;1,70471362217765
18,8571758333547;6,73879224590209;1,73547657953014
18,8573147222436;6,75417656291052;1,75174778095848
18,8574536111325;6,76453396930665;1,71895000929723
18,8575925000214;6,74369518332696;1,72197928290191
18,8577316666881;6,7507523834615;1,73287247989006
18,8578702777992;6,74299901665279;1,73509337411755
18,8580091666881;6,74249034115479;1,70898588985526
18,858148055577;6,76560046757072;1,71768958470426
18,8582872222436;6,75257382270797;1,70606389606507
18,8584261111325;6,73694501165352;1,70602595923162
18,8585650000214;6,73714212113708;1,71246747542821
18,8587038889103;6,72405832746034;1,70830544450453
18,8588425000214;6,737329606429;1,71632540082095
18,8589816666881;6,73843348317845;1,71727512104258
18,8591202777992;6,7463482665475;1,72567829977027
18,8592594444659;6,7270586395839;1,71705757290658
18,859398055577;6,74296157044179;1,72989207587688
18,8595369444659;6,7279260903959;1,6824952057114
18,8596761111325;6,73328419574437;1,71194582176125
18,8598150000214;6,72715961791707;1,69423474288851
18,8599538889103;6,72296424531885;1,71211162737836
18,8600927777992;6,73823620327857;1,70622283706996
18,8602316666881;6,73083001508667;1,70821570869563
18,860370555577;6,73823620327857;1,68918147481753
18,8605091666881;6,71981401808549;1,70310395755027
18,8606483333547;6,70236188075654;1,68577983537116
18,8607872222436;6,69906166609468;1,69464906089183
18,8609261111325;6,71841032501311;1,69339523513918
18,8610650000214;6,69361280288621;1,70835420126991
18,8612038889103;6,71193855350953;1,70018200443309
18,8613427777992;6,71048555783801;1,6915613303843
18,8614813889103;6,68202725886874;1,70258243257058
18,861620555577;6,69685382220567;1,67374977324667
18,8617594444659;6,70919434593887;1,68359007012475
18,8618983333547;6,70641873873285;1,69319835730084
18,8620372222436;6,67396437961742;1,69407582616742
18,8621761111325;6,71580622537306;1,66799941935412
18,8623150000214;6,69484496255473;1,6704652036762
18,8624538889103;6,70166576573476;1,67133583676136
18,8625925000214;6,67591411373837;1,69002097467501
18,8627319444659;6,70077071949373;1,68840455675235
18,8628708333548;6,69289521164052;1,68176298506108
18,8630094444659;6,66529440736008;1,66127133222247
18,8631483333548;6,66399145765783;1,68699174963234
18,8632872222436;6,67871733582228;1,67369129017231
18,8634261111325;6,70548627494753;1,66127133222247
18,8635650000214;6,67927324024635;1,66764358314282
18,8637038889103;6,67020711557345;1,66389312334513
18,863843055577;6,67466028798574;1,66561959656607
18,8639816666881;6,66789850700013;1,6808270212849
18,8641208333548;6,65024753302026;1,65538932519922
18,8642594444659;6,66469911707182;1,68589690524709
18,8643983333547;6,67555533559113;1,65825958860148
18,8645372222436;6,67526773246877;1,65258839596942
18,8646758333547;6,64471359853351;1,6689353831303
18,8648147222436;6,66840716222754;1,66143695939002
18,8649538889103;6,68036732238784;1,6632708778705
18,8650927777992;6,64523812397067;1,65298207645714
18,8652316666881;6,63883503104941;1,65272666698303
18,865370555577;6,64141381404758;1,66591702195004
18,8655091666881;6,6515502216277;1,64250316469233
18,8656483333547;6,64825009349346;1,65715796094315
18,8657872222436;6,64729603208946;1,62873967182611
18,8659261111325;6,65702074252584;1,64742487468769
18,8660650000214;6,61988397358334;1,64539402161017
18,8662041666881;6,65462550793427;1,63569218998515
18,8663427777992;6,66879354620966;1,65314783745612
18,8664816666881;6,62836518327313;1,65076117798097
18,866620555577;6,63532604342788;1,62947869578011
18,8667594444659;6,65522077658736;1,62881593620227
18,8668983333548;6,62479660228487;1,65021901547775
18,8670372222436;6,64675976399568;1,64591569227585
18,8671763889103;6,61117664385097;1,63662123899616
18,8673150000214;6,62972108284893;1,65272666698303
18,8674538889103;6,61653468881198;1,64704165652662
18,8675927777992;6,63887254707271;1,63860734974091
18,8677316666881;6,63788103874128;1,61144289456922
18,867870555577;6,62625932731206;1,64521468074781
18,8680094444659;6,6226379231031;1,63584427267813
18,8681486111325;6,61508177265893;1,6446549839317
18,8682875000214;6,6271113575205;1,62829416839156
18,8684261111325;6,6012412882009;1,59852567033499
18,8685650000214;6,61412985405286;1,61566349256046
18,8687038889103;6,58106818103238;1,63601001917698
18,8688427777992;6,60992281809828;1,64720058144397
18,8689816666881;6,61968485113954;1,6158156217605
18,869120555577;6,59797853790991;1,64074557098883
18,8692591666881;6,60260311972843;1,63000028509981
18,8693983333547;6,60461192908025;1,62885407067665
18,8695369444659;6,5808592646427;1,62816633967429
18,8696758333547;6,58435840769033;1,62540330297514
18,8698147222436;6,58220953853018;1,64386440686033
18,8699536111325;6,58256832223955;1,60153735926104
18,8700925000214;6,57500235169113;1,61878235302498
18,8702316666881;6,58421836951717;1,6215074315754
18,8703702777992;6,58456731851743;1,62597659870809
18,8705094444659;6,57500235169113;1,6216732226913
18,870648055577;6,55752448465813;1,61363262764479
18,8707872222436;6,55350487244377;1,60019379769952
18,8709261111325;6,58051035019275;1,61754255045864
18,8710650000214;6,53515946482318;1,6134357498064
18,8712038889103;6,54448793210295;1,60134054575144
18,8713427777992;6,57335233024696;1,59981058803783
18,8714816666881;6,56458188653846;1,58990499628618
18,871620555577;6,54999586150097;1,59746878677186
18,8717591666881;6,55390313277371;1,61045529328027
18,8718983333547;6,53461350581011;1,58901386286129
18,8720372222436;6,56602286796496;1,59897112095908
18,8721761111325;6,50926773977795;1,58830216804429
18,8723150000214;6,52358568864508;1,59563480066868
18,8724538889103;6,54027121596854;1,61598133814516
18,8725927777992;6,54669590516681;1,59543115465965
18,8727319444659;6,52280315612362;1,61045529328027
18,8728702777992;6,51838729655304;1,60241468767794
18,8730094444659;6,54083895733461;1,61158830162594
18,8731483333547;6,49954310127782;1,5976208470716
18,8732869444659;6,53680947722512;1,58293506023972
18,8734261111325;6,52725645836392;1,6112839292847
18,8735650000214;6,50520091511061;1,58369839286615
18,8737038889103;6,52666108151635;1,59560376579026
18,8738427777992;6,4888643601106;1,56289951853719
18,8739813889103;6,50155188899251;1,58110108074709
18,874120555577;6,50645474086329;1,5939286826779
18,8742591666881;6,48791027287243;1,58293506023972
18,8743983333548;6,47855421687322;1,58480008941871
18,8745369444659;6,4921390807842;1,5957626621705
18,8746761111325;6,49158095667673;1,57354415882526
18,8748150000214;6,48201594657439;1,59080981954958
18,8749538889103;6,47990693525304;1,58547377516049
18,8750925000214;6,47890320042677;1,58476209612869
18,8752316666881;6,48242418139117;1,57354415882526
18,875370555577;6,46147249385817;1,57907025225552
18,8755091666881;6,45987207082098;1,58829534221292
18,8756483333548;6,48210264823837;1,56714064509379
18,8757872222436;6,43707111574923;1,59251594020415
18,8759261111325;6,46206782742243;1,55691714280312
18,8760647222436;6,47714073405282;1,57965034498332
18,8762038889103;6,45520970165492;1,57656260075026
18,8763427777992;6,45760482199464;1,59099986069953
18,8764816666881;6,4365154877942;1,56020178521007
18,876620555577;6,42880929238456;1,55499358592994
18,8767597222436;6,4297416534672;1,5638354337508
18,8768983333547;6,45029735786397;1,54348089050771
18,8770372222436;6,4372112062382;1,56451603661753
18,8771763889103;6,42454570586756;1,53789635140777
18,8773150000214;6,41130971728202;1,56055762803089
18,8774538889103;6,4183395263193;1,54972291411713
18,8775927777992;6,41521480532549;1,57447329471535
18,8777316666881;6,40049086681981;1,53540920873871
18,877870555577;6,41963064810253;1,56039186703191
18,8780094444659;6,40655676527638;1,55978750788341
18,8781483333548;6,42734649888797;1,55004076759423
18,8782872222436;6,4181305414545;1,55968021167266
18,8784263889103;6,41298152432225;1,53415538298611
18,8785650000214;6,3937291633456;1,56911303513539
18,8787038889103;6,38084244911454;1,54914278071632
18,878843055577;6,40009474024356;1,55389869298693
18,8789816666881;6,40981933546402;1,54348089050771
18,8791208333548;6,37423057420207;1,54711198864564
18,8792594444659;6,41081081724533;1,55377088065984
18,8793986111325;6,40289819974294;1,55373976017728
18,8795375000214;6,3964338510267;1,53226294659544
18,8796761111325;6,40210348467861;1,56547246916512
18,8798150000214;6,38620051119315;1,537578562291
18,8799538889103;6,38877961650496;1,56602522327958
18,8800927777992;6,37259035542431;1,54082530331746
18,8802316666881;6,38891709064166;1,52258160680793
18,8803708333547;6,367023364038;1,53242875221258
18,8805094444659;6,38325939308075;1,51943534466466
18,8806483333547;6,36136566647707;1,5170555054865
18,8807869444659;6,35145418833045;1,530238946292
18,8809258333547;6,35876156683702;1,55248593442465
18,8810652777992;6,37124008153688;1,5076715273365
18,8812038889103;6,36692304545585;1,53056372303359
18,8813427777992;6,34463333895536;1,50197964279033
18,8814813889103;6,36738215614415;1,51548787217661
18,8816202777992;6,35771674307159;1,51403710423449
18,8817594444659;6,32404023830253;1,51094931932843
18,881898055577;6,35314120123553;1,51319758009379
18,8820372222436;6,35955381998724;1,52496147876204
18,8821761111325;6,34739679264607;1,52117981774546
18,8823150000214;6,3438758116817;1,52821498005272
18,8824536111325;6,33772211323858;1,51294219914928
18,8825927777992;6,3321148937921;1,51110826033332
18,8827316666881;6,34758389139353;1,51943534466466
18,882870555577;6,32870260746856;1,48998472861481
18,8830094444659;6,32113653775201;1,5100202703174
18,883148055577;6,34188902670451;1,51609907293891
18,8832869444659;6,31636169331131;1,49847755755474
18,8834261111325;6,32999364887922;1,49165969236486
18,8835650000214;6,32769893086572;1,51308073604724
18,8837038889103;6,3288896342435;1,52424983129222
18,8838425000214;6,30793805330217;1,47914998458415
18,8839816666881;6,31968338419708;1,5166412038746
18,8841202777992;6,30951327525338;1,49363223274364
18,8842594444659;6,32459846579781;1,49365257218568
18,8843983333547;6,31456194730839;1,49297202941884
18,8845369444659;6,30499687931308;1,50979596068072
18,8846761111325;6,29379439506053;1,48556052206681
18,8848152777992;6,31467451271919;1,49660572712554
18,8849536111325;6,28625323752559;1,4714410163902
18,8850927777992;6,3088175387189;1,48169558209642
18,8852313889103;6,28605639747826;1,48571940235433
18,885370555577;6,28510218103614;1,50323346854299
18,8855094444659;6,29853485428026;1,47934686765026
18,8856483333547;6,27008849499859;1,48848239442759
18,8857875000214;6,27212476798846;1,4844586187956
18,8859261111325;6,27759532667301;1,47950581685001
18,8860650000214;6,29298982235184;1,50228419304375
18,8862038889103;6,25755086057228;1,48909359518993
18,886343055577;6,28049905306935;1,45647544725492
18,8864816666881;6,2702382847917;1,48909359518993
18,8866202777992;6,25845550662635;1,47310911946948
18,8867594444659;6,28235795602254;1,45141231896554
18,8868986111325;6,26402251061063;1,46944812017648
18,8870372222436;6,29637634790373;1,45327735367741
18,8871761111325;6,26141841097055;1,46667821491923
18,8873150000214;6,26290884512196;1,4637562290203
18,8874536111325;6,23419366600496;1,46194966918648
18,8875925000214;6,25334375548104;1,44850414269467
18,8877316666881;6,222919516583;1,4698039682263
18,887870555577;6,25796897886028;1,45417533532668
18,8880094444659;6,26235073781328;1,44772036319512
18,8881483333547;6,24783595529038;1,45012049992286
18,8882872222436;6,23470227762598;1,45708407418792
18,8884261111325;6,24598670939969;1,46095523022797
18,8885650000214;6,23493888602474;1,44218728971498
18,8887036111325;6,22237364769845;1,44000451240967
18,8888427777992;6,25019382572677;1,42352937234992
18,8889816666881;6,22273246080297;1,45819218958303
18,8891202777992;6,21765794559835;1,44254314171167
18,8892594444659;6,22111982194582;1,44295740325188
18,8893983333547;6,23320220102161;1,44125833816233
18,8895372222436;6,22904470896756;1,44290619836968
18,8896761111325;6,22203698275595;1,42820637740749
18,8898150000214;6,22072382459891;1,42118069007412
18,8899541666881;6,21345373995547;1,4420214394757
18,8900927777992;6,18324864120797;1,43781461722813
18,8902316666881;6,21380002020567;1,44621122936641
18,8903708333548;6,20186744068829;1,42877952743365
18,8905097222436;6,1951812430938;1,41961993178222
18,8906483333548;6,21229993940125;1,45783635070828
18,8907875000214;6,2042473677667;1,44197006455789
18,8909261111325;6,14877351602473;1,43102778297043
18,8910650000214;6,16250571820012;1,43505163335305
18,8912041666881;6,18148624462279;1,41611085042024
18,8913427777992;6,1794278713698;1,42842368333035
18,8914816666881;6,17387049239102;1,41537877547671
18,891620555577;6,16660026943902;1,42096320954329
18,8917594444659;6,17368347958208;1,43102778297043
18,8918983333547;6,16125189244744;1,39724245888985
18,8920375000214;6,18148624462279;1,39537743790825
18,8921761111325;6,15574412650597;1,41835910990321
18,8923147222436;6,14446991698915;1,41570369272901
18,8924541666881;6,15990161856001;1,43039628837977
18,8925927777992;6,15978906470761;1,41929509007116
18,8927313889103;6,15128116752999;1,37962092711246
18,8928702777992;6,15423458517725;1,41138231318604
18,8930094444659;6,12518029002555;1,40090344209307
18,893148055577;6,13077490042139;1,42128798628491
18,8932869444659;6,12482148112139;1,41320942192439
18,8934261111325;6,10203273766925;1,41980985089558
18,8935650000214;6,13715318138563;1,38785856149622
18,8937038889103;6,13565004316797;1,39964961634041
18,8938427777992;6,13734950798977;1,42736678890643
18,8939816666881;6,1112390400535;1,38526174190631
18,8941202777992;6,11550268278751;1,38988246010109
18,8942594444659;6,09015939482975;1,4170468384809
18,894398055577;6,11092716614911;1,38051891004426
18,8945372222436;6,11659702460312;1,36741565634364
18,8946758333547;6,10543182895935;1,37843657821492
18,8948150000214;6,07912181115915;1,39553633428849
18,8949536111325;6,11195667329861;1,3717081663159
18,8950925000214;6,09509935544483;1,37299998535855
18,8952313889103;6,07892245129986;1,3874372610918
18,895370555577;6,1022693635154;1,3813965364634
18,8955091666881;6,08700959401088;1,36506686903132
18,8956483333547;6,08109327015686;1,36618211355858
18,8957872222436;6,07430964347691;1,38619056347471
18,8959258333547;6,05747431795973;1,38159353216184
18,8960652777992;6,07633081367592;1,36339887890591
18,8962036111325;6,05633307474275;1,35679818398106
18,8963427777992;6,05728737713576;1,34595651431948
18,8964816666881;6,06329412969146;1,35892979374648
18,896620555577;6,05708790684406;1,37806058901535
18,8967594444659;6,05189237995694;1,35214281896572
18,896898055577;6,05413764128284;1,36700151626798
18,8970372222436;6,02967688041934;1,34525544268132
18,8971758333547;6,03925157592482;1,31780472559538
18,8973150000214;6,05211633341011;1,35496418414758
18,8974536111325;6,02953665035685;1,33808173072438
18,8975925000214;6,05212912797651;1,33618931800842
18,8977316666881;6,05086250765748;1,34218604668391
18,897870555577;6,01921669993132;1,35532716033299
18,8980094444659;6,01669954492684;1,32717590551576
18,8981483333548;6,0320443018621;1,34262030816285
18,8982872222436;6,0337439049963;1,3499529322865
18,8984261111325;5,99604712098682;1,34573915489707
18,8985650000214;6,03725250114226;1,32565933495502
18,8987036111325;6,02016159385153;1,34616047723182
18,8988425000214;6,00432118246587;1,354194084341
18,8989816666881;5,9793836202515;1,34082436726243
18,899120555577;5,999418496245;1,32973436432979
18,8992594444659;5,99606914757501;1,32738558096537
18,8993983333547;5,96910084566656;1,32977253622826
18,8995369444659;5,9971732223126;1,34130814050795
18,8996761111325;5,98117363010957;1,32795870639856
18,8998150000214;5,98449537139689;1,31488291822106
18,8999538889103;5,99826786724782;1,34095227795169
18,9000927777992;5,99475604952812;1,29302011232232
18,9002316666881;5,98189127175681;1,3160860791503
18,900370555577;5,98078720994621;1,30866907943499
18,9005097222436;5,99186531516679;1,29855326135046
18,9006483333547;5,99851402308391;1,31324584880062
18,9007872222436;5,99295647121221;1,30349893908789
18,9009263889103;5,98212794995413;1,32973436432979
18,9010652777992;5,97607147359702;1,30784797457568
18,9012038889103;5,98464513533895;1,30320148152251
18,9013427777992;5,9850315555023;1,29047437364642
18,9014816666881;5,95967590925437;1,30005525094677
18,901620555577;5,96132579245236;1,30365782757389
18,9017594444659;5,96103888720808;1,29922682502735
18,901898055577;5,95678184663345;1,28352863639782
18,9020372222436;5,9613977283592;1,31105591353329
18,9021763889103;5,95276456719012;1,29658054796533
18,9023150000214;5,92260641315167;1,28291742743863
18,9024538889103;5,95162337535635;1,2843753855322
18,9025927777992;5,93213423059655;1,28864038754318
18,9027316666881;5,95551842624801;1,2933450620703
18,902870555577;5,93031257819374;1,28218543386456
18,9030094444659;5,96260164479318;1,30115017606863
18,9031483333547;5,9292305901462;1,27948079189173
18,9032872222436;5,92440881555362;1,27685657873715
18,9034261111325;5,9186017078882;1,24907379492203
18,9035652777992;5,93052159173939;1,28858918266101
18,9037038889103;5,92355096969783;1,28254129770386
18,903843055577;5,92225998839066;1,27409366350241
18,9039819444659;5,91289439206946;1,2667466609395
18,904120555577;5,90387492709488;1,26841479680343
18,9042597222436;5,92552242869556;1,27263553594616
18,9043983333547;5,93835003062634;1,2751504291646
18,9045369444659;5,90312011664344;1,29105456806985
18,9046758333547;5,89540426585802;1,27186548343903
18,9048147222436;5,90867763393078;1,26655674182615
18,9049538889103;5,90252465320745;1,27186548343903
18,9050927777992;5,9060830377899;1,25589905884914
18,9052313889103;5,89380450503856;1,26929955569739
18,905370555577;5,9049323767195;1,24100208029731
18,9055094444659;5,90297036142709;1,26971369577305
18,905648055577;5,88956012780397;1,27066999958862
18,9057869444659;5,90197891324726;1,24303320027025
18,9059261111325;5,88953774052894;1,25569468414781
18,9060650000214;5,89740333780463;1,24927824252748
18,9062038889103;5,87467397225393;1,23348324130617
18,9063425000214;5,87651063624136;1,25225815663785
18,9064819444659;5,86641257544767;1,26341053493323
18,9066202777992;5,89506771274299;1,25955260954055
18,9067594444659;5,89265041100157;1,2364705846141
18,9068983333548;5,8662404546109;1,24908115023257
18,9070372222436;5,87395630539635;1,25000992873385
18,9071758333547;5,89315898772429;1,25110492674079
18,9073150000214;5,86780332467299;1,24412090796966
18,9074538889103;5,86639018817263;1,24943703381638
18,9075925000214;5,8812393045306;1,22229270879586
18,9077313889103;5,87425578544833;1,26445471682885
18,907870555577;5,82900482097688;1,23380825605352
18,9080094444659;5,85607977162664;1,23657117523743
18,9081483333547;5,85648845881582;1,25559415267878
18,9082872222436;5,83657090361908;1,2373103030956
18,9084258333547;5,86049609643567;1,23490327441431
18,9085650000214;5,85867433738716;1,23364944866168
18,9087038889103;5,86344962908743;1,23756557472331
18,9088427777992;5,83988315401228;1,22541152273325
18,9089816666881;5,80802831109474;1,24251850237579
18,909120555577;5,83692972512546;1,23151768126172
18,9092591666881;5,8114147513264;1,23052327387859
18,9093983333548;5,82714595880535;1,235158529941
18,9095372222436;5,80911975222719;1,22380183047625
18,9096758333547;5,82701852653554;1,22875473382865
18,9098150000214;5,8310632068339;1,21211160564184
18,9099538889103;5,82992203769837;1,22519445914978
18,9100927777992;5,79690041606307;1,22415769698057
18,9102316666881;5,7742984223361;1,23020559833947
18,9103702777992;5,8165488897468;1,22792656789255
18,9105091666881;5,81208599186613;1,21660803903794
18,9106483333548;5,8060197831675;1,2160277225212
18,9107872222436;5,78918456527762;1,21544744009523
18,9109258333547;5,78417259538003;1,22467241681309
18,9110650000214;5,79669126547833;1,21692567387225
18,9112036111325;5,80016274808216;1,20721687767787
18,9113427777992;5,77771057034724;1,20889218825252
18,9114819444659;5,75024646599638;1,22467977212358
18,911620555577;5,76638300624597;1,18812429470466
18,9117597222436;5,76879080312779;1,20689192792995
18,9118986111325;5,78287223081122;1,20592488920659
18,9120372222436;5,76162054976498;1,20773158930979
18,9121763889103;5,77479753887468;1,18798553613044
18,9123150000214;5,75791236666092;1,19782580325705
18,9124538889103;5,74268975271085;1,18776841901959
18,9125927777992;5,74894269012282;1,2180589518519
18,9127316666881;5,74318885462984;1,18625932558828
18,9128702777992;5,76214215218982;1,20387366391708
18,9130094444659;5,74503826671619;1,19706316475083
18,9131483333547;5,73497390192543;1,20314192910377
18,9132872222436;5,73606859017815;1,19162634441227
18,9134261111325;5,70631871290431;1,19512117214794
18,9135650000214;5,74023539115763;1,21551302462677
18,9137038889103;5,7321607146645;1,18677402081718
18,9138427777992;5,71563785704822;1,19153740355532
18,9139816666881;5,70627241591359;1,19876932488833
18,914120555577;5,7026475854102;1,20631892366134
18,9142594444659;5,69839374023439;1,20065427811994
18,9143983333548;5,72450422634239;1,18678154656067
18,9145372222436;5,7187874765209;1,18536137946995
18,9146761111325;5,71438403129559;1,18073352367736
18,9148150000214;5,68661086487199;1,19017547990148
18,9149536111325;5,6741792169841;1,15948083298667
18,915093055577;5,6638221410596;1,19715221923158
18,9152319444659;5,68942406369629;1,17853617629348
18,915370555577;5,67730472888883;1,18735434394907
18,9155094444659;5,68907838759355;1,20752213988894
18,9156483333547;5,66492623745256;1,1949113994956
18,9157872222436;5,67249237180832;1,15474496594663
18,9159261111325;5,6467407198119;1,17159759512685
18,9160652777992;5,64278328288094;1,17545552051956
18,9162038889103;5,63836662960756;1,17504142904443
18,9163425000214;5,65355220120711;1,17140796088927
18,9164816666881;5,65615630084719;1,17436053466278
18,916620555577;5,64112042401703;1,17337356042577
18,9167591666881;5,63095965440891;1,18131390126462
18,916898055577;5,6238525180874;1,15928376202791
18,9170372222436;5,63241314049523;1,15391675140629
18,9171758333547;5,62509315777277;1,1702473212394
18,9173150000214;5,64362807552229;1,17542468547069
18,9174536111325;5,6304140308026;1,13862403018197
18,9175925000214;5,62469728970981;1,17520024463909
18,9177313889103;5,63427195619533;1,14716791808203
18,9178702777992;5,63080047359151;1,16182968925304
18,9180091666881;5,61278724006769;1,1702473212394
18,918148055577;5,60430354049203;1,15912495068645
18,9182869444659;5,6321137722959;1,13977717956453
18,9184258333547;5,6235931674556;1,16568761464575
18,9185650000214;5,60766236396574;1,13205385985151
18,9187038889103;5,61025702087531;1,15613759462011
18,9188425000214;5,59254309540506;1,17613645135475
18,9189813889103;5,58450536887889;1,16787771213637
18,9191202777992;5,58372309229634;1,15520888113537
18,9192591666881;5,58821359950227;1,15838581462589
18,9193983333547;5,59975043056809;1,13504120741183
18,9195369444659;5,57808990230706;1,1410891494755
18,9196758333547;5,559558497127;1,16217559871788
18,9198147222436;5,56686544413606;1,13446832525398
18,9199536111325;5,55268756831779;1,13241722026314
18,9200927777992;5,56883693674627;1,1337873816592
18,9202313889103;5,58005187881278;1,1396184086347
18,9203702777992;5,56222519948631;1,14346880828396
18,9205091666881;5,56192581382749;1,15227966922743
18,9206483333547;5,53357006219099;1,13739003542423
18,9207872222436;5,55971754798108;1,14456381844201
18,9209261111325;5,57828949968223;1,14492730039211
18,9210650000214;5,54207763228956;1,12248053902567
18,9212038889103;5,55091079916235;1,13465795949156
18,9213425000214;5,570140853179;1,14426616772815
18,9214816666881;5,55089758367012;1,15395505538274
18,921620555577;5,53577837977215;1,12913211687112
18,9217594444659;5,55068847891818;1,13247535523766
18,9218986111325;5,54147262488561;1,13038594262375
18,9220372222436;5,55881318983427;1,16147380300299
18,9221758333547;5,53861929727756;1,11761656043203
18,9223147222436;5,5253826622355;1,13389555247926
18,9224538889103;5,56062581202758;1,13353211003152
18,9225925000214;5,52806252898674;1,12305334826456
18,9227319444659;5,5445984087514;1,12949559882122
18,922870555577;5,52678619568945;1,11813127206392
18,9230091666881;5,55360499055411;1,09041406002308
18,923148055577;5,52789975647133;1,1132863724342
18,9232872222436;5,52483716859254;1,10913073192256
18,9234261111325;5,5462849561028;1,1132863724342
18,9235650000214;5,53195738971823;1,11720246105864
18,9237038889103;5,5040107568895;1,09331577817866
18,9238427777992;5,51648875280858;1,11662962720823
18,9239816666881;5,51577104391964;1,09797106301554
18,924120555577;5,50435631859557;1,10692079553621
18,9242594444659;5,48030440809245;1,08280623422615
18,9243986111325;5,51893397493018;1,11000883124561
18,9245375000214;5,51177278372217;1,09958820968447
18,9246763889103;5,50058545938586;1,0892990371913
18,9248152777992;5,48239998927261;1,08801443350632
18,9249538889103;5,47369271836106;1,08759288366954
18,9250927777992;5,48176742427412;1,093888746
18,9252316666881;5,46622298040904;1,10119792563734
18,925370555577;5,48326735865635;1,10042804969743
18,9255094444659;5,45104371797802;1,10297411822955
18,9256483333548;5,49316898520632;1,08998004094326
18,9257872222436;5,45986375989426;1,0941131376228
18,9259261111325;5,46933560440226;1,09827629629379
18,9260650000214;5,47425156655027;1,09879095050218
18,9262041666881;5,46618607514444;1,10250989554831
18,9263427777992;5,46497551103957;1,07303929850576
18,9264819444659;5,45543775182591;1,08628089468516
18,926620555577;5,45047565664788;1,1037518135675
18,9267594444659;5,45584290678215;1,10155381712138
18,9268983333547;5,4812589173834;1,06762976782511
18,9270372222436;5,43731193091503;1,06888359357777
18,9271761111325;5,43725230758389;1,0767965475284
18,9273150000214;5,42458366984675;1,10287339876979
18,9274538889103;5,43932030717801;1,06522277135025
18,9275927777992;5,44661773125517;1,07878953395317
18,9277316666881;5,43944737411272;1,08503476515341
18,927870555577;5,41963500165107;1,05397419441712
18,9280094444659;5,41647203700239;1,06032027950587
18,9281483333547;5,42885073506858;1,06444533131324
18,9282872222436;5,3951739904341;1,06059497001763
18,9284261111325;5,4102468298349;1,07509038344068
18,9285650000214;5,3997865096789;1,03946365042631
18,9287036111325;5,40478551853002;1,04185839787618
18,9288425000214;5,41306016575618;1,05121135636725
18,9289813889103;5,39927800278815;1,07528750271115
18,9291202777992;5,39993617017365;1,07772526101314
18,9292591666881;5,43029105769301;1,03660012718495
18,929398055577;5,40380767327758;1,07512874393746
18,9295369444659;5,38378676812133;1,01413349381605
18,9296758333548;5,41105180412274;1,06220469387185
18,9298147222436;5,40884337398853;1,04056617417669
18,9299538889103;5,37974228886327;1,04015222065172
18,9300925000214;5,39111616706492;1,04181999992932
18,9302313889103;5,38238327346644;1,03169719011586
18,9303702777992;5,3970696677446;1,03195239307331
18,9305097222436;5,35127376622256;1,07367778280781
18,9306483333547;5,3578947987811;1,02185696552277
18,9307869444659;5,37057271434867;1,03562092854557
18,9309258333547;5,37702541821898;1,03786140340102
18,9310647222436;5,39242026490513;1,03591890139694
18,9312036111325;5,35169222721424;1,01506974124493
18,9313427777992;5,36345250026417;1,02107942794271
18,9314813889103;5,37026412006139;1,03998578997255
18,931620555577;5,3474386491375;1,00693991262119
18,9317591666881;5,34005884800993;1,01279084084985
18,9318983333547;5,34822077630247;1,03321402872311
18,9320369444659;5,36635594223583;1,00105832626195
18,9321758333547;5,36033989089546;1,01945003347723
18,9323147222436;5,37279470021505;0,974052848512912
18,9324538889103;5,37022732534115;1,01350264623966
18,9325927777992;5,33329755826176;0,97919526332791
18,9327313889103;5,32172378208358;1,01794103729083
18,9328702777992;5,34948383201476;1,01230687067505
18,9330091666881;5,33569242162065;0,997556306873548
18,933148055577;5,31562062479236;0,986199324527945
18,9332869444659;5,29412260262922;1,00231215201461
18,9334261111325;5,31120388614116;1,00067504430888
18,9335650000214;5,32522284110141;1,00642526395188
18,9337038889103;5,30607919108758;0,977547209905197
18,9338425000214;5,30955430420011;1,00548895149157
18,9339813889103;5,33184378699218;0,975178583112523
18,9341202777992;5,30388810113581;0,978673026555128
18,9342591666881;5,29615864093924;1,00365474815166
18,934398055577;5,29357728944404;0,972435458759833
18,9345372222436;5,29971726733353;1,00836028857086
18,9346758333547;5,29065114266069;0,998810132626176
18,9348150000214;5,29050151256695;0,974784323230097
18,9349538889103;5,28183110915364;0,997912214162255
18,9350927777992;5,26957158989848;0,959352621659207
18,9352319444659;5,27619700841979;0,965068082107905
18,935370555577;5,3004349930402;0,986179719637107
18,9355094444659;5,27117509088313;0,971320657719843
18,9356483333547;5,26750359030439;0,974822683726842
18,9357872222436;5,26425061404302;0,943959280585091
18,9359261111325;5,26169694828423;0,963566437252155
18,9360650000214;5,260146601689;0,954221209089752
18,9362038889103;5,2735929087797;0,949237581927463
18,9363427777992;5,25483495256719;0,972385134283769
18,9364816666881;5,24451500214167;0,951775839956213
18,9366208333548;5,25728008801366;0,961898633661207
18,9367594444659;5,24626524671336;0,961020481770419
18,9368986111325;5,2575929964232;0,948134735681322
18,9370375000214;5,25188546391956;0,936046294422653
18,9371761111325;5,23460419154532;0,974242279161729
18,9373150000214;5,22948327125502;0,944059989170796
18,9374536111325;5,24507376365472;0,951419936619232
18,9375925000214;5,24806433324704;0,95990563636434
18,9377319444659;5,23295471310863;0,951775839956213
18,9378708333548;5,23679915135625;0,940457254578064
18,9380094444659;5,2495780278002;0,946111033988757
18,9381483333548;5,23319161831424;0,950680756868792
18,9382872222436;5,20454582674373;0,974250032218293
18,9384261111325;5,22108178414643;0,938592334688451
18,9385650000214;5,22486652845794;0,95339351240068
18,9387038889103;5,22452111138489;0,923168538233796
18,9388427777992;5,2208724737086;0,916953802836076
18,9389819444659;5,20338192066203;0,92885284330211
18,9391208333547;5,21295653476034;0,937656014325967
18,9392594444659;5,21295653476034;0,90606120090203
18,9393983333547;5,20785863307086;0,907206613333699
18,9395375000214;5,21920933508309;0,918048881972254
18,9396761111325;5,19241308204414;0,905480735243628
18,9398150000214;5,19259962193058;0,928628287599906
18,9399538889103;5,21591030963248;0,923675279119777
18,9400927777992;5,19169535633748;0,941869835153398
18,9402316666881;5,1931584183713;0,915502841706399
18,9403702777992;5,18154785725068;0,907887678163206
18,9405091666881;5,20929869753044;0,918207628588704
18,940648055577;5,18508370121094;0,895640514905978
18,9407869444659;5,19216701222541;0,913037855522475
18,9409261111325;5,19106280815666;0,90089151265181
18,9410650000214;5,18579226618249;0,905697556361389
18,9412041666881;5,17126469176762;0,919360767099136
18,9413427777992;5,1762268299629;0,905182891280901
18,9414816666881;5,1572733268014;0,9123567058991
18,9416202777992;5,1771217851354;0,895385340520278
18,9417594444659;5,19056822933902;0,908142885071697
18,9418983333548;5,17256907239266;0,891260238477741
18,9420372222436;5,17822600667228;0,905488658836759
18,9421758333547;5,1466172525738;0,888764601396616
18,9423147222436;5,15712367083407;0,896313901985025
18,9424536111325;5,16039949317781;0,889890303166169
18,9425927777992;5,16244464111847;0,896569108893516
18,9427319444659;5,14937096516394;0,890107083860727
18,9428702777992;5,1695648118685;0,89360911510272
18,9430094444659;5,16039949317781;0,875929208042521
18,943148055577;5,18304772694268;0,889337228282898
18,9432869444659;5,13980558692057;0,889375673578513
18,9434261111325;5,13804326300954;0,878730448294618
18,9435650000214;5,14701293954758;0,896836366090554
18,9437036111325;5,11214198512423;0,906800402607587
18,9438425000214;5,13067707620704;0,884747974074259
18,9439816666881;5,13815605672735;0,886829576777643
18,944120555577;5,12953609003603;0,866901481316461
18,9442594444659;5,12937287706106;0,869722402074302
18,944398055577;5,14721301225535;0,875770449268828
18,9445372222436;5,10233052412417;0,87336350634925
18,9446758333547;5,12642353307081;0,877743960295504
18,9448147222436;5,13234950011395;0,884364679352814
18,9449538889103;5,11097822208879;0,875364482029227
18,9450927777992;5,12023064370393;0,881768673886853
18,9452313889103;5,10970133138647;0,856488670572617
18,9453702777992;5,10497149895212;0,856322075688752
18,9455094444659;5,09191152655018;0,863949383455605
18,9456483333548;5,10438024107634;0,876134215397173
18,9457872222436;5,06739005056872;0,871804658421127
18,9459261111325;5,10473912848096;0,849484656793891
18,9460647222436;5,08635354818537;0,866228121222207
18,9462038889103;5,09726928701443;0,863043555923724
18,9463425000214;5,10092707668764;0,878858539447663
18,9464816666881;5,08839873106263;0,868062446750741
18,9466202777992;5,08784427914364;0,867323236836285
18,9467594444659;5,06834466336105;0,863979932822815
18,9468983333547;5,08012842835819;0,854457161338701
18,9470372222436;5,07992830809502;0,839025459767839
18,9471758333547;5,05916571625309;0,855552260840511
18,9473150000214;5,08348702052746;0,849534840842125
18,9474538889103;5,07422085524436;0,853717976048642
18,9475927777992;5,08213674664;0,847995136305883
18,9477313889103;5,06444096571755;0,840635191524768
18,947870555577;5,08470412151388;0,857517907790026
18,9480091666881;5,07833854461595;0,852789447109529
18,9481486111325;5,058038804755;0,834784252422054
18,9482872222436;5,0540172004736;0,829831243941896
18,9484261111325;5,05933826205677;0,855138396685163
18,9485650000214;5,05762910360428;0,865756384423008
18,9487036111325;5,03672676769011;0,860861211803467
18,948843055577;5,04549632396504;0,848723176360352
18,9489813889103;5,03712238543361;0,842863949899339
18,949120555577;5,0284151355464;0,825726051342315
18,9492594444659;5,03703513685247;0,838967485199817
18,9493983333548;5,027669781751;0,850166025319339
18,9495372222436;5,04053419870857;0,823130141136687
18,9496761111325;5,02204955864843;0,822123259899143
18,9498152777992;5,0036548826518;0,836103919786012
18,9499538889103;5,0352132284242;0,827037795113142
18,9500927777992;5,01594640976828;0,829266641597314
18,9502316666881;5,03878576185599;0,827807589593988
18,950370555577;5,01122114216204;0,830323203069241
18,9505094444659;5,00661785707757;0,82414685314302
18,9506483333547;4,99443916670373;0,841056969001727
18,9507872222436;4,98217975420246;0,833639155528658
18,9509258333547;5,00341801238673;0,831399267512268
18,9510650000214;5,0036548826518;0,832245994393332
18,9512038889103;4,98744107526858;0,826090182360474
18,9513425000214;5,01264760819936;0,805379852026988
18,9514816666881;4,99593903186638;0,818226832665943
18,951620555577;4,97410501885196;0,806269770279044
18,9517597222436;4,97900746513284;0,821651628315834
18,9518986111325;4,98468740570772;0,809671068923308
18,9520372222436;4,96343532396224;0,815335894951914
18,9521761111325;4,99446227590138;0,829099898102186
18,9523147222436;4,98396963794474;0,819875079404795
18,9524538889103;4,9746134733378;0,815146627237738
18,9525925000214;4,97060597802428;0,829011544141451
18,9527313889103;4,95610595218659;0,803928772873491
18,952870555577;4,95989047845396;0,795849095157905
18,9530091666881;4,95326498228138;0,795493193105045
18,9531483333548;4,9494209969414;0,800446205840643
18,9532872222436;4,92189309844801;0,808459997251134
18,9534261111325;4,95346511800091;0,812840597144799
18,9535647222436;4,89984977183411;0,809721917177853
18,9537036111325;4,93406263430771;0,824058442317124
18,9538425000214;4,91231849897926;0,797842106200591
18,9539813889103;4,92520581449926;0,813095702812404
18,9541202777992;4,91698151512512;0,80371227523969
18,9542591666881;4,91783980079433;0,794189383342001
18,954398055577;4,90385729723704;0,80148335904812
18,9545369444659;4,92039322455031;0,791259856757421
18,9546758333547;4,94139200155402;0,786771666581501
18,9548147222436;4,88061082075461;0,788655757117311
18,9549536111325;4,92885443502755;0,771063694739979
18,9550925000214;4,8967513591185;0,793550970181229
18,9552316666881;4,90116332095539;0,772139484251653
18,9553702777992;4,91018381407915;0,796538381572304
18,9555091666881;4,90441635246412;0,781729278713925
18,955648055577;4,89617827125534;0,764059665151422
18,9557872222436;4,8795065345038;0,778316037943256
18,9559261111325;4,89029829029801;0,797250250206901
18,9560650000214;4,8713951695259;0,761107673099445
18,9562038889103;4,91231849897926;0,780200693749464
18,9563427777992;4,87454433580524;0,784028098356629
18,9564816666881;4,86020311696825;0,775633441329575
18,9566202777992;4,88438134549708;0,763545043772211
18,9567591666881;4,86563691525689;0,777851748430407
18,9568983333548;4,85430002681329;0,802942630004168
18,9570375000214;4,87323995518025;0,745342677841421
18,9571758333547;4,86438308950426;0,785537049848642
18,9573147222436;4,86232430304938;0,769070675489871
18,9574536111325;4,87194023616519;0,758692759685061
18,9575927777992;4,85651764291424;0,765530231171908
18,9577319444659;4,85211455962536;0,757358940056321
18,9578702777992;4,87724750646183;0,76113816530065
18,9580091666881;4,87064976614792;0,768664870609939
18,9581483333547;4,86974588136945;0,758542216704825
18,9582872222436;4,86933613652508;0,753372726444582
18,9584261111325;4,84424017816823;0,75062906939894
18,9585650000214;4,85130944363408;0,729505035412473
18,9587036111325;4,84603903172197;0,747858196089339
18,9588427777992;4,85029252308706;0,736284419911186
18,9589813889103;4,82565423977249;0,741651317168532
18,959120555577;4,82269126397978;0,730085616682743
18,9592591666881;4,82028737972558;0,758758687034316
18,9593986111325;4,84089066641081;0,72930778724978
18,9595372222436;4,83812296555061;0,748005930471891
18,9596761111325;4,8239450897324;0,72310090011942
18,9598150000214;4,81409458486357;0,747502278228353
18,9599536111325;4,81002726326909;0,735178328541082
18,9600927777992;4,80636461280892;0,719026423500395
18,9602316666881;4,79424567873457;0,712622259926263
18,960370555577;4,78817922873472;0,718810006772685
18,9605097222436;4,80620595204215;0,715683086646322
18,9606483333548;4,82083252403146;0,737546378224778
18,9607869444659;4,79289540484714;0,718829159219723
18,9609261111325;4,8047061386529;0,730019632162396
18,9610652777992;4,78873840433471;0,722114676653945
18,9612038889103;4,77313401523273;0,713906635046129
18,9613427777992;4,78832881159798;0,726060917620515
18,9614819444659;4,80722283764271;0,717772597747768
18,961620555577;4,77911310406182;0,713087251805717
18,9617594444659;4,7892834845666;0,696815410421323
18,9618986111325;4,78536583580521;0,69719055835543
18,9620372222436;4,78517955406173;0,732275998138192
18,9621761111325;4,76682156853343;0,719905223662749
18,9623147222436;4,79349125829359;0,720496800479339
18,9624538889103;4,76927608984002;0,704747731536315
18,9625927777992;4,78096273989718;0,707611308808822
18,9627316666881;4,76832143369606;0,687284447761982
18,962870555577;4,7867302015122;0,731281665834445
18,9630094444659;4,75456215603214;0,694153571666362
18,9631483333547;4,79344056274331;0,698592186862584
18,9632875000214;4,76738071047834;0,711310572714979
18,9634261111325;4,7664857805446;0,699156229020616
18,9635650000214;4,76849402673821;0,702124479449225
18,9637038889103;4,76998481011839;0,707285903827113
18,9638427777992;4,74994978851558;0,705204478687989
18,9639819444659;4,76320968255069;0,701729865046275
18,9641208333548;4,76077817595279;0,686909194606045
18,9642591666881;4,74533745731887;0,688360305997435
18,964398055577;4,75806119685981;0,692790652122653
18,9645369444659;4,75050910263832;0,702666420749097
18,9646758333548;4,73913045446128;0,687076102405513
18,9648147222436;4,73470433963908;0,679510678958366
18,9649536111325;4,76282830841498;0,678365923271258
18,9650927777992;4,72438438921355;0,6789960795399
18,9652313889103;4,73877156989624;0,706299659073579
18,965370555577;4,70221474847477;0,695662454416379
18,9655094444659;4,7323095448634;0,658917695659824
18,965648055577;4,70619900966909;0,686503876973859
18,9657869444659;4,71669164762571;0,682579795488181
18,9659258333547;4,7260478303553;0,659547787136177
18,9660647222436;4,73833940795424;0,678788026188442
18,9662038889103;4,71298325332003;0,653225275096503
18,9663425000214;4,71081142759095;0,665538321340449
18,9664813889103;4,7219895944379;0,672731318787811
18,966620555577;4,71026625707563;0,678040355571909
18,9667591666881;4,70129658053759;0,656924591626648
18,9668983333547;4,69848315888368;0,669070679033837
18,9670372222436;4,70472239998003;0,655059770267087
18,9671758333547;4,69944694470223;0,662617032575497
18,9673147222436;4,70185584287239;0,675770354410446
18,9674536111325;4,69204430324163;0,65907629630766
18,967593055577;4,67267111807848;0,65886004143448
18,9677313889103;4,70416312081466;0,639469480219191
18,967870555577;4,68141114349126;0,641818555419462
18,9680094444659;4,67658873675038;0,65125956489112
18,968148055577;4,67568472470577;0,635928743951354
18,9682869444659;4,70069169255137;0,635572798412738
18,9684258333547;4,69920092664665;0,65484355586608
18,9685652777992;4,67248479330209;0,639628068696254
18,9687036111325;4,67257219395231;0,628429282584648
18,9688427777992;4,68251539932314;0,644827946291969
18,9689813889103;4,67418491552382;0,645517916680149
18,969120555577;4,65049238683213;0,641353332650255
18,9692597222436;4,66540144864112;0,623158890330728
18,9693986111325;4,65549117832956;0,633571497344434
18,9695369444659;4,65710390831688;0,637073499638461
18,9696761111325;4,63720444448307;0,633223763680178
18,9698147222436;4,642217221924;0,616696865297939
18,9699538889103;4,63123931382924;0,581178518387503
18,9700927777992;4,63500980815019;0,618306628679534
18,9702319444659;4,64311215606506;0,616836467119469
18,970370555577;4,6153612924148;0,612997581013815
18,9705094444659;4,66311956761916;0,611368765194584
18,9706483333547;4,63656045560069;0,618090292872154
18,9707872222436;4,63691046585177;0,621491370729331
18,9709258333547;4,60438336263604;0,60799509523207
18,9710650000214;4,60989065386485;0,607510839801876
18,9712038889103;4,63045733617022;0,610076211323872
18,9713427777992;4,59777181104744;0,609692891055772
18,9714816666881;4,61227204271577;0,608044483143402
18,971620555577;4,59166868604129;0,578531353889105
18,9717594444659;4,60403352555556;0,608764665554475
18,9718983333548;4,60217480307944;0,625133028095945
18,9720372222436;4,58234010947655;0,587226889730374
18,9721761111325;4,58540193594104;0,584521888093406
18,9723152777992;4,56966203410158;0,582222550314498
18,9724538889103;4,5654542716284;0,563041847428877
18,9725927777992;4,54335124016029;0,584631396273807
18,9727316666881;4,56435002000296;0,583070733574857
18,972870555577;4,56085097496884;0,578988121113895
18,9730094444659;4,59227355371058;0,558097093522491
18,973148055577;4,56155968165589;0,574774260761359
18,9732872222436;4,53919417104331;0,579155088165379
18,9734261111325;4,55623858577141;0,570177089942916
18,9735647222436;4,54903118073514;0,574101057036785
18,9737038889103;4,55935113116067;0,55877023609699
18,9738427777992;4,54888162375778;0,572534474655555
18,9739816666881;4,54776830749793;0,558255685955146
18,974120555577;4,5432016618268;0,56059487953263
18,9742594444659;4,53254597939792;0,537870837842178
18,9743983333547;4,54582000507463;0,570955016096804
18,9745369444659;4,55017214418476;0,549742877034589
18,9746761111325;4,53203756576261;0,574210468447177
18,9748150000214;4,55204500256326;0,573717736768685
18,9749541666881;4,53239646999731;0,569829462133328
18,9750927777992;4,53569513305519;0,553600802427326
18,9752316666881;4,50810805711239;0,525043235911397
18,975370555577;4,50168257625617;0,552355639772799
18,9755094444659;4,51089822327705;0,55276060602327
18,9756483333547;4,51726380017504;0,547412849337576
18,9757872222436;4,51416029522332;0,537980322285478
18,9759261111325;4,49065385409523;0,555435358760235
18,9760647222436;4,51401075119065;0,546821644870022
18,9762038889103;4,49271289971813;0,552149610416393
18,9763425000214;4,51818208010977;0,553086271386974
18,9764813889103;4,48621433050872;0,558809001707488
18,976620555577;4,49686988275334;0,503130639797519
18,9767591666881;4,47372233039709;0,533796644423376
18,976898055577;4,46435714808163;0,510482035565985
18,9770372222436;4,49289906633069;0,515760843212433
18,9771758333547;4,46935597389091;0,56862770028107
18,9773147222436;4,47360943936712;0,535089320690759
18,9774536111325;4,4843781247921;0,51335414208819
18,9775927777992;4,4673567534991;0,527906832955267
18,9777313889103;4,4862874888511;0,526406546107353
18,9778702777992;4,46857397486849;0,537298612410524
18,9780091666881;4,44620842153461;0,519293103241438
18,978148055577;4,45467869980808;0,52868489327804
18,9782869444659;4,4757814148592;0,541622222532084
18,9784258333547;4,42491957417917;0,527334619390587
18,9785647222436;4,4410966703893;0,515602279080412
18,9787038889103;4,46034971328831;0,512642218078383
18,9788425000214;4,46149059654971;0,521809304020451
18,9789813889103;4,45134352268096;0,520564293636824
18,979120555577;4,45338823957275;0,50016208514046
18,9792594444659;4,44982938929979;0,523682869455939
18,979398055577;4,42637380561143;0,510068381876039
18,9795372222436;4,42101611862023;0,520358068863828
18,9796761111325;4,42873196940567;0,492080122289849
18,9798150000214;4,43062719340799;0,503869950944306
18,9799536111325;4,41345871175812;0,494122141048592
18,9800927777992;4,42102504440325;0,517792838844969
18,9802316666881;4,41731663715086;0,483476557816971
18,9803702777992;4,38980273986741;0,479213584917801
18,9805091666881;4,42142054176546;0,492810689371993
18,980648055577;4,43423915705725;0,519085600038835
18,9807869444659;4,41345871175812;0,499757037634055
18,9809261111325;4,41456301937046;0,511013770776231
18,9810650000214;4,4000628563239;0,486414934863546
18,9812036111325;4,39841351637878;0,487285406265073
18,9813427777992;4,40834696061279;0,479271163431406
18,9814813889103;4,39401956665424;0,504384465550118
18,981620555577;4,3824823948593;0,489850627084024
18,9817594444659;4,39180197773734;0,501947646103361
18,9818983333547;4,41259139219704;0,469474440018132
18,9820372222436;4,39330176523342;0,484541482665122
18,9821758333547;4,39435528046135;0,499541025647432
18,9823150000214;4,38047416330264;0,469632959405203
18,9824536111325;4,37582013898168;0,501947646103361
18,9825925000214;4,37231199267359;0,475355659525064
18,9827316666881;4,39571982741052;0,494064515124592
18,9828702777992;4,38139248104079;0,492050059150415
18,9830094444659;4,37966895605445;0,478285609347154
18,9831483333547;4,38874941496522;0,483129088824086
18,9832872222436;4,38904837743692;0,478315729727001
18,9834261111325;4,37873738322369;0,485459597964024
18,9835650000214;4,36723694598274;0,481404193387107
18,9837038889103;4,37416166482564;0,490541314593997
18,9838427777992;4,34497085710916;0,487285406265073
18,9839816666881;4,3738626246612;0,475197131918463
18,984120555577;4,33172448550576;0,491825174862015
18,9842591666881;4,34189490937547;0,468576591456326
18,9843983333548;4,34150840318395;0,472228414444913
18,9845375000214;4,34646171040598;0,482341024817032
18,9846761111325;4,35272328217565;0,472760432186817
18,984815555577;4,34751508289548;0,484690197430922
18,9849538889103;4,36521533828852;0,471123235032678
18,9850933333548;4,32677135176576;0,478641590495954
18,9852316666881;4,34221726522554;0,47317385820179
18,9853708333548;4,32165052271688;0,480251398683862
18,9855097222436;4,317942149771;0,463051397853434
18,9856483333547;4,34055365255105;0,443339429408638
18,9857875000214;4,33800043002205;0,476292442241743
18,9859261111325;4,33339708093101;0,458771130979528
18,9860650000214;4,31965131106301;0,455551531721824
18,9862041666881;4,33268825773297;0,458987223942302
18,9863427777992;4,30639160318196;0,462123552605647
18,9864819444659;4,33189731480007;0,456646838087352
18,9866208333547;4,31727103995621;0,464661209999832
18,9867597222436;4,30929472615477;0,443862834216446
18,9868986111325;4,32311370478655;0,447038843329864
18,9870375000214;4,30142043144599;0,447778187354231
18,9871761111325;4,3018158679522;0,446269422395147
18,9873150000214;4,29449550546605;0,444246209881413
18,9874541666881;4,2833839029866;0,449612879830539
18,9875927777992;4,27616756595444;0,425400076332494
18,9877319444659;4,30001713093273;0,440960181172613
18,9878708333548;4,25877311151882;0,443722788021745
18,9880091666881;4,26794333649892;0,414349704962149
18,9881483333548;4,2684882089145;0,413461662536861
18,9882869444659;4,27321344480461;0,432149011843592
18,9884258333547;4,26534810177569;0,438197586502298
18,9885647222436;4,25362484630421;0,414565635958297
18,9887038889103;4,25581010764407;0,420830203187336
18,9888425000214;4,28613749487022;0,431418607950604
18,9889816666881;4,24955749039401;0,448816122611163
18,9891202777992;4,25392381784104;0,437545908121308
18,9892591666881;4,26293006866018;0,447206302546618
18,9893983333547;4,26716146568384;0,42999733752913
18,9895372222436;4,23798371421586;0,42649539061361
18,9896761111325;4,22751428028801;0,454341259574306
18,9898147222436;4,25472040167409;0,430895186090964
18,9899536111325;4,20601598177342;0,403545096988239
18,9900927777992;4,24238661594393;0,425528479601724
18,9902319444659;4,21983495335698;0,438553571609674
18,990370555577;4,22972300364225;0,428272669894938
18,9905097222436;4,22441068858674;0,405510910077879
18,990648055577;4,22901403767781;0,429575061199927
18,9907869444659;4,22661936855519;0,418476367924114
18,9909258333547;4,23376688038002;0,427129252998895
18,9910652777992;4,20347181619888;0,415977977140244
18,9912038889103;4,22234260486223;0,412317514795404
18,9913427777992;4,218730641213;0,41049177956944
18,9914816666881;4,19282947560799;0,433600311535969
18,991620555577;4,2067703588433;0,415304977311024
18,9917594444659;4,22108877910961;0,398336897708049
18,9918983333548;4,1694815651515;0,442055511894978
18,9920372222436;4,20065828604129;0,411745605322039
18,9921761111325;4,17826508906654;0,404443164717009
18,9923150000214;4,16945950511331;0,426988895513659
18,9924538889103;4,1891210638239;0,421868044286214
18,9925927777992;4,17479367439699;0,386023755512184
18,9927316666881;4,16979488289957;0,413523030791481
18,9928702777992;4,17239898253968;0,398366932223439
18,9930094444659;4,18436821270518;0,386437173610005
18,9931483333547;4,17536199199054;0,407906153121758
18,9932872222436;4,15421369782638;0,414685056588041
18,9934261111325;4,16722733722023;0,395050868999249
18,9935647222436;4,14389374740085;0,396858171222846
18,9937038889103;4,16122066034887;0,384030569292065
18,9938427777992;4,13675944827094;0,392653359518476
18,9939816666881;4,13581898396362;0,397654968639358
18,994120555577;4,13017123373723;0,381848908882432
18,9942591666881;4,12535845412873;0,398842551195287
18,994398055577;4,12780419660848;0,371005472039144
18,9945369444659;4,1437807705949;0,380854633266409
18,9946758333547;4,14117667095482;0,401494534117433
18,9948152777992;4,13913207579529;0,38878633404363
18,9949538889103;4,10831402120289;0,389094181248538
18,9950927777992;4,10511402474523;0,377736093011151
18,9952316666881;4,10241146568262;0,379619167428416
18,995370555577;4,10806807661612;0,367455304605414
18,9955094444659;4,11954358998113;0,365282796579947
18,9956483333548;4,09563592867272;0,384198118043969
18,9957872222436;4,11637988223936;0,368598867721204
18,9959261111325;4,10641884867488;0,373719737459396
18,9960650000214;4,10331523528154;0,36767103306417
18,9962041666881;4,09489052245453;0,387541608373112
18,9963427777992;4,10259741702765;0,383300294522684
18,9964816666881;4,09944844497201;0,369140721972627
18,9966208333548;4,08692870539394;0,373522166674036
18,9967597222436;4,07939900723159;0,372465911706797
18,9968983333547;4,07095207895904;0,376592798593691
18,9970372222436;4,08385277902366;0,376323837099505
18,9971761111325;4,06233249322128;0,370948044294096
18,9973150000214;4,072107739301;0,357764452010542
18,9974541666881;4,05945140091475;0,356611705725214
18,9975927777992;4,08126319490452;0,349890134515334
18,9977319444659;4,07245183213979;0,351667592882393
18,9978708333547;4,08717467166909;0,3412465036605
18,9980091666881;4,07301137029538;0,361376676560724
18,9981483333547;4,05606530225219;0,367781491275707
18,9982872222436;4,0713474986307;0,352595329764767
18,9984261111325;4,05095355110686;0,359955182278753
18,9985652777992;4,03587183640479;0,361218279000695
18,9987041666881;4,05166245199547;0,337845727216319
18,9988427777992;4,07004834400675;0,347127580347973
18,9989819444659;4,05336281668323;0,352407000022623
18,9991208333548;4,05666122075814;0,325291234050212
18,9992597222436;4,04709562571415;0,367886896220028
18,9993986111325;4,03356482853661;0,32800562191369
18,9995372222436;4,03662617009621;0,332180378987658
18,9996761111325;4,03722211029222;0,357351082638672
18,9998150000214;4,01511895874779;0,309859532479351
18,9999536111325;4,03977527229088;0,313462539068297
19,0000927777992;4,03605787386783;0,359907271270231
19,0002316666881;4,01401463365551;0,308332597962021
19,000370555577;4,05094462532384;0,322995041860452
19,0005094444659;4,00521788094056;0,30006315009328
19,0006483333548;4,03311826621325;0,30296599685613
19,0007869444659;4,02193989222371;0,288471353951991
19,0009261111325;4,01036611604553;0,328462811080158
19,0010647222436;4,02785705746834;0,3222556238197
19,0012038889103;4,00665768710479;0,319334757093714
19,0013425000214;4,02029066428247;0,331291943058375
19,0014816666881;3,99570343495881;0,311205739848674
19,0016202777992;4,01182937231565;0,298012647536495
19,0017591666881;4,01072502585632;0,298761556238361
19,0018983333547;3,99860640251777;0,316946264347962
19,0020369444659;3,98446498054682;0,28952753907862
19,0021758333547;4,00853103688959;0,307620578944949
19,0023147222436;3,99953776946589;0,314241025911485
19,0024538889103;3,9977391101522;0,293640306204964
19,0025927777992;3,99859762891947;0,314539773034255
19,0027316666881;3,99056809292779;0,304219822608758
19,0028702777992;3,96186236568025;0,297666079285307
19,0030094444659;3,97285475052138;0,279304036787948
19,003148055577;3,98261521459818;0,289171522291696
19,0032872222436;3,99056809292779;0,306665532611277
19,0034261111325;3,9886729854793;0,299649870277221
19,0035647222436;3,97472658177679;0,282282231136293
19,0037041666881;3,99806167193742;0,262085717725711
19,0038425000214;3,95930930508155;0,277993038268392
19,0039816666881;3,97378611746947;0,288264423841184
19,0041202777992;3,96852489156348;0,290354082866088
19,0042594444659;3,97199629263585;0,269723509956748
19,0043983333548;3,95528741531137;0,257991360596719
19,0045372222436;3,92659609965608;0,27029515077038
19,0046761111325;3,96208651765033;0,273168253041518
19,0048150000214;3,92363308736418;0,263973527708259
19,0049536111325;3,92234279797751;0,260331209209824
19,0050927777992;3,94904939938726;0,251559140998154
19,0052319444659;3,94845337241242;0,239797198394513
19,0053702777992;3,92087951296344;0,256886580084256
19,0055094444659;3,940737521627;0,23831832384667
19,0056483333547;3,93856530392333;0,252567703382027
19,0057872222436;3,94427298821518;0,2723276095968
19,0059261111325;3,93245328914159;0,262411676235502
19,0060650000214;3,92916374544885;0,267532641382843
19,0062041666881;3,90565727065405;0,241921435846535
19,0063427777992;3,92018529531245;0,25558492863783
19,0064816666881;3,93284869974809;0,233008932075336
19,0066208333548;3,93215437847601;0,246558164369787
19,0067594444659;3,9004759428426;0,218615530423449
19,0068983333547;3,89867236017326;0,239374508973327
19,0070372222436;3,90043953943905;0,240469953316023
19,0071761111325;3,90801547751261;0,251116177638295
19,0073150000214;3,90380746131956;0,248766874932613
19,0074538889103;3,87322456810224;0,22758520696155
19,0075927777992;3,88504424127174;0,229833276641472
19,0077316666881;3,90656104025297;0,230347659668382
19,007870555577;3,89401391780981;0,228381783207624
19,0080094444659;3,88755189277703;0,225038251745161
19,0081483333548;3,89276009205716;0,200421388338185
19,0082872222436;3,87236610114999;0,215554181276843
19,0084261111325;3,86812165143695;0,221031627011371
19,0085650000214;3,91041896564565;0,226714799529361
19,0087036111325;3,8717701463122;0,214290970605362
19,0088427777992;3,87272501801104;0,231087102394099
19,0089816666881;3,84858610999626;0,214569601978553
19,009120555577;3,88154523694953;0,212725049298626
19,0092594444659;3,87764220523508;0,220776878854252
19,0093983333547;3,84843665660625;0,198455496027691
19,0095372222436;3,85638960487609;0,23203409158009
19,0096761111325;3,87032160961158;0,218417857492312
19,0098150000214;3,81685540995545;0,195636019539592
19,0099538889103;3,83800368947661;0,218998948743945
19,010093055577;3,83118274758274;0,184307368348612
19,0102316666881;3,84865914791661;0,196405134264495
19,0103708333548;3,83264603259687;0,210375787430905
19,0105097222436;3,82236254580533;0,188135545602165
19,0106483333547;3,82507963941097;0,187967653115351
19,0107872222436;3,82899758920598;0,218316654098771
19,0109263889103;3,84257065854828;0,183576935983922
19,0110652777992;3,80513218492081;0,191451711800141
19,0112038889103;3,8229309061347;0,184576593465124
19,011343055577;3,84571954026202;0,224419589613944
19,0114816666881;3,82804265728004;0,16457488409128
19,0116208333548;3,81467028590555;0,182640376136362
19,0117591666881;3,81590052077254;0,185531445962113
19,0118983333548;3,78704528412436;0,179165869064121
19,0120372222436;3,80395507124842;0,192930635727748
19,0121761111325;3,8160735391404;0,185205172065366
19,0123150000214;3,81670596109896;0,199907021771423
19,0124536111325;3,80013347922841;0,181131761374616
19,0125927777992;3,78178403652709;0,169360296110625
19,0127316666881;3,79957390610087;0,164406901994255
19,012870555577;3,81461023138593;0,182751443295814
19,0130094444659;3,79296241051662;0,161486100488219
19,0131486111325;3,76867404911181;0,164829656639114
19,0132869444659;3,79403038505455;0,160558646480524
19,0134261111325;3,77235900341105;0,168687582031794
19,0135650000214;3,8160735391404;0,166083482391713
19,0137036111325;3,76765732084357;0,156730383265653
19,0138425000214;3,79040959212512;0,184388712979995
19,0139816666881;3,76301756738613;0,159621457358924
19,014120555577;3,76996432871178;0,140331830395326
19,0142594444659;3,77151524623628;0,170653482268079
19,0143983333547;3,7351448108744;0,147889356767763
19,0145372222436;3,76930647949021;0,166637240389036
19,0146761111325;3,75882256468725;0,148601439178037
19,0148147222436;3,73860143350885;0,16419145723529
19,0149538889103;3,73679391770185;0,146252104159146
19,0150925000214;3,78179885349903;0,158565347754347
19,0152316666881;3,7332348770683;0,164614320339496
19,015370555577;3,73454874755222;0,156018316707815
19,0155091666881;3,75183908135165;0,160548976601547
19,0156483333548;3,75512860367198;0,135902520214472
19,0157869444659;3,71804908544135;0,147318008567481
19,0159261111325;3,73413865792699;0,138123184461591
19,0160650000214;3,71962540432247;0,142888844756726
19,0162038889103;3,73090033849172;0,135163039008717
19,0163427777992;3,73945983958978;0,142918363616047
19,0164816666881;3,73715284719228;0,167319741724981
19,016620555577;3,72166110089017;0,141981109854328
19,0167594444659;3,71520794077418;0,134806994484109
19,0168983333547;3,73108614663354;0,151158594430683
19,0170372222436;3,72337029584813;0,110761660899811
19,0171761111325;3,72192197969684;0,116088788893194
19,0173150000214;3,70443959132305;0,143806333200047
19,0174538889103;3,71451365317711;0,145896066273394
19,017593055577;3,69868666146257;0,135942013179488
19,0177316666881;3,71175141334822;0,129853555556821
19,0178702777992;3,69923139204289;0,124328744036319
19,0180094444659;3,6839856278217;0,140885588392621
19,0181483333547;3,69336539398492;0,117550155551157
19,0182872222436;3,69450617428464;0,129470128700859
19,0184266666881;3,71450491002338;0,143301807547573
19,0185652777992;3,69246178638465;0,125463803290756
19,0187038889103;3,70096819931743;0,125107742908597
19,0188427777992;3,66600979078589;0,129329548749581
19,0189816666881;3,68664088759652;0,11259668003305
19,019120555577;3,68508997007197;0,119001778257967
19,0192594444659;3,69636481809914;0,128216302948204
19,0193983333548;3,66104750598282;0,124469591074273
19,0195372222436;3,69557422097182;0,126660768186923
19,0196763889103;3,67867916572837;0,128226162394071
19,0198150000214;3,66139759678316;0,0903195137672981
19,0199536111325;3,69361127381237;0,126344342606046
19,0200927777992;3,67411217042491;0,126875888506618
19,0202316666881;3,66529195569592;0,104554392256347
19,0203708333548;3,65722609465945;0,119899543628378
19,0205094444659;3,65864406545052;0,132964574327275
19,0206483333547;3,66175652343171;0,133122793219741
19,0207872222436;3,65643529028449;0,114562611979579
19,0209261111325;3,66035327019688;0,137138949707804
19,0210650000214;3,65628584563783;0,119583053373674
19,0212041666881;3,67261244768099;0,0852077626219909
19,021343055577;3,64932426346243;0,124882562405048
19,0214816666881;3,64143548885386;0,100236613075026
19,021620555577;3,64395783719391;0,0988615023749162
19,0217597222436;3,64654723999919;0,107101489225613
19,0218983333547;3,64510741984074;0,112895814896177
19,0220372222436;3,64931545942196;0,111454313007869
19,0221763889103;3,6388460860486;0,101163795420717
19,0223152777992;3,64725615448495;0,0898152491601536
19,0224541666881;3,63333907974126;0,113833166256143
19,022593055577;3,63034842857616;0,0895900192425643
19,0227316666881;3,64357129473856;0,0820993983747371
19,022870555577;3,62538607900095;0,100451665436822
19,0230094444659;3,61678816194973;0,0973058700280376
19,0231486111325;3,62978873497397;0,0817332768912706
19,0232875000214;3,61735650091032;0,10319679024974
19,0234261111325;3,61935576784435;0,0789709016240181
19,0235650000214;3,61749711528682;0,0729044919190756
19,0237036111325;3,64476347184251;0,0655720978756165
19,0238425000214;3,60208912507449;0,0854877303900139
19,0239816666881;3,62342315807604;0,104507420115993
19,024120555577;3,63274299471669;0,109374854555256
19,0242594444659;3,60834161660776;0,0830266239708806
19,0243983333547;3,60263381678831;0,104975288927619
19,0245372222436;3,59106004061016;0,111296110590956
19,0246761111325;3,61350489129069;0,0884649752727285
19,0248150000214;3,62545887601613;0,0844387091867702
19,0249538889103;3,61734766643028;0,0923523621799234
19,0250927777992;3,59967079049969;0,0526480478100098
19,0252316666881;3,59175432820723;0,0744849610786673
19,025370555577;3,59716313899443;0,0800095938722052
19,0255094444659;3,6068870841425;0,0565456080025228
19,025648055577;3,60278325722498;0,0945538550629408
19,0257869444659;3,60412475751411;0,097830396486188
19,0259258333547;3,57505993596692;0,0623969062382912
19,0260650000214;3,58394023849883;0,0756668348564631
19,0262038889103;3,57726870271301;0,0808355035914303
19,0263425000214;3,59820748832323;0,0869961783149336
19,0264813889103;3,5859482894648;0,0684754617152805
19,0266208333548;3,57066602833058;0,0726498126888941
19,0267594444659;3,60924528225777;0,0953949212303939
19,026898055577;3,60167888486239;0,0658713620751712
19,0270372222436;3,58203033966981;0,0928768398242141
19,0271758333548;3,57577777947597;0,0695710929845177
19,0273147222436;3,59710312437966;0,0789242433505422
19,0274538889103;3,55815228325469;0,0695710929845177
19,0275927777992;3,54144298432857;0,0690171336879644
19,0277316666881;3,60263381678831;0,0614889590382006
19,027870555577;3,58247690199312;0,0524330360248655
19,0280094444659;3,57597853379758;0,0811448691626708
19,0281483333547;3,56791248825388;0,0741685763841531
19,0282872222436;3,54936832870177;0,0695417748754323
19,0284263889103;3,53304173223722;0,052630935248942
19,0285652777992;3,56183700114212;0,0338852831018812
19,0287041666881;3,53654072677099;0,0510210240278468
19,028843055577;3,54371191207935;0,0573971264264515
19,0289816666881;3,52727394299038;0,0346353666093933
19,029120555577;3,56130103573889;0,0568156673031979
19,0292591666881;3,53979385159056;0,0456546507102189
19,0293983333547;3,52712447664811;0,0646175363225439
19,0295375000214;3,54460679570877;0,035166165621888
19,0296761111325;3,53428684528325;0,0302526535322158
19,0298152777992;3,55232264649419;0,04364493340492
19,0299541666881;3,53609415318616;0,0273786364877253
19,0300927777992;3,53599606129393;0,0465817351116016
19,0302316666881;3,52145924335247;0,0498857213455324
19,030370555577;3,51154332168718;-0,000323453170267385
19,0305094444659;3,50135453207577;0,0415988151760303
19,0306483333548;3,50711701459454;0,0239781819829545
19,0307872222436;3,51510095599627;0,0217972391780279
19,0309263889103;3,53082417505249;0,0309355703849974
19,0310650000214;3,51663160239946;0,0337838481854646
19,0312038889103;3,51253307900714;0,0399321974863653
19,0313425000214;3,50783484968451;0,0181542849904304
19,0314819444659;3,50080993171119;0,035889192362049
19,0316208333548;3,50686156429589;0,0368161567470509
19,0317597222436;3,48978949905134;0,0495125761029271
19,0318983333548;3,5194599267943;0,0210681681447795
19,0320372222436;3,51816982792127;0,0151876226892682
19,0321761111325;3,51665507283255;0,0325853672793528
19,0323150000214;3,48532676718267;0,0354041813736217
19,0324541666881;3,49529659215818;0,0149622444523345
19,032593055577;3,4937880912824;0,0156452950162418
19,0327316666881;3,50352717981815;-0,0121249491987783
19,032870555577;3,4717536978404;-0,00730701085328178
19,0330094444659;3,49107974853649;0,0233056993098728
19,033148055577;3,4906480346603;-0,00524680761205332
19,0332875000214;3,48613237559306;0,0225368027467994
19,0334263889103;3,51464700016734;0,0375955702686781
19,0335650000214;3,47228967166413;0,024886288454752
19,0337041666881;3,47264859694448;0,00130933460778238
19,033843055577;3,47800624087137;0,00945458688389067
19,0339819444659;3,4834769144552;0,0146627861640525
19,034120555577;3,45436546884113;0,0138834944248742
19,0342597222436;3,49750534983679;-0,0113740558700215
19,0343986111325;3,471768907052;0,0111609528854899
19,0345375000214;3,45191937916297;0,00986737882087141
19,0346761111325;3,45942569644887;-0,0193905242185224
19,0348152777992;3,45266487281123;0,03883653753104
19,0349538889103;3,45987239739654;0,0226324326040981
19,035093055577;3,4710596175141;-0,0182521172217776
19,0352316666881;3,44034560298482;0,0188201698450712
19,0353702777992;3,44069590172717;-0,00508899501295446
19,0355094444659;3,47070067402217;0,00407151883808865
19,035648055577;3,45451482699858;-0,00047655553996151
19,0357869444659;3,43221951198726;-0,00260017835563531
19,0359258333547;3,41974203550649;-0,0175423781587085
19,0360650000214;3,42966671327878;0,00188007315588834
19,0362036111325;3,41427135487066;-0,0236519225819052
19,0363425000214;3,43101698716623;-0,0083287887251231
19,0364816666881;3,42073337990345;-0,0179123741979481
19,0366202777992;3,43113008969948;-0,0177367288664527
19,0367594444659;3,44239000902277;-0,0329344920252765
19,0368983333547;3,41319073662333;-0,00503024317009704
19,0370369444659;3,41624304097269;-0,019585045003339
19,0371758333547;3,43186059375827;-0,0314455082379368
19,0373150000214;3,41964414030667;-0,0298894284978246
19,0374538889103;3,39901286080507;-0,0133111906066574
19,0375927777992;3,41184046273585;-0,0224660618280836
19,0377316666881;3,41924245666647;-0,0151481137075109
19,037870555577;3,39936319421474;-0,0270085515615222
19,0380094444659;3,41073602559572;-0,00680310333282819
19,0381483333547;3,38983363359898;-0,0210049392968585
19,0382869444659;3,40346692168742;-0,0186221008875123
19,0384261111325;3,37880456176663;-0,0135341439844296
19,0385650000214;3,40437044869773;-0,0476426842230921
19,0387038889103;3,3837668812194;-0,0426715059330434
19,0388427777992;3,37711913420139;-0,0499667780778168
19,0389816666881;3,39519123866015;-0,0402190634371777
19,0391202777992;3,36241793668938;-0,0259173730323141
19,0392594444659;3,39530432402483;-0,0214919194999084
19,0393983333548;3,3709029459159;-0,0252944096143608
19,0395369444659;3,38080385208886;-0,0411631025812369
19,0396761111325;3,39112380251436;-0,0461342358887862
19,0398147222436;3,37805032950089;-0,023047639147336
19,0399538889103;3,3975494843844;-0,0365506631081871
19,040093055577;3,36266385537562;-0,0161810092190251
19,0402316666881;3,3893252986519;-0,028164198720475
19,0403702777992;3,38322221574231;-0,0450070803349263
19,0405094444659;3,36483618511477;-0,0457055724000099
19,040648055577;3,37389359708106;-0,0459113109948817
19,0407872222436;3,38558048738233;-0,038409747529272
19,0409261111325;3,39500555975877;-0,0262572747951708
19,0410650000214;3,36287973997253;-0,025118795771732
19,0412038889103;3,36011097642478;-0,041738812151948
19,0413427777992;3,35618049500312;-0,0247014344994341
19,0414819444659;3,34900921931222;-0,0538108364347067
19,041620555577;3,37730485618661;-0,0484111304676276
19,0417594444659;3,35547124434504;-0,0442386484387498
19,0418983333547;3,35435813790571;-0,0427187988171625
19,0420372222436;3,35490277714459;-0,0268916848077367
19,0421761111325;3,33880119839083;-0,0418727655047633
19,0423152777992;3,31979490615478;-0,0658054065955866
19,0424538889103;3,34904555268494;-0,0444028962934055
19,0425925000214;3,36498561259697;-0,0554533803439483
19,0427313889103;3,3363310189516;-0,0646970386682142
19,042870555577;3,35286714470496;-0,0814096880538386
19,0430097222436;3,32681672844251;-0,0654182348719416
19,0431486111325;3,32957020373615;-0,049760921742859
19,0432875000214;3,34774674175515;-0,0641042672737626
19,0434261111325;3,34724706145525;-0,089426156402368
19,0435650000214;3,32815841143804;-0,0644911823332279
19,0437038889103;3,32957020373615;-0,031228283313169
19,0438425000214;3,32116047996533;-0,0459700134177297
19,0439816666881;3,33928538266971;-0,0684523013388798
19,044120555577;3,29819847723726;-0,0716618375936662
19,0442597222436;3,31162222931056;-0,0512694541844212
19,0443983333547;3,31327123247331;-0,0732176058627658
19,0445372222436;3,29704266985215;-0,0509109276593449
19,0446763889103;3,32445845259085;-0,0782001092828182
19,0448150000214;3,31381587171217;-0,0628066404336209
19,0449538889103;3,29503459718691;-0,0917030084649468
19,045093055577;3,30145163704253;-0,0944388182074647
19,0452316666881;3,31192095858586;-0,096345692704034
19,0453708333547;3,30110134956647;-0,0801372039707644
19,0455097222436;3,29996062634706;-0,0688809648276845
19,0456483333547;3,29855742494087;-0,0824311280172765
19,0457872222436;3,33162976716156;-0,0536049969241503
19,0459261111325;3,31593698076205;-0,0641211615371446
19,0460650000214;3,30680920744047;-0,0982297512886987
19,0462041666881;3,30721985908315;-0,077830109118338
19,046343055577;3,31246559782471;-0,0856708703181539
19,0464819444659;3,29540882796894;-0,0696964198391186
19,0466208333548;3,28987786086435;-0,0760873483177988
19,0467597222436;3,29759371164982;-0,111034440273102
19,0468986111325;3,29831161411238;-0,0801540982341464
19,0470372222436;3,27737302675797;-0,0900491198203213
19,0471763889103;3,29926675336165;-0,0703478507119542
19,0473152777992;3,28085672136868;-0,101497945212031
19,0474536111325;3,27780440438633;-0,0967212020213424
19,0475927777992;3,28862403511175;-0,0965570557272599
19,0477313889103;3,29484887520175;-0,101275245082519
19,0478702777992;3,29705778835975;-0,0908642796534309
19,0480094444659;3,28106623770088;-0,0695793787635353
19,0481483333547;3,28877340622955;-0,118669403149767
19,0482872222436;3,27040271336358;-0,0910402668170036
19,0484258333547;3,26231256771939;-0,103006483121789
19,0485650000214;3,27774426929025;-0,0913517959269825
19,0487036111325;3,25279825194247;-0,100506764564756
19,0488425000214;3,26873827971343;-0,110518810087143
19,0489816666881;3,27002841850484;-0,0883347087494144
19,0491202777992;3,25540235158255;-0,0915860922113154
19,0492591666881;3,26787970070046;-0,0966155124185661
19,0493983333547;3,28802790667703;-0,112531467087507
19,0495372222436;3,25722470867993;-0,112960011879039
19,0496758333547;3,2774454622631;-0,0976955728409052
19,0498147222436;3,26176792848054;-0,0984640647142783
19,0499538889103;3,27516406175607;-0,100905236666449
19,050093055577;3,27795379721016;-0,134526446037682
19,0502316666881;3,26177661073731;-0,118282451025323
19,050370555577;3,2573654804817;-0,102237985462921
19,0505091666881;3,24759873491911;-0,120829034229018
19,0506483333548;3,2443524442188;-0,106304685924925
19,0507872222436;3,26413486067247;-0,120072285110723
19,0509258333547;3,26287238311536;-0,137660413637803
19,0510650000214;3,25901445772263;-0,103094922654748
19,0512038889103;3,24799402506278;-0,0998432165706049
19,0513427777992;3,25375334841982;-0,110682947808925
19,0514816666881;3,25462060903985;-0,122988462067099
19,051620555577;3,24263639830042;-0,119097906036785
19,0517594444659;3,23536722506645;-0,14118180152019
19,0518983333547;3,25021822520154;-0,10809413552866
19,0520372222436;3,23462173141817;-0,112425833431246
19,0521761111325;3,24879095543193;-0,101586306069549
19,0523150000214;3,26218711009264;-0,11599385808978
19,0524538889103;3,24139787247088;-0,138416874386849
19,0525927777992;3,25279825194247;-0,130518211863404
19,0527316666881;3,23868060160811;-0,117795229930124
19,052870555577;3,22815105458091;-0,149198269868691
19,0530094444659;3,24705412094806;-0,127102470004672
19,053148055577;3,23206923559181;-0,105002009818293
19,0532872222436;3,23918890746899;-0,109720275363657
19,0534261111325;3,24044273322161;-0,111821486193804
19,0535650000214;3,24013554721409;-0,0654069433803954
19,0537038889103;3,26532712459795;-0,0243970148924006
19,0538427777992;3,23186824316562;0,0658925812256825
19,0539816666881;3,22854625791041;0,271882378441433
19,054120555577;3,21863689432078;0,422131779251885
19,0542594444659;3,23787487657171;0,488054494200895
19,0543983333548;3,21363834316878;0,551289500076223
19,0545372222436;3,23241289600972;0,553497175230063
19,0546761111325;3,22429312918817;0,571109242083935
19,0548147222436;3,22044385559994;0,587846468104942
19,0549538889103;3,21768174599794;0,607451942196775
19,0550927777992;3,25686575676423;0,591336725407814
19,0552316666881;3,20672845076029;0,596234330901353
19,0553708333548;3,21954032858966;0,604175823888482
19,0555100000214;3,24308307585187;0,601244307205462
19,0556486111325;3,22004864319908;0,597900492881365
19,0557872222436;3,22084592025053;0,589512589120631
19,0559261111325;3,20424299558798;0,637745144855955
19,0560650000214;3,2138238206052;0,648121198520016
19,0562038889103;3,195252104529;0,624804228189646
19,0563427777992;3,21903201988536;0,637959181747419
19,0564816666881;3,20249585071934;0,639095418743381
19,056620555577;3,22324890003725;0,637117708117245
19,0567597222436;3,2389949558131;0,65265116306341
19,0568983333547;3,21131616909994;0,651753498219563
19,0570372222436;3,21146552725739;0,650301465691683
19,0571761111325;3,20796655241151;0,639767410269513
19,0573152777992;3,21828650283703;0,653645277333567
19,0574538889103;3,21113069166353;0,638671510221258
19,0575927777992;3,19896069315104;0,660265260473523
19,0577319444659;3,2116751238591;0,66171728773628
19,0578708333548;3,20580929239;0,649161028045711
19,0580094444659;3,19276029737728;0,69017481421406
19,0581486111325;3,19642902901603;0,663654702071852
19,0582872222436;3,20305587347977;0,660407311120537
19,0584263889103;3,20046030380917;0,660790879026592
19,0585650000214;3,19769836789422;0,670359634722729
19,0587038889103;3,17799802447556;0,656549385727828
19,0588427777992;3,18281107226741;0,674302167685539
19,0589819444659;3,19369114916179;0,677064152057341
19,0591208333548;3,20377380964572;0,656023784293183
19,0592594444659;3,172910406504;0,651025371728281
19,059398055577;3,13872496755621;0,657447042623517
19,0595375000214;3,18092489194004;0,673776402381577
19,0596761111325;3,17324522387707;0,67695078779704
19,0598147222436;3,19234934431077;0,677634327774285
19,0599536111325;3,16659769231435;0,670444242292831
19,0600927777992;3,2089216832355;0,665886994824234
19,0602316666881;3,18717729761531;0,670116727104642
19,060370555577;3,18021556351925;0,675240260674684
19,0605091666881;3,18448418268216;0,693433922150405
19,0606483333547;3,17891701463435;0,660892697212262
19,0607869444659;3,19124484236556;0,686700452447155
19,0609261111325;3,17545418045367;0,687016331980601
19,0610650000214;3,17966256668328;0,672720826744751
19,0612036111325;3,18367832835082;0,694416303232629
19,0613427777992;3,1462915120363;0,710005938456419
19,0614816666881;3,17365596139726;0,649889121516651
19,061620555577;3,18262563793536;0,667241407509522
19,0617594444659;3,17219247033805;0,677590064150309
19,0618983333548;3,17550606757806;0,682374201936682
19,0620372222436;3,16352144530384;0,683570783162395
19,0621761111325;3,16668567141278;0,728183879582559
19,0623152777992;3,14940388538005;0,7024322275862
19,0624538889103;3,17966256668328;0,698218125386774
19,0625925000214;3,15761954673988;0,658028870192169
19,0627316666881;3,16869351234362;0,708853898481436
19,062870555577;3,18498400031504;0,706103663816407
19,0630094444659;3,15982865046743;0,695614025746693
19,0631483333548;3,15105280234474;0,686430447540431
19,0632872222436;3,17634904723462;0,662558793768824
19,0634258333547;3,17895314687473;0,691954388147707
19,0635650000214;3,14459077731192;0,722303729751275
19,0637038889103;3,17164814218532;0,696540391111995
19,0638427777992;3,1653353975253;0,68570634612513
19,0639816666881;3,17196286434506;0,696180429603203
19,0641202777992;3,17180589159454;0,681634437722181
19,0642594444659;3,13852389534259;0,703228058346497
19,0643983333547;3,12951803608212;0,677318497155795
19,0645369444659;3,1558298482565;0,695670128985228
19,0646761111325;3,12504610144902;0,668506729812037
19,0648150000214;3,13518994740548;0,702759786130144
19,0649538889103;3,13949493178586;0,694687747903004
19,0650927777992;3,12730051064821;0,693462551048157
19,0652316666881;3,15547087106074;0,697636291160251
19,065370555577;3,13944290372217;0,706047731229887
19,0655094444659;3,13593551980398;0,676409274623154
19,0656483333548;3,13501636143366;0,689050182528263
19,0657872222436;3,14425607207835;0,695812313540387
19,0659261111325;3,12765947383303;0,682414669835651
19,0660650000214;3,12229271268339;0,676522686576817
19,0662038889103;3,1261506380761;0,682572522147723
19,0663427777992;3,11673400661351;0,695257850231883
19,0664816666881;3,14565918274229;0,68435238968857
19,066620555577;3,1109202946175;0,698744004448884
19,0667594444659;3,13578625661381;0,687368580904661
19,0668983333548;3,1224781039073;0,695654436760094
19,0670375000214;3,12951803608212;0,69854567329574
19,0671761111325;3,11233173945362;0,718021830401511
19,0673152777992;3,15983705856056;0,701663828900223
19,0674538889103;3,1475092959821;0,703183880353208
19,067593055577;3,13618124409717;0,715327648754055
19,0677316666881;3,13226294252343;0,709165859373542
19,067870555577;3,1176892236451;0,691542198685795
19,0680097222436;3,12963002634177;0,697817857516668
19,0681483333547;3,12122427815467;0,700737616506615
19,0682872222436;3,13453243086119;0,725393290780005
19,0684263889103;3,13522600956179;0,687170228270702
19,0685652777992;3,11312185316302;0,671738526699841
19,0687038889103;3,10796556070673;0,72966339707105
19,068843055577;3,11914437533929;0,684209937212756
19,0689816666881;3,13412149886585;0,706617711522881
19,069120555577;3,106675763249;0,696338257442761
19,0692597222436;3,11642698979935;0,70865183086994
19,0693983333547;3,12946432576481;0,675426749837186
19,0695372222436;3,12249407079565;0,719117754909718
19,0696761111325;3,12209917864419;0,694514536751512
19,0698150000214;3,13393612165285;0,708283734689104
19,0699541666881;3,09713736283572;0,702274338573233
19,070093055577;3,10830022808909;0,700042151622
19,0702319444659;3,10075796327544;0,695043935344728
19,070370555577;3,10502703626435;0,692852033118214
19,0705097222436;3,12399358614897;0,684934408358515
19,0706486111325;3,12139786412649;0,716525513471993
19,0707872222436;3,10946511075261;0,697648034984809
19,0709261111325;3,1147423289768;0,692281979416094
19,0710650000214;3,11456122854395;0,699670238933123
19,0712036111325;3,10736927321958;0,709634008576529
19,0713427777992;3,10099528822849;0,717977708072084
19,0714816666881;3,13453243086119;0,69529825200226
19,071620555577;3,10921938645936;0,690700562395023
19,0717591666881;3,10628086201694;0,69639420923221
19,0718983333547;3,12468712983707;0,702087890394097
19,0720369444659;3,11789054958666;0,689006004534974
19,0721758333547;3,12268775203546;0,693988446013805
19,0723150000214;3,10997337285966;0,712509756262676
19,0724538889103;3,11472615102355;0,727427434905763
19,0725927777992;3,10686101111253;0,712667588079256
19,0727313889103;3,1235826103898;0,709391633694793
19,072870555577;3,09785533271645;0,698744004448884
19,0730091666881;3,09328784553617;0,718503896721188
19,073148055577;3,08446746687596;0,71599958547452
19,0732872222436;3,10816696648291;0,72909336814314
19,0734261111325;3,09825031177019;0,697490178696256
19,0735650000214;3,09543652405992;0,701704296799278
19,0737038889103;3,08410849810829;0,712351936683604
19,0738427777992;3,1064660236292;0,672110297875577
19,0739816666881;3,09459375998014;0,706787534054712
19,0741208333548;3,09148143915939;0,685492363114918
19,0742591666881;3,11789054958666;0,702403598688448
19,074398055577;3,09088507183762;0,716881710158958
19,0745372222436;3,0963558128235;0,697648034984809
19,0746758333547;3,10616753615824;0,709379679685696
19,0748147222436;3,09399740732374;0,684250452761006
19,0749538889103;3,08026665988314;0,680506722976844
19,0750927777992;3,09128003338327;0,710645459447449
19,0752313889103;3,11233173945362;0,720965409872974
19,075370555577;3,08721240832281;0,70024039080036
19,0755094444659;3,09453326319567;0,681290153749529
19,0756483333547;3,08081081976758;0,70484983806378
19,0757872222436;3,11368201334108;0,694716376800784
19,0759261111325;3,10867518766355;0,70885021593233
19,0760650000214;3,09163066765393;0,718445804358566
19,0762038889103;3,10942910889463;0,707798328110812
19,0763427777992;3,08903491515349;0,687372491597841
19,0764816666881;3,1116906732656;0,686442477346702
19,076620555577;3,07234104069036;0,728523449340202
19,0767597222436;3,09249788743077;0,692536283839445
19,0768986111325;3,09548859304667;0,716367681655413
19,0770372222436;3,10280955168059;0,684080660581913
19,0771761111325;3,10556286684286;0,704054108228178
19,0773150000214;3,08849072900344;0,712509756262676
19,0774538889103;3,08592257091294;0,712921880267118
19,0775927777992;3,12249407079565;0,682956111460101
19,0777316666881;3,09309426181397;0,722473507316835
19,077870555577;3,09067533780294;0,723925712861757
19,0780094444659;3,07088585682544;0,69895787866102
19,078148055577;3,10448300578398;0,708809662686519
19,0782872222436;3,08902656801388;0,72502173127387
19,0784261111325;3,074384806392;0,710159936574001
19,0785650000214;3,09789133457443;0,689774327910811
19,0787038889103;3,08794665960085;0,709905656622595
19,0788427777992;3,09754859798633;0,714345573521939
19,0789816666881;3,09620657978886;0,712881421612735
19,079120555577;3,09052608336714;0,710159936574001
19,0792594444659;3,07706618585991;0,686588312087196
19,079398055577;3,08813173494735;0,697762010289324
19,0795375000214;3,10171325810921;0,714915492324877
19,0796761111325;3,08777274226122;0,70365427533315
19,0798152777992;3,07951279677539;0,689560588968732
19,0799538889103;3,08999023592551;0,720423992110511
19,0800927777992;3,09698810839993;0,713763582015304
19,0802316666881;3,08301998380199;0,71215355689128
19,080370555577;3,11163002566974;0,701134365146913
19,0805094444659;3,06884210798373;0,715215792830321
19,0806483333547;3,09800459169153;0,705363885770254
19,0807872222436;3,08963124608499;0,700608323358693
19,0809261111325;3,06938630677959;0,717977708072084
19,0810650000214;3,09916142907377;0,694004024479256
19,0812041666881;3,09769780053523;0,697975681073046
19,0813427777992;3,07275240556953;0,702087890394097
19,0814819444659;3,08651891650857;0,710673973337322
19,081620555577;3,0903768419013;0,703183880353208
19,0817594444659;3,09569836145403;0,705720074504029
19,0818983333548;3,09713736283572;0,700991912671071
19,0820372222436;3,08060954148323;0,717250070968561
19,0821761111325;3,08536232386092;0,697846371406541
19,0823152777992;3,08412458527587;0,727359500660839
19,0824538889103;3,09453326319567;0,671156610516306
19,082593055577;3,08828097219757;0,699597889054502
19,0827319444659;3,08958710949182;0,675240260674684
19,082870555577;3,09991528511898;0,706973900256685
19,0830097222436;3,09787181258719;0,703855755594191
19,0831483333547;3,09195377910908;0,718915914860418
19,0832872222436;3,10867518766355;0,718445804358566
19,0834258333547;3,09474299723036;0,706471923657716
19,0835647222436;3,10445826958471;0,699427886617968
19,0837038889103;3,1248772903362;0,706973900256685
19,0838425000214;3,10542193749637;0,714701780848344
19,0839816666881;3,10580854347216;0,69025983028763
19,0841202777992;3,08146833631187;0,702245738423699
19,0842594444659;3,08056512141212;0,723913740261708
19,084398055577;3,07880306572315;0,69102815366341
19,0845369444659;3,11298029955722;0,700053819681955
19,0846761111325;3,10343093506782;0,710116300365968
19,0848147222436;3,06549240968172;0,708707763456516
19,0849538889103;3,09751279744739;0,710630279296083
19,0850927777992;3,07541745887522;0,712667588079256
19,0852316666881;3,08572918409911;0,705162307596083
19,085370555577;3,09305841074618;0,698901860737408
19,0855094444659;3,08412458527587;0,686814036852809
19,0856483333548;3,08429044155119;0,698913871951106
19,0857872222436;3,09309426181397;0,720807598554785
19,0859261111325;3,09304211249002;0,714701780848344
19,0860650000214;3,09124406167814;0,699954108315922
19,0862038889103;3,08283490845548;0,691186009951991
19,0863425000214;3,08322153259383;0,705363885770254
19,0864813889103;3,09489224745104;0,703540079724633
19,086620555577;3,08958710949182;0,689944195413034
19,0867594444659;3,10415982556805;0,716723882319485
19,0868983333547;3,10376498531008;0,71366166657225
19,0870372222436;3,0776792830714;0,686018307017235
19,0871761111325;3,08337897785808;0,694316135472661
19,0873147222436;3,10633331458109;0,707041805745945
19,0874538889103;3,07054312023735;0,717621507408012
19,0875927777992;3,09790760332118;0,733477401406759
19,0877313889103;3,09236531591228;0,717463687828968
19,087870555577;3,09586421772934;0,717051637252894
19,0880094444659;3,09309426181397;0,710261857286667
19,0881483333547;3,11970488179;0,694672340114096
19,0882872222436;3,0908659127962;0,715271687719365
19,0884258333547;3,09790760332118;0,696978836979582
19,0885652777992;3,0846328036107;0,721377517357666
19,0887038889103;3,08940219269655;0,710856152767036
19,0888427777992;3,09180458499355;0,709391633694793
19,0889813889103;3,10927157671341;0,703115974863948
19,089120555577;3,06479094302722;0,692706106371304
19,0892594444659;3,10287016910902;0,701292180748624
19,0893983333548;3,10341421223944;0,701619935682032
19,0895372222436;3,10929643357869;0,711171665232627
19,0896761111325;3,10320444383208;0,717265308036644
19,0898150000214;3,09754859798633;0,707398005117312
19,0899538889103;3,08704368761752;0,687170228270702
19,090093055577;3,08743846753814;0,694514536751512
19,0902316666881;3,0846328036107;0,703867824017664
19,0903708333548;3,10361580871128;0,697660046198479
19,0905094444659;3,07855738909382;0,695569961225289
19,090648055577;3,10577265243876;0,711741473881887
19,0907869444659;3,10528132376024;0,702929608661975
19,0909263889103;3,08809585371634;0,689689948199401
19,0910650000214;3,10998958032002;0,708979575162971
19,0912041666881;3,10794615969127;0,699270079277483
19,091343055577;3,09290922960582;0,692808054244693
19,0914819444659;3,1066674770733;0,680550359184906
19,091620555577;3,0909373833793;0,707967985410335
19,0917594444659;3,09825844580902;0,712453889827628
19,0918983333547;3,10722812234712;0,716566066717775
19,0920372222436;3,1057368315366;0,723185907352274
19,0921761111325;3,1192216644327;0,707499942044876
19,0923150000214;3,08376558837398;0,689406354068211
19,0924541666881;3,11259367996013;0,699839986148476
19,0925927777992;3,0633879666303;0,706573903967183
19,0927316666881;3,1130936713997;0,691198021165633
19,0928708333548;3,11189246049736;0,724495656445242
19,0930094444659;3,08816768629768;0,693547873592138
19,0931486111325;3,10472047084181;0,71366166657225
19,0932872222436;3,09234039870617;0,713035928999972
19,0934263889103;3,08353670886092;0,708239755815555
19,0935652777992;3,08189623625816;0,708094315260439
19,0937041666881;3,09565434616897;0,689306337471322
19,093843055577;3,11163002566974;0,69686439713405
19,0939819444659;3,09030512996571;0,68435238968857
19,0941202777992;3,09551332924593;0,712138319823197
19,0942594444659;3,08998194974978;0,706816047944585
19,0943983333548;3,10393104987276;0,687854110439872
19,0945375000214;3,11234803770975;0,711013902878051
19,0946761111325;3,09747706705761;0,72502173127387
19,0948152777992;3,08247590175029;0,69615197323219
19,0949544444659;3,10539481598346;0,71100166279615
19,0950927777992;3,11198903100458;0,698501837898959
19,0952316666881;3,11198903100458;0,716893854392708
19,0953702777992;3,08994611904339;0,676320944417796
19,0955094444659;3,10541365132067;0,694316135472661
19,0956483333547;3,08814836694393;0,710317780627008
19,0957875000214;3,0835447815823;0,702771797343814
19,0959258333547;3,10968307134289;0,70077816050545
19,0960650000214;3,10895459132266;0,706059914087291
19,0962036111325;3,09111149015962;0,698344063301874
19,0963425000214;3,06849971777567;0,707499942044876
19,0964816666881;3,1032210463101;0,690870309610403
19,096620555577;3,09069175864568;0,716736083774236
19,0967591666881;3,11183984564707;0,690656611358776
19,096898055577;3,09535605785925;0,712623951871194
19,0970372222436;3,10122156343573;0,718231984046412
19,0971761111325;3,09932744107357;0,702613998265036
19,0973150000214;3,08945498959346;0,714187774443133
19,0974536111325;3,10648247398547;0,69025983028763
19,0975927777992;3,12582477647646;0,701304382203347
19,0977316666881;3,10818365979;0,72973386810844
19,0978702777992;3,1022905727265;0,737292005519834
19,0980094444659;3,12577210094904;0,713404575964717
19,0981483333548;3,0743295147013;0,733663685617273
19,0982872222436;3,10062508039124;0,717633690265416
19,0984261111325;3,11150581364726;0,701149772935821
19,0985647222436;3,09625897169474;0,721321613221676
19,0987038889103;3,10472047084181;0,697975681073046
19,0988427777992;3,09736363804305;0,700734695674612
19,0989813889103;3,10526444877178;0,739301576453926
19,0991202777992;3,0914097875544;0,708252053126955
19,0992594444659;3,11604864824091;0,706246116292249
19,099398055577;3,09197062230098;0,709020232988792
19,0995372222436;3,08850739051957;0,691752645988686
19,0996763889103;3,10689418437366;0,706302011181265
19,0998150000214;3,11004209354758;0,721520014500499
19,0999538889103;3,10097596887471;0,688464578817786
19,1000927777992;3,08389573950268;0,702771797343814
19,1002319444659;3,10859554380244;0,692322504210523
19,100370555577;3,11296158524971;0,708252053126955
19,1005094444659;3,1032210463101;0,708494011290895
19,1006483333547;3,1018789061439;0,71401786196671
19,1007869444659;3,08425477151559;0,706930120543035
19,1009261111325;3,09717882158117;0,708450546460085
19,1010647222436;3,09622324130498;0,695569961225289
19,1012038889103;3,12818332925951;0,709348141013066
19,1013433333548;3,10043215934087;0,71982582930508
19,1014816666881;3,11144506572646;0,712097681208263
19,1016202777992;3,12397438778402;0,693006471741313
19,1017594444659;3,11419832477088;0,697434255355887
19,1018983333548;3,09215543876286;0,70442246903778
19,1020372222436;3,1039390920904;0,694316135472661
19,1021758333547;3,09896841043178;0,722219235625573
19,1023152777992;3,09251445812038;0,71585365872761
19,1024538889103;3,12324601656996;0,704381830422847
19,1025927777992;3,11204968840542;0,700009898624927
19,1027316666881;3,11696859216164;0,698118222886677
19,102870555577;3,13395264111222;0,71747592791084
19,1030094444659;3,13393531178639;0,704963862931749
19,1031483333547;3,10543850818596;0,687012384217695
19,1032872222436;3,11550482605097;0,714187774443133
19,1034263889103;3,08500045777004;0,710431829359919
19,1035647222436;3,11700421164272;0,701704296799278
19,1037038889103;3,14157993342306;0,707924177854665
19,1038427777992;3,09251445812038;0,722061424307412
19,1039816666881;3,09646075892653;0,702759786130144
19,1041208333548;3,12418429933018;0,689120176274372
19,1042594444659;3,10893741422117;0,709917839479999
19,1043983333547;3,10764788825452;0,725337358193457
19,1045375000214;3,12272056203139;0,677432228356849
19,1046763889103;3,13796753346438;0,705375896983895
19,1048150000214;3,11069941451797;0,687284277003613
19,1049538889103;3,11772227429739;0,71027405874139
19,1050927777992;3,12247499342988;0,723157450981233
19,1052316666881;3,09642513944542;0,706088312929637
19,1053708333548;3,11165494287587;0,702230387536957
19,1055091666881;3,1271039419627;0,72502173127387
19,1056483333548;3,09326011808923;0,716893854392708
19,1057872222436;3,11200593551902;0,717832151151413
19,1059261111325;3,09717882158117;0,736341264216492
19,1060650000214;3,10562345410659;0,702230387536957
19,1062041666881;3,1436847255062;0,70204422633995
19,106343055577;3,10557956014992;0,724965921753977
19,1064816666881;3,11189246049736;0,678726626561257
19,106620555577;3,12214124214532;0,687284277003613
19,1067594444659;3,10267722412016;0,711825910803043
19,1068983333547;3,09992402575784;0,702613998265036
19,1070372222436;3,0978637093645;0,705518528150719
19,1071758333547;3,1157503858901;0,695768362504111
19,1073147222436;3,10011689708747;0,709760077125424
19,1074536111325;3,09681978956831;0,703072195150327
19,1075927777992;3,11090121725172;0,719299525588497
19,1077316666881;3,10488669116435;0,702715978574474
19,1078702777992;3,13129556248259;0,693734157802652
19,1080091666881;3,11410190157605;0,717265308036644
19,108148055577;3,10963057783147;0,713775764872707
19,1082872222436;3,10023030890579;0,701462152821875
19,1084258333547;3,10393104987276;0,695783713390909
19,1085650000214;3,1032210463101;0,72428191750322
19,1087036111325;3,12172931593793;0,7128781583815
19,1088427777992;3,09968647308642;0,682742359294508
19,1089813889103;3,13429433820954;0,720538285038174
19,1091202777992;3,10174685374329;0,726445604448884
19,1092591666881;3,11311066676893;0,704551877845205
19,1093983333548;3,10890171400715;0,71928745716508
19,1095369444659;3,11373281584082;0,69426029749394
19,1096763889103;3,10507948882847;0,718361310232865
19,1098152777992;3,12193126178781;0,695468029567792
19,1099536111325;3,1228869634574;0,72274544141078
19,1100927777992;3,12567567775426;0,702201988694583
19,1102313889103;3,11627589586283;0,700354022911796
19,1103702777992;3,11146224282794;0,720807598554785
19,1105094444659;3,09142690331777;0,712521939120109
19,110648055577;3,12303601900609;0,729362891071474
19,1107869444659;3,10158993028801;0,719141738749983
19,1109261111325;3,12669195083544;0,707357489569063
19,1110650000214;3,14293020731049;0,688052511718695
19,1112038889103;3,10689418437366;0,729563685705017
19,1113427777992;3,14143086910892;0,736025710737806
19,1114813889103;3,12031839273521;0,713804163715082
19,111620555577;3,10584238439318;0,727783638254465
19,1117594444659;3,12803424352066;0,706658207868287
19,111898055577;3,11022701034287;0,711782103247344
19,1120372222436;3,11771429309513;0,713804163715082
19,1121758333547;3,12142314573322;0,701918157791113
19,1123150000214;3,13204926636345;0,700737616506615
19,1124538889103;3,12328153567529;0,706985930062899
19,1125927777992;3,12211596278809;0,702546006501223
19,1127313889103;3,11681951064247;0,725179538614384
19,1128702777992;3,14036168715546;0,697490178696256
19,1130091666881;3,12268492217675;0,694684598795106
19,1131483333548;3,09938827953721;0,714900198344992
19,1132875000214;3,11024397618337;0,695468029567792
19,1134261111325;3,1203013360348;0,676890802639662
19,1135650000214;3,10252812539795;0,69615197323219
19,1137038889103;3,10435095338335;0,689204384327297
19,1138427777992;3,11261052315203;0,693220129299107
19,1139819444659;3,14810378035276;0,689888376643665
19,114120555577;3,11071653028134;0,708438173312175
19,1142594444659;3,11095413553855;0,708239755815555
19,1143983333547;3,11556568488982;0,686442477346702
19,1145372222436;3,11060301526365;0,730303529841621
19,1146761111325;3,13356596699549;0,721903625228578
19,1148150000214;3,08831469047163;0,716125654023415
19,1149538889103;3,12504348339877;0,716154024097619
19,1150927777992;3,12438629289352;0,716779805659826
19,1152316666881;3,12763966286207;0,706816047944585
19,115370555577;3,1175123627512;0,705477861074769
19,1155094444659;3,10985732024596;0,714701780848344
19,1156486111325;3,13835419394616;0,701790028094138
19,1157872222436;3,13350503796596;0,706217688684376
19,1159263889103;3,14494755901549;0,701660602757983
19,1160650000214;3,13425869835493;0,698688081108514
19,1162038889103;3,12343061719443;0,707725749410343
19,1163427777992;3,12082651755435;0,700009898624927
19,1164816666881;3,12970021298355;0,720708572075978
19,116620555577;3,11024397618337;0,706246116292249
19,1167594444659;3,12082651755435;0,68711430493039
19,1168986111325;3,12707860222906;0,708979575162971
19,1170375000214;3,14378946928616;0,693164262864059
19,1171761111325;3,09110344794203;0,697405798984818
19,1173150000214;3,13945894694416;0,692638172126351
19,1174538889103;3,1057538564352;0,695926165866751
19,1175927777992;3,12895446821989;0,711200064075001
19,1177316666881;3,11828331675261;0,710645459447449
19,1178708333548;3,11190988071354;0,700935980084523
19,1180094444659;3,13149758825475;0,708438173312175
19,1181486111325;3,1271039419627;0,699071683269267
19,1182875000214;3,13185663999545;0,694643912506223
19,1184258333547;3,11511817465728;0,722417631633789
19,1185652777992;3,10970030978592;0,729777275092829
19,1187041666881;3,1028871644782;0,686272595228388
19,1188425000214;3,1248944060996;0,686956489328679
19,1189816666881;3,11627589586283;0,720182056524891
19,119120555577;3,13996706299875;0,704636085898187
19,1192594444659;3,13772200803038;0,706573903967183
19,119398055577;3,10435095338335;0,702970209569514
19,1195372222436;3,11942361028255;0,683826347900379
19,1196761111325;3,12788517076601;0,703183880353208
19,1198147222436;3,16117687298009;0,698942357082842
19,1199536111325;3,14016918421515;0,714175706019716
19,1200927777992;3,14122088875138;0,699597889054502
19,1202313889103;3,12183535438163;0,719256204308863
19,1203702777992;3,14749835633808;0,698174060865369
19,1205094444659;3,14333369813716;0,707155977485314
19,1206483333548;3,11696859216164;0,703455814447182
19,1207872222436;3,13260236722476;0,708252053126955
19,1209261111325;3,13060281424282;0,717819892470402
19,1210650000214;3,13315397586823;0,711200064075001
19,1212036111325;3,12567567775426;0,731585725668481
19,1213425000214;3,12695490362185;0,720553351341124
19,1214819444659;3,12890140879148;0,694830155715806
19,121620555577;3,1488495163488;0,700421957156721
19,1217594444659;3,13685484730405;0,701976148279357
19,1218983333547;3,15731894758738;0,725535743255847
19,1220372222436;3,14217659042097;0,705121649770291
19,1221761111325;3,11917809361336;0,718147680145336
19,1223150000214;3,11127772856369;0,691040222086826
19,1224538889103;3,146780243043;0,709020232988792
19,1225925000214;3,13998478548092;0,727371587678419
19,1227316666881;3,15035671369148;0,719243735279491
19,122870555577;3,13792414475796;0,69978409125946
19,1230091666881;3,13460979518425;0,716881710158958
19,1231483333547;3,1299102737934;0,695213757876559
19,1232872222436;3,12073053644548;0,715283813357274
19,1234261111325;3,11331274026119;0,722773840253154
19,1235650000214;3,14178207015067;0,718401911140347
19,1237038889103;3,1262367903268;0,73968519146618
19,1238427777992;3,15767017208074;0,696721855320419
19,1239813889103;3,13577555480748;0,728879656666606
19,124120555577;3,13466295631241;0,700892429561321
19,1242594444659;3,14292231765029;0,694830155715806
19,1243983333548;3,13206665476719;0,692480332050025
19,1245369444659;3,13427626855702;0,708664013727372
19,1246761111325;3,14002016340905;0,7218478349196
19,1248150000214;3,14143086910892;0,713435925289474
19,1249536111325;3,13902895392602;0,727383942224009
19,125093055577;3,12087955725158;0,731641563647202
19,1252319444659;3,12670943013458;0,71981353199368
19,1253702777992;3,13781056650495;0,707456505065579
19,1255094444659;3,12770064246729;0,691198021165633
19,125648055577;3,14016918421515;0,722061424307412
19,1257872222436;3,13571456538818;0,713804163715082
19,1259261111325;3,1488495163488;0,718503896721188
19,1260650000214;3,128595408037;0,72502173127387
19,1262038889103;3,13355813837626;0,694529887638282
19,1263427777992;3,12890140879148;0,733991407811942
19,1264816666881;3,1517772778563;0,695582201307161
19,126620555577;3,14742915867569;0,707967985410335
19,1267594444659;3,1364602926175;0,70900803153404
19,126898055577;3,16945400906874;0,697090237549219
19,1270372222436;3,13592458015989;0,695654436760094
19,1271761111325;3,14184311997008;0,725009701467627
19,1273150000214;3,12364058034694;0,682543979502213
19,1274538889103;3,15034882403128;0,722417631633789
19,1275927777992;3,14981311157368;0,698501837898959
19,1277316666881;3,14659580111692;0,710642766930846
19,127870555577;3,14920857653166;0,715797811500238
19,1280094444659;3,12989264222722;0,69686439713405
19,1281483333548;3,1445351993645;0,700421957156721
19,1282875000214;3,14530663745913;0,715599399274595
19,1284263889103;3,12420177862933;0,712679713717193
19,1285652777992;3,15289994468185;0,716481877263959
19,1287038889103;3,13996706299875;0,706787534054712
19,128843055577;3,11777521231204;0,698331880444414
19,1289816666881;3,1445351993645;0,698858053181766
19,129120555577;3,16335105403448;0,706088312929637
19,1292600000214;3,14885737548988;0,722587679056204
19,1293983333548;3,14363263285048;0,711425887964538
19,1295372222436;3,16610415304694;0,706403931893931
19,1296761111325;3,14945405424021;0,706787534054712
19,129815555577;3,17657311583545;0,693418514361468
19,1299538889103;3,13681934857908;0,706471923657716
19,1300927777992;3,14403496874894;0,698016253524827
19,1302316666881;3,13502202493873;0,710645459447449
19,1303708333547;3,13891535846253;0,684764481264608
19,1305094444659;3,12970021298355;0,708069873697241
19,1306486111325;3,15146147512993;0,731997768288636
19,1307869444659;3,13245333342974;0,714900198344992
19,1309261111325;3,14016918421515;0,712296098704883
19,1310650000214;3,13442528092;0,689888376643665
19,1312036111325;3,14599905709815;0,724823335265654
19,1313425000214;3,12910349779361;0,691242027875603
19,1314816666881;3,16507032729075;0,708438173312175
19,1316202777992;3,1458500447352;0,711314430458316
19,1317594444659;3,14417614340294;0,727771665654444
19,131898055577;3,16711353833472;0,701134365146913
19,1320372222436;3,14773601419446;0,713605762436202
19,1321761111325;3,14417614340294;0,720739635551695
19,1323150000214;3,15081279650812;0,736697476813845
19,1324536111325;3,16505270270991;0,714871828270731
19,1325927777992;3,15731894758738;0,7095494572512
19,1327316666881;3,14788503500063;0,722829706688202
19,132870555577;3,14148404997155;0,709917839479999
19,1330091666881;3,13026934379192;0,716736083774236
19,1331483333548;3,15563520324903;0,698016253524827
19,1332872222436;3,15396912663522;0,731811566083678
19,1334261111325;3,17050560263078;0,707567962571829
19,1335652777992;3,16153592609268;0,72570576031228
19,1337038889103;3,15644210883852;0,738945363856544
19,1338427777992;3,13332048051984;0,707567962571829
19,1339816666881;3,15145361598888;0,717265308036644
19,134120555577;3,1401337760841;0,71366166657225
19,1342594444659;3,14348363802503;0,715057989467709
19,134398055577;3,1477447243912;0,697762010289324
19,1345372222436;3,15692442731711;0,678940338037791
19,1346761111325;3,14324594509512;0,723355879425498
19,1348150000214;3,1628783713609;0,713804163715082
19,1349541666881;3,16213262659727;0,725377939893264
19,1350927777992;3,15512714264736;0,710116300365968
19,1352313889103;3,14292231765029;0,694117755680338
19,1353702777992;3,17352201807924;0,712097681208263
19,1355094444659;3,14435077147533;0,720027243470213
19,135648055577;3,1414410666319;0,694898147479563
19,1357872222436;3,14955897075549;0,720169740613073
19,1359263889103;3,14981311157368;0,71585365872761
19,1360652777992;3,13119950767711;0,713249559087501
19,1362038889103;3,12127408596407;0,698858053181766
19,1363425000214;3,14363263285048;0,715599399274595
19,1364813889103;3,14674480471143;0,70280028247555
19,1366202777992;3,15270744174148;0,705533708302085
19,1367594444659;3,15973857614898;0,716779805659826
19,1368983333548;3,14184311997008;0,708821788324457
19,1370372222436;3,14435077147533;0,720339802656667
19,1371761111325;3,15788023289059;0,702815804053728
19,1373147222436;3,16690337422386;0,716695425948444
19,1374538889103;3,14273787572418;0,697660046198479
19,1375927777992;3,14931353623993;0,717819892470402
19,1377319444659;3,13355813837626;0,689774327910811
19,137870555577;3,16249168815204;0,704279882549457
19,1380094444659;3,14458848194423;0,705363885770254
19,1381483333547;3,15802923648511;0,713447955095717
19,1382872222436;3,14599905709815;0,713193711860185
19,1384261111325;3,15366323887156;0,715215792830321
19,1385652777992;3,12875233149228;0,712708141325038
19,1387038889103;3,12230805849089;0,703326422166839
19,138843055577;3,18213262039637;0,729251216172713
19,1389816666881;3,14895446201899;0,708453467292088
19,1391202777992;3,15838830226153;0,701862149111321
19,1392597222436;3,15547854089647;0,736013509283026
19,1393983333547;3,12844638723092;0,71401786196671
19,1395375000214;3,14624453058542;0,724981158822089
19,1396763889103;3,16815719997649;0,69236662653995
19,1398150000214;3,14237880709783;0,730375765294525
19,1399538889103;3,16885726505004;0,712708141325038
19,1400927777992;3,15859067767707;0,708707763456516
19,1402319444659;3,14056371292764;0,701862149111321
19,1403708333548;3,14909499827863;0,715683836195751
19,1405094444659;3,15698547713649;0,724665523947522
19,1406483333548;3,161379089657;0,704110060017626
19,1407872222436;3,15070787999286;0,719327981959566
19,1409263889103;3,15476806979873;0,733663685617273
19,1410650000214;3,15973083911064;0,700766187905401
19,1412041666881;3,15641634632811;0,713363804272291
19,1413427777992;3,15567060156445;0,727427434905763
19,1414819444659;3,13923902032997;0,72851143812656
19,1416208333548;3,1529174853398;0,70885021593233
19,1417594444659;3,13002390927636;0,695456132758324
19,1418986111325;3,14142300996781;0,719117754909718
19,1420375000214;3,14715729428056;0,692638172126351
19,1421761111325;3,14369373326286;0,729551484250237
19,1423150000214;3,14565808176593;0,700579780713156
19,1424541666881;3,15366323887156;0,709534220183116
19,1425927777992;3,14734156341774;0,715101940504013
19,1427316666881;3,1409406690054;0,73914379757224
19,1428702777992;3,13741606376897;0,711927799089977
19,1430091666881;3,13155856785997;0,713491933969266
19,1431483333547;3,1386880371374;0,735985052912014
19,1432872222436;3,15483792801189;0,717305880488425
19,1434258333547;3,13738068584084;0,742277165468352
19,1435647222436;3,12524557240093;0,710729953573122
19,1437038889103;3,1349866870336;0,716011482284046
19,1438425000214;3,15987982094407;0,712921880267118
19,1439813889103;3,1378285322248;0,689733869256429
19,1441202777992;3,15067245147611;0,715429531772372
19,1442591666881;3,13002390927636;0,712667588079256
19,1443983333548;3,13687263115881;0,729449563537571
19,1445372222436;3,15030473590642;0,716723882319485
19,1446758333547;3,1740654643302;0,714531898730058
19,1448150000214;3,14545561084719;0,717706040144066
19,1449538889103;3,10631500277083;0,727359500660839
19,1450927777992;3,14970023308959;0,711357867437584
19,1452313889103;3,14019488631376;0,708695981031838
19,145370555577;3,15358410225926;0,715113855902729
19,1455094444659;3,13358390088669;0,70484983806378
19,1456483333547;3,13923902032997;0,708482038690818
19,1457869444659;3,13211995708471;0,715955606601
19,1459258333547;3,12580690966271;0,715429531772372
19,1460650000214;3,16930501846559;0,698799993929299
19,1462038889103;3,13065603609425;0,714547477195481
19,1463427777992;3,14734156341774;0,731115537766641
19,1464816666881;3,12470207451324;0,68623212732939
19,1466202777992;3,1396257126323;0,697490178696256
19,1467591666881;3,12378173746933;0,720637731052562
19,1468986111325;3,14129213677745;0,701505960377517
19,1470372222436;3,12936689282725;0,719185574146792
19,1471761111325;3,12766524415184;0,720383438864701
19,1473150000214;3,11002390281106;0,715327648754055
19,1474538889103;3,13663492068991;0,71981353199368
19,1475927777992;3,13816962246651;0,728669306649266
19,1477316666881;3,13205885667233;0,69249585362823
19,1478708333548;3,14423715320615;0,734003705123314
19,1480097222436;3,13020829397254;0,725579779942507
19,1481483333548;3,10144090948188;0,730189358102251
19,1482872222436;3,14277328385526;0,717095530471113
19,1484258333548;3,13060281424282;0,719541761588459
19,1485647222436;3,12529885498066;0,670998745969598
19,1487038889103;3,11518901700904;0,706673729446436
19,1488427777992;3,13101510894288;0,734731227159386
19,1489816666881;3,16576326444729;0,703911745074663
19,149120555577;3,12694710552699;0,718247505624589
19,1492597222436;3,14019488631376;0,69529825200226
19,1493983333547;3,12048508049418;0,724325954189879
19,1495372222436;3,11172548197928;0,700038354995968
19,1496761111325;3,13977470745778;0,691440326609495
19,1498150000214;3,12532479875759;0,713593789836182
19,1499538889103;3,13176088001345;0,727783638254465
19,1500925000214;3,12219442300795;0,694558487787759
19,1502316666881;3,13176088001345;0,684780002842786
19,150370555577;3,14148404997155;0,706617711522881
19,1505094444659;3,1384855339827;0,737323258376023
19,1506483333547;3,0871140258472;0,72167781786311
19,1507869444659;3,10254572741803;0,735855693681344
19,1509261111325;3,10044969999882;0,725167566014335
19,1510650000214;3,1226947553406;0,721777948547015
19,1512038889103;3,1265604177716;0,716525513471993
19,1513427777992;3,08451772430197;0,707912033620914
19,1514816666881;3,1162404673461;0,720281539634641
19,1516208333548;3,12127408596407;0,692112277160675
19,1517594444659;3,12765753764546;0,705352141945696
19,1518983333548;3,13576778723959;0,708482038690818
19,1520372222436;3,14536024350301;0,716581474506711
19,1521761111325;3,12232644716599;0,717338229895745
19,1523152777992;3,11513565395643;0,719755676475671
19,1524538889103;3,12365833237837;0,712141660081784
19,1525927777992;3,12625475604662;0,73236936351924
19,1527316666881;3,11443558888288;0,703329876532138
19,152870555577;3,14699899716186;0,697133987278335
19,1530094444659;3,12219442300795;0,690502274601357
19,1531483333547;3,10706074161624;0,682430248301102
19,1532872222436;3,13522443258472;0,701178401833573
19,1534261111325;3,11554809967575;0,708853898481436
19,1535650000214;3,1091213823392;0,724709530657378
19,1537041666881;3,13577555480748;0,715897751082935
19,1538427777992;3,09916050613458;0,716197889476291
19,1539816666881;3,13096186735538;0,698274228625337
19,154120555577;3,1308050309197;0,724896142748463
19,1542597222436;3,12709611334344;0,70761179796861
19,1543983333547;3,12715718355014;0,688824540326578
19,1545377777992;3,13702161299221;0,730335354281181
19,1546761111325;3,11020841707528;0,711469723361347
19,1548150000214;3,14237880709783;0,703014102787705
19,1549538889103;3,10621934047094;0,710887834329185
19,1550925000214;3,10981387083004;0,720055814869028
19,1552316666881;3,12584228759081;0,721535365387297
19,155370555577;3,10600922801709;0,702815804053728
19,1555091666881;3,13412726918466;0,710148078371674
19,155648055577;3,10945481486846;0,709634008576529
19,1557872222436;3,10640365281077;0,682842527054447
19,1559261111325;3,09868780202532;0,68053850098255
19,1560647222436;3,11833649761525;0,69838781303099
19,1562038889103;3,11773198602864;0,707956241585805
19,1563425000214;3,10236141507824;0,688480043503773
19,1564816666881;3,10179997388627;0,697861949871992
19,156620555577;3,13119950767711;0,714903652710291
19,1567594444659;3,11281251671539;0,707769670467371
19,1568983333548;3,10137022385754;0,683300501867052
19,1570372222436;3,07461015463758;0,704781990078487
19,1571761111325;3,09865245430288;0,681532598063257
19,1573150000214;3,10415862179701;0,726691465779936
19,1574536111325;3,08247497881112;0,707243905163409
19,1575927777992;3,10236141507824;0,705720074504029
19,1577316666881;3,08065200081438;0,706290152978909
19,157870555577;3,10215903966267;0,71165625350352
19,1580094444659;3,09169008986473;0,706515844714744
19,1581483333547;3,09664517865755;0,702657919322036
19,1582872222436;3,10196707669337;0,720468028797143
19,1584263889103;3,09443545183893;0,708752112703763
19,1585650000214;3,08801659236121;0,691610104175055
19,1587038889103;3,07861705341838;0,721167411422584
19,1588425000214;3,08783216447205;0,727929542434794
19,1589813889103;3,0836334372195;0,687740281972879
19,1591208333548;3,08046768847458;0,727245868549346
19,1592594444659;3,09389978160115;0,698376030606255
19,1593983333548;3,09428648299846;0,723230029681702
19,1595369444659;3,09263831041406;0,700822225026883
19,1596758333547;3,10562253116743;0,697449720041845
19,1598150000214;3,0986171768181;0,679142535314668
19,1599538889103;3,08483365692831;0,74112526042839
19,1600927777992;3,08947268252697;0,691072475083899
19,1602316666881;3,11043634853038;0,689733869256429
19,160370555577;3,07718855217902;0,688508701147185
19,1605097222436;3,06561477600093;0,680425162402116
19,1606483333548;3,08303654084395;0,710418290578872
19,1607872222436;3,07090120263294;0,711401904124273
19,1609263889103;3,09679413450371;0,691016352652468
19,1610647222436;3,0789684629643;0,70926621820152
19,1612038889103;3,10436102944297;0,714959755948826
19,1613427777992;3,08893700384391;0,707758002407417
19,1614816666881;3,05750444845808;0,709435726050145
19,161620555577;3,07876603979912;0,714745759721893
19,1617597222436;3,08833250387735;0,699302428684803
19,1618983333547;3,06172144247711;0,710576260911438
19,1620372222436;3,07885478142759;0,687541999446466
19,1621763889103;3,09243585501571;0,719501331377217
19,1623150000214;3,07700415344482;0,696082456653471
19,1624541666881;3,08432561386729;0,69460303822035
19,162593055577;3,08136243293288;0,702233955998992
19,1627316666881;3,06207280596925;0,719913585670014
19,1628708333548;3,08157256260438;0,711130603157585
19,1630094444659;3,07475912802568;0,710876204862956
19,1631483333547;3,082326005423;0,701877784459043
19,1632872222436;3,06351876611745;0,702064478484743
19,1634258333547;3,06721056132403;0,707401838816338
19,1635652777992;3,06518495152105;0,723800254928562
19,1637038889103;3,07168232427631;0,703216561796609
19,163843055577;3,0795118049501;0,723958205088366
19,1639816666881;3,05106824635286;0,690546938450154
19,164120555577;3,06028331842504;0,70086688887568
19,1642597222436;3,07418997578156;0,699685988030893
19,1643983333548;3,08488726297216;0,681363075608658
19,1645372222436;3,07511053757156;0,714576192322966
19,1646763889103;3,0657817755158;0,696026296550656
19,1648152777992;3,0326553629757;0,705764453717592
19,1649538889103;3,04778901838824;0,706504176654789
19,1650927777992;3,04557941304128;0,720100279695686
19,1652316666881;3,06303637845943;0,704323974904781
19,165370555577;3,05089342859984;0,687214549691191
19,1655094444659;3,05932742645481;0,713892665183948
19,1656486111325;3,04939417287895;0,702476863617107
19,1657869444659;3,06282627762658;0,710943909131913
19,1659261111325;3,0552948255754;0,702646251262081
19,1660650000214;3,05767921878498;0,726477428888444
19,1662041666881;3,04889384054633;0,698206553092007
19,166343055577;3,04083715970989;0,731261719646454
19,1664813889103;3,03492604834588;0,699528054377964
19,166620555577;3,04835045958018;0,713705930196198
19,1667591666881;3,06522029924349;0,697748658980657
19,1668983333547;3,04703550320707;0,706504176654789
19,1670369444659;3,04332657263984;0,706673729446436
19,1671758333547;3,0567233268147;0,739547869045509
19,1673147222436;3,07425107619395;0,713322366570367
19,1674538889103;3,04797350350242;0,68122111421431
19,1675925000214;3,03803050915468;0,715304465547888
19,1677316666881;3,04117798976091;0,722449981041109
19,1678702777992;3,04112480889825;0,70207605077951
19,1680094444659;3,03892525361294;0,715830018075621
19,1681483333548;3,01231417467264;0,686332865359674
19,1682872222436;3,0619315260949;0,70978032927016
19,1684261111325;3,04246722364462;0,714632371615238
19,1685650000214;3,059565154464;0,69717833652561
19,1687038889103;3,02154753274633;0,715643405984537
19,1688425000214;3,04203739916477;0,702120714628336
19,1689816666881;3,02792069399655;0,708012392448893
19,1691202777992;3,03934553577142;0,722862341721992
19,1692594444659;3,02405518425158;0,711130603157585
19,169398055577;3,02585992367298;0,683158406587864
19,1695372222436;3,00885070005671;0,726307906433846
19,1696766666881;3,04093255102291;0,733667596310454
19,1698150000214;3,03432154837932;0,705250350902134
19,1699538889103;3,04623656004361;0,716783867476806
19,1700927777992;3,02017902028354;0,689406354068211
19,1702316666881;3,00848213262969;0,698618938224371
19,170370555577;3,02033585671924;0,706662118561468
19,1705094444659;3,0128655053966;0,72172185454977
19,1706486111325;3,02424702369939;0,705990079410753
19,1707872222436;3,00436063095728;0,690716311492821
19,1709261111325;3,02368568643766;0,712440665053833
19,1710650000214;3,00271237131668;0,714377969346884
19,1712038889103;3,01632889298565;0,715117689601755
19,1713427777992;3,02645673297656;0,715643405984537
19,1714816666881;3,00291484223538;0,703160354077539
19,1716202777992;3,00220431948497;0,710774446222558
19,1717594444659;3,01153307446666;0,699471951139401
19,1718983333548;3,01117399602302;0,687214549691191
19,1720372222436;2,99965380614265;0,706916520829822
19,1721758333547;3,00454510203576;0,697534500116717
19,1723150000214;3,02703552207373;0,701708321549631
19,1724538889103;2,99263785540674;0,697692442023367
19,1725927777992;3,02830740449048;0,702132154018045
19,1727316666881;3,00720242352727;0,707272677764877
19,172870555577;3,01668016351712;0,697122204853656
19,1730091666881;3,01010452580931;0,70317198354374
19,1731483333547;3,00645666122645;0,686802254428159
19,1732872222436;2,99538321738089;0,708740730469174
19,1734261111325;3,00115299688701;0,695128639654996
19,1735650000214;2,99981033789422;0,745252983373632
19,1737038889103;2,99152529198818;0,684339352360212
19,1738427777992;3,00570316780642;0,704481884099124
19,1739816666881;3,02681581564326;0,67714898930717
19,174120555577;2,96302827801759;0,708582739661125
19,1742597222436;2,9915330290265;0,723444094019783
19,1743986111325;2,99389168115934;0,700781880130592
19,1745375000214;2,97349722781553;0,721196155288482
19,1746761111325;3,00461665342959;0,703572714758423
19,1748150000214;3,00035370619216;0,693823172972969
19,1749538889103;2,99027146623555;0,719902089120126
19,1750927777992;2,96311701964606;0,717038285944227
19,1752319444659;2,98507100399371;0,735333790690959
19,175370555577;2,97995925284837;0,722449981041109
19,1755094444659;2,96548339127696;0,681848420732393
19,1756483333548;2,98551879216146;0,71187031784163
19,1757872222436;2,98387060203382;0,707232465773643
19,1759261111325;2,96948259654408;0,718817681341534
19,1760650000214;2,9739450159833;0,730121452612991
19,1762038889103;2,97334052193679;0,711830086664065
19,1763427777992;2,99233225020342;0,69911577562462
19,1764816666881;2,96652713341183;0,70948041771598
19,176620555577;2,99059526582201;0,696184226229235
19,1767597222436;2,98563246207601;0,727787357879635
19,1768986111325;2,95220026699042;0,72819968554785
19,1770372222436;2,97209440269052;0,706876318075871
19,1771761111325;2,98507100399371;0,687586691112301
19,177315555577;2,97092855669223;0,704639805523328
19,1774538889103;2,97483976466467;0,682887389885195
19,1775927777992;2,97319156609061;0,687983050801336
19,1777316666881;2,96487889131043;0,685762506227974
19,177870555577;2,96323070118277;0,70516557082729
19,1780097222436;2,96141538226647;0,710876204862956
19,1781483333547;2,96472992669305;0,706876318075871
19,1782872222436;2,97615475124837;0,707588614762471
19,1784261111325;2,94493226258894;0,703058595437085
19,1785650000214;2,95808373298331;0,710317780627008
19,1787038889103;2,94984160608831;0,70317198354374
19,1788425000214;2,95759286500481;0,690032808195213
19,1789813889103;2,96652713341183;0,711401904124273
19,179120555577;2,97241053020781;0,717180291963047
19,1792591666881;2,94779899961188;0,721608515969365
19,179398055577;2,97319156609061;0,722105431017326
19,1795372222436;2,97501462984786;0,693636315120557
19,1796758333548;2,97795191898678;0,715942442748769
19,1798150000214;2,96237123980515;0,69403273960674
19,1799538889103;2,956268293216;0,679171336649489
19,1800925000214;2,95005168970607;0,687942838810073
19,1802313889103;2,94433543859418;0,718846453943058
19,1803702777992;2,95386671225231;0,716044163727389
19,1805094444659;2,94729097124343;0,701336303077994
19,1806486111325;2,94012617316855;0,709593635244488
19,1807872222436;2,94693953823429;0,701606584373337
19,1809261111325;2,94248482530139;0,725025336815349
19,1810647222436;2,97004422875352;0,721354105448313
19,1812038889103;2,95907491153244;0,703058595437085
19,1813427777992;2,92615067276589;0,686174882802504
19,1814816666881;2,95255934121138;0,710005938456419
19,1816202777992;2,92139800428725;0,716625909369697
19,1817594444659;2,94137999892118;0,716783867476806
19,1818983333547;2,94066186874039;0,724686576114692
19,1820369444659;2,9216959380696;0,71109039116638
19,1821761111325;2,94854479699606;0,714418266618623
19,1823147222436;2,93811883930701;0,716569749266853
19,1824538889103;2,93536576205614;0,691072475083899
19,1825925000214;2,94672944299646;0,707074487189345
19,1827313889103;2,93572484049974;0,72521203084105
19,182870555577;2,94062649081226;0,7244838554343
19,1830094444659;2,95991611777583;0,703002416144784
19,183148055577;2,93536576205614;0,703686053338828
19,1832869444659;2,93185926967254;0,696794777179548
19,1834261111325;2,95226140742898;0,699872763976998
19,1835650000214;2,93661958780876;0,699160467290454
19,1837038889103;2,92740449851851;0,686887187434905
19,1838427777992;2,93096453366121;0,7024322275862
19,1839816666881;2,93057024726346;0,693721495316282
19,184120555577;2,91147243577893;0,69403273960674
19,1842594444659;2,94209041739774;0,695444503292066
19,184398055577;2,92579159147152;0,694874278045205
19,1845369444659;2,92485404593515;0,722517685310066
19,1846761111325;2,92830694948319;0,678188750721688
19,1848150000214;2,91343675796767;0,692524540014915
19,1849541666881;2,9350066849849;0,720783843516557
19,1850927777992;2,91568177071753;0,727132676696328
19,1852316666881;2,9228361283393;0,706346246976182
19,1853708333547;2,89768125681033;0,714903652710291
19,1855091666881;2,90557197277894;0,677877327327423
19,1856483333547;2,90539710759575;0,718077952832914
19,1857872222436;2,90133687004956;0,705776083183821
19,1859261111325;2,90064443352168;0,729595606579664
19,1860650000214;2,91240256523875;0,72172185454977
19,1862038889103;2,89618972058878;0,697523099307233
19,1863427777992;2,89107026293709;0,721167411422584
19,1864822222436;2,90921974568474;0,697494240513265
19,1866208333548;2,91626049063149;0,711514158224361
19,1867597222436;2,90701001041967;0,713282097727813
19,1868983333548;2,88831720745083;0,716242354302949
19,1870375000214;2,91847013949479;0,713322366570367
19,1871763889103;2,89157830884878;0,688152528315584
19,1873150000214;2,91057001957216;0,721212188674684
19,1874538889103;2,91589192320447;0,69403273960674
19,187593055577;2,90500273477431;0,704894187311083
19,1877316666881;2,883362118658;0,707430640151159
19,187870555577;2,9144279449649;0,703584229886474
19,1880094444659;2,90118785346496;0,701307645434554
19,1881483333548;2,91292873245027;0,728725353013715
19,1882872222436;2,89469046032059;0,72303177429967
19,1884261111325;2,89292858273626;0,701194207798835
19,1885650000214;2,91182384532482;0,694619185287536
19,1887041666881;2,89929415963422;0,728341780827009
19,1888427777992;2,88699299821025;0,697748658980657
19,1889816666881;2,88918432725808;0,716242354302949
19,189120555577;2,89469046032059;0,703940402718075
19,1892594444659;2,88556416495993;0,717879735122324
19,1893983333547;2,9007581034362;0,682588157495445
19,1895372222436;2,91627863824721;0,711615927800125
19,1896761111325;2,8739980342163;0,716993679871962
19,1898152777992;2,85509510864998;0,707018279470219
19,1899538889103;2,87985556805327;0,685350178559702
19,190093055577;2,90392386907729;0,71954593744951
19,1902316666881;2,87654102362669;0,69403273960674
19,1903702777992;2,86989470029448;0,716055660277277
19,1905091666881;2,88760673635301;0,723800254928562
19,1906483333548;2,88045241381462;0,707588614762471
19,1907869444659;2,88999134980185;0,707085983739205
19,1909261111325;2,86511625104308;0,702646251262081
19,1910650000214;2,87468268628746;0,703002416144784
19,1912038889103;2,88374881096033;0,714434186304118
19,1913425000214;2,86666888482813;0,717309486029905
19,1914816666881;2,87504175913608;0,713237605078376
19,191620555577;2,87052681022087;0,70552175429296
19,1917594444659;2,86463400174978;0,70354391342363
19,1918983333548;2,87784831417451;0,697692442023367
19,1920372222436;2,88683668420015;0,690304008280862
19,1921761111325;2,86884344097999;0,691998938580269
19,1923150000214;2,88798416831;0,713451560637168
19,1924538889103;2,85595458757086;0,682984711609606
19,1925925000214;2,85817197671696;0,692794890392463
19,1927316666881;2,86732590835067;0,666772888018528
19,1928702777992;2,82968463361087;0,684966614933842
19,1930094444659;2,85967119800378;0,715117689601755
19,1931483333547;2,86188096770644;0,706148013063682
19,1932872222436;2,86684379744554;0,698162088265349
19,1934261111325;2,87324459139765;0,718235894739564
19,1935650000214;2,82709843830787;0,705877939050765
19,1937038889103;2,85455183196376;0,692936851786811
19,1938425000214;2,84665192810917;0,692112277160675
19,1939816666881;2,86770337124665;0,694732182766018
19,1941208333548;2,86979948046547;0,698206553092007
19,1942597222436;2,8512371832573;0,70906801669139
19,194398055577;2,85726966480183;0,696540391111995
19,1945372222436;2,84423188153824;0,723020316333304
19,1946761111325;2,82399397749907;0,734848527481773
19,1948150000214;2,84623911364861;0,71162759586008
19,1949538889103;2,83283316030392;0,687045162046218
19,1950927777992;2,83723422005642;0,708752112703763
19,1952313889103;2,85691815096436;0,695331458140942
19,1953702777992;2,84094323704119;0,702448033551491
19,1955094444659;2,83009692831092;0,691428639966659
19,1956483333548;2,85391974737993;0,719117754909718
19,1957869444659;2,85116673933189;0,697534500116717
19,1959258333547;2,83391954600739;0,710932412582054
19,1960650000214;2,86573889309915;0,700466049512102
19,1962038889103;2,82880779486206;0,699940382046179
19,1963427777992;2,84755417048194;0,702132154018045
19,1964819444659;2,84680081474275;0,694558487787759
19,196620555577;2,84988690936981;0,71162759586008
19,1967591666881;2,83648086431722;0,721935878225651
19,1968983333547;2,81974167018916;0,703742147336072
19,1970375000214;2,793929934576;0,721054193894133
19,1971763889103;2,83792643179439;0,684441062406165
19,1973150000214;2,82398630152724;0,699685988030893
19,1974541666881;2,82509118442908;0,689920440374834
19,1975927777992;2,8110097567457;0,700296541663477
19,1977316666881;2,835735037761;0,695658689595518
19,1978708333548;2,8126579293301;0,70978032927016
19,1980094444659;2,79864744286948;0,711514158224361
19,1981483333547;2,82470447393518;0,710774446222558
19,1982872222436;2,81687493601714;0,710005938456419
19,1984263889103;2,81337609329117;0,713282097727813
19,1985650000214;2,82213565177986;0,68053850098255
19,1987041666881;2,80550371075412;0,720670651663539
19,1988427777992;2,83322738625574;0,711401904124273
19,1989819444659;2,81908469727242;0,720783843516557
19,1991208333548;2,82826454351837;0,702488321583445
19,1992594444659;2,8109209540454;0,680594594979766
19,1993983333548;2,79407885143291;0,681690503282795
19,1995372222436;2,79282502568026;0,704470387549236
19,1996761111325;2,83136911317186;0,711130603157585
19,1998150000214;2,79354321498391;0,708170346582449
19,1999541666881;2,82398630152724;0,682102798545827
19,2000927777992;2,78947511988332;0,698946267776023
19,2002316666881;2,77786615687023;0,707018279470219
19,200370555577;2,78853772545116;0,711086138330927
19,2005097222436;2,81683213493906;0,703798307438916
19,2006483333547;2,80837046044917;0,718817681341534
19,2007875000214;2,79613979136417;0,688666614622207
19,2009263889103;2,80511699116207;0,711101830556117
19,2010652777992;2,77499940580213;0,715530041724207
19,2012041666881;2,77493815432379;0,721935878225651
19,201343055577;2,80983449035588;0,725951745525037
19,2014816666881;2,79649889800382;0,703742147336072
19,2016208333547;2,7887830472184;0,701877784459043
19,2017594444659;2,77864714986205;0,716213581701481
19,2018983333547;2,8117203837937;0,702120714628336
19,2020375000214;2,76928320447382;0,702476863617107
19,2021758333547;2,77054458403387;0,692896611371083
19,2023147222436;2,80275070725565;0,702318889005795
19,2024536111325;2,7933683023665;0,708181900297518
19,2025925000214;2,78747549389544;0,710876204862956
19,2027313889103;2,76632756752701;0,697850396156952
19,202870555577;2,78522290809286;0,705238950092678
19,2030094444659;2,78100588451039;0,688824540326578
19,2031483333548;2,7817592690979;0,689451103505576
19,2032869444659;2,77054458403387;0,716925918123877
19,2034261111325;2,78782700773291;0,695342744651668
19,2035650000214;2,75890106114602;0,707758002407417
19,2037038889103;2,76297766765168;0,683926934833039
19,2038425000214;2,77811151341308;0,705408292808841
19,2039813889103;2,7577961740206;0,731103793942111
19,204120555577;2,76943210833224;0,703018392683191
19,2042591666881;2,78983421099747;0,704323974904781
19,2043983333547;2,77039566262761;0,713322366570367
19,2045369444659;2,74221553382256;0,708497730916008
19,2046761111325;2,72672264120732;0,680267200015862
19,2048150000214;2,76000596126823;0,728713799298674
19,2049541666881;2,76200560195124;0,689965247580233
19,2050927777992;2,74879128042841;0,696240414760609
19,2052313889103;2,74894020183464;0,695444503292066
19,205370555577;2,74918558437275;0,69236662653995
19,2055094444659;2,77316743631411;0,685180760585666
19,2056483333547;2,7590499997732;0,689293112697527
19,2057872222436;2,76739731103601;0,71954593744951
19,2059258333547;2,76642536753076;0,700623958706387
19,2060650000214;2,75264168256129;0,71318036055149
19,2062036111325;2,73468390896801;0,685960723938564
19,2063427777992;2,75464884935559;0,697534500116717
19,2064816666881;2,75250029741315;0,689050182528263
19,206620555577;2,74567917281752;0,709210067338432
19,2067591666881;2,74200538693202;0,70390007701468
19,2068983333548;2,74056742167215;0,693834516630687
19,2070369444659;2,7508522457087;0,691642785618455
19,2071758333547;2,74406624887513;0,701194207798835
19,2073150000214;2,70964276705203;0,706673729446436
19,2074538889103;2,7310008487585;0,716242354302949
19,207593055577;2,74311026983386;0,699940382046179
19,2077316666881;2,74492583177587;0,693320411132902
19,207870555577;2,73649931494663;0,695868379101057
19,2080094444659;2,71721730287771;0,709210067338432
19,2081483333547;2,73871669954391;0,681634437722181
19,2082872222436;2,73500012420226;0,699771053931073
19,2084261111325;2,71627979958251;0,690874257373309
19,2085650000214;2,74013812133731;0,702132154018045
19,2087036111325;2,70880179963086;0,70702990893642
19,208843055577;2,72989595740913;0,707401838816338
19,2089816666881;2,72788873237388;0,691270714262316
19,2091202777992;2,73024747124663;0,690660179820838
19,2092594444659;2,72973946919848;0,723602048153339
19,2093983333547;2,6913091191297;0,694518105213575
19,2095372222436;2,71720968798303;0,738677594080485
19,2096761111325;2,71006311809322;0,715830018075621
19,2098150000214;2,69402696919113;0,717563855588935
19,2099536111325;2,72638954585389;0,698104810651273
19,2100927777992;2,71852479543492;0,712028271975157
19,2102316666881;2,71516737652885;0,71165625350352
19,210370555577;2,73524548919397;0,695812313540387
19,2105094444659;2,71185257184595;0,70390007701468
19,2106483333548;2,69848934191512;0,696382465407623
19,2107872222436;2,7023472673078;0,685548428675531
19,2109263889103;2,69713906802764;0,699160467290454
19,2110650000214;2,69516704452244;0,689462485740194
19,2112038889103;2,69917388677209;0,692936851786811
19,211343055577;2,69752579216927;0,706831626410064
19,2114816666881;2,69920007230908;0,709593635244488
19,2116208333548;2,69391321876978;0,702973701017356
19,2117594444659;2,69005529337707;0,696026296550656
19,2118983333547;2,70099699342038;0,723545868861038
19,2120372222436;2,71191388376852;0,715530041724207
19,2121763889103;2,68215543274695;0,731487361848167
19,2123152777992;2,67754423164521;0,701918157791113
19,2124538889103;2,67734144186764;0,697122204853656
19,2125927777992;2,68799443143396;0,717665657569881
19,2127319444659;2,68194519973974;0,691399924839175
19,212870555577;2,66517074754125;0,711259764209046
19,2130094444659;2,69110656821459;0,703414752372169
19,2131483333547;2,68215543274695;0,670472899936271
19,2132872222436;2,68705695088514;0,681690503282795
19,2134261111325;2,6774903415012;0,714944063723664
19,2135652777992;2,68726718389232;0,704110060017626
19,2137041666881;2,67793839648914;0,720325888881916
19,213843055577;2,67734144186764;0,673392838755689
19,2139813889103;2,67108963821428;0,683554863476843
19,2141202777992;2,6719843559539;0,679696938084135
19,2142594444659;2,66065591454412;0,692326300836555
19,2143983333548;2,6585598141005;0,716253926597744
19,2145369444659;2,69145803598664;0,715473853192861
19,2146758333548;2,64752925027463;0,684864840092587
19,2148147222436;2,65194889365893;0,696766033313708
19,2149536111325;2,67123852062255;0,70086688887568
19,2150927777992;2,64758297784496;0,70516557082729
19,2152316666881;2,66481165220296;0,711615927800125
19,2153702777992;2,66059463284492;0,700781880130592
19,2155091666881;2,63284334893899;0,70409831619304
19,2156483333547;2,61486880902794;0,695828062638157
19,2157872222436;2,64738031587137;0,694360199994094
19,2159261111325;2,65565050504154;0,68741278886958
19,2160647222436;2,64393529105837;0,695099953268283
19,2162038889103;2,64387393908581;0,699002484733285
19,2163425000214;2,62387367240092;0,701748590392157
19,2164816666881;2,64116367337664;0,706916520829822
19,216620555577;2,62587330431046;0,699144490752104
19,2167594444659;2,65012576556245;0,685079039607047
19,2168983333547;2,65679798915141;0,677092838444054
19,2170369444659;2,6267942033615;0,706448054223358
19,2171761111325;2,63950802041987;0,68461045005111
19,2173150000214;2,64483000457244;0,69895787866102
19,2174538889103;2,62242830224761;0,734763480156431
19,2175927777992;2,63415843599154;0,695670128985228
19,2177316666881;2,64847769695794;0,707442155279182
19,2178702777992;2,62147974246872;0,718276192011302
19,2180094444659;2,63086238458862;0,700466049512102
19,2181483333548;2,63544744857907;0,717621507408012
19,2182872222436;2,64829377357336;0,695173446860395
19,2184261111325;2,62682930934776;0,694732182766018
19,2185650000214;2,65294006375871;0,702646251262081
19,2187038889103;2,60750457639787;0,704639805523328
19,2188425000214;2,62554037760884;0,703414752372169
19,2189813889103;2,61557953942196;0,69551220756108
19,219120555577;2,62219043386159;0,697890664999477
19,2192594444659;2,62039359076249;0,674030784169304
19,2193983333548;2,60810900617815;0,707187801924874
19,2195372222436;2,63119523678859;0,687056620012584
19,2196761111325;2,6202183934563;0,710520043954148
19,2198150000214;2,61251006593068;0,701539023758386
19,2199538889103;2,62207666061695;0,695444503292066
19,2200927777992;2,61492271892638;0,710531654839173
19,2202316666881;2,60147192620153;0,706673729446436
19,220370555577;2,60478669188544;0,727827702775869
19,2205094444659;2,61291566102881;0,686118665845243
19,2206483333547;2,62018331769855;0,697235886508395
19,2207872222436;2,5930289923227;0,70889425261899
19,2209261111325;2,61065178407239;0,693834516630687
19,2210647222436;2,60368175699145;0,689078926394131
19,2212036111325;2,61510664231093;0,680057780071422
19,2213427777992;2,61965665726692;0,697704052908392
19,2214816666881;2,60860954152039;0,716569749266853
19,2216208333548;2,60971451964622;0,684808689229499
19,2217594444659;2,6020337143874;0,674743112643171
19,2218983333548;2,57975325454169;0,69403273960674
19,2220372222436;2,5610067619379;0,715315923514225
19,2221761111325;2,59668411240827;0,68811221185274
19,2223150000214;2,5746766297853;0,709622379110328
19,2224538889103;2,60789878479872;0,683938431382899
19,2225927777992;2,59761400080879;0,721038217355783
19,2227316666881;2,58383044583059;0,722134117404039
19,2228708333548;2,57081870439259;0,68352617709013
19,2230094444659;2,5979379381609;0,703730689369735
19,2231486111325;2,59416899874594;0,698048602932175
19,2232872222436;2,59156489910583;0,682944329035422
19,2234261111325;2,60239282525254;0,685079039607047
19,2235652777992;2,56255974557274;0,696766033313708
19,2237041666881;2,60425108078547;0,693890733587921
19,2238427777992;2,58495402221999;0,688310445765239
19,2239819444659;2,57093246041191;0,693507187079035
19,224120555577;2,5671635209969;0,698732203437913
19,2242594444659;2,60714546553274;0,699512362152774
19,2243986111325;2,58295433765883;0,707600072728809
19,2245372222436;2,56707453501917;0,691654282168344
19,2246763889103;2,58471613628018;0,678244873153119
19,2248150000214;2,57924527289623;0,710876204862956
19,2249541666881;2,56091176342835;0,693094801946643
19,2250927777992;2,58920611245659;0,68461045005111
19,2252316666881;2,56620743795824;0,70702990893642
19,2253708333548;2,56345446046024;0,697805903507515
19,2255097222436;2,58938135722499;0,69025983028763
19,2256483333547;2,57242413699831;0,687000526015368
19,2257875000214;2,54653108230298;0,718445804358566
19,2259263889103;2,56656654459789;0,718761578102999
19,2260647222436;2,577035381657;0,702702439793399
19,2262038889103;2,56156858392387;0,720427674659589
19,2263425000214;2,55613282652621;0,69347835701339
19,2264813889103;2,55409805068012;0,691970137245448
19,226620555577;2,55669471871838;0,702290087670974
19,2267591666881;2,55830766378824;0,715315923514225
19,226898055577;2,54984595134152;0,693846127515656
19,2270372222436;2,54688273523695;0,692738645011559
19,2271758333547;2,57939414652867;0,687910014575834
19,2273147222436;2,54362923084778;0,71366166657225
19,2274536111325;2,53941219321644;0,684283087794853
19,2275927777992;2,56180646986368;0,718089620892897
19,2277316666881;2,55337983602746;0,703002416144784
19,227870555577;2,54267315691024;0,686062514982126
19,2280094444659;2,56788175255249;0,687056620012584
19,2281483333547;2,55109977709418;0,705352141945696
19,2282869444659;2,55756180212697;0,680606320219624
19,2284261111325;2,55660570218538;0,712723549114003
19,2285647222436;2,53570314145617;0,70503632722631
19,2287038889103;2,54526979439322;0,729025491407072
19,2288425000214;2,5474258042679;0,681690503282795
19,2289816666881;2,53534403481652;0,705877939050765
19,229120555577;2,54213010055611;0,696750397965957
19,2292597222436;2,54030690810393;0,716525513471993
19,229398055577;2,52637435827842;0,702132154018045
19,2295372222436;2,55999075191895;0,692936851786811
19,2296758333547;2,54448890866081;0,712881421612735
19,2298150000214;2,53776421107204;0,713237605078376
19,2299538889103;2,55956148954087;0,678402815059798
19,2300927777992;2,51692150491385;0,697534500116717
19,2302313889103;2,52703125118526;0,696709958510951
19,230370555577;2,55645683277857;0,698432162278266
19,2305097222436;2,53832632823756;0,70516557082729
19,2306483333548;2,53124827614079;0,699726304493737
19,2307875000214;2,5324421924625;0,683712789181214
19,2309261111325;2,53090808166505;0,685022794226171
19,2310650000214;2,51751846661276;0,686288173693839
19,2312038889103;2,52448847329103;0,683882356580114
19,231343055577;2,52819752927689;0,696923954737883
19,2314813889103;2,52251643288574;0,709464441177602
19,231620555577;2,53591338006231;0,677674672670577
19,2317597222436;2,53334437658449;0,723359256769953
19,2318983333547;2,51094265670758;0,672551349230446
19,2320372222436;2,52132260366434;0,700042151622
19,2321761111325;2,50169260865016;0,699200670044377
19,2323150000214;2,50444555591702;0,706916520829822
19,2324541666881;2,52233250950115;0,68960462565542
19,2325927777992;2,51347667512329;0,69434862769927
19,2327316666881;2,51842067421001;0,688508701147185
19,2328708333547;2,50884655034071;0,697280122303283
19,2330094444659;2,48645235372362;0,700980130246364
19,2331483333547;2,52177060040628;0,692750198726657
19,2332872222436;2,49491402229086;0,674743112643171
19,2334261111325;2,49918495714485;0,691925787998173
19,2335652777992;2,50098181292171;0,688711421827605
19,2337038889103;2,47834225098669;0,703160354077539
19,2338427777992;2,49496791243487;0,697291847543113
19,2339816666881;2,50319173016439;0,698416413180496
19,234120555577;2,49473002649506;0,71953001776393
19,2342594444659;2,50243847623651;0,719699630111222
19,2343983333548;2,49440602024271;0,722093820132329
19,2345372222436;2,51476550634254;0,694558487787759
19,2346761111325;2,49912355453665;0,701348104088936
19,2348150000214;2,50304288253759;0,698574302193464
19,2349538889103;2,51255558909986;0,704894187311083
19,2350925000214;2,50175408155528;0,679712857769687
19,2352319444659;2,47768538693296;0,706448054223358
19,235370555577;2,49403095198278;0,689050182528263
19,2355097222436;2,48405096383095;0,717349859362002
19,2356483333547;2,48093888846969;0,691084143143854
19,2357872222436;2,50740877202165;0,716213581701481
19,2359261111325;2,48465539361121;0,694874278045205
19,2360650000214;2,49753702701804;0,668439025543023
19,2362038889103;2,47158247413876;0,684808689229499
19,2363427777992;2,47786939677763;0,708695981031838
19,2364816666881;2,4712584678864;0,678758975968549
19,2366208333547;2,5213413563045;0,706448054223358
19,2367597222436;2,46371776694915;0,687796356775607
19,2368983333547;2,49637805219763;0,682260740452534
19,2370372222436;2,47914946852001;0,716242354302949
19,2371761111325;2,49587006177634;0,684096352807103
19,2373152777992;2,4847968138624;0,69233796889651
19,2374538889103;2,4724771876528;0,706560365186135
19,237593055577;2,46715520350025;0,69717833652561
19,2377319444659;2,48114915593391;0,692892472573249
19,2378708333548;2,47212556949745;0,68553691354748
19,2380091666881;2,47843123696441;0,706448054223358
19,238148055577;2,48148197017713;0,729251216172713
19,2382869444659;2,46000869796063;0,723929432486898
19,2384261111325;2,44792694891373;0,699358636403872
19,2385647222436;2,47196921193162;0,714903652710291
19,2387038889103;2,44457699638974;0,713293651442882
19,2388425000214;2,45674777782497;0,693264279460948
19,2389816666881;2,46401549276015;0,696908262512721
19,239120555577;2,4396492410402;0,710876204862956
19,2392594444659;2,43961411465125;0,691128663615302
19,239398055577;2,45007548532797;0,712339964083583
19,2395372222436;2,45157462407144;0,706346246976182
19,2396758333547;2,46482274930116;0,713282097727813
19,2398150000214;2,44251599210833;0,707243905163409
19,2399538889103;2,45560779423249;0,695868379101057
19,2400927777992;2,45028575279218;0,679284675229894
19,2402313889103;2,43904479085725;0,70025213462489
19,2403702777992;2,43279298160542;0,700211704413647
19,2405091666881;2,44221078268947;0,694716376800784
19,2406483333547;2,40417457146413;0,698788325869344
19,2407872222436;2,4423670966996;0,668806835791401
19,2409258333547;2,44702486914193;0,704069629806384
19,2410650000214;2,45635367345076;0,682588157495445
19,2412036111325;2,43631816726892;0,690502274601357
19,2413427777992;2,45650249506775;0,680380611969554
19,2414816666881;2,44326181866452;0,72147943280072
19,241620555577;2,43416234263418;0,7017198752647
19,2417594444659;2,42110543778111;0,686802254428159
19,2418983333548;2,43120641612359;0,696923954737883
19,2420372222436;2,41792324114056;0,69717833652561
19,2421761111325;2,43354631557025;0,697636291160251
19,2423150000214;2,41810712128961;0,696224551932659
19,2424536111325;2,4538111071974;0,701877784459043
19,2425927777992;2,43231142448636;0,686474826754022
19,2427316666881;2,41210065525678;0,670472899936271
19,242870555577;2,41245976749539;0,713593789836182
19,2430094444659;2,39127688830894;0,677844360314765
19,2431483333547;2,40034301298184;0,675228478250006
19,2432875000214;2,41410033104086;0,700980130246364
19,2434261111325;2,4127575193105;0,70889425261899
19,2435650000214;2,39683691445964;0,68152102576849
19,2437038889103;2,39110164354059;0,679284675229894
19,2438425000214;2,39792277943852;0,668281087610353
19,2439813889103;2,38209692147589;0,704510627964964
19,244120555577;2,39962476452058;0,699641638783589
19,2442594444659;2,42863732195013;0,700822225026883
19,2443983333547;2,38174523376048;0,709023496220027
19,2445372222436;2,38520898520733;0,719343446645524
19,2446758333547;2,41927351502801;0,700781880130592
19,2448150000214;2,41024240564815;0,716242354302949
19,2449541666881;2,38529806285845;0,70593397617219
19,2450927777992;2,40378784277243;0,682091397736372
19,2452316666881;2,39498599631185;0,708695981031838
19,245370555577;2,36298281958736;0,704267928540332
19,2455091666881;2,39606452982991;0,662599147906377
19,245648055577;2,37881716231965;0,704510627964964
19,2457872222436;2,38359604299018;0,712921880267118
19,2459261111325;2,38338579275518;0,692112277160675
19,2460652777992;2,37823899608318;0,719699630111222
19,2462038889103;2,35120630141216;0,67860103803585
19,2463427777992;2,38876923680368;0,676222580597454
19,2464816666881;2,36591102885185;0,697449720041845
19,246620555577;2,38544688870235;0,69017481421406
19,2467594444659;2,35337373023373;0,700296541663477
19,2468983333547;2,37416245692867;0,705922403877423
19,2470372222436;2,36124580790704;0,70593397617219
19,2471761111325;2,37541628268127;0,685136182332798
19,2473147222436;2,3757313445779;0,699314058151003
19,2474538889103;2,3390894171996;0,690716311492821
19,247593055577;2,36605985924763;0,686632776913854
19,2477316666881;2,3541269623787;0,678402815059798
19,247870555577;2,36845368582377;0,667710899051741
19,2480097222436;2,35086607872847;0,688310445765239
19,2481483333547;2,34184239047212;0,709277829086545
19,2482872222436;2,36680572968706;0,679329311260801
19,2484261111325;2,37032395328185;0,696794777179548
19,2485650000214;2,37382992391395;0,681176422548475
19,2487038889103;2,32219365686888;0,687582401216815
19,2488427777992;2,34826934957204;0,707085983739205
19,2489819444659;2,3475511180165;0,682588157495445
19,249120555577;2,3542758100055;0,680380611969554
19,2492594444659;2,33665327833324;0,695982060755739
19,2493986111325;2,36916455957538;0,688836226969443
19,2495375000214;2,36495487689555;0,711457998121489
19,2496761111325;2,32126387182305;0,705577800657409
19,2498147222436;2,34186147761341;0,699144490752104
19,2499538889103;2,33940617357592;0,70409831619304
19,2500927777992;2,35538078813133;0,690914545405292
19,2502316666881;2,3307956304098;0,699685988030893
19,2503702777992;2,30747273834882;0,690660179820838
19,2505094444659;2,32015150143059;0,677064152057341
19,250648055577;2,33612620669436;0,697110689725633
19,2507869444659;2,3206594595969;0,697478377685286
19,2509261111325;2,32512179721573;0,705408292808841
19,2510650000214;2,34386120607127;0,696596570404296
19,2512036111325;2,35247903225186;0,701918157791113
19,2513427777992;2,32807765414293;0,698744004448884
19,2514816666881;2,30944480410949;0,681690503282795
19,251620555577;2,33432937724885;0,687000526015368
19,2517594444659;2,32451738498958;0,705250350902134
19,251898055577;2,29996717225822;0,693106374241438
19,2520372222436;2,31589948922164;0,67860103803585
19,2521761111325;2,29990573941646;0,710689551802773
19,2523147222436;2,30983895204906;0,662971113488908
19,2524538889103;2,3203003402796;0,689050182528263
19,2525927777992;2,28226412905425;0,6750590007357
19,2527313889103;2,3030792272115;0,668620387612265
19,2528702777992;2,32526325257595;0,671584630409711
19,2530091666881;2,30890190380615;0,707600072728809
19,2531483333548;2,29500425573531;0,670856472122978
19,2532872222436;2,30489518703851;0,674743112643171
19,2534263889103;2,30878802717933;0,690660179820838
19,2535647222436;2,30890190380615;0,688310445765239
19,2537038889103;2,30565702040406;0,70910827629487
19,2538427777992;2,31449686363877;0,697280122303283
19,2539816666881;2,30364136128588;0,710373770107481
19,2541202777992;2,30432571304348;0,689350288507597
19,2542594444659;2,28393107316481;0,701561978301072
19,254398055577;2,2820802056697;0,708137807942194
19,2545372222436;2,29901102875485;0,686700452447155
19,2546761111325;2,28543017289613;0,699528054377964
19,2548150000214;2,29685512323044;0,678414425944766
19,2549538889103;2,27271642475745;0,671201075342964
19,255093055577;2,28172108635246;0,684238537362234
19,2552313889103;2,265000573972;0,712311392684796
19,255370555577;2,27771432211071;0,697636291160251
19,2555094444659;2,28708559964275;0,6737321387576
19,2556483333547;2,30357982789917;0,691925787998173
19,2557869444659;2,26874464557267;0,711615927800125
19,2559258333547;2,2835443217173;0,688994107725534
19,2560652777992;2,27460965064591;0,677888709562041
19,2562041666881;2,265000573972;0,694304162872612
19,2563427777992;2,28079140468739;0,682204589589389
19,2564819444659;2,2720055510058;0,685136182332798
19,2566208333548;2,26921762850924;0,680792850361769
19,2567594444659;2,27071671978652;0,684080660581913
19,2568983333547;2,28142342165955;0,680752524658374
19,2570372222436;2,27696845452436;0,700398316504732
19,2571761111325;2,26524584372379;0,685746700262683
19,2573150000214;2,27071671978652;0,70738608971854
19,2574538889103;2,26521089873361;0,692738645011559
19,2575927777992;2,27867050918189;0,686858386100113
19,2577313889103;2,27014731017431;0,700567883903631
19,257870555577;2,25382090216809;0,695970202553411
19,2580094444659;2,24320329550318;0,713649826957663
19,2581483333548;2,25292619710618;0,702064478484743
19,2582872222436;2,23542598163985;0,690700562395023
19,2584261111325;2,24996297677532;0,689988202122947
19,2585650000214;2,27032264987895;0,679126786216926
19,2587038889103;2,27993167485519;0,683198694619875
19,258843055577;2,25127099664604;0,689050182528263
19,2589816666881;2,25788911785574;0,70024039080036
19,259120555577;2,2509191462886;0,708283734689104
19,2592594444659;2,28247436206146;0,694772470798029
19,2593988889103;2,27235729698668;0,702601929841592
19,2595375000214;2,2683505587564;0,685022794226171
19,2596761111325;2,22867366239782;0,668806835791401
19,2598152777992;2,25492589329826;0,692112277160675
19,2599538889103;2,23988832211145;0,710148078371674
19,2600927777992;2,22741246616152;0,689050182528263
19,2602316666881;2,26260679909353;0,677844360314765
19,260370555577;2,25543384861143;0,689818649331301
19,2605094444659;2,25277005735529;0,670472899936271
19,2606486111325;2,25967852089977;0,688254351767966
19,2607872222436;2,22465955368389;0,721009502228299
19,2609261111325;2,23327744945183;0,689762526899869
19,2610650000214;2,23488305597456;0,701134365146913
19,2612038889103;2,23417958748908;0,665902630171928
19,2613427777992;2,25453181493617;0,690304008280862
19,2614816666881;2,23007634455467;0,691399924839175
19,261620555577;2,25331294400178;0,677476406350081
19,2617594444659;2,23578510095709;0,693846127515656
19,2618983333548;2,21560076893161;0,681860145972223
19,2620372222436;2,21398782248826;0,67287874419435
19,2621758333547;2,2277101308544;0,692896611371083
19,2623150000214;2,21524164824089;0,688424054023358
19,2624536111325;2,22335165541807;0,694360199994094
19,2625927777992;2,22244954086005;0,701862149111321
19,2627313889103;2,24080952062468;0,711514158224361
19,2628702777992;2,20937666495058;0,68065075508261
19,2630091666881;2,24045038725276;0,701450008588097
19,2631483333547;2,21529584235896;0,704624113298138
19,2632869444659;2,23082219743858;0,68960462565542
19,2634258333547;2,21670576428849;0,681290153749529
19,2635647222436;2,22331661971708;0,689932184199364
19,2637038889103;2,2238787537915;0,698162088265349
19,2638425000214;2,22059869514788;0,6700725769428
19,2639816666881;2,21764294257383;0,697449720041845
19,2641202777992;2,19687327604245;0,704838055639101
19,2642594444659;2,21308577750568;0,696552077754916
19,2643983333547;2,21198076459063;0,682774851521117
19,2645372222436;2,22647563578849;0,695654436760094
19,2646761111325;2,21248871397836;0,713249559087501
19,2648150000214;2,21434694317901;0,687570714573951
19,2649538889103;2,18984911693525;0,665744720977585
19,2650925000214;2,19795171461629;0,668252372482868
19,2652313889103;2,1909541122921;0,711983779325749
19,265370555577;2,19340939454239;0,68936220390637
19,2655091666881;2,21063786118688;0,70593397617219
19,265648055577;2,21212959043453;0,720597272398152
19,2657869444659;2,17902121119658;0,682374201936682
19,2659261111325;2,209227852113;0,680436677530167
19,2660647222436;2,18162531083664;0,690716311492821
19,2662036111325;2,20096919272851;0,678244873153119
19,2663425000214;2,20772877839528;0,692168371157919
19,2664816666881;2,20297616347563;0,70516557082729
19,266620555577;2,2139455684715;0,687016331980601
19,2667594444659;2,21009492186585;0,691072475083899
19,2668983333547;2,2123398923614;0,702844490440441
19,2670369444659;2,182581506362;0,695783713390909
19,2671761111325;2,2108757646819;0,680436677530167
19,2673150000214;2,18658824036504;0,711045727317554
19,2674538889103;2,18273031497233;0,693264279460948
19,2675927777992;2,17651355969127;0,690914545405292
19,2677316666881;2,19726731993507;0,699682154331896
19,267870555577;2,16284363918621;0,679398454144916
19,2680091666881;2,19795171461629;0,672110297875577
19,2681483333547;2,18894708325996;0,713705930196198
19,2682875000214;2,18993822514938;0,702657919322036
19,2684261111325;2,16508861813554;0,708809662686519
19,2685652777992;2,19319908701479;0,70207605077951
19,2687038889103;2,18604540542347;0,68664434920862
19,2688427777992;2,16487835067136;0,68952003572295
19,2689816666881;2,19100838698498;0,682984711609606
19,269120555577;2,17501446418686;0,683300501867052
19,2692594444659;2,16986779829344;0,691242027875603
19,2693983333548;2,18347620011662;0,693591794649137
19,2695372222436;2,16216795716903;0,711612131174093
19,2696761111325;2,16990271304152;0,700766187905401
19,2698152777992;2,17190242393849;0,706658207868287
19,2699536111325;2,1647560471481;0,685350178559702
19,270093055577;2,17576768925184;0,679284675229894
19,2702313889103;2,16119571751318;0,664750622604942
19,270370555577;2,19526031269021;0,706831626410064
19,2705094444659;2,18622911259428;0,692281979416094
19,2706483333547;2,17041065957588;0,677092838444054
19,2707872222436;2,14085535687968;0,695868379101057
19,2709261111325;2,15868806600787;0,719117754909718
19,2710650000214;2,15183199708247;0,658385045707007
19,2712041666881;2,16733359845841;0,700410003147596
19,271343055577;2,16954358527076;0,692892472573249
19,2714816666881;2,15151515454349;0,675540528752208
19,271620555577;2,1562677892243;0,66913442705976
19,2717594444659;2,13198023604448;0,687898174961248
19,2718983333547;2,14215135607424;0,692112277160675
19,2720369444659;2,14932434557724;0,67268051028185
19,2721761111325;2,16451082064762;0,688666614622207
19,2723150000214;2,16840363054376;0,689932184199364
19,2724538889103;2,16493978351312;0,680550359184906
19,2725927777992;2,16986779829344;0,704069629806384
19,2727316666881;2,14375700869741;0,694004024479256
19,2728708333548;2,15201573344754;0,690502274601357
19,2730097222436;2,1470528169246;0,720225607048093
19,2731483333548;2,15372513225242;0,683668495588279
19,2732872222436;2,14248409580347;0,692750198726657
19,2734261111325;2,12324848055815;0,698799993929299
19,2735650000214;2,1393984390443;0,705363885770254
19,2737036111325;2,12519413584758;0,717662089107819
19,2738427777992;2,11328765790341;0,687541999446466
19,2739813889103;2,13703229557379;0,691242027875603
19,274120555577;2,1483681155824;0,699828127946091
19,2742594444659;2,15898571379353;0,691925787998173
19,2743983333547;2,14561521155935;0,65300732397219
19,2745369444659;2,13168258825888;0,683470159166575
19,2746758333547;2,12796617090089;0,69403273960674
19,2748147222436;2,13679433940425;0,682018018470984
19,2749538889103;2,13694315679408;0,685718071364931
19,2750925000214;2,12581765562129;0,681476560941832
19,2752313889103;2,13387352727838;0,689876232409972
19,275370555577;2,11839940904872;0,682543979502213
19,2755094444659;2,13953994707904;0,707555836933921
19,2756483333547;2,13793430576408;0,674132569946977
19,2757869444659;2,127973480256;0,686802254428159
19,2759258333547;2,130570270541;0,691767939968571
19,2760647222436;2,12465113215467;0,683300501867052
19,2762038889103;2,12046067374729;0,685334486334511
19,2763425000214;2,10957855412767;0,676850277845205
19,2764816666881;2,08924540893901;0,684735996132872
19,2766202777992;2,09289302680415;0,694304162872612
19,2767591666881;2,1195393810093;0,676324398783095
19,2768986111325;2,11839940904872;0,687983050801336
19,2770369444659;2,10814099200996;0,680922077450077
19,2771761111325;2,09585625136162;0,68053850098255
19,2773150000214;2,09289302680415;0,680878070740164
19,2774536111325;2,10774700015406;0,682730386694487
19,2775927777992;2,11292853013265;0,710475636915618
19,2777316666881;2,10978158286818;0,676890802639662
19,277870555577;2,10371359262217;0,68960462565542
19,2780091666881;2,11442762986394;0,682572522147723
19,2781483333547;2,11478675340777;0,706973900256685
19,2782872222436;2,12270563293376;0,670998745969598
19,2784261111325;2,0960050817574;0,67340452539861
19,2785650000214;2,12010881208073;0,716040024929555
19,2787036111325;2,10102227719986;0,698376030606255
19,2788425000214;2,09435716008437;0,694942068536619
19,2789816666881;2,10646650509986;0,681602802597752
19,279120555577;2,10081918511716;0,681702285707473
19,2792591666881;2,07434927620545;0,67031499869185
19,2793983333547;2,09770714772222;0,669789299430505
19,2795375000214;2,1035106594789;0,698376030606255
19,2796761111325;2,08227544615136;0,704992290539622
19,2798150000214;2,08992980362018;0,684209937212756
19,2799538889103;2,09399803093982;0,692112277160675
19,2800925000214;2,08828923097198;0,666270584136612
19,2802316666881;2,07325167734072;0,662570519008653
19,2803702777992;2,08317013990595;0,709277829086545
19,2805091666881;2,09845304164659;0,698744004448884
19,2806483333548;2,11404088296834;0,705307933980805
19,2807872222436;2,07135842511789;0,713237605078376
19,2809261111325;2,08281835913584;0,680922077450077
19,2810650000214;2,07632135887337;0,68556021110021
19,2812038889103;2,0651958924966;0,702646251262081
19,2813427777992;2,07380642858109;0,704279882549457
19,2814816666881;2,08536105616776;0,697405798984818
19,281620555577;2,09089333061203;0,688508701147185
19,2817597222436;2,05967080677959;0,678928498423204
19,2818983333548;2,08117042900903;0,67860103803585
19,2820372222436;2,07712881050256;0,68916384032849
19,2821761111325;2,0583747270102;0,695654436760094
19,2823150000214;2,07746132523326;0,686018307017235
19,2824538889103;2,07491872873786;0,69895787866102
19,282593055577;2,08502835440174;0,692281979416094
19,2827316666881;2,07309545045285;0,687368580904661
19,282870555577;2,0669925531908;0,673206226664604
19,2830094444659;2,05356056251685;0,668620387612265
19,2831483333547;2,06997535398568;0,678884433901771
19,2832872222436;2,05270082358049;0,70207605077951
19,2834263889103;2,07341244583245;0,686074258806627
19,2835652777992;2,0851771760187;0,677888709562041
19,2837041666881;2,06017140038725;0,699314058151003
19,2838427777992;2,06884346425753;0,663254352538615
19,2839816666881;2,04994789809655;0,681658535978357
19,2841208333548;2,05838200579728;0,699258049471212
19,2842594444659;2,05448196777951;0,68096250766132
19,2843986111325;2,04495001797682;0,70516557082729
19,2845372222436;2,05505964924185;0,680764192718357
19,2846761111325;2,06665293823281;0,70484983806378
19,2848150000214;2,04178385319545;0,690858451408047
19,2849541666881;2,04309181226111;0,673602845609651
19,2850927777992;2,06641489424271;0,696721855320419
19,2852316666881;2,01588335357224;0,695654436760094
19,285370555577;2,06183866965432;0,674302167685539
19,2855097222436;2,0517639281652;0,692112277160675
19,285648055577;2,05876876179701;0,697636291160251
19,2857869444659;2,03812886094599;0,688254351767966
19,2859258333547;2,02801924691587;0,67526886082419
19,2860650000214;2,03393851506331;0,679454377485285
19,2862036111325;2,03947913483344;0,660933108225635
19,2863425000214;2,05326297586484;0,706346246976182
19,2864813889103;2,03498920092323;0,697490178696256
19,2866202777992;2,04844881137151;0,685492363114918
19,2867591666881;2,0340872716362;0,707041805745945
19,2868983333547;2,01698834470244;0,683684074053758
19,2870369444659;2,02419624610013;0,699512362152774
19,2871758333547;2,0179445402278;0,678872461301722
19,2873150000214;2,00742164112552;0,700053819681955
19,2874538889103;2,02566039101325;0,698530265506804
19,2875927777992;2,02985096192623;0,703183880353208
19,2877313889103;2,02587073301029;0,711769959013623
19,2878702777992;2,01408661483504;0,702958122551877
19,2880094444659;2,02459035892784;0,69639420923221
19,2881483333547;2,00472291196576;0,693066029345175
19,2882869444659;2,02440656526062;0,688780246733671
19,2884261111325;2,01955749935235;0,679968422507642
19,2885650000214;1,99219288823141;0,708707763456516
19,2887038889103;2,00933399706162;0,678244873153119
19,2888425000214;1,99443785587349;0,702815804053728
19,2889816666881;2,01869774350729;0,683938431382899
19,289120555577;2,00672264920519;0,698060232398376
19,2892594444659;1,99144700023362;0,69426029749394
19,289398055577;1,98979913058835;0,676850277845205
19,2895369444659;2,0328334458836;0,672139013003061
19,2896758333547;1,99419991726356;0,694202307005696
19,2898147222436;2,00466869808483;0,692294047839482
19,2899538889103;1,99189531003498;0,697490178696256
19,2900927777992;2,00211881232565;0,704211948304533
19,2902313889103;2,00125901290431;0,706831626410064
19,290370555577;2,00858083735849;0,687854110439872
19,2905094444659;1,97208758852994;0,684578197054037
19,2906483333547;1,98744027045794;0,68566211033027
19,2907872222436;1,99075541261988;0,680792850361769
19,2909258333547;1,99278999533402;0,686018307017235
19,2910650000214;1,97400008364465;0,675014535909042
19,2912036111325;1,99204409262882;0,692281979416094
19,2913425000214;1,9847222941911;0,677420331547324
19,2914813889103;1,96567987924084;0,698586160395848
19,2916202777992;1,95797124609842;0,698004223718584
19,2917591666881;1,9732275604905;0,693276061885626
19,2918983333547;1,98803738464224;0,68916384032849
19,2920372222436;1,97950583510249;0,694304162872612
19,2921763889103;1,96290761006497;0,692480332050025
19,2923152777992;1,95521836809269;0,655611423612299
19,2924536111325;1,97214190427363;0,696038021790486
19,292593055577;1,95685896350437;0,662242971099687
19,2927313889103;1,93817369894137;0,641246894733882
19,2928702777992;1,95904968467229;0,669760555564665
19,2930091666881;1,96293421887816;0,684820433054028
19,2931483333548;1,98151284234737;0,675652441572993
19,2932869444659;1,9610567643528;0,685746700262683
19,2934261111325;1,96161882949411;0,677460771002387
19,2935650000214;1,95500800885873;0,688322171005041
19,2937038889103;1,96643300244304;0,705007698328529
19,293843055577;1,96701082244152;0,705776083183821
19,2939816666881;1,94732708265025;0,695257850231883
19,294120555577;1,98016256845992;0,676280334261662
19,2942594444659;1,93276245538453;0,70317198354374
19,2943983333547;1,96015468458103;0,695812313540387
19,2945372222436;1,95614794635074;0,691016352652468
19,2946761111325;1,95175446057533;0,700822225026883
19,2948150000214;1,94367947641803;0,700211704413647
19,2949538889103;1,95611305201754;0,700410003147596
19,2950927777992;1,96664337891542;0,688892273333892
19,2952319444659;1,94858090840287;0,712565688849224
19,2953708333547;1,94017343618086;0,685136182332798
19,2955094444659;1,97765491695463;0,701307645434554
19,2956486111325;1,9547303634462;0,681844738183315
19,2957872222436;1,91517492917893;0,671156610516306
19,2959261111325;1,93924396135588;0,682543979502213
19,2960650000214;1,93266797350446;0,695625865361308
19,2962038889103;1,95967345125351;0,675810326304713
19,296343055577;1,94292630963315;0,66698296826479
19,2964816666881;1,93946241902725;0,664010874903454
19,296620555577;1,91807663303192;0,683554863476843
19,2967594444659;1,94894003617364;0,711171665232627
19,2968983333548;1,92620594847168;0,679098186067392
19,2970372222436;1,95300828632796;0,684464245612304
19,2971763889103;1,93192205038093;0,683684074053758
19,2973150000214;1,92714275770481;0,679810570195571
19,2974538889103;1,93266797350446;0,706246116292249
19,2975927777992;1,93186045650242;0,684780002842786
19,2977316666881;1,93632275900444;0,666840649766641
19,2978702777992;1,89442114006727;0,685718071364931
19,2980091666881;1,89788503067317;0,690446237479932
19,2981483333547;1,92935280499714;0,69639420923221
19,2982869444659;1,92363668266955;0,684776625498358
19,2984258333547;1,92289077996435;0,670484700947213
19,2985647222436;1,93221959410207;0,688464578817786
19,2987038889103;1,90931728125545;0,682374201936682
19,2988425000214;1,9085990158855;0,670472899936271
19,2989813889103;1,88960702760338;0,685334486334511
19,299120555577;1,90381151223474;0,70025213462489
19,2992591666881;1,89648243110832;0,693021765721198
19,299398055577;1,90216372064779;0,693790109592101
19,2995369444659;1,88231180350641;0,688678358446737
19,2996761111325;1,89387833146824;0,691970137245448
19,2998147222436;1,90820498109869;0,699325954960528
19,2999536111325;1,89387833146824;0,721520014500499
19,3000925000214;1,89277327952783;0,703867824017664
19,3002313889103;1,90670593339902;0,710159936574001
19,300370555577;1,86666977717394;0,688994107725534
19,3005094444659;1,89663848370759;0,705776083183821
19,300648055577;1,89845454759916;0,695468029567792
19,3007872222436;1,89073869681374;0,694687747903004
19,3009258333547;1,8972007218465;0,687000526015368
19,3010647222436;1,88816945142989;0,692281979416094
19,3012038889103;1,89402710528046;0,68936220390637
19,3013425000214;1,9058461164152;0,688152528315584
19,3014816666881;1,90434705570595;0,690458210079896
19,3016202777992;1,86773990981283;0,70552175429296
19,3017594444659;1,8741947477784;0,705375896983895
19,301898055577;1,90289020121281;0,70761179796861
19,3020372222436;1,86002405902741;0,714757656531361
19,3021761111325;1,86095363728543;0,693021765721198
19,3023150000214;1,88434645061415;0,693062309720005
19,3024538889103;1,87420193484564;0,706132263965912
19,3025927777992;1,86702162753141;0,657034771819553
19,3027316666881;1,88610822575447;0,677590064150309
19,302870555577;1,89237929677918;0,68553691354748
19,3030094444659;1,82293663971026;0,664592729616572
19,3031483333547;1,86281185178126;0,70025213462489
19,3032872222436;1,86098036708049;0,687752178782375
19,3034261111325;1,86020775214115;0,706617711522881
19,3035650000214;1,86357734081284;0,677674672670577
19,3037038889103;1,85992987250106;0,691756100353984
19,3038427777992;1,86541595142131;0,681860145972223
19,3039816666881;1,8777552166311;0,679284675229894
19,3041208333548;1,86594337889429;0,677476406350081
19,3042597222436;1,8722298268116;0,693050337119985
19,3043983333548;1,86597817264857;0,683368292358438
19,3045372222436;1,85897346879966;0,678030849477267
19,3046758333548;1,85783364035245;0,704793905477231
19,3048150000214;1,87494784918664;0,675240260674684
19,3049538889103;1,85526427395448;0,691542198685795
19,3050927777992;1,85526427395448;0,690700562395023
19,3052316666881;1,85862146791933;0,705562222191958
19,305370555577;1,8418743467173;0,696139904808774
19,3055091666881;1,86041807690273;0,702020013658029
19,3056483333547;1,85508084042479;0,685504278513633
19,3057872222436;1,84594263134397;0,686074258806627
19,3059261111325;1,83376449561936;0,688892273333892
19,3060647222436;1,8401917268979;0,687368580904661
19,3062038889103;1,81801584257303;0,690288372933168
19,3063427777992;1,84148034640484;0,690700562395023
19,3064816666881;1,86462789876114;0,711086138330927
19,306620555577;1,8311952600661;0,686130276730239
19,3067597222436;1,82685623990528;0,671326402695399
19,3068986111325;1,8492310612771;0,694514536751512
19,3070372222436;1,8376224210121;0,680906555871871
19,3071761111325;1,84830151749381;0,700009898624927
19,3073150000214;1,84133158983187;0,676934924969089
19,3074538889103;1,8341782205047;0,684820433054028
19,3075927777992;1,8358606897759;0,703183880353208
19,3077316666881;1,83822678055856;0,692852033118214
19,307870555577;1,85239746930958;0,664434848860509
19,3080094444659;1,81175684628076;0,66106238485645
19,3081483333548;1,80168213081186;0,675952644802862
19,3082872222436;1,83786763873073;0,663440759730889
19,3084261111325;1,82830084800838;0,674172924084587
19,3085650000214;1,82554073935037;0,679086403642714
19,3087038889103;1,82404171767308;0,692322504210523
19,3088427777992;1,83696576773869;0,705206029481673
19,3089816666881;1,80565396170155;0,680922077450077
19,309120555577;1,82665300438038;0,690870309610403
19,3092594444659;1,83412364167555;0,686486456220223
19,3093983333547;1,80164726672501;0,686430447540431
19,3095369444659;1,82939866474311;0,678188750721688
19,3096758333547;1,83082816260344;0,677590064150309
19,3098150000214;1,81893715359496;0,691756100353984
19,3099536111325;1,81097608931924;0,706302011181265
19,3100925000214;1,81798089758288;0,659966419368601
19,3102316666881;1,79488774155843;0,666586316900123
19,310370555577;1,80235841366155;0,669744920216942
19,3105094444659;1,81393218983968;0,687582401216815
19,3106483333547;1,8086520876729;0,662202626203396
19,3107869444659;1,80475927777675;0,681702285707473
19,3109261111325;1,81928911966736;0,668964724804368
19,3110647222436;1,80696941158246;0,687170228270702
19,3112036111325;1,77999875783999;0,707041805745945
19,3113427777992;1,80822323733508;0,68811221185274
19,3114816666881;1,76967880741446;0,657803211480484
19,3116202777992;1,78567288633803;0,690814414721359
19,3117594444659;1,79378265936666;0,689575996757696
19,311898055577;1,80059670877671;0,669348301271924
19,3120369444659;1,7937283238569;0,681702285707473
19,3121761111325;1,7790274710521;0,674132569946977
19,3123147222436;1,79279153576425;0,680494464295862
19,3124536111325;1,81157326888194;0,686074258806627
19,3125925000214;1,78881966479423;0,694304162872612
19,3127316666881;1,78235763976144;0,703540079724633
19,312870555577;1,79871093370906;0,679042253480844
19,3130091666881;1,79303673624315;0,689148546348576
19,313148055577;1,78456779113293;0,674030784169304
19,3132869444659;1,79153058410384;0,704267928540332
19,3134258333547;1,78417389491727;0,678714596755015
19,3135647222436;1,78052643221051;0,691598207365587
19,3137036111325;1,78715243943131;0,687328084559311
19,3138427777992;1,79945689197024;0,682628530827515
19,3139816666881;1,7536696547491;0,691186009951991
19,3141202777992;1,78956558506329;0,66106238485645
19,3142597222436;1,77814056968674;0,688780246733671
19,3143983333547;1,78366602457032;0,686588312087196
19,3145372222436;1,78184973427787;0,658700868376087
19,3146761111325;1,74730407785114;0,679866550431399
19,3148150000214;1,78436460342618;0,690344381612931
19,3149536111325;1,77945603998756;0,706091881391728
19,3150925000214;1,77871010808082;0,673206226664604
19,3152316666881;1,77248612703812;0,698744004448884
19,315370555577;1,76310287688466;0,718389824122738
19,3155097222436;1,78677799455738;0,685305914935782
19,315648055577;1,78546246374592;0,674614457932989
19,3157872222436;1,76160381617541;0,68332437130141
19,3159261111325;1,76727792775802;0,669234937011595
19,3160650000214;1,77003076217505;0,682374201936682
19,3162038889103;1,7546062476714;0,706617711522881
19,3163427777992;1,77024118476714;0,691954388147707
19,3164816666881;1,7499952061593;0,686018307017235
19,316620555577;1,78110381400882;0,691954388147707
19,3167594444659;1,75154879567594;0,67340452539861
19,3168983333548;1,75606330894894;0,67105475464939
19,3170372222436;1,75259930579941;0,709420147584694
19,3171763889103;1,75902656733268;0,719073718223029
19,3173152777992;1,76177939329091;0,679668251697422
19,3174538889103;1,75388796538999;0,674658351151209
19,3175927777992;1,76582088202173;0,691542198685795
19,3177316666881;1,76509473063965;0,688067862605465
19,317870555577;1,75531736825809;0,680024431187434
19,3180091666881;1,76949524407632;0,659638871459606
19,3181483333547;1,7612715082291;0,70025213462489
19,3182875000214;1,75807020722976;0,703326422166839
19,3184261111325;1,75516864193997;0,651025371728281
19,3185650000214;1,7482334837062;0,697235886508395
19,3187038889103;1,75445748231596;0,660790879026592
19,3188427777992;1,75145944286541;0,691084143143854
19,3189816666881;1,75091685482141;0,693220129299107
19,319120555577;1,72744484807819;0,687938585974621
19,3192594444659;1,73462518922378;0,668236794017446
19,3193983333547;1,74930386186489;0,696552077754916
19,3195372222436;1,73680845531788;0,670698575159349
19,3196761111325;1,75531736825809;0,672422408868982
19,3198150000214;1,73216981590178;0,706973900256685
19,3199541666881;1,74248976632731;0,689575996757696
19,3200927777992;1,73902578074512;0,674856671362278
19,3202316666881;1,73184546497413;0,693846127515656
19,3203708333548;1,73602774129452;0,669744920216942
19,3205094444659;1,74006923002537;0,685548428675531
19,3206486111325;1,73130277347087;0,693276061885626
19,3207872222436;1,74437555831346;0,687372491597841
19,3209261111325;1,75113509193773;0,679098186067392
19,3210652777992;1,73330967883578;0,679668251697422
19,3212041666881;1,74669976222481;0,684808689229499
19,3213425000214;1,7438329448905;0,696552077754916
19,3214816666881;1,73977170386863;0,685718071364931
19,3216202777992;1,7314586953151;0,679510366965729
19,3217591666881;1,7195455929743;0,682160381624499
19,321898055577;1,74227935537388;0,685492363114918
19,3220375000214;1,71366812060461;0,693790109592101
19,3221758333547;1,72986554339982;0,665118657614016
19,3223147222436;1,71956067164234;0,680222735189204
19,3224536111325;1,70651461204022;0,686814036852809
19,3225927777992;1,72412961418868;0,687538507998624
19,3227313889103;1,73366882912086;0,68053850098255
19,322870555577;1,72068539253419;0,683368292358438
19,3230094444659;1,73791353328068;0,693947978114807
19,3231483333547;1,73866663468891;0,690514114215944
19,3232869444659;1,71623022926912;0,688322171005041
19,3234258333547;1,70058810510614;0,669490619770045
19,3235647222436;1,71441402616381;0,684396426375258
19,3237036111325;1,69329312235308;0,720383438864701
19,3238425000214;1,719342213971;0,67720647055549
19,3239819444659;1,702595032267;0,685148079142266
19,324120555577;1,69918554457652;0,689774327910811
19,3242591666881;1,70737455003649;0,678872461301722
19,3243983333548;1,70044652681793;0,686758104266289
19,3245372222436;1,70555827796329;0,687384102482866
19,3246758333547;1,7116611569399;0,688464578817786
19,3248150000214;1,67523040983599;0,688067862605465
19,3249538889103;1,71327412874871;0,671896382988422
19,3250927777992;1,69232964089773;0,685746700262683
19,3252316666881;1,69637822495287;0,708707763456516
19,3253702777992;1,69523832753777;0,686971897117587
19,3255094444659;1,69161842856806;0,679854863788478
19,3256483333547;1,70872482392394;0,691399924839175
19,3257869444659;1,68826839987585;0,679126786216926
19,3259261111325;1,66626073329792;0,715057989467709
19,3260650000214;1,68701457412322;0,671580682646834
19,3262038889103;1,68136018320138;0,675438608039542
19,3263425000214;1,69804571052487;0,679126786216926
19,3264816666881;1,67714309620976;0,691226506297397
19,3266208333547;1,6693379231973;0,704624113298138
19,3267594444659;1,67999027582579;0,676850277845205
19,3268983333547;1,68961867376328;0,677618635549095
19,3270372222436;1,66006371627145;0,669032544041443
19,3271761111325;1,70208712678343;0,683668495588279
19,3273150000214;1,67179328350579;0,682956111460101
19,3274538889103;1,70020132633903;0,66698296826479
19,3275927777992;1,67161770639029;0,692650259143932
19,3277316666881;1,6565649609382;0,684396426375258
19,327870555577;1,6677249471596;0,685176621787804
19,3280094444659;1,68094652338198;0,67031499869185
19,3281483333548;1,67454612247747;0,672822650197105
19,3282869444659;1,68261400895403;0,666270584136612
19,3284261111325;1,66868129880388;0,676008625038662
19,3285650000214;1,68246530443608;0,688108378153743
19,3287038889103;1,65064549759293;0,687226217751174
19,3288427777992;1,65785346924619;0,681488533541881
19,3289813889103;1,6591144209066;0,670270962005162
19,329120555577;1,65671365243969;0,691610104175055
19,3292594444659;1,67302031896472;0,67720647055549
19,3293983333547;1,66547999780454;0,698901860737408
19,3295372222436;1,65305923401579;0,689418136492918
19,3296761111325;1,67965074771504;0,691925787998173
19,3298150000214;1,64957520597443;0,679866550431399
19,3299544444659;1,66293053783619;0,649686956043126
19,3300927777992;1,68572598487106;0,68035201182002
19,3302316666881;1,65596769417851;0,716937661948407
19,3303702777992;1,64589290519126;0,677618635549095
19,3305094444659;1,64197329516324;0,680380611969554
19,3306486111325;1,64278092927421;0,67434262633995
19,3307872222436;1,64272641128261;0,687182296694147
19,3309261111325;1,65375748229482;0,685504278513633
19,3310650000214;1,64920828158722;0,709221811162934
19,3312038889103;1,66096544801846;0,679256046332142
19,3313427777992;1,64313305809853;0,662982724373933
19,3314816666881;1,63652936692733;0,695614025746693
19,331620555577;1,62549817879318;0,699512362152774
19,3317594444659;1,61757191705431;0,675952644802862
19,3318986111325;1,62438596646439;0,692281979416094
19,3320372222436;1,66023962592999;0,652235160794191
19,3321763889103;1,63341740858189;0,677476406350081
19,3323150000214;1,63628423152159;0,699156177394968
19,3324541666881;1,61612758034948;0,680922077450077
19,3325927777992;1,65890402719447;0,683154458824959
19,3327319444659;1,63673288944528;0,664592729616572
19,332870555577;1,62364001984389;0,6598371592533
19,3330094444659;1,6054358676115;0,678358408021211
19,3331486111325;1,64169600116608;0,665676987970272
19,3332869444659;1,60082477543395;0,672834508399433
19,3334261111325;1,60139429235994;0,687368580904661
19,3335647222436;1,61938822426515;0,681844738183315
19,3337038889103;1,61152368197821;0,687796356775607
19,3338425000214;1,62128109888616;0,683098563935943
19,3339816666881;1,60219483538069;0,699270079277483
19,334120555577;1,6271040750506;0,70761179796861
19,3342591666881;1,59082102021023;0,667936590787548
19,334398055577;1,62534238773699;0,686430447540431
19,3345369444659;1,6054555010997;0,686401904894922
19,3346758333547;1,62620241294371;0,692808054244693
19,3348147222436;1,59453023229952;0,681120376184026
19,3349536111325;1,61706402035381;0,681447989543045
19,3350925000214;1,63231227433073;0,695099953268283
19,3352313889103;1,61431118593674;0,675240260674684
19,3353708333548;1,6171779948111;0,673760710156415
19,3355094444659;1,60084456149323;0,700766187905401
19,3356483333548;1,59431978685927;0,681476560941832
19,3357872222436;1,61221497421332;0,669190416540204
19,3359261111325;1,59341805511224;0,673162219954719
19,3360647222436;1,5999300901349;0,665632694377365
19,3362038889103;1,59843104666365;0,683312302877994
19,3363427777992;1,60235062643687;0,698744004448884
19,3364813889103;1,60401832837434;0,675964731820471
19,336620555577;1,60108970535998;0,699258049471212
19,3367594444659;1,58770904429318;0,693734157802652
19,3368983333547;1,60565896022749;0,681804184937533
19,3370369444659;1,59879019271983;0,682730386694487
19,3371761111325;1,5789082653996;0,68952003572295
19,3373147222436;1,61517113304339;0,687894720595949
19,3374538889103;1,59281139003471;0,665700628622261
19,3375927777992;1,5880682072667;0,697648034984809
19,3377313889103;1,57577610651614;0,691966303546423
19,337870555577;1,60399839199997;0,679296533432279
19,3380094444659;1,54626297726185;0,686588312087196
19,3381486111325;1,57613526811502;0,693418514361468
19,3382869444659;1,59723177996725;0,677844360314765
19,3384258333547;1,57688831884496;0,676494086427283
19,3385647222436;1,59694406661058;0,673190705086455
19,3387038889103;1,56001237844083;0,674500482628531
19,3388427777992;1,5865100209914;0,687526420981015
19,3389816666881;1,56225729955946;0,662412658743904
19,3391202777992;1,58775097443637;0,666998546730269
19,3392594444659;1,58642054582072;0,66698296826479
19,3393983333548;1,55966020347748;0,67720647055549
19,3395372222436;1,5697350184972;0,68623212732939
19,3396761111325;1,59036794638413;0,687340095772953
19,3398152777992;1,5579507623861;0,684209937212756
19,3399538889103;1,55298771575872;0,685492363114918
19,3400927777992;1,54823512758691;0,689988202122947
19,3402319444659;1,55966020347748;0,697291847543113
19,340370555577;1,56276514354616;0,659752626517275
19,3405094444659;1,56680642997804;0,677776512329444
19,3406483333547;1,56934123487554;0,688436122446774
19,3407869444659;1,52579889103697;0,686430447540431
19,3409261111325;1,55394414549193;0,687000526015368
19,3410652777992;1,55340170096258;0,651923020674161
19,3412038889103;1,53651265112117;0,658656632581227
19,3413427777992;1,56220255796489;0,709803741179513
19,3414816666881;1,54937495603409;0,664177420187031
19,3416202777992;1,55651363294476;0,70280028247555
19,3417594444659;1,55995761706848;0,677732561293169
19,3418983333547;1,54548232765922;0,677618635549095
19,3420372222436;1,54053957766266;0,681318696395067
19,3421761111325;1,52308074235015;0,682374201936682
19,3423150000214;1,54548232765922;0,66106238485645
19,3424538889103;1,55119136736798;0,679968422507642
19,3425927777992;1,54673615341184;0,707342138682293
19,3427316666881;1,53555623895954;0,648535051003194
19,342870555577;1,55113666684855;0,656505177762938
19,3430094444659;1,54327208974496;0,67023040875938
19,3431483333548;1,55008622009919;0,688678358446737
19,3432875000214;1,52918359732351;0,695043935344728
19,3434263889103;1,53028874036153;0,681447989543045
19,3435650000214;1,53926545104883;0,698942357082842
19,3437038889103;1,53796999939172;0,672636161034603
19,3438427777992;1,52017929876104;0,678770605434806
19,3439816666881;1,52512230847267;0,654483055792838
19,3441208333548;1,51461192095937;0,683639981698406
19,3442594444659;1,52358860105554;0,698060232398376
19,3443983333548;1,51225997329985;0,651195073983644
19,3445372222436;1,53004362253026;0,686656188823207
19,3446763889103;1,54123059260786;0,659594806938202
19,3448150000214;1,51775851687728;0,686244081338486
19,3449538889103;1,50047575168142;0,68960462565542
19,3450925000214;1,50400161256815;0,679098186067392
19,3452313889103;1,51485703879069;0,675438608039542
19,345370555577;1,48961323956837;0,708494011290895
19,3455091666881;1,54326502500692;0,671682603359471
19,345648055577;1,52675540734197;0,686401904894922
19,3457869444659;1,51596219484685;0,672478313005001
19,3459261111325;1,50179132258671;0,662242971099687
19,3460650000214;1,50379111538658;0,6737321387576
19,3462038889103;1,50654390652818;0,679866550431399
19,3463425000214;1,52525649826191;0,686956489328679
19,3464813889103;1,52070771419844;0,688622406657316
19,3466202777992;1,47903056721819;0,678144628392317
19,3467591666881;1,51607627278804;0,677460771002387
19,3468983333548;1,50566963998128;0,682543979502213
19,3470369444659;1,51368272208376;0,671936879333799
19,3471758333547;1,48085406021184;0,675596452092577
19,3473150000214;1,50506539466565;0,684052089183126
19,3474538889103;1,50615008840802;0,682798263430527
19,3475927777992;1,49407547180124;0,699483790753987
19,3477313889103;1,48414938310162;0,652647252370258
19,347870555577;1,46446589441214;0,661418576274343
19,3480094444659;1,47332155639913;0,677460771002387
19,3481483333548;1,50560768293801;0,671936879333799
19,3482869444659;1,49627881941507;0,682984711609606
19,3484261111325;1,47086617429233;0,672094719410154
19,3485647222436;1,47792543719746;0,691925787998173
19,3487038889103;1,47914461065898;0,689204384327297
19,3488425000214;1,47403285951361;0,65321725744019
19,3489816666881;1,46249373562659;0,681447989543045
19,349120555577;1,4751930657286;0,703540079724633
19,3492594444659;1,4856412879829;0,706872028180385
19,3493983333547;1,48049488454643;0,683470159166575
19,3495369444659;1,48964792212371;0,671896382988422
19,3496758333547;1,45809331395608;0,660933108225635
19,3498147222436;1,49272519791381;0,686401904894922
19,3499536111325;1,49272519791381;0,681888774870004
19,3500925000214;1,46487996586589;0,682984711609606
19,3502313889103;1,48305752110241;0,689306337471322
19,3503702777992;1,46209990904526;0,673004420875941
19,3505094444659;1,47624319310825;0,65597923386062
19,3506483333547;1,48521286964632;0,690514114215944
19,3507872222436;1,47182257799372;0,695610571381394
19,3509261111325;1,47238526771554;0,682216333413947
19,3510650000214;1,50016426148224;0,67539497183148
19,3512038889103;1,46045928174851;0,675754308381102
19,3513427777992;1,4582073918973;0,643438764543816
19,3514813889103;1,4554962178741;0,677460771002387
19,351620555577;1,43163033248487;0,674500482628531
19,3517594444659;1,45363808528128;0,690288372933168
19,3518983333548;1,43967070664459;0,666016287972184
19,3520372222436;1,4576995654879;0,670642557235794
19,3521763889103;1,46407208475352;0,668818751190145
19,3523150000214;1,45895339124053;0,66423655012656
19,3524536111325;1,46506318297557;0,65761664036205
19,352593055577;1,44020618244159;0,665744720977585
19,3527313889103;1,43981938089749;0,703183880353208
19,352870555577;1,44337997080331;0,678940338037791
19,3530091666881;1,45157654732873;0,678160093078247
19,3531483333547;1,45510240821545;0,672834508399433
19,3532872222436;1,43655876587388;0,677262450791289
19,3534258333547;1,45655985218272;0,67340452539861
19,3535647222436;1,43659338789828;0,685448412078586
19,3537038889103;1,42920209498504;0,660565236824937
19,3538427777992;1,43910103940357;0,681646353120925
19,3539813889103;1,42994808839563;0,69686439713405
19,354120555577;1,44487196355712;0,693377961115687
19,3542597222436;1,43413798399013;0,694529887638282
19,3543983333547;1,44076895939466;0,688678358446737
19,3545372222436;1,44005751274511;0,678572322908394
19,3546761111325;1,45258781434254;0,702031986258078
19,3548152777992;1,43616502586909;0,684764481264608
19,3549538889103;1,427737754801;0,676122526921176
19,3550927777992;1,42587963692688;0,657458767863318
19,3552316666881;1,42770317288398;0,667553010038716
19,355370555577;1,43284950594636;0,657560650881635
19,3555094444659;1,44077587116323;0,679810570195571
19,3556486111325;1,4176629309942;0,669546600005873
19,3557872222436;1,41580480433265;0,682543979502213
19,3559261111325;1,40734298056867;0,683996185047135
19,3560650000214;1,41301747351278;0,661988629976491
19,3562038889103;1,42226682936547;0,692294047839482
19,3563427777992;1,43416519791674;0,684606653425107
19,3564816666881;1,41912725392839;0,678302456231791
19,3566208333548;1,41134959746284;0,674144295186807
19,3567594444659;1,404082358458;0,664604626426069
19,356898055577;1,42935075621907;0,678472383325726
19,3570369444659;1,41637449305426;0,698004223718584
19,3571758333547;1,42172441120081;0,683826347900379
19,3573147222436;1,41926895521715;0,663508636466901
19,3574536111325;1,4141641770359;0,684408284577614
19,3575925000214;1,39983762696477;0,670840893657498
19,3577313889103;1,42333742393831;0,675794804726536
19,357870555577;1,42815193530151;0,665858452178696
19,3580091666881;1,40824470099989;0,692480332050025
19,3581483333547;1,38084536152502;0,667140820576861
19,3582869444659;1,41840890397276;0,687696303099329
19,3584258333547;1,40605454262874;0,675026508509063
19,3585647222436;1,39187666681053;0,676178402604222
19,3587036111325;1,41140446077529;0,659267117479345
19,3588425000214;1,41786648580808;0,696879691113907
19,3589816666881;1,41062394006292;0,681959031111035
19,359120555577;1,38565975114656;0,67852823055307
19,3592591666881;1,39408703490955;0,673190705086455
19,3593983333548;1,38730038299971;0,703341716146724
19,3595372222436;1,40518752753368;0,642868735615878
19,3596758333547;1,40548485390713;0,670856472122978
19,3598150000214;1,40404779697474;0,665276501667051
19,3599538889103;1,40259040085772;0,667509059002498
19,3600927777992;1,38179488338619;0,675596452092577
19,3602316666881;1,40685564284891;0,693802120805742
19,360370555577;1,39723352732472;0,670242534397289
19,3605094444659;1,37737423312012;0,67340452539861
19,3606483333547;1,40736343409512;0,648947167053848
19,3607869444659;1,3749806250556;0,683312302877994
19,3609261111325;1,39792475057436;0,655538501753171
19,3610650000214;1,40440698533502;0,677844360314765
19,3612036111325;1,39726816977944;0,693746302036402
19,3613427777992;1,38580842539943;0,672478313005001
19,3614816666881;1,39612140286084;0,68566211033027
19,3616202777992;1,37644496523964;0,67393050233548
19,3617594444659;1,36083740152853;0,671224487252317
19,361898055577;1,38921348592459;0,671682603359471
19,3620372222436;1,39959251759595;0,677958385182706
19,3621761111325;1,37683874886136;0,682900178873581
19,3623150000214;1,38921348592459;0,690130520621096
19,3624538889103;1,37262165203421;0,704054108228178
19,3625927777992;1,37902191148757;0,672778613510417
19,3627316666881;1,38311065634153;0,658697185827009
19,3628702777992;1,37626910309939;0,691384346373752
19,3630091666881;1,36782756815023;0,664378868624738
19,3631483333548;1,40037310276176;0,702388190899541
19,3632869444659;1,38323899847919;0,679466445908702
19,3634261111325;1,3746214507654;0,677590064150309
19,3635647222436;1,36858046624059;0,666784631843058
19,3637038889103;1,39082650712695;0,688108378153743
19,3638425000214;1,36220800817554;0,664434848860509
19,3639816666881;1,37700782813414;0,669716377571433
19,364120555577;1,34522238220129;0,702388190899541
19,3642594444659;1,36637012418299;0,688424054023358
19,3643983333547;1,36196980601514;0,676364809796496
19,3645372222436;1,36843183104793;0,705477861074769
19,3646758333547;1,37112269966292;0,698756072872271
19,3648150000214;1,35447182463054;0,683510655511981
19,3649538889103;1,38511050780866;0,684008425129008
19,3650927777992;1,36893278052329;0,668394646329489
19,3652313889103;1,37743605923049;0,665688674613165
19,365370555577;1,37372679930297;0,675596452092577
19,3655094444659;1,36917784203769;0,674128887397899
19,365648055577;1,36636318181533;0,67720647055549
19,3657872222436;1,38275146089174;0,685718071364931
19,3659261111325;1,36035679190218;0,688792333751252
19,3660652777992;1,33861170472306;0,675082412645054
19,3662038889103;1,35054466502962;0,674856671362278
19,3663427777992;1,34415187420501;0,662029069431497
19,3664816666881;1,33840818220511;0,676364809796496
19,366620555577;1,34672132155399;0,679652730119244
19,3667594444659;1,34838932780707;0,656505177762938
19,3668983333548;1,32522141307047;0,664960825797436
19,3670372222436;1,35533182380183;0,67482812871674
19,3671763889103;1,35428850687418;0,670400321235832
19,3673150000214;1,35222689081945;0,68711430493039
19,3674538889103;1,31915325822371;0,656888775640653
19,367593055577;1,34842382873921;0,690616029658997
19,3677316666881;1,34596837275549;0,677630608149144
19,3678708333548;1,34029394881227;0,671224487252317
19,3680094444659;1,34728411543398;0,678302456231791
19,3681486111325;1,32321459490743;0,691882038269085
19,3682875000214;1,3147181589562;0,668394646329489
19,3684261111325;1,29030986907873;0,66789266973052
19,3685652777992;1,34782648184139;0,678358408021211
19,3687038889103;1,3421174203269;0,657601175676064
19,3688427777992;1,34306699882413;0,668035345579739
19,3689813889103;1,31456262957551;0,666214651550064
19,3691202777992;1,31827880094264;0,671952400911977
19,3692591666881;1,30754477906339;0,672264601528468
19,3693983333547;1,33511296345876;0,681120376184026
19,3695369444659;1,32614328692071;0,668818751190145
19,3696761111325;1,3474327418366;0,669558554014998
19,3698147222436;1,31716672921556;0,646726661008586
19,3699536111325;1,2993759937516;0,649675097840799
19,3700925000214;1,32413656307767;0,659226649580376
19,3702316666881;1,3564988665095;0,689944195413034
19,3703702777992;1,33275396016714;0,681132330193151
19,3705091666881;1,3322461278251;0,679968422507642
19,370648055577;1,30062981950425;0,686401904894922
19,3707869444659;1,33717474845437;0,677432228356849
19,3709261111325;1,31140270445613;0,674698819050235
19,3710647222436;1,3000324507959;0,688464578817786
19,3712036111325;1,31937718456902;0,685334486334511
19,3713427777992;1,3182169044523;0,66309652898218
19,3714813889103;1,31803373063769;0,687854110439872
19,371620555577;1,30467796035424;0,675438608039542
19,3717594444659;1,31550577827124;0,669602646370322
19,371898055577;1,29803263163268;0,673518427281067
19,3720369444659;1,29417470623994;0,666056831970991
19,3721761111325;1,32156699464656;0,661944651102971
19,3723150000214;1,29527300261191;0,694486137909109
19,3724538889103;1,29456848986166;0,676850277845205
19,3725927777992;1,301680042594;0,713549924457539
19,3727316666881;1,29677880588005;0,684764481264608
19,372870555577;1,30222256523211;0,6700725769428
19,3730091666881;1,3033825497792;0,681974097413985
19,373148055577;1,3033825497792;0,692863929927739
19,3732872222436;1,2823904156304;0,66553080609043
19,3734261111325;1,28044555800517;0,664180532203005
19,3735650000214;1,28540869577097;0,693988446013805
19,3737038889103;1,29510397412042;0,677218557573099
19,3738425000214;1,30077845013912;0,677460771002387
19,3739816666881;1,29713108532869;0,666728680053666
19,3741208333548;1,26941414823438;0,663864831861389
19,3742594444659;1,30278520288141;0,650838882565722
19,3743983333548;1,29734166877455;0,680392527368326
19,3745372222436;1,29342178633857;0,700693952452525
19,3746758333547;1,28173391496676;0,665062762725029
19,3748152777992;1,27027423398226;0,659182756362156
19,3749538889103;1,27437724693434;0,656362814609423
19,3750927777992;1,27548243326243;0,668775200666971
19,3752316666881;1,26681004859432;0,673246656875847
19,3753702777992;1,26770469582544;0,674500482628531
19,3755094444659;1,28355062184536;0,665744720977585
19,3756483333548;1,26205056557706;0,674868701168521
19,3757872222436;1,26094537045932;0,671896382988422
19,3759261111325;1,27473643106273;0,664180532203005
19,3760650000214;1,26552167119723;0,687182296694147
19,3762041666881;1,27709544737539;0,695926165866751
19,3763425000214;1,25508761997077;0,693377961115687
19,3764816666881;1,28316379295629;0,682160381624499
19,376620555577;1,26662005482362;0,674500482628531
19,3767594444659;1,25574411354677;0,698118222886677
19,3768983333547;1,27622844139529;0,687482726939777
19,3770372222436;1,27308889981251;0,666954454374917
19,3771763889103;1,29398473648865;0,684052089183126
19,3773150000214;1,24291651161602;0,666270584136612
19,3774541666881;1,24752042163072;0,663040681754865
19,3775927777992;1,23890992498929;0,689560588968732
19,3777319444659;1,24351384379258;0,654442511794002
19,377870555577;1,25523627241617;0,663808936972373
19,3780097222436;1,25230038981456;0,690814414721359
19,3781483333548;1,23080034266277;0,659424969791417
19,3782872222436;1,2458728558733;0,677274404800414
19,3784261111325;1,25283582329203;0,690344381612931
19,3785650000214;1,26465466521717;0,668620387612265
19,3787038889103;1,27016013878858;0,666898607147601
19,378843055577;1,25855183140149;0,680138259654399
19,3789816666881;1,2593047294919;0,659650711074221
19,379120555577;1,2677116993836;0,677630608149144
19,3792597222436;1,25136464320053;0,69218009639772
19,3793983333548;1,26407802351952;0,68802411287632
19,3795372222436;1,24165574349573;0,709747837043494
19,3796761111325;1,24608342206352;0,664920310249158
19,3798150000214;1,23947278788378;0,655950633711086
19,3799538889103;1,25858636261046;0,647652873402194
19,3800927777992;1,24371754216557;0,67653460197559
19,3802316666881;1,23379126207541;0,66090453682682
19,3803708333547;1,22733614881113;0,655579074204979
19,3805097222436;1,23334254581249;0,68952003572295
19,3806483333547;1,22825143050875;0,674128887397899
19,3807875000214;1,222725303517;0,671524787757818
19,3809261111325;1,24602149529784;0,66840667613576
19,3810647222436;1,20669624796008;0,672150699645954
19,3812038889103;1,2324478999565;0,659080792271311
19,3813425000214;1,21022961548061;0,689876232409972
19,3814816666881;1,2184736902073;0,676692433792169
19,381620555577;1,23725551713275;0,674128887397899
19,3817594444659;1,22071859439762;0,665632694377365
19,381898055577;1,22195208739069;0,659764809374678
19,3820369444659;1,23886854256818;0,691882038269085
19,3821758333547;1,24107903243953;0,677376352673804
19,3823147222436;1,19306667210157;0,641571245809132
19,3824536111325;1,18703949363436;0,694643912506223
19,3825927777992;1,21976201689208;0,683782568186729
19,3827316666881;1,23650949141825;0,661588443776566
19,3828702777992;1,20333133304089;0,677218557573099
19,3830091666881;1,19836819527509;0,655538501753171
19,383148055577;1,21853570781386;0,656093086186928
19,3832872222436;1,21978280544613;0,682414669835651
19,3834258333547;1,20353517500928;0,697932102701429
19,3835650000214;1,19801591582649;0,667781155292801
19,3837038889103;1,21204616610663;0,67336063218039
19,3838427777992;1,20413939680429;0,67820055173263
19,3839813889103;1,20432241147859;0,661260732221308
19,3841202777992;1,18443539399431;0,675552730206988
19,3842597222436;1,20007766175536;0,695783713390909
19,384398055577;1,21572099021188;0,673874635900461
19,3845372222436;1,19968400835134;0,684566128630649
19,3846758333547;1,19248315867412;0,664350354734836
19,3848150000214;1,21186306481914;0,68123427806654
19,3849538889103;1,18975771132983;0,690102006731195
19,3850925000214;1,17614285469358;0,648590974343534
19,3852316666881;1,19550135255267;0,667666862365081
19,385370555577;1,20984864755991;0,690656611358776
19,3855091666881;1,20578683232563;0,628889223375523
19,385648055577;1,19660656069314;0,680138259654399
19,3857872222436;1,1844699554776;0,681076482965807
19,3859258333547;1,15488777364845;0,659436999597688
19,3860650000214;1,17857764064925;0,680036327996959
19,3862036111325;1,1809366569619;0,664350354734836
19,3863425000214;1,18204186054439;0,688950128851957
19,3864816666881;1,2018738412192;0,676704559430107
19,386620555577;1,18850388557718;0,679866550431399
19,3867594444659;1,17345900833686;0,670270962005162
19,3868983333548;1,17911309952049;0,652077357431608
19,3870372222436;1,17668505211731;0,666954454374917
19,3871761111325;1,17617725493653;0,670016710507753
19,3873150000214;1,15832455501305;0,662555111219717
19,3874538889103;1,15764048243545;0,695412153884774
19,3875927777992;1,17818393515168;0,686544446708524
19,3877313889103;1,17612218922284;0,680138259654399
19,387870555577;1,16108427127364;0,672778613510417
19,3880094444659;1,19926974157914;0,656306825128979
19,3881483333547;1,17492342918388;0,666226834407496
19,3882872222436;1,16585730451101;0,671168583116355
19,3884261111325;1,161287841638;0,649105019365919
19,3885650000214;1,17817711519561;0,652606756024795
19,3887038889103;1,14471643236985;0,667112277931324
19,3888425000214;1,16885506602085;0,664960825797436
19,3889813889103;1,15538876675529;0,665474854301038
19,389120555577;1,17393235635492;0,682912361730985
19,3892591666881;1,15817592437816;0,667152850383104
19,3893983333547;1,15177587682757;0,685974698655855
19,3895372222436;1,13738740591498;0,658855001428691
19,3896761111325;1,17842215489384;0,66604485937097
19,3898150000214;1,16574315755142;0,671750595123257
19,3899538889103;1,15192447718294;0,675540528752208
19,3900927777992;1,16109799568937;0,677732561293169
19,3902316666881;1,15153084136261;0,672320477211485
19,3903708333548;1,16915233184795;0,655538501753171
19,3905097222436;1,16003401588534;0,673162219954719
19,3906483333548;1,15357199085256;0,692492476283775
19,3907872222436;1,13138102446672;0,673518427281067
19,3909261111325;1,15817592437816;0,656663017839264
19,3910650000214;1,14370082635935;0,684420410215552
19,3912041666881;1,14402562579923;0,687012384217695
19,3913427777992;1,13589537800195;0,666954454374917
19,3914819444659;1,14110357728208;0,68435238968857
19,391620555577;1,14471643236985;0,675026508509063
19,3917594444659;1,14755875175206;0,640819200217777
19,3918983333547;1,15545084493522;0,693418514361468
19,3920375000214;1,13939411503435;0,642497229038639
19,3921761111325;1,13278346359891;0,654483055792838
19,3923150000214;1,14140086068835;0,674670305160362
19,3924541666881;1,12842461054396;0,639536918094109
19,3925927777992;1,11062699391289;0,66309652898218
19,3927316666881;1,14142152615915;0,659752626517275
19,392870555577;1,1258136297368;0,672264601528468
19,3930094444659;1,14366641627342;0,652206733186347
19,3931483333547;1,12527140691265;0,689689948199401
19,3932869444659;1,13008604006549;0,6535570070738
19,3934258333547;1,14681272603758;0,686600284687188
19,3935647222436;1,13535310242776;0,682572522147723
19,3937036111325;1,11245059432858;0,687538507998624
19,3938425000214;1,1094528673348;0,670029026419598
19,3939816666881;1,11340051274198;0,67992464279402
19,3941202777992;1,12016644511399;0,659080792271311
19,3942591666881;1,10213064390308;0,645615332398819
19,3943983333548;1,1135558239589;0,680336660933278
19,3945372222436;1,10523573665;0,665802576495651
19,3946761111325;1,11830837404574;0,673518427281067
19,3948147222436;1,11937924251333;0,68504882432822
19,3949536111325;1,0937032820095;0,667097040863212
19,3950925000214;1,09787909115664;0,670598749680124
19,3952313889103;1,10493860106996;0,674784550345123
19,395370555577;1,11001604284382;0,658498800764619
19,3955091666881;1,08098294587123;0,663864831861389
19,395648055577;1,12662168080007;0,679240638543234
19,3957872222436;1,11023332357752;0,664876560520042
19,3959258333547;1,11809777895135;0,667152850383104
19,3960652777992;1,11887148050556;0,672422408868982
19,3962036111325;1,10658601053746;0,671852575432723
19,3963427777992;1,0945979236337;0,67336063218039
19,3964813889103;1,07347771304774;0,667152850383104
19,396620555577;1,09402116576393;0,678828595923108
19,3967591666881;1,09608314614366;0,681974097413985
19,396898055577;1,08409484269208;0,674085450418602
19,3970372222436;1,09697775390191;0,634199359583249
19,3971761111325;1,10101860734125;0,679782056305669
19,3973147222436;1,10930429726477;0,659752626517275
19,3974541666881;1,10364386030935;0,679568426218168
19,3975927777992;1,06340279385361;0,666372483366644
19,3977316666881;1,07016202415562;0,656634503949363
19,397870555577;1,09316096736501;0,666583053668887
19,3980094444659;1,08063059675123;0,683426351610876
19,398148055577;1,06650790841908;0,656675104856902
19,3982872222436;1,09425943826056;0,673986434922028
19,3984261111325;1,06426301830479;0,661272857859245
19,3985650000214;1,07161965956442;0,692294047839482
19,3987038889103;1,09458434127293;0,669830549310802
19,3988427777992;1,09166209735523;0,689374386763802
19,3989813889103;1,10158844647935;0,671366984395206
19,3991202777992;1,09751988586456;0,66600099399227
19,3992597222436;1,08050291358953;0,68435238968857
19,399398055577;1,08077923194386;0,654071005216792
19,3995369444659;1,07437233350825;0,664221028548354
19,3996758333547;1,08379766347323;0,668564483476246
19,3998150000214;1,07993300996014;0,662368909014788
19,3999538889103;1,08484087126391;0,681020701906959
19,400093055577;1,0514078391347;0,658127364325168
19,4002316666881;1,07511837680732;0,656634503949363
19,400370555577;1,0644805198352;0,660690825350287
19,4005094444659;1,06781720638068;0,671750595123257
19,400648055577;1,06304359279508;0,668920688117709
19,4007872222436;1,08669894233219;0,656148981075972
19,4009261111325;1,04332601639825;0,681064395948226
19,4010650000214;1,04521840954604;0,651522752804055
19,4012038889103;1,05804601147685;0,679054436338276
19,4013427777992;1,04371286808532;0,675596452092577
19,4014813889103;1,05364596682378;0,676862346268621
19,401620555577;1,07293559378735;0,682172525858249
19,4017591666881;1,06357242017907;0,665814873807051
19,4018986111325;1,0518290176754;0,711952240653176
19,4020375000214;1,05457492409107;0,673716844777744
19,4021761111325;1,05749725595518;0,664390955642318
19,4023150000214;1,04850651729407;0,659538968959481
19,4024538889103;1,03504704221709;0,674614457932989
19,4025927777992;1,06029090582484;0,659238603589472
19,4027316666881;1,05654716751934;0,654585008936863
19,402870555577;1,02832226426062;0,679042253480844
19,4030094444659;1,04024848276254;0,677048630479135
19,4031483333547;1,01560210403659;0,656832899957607
19,4032872222436;1,05639194359361;0,676450336698167
19,4034261111325;1,04594381986124;0,655409192086665
19,4035650000214;1,02182583898491;0,656619323798054
19,4037038889103;1,05056843318806;0,668920688117709
19,4038427777992;1,03272247792572;0,669090705174199
19,4039816666881;1,02888537072045;0,675038748590907
19,404120555577;1,03914322252024;0,663125042872082
19,4042594444659;1,04204449226128;0,683596489016651
19,4043983333547;1,04485920425395;0,672592411305459
19,4045372222436;1,03950243067004;0,66860509363238
19,4046758333547;1,01434827828396;0,653302784341889
19,4048147222436;1,06761317289539;0,670186772551347
19,4049536111325;1,04369198834928;0,659752626517275
19,4050927777992;1,02828116651449;0,682172525858249
19,4052313889103;1,03379321646452;0,645203314259561
19,4053702777992;1,02006424243018;0,650426750607807
19,4055091666881;1,01602348971383;0,672633126059708
19,405648055577;1,03818656686855;0,677376352673804
19,4057869444659;1,03028774472085;0,670186772551347
19,4059258333547;1,03935386939378;0,671750595123257
19,4060650000214;1,02457850869501;0,662313175634182
19,4062036111325;1,02918248024454;0,682940760573331
19,4063427777992;1,01528406723546;0,670926624952415
19,4064813889103;1,03089196365778;0,682686521315787
19,4066202777992;1,02347326603899;0,682500401130568
19,4067591666881;1,02482353992642;0,680178869810533
19,4068983333548;1,03420780887691;0,66840667613576
19,4070369444659;1,02167728194274;0,682856628350379
19,4071761111325;1,01931148997639;0,683268580992404
19,4073147222436;1,01815091419047;0,678484737871344
19,4074538889103;1,01378518875961;0,688266209970294
19,4075925000214;1,01306016360917;0,666570852214136
19,4077313889103;1,02592878258247;0,654997076036011
19,407870555577;1,03213909190717;0,685132842074211
19,4080091666881;0,984386223723135;0,671326402695399
19,408148055577;1,02041678930649;0,672208792008576
19,4082869444659;0,995003361834165;0,66106238485645
19,4084258333547;0,996854621737896;0,670084759800204
19,4085647222436;0,999783555339093;0,657873149550653
19,4087036111325;0,995811425597537;0,667994650040043
19,4088425000214;0,994502412358855;0,649841802216685
19,4089813889103;1,01045606396906;0,690046159503908
19,409120555577;1,00438754447669;0,664706558083566
19,4092591666881;1,00938507962081;0,679410655599668
19,4093983333548;1,00537860174592;0,671326402695399
19,4095372222436;0,993804825567736;0,683426351610876
19,4096761111325;1,00352727638295;0,660006906468652
19,4098150000214;0,98654149126844;0,673874635900461
19,4099538889103;0,981633549779303;0,682172525858249
19,4100927777992;1,002923054588;0,670016710507753
19,4102313889103;0,96013343294436;0,652235160794191
19,4103702777992;1,01395476427371;0,677744877205043
19,4105094444659;1,02036137801022;0,673162219954719
19,4106483333548;0,995925629946385;0,674214925348906
19,4107872222436;0,979816721777695;0,647608980183975
19,4109258333547;0,983640186359168;0,664917275274234
19,4110650000214;0,989553386164772;0,671180823198227
19,4112038889103;0,962851702411513;0,661430644697731
19,4113427777992;1,00074030609508;0,688550514541191
19,4114813889103;0,986631119447196;0,690414745249086
19,411620555577;0,992813768298532;0,667112277931324
19,4117594444659;0,997030911685641;0,671908394202092
19,4118983333547;0,986413912324736;0,645998943126898
19,4120372222436;0,991200725927655;0,66214306859959
19,4121761111325;0,962907133503819;0,681088837511396
19,4123150000214;0,974100713668207;0,664904959362389
19,4124541666881;0,958879607191761;0,686544446708524
19,4125927777992;0,977267850726406;0,649172924855179
19,4127316666881;0,951820162734009;0,657601175676064
19,412870555577;0,986054685860125;0,668734485912779
19,4130094444659;0,981239992120379;0,654585008936863
19,4131483333547;0,987702017153197;0,674044697944055
19,4132872222436;0,99813620645503;0,667836879421515
19,4134261111325;0,990848248755924;0,676636538903153
19,4135650000214;0,953015038127802;0,676806555959615
19,4137038889103;0,985999254767819;0,647252768879525
19,4138427777992;0,96709646581121;0,646355154431376
19,4139819444659;0,993804825567736;0,671852575432723
19,414120555577;0,943237310526456;0,684008425129008
19,4142594444659;0,974128351477503;0,668988708644662
19,4143983333548;0,966167508543919;0,688052511718695
19,4145375000214;0,966053286932151;0,673304851121543
19,4146761111325;0,968208484788278;0,678896673983644
19,4148150000214;0,968446739698692;0,683482170380216
19,4149538889103;0,969707354798032;0,684308952709273
19,4150927777992;0,956479397393224;0,689718404570414
19,4152316666881;0,981113004780269;0,686244081338486
19,415370555577;0,987906098527816;0,665232779781462
19,4155094444659;0,978283403982402;0,682541172822937
19,4156483333547;0,937155481507403;0,655736881545465
19,4157872222436;0,976338927986149;0,685702663576023
19,4159261111325;0,984983701511879;0,677958385182706
19,4160652777992;0,954593732365765;0,658285143206854
19,4162036111325;0,923405460738707;0,672434648950855
19,4163425000214;0,940505668421025;0,654241097628898
19,4164816666881;0,947264733267417;0,664861608085204
19,4166202777992;0,926158138916321;0,657002947380022
19,4167594444659;0,951930944240729;0,672106806427735
19,416898055577;0,964350559395598;0,665858452178696
19,4170369444659;0,95883850944557;0,671180823198227
19,4171758333547;0,955881897782888;0,695739963661765
19,4173147222436;0,948228155467774;0,657984777836845
19,4174538889103;0,949333450237162;0,654839260434301
19,4175925000214;0,959401859566583;0,664706558083566
19,4177313889103;0,93805674905559;0,67336063218039
19,4178702777992;0,923730329224043;0,653714793912314
19,4180091666881;0,943258281452188;0,667322897805491
19,4181483333548;0,944342531690694;0,654284676000543
19,4182869444659;0,974121684593911;0,664904959362389
19,4184261111325;0,927588254616751;0,661985289717904
19,4185650000214;0,91033284516277;0,671750595123257
19,4187038889103;0,943800347944602;0,666898607147601
19,4188425000214;0,92396865448859;0,689120176274372
19,4189816666881;0,918076576088509;0,669131429180254
19,4191202777992;0,94615944696767;0,670542997085022
19,4192591666881;0,913500190672039;0,672264601528468
19,4193983333547;0,935189883790372;0,696706618252307
19,4195372222436;0,923018622731746;0,661985289717904
19,4196758333547;0,925467454798593;0,685974698655855
19,4198147222436;0,952980688618709;0,680506722976844
19,4199538889103;0,93679625641937;0,665288570090468
19,4200927777992;0,914816266536945;0,661944651102971
19,4202316666881;0,924179370421086;0,674044697944055
19,420370555577;0,924687106041233;0,659238603589472
19,4205091666881;0,903425201772393;0,690086826579886
19,4206483333547;0,928783391884423;0,670440979061624
19,4207872222436;0,935189883790372;0,645457541276073
19,4209258333547;0,926185897880856;0,685290620955897
19,4210647222436;0,906347794277025;0,662114698525329
19,4212036111325;0,916401330125666;0,667638434757237
19,4213427777992;0,916822750335825;0,66200052678596
19,4214816666881;0,881924989178941;0,682228344627617
19,421620555577;0,924510720981004;0,675608520515965
19,4217591666881;0,900976326058043;0,683996185047135
19,421898055577;0,903208362799319;0,662725128276207
19,4220372222436;0,905397479077664;0,678896673983644
19,4221761111325;0,874385571015949;0,684776625498358
19,4223150000214;0,900109342872071;0,68010743561544
19,4224538889103;0,905431758153497;0,651823118174065
19,4225927777992;0,877822076198527;0,675964731820471
19,4227316666881;0,899350437406639;0,68307013632807
19,4228702777992;0,930192354256832;0,672620810147862
19,4230094444659;0,904475041924968;0,667509059002498
19,4231483333547;0,903425201772393;0,668418973447132
19,4232872222436;0,906292078365681;0,686612524769117
19,4234263889103;0,880574715291516;0,669446925728835
19,4235650000214;0,890860376794819;0,683782568186729
19,4237038889103;0,88743030645162;0,69686439713405
19,4238427777992;0,854377484028589;0,684194586325987
19,4239813889103;0,887628221485926;0,668976583006753
19,4241208333547;0,880602656027207;0,652919165044977
19,4242591666881;0,88855690245498;0,672252571722225
19,4243983333547;0,869007667233717;0,657002947380022
19,4245372222436;0,871774926996665;0,681020701906959
19,4246763889103;0,846965370560014;0,676704559430107
19,4248150000214;0,875224674061656;0,66466309325267
19,4249538889103;0,849169284748427;0,650213079824084
19,4250927777992;0,876032867775507;0,674100459790026
19,4252316666881;0,859792972490794;0,672633126059708
19,425370555577;0,862994578833593;0,6757663195948
19,4255094444659;0,889213097629209;0,653714793912314
19,4256483333548;0,864777561652375;0,684692589148483
19,4257875000214;0,877884265708474;0,669874213364892
19,4259261111325;0,851773384388537;0,659396427145907
19,4260650000214;0,843887879916679;0,663622734767387
19,4262038889103;0,836103339960914;0,672264601528468
19,426343055577;0,87012774363788;0,677946259544797
19,4264816666881;0,867530127109291;0,674100459790026
19,4266208333548;0,850126122817869;0,671366984395206
19,4267594444659;0,843100747664039;0,687126506385084
19,4268983333547;0,832632270816021;0,685262250881635
19,4270372222436;0,84202340210004;0,666384609004581
19,4271761111325;0,831140119798818;0,664548750743023
19,4273150000214;0,835447086388569;0,656619323798054
19,4274538889103;0,839847026477287;0,697248012146332
19,4275927777992;0,853470641997774;0,663452732330882
19,4277316666881;0,837602144831635;0,663396894352218
19,4278708333547;0,853597178278221;0,684194586325987
19,4280097222436;0,84185361941465;0,650426750607807
19,4281483333547;0,831793386062742;0,654114898434983
19,4282872222436;0,848219196312641;0,686600284687188
19,4284261111325;0,837447008211853;0,693176578775905
19,4285650000214;0,86295372474865;0,675751196365184
19,4287038889103;0,84130493360459;0,663651133609761
19,4288425000214;0,800804386326092;0,647296689936525
19,4289813889103;0,836883710218956;0,659238603589472
19,429120555577;0,838707439600967;0,685448412078586
19,4292591666881;0,852885315419201;0,660477249190734
19,429398055577;0,865768592130735;0,662555111219717
19,4295372222436;0,848063972386853;0,685860479177734
19,4296761111325;0,835744117731593;0,663610551909983
19,4298150000214;0,831589160995861;0,684151235048773
19,4299538889103;0,824774542900826;0,666898607147601
19,4300927777992;0,82898506135578;0,662526683611844
19,4302313889103;0,831161606090348;0,660533030249582
19,430370555577;0,796946460933384;0,64155900572726
19,4305091666881;0,829133570511317;0,647863223419506
19,4306486111325;0,831948391696073;0,651195073983644
19,4307869444659;0,801761198329189;0,644887793223461
19,4309258333547;0,810886011487071;0,649172924855179
19,4310647222436;0,820453238377723;0,657557653002101
19,4312038889103;0,812737387592279;0,675224909787886
19,431343055577;0,807739909856764;0,674258246628511
19,4314816666881;0,821911241295794;0,648377235401512
19,431620555577;0,826591700529207;0,654968619664942
19,4317591666881;0,814948033819405;0,654015224157945
19,431898055577;0,808913751121764;0,665644781394946
19,4320369444659;0,817552133459515;0,671852575432723
19,4321761111325;0,807625636446943;0,682014755239777
19,4323150000214;0,822311256681928;0,678840969070933
19,4324538889103;0,773798908577078;0,680308262090875
19,4325927777992;0,805916137471456;0,659594806938202
19,4327313889103;0,785372684755259;0,677060774712885
19,432870555577;0,799312235308889;0,658826545057678
19,4330094444659;0,817911368395585;0,652392976395902
19,4331483333548;0,784478084090637;0,654997076036011
19,4332869444659;0,802120431888625;0,666214651550064
19,4334258333548;0,793265063299486;0,659436999597688
19,4335650000214;0,768687157431742;0,663651133609761
19,4337038889103;0,786871485065205;0,678940338037791
19,4338427777992;0,80812677522718;0,678642475737831
19,4339816666881;0,761444805144151;0,669701140503321
19,4341202777992;0,781725475294991;0,671639080685537
19,4342594444659;0,796912232608463;0,679810570195571
19,4343983333547;0,783013559672497;0,679652730119244
19,4345369444659;0,757973745121888;0,672208792008576
19,4346761111325;0,778164581245306;0,689730606025194
19,4348150000214;0,788153312154122;0,673162219954719
19,4349541666881;0,804275455470986;0,671896382988422
19,4350927777992;0,81019551761014;0,677546400096219
19,4352316666881;0,774904220938623;0,680036327996959
19,435370555577;0,769160655929625;0,67482812871674
19,4355094444659;0,78883714826361;0,662712926821428
19,4356483333547;0,772151620940093;0,682414669835651
19,4357872222436;0,74329473052336;0,681447989543045
19,4359263889103;0,775474189075709;0,661588443776566
19,4360650000214;0,783902020029529;0,665644781394946
19,4362038889103;0,745709649722784;0,679568426218168
19,4363425000214;0,768687157431742;0,672066205520252
19,4364813889103;0,771012097523425;0,664960825797436
19,4366208333548;0,761479053921789;0,637187065667632
19,4367594444659;0,749574058226983;0,672264601528468
19,4368983333548;0,763745450933726;0,66403474433784
19,4370375000214;0,766293773724129;0,701406400226745
19,4371761111325;0,750821400868091;0,683894253389639
19,4373147222436;0,764048904784261;0,673716844777744
19,4374541666881;0,773764680252157;0,661316693256026
19,4375927777992;0,761126530572056;0,669502706787682
19,4377319444659;0,786506119669639;0,670270962005162
19,437870555577;0,77053268985361;0,673518427281067
19,4380094444659;0,761534708899774;0,668920688117709
19,4381483333548;0,753187069668002;0,678414425944766
19,4382872222436;0,762943583951596;0,670286369794098
19,4384261111325;0,740182892404221;0,660363103155674
19,4385652777992;0,766259585550472;0,659922583971763
19,4387038889103;0,7419787455581;0,675964731820471
19,4388427777992;0,743112033194166;0,655681043566801
19,4389816666881;0,734981329385334;0,681274916681474
19,4391208333547;0,753728954358763;0,666570852214136
19,4392594444659;0,757227649051231;0,649473257791556
19,4393983333547;0,770265989795519;0,668762884755125
19,4395372222436;0,752326636719403;0,648860378886468
19,4396761111325;0,755939635124946;0,6817605487295
19,4398150000214;0,758036025539155;0,66104703396968
19,4399541666881;0,752326636719403;0,663396894352218
19,4400927777992;0,743858149720921;0,677218557573099
19,4402316666881;0,751574000506366;0,656832899957607
19,4403702777992;0,748821443849039;0,667553010038716
19,4405094444659;0,7594383213453;0,683268580992404
19,4406483333548;0,741613293489849;0,678686054109477
19,4407872222436;0,723611650146808;0,657031317454226
19,4409258333547;0,745356893661864;0,667868800296162
19,4410650000214;0,730826355057218;0,695582201307161
19,4412038889103;0,745356893661864;0,669304294561982
19,4413427777992;0,745111975473549;0,708137807942194
19,4414816666881;0,74771607511363;0,626171368677774
19,4416202777992;0,734114355319804;0,679466445908702
19,4417594444659;0,745505376750486;0,67794337581131
19,441898055577;0,739288295975086;0,677104582268583
19,4420372222436;0,731144890284156;0,657771147749315
19,4421761111325;0,730432910115724;0,6817605487295
19,4423147222436;0,72672347660972;0,682940760573331
19,4424536111325;0,748109476390596;0,670444242292831
19,442593055577;0,728785691559068;0,681132330193151
19,4427316666881;0,72460269047491;0,667638434757237
19,442870555577;0,73814876090114;0,655111295514132
19,4430094444659;0,729531816885441;0,672264601528468
19,4431483333547;0,73081978004808;0,677020145347427
19,4432869444659;0,725469650857065;0,678302456231791
19,4434261111325;0,703278953514371;0,660848632690829
19,4435647222436;0,714641973608764;0,672208792008576
19,4437038889103;0,728637238778873;0,683952720216297
19,4438427777992;0,742421800015904;0,677590064150309
19,4439813889103;0,724716992810812;0,681590486685906
19,444120555577;0,71578151429523;0,670400321235832
19,4442594444659;0,725485080996549;0,672320477211485
19,4443983333547;0,715239604187161;0,652504889216686
19,4445372222436;0,721998590834801;0,648789326977521
19,4446758333547;0,713889330299708;0,656148981075972
19,4448150000214;0,725463106477832;0,661616928908302
19,4449538889103;0,725258929312417;0,673574302964113
19,445093055577;0,70603153200679;0,660164750521687
19,4452313889103;0,717605308184915;0,686442477346702
19,445370555577;0,716886839689437;0,67284663403737
19,4455094444659;0,722772916931234;0,685132842074211
19,445648055577;0,72256858047794;0,656675104856902
19,4457869444659;0,726215749786888;0,667140820576861
19,4459261111325;0,699807902616271;0,655538501753171
19,4460650000214;0,71578151429523;0,671112745137634
19,4462036111325;0,705427365847271;0,700124290719373
19,446343055577;0,700668370762799;0,655041198365382
19,4464816666881;0,688178471460191;0,661616928908302
19,446620555577;0,708179948575946;0,666171101026862
19,4467594444659;0,699569506974001;0,681974097413985
19,4468983333547;0,69459970333611;0,647337148590907
19,4470372222436;0,679208794922147;0,678370419234909
19,4471761111325;0,683812798791934;0,664920310249158
19,4473150000214;0,703278953514371;0,689718404570414
19,4474538889103;0,687243094582783;0,669490619770045
19,4475927777992;0,697507370227527;0,67393050233548
19,4477313889103;0,719571114105975;0,682342663264023
19,4478702777992;0,667594225587095;0,67852823055307
19,4480094444659;0,66855114186842;0,682014755239777
19,4481483333547;0,709489612121786;0,662114698525329
19,4482872222436;0,702885586782486;0,680550359184906
19,4484261111325;0,658231191442894;0,658668758219136
19,4485650000214;0,690748322322634;0,667468477302691
19,4487038889103;0,706777639734696;0,681590486685906
19,4488427777992;0,698315681221374;0,661774768984628
19,4489816666881;0,683927066589604;0,651878956152757
19,449120555577;0,692451293862973;0,684922321340935
19,4492597222436;0,689698737205646;0,654640875371911
19,4493983333548;0,708179948575946;0,634085507256941
19,4495375000214;0,682639052663347;0,672094719410154
19,4496761111325;0,69259976391649;0,660164750521687
19,4498150000214;0,696246938838385;0,67852823055307
19,4499541666881;0,691460263384556;0,675608520515965
19,4500927777992;0,688776036546244;0,660176818945104
19,4502319444659;0,709496064595498;0,662368909014788
19,4503708333548;0,648874631284457;0,654696807958459
19,4505094444659;0,671697073404715;0,653132781905356
19,4506483333547;0,672598247701842;0,669914757363699
19,4507872222436;0,666368704250203;0,665886994824234
19,4509261111325;0,66544581611393;0,669388731483139
19,4510650000214;0,667749274886262;0,659594806938202
19,4512038889103;0,674768283587326;0,643835415908484
19,4513427777992;0,661383697988299;0,67720647055549
19,4514816666881;0,69610502652273;0,684735996132872
19,4516208333547;0,670916810668302;0,645203314259561
19,4517597222436;0,677914176012621;0,690984431777821
19,4518983333547;0,71153015308451;0,657346911939555
19,4520372222436;0,661228648689132;0,654471083192789
19,4521761111325;0,661377122979161;0,665814873807051
19,4523150000214;0,66960069464875;0,6614591010688
19,4524536111325;0,667987635336772;0,66289531067963
19,4525925000214;0,667411687545751;0,648947167053848
19,4527313889103;0,664306332855318;0,666158785115016
19,4528702777992;0,667594225587095;0,662300859722336
19,4530094444659;0,678273418044711;0,656318893552424
19,453148055577;0,657280819540802;0,695569961225289
19,4532869444659;0,644128245534688;0,652048958589262
19,4534258333547;0,646453142292444;0,661842703229581
19,4535647222436;0,655160033405991;0,67393050233548
19,4537036111325;0,671628869059589;0,669602646370322
19,4538427777992;0,67937878678012;0,668920688117709
19,4539816666881;0,658089208737522;0,671524787757818
19,454120555577;0,660123297226534;0,636447254581896
19,4542594444659;0,666882309942565;0,673602845609651
19,454398055577;0,627578607865928;0,641729008163736
19,4545369444659;0,668136135695192;0,678370419234909
19,4546758333547;0,649450695345536;0,671893270972475
19,4548150000214;0,647986170927368;0,669446925728835
19,4549536111325;0,662278297276345;0,649844800096162
19,4550925000214;0,65288100945736;0,673602845609651
19,4552316666881;0,646304659203878;0,669388731483139
19,455370555577;0,649023084064652;0,683312302877994
19,4555091666881;0,656983848801758;0,67023040875938
19,4556483333547;0,664848178439541;0,67336063218039
19,4557869444659;0,662244078799432;0,666685071692285
19,4559261111325;0,653119440297559;0,679609121757892
19,4560650000214;0,651063747562773;0,681816310575442
19,4562036111325;0,655457047155494;0,639197258402305
19,4563427777992;0,665086574081812;0,659396427145907
19,4564813889103;0,639096526443154;0,672094719410154
19,4566202777992;0,647620805531801;0,658142601393223
19,4567594444659;0,671492944136673;0,667310657723618
19,456898055577;0,647375917654472;0,672992352452468
19,4570372222436;0,652407446441117;0,667468477302691
19,4571761111325;0,665594286167448;0,690671962245546
19,4573150000214;0,631922638551373;0,663552900090849
19,4574538889103;0,642412606251668;0,670654568449436
19,4575927777992;0,618553073726929;0,670084759800204
19,4577316666881;0,636025543062146;0,693988446013805
19,4578702777992;0,640651088872971;0,650584586401294
19,4580094444659;0,62862809716529;0,64342329985783
19,458148055577;0,649769209391025;0,678516276543917
19,4582872222436;0,637842700690499;0,640135342827875
19,4584261111325;0,640799532852952;0,690814414721359
19,4585652777992;0,649267998016342;0,662712926821428
19,4587038889103;0,633232139084754;0,664221028548354
19,458843055577;0,634399889019846;0,673190705086455
19,4589813889103;0,641734844560091;0,682742359294508
19,459120555577;0,631978313332127;0,660520943231973
19,4592594444659;0,633117819477548;0,64769334130122
19,4593983333547;0,629823452762196;0,656306825128979
19,4595372222436;0,627015032240251;0,663824344761281
19,4596758333547;0,627015032240251;0,654442511794002
19,4598152777992;0,61301986783559;0,676122526921176
19,4599538889103;0,588076540517534;0,651721148812243
19,4600927777992;0,62076378056301;0,68770860041073
19,4602316666881;0,624262462546653;0,633103349432304
19,4603708333548;0,615856413785735;0,647252768879525
19,4605094444659;0,602009493910913;0,673918586936708
19,4606486111325;0,635858242909222;0,657814955305014
19,4607872222436;0,628086290690845;0,652235160794191
19,4609263889103;0,616342419028342;0,679810570195571
19,4610650000214;0,635476996692717;0,647337148590907
19,4612036111325;0,627522750264973;0,649359332047482
19,4613427777992;0,626417416399079;0,666413036612454
19,4614819444659;0,616490936980483;0,672478313005001
19,4616202777992;0,631062335930153;0,653387049619283
19,4617597222436;0,614877888998564;0,661774768984628
19,4618986111325;0,630479582427455;0,639835172017627
19,4620372222436;0,616735916098548;0,670698575159349
19,4621761111325;0,610682260977683;0,682014755239777
19,4623152777992;0,602796365544918;0,648748830632115
19,4624538889103;0,639842634171089;0,670428777606872
19,462593055577;0,609936129711201;0,685718071364931
19,4627316666881;0,602972893303729;0,654696807958459
19,462870555577;0,636582361191273;0,672422408868982
19,4630094444659;0,613230583768086;0,654328853993775
19,4631483333547;0,604198717720067;0,64800905816
19,4632875000214;0,599650316695715;0,647138817437792
19,4634261111325;0,611075618583783;0,689774327910811
19,4635650000214;0,593250602387741;0,669388731483139
19,4637038889103;0,632337556741163;0,666840649766641
19,463843055577;0,619875406878634;0,684250452761006
19,4639816666881;0,609753649112122;0,656876878831127
19,4641202777992;0,612688686368529;0,671540195546697
19,4642591666881;0,600368793663648;0,684080660581913
19,464398055577;0,591547595977886;0,684764481264608
19,4645372222436;0,603719009830456;0,677048630479135
19,4646758333548;0,624114005529464;0,670654568449436
19,4648150000214;0,604465132296923;0,690514114215944
19,4649536111325;0,597087071140578;0,674912680042098
19,4650925000214;0,587838162471883;0,662982724373933
19,4652316666881;0,599052707949824;0,631707115866931
19,465370555577;0,58655645657899;0,677020145347427
19,4655091666881;0,570793404448182;0,665700628622261
19,4656483333547;0,572793326271466;0,668608547997678
19,4657869444659;0,595940878627772;0,67820055173263
19,4659261111325;0,608499823359494;0,642213596434601
19,4660647222436;0,607873888365305;0,659124798981196
19,4662036111325;0,583113276696963;0,661988629976491
19,4663425000214;0,590293770225259;0,659752626517275
19,4664813889103;0,588943496337833;0,662599147906377
19,466620555577;0,591900328500259;0,660734804223864
19,4667591666881;0,583621006378962;0,673348545162781
19,4668983333547;0,585268311609468;0,655780946066898
19,4670369444659;0,582036073855647;0,700924064685751
19,4671758333547;0,58990037742123;0,662870754660929
19,4673150000214;0,594300187504729;0,646913109187722
19,4674536111325;0,582332992452677;0,663610551909983
19,4675925000214;0,569477389185579;0,6574028068286
19,4677313889103;0,572855606688734;0,652080925893699
19,4678702777992;0,588287308259567;0,647495004879488
19,4680091666881;0,573898664699328;0,673076999576352
19,4681483333548;0,559008912337561;0,668806835791401
19,4682872222436;0,593758302813967;0,675584651081607
19,4684261111325;0,592259576146319;0,674500482628531
19,4685650000214;0,583831745192469;0,665846555369171
19,4687036111325;0,582537328905943;0,679442576474372
19,4688425000214;0,583980237079203;0,649731191838043
19,4689816666881;0,578360759111007;0,679968422507642
19,4691202777992;0,562120759253162;0,664806725843505
19,4692594444659;0,587296277781178;0,676934924969089
19,4693983333548;0,574298736778701;0,660848632690829
19,4695369444659;0,552045792180593;0,662242971099687
19,4696761111325;0,582719866947315;0,671382335281976
19,4698150000214;0,573363315914605;0,662768850161797
19,4699538889103;0,544682523128245;0,675596452092577
19,4700927777992;0,551525507862209;0,680708203237884
19,4702316666881;0,583283477774842;0,675794804726536
19,4703702777992;0,575960932443195;0,677776512329444
19,4705094444659;0,560740050437118;0,642739442467928
19,4706483333547;0,563675162408629;0,65797282382772
19,4707869444659;0,577967357834098;0,673162219954719
19,4709258333547;0,541183827059058;0,671014381317292
19,4710650000214;0,5697658695629;0,673760710156415
19,4712038889103;0,575722501603025;0,668806835791401
19,4713427777992;0,528566963941785;0,662926706450378
19,4714816666881;0,580685799968165;0,673602845609651
19,4716208333548;0,55224987355524;0,685176621787804
19,4717597222436;0,571505332801252;0,684080660581913
19,4718983333548;0,556432874639427;0,661774768984628
19,4720369444659;0,552101386230447;0,625487743407717
19,4721761111325;0,564034400204179;0,675082412645054
19,4723147222436;0,53628281472723;0,693433922150405
19,4724536111325;0,550751112343022;0,663440759730889
19,4725927777992;0,550961880085055;0,690671962245546
19,4727316666881;0,538790466232513;0,658741222513697
19,4728702777992;0,546506317017929;0,66553080609043
19,4730094444659;0,545645936206796;0,655724908945444
19,4731483333548;0,552101386230447;0,679510366965729
19,4732872222436;0,552609107114648;0,667710899051741
19,4734261111325;0,554222167803346;0,663552900090849
19,4735647222436;0,566000232523947;0,676324398783095
19,4737041666881;0,580122311686466;0,664806725843505
19,4738427777992;0,549708054332427;0,65300732397219
19,4739816666881;0,529610050880905;0,674714397515686
19,4741208333547;0,551708002551521;0,67287874419435
19,4742594444659;0,55778314852688;0,669558554014998
19,4743983333547;0,574617141667233;0,657803211480484
19,4745372222436;0,564238721085985;0,653589117230752
19,4746761111325;0,568251564769241;0,641389168580474
19,4748152777992;0,563471033140615;0,659796776679116
19,4749538889103;0,56695720943307;0,639197258402305
19,4750927777992;0,543280197017168;0,668094475519297
19,4752316666881;0,547977202651822;0,67381674727784
19,475370555577;0,547856590905383;0,655769373772131
19,4755094444659;0,575756659470954;0,658344700810716
19,4756483333547;0,5419365287662;0,669190416540204
19,4757872222436;0,560718411313019;0,680194163790418
19,4759263889103;0,568638439263907;0,672890469434179
19,4760647222436;0,566576249731895;0,658700868376087
19,4762036111325;0,562365742606119;0,673647224823242
19,4763427777992;0,557925131232253;0,665744720977585
19,4764813889103;0,536072075913722;0,664948910398664
19,476620555577;0,581283503153372;0,689988202122947
19,4767591666881;0,588808113895368;0,67820055173263
19,476898055577;0,574617141667233;0,655413216837019
19,4770369444659;0,553002560527602;0,652493221156732
19,4771761111325;0,583079108979405;0,666202736151291
19,4773147222436;0,59674928151145;0,660152949510746
19,4774536111325;0,598904211827261;0,656549385727828
19,4775925000214;0,600910717457452;0,668806835791401
19,4777313889103;0,587541191732839;0,661632450486479
19,4778702777992;0,575248938586753;0,66439444709016
19,4780094444659;0,591547595977886;0,664180532203005
19,478148055577;0,568400043621608;0,676324398783095
19,4782869444659;0,590104761789377;0,653758714969342
19,4784261111325;0,57425790249485;0,651025371728281
19,4785647222436;0,596897742765577;0,671156610516306
19,4787036111325;0,570759216274553;0,663909067656277
19,478843055577;0,599263446763359;0,662757049150855
19,4789813889103;0,577614660181212;0,683300501867052
19,4791202777992;0,611942569841773;0,674743112643171
19,4792594444659;0,595046286434524;0,665162893408933
19,479398055577;0,585330510966628;0,65761664036205
19,4795369444659;0,609880393995525;0,678714596755015
19,4796761111325;0,608471518943702;0,677432228356849
19,4798147222436;0,598130232757171;0,667196829256653
19,4799536111325;0,601508311467313;0,662344810758611
19,4800927777992;0,597446289135007;0,657774525093771
19,4802319444659;0,58367678322864;0,652849386039492
19,480370555577;0,606022468602816;0,654741157205734
19,4805094444659;0,58747893177167;0,669376987658609
19,4806483333548;0,571539500518838;0,686446082888182
19,4807869444659;0,58147258557392;0,666614974543563
19,4809261111325;0,622241216434219;0,654741157205734
19,4810647222436;0,5975881662647;0,668862901352014
19,4812036111325;0,587534708621376;0,666942500365764
19,4813427777992;0,598700114887578;0,647551022803043
19,4814816666881;0,615082018266577;0,68461045005111
19,481620555577;0,622974539545538;0,640676792404975
19,4817591666881;0,609583397188828;0,663327274397716
19,4818983333547;0,624974508225876;0,677674672670577
19,4820369444659;0,596151629098529;0,698048602932175
19,4821761111325;0,609936129711201;0,67820055173263
19,4823150000214;0,623213005589463;0,66812316190601
19,4824538889103;0,624262462546653;0,680238427414366
19,4825927777992;0,603656729413188;0,664281156198825
19,4827316666881;0,622946356376758;0,671014381317292
19,482870555577;0,628810794494512;0,674030784169304
19,4830094444659;0,613794055103938;0,646245354987855
19,4831483333547;0,604972835583084;0,660220740002131
19,4832872222436;0,641307233279235;0,651352930272225
19,4834261111325;0,618553073726929;0,657645298005491
19,4835652777992;0,604768642850189;0,644376857532933
19,4837038889103;0,637130837831478;0,695128639654996
19,4838425000214;0,612518772711439;0,685548428675531
19,4839816666881;0,633027946351831;0,665276501667051
19,484120555577;0,636771615602214;0,650628850025299
19,4842594444659;0,641130657946178;0,660536521697452
19,4843983333548;0,635632045991912;0,680024431187434
19,4845372222436;0,646453142292444;0,671268750876322
19,4846761111325;0,661553793472677;0,667512627464532
19,4848147222436;0,644509014265708;0,660367013848855
19,4849538889103;0,659857039040617;0,667568759136515
19,4850927777992;0,650196782619076;0,65766116083347
19,4852316666881;0,633266306802284;0,659124798981196
19,485370555577;0,658631093428255;0,640975633509953
19,4855091666881;0,662244078799432;0,656865249364927
19,4856483333547;0,661770558797201;0,676166505794697
19,4857872222436;0,671099464658795;0,67344901804799
19,4859263889103;0,644298211976718;0,675482843834402
19,4860650000214;0,619875406878634;0,66037862473388
19,4862041666881;0,667452278079594;0,660010854231558
19,4863427777992;0,630928856374879;0,685762506227974
19,4864819444659;0,660278390187784;0,654357597859644
19,486620555577;0,675914236592973;0,64445000811503
19,4867597222436;0,671628869059589;0,65769001962741
19,4868986111325;0,666340399834496;0,65766116083347
19,4870372222436;0,672387549036301;0,676906267325649
19,4871761111325;0,669662984915675;0,66223139880492
19,4873152777992;0,661770558797201;0,615381951846132
19,4874538889103;0,668198385807528;0,656023784293183
19,4875927777992;0,666882309942565;0,650657622626767
19,4877316666881;0,671607200278999;0,658231556638555
19,4878708333548;0,64705077287087;0,672934904297165
19,4880091666881;0,676626243160058;0,648223000500963
19,488148055577;0,691847142441929;0,647895572826826
19,4882869444659;0,679886487206403;0,677888709562041
19,4884258333547;0,681961429780358;0,652549409688106
19,4885650000214;0,677914176012621;0,663909067656277
19,4887036111325;0,663383613873378;0,682984711609606
19,4888425000214;0,657695868079941;0,650713858770359
19,4889813889103;0,690389091622421;0,668693423837709
19,489120555577;0,655871988154843;0,677888709562041
19,4892597222436;0,679772161985682;0,676409274623154
19,489398055577;0,684137805403111;0,657079435668351
19,4895369444659;0,682524744714385;0,659694974698141
19,4896758333547;0,679527243797338;0,667043238396104
19,4898147222436;0,699562993227374;0,668450655009281
19,4899538889103;0,699541566238253;0,671981087298718
19,4900925000214;0,686023436547714;0,657135737888808
19,4902316666881;0,705820793193254;0,685593178112867
19,4903702777992;0,69645768930917;0,661106734103726
19,4905091666881;0,698309167474747;0,678916926128437
19,490648055577;0,703610173031024;0,675482843834402
19,4907869444659;0,665390141333148;0,670930080032065
19,4909258333547;0,698498421885716;0,691270714262316
19,4910647222436;0,684714077668218;0,694518105213575
19,4912038889103;0,681533705763059;0,683000460707376
19,4913425000214;0,693909488411009;0,665320823087541
19,4914813889103;0,677709998847178;0,676380502021658
19,4916202777992;0,682673240836948;0,660835656278664
19,4917594444659;0,683778570467013;0,669947249590336
19,4918983333548;0,685989268830127;0,69937013295376
19,4920369444659;0,687580942933437;0,674132569946977
19,4921758333548;0,683215255533014;0,671981087298718
19,4923147222436;0,687277262300341;0,670885187250434
19,4924538889103;0,692395619082191;0,6750590007357
19,4925925000214;0,689643001489941;0,656152928838878
19,4927313889103;0,695386574970087;0,664055596525401
19,4928702777992;0,683812798791934;0,662971113488908
19,4930094444659;0,702111376956111;0,673663258209416
19,493148055577;0,696253544474871;0,683412812829829
19,4932872222436;0,70067485387429;0,663327274397716
19,4934258333547;0,691079654566209;0,666630837371514
19,4935650000214;0,677316545434223;0,668382358620192
19,4937038889103;0,692748247005056;0,681678988154744
19,4938425000214;0,692748247005056;0,650132167900466
19,4939813889103;0,670740235335302;0,674702843800645
19,4941202777992;0,689339490936675;0,67839147140208
19,4942591666881;0,706981960616531;0,66223139880492
19,4943983333547;0,694212828841472;0,654515548019504
19,4945372222436;0,684320546067482;0,652323833511787
19,4946761111325;0,690206437631929;0,668139081591562
19,4948150000214;0,686741905043164;0,665789412643448
19,4949538889103;0,706532721546353;0,667399386093877
19,4950927777992;0,709102723937974;0,66291496262582
19,4952313889103;0,708384221548243;0,663129067622492
19,495370555577;0,692092051830855;0,678459032017031
19,4955094444659;0,713347537514494;0,648878342147782
19,495648055577;0,704926198140868;0,679284675229894
19,4957872222436;0,713719442056487;0,671839036651676
19,4959261111325;0,714607815740862;0,680125283242205
19,4960650000214;0,721308271613793;0,669020818801613
19,4962036111325;0,713388147856108;0,671455485864044
19,4963427777992;0,703250952178053;0,685221001001366
19,4964816666881;0,688537693689454;0,653990093293146
19,496620555577;0,722506320516771;0,665320823087541
19,4967594444659;0,678217743263986;0,671455485864044
19,496898055577;0,701040392607865;0,673092862404303
19,4970375000214;0,684172023879967;0,658531435798437
19,4971761111325;0,686116464697164;0,6669869930152
19,4973150000214;0,700104864231122;0,666145560341249
19,4974538889103;0,68327084958284;0,650657622626767
19,4975927777992;0,738839254778043;0,664180532203005
19,4977319444659;0,701997126425397;0,645861808478969
19,497870555577;0,708179948575946;0,667811828067471
19,4980100000214;0,716831306562597;0,667043238396104
19,4981483333547;0,715930027686341;0,683000460707376
19,4982872222436;0,69256563635696;0,674132569946977
19,4984261111325;0,713570902603578;0,667241407509522
19,4985650000214;0,682639052663347;0,684339352360212
19,4987038889103;0,708220843784488;0,67605311768807
19,4988427777992;0,72400510355979;0,655881912136181
19,4989816666881;0,714515403427868;0,661361128119012
19,499120555577;0,702857464229652;0,68570634612513
19,4992597222436;0,691677175999871;0,688722765485323
19,4993986111325;0,698519969763794;0,660937361061031
19,4995372222436;0,708214176900924;0,654317357443944
19,4996761111325;0,70696035114824;0,69403273960674
19,4998152777992;0,726792044604281;0,703216561796609
19,4999536111325;0,69846417310805;0,68594932312908
19,5000927777992;0,709496064595498;0,677295656930028
19,5002313889103;0,695928641462558;0,667913521918138
19,5003702777992;0,720506404631692;0,67897316227203
19,5005091666881;0,717041976309218;0,67770816428748
19,500648055577;0,717753800071648;0,668653211846504
19,5007869444659;0,718682653748914;0,644607982726342
19,5009258333547;0,725258929312417;0,653063531691316
19,5010652777992;0,699962951915467;0,683926934833039
19,5012036111325;0,68868622467275;0,656752204213802
19,5013425000214;0,703820877308175;0,65984152611648
19,5014813889103;0,727286964891448;0,668337266902654
19,5016202777992;0,714607815740862;0,687016331980601
19,5017591666881;0,729179084363096;0,678617014574229
19,501898055577;0,73249516417161;0,674957258294967
19,5020369444659;0,725110420156852;0,68594932312908
19,5021761111325;0,708756243393339;0,661875241869836
19,5023147222436;0,734832798402067;0,667726705017003
19,5024538889103;0,682462524904508;0,666145560341249
19,5025927777992;0,713740869045637;0,674957258294967
19,5027313889103;0,684172023879967;0,663383482116785
19,502870555577;0,717360381197778;0,655458308554586
19,5030094444659;0,710932544338618;0,658389563641435
19,503148055577;0,717753800071648;0,68553691354748
19,5032872222436;0,701997126425397;0,637275678449782
19,5034258333547;0,717211915380915;0,657904368502102
19,5035650000214;0,699399724288554;0,662089482031291
19,5037036111325;0,688537693689454;0,663913813590369
19,5038427777992;0,700111469867608;0,686005644530837
19,5039816666881;0,712579849569124;0,64944886078581
19,5041202777992;0,720091747074832;0,66025399253445
19,5042591666881;0,727116947616622;0,672934904297165
19,5043983333548;0,709678718585991;0,671257311486556
19,5045372222436;0,724730128710263;0,666190823154352
19,5046758333547;0,715543171438497;0,678046655442529
19,5048147222436;0,706532721546353;0,66812787079283
19,5049538889103;0,711868116693552;0,67198579618551
19,5050927777992;0,704207738117077;0,655469462217923
19,5052313889103;0,716255034297461;0,660197671132664
19,505370555577;0,722153727454554;0,658700868376087
19,5055094444659;0,708966907529344;0,671043125183132
19,5056483333547;0,711657487081254;0,671997006984242
19,5057872222436;0,736650008161376;0,669834277780723
19,5059261111325;0,710932544338618;0,667444648906951
19,5060652777992;0,71578151429523;0,643314001823711
19,5062041666881;0,717788048849286;0,676414325445023
19,5063427777992;0,708403801069551;0,677193995465643
19,5064816666881;0,692002148075261;0,67636906263192
19,5066202777992;0,720837793231624;0,670161476541978
19,5067591666881;0,695296793718853;0,662659987837742
19,5068983333547;0,709644530412334;0,679543619498048
19,5070372222436;0,708539183512045;0,692625697036533
19,5071761111325;0,694036301082662;0,672596413142116
19,5073150000214;0,71153672809362;0,665009607898412
19,5074538889103;0,721794509460153;0,667455688314334
19,5075927777992;0,723611650146808;0,688936964999755
19,5077316666881;0,712790553846247;0,665534981951453
19,507870555577;0,709081146405651;0,690348785532933
19,5080094444659;0,726906260605517;0,644664275711165
19,5081483333548;0,729476081169764;0,669834277780723
19,5082872222436;0,699752247638344;0,695556984813095
19,5084261111325;0,727659027790224;0,656238051889318
19,5085650000214;0,720330019571463;0,65827693278618
19,5087038889103;0,734832798402067;0,675883819896825
19,5088427777992;0,724153625747277;0,681051920858408
19,5089816666881;0,733334006562472;0,661507818287077
19,5091208333547;0,706003591271042;0,662490974106305
19,5092594444659;0,69057188970018;0,648736603817838
19,5093983333547;0,712452966505708;0,676425364852406
19,5095372222436;0,701548166268026;0,65984152611648
19,5096761111325;0,707108877570761;0,663530288469218
19,5098150000214;0,711515697890434;0,659158194254729
19,5099538889103;0,708721924176388;0,660835656278664
19,5100927777992;0,703969395260316;0,674262795127504
19,5102316666881;0,734495124050852;0,63548549635729
19,510370555577;0,688531088052969;0,682673109080383
19,5105094444659;0,720478585081764;0,639756059219224
19,5106486111325;0,732467041618747;0,68391570546413
19,5107872222436;0,70911545577718;0,661593265571298
19,5109261111325;0,737191931955181;0,662818031501274
19,5110650000214;0,705046883510931;0,642218191323536
19,5112038889103;0,70890480890364;0,661338745061926
19,5113427777992;0,717428827996287;0,687457596074978
19,5114816666881;0,738662964830297;0,647415389753093
19,511620555577;0,717183853438968;0,661593265571298
19,5117591666881;0,707657772497726;0,678289793745392
19,511898055577;0,693649444834818;0,653435831720259
19,5120369444659;0,716085251612071;0,676995907319508
19,5121758333547;0,718831193201794;0,669850708964333
19,5123147222436;0,721794509460153;0,671246139254691
19,5124536111325;0,712072102293604;0,667642709936842
19,5125927777992;0,704300840211857;0,66889653568947
19,5127313889103;0,737733973038786;0,674833497031955
19,5128702777992;0,727448392568164;0,686107322187524
19,5130091666881;0,705108982136665;0,665823949402665
19,5131483333547;0,726249978111809;0,679216486114996
19,5132869444659;0,72254727664486;0,665620219287518
19,5134261111325;0,693324541822449;0,665936310891084
19,5135647222436;0,714113008183801;0,684553714441421
19,5137036111325;0,70746809842376;0,701651789445094
19,5138425000214;0,723476302957664;0,661966024009899
19,5139813889103;0,715183949209177;0,654786105607741
19,514120555577;0,731869476532694;0,683045409109411
19,5142591666881;0,702653430744391;0,668184286663262
19,514398055577;0,708721924176388;0,649787351940859
19,5145372222436;0,725652434852861;0,662134858178888
19,5146758333547;0,708763002128052;0,638089595997371
19,5148147222436;0,746589445227983;0,662276462716591
19,5149538889103;0,71578151429523;0,696014838584318
19,5150925000214;0,708607690911123;0,653679386128317
19,5152316666881;0,720330019571463;0,674008286834805
19,515370555577;0,715691702421736;0,652910653191157
19,5155091666881;0,708607690911123;0,684655370643384
19,5156483333548;0,718147271078578;0,664682485138428
19,5157869444659;0,71578151429523;0,669438112415889
19,5159258333547;0,720336778306205;0,655881912136181
19,5160650000214;0,724187944964171;0,67198579618551
19,5162036111325;0,726160196860633;0,664626078500561
19,5163427777992;0,728222255417108;0,674008286834805
19,5164816666881;0,726011652847262;0,668738487749408
19,516620555577;0,719401096831177;0,654362534712931
19,5167591666881;0,743653956987998;0,643940976653113
19,516898055577;0,731179017843658;0,669692628649472
19,5170372222436;0,712078769177197;0,650928180215004
19,5171761111325;0,724695718624332;0,656197962804924
19,5173150000214;0,707257417023698;0,670975571639218
19,5174538889103;0,703623794868093;0,666863101306916
19,5175927777992;0,714437876669109;0,655814437683802
19,5177316666881;0,704003704631816;0,667642709936842
19,517870555577;0,715332484427364;0,664738957818969
19,5180091666881;0,716119651854996;0,657893424768815
19,518148055577;0,712072102293604;0,692998261320639
19,5182872222436;0,711360343033391;0,668026230781436
19,5184261111325;0,724194703698942;0,662164004119433
19,5185650000214;0,708403801069551;0,659886874466224
19,5187036111325;0,724757827094635;0,6648805623567
19,5188427777992;0,727897317874692;0,666863101306916
19,5189816666881;0,736155313325042;0,695743965498423
19,519120555577;0,728757629617121;0,660084919309298
19,5192594444659;0,715874616389982;0,670404869734824
19,519398055577;0,704545875676843;0,660712198257301
19,5195372222436;0,752509377383745;0,656554094614648
19,5196761111325;0,725686784361955;0,667969843319895
19,5198150000214;0,738690723794804;0,675160499692424
19,5199536111325;0,721583845324119;0,656452454603311
19,5200927777992;0,735972385278387;0,665095073746386
19,5202316666881;0,718268103677502;0,67624543180284
19,5203702777992;0,713311838287581;0,670935700547972
19,5205094444659;0,702632703733627;0,643201347142764
19,520648055577;0,71420647991178;0,67573121350631
19,5207872222436;0,719528779992942;0,650019489393145
19,5209261111325;0,717584095569578;0,684497355390988
19,5210647222436;0,709468002653495;0,661406162085115
19,5212038889103;0,73277077893556;0,64747191000464
19,5213427777992;0,717407948260188;0,670901163788784
19,5214816666881;0,727714519796933;0,668371471999166
19,521620555577;0,698049450401129;0,679787151372523
19,5217594444659;0,700239153029315;0,658847695150996
19,5218983333547;0,723645878471757;0,668942283825231
19,5220372222436;0,718330141726369;0,683074411507732
19,5221761111325;0,718513156400661;0,663005175914236
19,5223150000214;0,703378703076851;0,664671655624687
19,5224538889103;0,703378703076851;0,667246609324252
19,5225927777992;0,703948456251908;0,661395236913762
19,5227316666881;0,711508908543721;0,677341148537209
19,5228702777992;0,718499899001472;0,661395236913762
19,5230094444659;0,719380157822798;0,662649062666389
19,5231483333548;0,741985473678483;0,652256756501714
19,5232872222436;0,736866994412793;0,682153376675672
19,5234261111325;0,71276952364309;0,654831652801761
19,5235652777992;0,709806227177552;0,647303151008856
19,5237038889103;0,72673681601546;0,650973727409053
19,5238427777992;0,725800983100697;0,650448890883837
19,5239813889103;0,70538545581914;0,674578952092332
19,5241202777992;0,734487198009816;0,655019001794273
19,5242594444659;0,727510470748058;0,656074895972893
19,524398055577;0,732228698761958;0,674578952092332
19,5245369444659;0,714261586721364;0,666705016716662
19,5246761111325;0,734601293203468;0,661028485288682
19,5248147222436;0,737619768689939;0,666405428979942
19,5249538889103;0,723624907546025;0,650335670788166
19,5250927777992;0,703257649681291;0,669523749595726
19,5252316666881;0,689207769626279;0,675527678852887
19,5253702777992;0,760563511390046;0,675375105517986
19,5255091666881;0,73466325024674;0,680486856663322
19,525648055577;0,717169763680317;0,661909446966376
19,5257869444659;0,720126177603078;0,671884156174144
19,5259258333547;0,714620790637383;0,681245163999847
19,5260647222436;0,725800983100697;0,67833531314642
19,5262036111325;0,764021024643995;0,667246609324252
19,526343055577;0,693718134005167;0,661197229699752
19,5264816666881;0,721082815670172;0,641167997959286
19,526620555577;0,743871164110459;0,67540430885802
19,5267591666881;0,714410178284766;0,687886510175275
19,526898055577;0,723476302957664;0,661768065338464
19,5270372222436;0,731496287712162;0,674121279765359
19,5271758333548;0,713515552214943;0,651544563047793
19,5273147222436;0,716627449035798;0,651075286488236
19,5274536111325;0,740880231022402;0,637779454750358
19,5275927777992;0,712078769177197;0,666150876101483
19,5277316666881;0,719943177004779;0,673550554042208
19,527870555577;0,722336641422828;0,667857261946551
19,5280091666881;0,712375896289387;0,674262795127504
19,528148055577;0,715163039837279;0,682509476726125
19,5282869444659;0,746237026424922;0,668213375194341
19,5284258333547;0,725666178148686;0,676104094745398
19,5285650000214;0,725421073336975;0,62718811843186
19,5287036111325;0,728736658691389;0,650906482614232
19,5288425000214;0,735938106202553;0,675674693254734
19,5289816666881;0,753383102547275;0,669325774744891
19,529120555577;0,731516953182961;0,674420867502135
19,5292594444659;0,693873576131352;0,647432048141212
19,529398055577;0,726343154145724;0,670579600497518
19,5295372222436;0,726947399461295;0,655860100317483
19,5296761111325;0,728764296500685;0,661039124956091
19,5298150000214;0,728201225213951;0,679532618647443
19,5299538889103;0,733530698630631;0,651487948384812
19,5300925000214;0,723089474068615;0,678137322114623
19,5302316666881;0,73338202893413;0,632815641440061
19,5303708333548;0,735198683724178;0,666592777972397
19,5305094444659;0,73349610687535;0,659559904479323
19,5306483333548;0,720872203317555;0,660356098206819
19,5307872222436;0,719169591632607;0,622449231361514
19,5309261111325;0,73466325024674;0,673697937598661
19,5310650000214;0,727130529977387;0,647303151008856
19,5312038889103;0,724561022092558;0,664728261060617
19,5313427777992;0,712558940197198;0,67958913889899
19,5314816666881;0,745484193779134;0,659943403947096
19,531620555577;0,739205226729069;0,666196936256881
19,5317594444659;0,720689231955333;0,646947057605274
19,5318983333548;0,741273884426477;0,662480258792414
19,5320375000214;0,744976411325553;0,665665824203046
19,5321761111325;0,727876529320611;0,676628931270614
19,5323150000214;0,717881274788425;0,65205880875061
19,5324538889103;0,715128579026043;0,6674905103215
19,5325927777992;0,716979867838887;0,669896683644737
19,5327313889103;0,760501584624393;0,658678995612973
19,532870555577;0,720879053880367;0,659306815814773
19,5330094444659;0,74180932636915;0,659831359358918
19,5331483333547;0,741957957004047;0,643491657501954
19,5332872222436;0,718661774012844;0,648969752828208
19,5334261111325;0,741985473678483;0,655758584522573
19,5335647222436;0,741211957660823;0,67019610957783
19,5337038889103;0,72544852945154;0,672117305184514
19,533843055577;0,718119512114072;0,650550385242354
19,5339816666881;0,744175241429303;0,670992343600062
19,5341208333548;0,717577367449223;0,682407966189515
19,5342597222436;0,74070413125142;0,67738723860711
19,5343983333548;0,73367938134524;0,6562728275469
19,5345372222436;0,719020965230015;0,667124063920085
19,5346763889103;0,736303904888445;0,644399657788057
19,5348150000214;0,730594741408169;0,645682859019388
19,5349541666881;0,721773691272688;0,667077775155292
19,5350927777992;0,729130355073266;0,679431038124704
19,5352313889103;0,735523448645665;0,665141020645763
19,535370555577;0,744527555712011;0,663837291844459
19,5355091666881;0,735951567090922;0,658876927186952
19,535648055577;0,699527720051805;0,652256756501714
19,5357869444659;0,716213247375322;0,67578779977768
19,5359258333547;0,708403801069551;0,641738858325084
19,5360650000214;0,739923610538995;0,647630022992075
19,5362038889103;0,73791693032382;0,664203555174993
19,5363425000214;0,719380157822798;0,644342957965165
19,5364816666881;0,71253866895529;0,658520833783427
19,5366202777992;0,757057969957259;0,672800209217939
19,5367594444659;0,734418205989613;0,67030949999571
19,5368983333547;0,740013238717722;0,694552687893378
19,5370372222436;0,720457978868552;0,667547210144363
19,5371761111325;0,732839649831078;0,662649062666389
19,5373150000214;0,721922330697225;0,665880592454698
19,5374538889103;0,726229007186106;0,677770712435063
19,5375925000214;0,749918899580706;0,667688458072575
19,5377313889103;0,725123799045633;0,669157120075965
19,5378702777992;0,73604538428512;0,641953748359214
19,5380094444659;0,73959894915518;0,670037976135745
19,5381483333547;0,715705406244666;0,657385449930104
19,5382872222436;0,731848567160796;0,645111827435471
19,5384261111325;0,741964899371681;0,653668727906791
19,5385647222436;0,747076650517045;0,673539800188081
19,5387036111325;0,732390933568183;0,650223578580835
19,5388427777992;0,736248858960892;0,668071948992235
19,5389813889103;0,739056609116915;0,676460186859572
19,5391202777992;0,727130529977387;0,677199766909354
19,5392594444659;0,734995033208236;0,660503828232379
19,539398055577;0,694557670195223;0,681470459822862
19,5395369444659;0,717318411893928;0,638491632332659
19,5396761111325;0,749673807789463;0,636831814095444
19,5398147222436;0,749884368371738;0,672658961289699
19,5399536111325;0,753030834419206;0,661290119012222
19,5400925000214;0,738345123402553;0,68031811225228
19,5402313889103;0,755600382414855;0,646523835465359
19,540370555577;0,737958312744951;0,664972485982958
19,5405094444659;0,754074151346856;0,665141020645763
19,5406483333547;0,743063152121806;0,687707189032636
19,5407872222436;0,762055556884832;0,678212986036385
19,5409261111325;0,732995222833637;0,659989549570213
19,5410647222436;0,739360799731628;0,66455963667633
19,5412038889103;0,736811704926595;0,659989549570213
19,5413425000214;0,74432388964297;0,6779686225766
19,5414813889103;0,731890071333851;0,682978911715225
19,541620555577;0,723631788713107;0,675364522936491
19,5417594444659;0,737185212732328;0,683691081362639
19,5418983333547;0,733136924122391;0,675008434790072
19,5420372222436;0,730953934000951;0,655963193796367
19,5421758333547;0,737782450604698;0,660345629782285
19,5423150000214;0,714565664040208;0,664045368930601
19,5424538889103;0,716213247375322;0,659260413833209
19,5425927777992;0,731171729839986;0,663988678332316
19,5427313889103;0,73349610687535;0,652048435917379
19,5428702777992;0,737599132848345;0,669681874795344
19,5430091666881;0,731171729839986;0,666038758252
19,5431483333548;0,766963609657182;0,651890229228911
19,5432872222436;0,730539797446426;0,653883604749467
19,5434261111325;0,752785733838977;0,672444111846033
19,5435650000214;0,759641524917242;0,679803866549406
19,5437038889103;0,728173829653969;0,676516886682407
19,5438427777992;0,751680560531753;0,666807654815074
19,5439816666881;0,725821881994449;0,666196936256881
19,544120555577;0,740649267938977;0,675834116313894
19,5442591666881;0,730031947528147;0,670242456020787
19,5443983333547;0,725279372048192;0,678183553198011
19,5445372222436;0,741395232130657;0,677641881225327
19,5446761111325;0,72231609674273;0,652956542389092
19,5448150000214;0,724920196382755;0,670655378548247
19,5449538889103;0,738852958600972;0,672163907933765
19,5450927777992;0,754678452255746;0,662583466091803
19,5452313889103;0,733924525211989;0,661114560590221
19,545370555577;0,752827359743435;0,6685757565524
19,5455094444659;0,758108033920109;0,65574815462162
19,5456483333547;0,746060974187969;0,652115508573502
19,5457872222436;0,752616914303189;0,638508688139382
19,5459261111325;0,708884202690399;0,650381760858068
19,5460647222436;0,737544371475991;0,673004786756223
19,5462038889103;0,736974790140209;0,675421251141046
19,5463427777992;0,732276872878003;0,653940389710215
19,5464816666881;0,747111292971795;0,640373257164413
19,5466208333548;0,728892188072081;0,670141069614601
19,5467597222436;0,74617506938165;0,667705400355629
19,5468988889103;0,748005952895369;0,651019873032112
19,5470375000214;0,736791342546297;0,668061480567701
19,5471761111325;0,727130529977387;0,670054861649618
19,5473150000214;0,739958131908168;0,661797354758988
19,5474536111325;0,76364812879379;0,626981826460025
19,5475927777992;0,744921243628994;0,665672392712764
19,5477316666881;0,729821455952504;0,63468022426116
19,5478702777992;0,750637266462093;0,652787977446962
19,5480091666881;0,745647010138242;0,687566119316443
19,548148055577;0,731679591400933;0,673801181887768
19,5482869444659;0,74193780650856;0,657414854090007
19,5484261111325;0,745111508958018;0,64928612958883
19,5485647222436;0,7325813466488;0,652115508573502
19,5487036111325;0,747470460175663;0,676190188592955
19,5488425000214;0,762746501511486;0,678173427125898
19,5489816666881;0,732187458892383;0,667378734913456
19,5491202777992;0,744955805112284;0,656702716174721
19,5492594444659;0,738798197228618;0,687407892492047
19,549398055577;0,746603431410847;0,660345629782285
19,5495372222436;0,743850649056128;0,651907455284118
19,5496761111325;0,763682811349184;0,675195988273629
19,5498150000214;0,741571141789223;0,679477070501491
19,5499536111325;0,755728899005106;0,679420379903206
19,5500927777992;0,740649267938977;0,657227259718837
19,5502316666881;0,738325064027663;0,667949924835227
19,5503711111325;0,7291372974409;0,654454684847821
19,5505094444659;0,749118147654144;0,671862686979637
19,5506483333548;0,736432176717244;0,659878017632394
19,5507869444659;0,735686221311596;0,67374431181139
19,5509261111325;0,749356226782851;0,644762879513905
19,5510650000214;0,742331737210179;0,67485026899277
19,5512038889103;0,733116864747501;0,693644687607275
19,5513425000214;0,740297197434217;0,669362022250425
19,5514813889103;0,721042364224928;0,690842769593473
19,551620555577;0,746060974187969;0,664035110218151
19,5517591666881;0,74193780650856;0,680889082498481
19,5518986111325;0,761790002132301;0,662781284465552
19,5520369444659;0,73367938134524;0,661843957508239
19,5521761111325;0,761078711709075;0,659465054841576
19,5523150000214;0,726357383174616;0,666451574603002
19,5524538889103;0,72264817954499;0,693343661934136
19,5525927777992;0,728012300669377;0,6710388310197
19,5527316666881;0,743042910498133;0,672134417745582
19,5528702777992;0,736833211852002;0,653369334326101
19,5530094444659;0,766366277480614;0,68338162640606
19,553148055577;0,745795731901296;0,663107927872488
19,5532869444659;0,764190690481371;0,658557319939121
19,5534258333547;0,734581113092247;0,670141069614601
19,5535650000214;0,770618012531969;0,640588390668825
19,5537041666881;0,747653893705376;0,672292656772356
19,5538427777992;0,723963740615488;0,669886386418682
19,5539816666881;0,762875189926433;0,678895706977926
19,5541202777992;0,737938285260526;0,668679532806379
19,5542594444659;0,742331737210179;0,669260705757637
19,5543986111325;0,747505163157854;0,672292656772356
19,5545369444659;0,734642858244882;0,676405281527877
19,5546758333548;0,741395232130657;0,669718075991568
19,5548147222436;0,744690640925654;0,655448890422065
19,5549538889103;0,740148471116072;0,682911839059102
19,5550927777992;0,758087824192216;0,667425707053752
19,5552316666881;0,761383355316383;0,678212986036385
19,555370555577;0,747321772904712;0,67395944531583
19,5555094444659;0,756326122162648;0,685741201566572
19,5556483333547;0,743592780605923;0,669401552795591
19,5557872222436;0,747864321901517;0,689262430986673
19,5559261111325;0,730933633139756;0,652518223264337
19,5560647222436;0,75501059135118;0,681301939738319
19,5562038889103;0,745498301390114;0,673576001384276
19,5563427777992;0,737938285260526;0,672705619563175
19,5564816666881;0,733518069690092;0,655223676977386
19,556620555577;0,741796210653263;0,662059199519092
19,5567594444659;0,73171430421786;0,656860955201495
19,5568986111325;0,752976073046881;0,644436475147245
19,5570372222436;0,760481495636185;0,666384530628051
19,5571763889103;0,762332537461759;0,642087156285953
19,5573150000214;0,759586824397786;0,684635452158716
19,5574538889103;0,744752345984466;0,681460162596863
19,5575927777992;0,75136308855059;0,677117403581036
19,5577316666881;0,746548811513577;0,664878676007248
19,557870555577;0,748793762243025;0,662227405709643
19,5580094444659;0,744303862158517;0,660973579957016
19,5581483333548;0,75136308855059;0,659989549570213
19,5582872222436;0,748399831541377;0,657321174021348
19,5584261111325;0,761797036281507;0,651947033342566
19,5585652777992;0,770258845328101;0,671226629775674
19,5587038889103;0,748013048219661;0,666243594530386
19,5588427777992;0,733124051814713;0,662741725555009
19,5589816666881;0,744338686165065;0,671639674295676
19,5591208333548;0,745647010138242;0,661814467320056
19,5592594444659;0,754264662298993;0,645287179023313
19,559398055577;0,737368746866451;0,654333660328007
19,5595372222436;0,753179499884453;0,649763684227139
19,5596758333547;0,744549062637418;0,660637332294073
19,5598150000214;0,741043138125065;0,660335428122721
19,5599536111325;0,73132042557188;0,658369480316907
19,5600925000214;0,751863878288106;0,682958698048083
19,5602313889103;0,751695396496899;0,657273917992313
19,560370555577;0,762936864728715;0,674896756412409
19,5605091666881;0,73993804291996;0,662385669137649
19,5606483333547;0,748907719458003;0,65659140384912
19,5607872222436;0,755858248462289;0,662227405709643
19,5609258333547;0,743592780605923;0,65949457370084
19,5610647222436;0,741944962997366;0,662385669137649
19,5612038889103;0,733510821473715;0,688819945069071
19,5613425000214;0,762936864728715;0,656207972724843
19,5614816666881;0,767146884127072;0,668165180027273
19,561620555577;0,752054536950482;0,667949924835227
19,5617591666881;0,740270407140542;0,662781284465552
19,5618983333548;0,77430740538199;0,677490901089982
19,5620372222436;0,758814140179737;0,669203750587855
19,5621758333547;0,757973844130902;0,66221750777359
19,5623150000214;0,73437787756734;0,680609350833777
19,5624536111325;0,763437654466259;0,66164617146498
19,5625927777992;0,757763438781069;0,646214469894119
19,5627316666881;0,749356226782851;0,671610069437747
19,5628702777992;0,750949493791666;0,661122002470762
19,5630091666881;0,76036753842115;0,68042147034862
19,5631483333548;0,752257756934085;0,672950559427676
19,5632872222436;0,717333208416051;0,669362022250425
19,5634261111325;0,772862944968182;0,633443851492814
19,5635650000214;0,712018412993984;0,671028876057164
19,5637038889103;0,749653657294004;0,681022444135948
19,5638425000214;0,755404548077394;0,667012654606083
19,5639816666881;0,743402072097012;0,673435243390657
19,564120555577;0,770204266498979;0,689064677268078
19,5642594444659;0,752976073046881;0,668323492245293
19,5643983333547;0,747802637266204;0,654016966386905
19,5645372222436;0,741944962997366;0,662049511113423
19,5646761111325;0,751905767366679;0,660036293259594
19,5648150000214;0,751098289394321;0,652095294906331
19,5649536111325;0,754413418871962;0,671441952896288
19,565093055577;0,730046904849814;0,675881030812718
19,5652313889103;0,756271604171019;0,682088307688417
19,565370555577;0,754054274189969;0,671068349878993
19,5655094444659;0,787521776971801;0,654400388974921
19,5656483333548;0,747301927632975;0,665177649262887
19,5657872222436;0,742656122621355;0,661478040356542
19,5659261111325;0,750441570744272;0,647001223595822
19,5660650000214;0,759017264533696;0,666132501759819
19,5662038889103;0,767994158714828;0,657217019548995
19,5663427777992;0,754229898799508;0,675242847262638
19,5664819444659;0,762917322317605;0,67326726129366
19,566620555577;0,768442538117256;0,678754681805145
19,5667594444659;0,760821169211852;0,64980300707137
19,5668983333548;0,748013048219661;0,675626282655628
19,5670375000214;0,783480317444941;0,657509340446836
19,5671761111325;0,771153505251675;0,685149777562401
19,5673152777992;0,762523269969847;0,672537458199116
19,5674538889103;0,773386094360035;0,674886801449873
19,567593055577;0,770048388247176;0,653079834575351
19,5677316666881;0,771160600575968;0,661020750614512
19,567870555577;0,776096774605861;0,659138519959754
19,5680094444659;0,74176948085821;0,668622530135622
19,568148055577;0,758719781966875;0,674204385180303
19,5682875000214;0,791027817208914;0,674147325800931
19,5684261111325;0,740121620318746;0,654400388974921
19,5685650000214;0,762733629203808;0,669718075991568
19,5687038889103;0,767635021115183;0,672735195757355
19,5688427777992;0,791386950580829;0,691087617745666
19,5689816666881;0,789880667675448;0,666704032867329
19,569120555577;0,782952834425458;0,667227990905673
19,5692594444659;0,72194429351191;0,689794431588155
19,5693986111325;0,762672065572445;0,671068349878993
19,5695372222436;0,770985023460469;0,663520809520719
19,5696761111325;0,739340863357256;0,692922602660815
19,5698152777992;0,755315348158945;0,660026509362098
19,5699538889103;0,762917322317605;0,670504804624557
19,570093055577;0,769825851216581;0,67127400104431
19,5702319444659;0,770090338161481;0,660026509362098
19,5703708333548;0,750196348797232;0,677125186686396
19,5705094444659;0,783819904178301;0,674718759977452
19,5706483333548;0,752448563281746;0,65663891594798
19,5707872222436;0,761085837616832;0,667641124446845
19,5709263889103;0,757349995266622;0,682286072316032
19,5710650000214;0,760665073034971;0,676039343030766
19,5712038889103;0,785819617928752;0,679157803681704
19,5713425000214;0,743253367579086;0,675299878288968
19,5714816666881;0,720594019624457;0,667997153119302
19,5716202777992;0,744522393335842;0,675881030812718
19,5717591666881;0,772449220082905;0,668736601399928
19,571898055577;0,746021493067161;0,66574908343938
19,5720369444659;0,753851197644678;0,655486277437603
19,5721761111325;0,780199934955135;0,655654214727548
19,5723147222436;0,760278307929411;0,688738294921365
19,5724536111325;0,750352401396526;0,677706277938029
19,5725925000214;0,756271604171019;0,658051139260635
19,5727316666881;0,793535468714168;0,649904264178389
19,5728702777992;0,767092264229802;0,656255514694209
19,5730091666881;0,757052382598857;0,64996135190836
19,5731483333547;0,780672982279953;0,645905758834431
19,5732872222436;0,757770656424128;0,681930019863273
19,5734261111325;0,764171148070204;0,670927591885402
19,5735647222436;0,770950189622511;0,662678349373948
19,5737038889103;0,754842343761368;0,65458847372085
19,573843055577;0,778138721961568;0,664653610753476
19,5739816666881;0,774788754735084;0,652526157049067
19,574120555577;0,763425268851961;0,658970388851287
19,5742594444659;0,74999327225197;0,68207858080271
19,5743983333548;0,784057860347843;0,67326726129366
19,5745369444659;0,747091568398986;0,687200058833781
19,5746761111325;0,741023595713898;0,668155510148296
19,5748150000214;0,768239398224523;0,687247485583526
19,5749536111325;0,781304973885995;0,66320212822302
19,5750927777992;0,762374487376007;0,674617535181085
19,5752313889103;0,772843220395345;0,652565451548469
19,5753702777992;0,779805926186327;0,670148775952129
19,5755094444659;0,766197588762196;0,678052793163033
19,575648055577;0,774639920112691;0,656168583969361
19,5757869444659;0,758665344577139;0,659757425973794
19,5759261111325;0,768232150008174;0,674419883652746
19,5760650000214;0,780313840452152;0,655073103053724
19,5762038889103;0,779270391171877;0,654034816307927
19,5763427777992;0,754448282958748;0,653079834575351
19,5764813889103;0,78255879963865;0,666123002871785
19,5766202777992;0,781602560538033;0,682847777222491
19,5767594444659;0,786979085468545;0,657677202693776
19,576898055577;0,766232412768744;0,666132501759819
19,5770369444659;0,7391653812181;0,683072826017735
19,5771761111325;0,759961465390404;0,682434610762897
19,5773150000214;0,760523547439078;0,690423226037325
19,5774536111325;0,759208218541829;0,664811976011549
19,5775927777992;0,74191829369579;0,672893500048303
19,5777316666881;0,749879418459898;0,659018016160019
19,577870555577;0,748406988030155;0,661948302470392
19,5780094444659;0,767845380349172;0,664878676007248
19,5781483333548;0,760313222677496;0,662049511113423
19,5782872222436;0,772781696837512;0,667641124446845
19,5784261111325;0,785873994492903;0,661750667093344
19,5785647222436;0,751159853025683;0,649279081949487
19,5787038889103;0,77170330574188;0,675665775620644
19,5788427777992;0,770028784359852;0,683389560190847
19,5789813889103;0,780313840452152;0,64761205743207
19,5791202777992;0,771289950033179;0,675141557839197
19,5792594444659;0,767072903949668;0,681920235965777
19,579398055577;0,777603144670167;0,681593951469836
19,5795372222436;0,741979817253622;0,641778891753177
19,5796758333547;0,786721651604012;0,67207061751887
19,5798150000214;0,774491098495702;0,664129767305354
19,5799538889103;0,794078381698711;0,658296840103219
19,5800927777992;0,78791578574058;0,659502584240215
19,5802316666881;0,749336531813412;0,683784884650379
19,580370555577;0,767669945692148;0,668098394070341
19,5805094444659;0,795428655586136;0,661424523621292
19,5806486111325;0,767275884889528;0,663034355565458
19,5807872222436;0,781847821510382;0,646833375908216
19,5809261111325;0,774491098495702;0,635514453651524
19,5810650000214;0,775955249009968;0,647770426652158
19,5812038889103;0,766529990965182;0,658464419076665
19,5813427777992;0,788782850940748;0,659589742890205
19,5814816666881;0,770090338161481;0,701623012930128
19,5816208333548;0,790782573471489;0,670561958260009
19,5817594444659;0,81021189343528;0,694993170447106
19,5818986111325;0,782566078425702;0,645253428688193
19,5820375000214;0,76988729388475;0,64979348966142
19,5821763889103;0,796541984561145;0,650580989317803
19,5823150000214;0,771133810282265;0,675290303885419
19,5824538889103;0,782206949281147;0,673099443843398
19,5825927777992;0,793894602086084;0,681040294056913
19,5827316666881;0,742636550611053;0,66209739439546
19,582870555577;0,786064874673855;0,657782380368303
19,5830097222436;0,772394945390005;0,658248758487588
19,5831483333547;0,771886998855649;0,667631682545931
19,5832869444659;0,770633173103022;0,66647901698488
19,5834258333547;0,777576777759776;0,664513164293481
19,5835647222436;0,797990501209512;0,670235782186012
19,5837036111325;0,789677543321488;0,688588431529354
19,5838427777992;0,774639920112691;0,646732220964793
19,5839816666881;0,763819390783141;0,66508487822864
19,5841202777992;0,778306891497323;0,676658654406822
19,5842591666881;0,784214000098729;0,650422522608039
19,5843983333547;0,784362843499338;0,672258906437207
19,5845369444659;0,76988729388475;0,647928808062062
19,5846758333547;0,754096467396465;0,657782380368303
19,5848147222436;0,803566074735272;0,686349680579326
19,5849538889103;0,781215804538249;0,67904705293742
19,5850927777992;0,765065846052039;0,685056617009678
19,5852313889103;0,759805282069152;0,676601359083975
19,5853702777992;0,760672351822052;0,692754561188423
19,5855094444659;0,780742821601621;0,67863382979391
19,585648055577;0,781067000155304;0,66579688140439
19,5857869444659;0,761926177574651;0,656115201690596
19,5859261111325;0,780653774510824;0,655701897502865
19,5860647222436;0,76928289921554;0,648174417279819
19,5862038889103;0,76585412372367;0,661640305761011
19,5863427777992;0,760164414067191;0,651104573195767
19,5864816666881;0,763812020299468;0,652987582741815
19,5866202777992;0,774991735675002;0,682165568516325
19,5867594444659;0,769528168967327;0,661741396124029
19,5868983333547;0,787115799543614;0,670561958260009
19,5870372222436;0,794526610603612;0,666694704925675
19,5871761111325;0,773737909922318;0,657369027443195
19,5873150000214;0,771324985734168;0,664288181318085
19,5874538889103;0,790824868532184;0,655375819226037
19,5875927777992;0,771684097972752;0,6760297301538
19,5877316666881;0,802969004127306;0,683802791257023
19,5878702777992;0,814237910316308;0,681088403393574
19,5880094444659;0,781399627394734;0,670196629374004
19,5881483333547;0,798997236574394;0,665964609273004
19,5882869444659;0,788213398408345;0,64327855663015
19,5884261111325;0,781847821510382;0,661256930096073
19,5885647222436;0,773534928982485;0,687277319661661
19,5887036111325;0,763398901941514;0,679777197335
19,5888425000214;0,75660411890172;0,693296328308435
19,5889813889103;0,771738190245344;0,672417344820985
19,5891208333548;0,804144033246388;0,647256032721884
19,5892591666881;0,773499953752832;0,659018016160019
19,5893983333548;0,759805282069152;0,67444971773088
19,5895372222436;0,772070835765589;0,680291646174226
19,5896761111325;0,763460274318618;0,677173097694919
19,5898147222436;0,781996647354248;0,669712149571609
19,5899538889103;0,78110194514548;0,650936979670547
19,5900925000214;0,75442922540347;0,675919271942291
19,5902316666881;0,775385796477565;0,671331202151976
19,5903702777992;0,786721651604012;0,655591682381896
19,5905097222436;0,758049317513183;0,681339138076993
19,590648055577;0,784057860347843;0,661909064653372
19,5907872222436;0,778349023888438;0,685143851142442
19,5909258333547;0,756244995357889;0,680705031992034
19,5910650000214;0,771738190245344;0,676227386931657
19,5912038889103;0,780653774510824;0,654082925644531
19,5913427777992;0,775893745865289;0,690453146031984
19,5914816666881;0,77147385936658;0,675404828654166
19,591620555577;0,799891943009783;0,678691040111687
19,5917594444659;0,768923771444776;0,672633194812818
19,5918983333547;0,783250473106932;0,661002019210599
19,5920375000214;0,78068887067306;0,661573892141575
19,5921761111325;0,767669945692148;0,660900939743271
19,5923150000214;0,785651735184842;0,688588431529354
19,5924541666881;0,796850598191838;0,643960497575193
19,5925927777992;0,78514375068724;0,642874295572028
19,5927316666881;0,784600746994357;0,672585027904574
19,592870555577;0,793237890517787;0,671705349565002
19,5930094444659;0,799244326962167;0,655525326008075
19,5931483333548;0,785854572746985;0,675760829598573
19,5932872222436;0,772429950856662;0,657667742272565
19,5934261111325;0,756849401658968;0,658407152086369
19,5935650000214;0,819330421826407;0,676817100710366
19,5937041666881;0,769079998332671;0,668832734686788
19,5938427777992;0,789528747718862;0,654794905063227
19,5939816666881;0,780294662272212;0,672642294894928
19,5941208333548;0,816638933411156;0,660131573386877
19,5942594444659;0,75442922540347;0,656687025284612
19,5943983333548;0,774604975122514;0,637753387386965
19,5945372222436;0,757147109915906;0,649811622961323
19,5946761111325;0,786178751300667;0,650413574862739
19,5948150000214;0,783854879408011;0,656273647994112
19,5949538889103;0,770036124280523;0,676275270213722
19,5950927777992;0,76581907819704;0,654082925644531
19,5952316666881;0,809282211770267;0,648557797208696
19,595370555577;0,766327042288395;0,654074053342697
19,5955094444659;0,78917692084832;0,653343567849191
19,595648055577;0,798638117257155;0,698552381010472
19,5957869444659;0,810536037522866;0,679993060490858
19,5959258333547;0,781453760707791;0,65643210648085
19,5960647222436;0,777209074762595;0,677063078092431
19,5962038889103;0,780180877399857;0,684317209869448
19,5963425000214;0,784214000098729;0,662726686844849
19,5964813889103;0,788220768892074;0,663052602182603
19,5966202777992;0,766721216234259;0,655318504780041
19,5967594444659;0,796541984561145;0,666021847928334
19,596898055577;0,81092279352265;0,648174417279819
19,5970372222436;0,770728024035236;0,676293630128384
19,5971758333547;0,779005800818595;0,670957027578964
19,5973150000214;0,827291585602694;0,667895959885243
19,5974541666881;0,786721651604012;0,684206970990971
19,5975925000214;0,791211610876161;0,675021444461095
19,5977313889103;0,802109300305858;0,661385399139476
19,597870555577;0,78110194514548;0,668203421156818
19,5980091666881;0,749247393033698;0,648034326626714
19,5981483333548;0,794183193685996;0,656797313508008
19,5982872222436;0,767072903949668;0,673205152699666
19,5984263889103;0,761758347497164;0,674194867770325
19,5985650000214;0,76932531587434;0,678514366892898
19,5987038889103;0,780653774510824;0,66617116978
19,5988425000214;0,783793476799815;0,667464044243388
19,5989813889103;0,78654645429782;0,637181575671377
19,599120555577;0,80132110846705;0,68180038281227
19,5992594444659;0,793570423532401;0,678355867599919
19,599398055577;0,773183241267077;0,661828839569381
19,5995372222436;0,763031198944361;0,631348799303197
19,5996758333547;0,786003411595999;0,668717869996016
19,5998147222436;0,794824249285057;0,673570074964346
19,5999538889103;0,76928289921554;0,666536274766656
19,6000925000214;0,789563672295827;0,660900939743271
19,6002316666881;0,814393962915602;0,670029095172708
19,600370555577;0,771141119637377;0,657940851037267
19,6005094444659;0,76928289921554;0,683120679439611
19,600648055577;0,797498128064518;0,646002233281564
19,6007872222436;0,771176125104034;0,679768192645497
19,6009258333547;0,786362530913266;0,687286780082871
19,6010650000214;0,794526610603612;0,648496848478317
19,6012038889103;0,798743667994358;0,666782091421737
19,6013427777992;0,806826929520014;0,67159535371394
19,6014813889103;0,759040491837794;0,652464258314353
19,601620555577;0,818435711164824;0,645104376804653
19,6017594444659;0,799899374611641;0,655890268065235
19,601898055577;0,791973302446763;0,674516528657819
19,6020372222436;0,798638117257155;0,648795111492603
19,6021761111325;0,793218712337847;0,664701494035569
19,6023150000214;0,78475701744523;0,673363680306295
19,6024541666881;0,773516205918952;0,693234112795722
19,6025927777992;0,788763825246178;0,669673110065276
19,6027316666881;0,790614612697738;0,669544690354797
19,602870555577;0,804319278014731;0,669298804565756
19,6030094444659;0,795077908573489;0,689789686488893
19,6031483333547;0,782004048398278;0,665686764962118
19,6032872222436;0,787353685483424;0,66054495067732
19,6034261111325;0,782714895815531;0,665546852119746
19,6035650000214;0,785861973790986;0,682530803757089
19,6037038889103;0,830904198004561;0,655010836059404
19,6038427777992;0,777576777759776;0,667877430061253
19,6039816666881;0,77958394455402;0,657715966748867
19,604120555577;0,800102227704599;0,672690660079525
19,6042591666881;0,796725951177564;0,654654858868582
19,6043986111325;0,78489843769637;0,675611810670659
19,6045372222436;0,804862256350134;0,636759103852285
19,6046761111325;0,792868025784827;0,670601053059585
19,6048150000214;0,740969564237872;0,667165458560078
19,6049541666881;0,795796131677236;0,658811305388326
19,6050927777992;0,803749868402463;0,663307533167341
19,6052316666881;0,798139288031308;0,686287730371902
19,605370555577;0,781793809792106;0,673147668319729
19,6055094444659;0,779399948758197;0,652661699983469
19,6056483333548;0,780348734785406;0,700980112577582
19,6057875000214;0,818251888308339;0,640731950572217
19,6059261111325;0,772973019887644;0,668005882658974
19,6060650000214;0,792332406234436;0,690884980677538
19,6062038889103;0,78791578574058;0,680151555521064
19,606343055577;0,786405069149652;0,655947667489301
19,6064813889103;0,784362843499338;0,659224739929272
19,606620555577;0,782145486203262;0,653559552502998
19,6067594444659;0,776322952007121;0,661798776429947
19,606898055577;0,801504888079705;0,686643700933729
19,6070372222436;0,790220456305974;0,67523729445287
19,6071761111325;0,779548818165068;0,657715966748867
19,6073150000214;0,785257552787442;0,662480778588588
19,6074536111325;0,792332406234436;0,648548811026586
19,6075925000214;0,790763486330206;0,679196283172189
19,6077316666881;0,782547143756972;0,673363680306295
19,6078702777992;0,793437349578852;0,633174631350784
19,6080091666881;0,803004009593963;0,651892252019422
19,608148055577;0,79212220208035;0,661217909706295
19,6082869444659;0,794929043717474;0,660949618251038
19,6084261111325;0,779189710152025;0,661582953780339
19,6085650000214;0,797295274971532;0,665815184672596
19,6087036111325;0,783441869946728;0,680023152251835
19,6088425000214;0,790404379690557;0,661847482641747
19,6089816666881;0,798935833966226;0,660892048937342
19,6091202777992;0,766327042288395;0,656048730815883
19,6092591666881;0,771886998855649;0,665546852119746
19,6093983333548;0,777733222425809;0,655741418970877
19,6095369444659;0,785292628545193;0,667895959885243
19,6096758333547;0,781758743859257;0,649701627110289
19,6098150000214;0,786721651604012;0,656735731496383
19,6099536111325;0,808861619547827;0,666061369396374
19,6100927777992;0,771657912435757;0,653017674502792
19,6102316666881;0,786721651604012;0,680406510864941
19,610370555577;0,793078241565809;0,664974809294051
19,6105094444659;0,801539933606279;0,66809340155433
19,610648055577;0,788931655323665;0,682073835703477
19,6107872222436;0,785686871397075;0,683270139561046
19,6109261111325;0,782898761912321;0,673007711030607
19,6110647222436;0,77907594250587;0,641818555419462
19,6112038889103;0,805905843496618;0,65282022759007
19,6113425000214;0,792227550688978;0,678946606449387
19,6114816666881;0,799891943009783;0,671753885277951
19,611620555577;0,786791793291286;0,668410468943705
19,6117591666881;0,785054795262226;0,680595207862495
19,6118983333547;0,809798905101559;0,686802236759377
19,6120372222436;0,825256852662164;0,663082665322008
19,6121761111325;0,774788754735084;0,661877746079483
19,6123147222436;0,78654645429782;0,656620640289191
19,6124538889103;0,75993521940066;0,663673497311152
19,6125925000214;0,791008821098586;0,677230478000837
19,6127316666881;0,784581962501363;0,675228460581224
19,6128702777992;0,805703181523;0,65468500786497
19,6130091666881;0,773867743225708;0,659115061918129
19,6131483333548;0,789166588602768;0,67764390401581
19,6132872222436;0,782126792715729;0,65798955724901
19,6134261111325;0,803398191991334;0,662203444003666
19,6135647222436;0,803195530017746;0,667266516641263
19,6137038889103;0,771832967379595;0,661631376521541
19,6138427777992;0,820591709736107;0,660861928557495
19,6139816666881;0,77668205864677;0,671340386192071
19,614120555577;0,810903826995798;0,662362008135659
19,6142594444659;0,801547426316063;0,659036206120931
19,6143983333547;0,804800904377544;0,657970914176644
19,6145372222436;0,788439887894071;0,670609982299084
19,6146761111325;0,793078241565809;0,683516440027063
19,6148147222436;0,777576777759776;0,674930100795706
19,6149538889103;0,731079026599048;0,640507132046764
19,6150927777992;0,807405004017625;0,655996431237725
19,6152316666881;0,795866394275066;0,666959233787111
19,615370555577;0,768904895938761;0,662784208739879
19,6155094444659;0,777935884399369;0,662559406651553
19,6156483333547;0,762898417230502;0,658287949297261
19,6157872222436;0,778443874820653;0,65262280205414
19,6159261111325;0,789017654199483;0,668626656023861
19,6160650000214;0,781232056704397;0,67815838841571
19,6162038889103;0,793472475967803;0,661217909706295
19,6163425000214;0,806300077898584;0,677054414994274
19,6164816666881;0,789411984136962;0,677793709706549
19,616620555577;0,792472868230647;0,679105198882013
19,6167594444659;0,793078241565809;0,678265042640163
19,6168983333548;0,789017654199483;0,685509560491965
19,6170372222436;0,770368920247535;0,678355867599919
19,6171761111325;0,790658194994904;0,668054503625001
19,6173152777992;0,793831575530646;0,690088143071023
19,6174538889103;0,772560270416363;0,670135522343969
19,6175927777992;0,823039495366089;0,667887372197924
19,6177316666881;0,818627231588607;0,65579905409308
19,617870555577;0,808158359756845;0,671072175402998
19,6180094444659;0,795120588118181;0,679461148376049
19,6181483333547;0,806089896565766;0,680023152251835
19,6182872222436;0,768404454773588;0,67194266384891
19,6184261111325;0,77997823095177;0,65709169285833
19,6185650000214;0,813805747351182;0,654703820773079
19,6187038889103;0,793656615475015;0,662194951634604
19,6188425000214;0,774954257602531;0,671428132808558
19,6189813889103;0,795621029283325;0,645676480812142
19,619120555577;0,782547143756972;0,68498656112186
19,6192591666881;0,779794148708106;0,6509856304734
19,6193983333547;0,794015700992702;0,657981083372817
19,6195369444659;0,775874931793794;0,662094081886863
19,6196758333547;0,792665427105277;0,681493070967235
19,6198150000214;0,800232339263516;0,666642134132616
19,6199536111325;0,789798690082307;0,667728783720861
19,6200925000214;0,803547078624888;0,671389348096596
19,6202313889103;0,804300434364109;0,662578276161753
19,620370555577;0,807615225397058;0,670491471837977
19,6205094444659;0,785484320481942;0,662934221700368
19,620648055577;0,782844973571173;0,658038859973772
19,6207869444659;0,803379741905815;0,673610118950137
19,6209258333548;0,80830728116311;0,681295677693697
19,6210647222436;0,795269526745358;0,669976929911286
19,6212038889103;0,82893962820674;0,668498367804773
19,6213425000214;0,800083413633104;0,671529083189597
19,6214816666881;0,794726301720402;0,682390935357944
19,6216202777992;0,772201189121972;0,652297082149971
19,6217594444659;0,796164266980327;0,664029446805188
19,621898055577;0,799486539028294;0,667945092214637
19,6220369444659;0,786940697149703;0,64097002089926
19,6221761111325;0,820416702238447;0,656510962278048
19,6223147222436;0,78819452290233;0,655987995768385
19,6224536111325;0,79532323456624;0,663506544793904
19,6225927777992;0,794918117199472;0,678207322623393
19,6227313889103;0,779917039907446;0,653225275096503
19,6228702777992;0,78991238883799;0,679817099155599
19,6230091666881;0,782844973571173;0,662261079125869
19,6231483333547;0,824484791742037;0,680455472769495
19,6232872222436;0,781924337317406;0,656885882606701
19,6234258333547;0,809237272892062;0,674705348010264
19,6235650000214;0,782933867898578;0,646191011852551
19,6237038889103;0,815067187998523;0,661839008765554
19,6238427777992;0,800197152428609;0,688694404476024
19,6239813889103;0,816172066351783;0,66370384655383
19,6241202777992;0,775015418433583;0,676953496870794
19,6242591666881;0,810736515620022;0,648132676398177
19,6243983333548;0,801696334724056;0,686909194606045
19,6245372222436;0,799311721275274;0,69051202254289
19,6246758333547;0,824133312671364;0,661877746079483
19,6248150000214;0,800083413633104;0,676175509570271
19,6249536111325;0,771665527330441;0,627016815723465
19,6250927777992;0,79066580988956;0,671340386192071
19,6252316666881;0,789798690082307;0,669032054881626
19,625370555577;0,786343807849761;0,668676129114374
19,6255094444659;0,833813563618406;0,670650072485842
19,6256483333548;0,756382786153836;0,68477026577969
19,6257869444659;0,773103651382456;0,670866461904552
19,6259261111325;0,811657189811257;0,673470561544633
19,6260650000214;0,775917834640325;0,658394793648512
19,6262038889103;0,814559153708956;0,664601733392146
19,6263425000214;0,802239586067742;0,682470701697127
19,6264816666881;0,824520018616738;0,664856818681329
19,6266208333547;0,783626009453968;0,688852960390733
19,6267594444659;0,823774230004659;0,689622510324511
19,626898055577;0,804782545269234;0,656196472502359
19,6270372222436;0,79230634158759;0,671745297590604
19,6271761111325;0,811841372532172;0,68598089342558
19,6273150000214;0,802029468018361;0,667561771946566
19,6274538889103;0,779416685812123;0,662419671558496
19,6275927777992;0,821678173425596;0,676914768752681
19,6277316666881;0,813095198284799;0,647908055024402
19,6278708333548;0,82392319462204;0,653027957214022
19,6280094444659;0,804782545269234;0,686336835009314
19,6281483333548;0,780635203868485;0,666168477609119
19,6282872222436;0,788307118778562;0,666466579393784
19,6284261111325;0,792472868230647;0,669445862482377
19,6285650000214;0,807386644909343;0,684247299270055
19,6287038889103;0,799074028345359;0,66991080242002
19,6288427777992;0,816601760185335;0,684630619538154
19,6289816666881;0,803493411820341;0,683160485291694
19,629120555577;0,768886657363453;0,662767299368113
19,6292594444659;0,803336880068741;0,672898226587279
19,6293986111325;0,778268867322993;0,655465223948113
19,6295372222436;0,774392885266195;0,6791933438206
19,6296763889103;0,806860806372526;0,668192036729749
19,6298152777992;0,798917322466593;0,658720350769045
19,6299541666881;0,802626292013116;0,68138370885049
19,6300927777992;0,796207311063654;0,655523132776096
19,6302316666881;0,786597766447471;0,666269293755022
19,6303708333547;0,779381378115858;0,665429251274929
19,6305097222436;0,812708496887495;0,669643099766375
19,6306483333547;0,799311721275274;0,652702454610221
19,6307869444659;0,812182549489421;0,663761642249739
19,6309258333547;0,786597766447471;0,647757581082118
19,6310647222436;0,804125521746698;0,646979666791424
19,6312036111325;0,810342142798532;0,685400271397555
19,6313427777992;0,790104351807258;0,680860952845819
19,6314816666881;0,788789506436586;0,665007430693436
19,6316202777992;0,774638367196047;0,662310552216383
19,6317594444659;0,817645525128171;0,68598089342558
19,6318983333547;0,783528725717474;0,669968569826693
19,6320369444659;0,797127834922378;0,64207661860496
19,6321761111325;0,784423491287242;0,675168674932763
19,6323147222436;0,810736515620022;0,637684552733674
19,6324538889103;0,805387054005735;0,675327381118933
19,6325925000214;0,827589354319286;0,690411190277899
19,6327313889103;0,790850108188977;0,666899709136658
19,632870555577;0,826324966592153;0,680288520252191
19,6330094444659;0,829788432114668;0,669070679033837
19,633148055577;0,810647804523484;0,676342506809277
19,6332872222436;0,856793909863683;0,668134156181111
19,6334258333547;0,827070714205433;0,660387870370442
19,6335647222436;0,774787413978657;0,669387981933738
19,6337036111325;0,792551745568602;0,667975498648275
19,6338425000214;0,797276795316634;0,661927248980902
19,6339813889103;0,797969214955714;0,669612636151896
19,6341202777992;0,81103449227885;0,659025144260312
19,6342591666881;0,787141186390812;0,664848724507237
19,634398055577;0,810498805151099;0,681375557806234
19,6345369444659;0,802370703504465;0,675819571941332
19,6346758333547;0,814743422846107;0,663347907639491
19,6348150000214;0,840644069667974;0,64947498831566
19,6349536111325;0,826860670607118;0,683012682537168
19,6350927777992;0,791805965727661;0,673876366424565
19,6352313889103;0,796953064595442;0,660990799114529
19,6353702777992;0,792857463810321;0,681011771917838
19,6355094444659;0,812139323205997;0,675869385674702
19,635648055577;0,798363726783805;0,654014160911487
19,6357869444659;0,801134720709371;0,692078807210009
19,6359261111325;0,809990744549395;0,668025427321879
19,6360650000214;0,797102072411917;0,649633722773899
19,6362036111325;0,823510834971046;0,679568596976537
19,6363427777992;0,775111007003829;0,669604560459504
19,6364813889103;0,77057836831105;0,666218546747103
19,636620555577;0,792139342072687;0,64128734812985
19,6367591666881;0,763362697569647;0,658069323588165
19,6368983333548;0,79009661476897;0,668350734706905
19,6370372222436;0,791990321266553;0,654261497126328
19,6371758333547;0,805685065741102;0,681375557806234
19,6373150000214;0,786589194611764;0,653956280362848
19,6374536111325;0,828719034251208;0,66345569653933
19,6375925000214;0,829631769762102;0,676422500685362
19,6377316666881;0,789184052681833;0,647451368082159
19,637870555577;0,812480673572509;0,673826495219373
19,6380091666881;0,787535680683931;0,670343770373989
19,6381483333547;0,818363655308929;0,685914851724419
19,6382869444659;0,787333591681801;0,671744283632137
19,6384263889103;0,803361928500067;0,650531646473723
19,6385650000214;0,810349818770362;0,641542478126411
19,6387038889103;0,816356321447387;0,681077584954863
19,6388427777992;0,828832618097408;0,655101377256273
19,6389816666881;0,791429104801637;0,678632211565599
19,639120555577;0,818907179500002;0,668242248439668
19,6392591666881;0,81915267896278;0,656834933096775
19,639398055577;0,825045680338121;0,652505201209351
19,6395372222436;0,833479619095215;0,659787242520309
19,6396763889103;0,790491039562653;0,664326244594349
19,6398150000214;0,815286894428993;0,656037754155363
19,6399538889103;0,809727505398087;0,663389940643526
19,6400927777992;0,792857463810321;0,681077584954863
19,6402316666881;0,801116877751866;0,672258956917233
19,640370555577;0,768719969604462;0,68069429874609
19,6405094444659;0,771139497764921;0,661215404068287
19,6406486111325;0,841880293400493;0,677931480759042
19,6407872222436;0,809788464621079;0,675741278107296
19,6409261111325;0,803564097444735;0,662883069653049
19,6410650000214;0,814690200994676;0,679409895046888
19,6412038889103;0,793603211423573;0,632592293397579
19,6413427777992;0,799802153160869;0,658119422519007
19,6414816666881;0,806228628897202;0,656413253196888
19,641620555577;0,792647431829295;0,672781275130205
19,6417597222436;0,800722339948209;0,665645883384002
19,6418983333547;0,814146664139798;0,661939006491707
19,6420372222436;0,795646077714622;0,680872747205257
19,6421761111325;0,792989100759058;0,673361734169447
19,6423152777992;0,80521242593332;0,677792322925256
19,6424541666881;0,823151779009436;0,67367919883003
19,6425925000214;0,7749364737478;0,671113544485564
19,6427313889103;0,802459292498213;0,660054397895067
19,6428702777992;0,813646390013815;0,661939006491707
19,6430094444659;0,817145258073026;0,670374348320593
19,6431483333547;0,811621471976594;0,661571325882193
19,6432869444659;0,810324177078655;0,687284447761982
19,6434258333547;0,817628014013792;0,666369802193856
19,6435647222436;0,807009879127179;0,654223155706291
19,6437036111325;0,836793942370122;0,669120522567965
19,6438425000214;0,833471729434962;0,675385374770315
19,6439813889103;0,817653353747374;0,654389571866432
19,644120555577;0,812121630272543;0,66558793708964
19,6442591666881;0,831113124712346;0,676995103859923
19,6443983333548;0,823510834971046;0,670374348320593
19,6445372222436;0,820942234055934;0,672584123645123
19,6446758333547;0,800608773311296;0,664701901370705
19,6448147222436;0,779294319925754;0,675188223285204
19,6449538889103;0,812516262868428;0,680299974430568
19,6450927777992;0,809727505398087;0,651626733816613
19,6452316666881;0,797645621930513;0,660112419815903
19,6453702777992;0,83732965482767;0,683259972172209
19,6455094444659;0,829613804042253;0,684513797924865
19,6456483333547;0,79795173565654;0,705153698775916
19,6457869444659;0,794331362935225;0,695762396807368
19,6459258333547;0,791901701750987;0,658139253513951
19,6460650000214;0,793401026966421;0,689822705790704
19,6462036111325;0,821897953256837;0,665638148799559
19,6463427777992;0,805361472715958;0,670533078827134
19,6464813889103;0,816733223121958;0,679046148677912
19,6466202777992;0,791429104801637;0,678148221026873
19,6467594444659;0,824256570967066;0,661780223406879
19,6468983333547;0,824299979404657;0,660843975977969
19,6470372222436;0,780153487117019;0,663389940643526
19,6471758333547;0,818978287901217;0,684246783860971
19,6473147222436;0,805667586441984;0,676313990709161
19,6474538889103;0,783152245318462;0,677893026275569
19,6475925000214;0,798548327408241;0,668342924809735
19,6477313889103;0,804449430724958;0,688843845314238
19,647870555577;0,791340607357796;0,675346986009771
19,6480094444659;0,795041522290433;0,652230183023761
19,648148055577;0,805905139113406;0,688785701155865
19,6482872222436;0,819696358994264;0,675029472717483
19,6484261111325;0,824299979404657;0,678887398110191
19,6485650000214;0,825948455280127;0,663811598592162
19,6487036111325;0,818196994823552;0,679727311067438
19,6488427777992;0,803713118250812;0,677981835020148
19,6489813889103;0,805106751695376;0,678632211565599
19,6491202777992;0,828157904797365;0,664601278546741
19,6492594444659;0,804800412083011;0,667108930051995
19,6493986111325;0,817084308663254;0,694833748350391
19,6495372222436;0,83748662178715;0,642904622901881
19,6496758333547;0,838083257034498;0,688626930226093
19,6498152777992;0,807702748112774;0,675377735380067
19,6499538889103;0,802047213720698;0,660990799114529
19,6500925000214;0,822441580698069;0,673361734169447
19,6502316666881;0,80199447751113;0,673195228655203
19,650370555577;0,781801971431008;0,655376342532406
19,6505094444659;0,814576657157943;0,669437995739713
19,6506486111325;0,831095886269338;0,654993086106145
19,6507872222436;0,815838433601527;0,638625202122967
19,6509261111325;0,811560673505483;0,673926833435445
19,6510652777992;0,794488503875101;0,690395418392569
19,6512041666881;0,825887686989176;0,655151901700776
19,6513427777992;0,786079765929202;0,651293976308068
19,6514816666881;0,822598678148154;0,676856034777472
19,651620555577;0,827956006656933;0,677587703970374
19,6517594444659;0,773086019816304;0,653128125192552
19,6518983333548;0,816338598965217;0,674696804544851
19,6520372222436;0,822047000039447;0,663645167913046
19,6521763889103;0,826677263698201;0,690809436950929
19,6523150000214;0,803870041706091;0,677428880477521
19,6524538889103;0,813085243678188;0,668915710347278
19,6525925000214;0,798495571475939;0,675536538822399
19,6527316666881;0,821187754945413;0,666013927792278
19,652870555577;0,832708734226628;0,670068908042708
19,6530094444659;0,809613978767288;0,665313036531671
19,6531486111325;0,7772340814156;0,659009827093485
19,6532875000214;0,826097575746843;0,669851965676315
19,6534263889103;0,816584128619184;0,67241775215615
19,6535652777992;0,81823260449471;0,673709891069052
19,6537041666881;0,818381724961398;0,635405808428743
19,6538427777992;0,822441580698069;0,682795903250565
19,6539816666881;0,803546586330384;0,662156002399513
19,654120555577;0,832559600779632;0,681700913141356
19,6542591666881;0,823134449683636;0,686270580723061
19,6543983333547;0,817970144360118;0,660360100980938
19,6545372222436;0,831568354686226;0,678821642214416
19,6546758333547;0,835067252284915;0,670483007416124
19,6548150000214;0,781801971431008;0,675377735380067
19,6549538889103;0,811585892491536;0,680655872532157
19,6550925000214;0,786598546309307;0,661475168159342
19,6552313889103;0,806045618537155;0,663448075618078
19,655370555577;0,806413272696432;0,666408058841967
19,6555094444659;0,80199447751113;0,674282713069772
19,6556483333548;0,824098081264196;0,661455111138991
19,6557869444659;0,824484723571118;0,675919795248632
19,6559261111325;0,815962498964808;0,649742532039966
19,6560647222436;0,827895288911861;0,694145271404295
19,6562038889103;0,827387111520892;0,678140638462452
19,6563425000214;0,828342648963798;0,647870393179915
19,6564816666881;0,829560825052738;0,632801708788662
19,656620555577;0,80937640856871;0,653867269456214
19,6567594444659;0,80842080232992;0,665471852126302
19,656898055577;0,824598181392702;0,692121454190215
19,6570369444659;0,797479245822075;0,651352224296915
19,6571761111325;0,812858393214782;0,684049729003164
19,6573147222436;0,837312325501898;0,666783925867804
19,6574538889103;0,831604054900225;0,675753602405848
19,6575925000214;0,812367164146195;0,645253479168218
19,6577313889103;0,817092259354155;0,660163056990598
19,657870555577;0,803852925942749;0,664898993665645
19,6580091666881;0,81638223047878;0,664435130355741
19,6581483333547;0,805352367994175;0,670800707253704
19,6582872222436;0,777778059345479;0,648423207404505
19,6584261111325;0,784353456220828;0,657558957350489
19,6585650000214;0,826605732769508;0,655268463350126
19,6587038889103;0,791735275006431;0,672061869855895
19,6588427777992;0,798382159657592;0,663092193317851
19,6589816666881;0,827387111520892;0,658553360785049
19,659120555577;0,818530858408394;0,671163926403494
19,6592591666881;0,804598577151182;0,651866944129409
19,6593983333548;0,801635459524505;0,643694687171944
19,6595372222436;0,784256959366758;0,658170117117209
19,6596761111325;0,805344234272923;0,669546881501077
19,6598150000214;0,821170698244998;0,658298077006805
19,6599536111325;0,815813335342739;0,666459008615448
19,6600927777992;0,788772147572303;0,66167217472244
19,6602319444659;0,840968511358938;0,68498591992153
19,660370555577;0,811060602184028;0,68148387682902
19,6605094444659;0,828886549030415;0,676472769843826
19,6606483333548;0,831805889831998;0,681317669473515
19,6607872222436;0,807141999025532;0,66990274534038
19,6609261111325;0,810875785722146;0,684622720515648
19,6610647222436;0,800538992104691;0,6651159764412
19,6612036111325;0,795987919970685;0,66768188511611
19,6613427777992;0,802599100190122;0,679510969370313
19,6614816666881;0,798120010945837;0,6570751434096
19,661620555577;0,81046411913951;0,66606510291524
19,6617594444659;0,821828069752854;0,663143198370506
19,661898055577;0,820925086488103;0,669032159003535
19,6620372222436;0,836715806045589;0,666586919304706
19,6621761111325;0,824791176098103;0,670444844697442
19,6623147222436;0,845536336157409;0,683469453191265
19,6624538889103;0,842976171424596;0,68018458035499
19,6625927777992;0,839110051321114;0,661265558326363
19,6627313889103;0,82218707645805;0,66199717890666
19,662870555577;0,827781899876584;0,681635385711502
19,6630091666881;0,828491786629229;0,650613118376782
19,6631486111325;0,824843749994216;0,674333747886891
19,6632875000214;0,820066049091139;0,659582794914826
19,6634258333547;0,795593200399139;0,675594758561459
19,6635650000214;0,782898066180849;0,685036924974185
19,6637038889103;0,796172865891265;0,665855104299396
19,6638425000214;0,823888204114809;0,667001123763242
19,6639816666881;0,794339374646484;0,668973901833908
19,664120555577;0,823291721070348;0,661889372617878
19,6642597222436;0,840932750795815;0,66620368414064
19,6643983333548;0,820784069565036;0,662926000475068
19,6645372222436;0,812350198305722;0,678001835541636
19,6646763889103;0,825895820710372;0,675072829209682
19,6648152777992;0,813946674062294;0,66465236863823
19,6649538889103;0,814357865434403;0,66677679773224
19,665093055577;0,827149646463027;0,688619404482608
19,6652316666881;0,791191517074566;0,620322792388833
19,6653708333547;0,79847900078633;0,645819107764424
19,6655097222436;0,818365002133106;0,671895677013168
19,6656483333547;0,812350198305722;0,673404806893785
19,6657872222436;0,833401845930979;0,672251544800673
19,6659261111325;0,85183250491491;0,647691326795865
19,6660650000214;0,788045758875796;0,668510294030966
19,6662041666881;0,816752179478584;0,67819885820154
19,6663427777992;0,809596922066817;0,658031447225142
19,6664819444659;0,814716867922954;0,702593051388533
19,666620555577;0,817050649438926;0,626007729991755
19,6667594444659;0,782503190893777;0,659285272977797
19,666898055577;0,820066049091139;0,692535577864192
19,6670369444659;0,81099992441824;0,683469453191265
19,6671758333547;0,835034442289043;0,678713569833462
19,6673150000214;0,818329151065313;0,683303424424935
19,6674538889103;0,813551712516698;0,659800020071941
19,6675925000214;0,816865516939657;0,65282324794498
19,6677313889103;0,822573700596394;0,673812045650919
19,667870555577;0,825177800236474;0,684456750893332
19,6680091666881;0,814866075012617;0,669349891033505
19,668148055577;0,792052947458643;0,677255660932332
19,6682872222436;0,800538992104691;0,664397024123133
19,6684258333547;0,806976401584024;0,683941995601856
19,6685647222436;0,811701555832514;0,665491965640797
19,6687036111325;0,838795134576742;0,684622720515648
19,6688427777992;0,815462492854863;0,661665046586904
19,6689813889103;0,831551602336106;0,677676928849735
19,6691202777992;0,797821549416881;0,674716974548659
19,6692594444659;0,832333109543953;0,658705098896974
19,6693983333547;0,794621075393593;0,675842922405138
19,6695372222436;0,801074814250711;0,673985062355911
19,6696761111325;0,807686054805686;0,657617242766605
19,6698150000214;0,778681146732026;0,664072214898255
19,6699538889103;0,807299444289782;0,667712834368103
19,6700927777992;0,812096560822511;0,676581995530256
19,6702316666881;0,799583593504337;0,685610098681082
19,6703702777992;0,804783537094522;0,689575611719732
19,6705094444659;0,811209761588401;0,667415376802722
19,6706483333547;0,803493910802928;0,672882974715208
19,6707872222436;0,80222363469403;0,661367653381831
19,6709261111325;0,816752179478584;0,66918396604359
19,6710647222436;0,81083432697676;0,651562482835914
19,6712038889103;0,822372151804529;0,676385053340766
19,6713427777992;0,838557774606443;0,668096065280906
19,6714813889103;0,825721856016628;0,669705749641906
19,671620555577;0,807125668988959;0,672368219423674
19,6717594444659;0,830148569493787;0,67996739558609
19,6718983333548;0,825012202794966;0,669795183199085
19,6720369444659;0,804582035978626;0,667771223569844
19,6721761111325;0,804021737055564;0,65359334775161
19,6723150000214;0,841004342065332;0,686646605387807
19,6724538889103;0,817111176380479;0,680923667211687
19,6725925000214;0,818365002133106;0,674906934344449
19,6727319444659;0,798716378267585;0,679344999747997
19,672870555577;0,849438196457413;0,668147580455923
19,6730094444659;0,824432169392935;0,664811277162613
19,6731483333547;0,807686054805686;0,670337329919903
19,6732869444659;0,794471842359002;0,665167123929791
19,6734261111325;0,808649718177207;0,669083504167247
19,6735647222436;0,805090271824668;0,68079577291968
19,6737038889103;0,817050649438926;0,678605934819814
19,6738427777992;0,825484478535316;0,695864721454342
19,6739816666881;0,80802896454;0,652874848114493
19,674120555577;0,832131751431632;0,665001318312619
19,6742591666881;0,84405612718794;0,700658586340836
19,6743983333547;0,804932739643448;0,686843584991664
19,6745372222436;0,846660226828021;0,688117750186393
19,6746761111325;0,831551602336106;0,670368478932062
19,6748152777992;0,815015295075199;0,647220926575756
19,6749538889103;0,834526168585342;0,651569422192352
19,6750927777992;0,825484478535316;0,674927556085521
19,6752316666881;0,803082524840931;0,684812598943211
19,6753708333548;0,858987953022279;0,67679935495272
19,6755094444659;0,805335978934579;0,662977318009183
19,6756483333548;0,814901986404152;0,681172060225038
19,6757872222436;0,798865606762121;0,659889567167255
19,6759261111325;0,820916952449267;0,694058201681742
19,6760650000214;0,798329767751682;0,68018458035499
19,6762038889103;0,802558245996352;0,653810747547084
19,6763427777992;0,816901407973063;0,681527896436336
19,6764816666881;0,813910702357191;0,657865566863848
19,676620555577;0,798164431016943;0,673100374510653
19,6767591666881;0,806574051091189;0,648443603316196
19,6768986111325;0,824774877841946;0,662918872339503
19,6770372222436;0,817050649438926;0,665225578774539
19,6771761111325;0,804021737055564;0,681368959377266
19,6773150000214;0,830446996646089;0,652715878885033
19,6774541666881;0,833595282436193;0,66891780228147
19,6775927777992;0,787896508655137;0,654108108576025
19,6777316666881;0,827020000286325;0,677638879093394
19,677870555577;0,805835861731282;0,672143909787025
19,6780094444659;0,812483148641945;0,679662845332672
19,6781483333547;0,811543980198394;0,662048268998177
19,6782869444659;0,8370942264186;0,671107511079526
19,6784258333547;0,844064504805573;0,686539212650388
19,6785647222436;0,815051236624811;0,693847717277265
19,6787036111325;0,799260550798579;0,701200733061626
19,6788425000214;0,831253201130892;0,692165757400886
19,6789813889103;0,827133257403403;0,657509727989094
19,679120555577;0,826266028547622;0,670534239931015
19,6792591666881;0,802723532154857;0,668700294505555
19,679398055577;0,844624872464294;0,643846632050497
19,6795372222436;0,841697730118483;0,652854282823398
19,6796758333548;0,819268147642873;0,667988623365289
19,6798150000214;0,806230823276877;0,66521886644864
19,6799536111325;0,832317142655597;0,675804919939964
19,6800927777992;0,789134428788458;0,672164475078063
19,6802313889103;0,849562848308892;0,644043531202698
19,680370555577;0,822170778201894;0,673970994850663
19,6805094444659;0,800313113754555;0,647024075677791
19,680648055577;0,822565809125877;0,666638349477864
19,6807872222436;0,808834922916958;0,674768574718172
19,6809261111325;0,810052776964483;0,65949585451466
19,6810650000214;0,816700049860771;0,670745081255632
19,6812036111325;0,817840641261824;0,678301918210138
19,6813427777992;0,817208311967875;0,667083958519243
19,6814816666881;0,837839804725775;0,674799809304687
19,681620555577;0,823476753278442;0,676951644322685
19,6817594444659;0,825714328322107;0,666828512632634
19,681898055577;0,810669196420463;0,678191673279628
19,6820369444659;0,804566130359348;0,65785883609459
19,6821761111325;0,797410422897229;0,689264425407941
19,6823147222436;0,782373760678439;0,662296799825953
19,6824538889103;0,806021123609128;0,666148164675377
19,6825927777992;0,812842124468062;0,675480230077426
19,6827316666881;0,812088152729359;0,657503015663167
19,6828702777992;0,809939485479504;0,687054006255579
19,6830094444659;0,830841923821026;0,663958593611994
19,6831483333548;0,849982304779076;0,670178397110192
19,6832872222436;0,811588298715435;0,694196561308047
19,6834261111325;0,812507643569944;0,662832449116621
19,6835650000214;0,832877320985375;0,677314134832301
19,6837038889103;0,808238635429774;0,661940972787363
19,6838425000214;0,831571608108334;0,678785481478258
19,6839813889103;0,832167823385475;0,667083958519243
19,6841202777992;0,802582620319356;0,662041386406656
19,6842594444659;0,813596132587804;0,666510553539325
19,6843983333547;0,824774877841946;0,666154725218689
19,6845369444659;0,830817549497993;0,673870576004106
19,6846761111325;0,859173301134462;0,669273626657372
19,6848152777992;0,838707033581557;0,681230599750961
19,6849538889103;0,813736974394573;0,67548707435526
19,6850925000214;0,813745443431003;0,6778289202434
19,6852316666881;0,827020000286325;0,695343262020884
19,685370555577;0,831422280087793;0,691644346515432
19,6855094444659;0,833595282436193;0,671107511079526
19,6856483333547;0,802566775965801;0,669325851310361
19,6857872222436;0,826774275993074;0,663965040695984
19,6859258333547;0,829177145001864;0,641912324532427
19,6860652777992;0,808633692285667;0,683610488090949
19,6862041666881;0,839102038571525;0,661302354259163
19,686343055577;0,819042701106241;0,683216871924515
19,6864819444659;0,820207468463792;0,675639203555306
19,686620555577;0,809738207195096;0,691188200753146
19,6867594444659;0,832877320985375;0,667211705300076
19,6868983333548;0,824266624487819;0,695726450440731
19,6870372222436;0,81539437789661;0,647241717637428
19,6871761111325;0,845713361482183;0,685444352182259
19,6873150000214;0,843109261842073;0,654574388497224
19,6874538889103;0,816849338986344;0,662652628146589
19,6875925000214;0,847712742128095;0,664320861127379
19,6877313889103;0,828423115164526;0,672254381108104
19,6878708333548;0,809318922533038;0,650505556235487
19,6880094444659;0,810124790476408;0,698430931535711
19,6881483333548;0,835244113178817;0,695923280030456
19,6882872222436;0,801119072131513;0,684100904126183
19,6884261111325;0,827677560271241;0,66527751884837
19,6885650000214;0,811886889932737;0,658815493815581
19,6887038889103;0,803118476191315;0,678105120779151
19,6888427777992;0,84972059771809;0,682477883398803
19,6889816666881;0,820557975253507;0,675501021139098
19,689120555577;0,813201101663822;0,677169366975761
19,6892597222436;0,811527922534424;0,689105431903783
19,6893983333547;0,819602740718153;0,686756773902687
19,6895372222436;0,819997831930237;0,655313379684799
19,6896763889103;0,83728810450026;0,672737903724425
19,6898150000214;0,827914850212835;0,700672722707651
19,6899538889103;0,807678527111165;0,661578623363994
19,6900927777992;0,794991714481057;0,692963357296492
19,6902316666881;0,817788875353614;0,68491662342953
19,6903702777992;0,80641617138906;0,683572683186412
19,6905094444659;0,816648203649237;0,666372326826433
19,690648055577;0,815595513233689;0,672610189708166
19,6907869444659;0,817840641261824;0,669491255503033
19,6909258333547;0,822715119969075;0,660839643027884
19,6910647222436;0,81924377331984;0,662290239282697
19,6912036111325;0,812245858700351;0,684152674262606
19,6913425000214;0,845935047561028;0,670389269993734
19,6914816666881;0,799753074142615;0,66360922154638
19,691620555577;0,834175707748443;0,681994394822937
19,6917594444659;0,842407383340145;0,65646687221863
19,6918983333548;0,78879972355486;0,681006388450896
19,6920369444659;0,799193241900753;0,660324797611366
19,6921761111325;0,831781244641945;0,66907034475733
19,6923150000214;0,817639521408438;0,665330053470967
19,6924538889103;0,81563161533208;0,664538530322687
19,6925927777992;0,822392317794652;0,684922957073866
19,6927316666881;0,830676742696738;0,66527751884837
19,6928702777992;0,814527121813171;0,69550227190814
19,6930091666881;0,828608549496579;0,691070905126196
19,6931483333547;0,820751926909452;0,691899816671793
19,6932869444659;0,821856402929427;0,652602688324436
19,6934261111325;0,826968154074734;0,666828512632634
19,6935647222436;0,80802896454;0,667460718290386
19,6937038889103;0,81378159601573;0,666307198830282
19,693843055577;0,839138130873209;0,678264150687511
19,6939813889103;0,814289901876606;0,651614480257052
19,6941202777992;0,788538249880219;0,666531344600997
19,6942594444659;0,802865488392115;0,660733196864726
19,6943983333547;0,820034024446869;0,639934185140362
19,6945372222436;0,832861626377621;0,679911560450023
19,6946761111325;0,784865960301545;0,683662797676902
19,6948147222436;0,810222391473985;0,645816395357826
19,6949536111325;0,838578143110453;0,647273066288506
19,6950927777992;0,796640665798236;0,674799809304687
19,6952316666881;0,814490989572789;0,657969986351361
19,695370555577;0,843653681398251;0,678619958006095
19,6955094444659;0,792782740405528;0,671318643683065
19,6956483333548;0,83308703783581;0,669129129028818
19,6957875000214;0,831966751171819;0,668040648396811
19,6959261111325;0,826758551891658;0,681856478106369
19,6960650000214;0,811923022173062;0,676786195542775
19,6962038889103;0,821497446801203;0,663226033126534
19,6963427777992;0,805880281802388;0,672769223863042
19,6964816666881;0,814849958340432;0,675117841213478
19,696620555577;0,843330947920947;0,669135444241107
19,6967594444659;0,808573396735568;0,66819969043766
19,6968986111325;0,840391956625865;0,677366132253439
19,6970369444659;0,835788493842102;0,660100668219286
19,6971761111325;0,797595814121109;0,686425979994311
19,6973150000214;0,811886889932737;0,684183965886348
19,6974538889103;0,810767018078906;0,660674327997924
19,6975927777992;0,823646143547279;0,660833422803364
19,6977316666881;0,831422280087793;0,663087939292325
19,697870555577;0,799454379213984;0,692270631253535
19,6980094444659;0,791291712213962;0,671153373228861
19,698148055577;0,810967899773971;0,652240925695935
19,6982872222436;0,828423115164526;0,674596673004032
19,6984258333547;0,820901289603057;0,654277316926624
19,6985650000214;0,814140552143954;0,68032604049364
19,6987038889103;0,811177496375649;0,673667244958665
19,6988427777992;0,811931613065013;0,673045904256412
19,6989816666881;0,839646419234839;0,676786195542775
19,6991202777992;0,817393732290128;0,651455454292062
19,6992594444659;0,793500651292931;0,637526775641618
19,6993983333548;0,814983878541284;0,6538941497395
19,6995372222436;0,832167823385475;0,668714544042984
19,6996761111325;0,793387497244623;0,688743143153886
19,6998150000214;0,837973377522985;0,68330700484708
19,6999538889103;0,810109277350819;0,662183696690818
19,700093055577;0,818683750559387;0,681797656469314
19,7002316666881;0,802305691137207;0,680861991826049
19,700370555577;0,809318922533038;0,663087939292325
19,7005094444659;0,776404624614088;0,661354493971913
19,7006483333547;0,824041320957349;0,67742486928293
19,7007872222436;0,825295146709976;0,657034394471026
19,7009261111325;0,803497868241152;0,694089436268285
19,7010652777992;0,833019679752226;0,661610000524917
19,7012038889103;0,829012352789391;0,678710129208866
19,7013427777992;0,814439264570268;0,649483710516506
19,7014819444659;0,829012352789391;0,660312545666045
19,701620555577;0,816870109410786;0,677010324934884
19,7017591666881;0,800498591190973;0,63957840147458
19,7018983333547;0,836719551770358;0,646751995119928
19,7020372222436;0,83413958530403;0,677222071402895
19,7021758333547;0,810109277350819;0,666721751670281
19,7023150000214;0,819437896012147;0,682377566255894
19,7024538889103;0,831781244641945;0,692691314885792
19,7025927777992;0,816870109410786;0,65996275150269
19,7027313889103;0,830056645042475;0,678316770216043
19,702870555577;0,829161754359518;0,658643997288607
19,7030094444659;0,806574051091189;0,669506220617421
19,7031483333548;0,856763324186687;0,67580911871076
19,7032872222436;0,813721370531823;0,689762979748252
19,7034258333547;0,813967202743555;0,684236530226798
19,7035647222436;0,800893768601043;0,663714545413427
19,7037036111325;0,800744397483271;0,678763117992702
19,7038425000214;0,80987212739592;0,636135165970444
19,7039816666881;0,823804153509229;0,674873558961337
19,7041202777992;0,810109277350819;0,671153373228861
19,7042591666881;0,816176099054104;0,659941621932262
19,7043983333547;0,806424701358537;0,660695683143075
19,7045372222436;0,831720949091874;0,657964049590362
19,7046761111325;0,795149637606698;0,662720035490679
19,7048147222436;0,825295146709976;0,65279939453518
19,7049536111325;0,814511880853416;0,669761807815973
19,7050925000214;0,807468924928088;0,691123129779214
19,7052316666881;0,812057217116006;0,690246326119023
19,7053702777992;0,812811492777428;0,669325851310361
19,7055094444659;0,818929569812042;0,669644004535996
19,705648055577;0,794790689903095;0,668932428040762
19,7057872222436;0,818744006177553;0,66902290115425
19,7059258333547;0,829572253714844;0,677998552713632
19,7060650000214;0,820901289603057;0,668767305772576
19,7062038889103;0,833056043247382;0,673342847251376
19,7063425000214;0,773538038039192;0,649318543685581
19,7064813889103;0,802393426565402;0,672662754048616
19,7066202777992;0,811512500138519;0,675585103930018
19,7067594444659;0,817624341676549;0,655780568718399
19,7068983333548;0,812080988718577;0,674762032613359
19,7070372222436;0,841444742319254;0,679857776194069
19,7071761111325;0,856912717010516;0,669123078897229
19,7073150000214;0,822526616398022;0,692435768004202
19,7074538889103;0,827749875232314;0,661407228111784
19,7075927777992;0,837659433209694;0,689348281372133
19,7077313889103;0,808408785311059;0,663979779583542
19,7078702777992;0,82198186055615;0,664644308344606
19,7080094444659;0,829706484939862;0,668193488642032
19,7081483333547;0,851914068398401;0,662401728874585
19,7082872222436;0,813930949960877;0,676382984035513
19,7084261111325;0,813221711937956;0,671371405412657
19,7085647222436;0,81647485424881;0,644041789458214
19,7087041666881;0,806759686905167;0,66182197498307
19,7088427777992;0,826444586522001;0,680952446517097
19,7089816666881;0,789864631661771;0,678189203570128
19,709120555577;0,821482267069229;0,645460618292873
19,7092594444659;0,81773739270804;0,689762979748252
19,7093986111325;0,831742202880008;0,678928121074705
19,7095372222436;0,821841193717773;0,681079996795575
19,7096761111325;0,84127148751972;0,684039872220069
19,7098152777992;0,843339630177752;0,686803106983518
19,7099538889103;0,819982561489212;0,667572470806164
19,7100925000214;0,844629819425535;0,666637008033177
19,7102316666881;0,80987212739592;0,677312714545224
19,710370555577;0,823804153509229;0,674873558961337
19,7105091666881;0,787828999222143;0,67777450519398
19,7106486111325;0,843130113845518;0,676218084522759
19,7107872222436;0,833615771830381;0,67857234529032
19,7109261111325;0,794291024254932;0,675070195681968
19,7110650000214;0,803856814575994;0,688689934305529
19,7112038889103;0,808049855820599;0,673039985916205
19,7113427777992;0,844830605885278;0,681797656469314
19,7114816666881;0,809103037936154;0,659117729723448
19,711620555577;0,821236387241839;0,66333141642184
19,7117594444659;0,783253196636878;0,673039985916205
19,7118983333547;0,821683053529;0,670654133094558
19,7120372222436;0,847584102560461;0,651146259312497
19,7121763889103;0,835004173434868;0,688886490723377
19,7123150000214;0,826794804674336;0,648632954386642
19,7124541666881;0,792977083740169;0,670691505901573
19,712593055577;0,824041320957349;0,684832008912792
19,7127316666881;0,840577477163094;0,671780506742948
19,712870555577;0,82294559198823;0,676738751939723
19,7130094444659;0,842585448368425;0,677795973096835
19,7131483333547;0,827512690289467;0,659436109064444
19,7132872222436;0,821595318100776;0,655998694628011
19,7134261111325;0,837264152134935;0,653394594987901
19,7135652777992;0,82784784396722;0,669537825768543
19,7137041666881;0,826989368595662;0,673938047704155
19,7138425000214;0,819781902381465;0,676180768064427
19,7139816666881;0,798298351217795;0,679667044103496
19,714120555577;0,818728735736585;0,674814624548162
19,7142594444659;0,810258674385921;0,678051596661504
19,714398055577;0,844234520860738;0,655478091444991
19,7145369444659;0,847024442641782;0,672163618768479
19,7146758333548;0,815071644419277;0,666477820483351
19,7148150000214;0,824199417740829;0,669182060523497
19,7149538889103;0,819781902381465;0,692005539521688
19,7150925000214;0,808208126203311;0,68992212305514
19,7152313889103;0,808953567384719;0,675282686583927
19,715370555577;0,8115576670248;0,650822185954439
19,7155091666881;0,836877605144963;0,658023087581654
19,7156483333547;0,818878167429148;0,681473323654387
19,7157869444659;0,838317239039412;0,65432435791908
19,7159258333547;0,832697117967029;0,649047870924676
19,7160650000214;0,858053462978035;0,704259154302974
19,7162036111325;0,831206212217353;0,662236770341053
19,7163425000214;0,854703890023643;0,66934709367797
19,7164813889103;0,813571999414052;0,64529561521087
19,7166202777992;0,825340192461965;0,654000381810789
19,7167594444659;0,811371815810048;0,682839317403875
19,7168983333547;0,817564327061746;0,677531041951909
19,7170372222436;0,837808869112393;0,6493718146221
19,7171758333547;0,824436550204155;0,688530734636828
19,7173150000214;0,801252714935885;0,683322535356638
19,7174536111325;0,822936879281599;0,640885356036762
19,7175927777992;0,835450666463629;0,707920485941315
19,7177316666881;0,827339482784168;0,675223564063344
19,717870555577;0,844779264072258;0,657826531163749
19,7180091666881;0,841280261118015;0,688306818038996
19,7181483333548;0,813520536456423;0,696028378903264
19,7182869444659;0,831915268526302;0,666887190769245
19,7184258333547;0,825489637108632;0,673969738310745
19,7185650000214;0,817423730169509;0,640620546064895
19,7187038889103;0,820018964892768;0,654898465949145
19,7188425000214;0,834273505504882;0,693318487794869
19,7189816666881;0,834854689932513;0,690034743125551
19,7191202777992;0,824735383144116;0,652814888301492
19,7192594444659;0,850995396323526;0,686797340241526
19,7193983333548;0,81773739270804;0,662099340381019
19,7195369444659;0,833019679752226;0,680968618452653
19,7196758333547;0,814819630529399;0,675223564063344
19,7198150000214;0,786961724994512;0,677307174426289
19,7199538889103;0,827175363001516;0,655933937099775
19,7200927777992;0,790977790576051;0,672360159130051
19,7202316666881;0,823691068144512;0,64551958089379
19,720370555577;0,817773786323215;0,65219432224302
19,7205094444659;0,828988641430868;0,676218084522759
19,7206483333547;0,84552471989781;0,666200729015827
19,7207869444659;0,81645997606978;0,655987689416946
19,7209261111325;0,819237094077664;0,668443167567176
19,7210650000214;0,84647968679991;0,682365427699324
19,7212038889103;0,822885537468551;0,650684800221939
19,7213427777992;0,847742286150833;0,66220510821725
19,7214813889103;0,799932892669631;0,671589571628715
19,721620555577;0,847882935500422;0,658915635538506
19,7217594444659;0,846428466110694;0,654542725614647
19,721898055577;0,838503190384472;0,667151959849861
19,7220372222436;0,817923243922792;0,671839685604141
19,7221758333547;0,807885736037946;0,668200289027311
19,7223150000214;0,820341492348149;0,641491272512809
19,7224538889103;0,819237094077664;0,686851092558669
19,7225927777992;0,842920620257757;0,67798686761347
19,7227313889103;0,795916523353526;0,671063665120641
19,722870555577;0,817983268325094;0,679655585672378
19,7230094444659;0,818878167429148;0,675086178330844
19,723148055577;0,833400395451406;0,669076341767408
19,7232872222436;0,794276177813202;0,698430238940233
19,7234261111325;0,812303114107351;0,657821066096346
19,7235650000214;0,846219041169945;0,653803884393142
19,7237038889103;0,845683033671179;0,635964580599818
19,7238427777992;0,836853954025344;0,676627590267969
19,7239816666881;0,849382645290547;0,651237054026723
19,724120555577;0,839780546793918;0,669235585964032
19,7242597222436;0,808058659861047;0,678242531775737
19,7243983333547;0,818318646111351;0,688721710345249
19,7245372222436;0,831206212217353;0,676754960599368
19,7246761111325;0,833169094278929;0,684087716319539
19,7248152777992;0,864254842380831;0,656672813694172
19,7249538889103;0,847882935500422;0,677881416020625
19,7250927777992;0,834891213786932;0,680038693457192
19,7252316666881;0,839062694865021;0,662609003159957
19,7253708333548;0,827647232460208;0,660228705635717
19,7255094444659;0,861105870325218;0,665318481710131
19,7256483333547;0,818318646111351;0,679299844058107
19,7257872222436;0,81167068372892;0,694211217476948
19,7259261111325;0,841256790684923;0,645189945531939
19,7260650000214;0,814610217170582;0,667242924509196
19,7262036111325;0,839071529345063;0,673608501407159
19,7263427777992;0,815923976988728;0,650460949050853
19,7264813889103;0,811162316643703;0,655987689416946
19,7266202777992;0,810639349286646;0,661738263994494
19,7267591666881;0,820886261791827;0,686341494586713
19,726898055577;0,823131443202954;0,669815191166492
19,7270372222436;0,81645997606978;0,660803043515102
19,7271761111325;0,834818236085226;0,667976503260348
19,7273147222436;0,832846566823548;0,661355177407302
19,7274536111325;0,796984440825497;0,669235585964032
19,7275925000214;0,846428466110694;0,67460304155469
19,7277316666881;0,840711879418052;0,688684469238126
19,7278702777992;0,80399128679079;0,678296453685874
19,7280091666881;0,840361869166998;0,671998941914609
19,728148055577;0,850100497219444;0,672217511001918
19,7282869444659;0,810243886882859;0,652905796317384
19,7284261111325;0,83175109823128;0,655828412817868
19,7285650000214;0,850322915357822;0,645244037005597
19,7287036111325;0,831578316195305;0,643575125151415
19,7288427777992;0,820862851577374;0,640456002759777
19,7289813889103;0,814670151236157;0,655882673825516
19,7291208333548;0,840002964932296;0,689560643791623
19,7292591666881;0,833713863722608;0,689619794483605
19,729398055577;0,830787339599055;0,681739341413333
19,7295372222436;0,825998012937191;0,657082238570524
19,7296761111325;0,849218603213785;0,675660407206578
19,7298150000214;0,831505157852916;0,701964253043627
19,7299538889103;0,846033089824857;0,685761869090925
19,7300925000214;0,847718815717712;0,668656014748649
19,7302313889103;0,819818416450772;0,657556599838472
19,7303702777992;0,850645305523187;0,684343441053414
19,7305091666881;0,837757769526888;0,670384201769252
19,7306483333548;0,844569804810789;0,668933996141988
19,7307872222436;0,855099214497727;0,662395962132564
19,7309261111325;0,857792817348042;0,67361398488265
19,7310650000214;0,842421070166523;0,694790761810339
19,7312038889103;0,847742286150833;0,669750576014451
19,7313427777992;0,849690451307424;0,657656552834823
19,7314813889103;0,826429950884176;0,677010681094004
19,7316202777992;0,810797923327016;0,648007473789932
19,7317591666881;0,811743661430626;0,680070526439948
19,7318983333547;0,804350200810632;0,688360655156316
19,7320372222436;0,848996111903432;0,660484438241866
19,7321758333547;0,829384026135358;0,669349146408422
19,7323150000214;0,812057217116006;0,687681216325473
19,7324541666881;0,852989097534731;0,656977150327975
19,7325925000214;0,803641299921992;0,681059866255367
19,7327316666881;0,817004926184637;0,666881990437105
19,732870555577;0,835749603033349;0,661218145356543
19,7330094444659;0,814969122772936;0,675916139812756
19,7331486111325;0,824571263361406;0,681187187539962
19,7332869444659;0,806708385973593;0,669230329012976
19,7334261111325;0,836145039539559;0,676431157046864
19,7335647222436;0,86221908170134;0,664798089355969
19,7337038889103;0,803641299921992;0,671155026146209
19,7338427777992;0,821580652998136;0,651153988079017
19,7339816666881;0,840720774769352;0,665272450623917
19,734120555577;0,82955704450319;0,669294830308615
19,7342594444659;0,833241951528066;0,666941394562343
19,734398055577;0,81611000045865;0,658559899141011
19,7345372222436;0,837249364631845;0,66469808822265
19,7346761111325;0,813156017854936;0,641130338440746
19,7348147222436;0,835600128272688;0,668518894300519
19,7349538889103;0,854539744985203;0,675177331294236
19,7350927777992;0,803482899378309;0,673662677651492
19,7352319444659;0,839458053665425;0,676180768064427
19,735370555577;0,857293354025927;0,649064946535731
19,7355094444659;0,826542898951118;0,67804070473079
19,7356483333547;0,838913258962322;0,669869168187972
19,7357872222436;0,841107290024581;0,667242924509196
19,7359261111325;0,828988641430868;0,660101351654674
19,7360650000214;0,876388123039533;0,663959277047411
19,7362038889103;0,851935645345122;0,668359585609181
19,736343055577;0,826542898951118;0,672732536410052
19,7364816666881;0,84627899555926;0,679035256686944
19,736620555577;0,830796295811354;0,649069958645612
19,7367594444659;0,83504072739558;0,69008894691865
19,7368983333547;0,8192225196332;0,651205306462288
19,7370375000214;0,82873727640316;0,667780102129143
19,7371761111325;0,808244640272619;0,679928349677482
19,7373150000214;0,800714913053582;0,660123664617089
19,7374538889103;0,876783481839965;0,656265739224352
19,7375927777992;0,826034496896824;0,679828466056478
19,7377319444659;0,846973403600373;0,644313928152513
19,737870555577;0,848772283370209;0,662727764257198
19,7380091666881;0,850472428966469;0,682696770118753
19,738148055577;0,808035249646537;0,681634325821932
19,7382869444659;0,851771966456425;0,694466958257806
19,7384261111325;0,799969527152314;0,663183390081741
19,7385647222436;0,809289075399164;0,661897560576392
19,7387036111325;0,813206894966044;0,679933361787391
19,7388427777992;0,82568454466599;0,681437988853759
19,7389813889103;0,830251332100289;0,672732536410052
19,7391202777992;0,844010403933623;0,69623580676199
19,7392591666881;0,790172324992369;0,666202624251042
19,739398055577;0,792753074631491;0,665016685624607
19,7395372222436;0,811506668847755;0,674242127161961
19,7396758333547;0,830437398624895;0,647651767598745
19,7398147222436;0,831332328558631;0,638426301847176
19,7399536111325;0,844965215417261;0,693372437261075
19,7400925000214;0,84936812976963;0,675746869299189
19,7402313889103;0,822027088001732;0,657360219963863
19,740370555577;0,839108043414342;0,671177564271829
19,7405091666881;0,826393406707609;0,649064946535731
19,740648055577;0,826393406707609;0,666904415990899
19,7407869444659;0,829183572872239;0,65385314269551
19,7409258333547;0,821108826267931;0,675012951538918
19,7410647222436;0,837444516510971;0,65637078024298
19,7412036111325;0,830787339599055;0,667839515402534
19,7413425000214;0,824370905261276;0,662312638202252
19,7414816666881;0,838898652788259;0,654268398257273
19,7416202777992;0,847122925948412;0,690051968347206
19,7417594444659;0,808021277883256;0,672249514754583
19,7418983333548;0,810639349286646;0,663703540202363
19,7420372222436;0,856697478894802;0,661218145356543
19,7421761111325;0,817609796694114;0,660320028450826
19,7423152777992;0,803827452545079;0,666521359064774
19,7424538889103;0,796311959859793;0,688415085668396
19,7425927777992;0,820862851577374;0,660260652474904
19,7427313889103;0,836154026178576;0,691539141718209
19,7428702777992;0,827647232460208;0,658869838864462
19,7430094444659;0,842160710097602;0,657912313899061
19,7431483333547;0,83851214659677;0,694987237960419
19,7432872222436;0,833154429176318;0,673366441023688
19,7434261111325;0,802836067429411;0,660638722713884
19,7435650000214;0,843115478207665;0,695041356985314
19,7437038889103;0,817609796694114;0,692240893511439
19,7438427777992;0,832137613486481;0,664277890797052
19,7439816666881;0,823616477773214;0,665946826866019
19,7441208333547;0,834444859312129;0,685455291638732
19,7442591666881;0,838661677683831;0,675495952914616
19,7443983333547;0,856847022927468;0,660019059385746
19,7445372222436;0,8353488713567;0,672687243687903
19,7446761111325;0,828824677053376;0,670224884904769
19,7448150000214;0,83755739596387;0,683430574091858
19,7449536111325;0,845360677821077;0,680398591564199
19,7450925000214;0,81300647382227;0,655686336857343
19,7452316666881;0,849131172142023;0,6500000780253
19,7453702777992;0,816505506236012;0,671533253450036
19,7455094444659;0,829542470058698;0,655276238961704
19,7456483333548;0,825265843609316;0,681898630123527
19,7457872222436;0,839802606832109;0,651308616026
19,7459263889103;0,831182802002843;0,673562772779491
19,7460647222436;0,814655848719724;0,67314276965908
19,7462041666881;0,795007337191066;0,66146915275533
19,7463427777992;0,843310753140202;0,648746252272701
19,7464816666881;0,827833298984785;0,669704847386754
19,746620555577;0,844019420996688;0,652243626486438
19,7467597222436;0,845123702716648;0,664693001113392
19,7468983333547;0,820476345385828;0,643756863634593
19,7470369444659;0,835795133199611;0,688743741743536
19,7471761111325;0,834645264991764;0,665272450623917
19,7473150000214;0,812946690267211;0,682532449317534
19,7474538889103;0,814955001503733;0,65944439466594
19,7475927777992;0,837398865292187;0,655007127722513
19,7477316666881;0,826938370418617;0,666745046768369
19,747870555577;0,842361115777209;0,669667896956668
19,7480097222436;0,810947493247767;0,650989800733782
19,7481483333547;0,81810437551178;0,675906266962329
19,7482872222436;0,837594090638163;0,678510366602438
19,7484261111325;0,823975373592106;0,672468312315686
19,7485650000214;0,839988902561799;0,649995217302774
19,7487038889103;0,812596945803023;0,66475246153027
19,7488427777992;0,844564578892857;0,651149202329805
19,7489816666881;0,843869876964021;0,67423720985019
19,749120555577;0,852690022415004;0,668929153809927
19,7492597222436;0,831019226023784;0,681761598072796
19,7493983333548;0,837407851931232;0,646037451184441
19,7495372222436;0,83780340107603;0,663658013169879
19,7496758333547;0,83575852881637;0,636811924915577
19,7498147222436;0,841997264195243;0,655723324575348
19,7499536111325;0,81669175893029;0,669923738519174
19,7500925000214;0,845905744460367;0,686549739999094
19,7502319444659;0,815946399238527;0,676070424284745
19,750370555577;0,8353488713567;0,673941069440559
19,7505094444659;0,854875420998411;0,674816598532118
19,7506483333548;0,805826664198946;0,659280340741816
19,7507869444659;0,837235211646544;0,663981590009797
19,7509258333547;0,850122557257635;0,678510366602438
19,7510647222436;0,827633020571284;0,673344015469894
19,7512036111325;0,822721547839478;0,672304199468215
19,7513425000214;0,823303375238311;0,695141293938775
19,7514816666881;0,831191819065907;0,654328027490067
19,7516202777992;0,83484041687089;0,665071228417247
19,7517594444659;0,83780340107603;0,667615811358672
19,7518983333547;0,808589424605771;0,673306971460335
19,7520372222436;0,825274951929259;0,666061253659109
19,7521761111325;0,854130043834459;0,664177953843563
19,7523150000214;0,840697545180205;0,669021024094974
19,7524536111325;0,832682602446113;0,672627689707952
19,7525925000214;0,842406706472218;0,661792664845535
19,7527313889103;0,846018635490282;0,672463621331616
19,752870555577;0,821812679220557;0,664036414506029
19,7530094444659;0,837035138938774;0,681219191292683
19,7531483333548;0,842906104736812;0,691041892255043
19,7532869444659;0,820699275598258;0,655203416582964
19,7534258333547;0,800714913053582;0,656352880319901
19,7535647222436;0,842906104736812;0,660178489113321
19,7537038889103;0,825116291162516;0,658924663360693
19,7538425000214;0,82733389367317;0,676649846927432
19,7539816666881;0,820862851577374;0,652977753602642
19,7541202777992;0,830782355758657;0,670635118153825
19,7542594444659;0,805589724046854;0,661053913529798
19,7543983333548;0,821058150383891;0,661113467509779
19,7545372222436;0,831490945963964;0,670242561676417
19,7546758333547;0,833885752314671;0,667319638879121
19,7548147222436;0,80361813053122;0,638321600399024
19,7549538889103;0,854689254385846;0,656621444136817
19,7550927777992;0,80047797290149;0,662143670906119
19,7552313889103;0,854130043834459;0,656516815306219
19,755370555577;0,846055309851124;0,657989733355606
19,7555094444659;0,847159570212995;0,677798994833267
19,755648055577;0,819767599865088;0,671369229540886
19,7557872222436;0,825670604613293;0,651560081771237
19,7559261111325;0,813133029028592;0,661787992247127
19,7560650000214;0,860541554831656;0,672463621331616
19,7562038889103;0,8626003801038;0,660210805712609
19,7563427777992;0,834877151416464;0,671478710657397
19,7564816666881;0,837743677707408;0,669344417236999
19,756620555577;0,8488181569696;0,668929153809927
19,7567594444659;0,806185555810487;0,661688204826135
19,7568983333547;0,846773077614102;0,66751130414815
19,7570369444659;0,843697236679333;0,66674031759689
19,7571758333547;0,825670604613293;0,646520344600361
19,7573150000214;0,834891213786932;0,66773046381536
19,7574541666881;0,833386455398738;0,676321546724353
19,7575927777992;0,824566400544569;0,651204422767677
19,7577319444659;0,838907669851324;0,664911838922507
19,757870555577;0,8414520160309;0,666904415990899
19,7580094444659;0,817050637921966;0,634043801366317
19,7581483333548;0,826057079094198;0,650789014175075
19,7582872222436;0,831132065605374;0,678833889213649
19,7584261111325;0,815909674472323;0,665865050158914
19,7585647222436;0,860145876268319;0,657574389473211
19,7587038889103;0,81669175893029;0,663457154019
19,7588425000214;0,844564578892857;0,683485483294987
19,7589813889103;0,852816504492608;0,659439778635431
19,759120555577;0,833922547034888;0,668031018513744
19,7592594444659;0,807326490533171;0,663457154019
19,759398055577;0,824407609715763;0,649124444240414
19,7595372222436;0,838847916390819;0,648604712935168
19,7596763889103;0,849876560883018;0,663493944793572
19,7598150000214;0,830237120211393;0,647510329007901
19,7599536111325;0,83449067240673;0,668053781724097
19,760093055577;0,803022349172949;0,658504864960548
19,7602316666881;0,829110069014348;0,668053781724097
19,760370555577;0,824357175834507;0,675965868065333
19,7605094444659;0,850608074358377;0,673727093580681
19,7606483333547;0,838661677683831;0,644742397734888
19,7607872222436;0,874165047962038;0,646196864880693
19,7609261111325;0,826975004901328;0,640150151671833
19,7610650000214;0,847900492787346;0,669978901799027
19,7612041666881;0,829356173116452;0,639219740906071
19,7613427777992;0,805962516658042;0,661272885138374
19,7614816666881;0,814782550165035;0,683845772774873
19,761620555577;0,81589600618716;0,659800087777171
19,7617594444659;0,827819388377009;0,665186143158621
19,761898055577;0,816296167071215;0,655418007163917
19,7620369444659;0,816491686222548;0,669021024094974
19,7621758333547;0,83999810211543;0,653333428329887
19,7623147222436;0,820648902204908;0,661272885138374
19,7624538889103;0,822311976136518;0,646032929894375
19,7625927777992;0,828265535108471;0,675801977534718
19,7627313889103;0,845519251861475;0,657447247916849
19,762870555577;0,789686281181304;0,669563509533759
19,7630091666881;0,839430019439874;0,668765129900777
19,763148055577;0,835176372787544;0,659658951373501
19,7632869444659;0,84218377504726;0,673006091044101
19,7634261111325;0,823625525257796;0,661464631465265
19,7635647222436;0,839393164555162;0,678569967705442
19,7637038889103;0,820303657854708;0,682172019167751
19,7638427777992;0,818095175958149;0,667315079411736
19,7639816666881;0,852257621370597;0,671592835563843
19,764120555577;0,837394002475349;0,658022106804026
19,7642591666881;0,803381225325609;0,668984289567959
19,7643983333547;0,859228156132048;0,659658951373501
19,7645369444659;0,821566622341123;0,67801374508943
19,7646761111325;0,851972229409654;0,675861747380225
19,7648150000214;0,827110927237698;0,677438826337067
19,7649538889103;0,843138301801503;0,681848626025754
19,7650925000214;0,815141412335123;0,664643626275506
19,7652316666881;0,839393164555162;0,646990839648851
19,7653702777992;0,820662541052627;0,691041892255043
19,7655094444659;0,843660532224845;0,666532366425145
19,7656483333548;0,826365617107456;0,673717447084243
19,7657872222436;0,842705841783527;0,658504864960548
19,7659258333547;0,819990749445196;0,665897452028105
19,7660650000214;0,84415530968883;0,671173004804444
19,7662038889103;0,812820314695244;0,678948578337071
19,7663425000214;0,855965903732283;0,638340179799798
19,7664813889103;0,844750989724218;0,65959922862632
19,766620555577;0,841946992107665;0,653552587997098
19,7667594444659;0,80031465705747;0,680977831789704
19,7668983333547;0,823998317868984;0,676540666171491
19,7670372222436;0,795739014367314;0,663512713102705
19,7671761111325;0,827074052049824;0,674515806756915
19,7673147222436;0,841960479252748;0,669919179051817
19,7674538889103;0,826356326343188;0,672107942672653
19,7675927777992;0,821999176092334;0,669148165651393
19,7677316666881;0,854624920609126;0,669559232808041
19,7678708333547;0,83352286159041;0,667014996487126
19,7680091666881;0,82928247312654;0,667315079411736
19,7681483333547;0,825670604613293;0,664228201356565
19,7682872222436;0,817745511975232;0,667949757188893
19,7684258333547;0,835581415209674;0,666439968911277
19,7685650000214;0,849713114980659;0,675086489280858
19,7687038889103;0,847109015340607;0,671948516877023
19,7688425000214;0,837989725852424;0,650050325538302
19,7689813889103;0,827669775426926;0,669240223978647
19,7691202777992;0,83758054236182;0,678981008624589
19,7692594444659;0,808875323119508;0,6477021563785
19,7693983333548;0,836439458903413;0,656671832916572
19,7695372222436;0,823848674837933;0,664387683702017
19,7696761111325;0,846959402390496;0,673094023862035
19,7698150000214;0,848413395965622;0,67361330281355
19,7699538889103;0,810724742245782;0,67071338330976
19,770093055577;0,843064722142174;0,671265157839144
19,7702316666881;0,803763571974173;0,66258204351854
19,770370555577;0,852653394375068;0,667889950091194
19,7705094444659;0,827260591936295;0,665378173076618
19,770648055577;0,828564730599453;0,680147240809902
19,7707872222436;0,821753076194398;0,668628627911545
19,7709261111325;0,814928660963119;0,665546130218843
19,7710650000214;0,844937543589594;0,684252278392023
19,7712038889103;0,831318447394835;0,65673163087726
19,771343055577;0,857019846958394;0,683157983351492
19,7714816666881;0,842751836377374;0,667566751068534
19,771620555577;0,843646802798077;0,66972297555165
19,7717597222436;0,832259623495332;0,66258204351854
19,7718983333547;0,821999176092334;0,636707586491667
19,7720372222436;0,805971837820579;0,665382298585911
19,7721763889103;0,834081467892872;0,669240223978647
19,7723150000214;0,817782396938298;0,668301394582016
19,7724538889103;0,825969860919031;0,676956074764064
19,7725927777992;0,819544741150878;0,656572120416627
19,7727319444659;0,84162515063889;0,67801374508943
19,772870555577;0,85022160440613;0,665026640859821
19,7730097222436;0,842901483936203;0,672682740778754
19,7731483333548;0,814941514358622;0,654027855986243
19,7732872222436;0,814941514358622;0,677055803287345
19,7734261111325;0,801209623478201;0,659795453362676
19,7735647222436;0,814283325306889;0,669395653358464
19,7737036111325;0,799197444435123;0,671648168191439
19,7738427777992;0,833127001932837;0,659850900283089
19,7739816666881;0,825797598462543;0,672578837775603
19,7741202777992;0,817945584682946;0,66699178334207
19,7742594444659;0,848199860986654;0,688114442349644
19,7743983333547;0,850467687162819;0,681352422963897
19,7745372222436;0,841251927868086;0,695890044001544
19,7746761111325;0,836080603775741;0,676021257840887
19,7748150000214;0,823043816985916;0,679200409538396
19,7749536111325;0,849749969865343;0,670494049731246
19,7750927777992;0,83647639424214;0,680075327846367
19,7752313889103;0,808725623823875;0,684667800040188
19,775370555577;0,806121524183794;0,662637968630406
19,7755094444659;0,843446952358306;0,66502253372019
19,775648055577;0,817149831939787;0,672518983591772
19,7757869444659;0,833536077082613;0,659691381660991
19,7759258333547;0,819045574249373;0,675861747380225
19,7760647222436;0,822498400950451;0,654346945214883
19,7762038889103;0,822199153701462;0,656152505602506
19,7763427777992;0,838484900508604;0,683162165386193
19,7764816666881;0,819903592074667;0,655441220309001
19,776620555577;0,843051144430973;0,680809874647508
19,7767594444659;0,839938529168478;0,671232727551654
19,776898055577;0,816977616693862;0,687235390045544
19,7770369444659;0,846587194082957;0,681488660129872
19,7771761111325;0,832818351375977;0,681964067996006
19,7773147222436;0,82585710148507;0,679140527246659
19,7774538889103;0,857066325325889;0,65768581648652
19,7775927777992;0,843038200522699;0,656891153428717
19,7777316666881;0,851758418180026;0,66231880688099
19,777870555577;0,848199860986654;0,668109283669708
19,7780094444659;0,864423350403627;0,65788578137898
19,7781486111325;0,811629134986731;0,673992210258234
19,7782872222436;0,851945101064416;0,662418434080081
19,7784261111325;0,851399568622384;0,677694752584443
19,7785650000214;0,831873176180153;0,660649419589134
19,7787038889103;0,830260507910566;0,669559232808041
19,7788427777992;0,836513399493526;0,672738384505607
19,7789813889103;0,809620607059514;0,658916148043829
19,779120555577;0,860528339339396;0,656983645600747
19,7792591666881;0,838684703415851;0,660589556269997
19,7793986111325;0,786173686503844;0,660393432884234
19,7795372222436;0,818240885177033;0,689104830457865
19,7796761111325;0,853049219115746;0,673317482949869
19,7798150000214;0,852117269103843;0,658041438855207
19,7799538889103;0,859424238744282;0,663868356387923
19,7800925000214;0,814582667638462;0,686141147282598
19,7802316666881;0,839925524159895;0,687239384152491
19,780370555577;0,825993851692857;0,665378173076618
19,7805094444659;0,829455831445756;0,679036963351223
19,7806483333548;0,808017382886305;0,655473792651236
19,7807875000214;0,836267243657431;0,655002606432447
19,7809258333547;0,865480996305848;0,686879759821977
19,7810650000214;0,839080493882193;0,669296036969399
19,7812038889103;0,796942708627142;0,663928266785064
19,7813425000214;0,829110069014348;0,666013344933134
19,7814816666881;0,826911124330479;0,644279237569521
19,781620555577;0,827856243261664;0,65646470506897
19,7817594444659;0,821253865962092;0,688389620626765
19,7818983333548;0,820835542086542;0,68119287230536
19,7820372222436;0,832967994407028;0,674084815436629
19,7821758333547;0,845492549147735;0,656109093204009
19,7823150000214;0,80666710899888;0,663768707967563
19,7824541666881;0,833859470621519;0,664343868813773
19,7825927777992;0,816020412293767;0,667107563528077
19,7827316666881;0,851140475995749;0,68155267797718
19,782870555577;0,841475442937593;0,662730761638443
19,7830094444659;0,840184642001873;0,676240671818533
19,7831483333547;0,847887578296536;0,650106026394894
19,7832869444659;0,828610865823748;0,68849320990509
19,7834261111325;0,817223772529928;0,670386505357271
19,7835650000214;0,837059048312341;0,655796862317288
19,7837038889103;0,822098810569742;0,654547200228137
19,7838427777992;0,829814661355186;0,665793743076762
19,7839819444659;0,827147872350025;0,658460881488281
19,784120555577;0,828969716747537;0,664283902213128
19,7842594444659;0,848795468982331;0,669455619959081
19,7843983333548;0,840134611780712;0,658101498872526
19,7845372222436;0,823449084457195;0,657526217485042
19,7846761111325;0,82269436062353;0,708743324109946
19,7848152777992;0,827048254654358;0,650581643362244
19,7849538889103;0,818240885177033;0,664087837689237
19,7850927777992;0,831850849032179;0,670330381420712
19,7852316666881;0,857961325370837;0,681388979672448
19,7853708333548;0,849341001424307;0,699773647571902
19,7855094444659;0,830447276789243;0,654383501923405
19,785648055577;0,855952747089106;0,659906939618395
19,7857872222436;0,833313756838436;0,660808970247672
19,7859261111325;0,844924658515566;0,669811247531555
19,7860650000214;0,847142337992295;0,670909506695523
19,7862038889103;0,832768159415821;0,680926218330342
19,7863427777992;0,843820605107112;0,660449527211142
19,7864816666881;0,836463570261628;0,6481735602095
19,786620555577;0,861669508474961;0,644858214555711
19,7867591666881;0,828351747981742;0,668936695134761
19,7868986111325;0,844774899097757;0,63530956103142
19,7870372222436;0,856161863405362;0,678644951588751
19,7871758333547;0,855952747089106;0,651835469114928
19,7873147222436;0,858111080587207;0,668717012925725
19,7874538889103;0,810016475122495;0,67372919571855
19,7875927777992;0,82909700290179;0,657110607600828
19,7877316666881;0,845792064104842;0,665701307415361
19,787870555577;0,827147872350025;0,662830281966933
19,7880091666881;0,847828315769306;0,660322630461678
19,7881483333547;0,832805194732799;0,669455619959081
19,7882875000214;0,838634612735746;0,670386505357271
19,7884261111325;0,854462225685808;0,681744626886768
19,7885650000214;0,870489455653313;0,666368964651213
19,7887038889103;0,829455831445756;0,672056046115557
19,7888425000214;0,819790866918623;0,682862259597215
19,7889816666881;0,82177710615926;0,671584207173339
19,789120555577;0,841784374770072;0,662478381713072
19,7892591666881;0,815673901267331;0,675342484145716
19,7893983333548;0,813166249762077;0,6583970625002
19,7895372222436;0,815128226267802;0,675179037958515
19,7896761111325;0,836126961230491;0,657466241752275
19,7898150000214;0,826143619836103;0,663512713102705
19,7899536111325;0,831860413289633;0,659874282072963
19,7900927777992;0,82121889546562;0,661164608327454
19,7902313889103;0,823935543393191;0,673669172924235
19,790370555577;0,826689449950209;0,657302839978286
19,7905094444659;0,884617543035063;0,677686689463769
19,7906483333547;0,83540929437288;0,674627403029405
19,7907872222436;0,829455831445756;0,650581643362244
19,7909261111325;0,82177710615926;0,660482269937347
19,7910650000214;0,841971344604133;0,675043109578468
19,7912038889103;0,831164935242612;0,698134398422212
19,7913427777992;0,81021292461395;0,66360526178039
19,7914813889103;0,845991629409525;0,665597694566372
19,791620555577;0,84106673312283;0,672734541549175
19,7917594444659;0,851140475995749;0,678644951588751
19,791898055577;0,844887533016589;0,680290789103879
19,7920372222436;0,831710636421406;0,689835759715976
19,7921761111325;0,855790412883238;0,683956522603978
19,7923150000214;0,846584145392455;0,671700438176543
19,7924538889103;0,85634867527591;0,649451104909701
19,7925927777992;0,847083095749497;0,659967018596717
19,7927316666881;0,85028263013993;0,67205971959919
19,792870555577;0,848941981258008;0,658158269765011
19,7930094444659;0,845283478656427;0,656049014225687
19,7931483333548;0,844029652903799;0,679995225476205
19,7932872222436;0,834059020485427;0,667782405717219
19,7934261111325;0,820822838020263;0,681800666222074
19,7935650000214;0,82304052654473;0,67263498920596
19,7937038889103;0,825248611388616;0,681768008676642
19,793843055577;0,846237806904071;0,662375154975308
19,7939816666881;0,816815127358097;0,670802220362873
19,7941202777992;0,820994722903976;0,675142640711243
19,7942594444659;0,837604813478606;0,658098013169479
19,7943986111325;0,838300531922584;0,685522707331614
19,7945375000214;0,820673052750806;0,656268736605654
19,7946761111325;0,848187127508623;0,678644951588751
19,7948150000214;0,832197301830263;0,669352442152189
19,7949538889103;0,841774871270843;0,670961871918252
19,7950927777992;0,860565425010947;0,67481979731096
19,7952316666881;0,833709702478274;0,688997673129165
19,795370555577;0,831464424344546;0,671700438176543
19,7955094444659;0,841971344604133;0,660702112809588
19,7956486111325;0,811466750366549;0,686716416889396
19,7957875000214;0,826935717924329;0,646144754643444
19,7959261111325;0,82474002594023;0,66668820735967
19,7960652777992;0,842679379016374;0,678644951588751
19,7962038889103;0,845074430859768;0,677906371672861
19,7963427777992;0,828002487896924;0,676592466941884
19,7964816666881;0,829106536781381;0,67536241631251
19,796620555577;0,841612537064975;0,674048446280125
19,7967594444659;0,83832243832245;0,654659304189863
19,7968983333548;0,826389849039771;0,655945957827328
19,7970372222436;0,807459035180671;0,675974134744081
19,7971763889103;0,817024175154813;0,659930714741677
19,7973150000214;0,830547375342945;0,655334233893029
19,7974538889103;0,81701189407508;0,679931548456295
19,7975925000214;0,844924658515566;0,685977834323239
19,7977313889103;0,807845450820025;0,671022063235085
19,7978702777992;0,828398528541783;0,64855654094697
19,7980091666881;0,813116642610623;0,652112144510056
19,798148055577;0,822868830351752;0,666748342512108
19,7982869444659;0,847292114860494;0,677231502669457
19,7984258333547;0,830247774432451;0,64745871554851
19,7985650000214;0,818861067999194;0,650382162384062
19,7987038889103;0,849291172192409;0,679612257425276
19,7988427777992;0,831897649230427;0,66915651089883
19,7989813889103;0,836055227222971;0,665817349657942
19,799120555577;0,839205350796561;0,655590361664224
19,7992591666881;0,819718810461296;0,661057708972663
19,7993983333547;0,818464984708669;0,683494070278186
19,7995369444659;0,853345840468336;0,676652545920206
19,7996758333547;0,814816072861646;0,673014436291567
19,7998147222436;0,823822995105729;0,661380487751018
19,7999536111325;0,845480148201034;0,656741589312475
19,8000927777992;0,812608022266801;0,672598657266008
19,8002313889103;0,829256313649552;0,647618383107613
19,800370555577;0,832246828928987;0,6646202947978
19,8005094444659;0,80760882497384;0,671341458734844
19,800648055577;0,831351819116207;0,659906939618395
19,8007869444659;0,836414023528135;0,668417963595061
19,8009261111325;0,805787193894787;0,675039680340092
19,8010650000214;0,814211027718017;0,663821496400487
19,8012038889103;0,840271948920901;0,677550761083751
19,8013425000214;0,832097056584757;0,691695007362853
19,8014813889103;0,837604813478606;0,662254987892908
19,8016208333548;0,848979277288578;0,654496227623895
19,8017594444659;0,837009400375734;0,674524393740114
19,801898055577;0,825435624197581;0,671121535552061
19,8020372222436;0,838659326863052;0,664560038202296
19,8021758333547;0,831292586639449;0,665850120772916
19,8023150000214;0,838868294606982;0,662311534725319
19,8024538889103;0,853882083373094;0,688286466378145
19,8025927777992;0,839962679714404;0,684009356878164
19,8027319444659;0,835942730296949;0,684883648046309
19,802870555577;0,832010203082774;0,68198411282961
19,8030094444659;0,822718993391931;0,663981196263677
19,8031483333547;0,817311624192911;0,670250665167202
19,8032869444659;0,828934746251093;0,664560038202296
19,8034261111325;0,820623525652138;0,639579818154687
19,8035650000214;0,832792671643801;0,650635136900235
19,8037038889103;0,819173006519208;0,657742418281799
19,803843055577;0,821427891887936;0,676489410543553
19,8039816666881;0,833488493455292;0,667486906120644
19,8041202777992;0,83294249568263;0,684368396705651
19,8042594444659;0,813266471171858;0,672219314673441
19,8043983333548;0,83661335133047;0,658354153016603
19,8045372222436;0,843621245247846;0,671920294100062
19,8046763889103;0,779686465900539;0,658453609332582
19,8048150000214;0,852590921785918;0,664975881836881
19,8049538889103;0,843771078008444;0,651732436271544
19,8050927777992;0,830584681137168;0,679476461324356
19,8052313889103;0,843621245247846;0,668577655307303
19,805370555577;0,834292769570084;0,665976984905626
19,8055094444659;0,819915723832992;0,670443221296466
19,8056483333547;0,844366447821926;0,663270020910375
19,8057872222436;0,849724471140945;0,636680442939166
19,8059261111325;0,812757842106123;0,663302990676925
19,8060652777992;0,822332595844728;0,660542433173248
19,8062041666881;0,826689449950209;0,67941289783451
19,8063427777992;0,838610082143532;0,657742418281799
19,8064816666881;0,839254696676591;0,650026567496383
19,806620555577;0,80684180224938;0,659771055335227
19,8067594444659;0,815152979566278;0,652823304168521
19,8068983333547;0,840518238537527;0,682432881557645
19,8070372222436;0,811058515549803;0,675937915129595
19,8071761111325;0,84657449001665;0,658766968338114
19,8073150000214;0,855890878120078;0,679313473516459
19,8074536111325;0,829094316760745;0,674108590559939
19,8075927777992;0,817719773412165;0,670443221296466
19,8077316666881;0,861956724900239;0,659089488740733
19,807870555577;0,814198866491722;0,655909757163954
19,8080094444659;0,825472929991804;0,65966826343768
19,8081483333548;0,857194049752707;0,660698891036873
19,8082875000214;0,824368954118825;0,665711265850575
19,8084261111325;0,837518020719557;0,690411162515659
19,8085652777992;0,859561575884442;0,658350987685651
19,8087038889103;0,83665059703651;0,682752365794641
19,8088427777992;0,824518816917248;0,6747170307722
19,8089813889103;0,813266471171858;0,649764236934175
19,809120555577;0,835868128475511;0,652687860643312
19,8092594444659;0,836800421075338;0,666802399913109
19,809398055577;0,810898945040094;0,664719729914566
19,8095369444659;0,815720742250733;0,66262489373085
19,8096758333547;0,827980581497059;0,68387660736704
19,8098147222436;0,822332595844728;0,672688623728135
19,8099536111325;0,823972819144558;0,673622941102451
19,8100925000214;0,814756870432831;0,650635136900235
19,8102316666881;0,848991648832737;0,637771502711303
19,810370555577;0,828548344181513;0,683361274522241
19,8105097222436;0,826318756701568;0,690983824161179
19,810648055577;0,852092014715709;0,679253197971377
19,8107869444659;0,851883081209365;0,658893669472008
19,8109258333547;0,847629003401124;0,670443221296466
19,8110650000214;0,802646876545396;0,679313473516459
19,8112038889103;0,837764297415617;0,675419440795736
19,8113427777992;0,8237736492257;0,651376841383808
19,8114813889103;0,806729339557137;0,678183296435577
19,811620555577;0,824668692633253;0,661338013112299
19,8117594444659;0,830235674258518;0,655068827306707
19,811898055577;0,840892922492884;0,67493715467026
19,8120372222436;0,807446905611613;0,657097161933052
19,8121758333547;0,82632868529339;0,657672926946816
19,8123150000214;0,832234667702664;0,680727027203375
19,8124538889103;0,841413272184013;0,672655597226253
19,8125927777992;0,837604813478606;0,665295325632485
19,8127316666881;0,809954557116868;0,677640614649277
19,8128702777992;0,832084804904241;0,670826163984259
19,8130091666881;0,839167964650073;0,666033840335672
19,813148055577;0,837196556049605;0,682595839413267
19,8132875000214;0,816566462386703;0,655746888045599
19,8134263889103;0,850570233262289;0,672911789290481
19,8135650000214;0,837046706169957;0,66012327087094
19,8137038889103;0,805587976496753;0,67638678889665
19,8138425000214;0,82227350382027;0,656325649094384
19,8139813889103;0,785194395298532;0,6693733879668
19,8141202777992;0,835856089350273;0,628804860295958
19,8142594444659;0,86791010931168;0,642566860482589
19,8143983333547;0,82799035832781;0,662432094935582
19,8145369444659;0,818115874146827;0,665650906099302
19,8146761111325;0,82799035832781;0,664939746440837
19,8148150000214;0,849874308100738;0,673586880782807
19,8149536111325;0,837405501110425;0,657639843719323
19,8150927777992;0,853383226614824;0,658155179211946
19,8152316666881;0,803230196509475;0,666127254347771
19,815370555577;0,814595078975202;0,668933247545851
19,8155094444659;0,849884084931489;0,677125289951704
19,8156483333548;0,830734531016788;0,665964651348702
19,8157872222436;0,84873299639321;0,671920294100062
19,8159258333547;0,821169549585619;0,675455548123722
19,8160650000214;0,82617875339821;0,664454556902115
19,8162038889103;0,82373626307924;0,674680942388619
19,8163425000214;0,82227350382027;0,657097161933052
19,8164816666881;0,860493971204335;0,671076402494037
19,816620555577;0,813104784350259;0,671594570268923
19,8167591666881;0,82413243293513;0,657636978858079
19,8168983333548;0,838497665229852;0,670500528877596
19,8170375000214;0,843771078008444;0,639477341374544
19,8171761111325;0,802672434121803;0,676549658015006
19,8173150000214;0,853742010324225;0,656485389100681
19,8174536111325;0,827781459053227;0,669053863897744
19,8175927777992;0,820113053202419;0,673807138108202
19,8177316666881;0,821169549585619;0,667058656542167
19,817870555577;0,817349080163524;0,682176709412062
19,8180094444659;0,815549140379176;0,673843105133187
19,8181483333547;0,825027474978356;0,67947020541564
19,8182872222436;0,822161041127998;0,686098169918267
19,8184261111325;0,837159220215028;0,658733913472219
19,8185652777992;0,824518816917248;0,66024107849816
19,8187038889103;0,82781894505149;0,671754354630195
19,8188427777992;0,861448084278891;0,656840965644136
19,8189819444659;0,844875071000502;0,670467445650161
19,819120555577;0,81735900875529;0,689244578940588
19,8192594444659;0,847629003401124;0,681658300266236
19,8193983333547;0,843968187491981;0,689347055720759
19,8195375000214;0,833884705938829;0,663302990676925
19,8196761111325;0,81770785411328;0,676606993056396
19,8198150000214;0,834243484086016;0,663007811068837
19,8199538889103;0,850033965168507;0,6772850420287
19,8200927777992;0,816008734867864;0,679150648760981
19,8202316666881;0,830535456044061;0,636162113457374
19,820370555577;0,830036678790918;0,685929351023447
19,8205094444659;0,813700031369819;0,669572338231603
19,8206483333548;0,8340464973964;0,670205477186755
19,8207872222436;0,848212483305247;0,675452495661631
19,8209263889103;0,802634927856445;0,669050942620828
19,8210652777992;0,821603295529314;0,656386017966753
19,8212036111325;0,844526018331635;0,657579474847068
19,8213425000214;0,816802966131831;0,667160916069662
19,8214816666881;0,82852661802599;0,67692947068295
19,821620555577;0,84049663251983;0,680947164144953
19,8217591666881;0,829677911870817;0,662751594864744
19,821898055577;0,844167230423949;0,666862928010943
19,8220369444659;0,847258499390875;0,671434797975508
19,8221758333547;0,801680927154422;0,673807138108202
19,8223150000214;0,829330855384541;0,653398996764565
19,8224536111325;0,854079289979722;0,658411403562297
19,8225925000214;0,812000877579948;0,678020619158929
19,8227316666881;0,826565119298863;0,686860763707898
19,8228702777992;0,826018966520735;0,654460064157519
19,8230094444659;0,821169549585619;0,677891087169826
19,823148055577;0,835893565589743;0,682586777415111
19,8232869444659;0,822819605258644;0,66364167400107
19,8234261111325;0,805388933564814;0,687792262721644
19,8235650000214;0,834034607487013;0,677505259229605
19,8237036111325;0,829790311673776;0,674000179442658
19,8238425000214;0,82046186401891;0,648251241419928
19,8239819444659;0,814047404649642;0,644453825190396
19,8241202777992;0,834838767342774;0,652525227712715
19,8242594444659;0,848362397767687;0,658791529409342
19,8243983333548;0,821415882155236;0,672688623728135
19,8245369444659;0,836589783912018;0,644070924745051
19,8246761111325;0,833884705938829;0,686962999703127
19,8248147222436;0,841996820869724;0,655867785032058
19,8249536111325;0,83318878077722;0,655611532625926
19,8250927777992;0,834044536078807;0,6650332168783
19,8252316666881;0,805587976496753;0,671459302939411
19,825370555577;0,847617264946933;0,674928852935807
19,8255094444659;0,832780781734357;0,677089238752274
19,8256483333547;0,830186610686098;0,648507489904631
19,8257869444659;0,840110262099302;0,655746888045599
19,8259261111325;0,833498330998168;0,637865180469845
19,8260650000214;0,863606728905523;0,644809376927299
19,8262038889103;0,843571940135689;0,685769570885896
19,8263427777992;0,831826797820014;0,664617204244735
19,8264816666881;0,826864986962647;0,676797085897192
19,8266202777992;0,837892532879721;0,654773775615894
19,8267591666881;0,802634927856445;0,673680502134147
19,8268983333547;0,830535456044061;0,686800263661809
19,8270369444659;0,837881275775317;0,670205477186755
19,8271758333547;0,826168855153355;0,648887720108348
19,8273147222436;0,831290504543517;0,667956929283605
19,8274538889103;0,825214845411381;0,670398558932106
19,8275927777992;0,843958319596851;0,649438956647998
19,8277316666881;0,851833957259771;0,659885526761286
19,827870555577;0,831848283720547;0,664617204244735
19,8280094444659;0,815708883990311;0,665708382654714
19,8281483333548;0,838797524500563;0,672330228246693
19,8282872222436;0,819915723832992;0,673424233440159
19,8284263889103;0,837543698747936;0,653296882040706
19,8285650000214;0,855541963670134;0,686665040371707
19,8287038889103;0,822111997177046;0,678406460740206
19,8288427777992;0,853891890561215;0,669765015709771
19,8289816666881;0,846154613926217;0,664735611047746
19,829120555577;0,83019828811203;0,671842682882129
19,8292597222436;0,825386258687757;0,668475129637471
19,8293983333547;0,82632868529339;0,67197748760691
19,8295369444659;0,826677530651352;0,655093444480343
19,8296761111325;0,823574653758101;0,66811675376357
19,8298147222436;0,82766903058905;0,654966857361217
19,8299538889103;0,821603295529314;0,675672780069021
19,830093055577;0,817112628725312;0,659502626315913
19,8302316666881;0,831440436438726;0,651946608153253
19,830370555577;0,837742631331508;0,682484830993701
19,8305094444659;0,802077251991449;0,664515113049049
19,8306483333547;0,821008120427621;0,681688512516445
19,8307875000214;0,787203226285556;0,675860513258613
19,8309261111325;0,825932386281039;0,684157388866453
19,8310650000214;0,834093599651226;0,661911013408996
19,8312038889103;0,807934121358812;0,680492585626354
19,8313427777992;0,843100732159883;0,676411237748255
19,8314819444659;0,832630880186173;0,668472302853957
19,831620555577;0,820113053202419;0,664674961654953
19,8317594444659;0,813083478587515;0,656799262263632
19,8318986111325;0,825461220922023;0,645903390264522
19,8320375000214;0,826131429213007;0,664099003890868
19,8321761111325;0,842468007536212;0,650695552776881
19,8323150000214;0,801680927154422;0,672230963834522
19,8324538889103;0,807189003136813;0,667761205947386
19,8325927777992;0,829431540556953;0,68207142563071
19,8327316666881;0,841042862780881;0,675284386346164
19,832870555577;0,848721167520523;0,678982442930874
19,8330094444659;0,815537612118419;0,671459302939411
19,833148055577;0,839242806767174;0,672936615708579
19,8332869444659;0,8426554498933;0,671043234196816
19,8334258333547;0,812783559279211;0,645327577281165
19,8335647222436;0,817658911280034;0,653616583473763
19,8337038889103;0,826516256444108;0,633615883124378
19,8338425000214;0,834580837748092;0,682068673585945
19,8339813889103;0,81735900875529;0,661395629049423
19,8341202777992;0,82064936326384;0,683198582832176
19,8342594444659;0,832630880186173;0,65878900293842
19,8343983333547;0,819395537511184;0,677282158832895
19,8345372222436;0,812537170856444;0,646157049631171
19,8346758333547;0,837752529576363;0,665931483051452
19,8348150000214;0,81735900875529;0,663164839161595
19,8349538889103;0,823912156803999;0,665573247431865
19,8350927777992;0,833090612850896;0,677891087169826
19,8352316666881;0,832544330296201;0,678048366853943
19,835370555577;0,825761114409147;0,674829657639918
19,8355094444659;0,836081064834673;0,672333055030151
19,835648055577;0,830015433063977;0,674578778796359
19,8357869444659;0,810189479256906;0,660976896929299
19,8359261111325;0,832233189396504;0,675700608274838
19,8360650000214;0,816046331195821;0,675347552792118
19,8362036111325;0,807634262088129;0,646479311838107
19,8363425000214;0,845409498536497;0,681393460825689
19,8364813889103;0,837147391342398;0,662291400113588
19,836620555577;0,817895310424603;0,659400873490625
19,8367591666881;0,83604348876878;0,663164839161595
19,8368983333547;0,795502878479567;0,660494806317075
19,8370369444659;0,834988643058779;0,668728583611596
19,8371758333547;0,837693647751081;0,654966857361217
19,8373147222436;0,816753861805182;0,678210748193209
19,8374538889103;0,830894231358059;0,656603570893822
19,8375925000214;0,812933512478367;0,68081484783329
19,8377316666881;0,844005723780725;0,682068673585945
19,8378702777992;0,798406940673459;0,677535535432952
19,8380091666881;0,804285026794531;0,68207142563071
19,8381483333547;0,836948538243632;0,664512624635961
19,8382872222436;0,843400573998167;0,661172577511877
19,8384258333547;0,823215886838;0,650692782400625
19,8385650000214;0,835931111635517;0,653897910170798
19,8387038889103;0,833337031613212;0,662164878114453
19,8388427777992;0,810189479256906;0,658469245424044
19,8389816666881;0,828723971213037;0,667849930380868
19,8391208333548;0,823365822929674;0,681170393003129
19,8392591666881;0,819320455179906;0,651844927688927
19,8393983333548;0,822261946180191;0,665190359651945
19,8395372222436;0,794757777686073;0,659367535120793
19,8396761111325;0,830374181836817;0,681330237688826
19,8398150000214;0,811850958597631;0,664515113049049
19,8399536111325;0,844900788173618;0,668370550028669
19,8400925000214;0,817199178615311;0,662070862014843
19,8402316666881;0,840705509118862;0,65731465211914
19,840370555577;0,837902461471515;0,673484789587093
19,8405094444659;0,793295189528124;0,660817036262216
19,8406483333547;0,830186610686098;0,674413444152407
19,8407872222436;0,795256468431205;0,677210787146066
19,8409261111325;0,800973383956546;0,665989436800373
19,8410650000214;0,817734293765056;0,654355011229427
19,8412038889103;0,832989658333389;0,669464482855119
19,8413427777992;0,84912912296943;0,669108953363946
19,8414816666881;0,85257909291326;0,6505911019363
19,8416202777992;0,834034607487013;0,670043021602226
19,8417594444659;0,832073186242837;0,678109091244778
19,8418983333547;0,809434344249411;0,660875384679514
19,8420372222436;0,834580837748092;0,676022805960912
19,8421758333547;0,828327637983335;0,652167093118805
19,8423150000214;0,806879228189786;0,672225557999866
19,8424538889103;0,86791010931168;0,667022764554304
19,8425927777992;0,788295752653283;0,671327260464778
19,8427316666881;0,823167064723634;0,673870691785538
19,8428708333548;0,836488805578881;0,669111479834868
19,8430094444659;0,815350112873546;0,640847386931256
19,8431483333548;0,822074460888331;0,654713266452745
19,8432872222436;0,825262430691453;0,665410924816172
19,8434263889103;0,824866045820301;0,674766604546136
19,8435652777992;0,823414866880626;0,690522965764444
19,8437041666881;0,845210787770753;0,667116724276042
19,8438427777992;0,824308593307961;0,69605085803434
19,8439816666881;0,841610454969043;0,671299486602948
19,8441208333548;0,826478630100382;0,65805308801626
19,8442594444659;0,812708536993966;0,679398640741368
19,8443983333548;0,819904256588529;0,664895499753698
19,8445372222436;0,80101104031354;0,668593536440483
19,8446761111325;0,836242468811406;0,656439041705397
19,8448150000214;0,817895310424603;0,662426403264504
19,8449538889103;0,836798580525908;0,648146919336369
19,8450927777992;0,837752529576363;0,657154807433415
19,8452316666881;0,837742631331508;0,659045347918209
19,845370555577;0,837147391342398;0,669654853400772
19,8455091666881;0,831676870444227;0,691675085727155
19,845648055577;0,834789663016124;0,66945926867831
19,8457869444659;0,794897711267424;0,665829560153611
19,8459261111325;0,820970554118048;0,674827413025923
19,8460647222436;0,838052406278535;0,660875384679514
19,8462038889103;0,82722374832241;0,646215539414669
19,8463425000214;0,832930696196854;0,66364167400107
19,8464816666881;0,832233189396504;0,670720853403679
19,846620555577;0,831081673715119;0,634903047246837
19,8467594444659;0,816008734867864;0,654253426633375
19,846898055577;0,839564134505963;0,66984736219311
19,8470372222436;0,830572972067358;0,66749959939375
19,8471758333547;0,814047404649642;0,656857526273456
19,8473147222436;0,81365102816963;0,664672529619708
19,8474536111325;0,826168855153355;0,680713190884887
19,8475925000214;0,812226071913699;0,661393102578529
19,8477316666881;0,835694712490977;0,641070308240018
19,8478702777992;0,82852661802599;0,701036038342551
19,8480091666881;0,813800985887326;0,680875469185196
19,848148055577;0,843051808944836;0,674766604546136
19,8482869444659;0,841042862780881;0,6490809230651
19,8484261111325;0,816753861805182;0,679398640741368
19,8485647222436;0,82927034381521;0,661748632069703
19,8487038889103;0,841750458272429;0,622075445316057
19,8488427777992;0,838251306829534;0,673218078645732
19,8489816666881;0,814980176386626;0,654991811047182
19,8491202777992;0,81735900875529;0,665667281853302
19,8492594444659;0,80947198034778;0,670718308607775
19,8493983333547;0,840088956336501;0,683799334178019
19,8495372222436;0,848163560090171;0,648786159025434
19,8496761111325;0,827770082196707;0,65863170100863
19,8498147222436;0,848522314421757;0,6505911019363
19,8499538889103;0,834440886738378;0,654192674210464
19,8500927777992;0,826007528653122;0,654991811047182
19,8502313889103;0,85679578942279;0,670393240459362
19,8503702777992;0,823811105196313;0,69562727099725
19,8505094444659;0,811979631853035;0,652522626529162
19,8506486111325;0,851871523569343;0,681611496256949
19,8507869444659;0,835684723212722;0,671867804758278
19,8509261111325;0,835931111635517;0,639915629856887
19,8510650000214;0,845458482116953;0,647174760836549
19,8512038889103;0,845050741372717;0,674311955413657
19,8513427777992;0,826157507671297;0,665190359651945
19,8514813889103;0,847118530951434;0,66872089789365
19,851620555577;0,804123882338331;0,670967506444299
19,8517594444659;0,808180518496783;0,663258798883362
19,8518986111325;0,84561831225696;0,685053159930646
19,8520372222436;0,820970554118048;0,686045680576541
19,8521761111325;0,854288137917507;0,666405674404842
19,8523147222436;0,820450667915225;0,638083346141286
19,8524538889103;0,828686404903465;0,664893255139702
19,8525927777992;0,816046331195821;0,667276629259788
19,8527316666881;0,84254308986749;0,666916014650326
19,852870555577;0,8029838768567;0,656441248278099
19,8530094444659;0,823811105196313;0,660494806317075
19,8531483333547;0,832174457637564;0,665311761472708
19,8532869444659;0,827062706492228;0,653674988862065
19,8534258333547;0,838448782758576;0,658689823619397
19,8535650000214;0,800963394678263;0,681967016637515
19,8537036111325;0,855928334090663;0,669299335664959
19,853843055577;0,814980176386626;0,646215539414669
19,8539816666881;0,818950393389684;0,658849736439919
19,854120555577;0,804472555017639;0,643834344811182
19,8542594444659;0,848222411897041;0,679040848319204
19,8543983333547;0,827261354405721;0,672776734840909
19,8545372222436;0,808180518496783;0,669299335664959
19,8546761111325;0,843100732159883;0,658271285039433
19,8548150000214;0,814942480265927;0,678624529938872
19,8549538889103;0,839392721229643;0,643255933791124
19,855093055577;0,811084554873247;0,650973972833953
19,8552316666881;0,833685773355199;0,661748632069703
19,8553708333548;0,831515698877325;0,683639445472068
19,8555094444659;0,835137294829792;0,668365387993106
19,8556483333548;0,821962061085372;0,654413359646696
19,8557872222436;0,821763255435116;0,658111352026083
19,8559263889103;0,816234002139254;0,670391090239946
19,8560652777992;0,831478032766654;0,65739826312722
19,8562038889103;0,805538852547159;0,670773940043034
19,8563427777992;0,825053673844536;0,645121678917633
19,8564816666881;0,853013006402136;0,666565587225364
19,8566208333548;0,843806965574686;0,676276807529206
19,8567594444659;0,821216934148026;0,672641819718876
19,8568986111325;0,833139555684141;0,666022803507133
19,8570369444659;0,854824422800533;0,680551075409852
19,8571758333547;0,843646962420962;0,676276807529206
19,8573147222436;0,831686829380544;0,672961681526232
19,8574538889103;0,836777454855451;0,66180720624115
19,8575927777992;0,855370691798242;0,659941461114641
19,8577316666881;0,828932784933471;0,65003790921935
19,8578702777992;0,8336370115926;0,651327290560033
19,8580091666881;0,82561116121002;0,673157261057668
19,858148055577;0,818066629427335;0,671190346406206
19,8582869444659;0,839564134505963;0,664733310072222
19,8584258333547;0,840485375415426;0,660296967098134
19,8585650000214;0,828375264003796;0,665248765040218
19,8587036111325;0,826553952564723;0,685309508829164
19,8588427777992;0,824357335457393;0,653159533894097
19,8589813889103;0,835497309838672;0,665631623280063
19,859120555577;0,804821320070971;0,678106941025362
19,8592594444659;0,823799848091909;0,661611685397531
19,8593983333548;0,835485932982181;0,659203106601041
19,8595369444659;0,812397202416975;0,670588857129502
19,8596758333547;0,815462529787226;0,656695455095786
19,8598150000214;0,847268488669158;0,680517595380536
19,8599536111325;0,835485932982181;0,651649326993294
19,8600925000214;0,837902461471515;0,659104033892248
19,8602313889103;0,824657254765668;0,655187422525472
19,8603702777992;0,821415882155236;0,666951617173055
19,8605094444659;0,832790710326179;0,675599289520079
19,860648055577;0,812188405803084;0,656245636799838
19,8607872222436;0,844863242127815;0,659266046382072
19,8609261111325;0,841910331671272;0,680357670504321
19,8610650000214;0,83347696519462;0,670612016125773
19,8612036111325;0,862850160867509;0,678489790828507
19,8613425000214;0,794152604592142;0,661035329746966
19,8614813889103;0,809064691416324;0,662901066738186
19,861620555577;0,855917076986259;0,639017325758147
19,8617591666881;0,814942480265927;0,65258111631266
19,861898055577;0,838835130583902;0,672065669293943
19,8620372222436;0,832223139441936;0,660875384679514
19,8621761111325;0,808689234741962;0,671165056383842
19,8623147222436;0,846872138009587;0,666949579645575
19,8624536111325;0,840806463636312;0,650199921709174
19,8625927777992;0,819149136177231;0,66993652065355
19,8627313889103;0,851871523569343;0,669520114290407
19,862870555577;0,832544330296201;0,680294674071831
19,8630091666881;0,825016007733865;0,66659610462824
19,8631483333548;0,829827847962463;0,648784083466722
19,8632872222436;0,825932386281039;0,694693395640058
19,8634261111325;0,815837557245771;0,657431884754146
19,8635647222436;0,831119279798457;0,666213246388395
19,8637038889103;0,847268488669158;0,670071171781103
19,8638427777992;0,824169879146098;0,661611685397531
19,8639816666881;0,839789037028254;0,655728031011449
19,8641202777992;0,837940057799472;0,68167029402062
19,8642594444659;0,81820531002171;0,691352995281989
19,8643983333547;0,832185563376072;0,665311761472708
19,8645372222436;0,827657773484589;0,661451704174283
19,8646761111325;0,831440436438726;0,681804901162508
19,8648150000214;0,822867110560196;0,663479484319623
19,8649538889103;0,845757302669654;0,672639687813188
19,8650927777992;0,830732931973159;0,679583655543752
19,8652316666881;0,851684038277426;0,650454355948852
19,865370555577;0,838685164474725;0,658626798857512
19,8655094444659;0,853184231147225;0,664246439227782
19,865648055577;0,815451213938189;0,644705312324021
19,8657872222436;0,823167064723634;0,677949182342502
19,8659261111325;0,839938990227409;0,689903605969249
19,8660650000214;0,840495516365138;0,676855265492151
19,8662038889103;0,828365214049256;0,655568069974066
19,8663427777992;0,839193883552127;0,671741364127399
19,8664816666881;0,827770082196707;0,663834998137673
19,8666208333548;0,820820635135703;0,645342604803488
19,8667594444659;0,827978861705532;0,656281351433165
19,8668983333548;0,843014212616879;0,678464612898665
19,8670372222436;0,812338380625874;0,666951617173055
19,8671761111325;0,83132807085309;0,658687635361986
19,8673150000214;0,812697130762217;0,665083818250935
19,8674538889103;0,860482442943606;0,651905708141442
19,8675927777992;0,826875006580423;0,668266288537779
19,8677319444659;0,828932784933471;0,663799386507321
19,867870555577;0,793246669121515;0,664923837027771
19,8680097222436;0,845447134634867;0,65518521595277
19,8681483333547;0,848967538834387;0,690259114596785
19,8682875000214;0,821008120427621;0,673378039683143
19,8684261111325;0,806642759317469;0,680357670504321
19,8685650000214;0,839938990227409;0,659425995366803
19,8687038889103;0,814026399015233;0,645121678917633
19,868843055577;0,832062200226147;0,65666194674202
19,8689816666881;0,830411877957459;0,673794446046259
19,8691202777992;0,846872138009587;0,675405844235172
19,8692591666881;0,81530123040227;0,678685338418632
19,8693983333547;0,849872588309211;0,676142112412066
19,8695369444659;0,833165995335889;0,671903435305069
19,8696761111325;0,798915683058141;0,661291735002067
19,8698147222436;0,830015433063977;0,661451704174283
19,8699536111325;0,831129360087317;0,66067982111943
19,8700927777992;0,84631461707994;0,659941461114641
19,8702313889103;0,803031201041904;0,674766604546136
19,8703702777992;0,825932386281039;0,674825431837007
19,8705091666881;0,82450728865652;0,65190367061399
19,870648055577;0,820847156043243;0,659619521399406
19,8707869444659;0,828873933126602;0,661256188519957
19,8709258333548;0,816791437871103;0,66800987936557
19,8710650000214;0,851672812803542;0,666756053612943
19,8712038889103;0,830423044691599;0,652997507009729
19,8713427777992;0,843410563276421;0,657213044009268
19,8714816666881;0,835544754773281;0,666373199591646
19,871620555577;0,837902461471515;0,667492418202414
19,8717597222436;0,832919529462714;0,678269012203032
19,8718983333547;0,851475190339642;0,684629886622332
19,8720372222436;0,816592742522516;0,674311955413657
19,8721761111325;0,825969922569783;0,678007868316541
19,8723147222436;0,812376076746517;0,67540376867646
19,8724538889103;0,838845210872762;0,658360950577105
19,8725925000214;0,829977796965665;0,656304434563538
19,8727316666881;0,832223139441936;0,660517852917849
19,872870555577;0,810339462792854;0,680033631117226
19,8730094444659;0,809633229378051;0,655246108499568
19,8731483333547;0,836648635718916;0,675540715348632
19,8732872222436;0,835893565589743;0,67398809317433
19,8734261111325;0,834939599107827;0,667271519360781
19,8735647222436;0,812933512478367;0,66257616674568
19,8737038889103;0,829977796965665;0,656499934252139
19,8738425000214;0,823403429013041;0,674311955413657
19,8739816666881;0,814385131010454;0,654989679141494
19,874120555577;0,845398573505094;0,654989679141494
19,8742594444659;0,843201783767597;0,673893513565815
19,8743983333548;0,801348840630851;0,66257616674568
19,8745369444659;0,831686829380544;0,676276807529206
19,8746763889103;0,825450144550473;0,65080984626735
19,8748147222436;0,807993033204895;0,675599289520079
19,8749536111325;0,830025543684457;0,670553161417587
19,8750927777992;0,822063235414447;0,644926158074043
19,8752313889103;0,820799329372932;0,67255067310748
19,8753702777992;0,820412981547634;0,646215539414669
19,8755097222436;0,839145242477684;0,674149942923862
19,8756483333548;0,813254703332632;0,671705836556725
19,8757872222436;0,804113802049415;0,674825431837007
19,8759261111325;0,837023920728626;0,661773697887355
19,8760650000214;0,82250835622861;0,653058455588933
19,8762038889103;0,8178577643788;0,657179648968281
19,8763427777992;0,837929223110081;0,649165095766051
19,8764819444659;0,841251688048942;0,679840064715933
19,8766202777992;0,824357335457393;0,694855408129882
19,8767594444659;0,839343858374889;0,656083535721905
19,8768983333547;0,846014662916502;0,663474495620761
19,8770372222436;0,82927034381521;0,636055554244763
19,8771761111325;0,85036028529754;0,646274619758884
19,8773147222436;0,817000246031682;0,65691638098167
19,8774538889103;0,820263010920115;0,652063672019978
19,8775927777992;0,831628007589444;0,655347331427777
19,8777319444659;0,842156737523794;0,670967506444299
19,877870555577;0,819866660260573;0,647629330422888
19,8780094444659;0,85000155330232;0,663479484319623
19,8781483333548;0,844702045386043;0,672122307382665
19,8782875000214;0,822309692899012;0,663670011275144
19,8784263889103;0,823007061569911;0,665340259658706
19,8785650000214;0,838101409478753;0,669002701327145
19,8787038889103;0,808121706460327;0,668560956743761
19,878843055577;0,835882369486114;0,66993652065355
19,8789816666881;0,823799848091909;0,67286062671991
19,879120555577;0,848918716719993;0,646436425234413
19,8792594444659;0,832174457637564;0,649200530196197
19,8793983333548;0,833535837263497;0,681033044856463
19,8795372222436;0,855879410875644;0,67019764495501
19,8796761111325;0,837382656917754;0,676081238778579
19,8798150000214;0,83717395137154;0,673376133135292
19,8799538889103;0,822299582278561;0,634124318943861
19,8800927777992;0,815092467996976;0,679101712845977
19,8802316666881;0,832431947602572;0,679322651752699
19,8803708333547;0,822299582278561;0,668781762420451
19,8805094444659;0,826467675706084;0,672799669036408
19,8806483333547;0,847118530951434;0,65890853420359
19,8807872222436;0,824270906940342;0,675243787453269
19,8809261111325;0,832185563376072;0,654091355455705
19,8810650000214;0,823167064723634;0,668104364620518
19,8812038889103;0,840485375415426;0,673376133135292
19,8813425000214;0,829977796965665;0,661482334266026
19,8814813889103;0,836032383030272;0,663799386507321
19,8816202777992;0,833873358456714;0,667271519360781
19,8817594444659;0,814385131010454;0,680033631117226
19,881898055577;0,832373105551085;0,682406851384883
19,8820369444659;0,839778051011592;0,634862649056288
19,8821761111325;0,848163560090171;0,660548531204512
19,8823150000214;0,823713540906823;0,673218078645732
19,8824536111325;0,82064936326384;0,639457116152812
19,8825925000214;0,837881275775317;0,665304797219193
19,8827316666881;0,819904256588529;0,677589544931124
19,8828702777992;0,852466698671037;0,663251655658854
19,8830094444659;0,820450667915225;0,681609364351232
19,8831483333548;0,831686829380544;0,653931390200142
19,8832872222436;0,829479106220532;0,675820215405963
19,8834261111325;0,840806463636312;0,651609162075061
19,8835650000214;0,843051808944836;0,678906197191623
19,8837036111325;0,820102098808093;0,649682412341804
19,8838425000214;0,838636482670381;0,67286062671991
19,8839819444659;0,831290504543517;0,62913895962555
19,884120555577;0,825921160807184;0,654312281341561
19,8842594444659;0,81387636837232;0,662957179045009
19,884398055577;0,819149136177231;0,659619521399406
19,8845372222436;0,843796915620146;0,669103756133495
19,8846761111325;0,821592219157765;0,678329829791124
19,8848150000214;0,827271434694637;0,680871017972095
19,8849541666881;0,840447709304755;0,678007868316541
19,8850925000214;0,845050741372717;0,646436425234413
19,8852316666881;0,848051234274976;0,669520114290407
19,885370555577;0,863841684618649;0,635760981847284
19,8855094444659;0,831440436438726;0,685528219413357
19,885648055577;0,821554493029737;0,661064043108723
19,8857872222436;0,827421444044376;0,654116813580316
19,8859261111325;0,81383864224432;0,672700617482576
19,8860650000214;0,835844683118523;0,667109581051591
19,8862038889103;0,827411333423925;0,665695753892948
19,8863425000214;0,808679245463708;0,679261694069197
19,8864813889103;0,818441656885852;0,649938857665546
19,8866202777992;0,837682722719649;0,659264027165193
19,8867594444659;0,828873933126602;0,654564122902343
19,886898055577;0,827261354405721;0,662220669868134
19,8870372222436;0,835544754773281;0,670868481630038
19,8871761111325;0,809621972273646;0,663117224421285
19,8873150000214;0,82061178719789;0,650614373318263
19,8874541666881;0,816255127809654;0,666238592449758
19,8875927777992;0,844702045386043;0,638203290400156
19,8877313889103;0,838277746481282;0,66472832137336
19,887870555577;0,817300156948448;0,683856112976883
19,8880097222436;0,814904853922229;0,670868481630038
19,8881483333547;0,826516256444108;0,666434092138417
19,8882872222436;0,784437827260547;0,671445054149046
19,8884261111325;0,820300667277138;0,660904017607606
19,8885652777992;0,838598766294496;0,67070676469109
19,8887038889103;0,840447709304755;0,666655071106618
19,8888427777992;0,820300667277138;0,678746212052147
19,8889816666881;0,818612834507945;0,648845041150196
19,889120555577;0,819545503620304;0,649876059469847
19,8892594444659;0,833883469077193;0,660965050217186
19,8893983333547;0,819866660260573;0,668203405398202
19,8895372222436;0,806819319577926;0,663061031993777
19,8896761111325;0,827770082196707;0,664761943000315
19,8898150000214;0,82966680613228;0,655244296296985
19,8899538889103;0,848062581757034;0,666655071106618
19,8900927777992;0,824828479510728;0,670773940043034
19,8902319444659;0,826553952564723;0,658525697052767
19,890370555577;0,806085135101881;0,663314510481285
19,8905094444659;0,813329905740488;0,648266751229073
19,8906483333548;0,821345753284561;0,661647240985559
19,8907875000214;0,84356053390394;0,68421159546503
19,8909261111325;0,835882369486114;0,668266288537779
19,8910650000214;0,815280224767832;0,64148467941078
19,8912038889103;0,815537612118419;0,666916014650326
19,8913427777992;0,818838101779306;0,668779893894168
19,8914816666881;0,846164633543992;0,674827413025923
19,891620555577;0,81365102816963;0,662931664895979
19,8917594444659;0,81350108336261;0,661064043108723
19,8918983333547;0,842703136265499;0,648071315389672
19,8920375000214;0,809273379865061;0,660388513835102
19,8921761111325;0,831986757725787;0,677074041158619
19,8923150000214;0,824308593307961;0,663634492809678
19,8924541666881;0,810377179168711;0,680000037804803
19,8925927777992;0,845805883407678;0,672639687813188
19,8927316666881;0,836231030943821;0,654312281341561
19,892870555577;0,823204781099491;0,670035588173107
19,8930094444659;0,814235104561448;0,665857736487851
19,893148055577;0,831129360087317;0,64457066119644
19,8932872222436;0,814604977220057;0,680254677180812
19,8934258333547;0,817734293765056;0,657654708450963
19,8935650000214;0,838240020353254;0,670612016125773
19,8937038889103;0,81820531002171;0,666493368553404
19,8938427777992;0,825808880739544;0,662957179045009
19,8939816666881;0,830336555493119;0,647530257714095
19,894120555577;0,822808318782364;0,671800528808006
19,8942591666881;0,833723379438567;0,659259299028577
19,8943983333548;0,823912156803999;0,677490536078949
19,8945372222436;0,841439230223983;0,642223006880101
19,8946758333547;0,836081064834673;0,658556391603469
19,8948150000214;0,819395537511184;0,660904017607606
19,8949538889103;0,807821761333003;0,677589544931124
19,8950925000214;0,846759772423979;0,654152276019857
19,8952313889103;0,815837557245771;0,668459854939016
19,895370555577;0,808726891098956;0,666398601687064
19,8955091666881;0,815708883990311;0,666078595260842
19,895648055577;0,808330480410348;0,649301608501389
19,8957869444659;0,814792505443165;0,667467072140994
19,8959261111325;0,838101409478753;0,664246439227782
19,8960650000214;0,813329905740488;0,66556127868509
19,8962036111325;0,817905330042379;0,65003790921935
19,8963427777992;0,814546095394775;0,658010201412594
19,8964813889103;0,827411333423925;0,67508189342584
19,896620555577;0,827261354405721;0,688784563324191
19,8967591666881;0,832174457637564;0,660193046073829
19,8968986111325;0,827807778317379;0,657845427899673
19,8970372222436;0,81735900875529;0,661863398668629
19,8971761111325;0,832978281476898;0,660904017607606
19,8973150000214;0,828686404903465;0,659424032486925
19,8974538889103;0,810489459236294;0,67357160608438
19,8975927777992;0,848051234274976;0,660553380488523
19,8977319444659;0,792700115509916;0,671766822251982
19,897870555577;0,829232687458187;0,667109581051591
19,8980091666881;0,836032383030272;0,649877927996158
19,8981483333548;0,798010529984822;0,670612016125773
19,8982872222436;0,804263781067618;0,672124213930488
19,8984261111325;0,835844683118523;0,653378502374437
19,8985650000214;0,800775981304241;0,667908896859274
19,8987036111325;0,841202865934576;0,659779522805422
19,8988425000214;0,847418459296648;0,673155167186678
19,8989816666881;0,852230282096798;0,65945473486795
19,899120555577;0,841401624140644;0,659650191854979
19,8992594444659;0,844664389029049;0,657591910255292
19,899398055577;0,783173981890116;0,660965050217186
19,8995372222436;0,815350112873546;0,657071774407598
19,8996761111325;0,839391725771691;0,676175705724461
19,8998147222436;0,836231030943821;0,685944698070244
19,8999538889103;0,829082729740492;0,665083818250935
19,9000927777992;0,838985109602078;0,639557977570632
19,9002316666881;0,797710619068113;0,655244296296985
19,900370555577;0,812397202416975;0,639617169659118
19,9005094444659;0,841352862378017;0,655406101772485
19,9006483333547;0,82490368191867;0,669002701327145
19,9007872222436;0,828204274833439;0,652446509170801
19,9009258333547;0,823424734775784;0,645860033431205
19,9010647222436;0,827111388296629;0,656178059001547
19,9012038889103;0,825450144550473;0,664601929546336
19,9013425000214;0,799002050904107;0,658010201412594
19,9014816666881;0,823799848091909;0,658109258155093
19,901620555577;0,81644274188443;0,668619868393023
19,9017591666881;0,816083997306464;0,66566218889767
19,9018986111325;0,801369786254782;0,668262738729624
19,9020372222436;0,80722662948051;0,641644696780219
19,9021761111325;0,811293334382071;0,664084678022562
19,9023150000214;0,824668692633253;0,668104364620518
19,9024541666881;0,816801487825643;0,674149942923862
19,9025927777992;0,846363439194306;0,667527936667824
19,9027319444659;0,80851815135378;0,653218472958343
19,9028708333548;0,837543698747936;0,631936706393731
19,9030094444659;0,794597817780271;0,681447470323803
19,9031483333547;0,829629089756423;0,673115471178448
19,9032872222436;0,82065941321838;0,682764122584331
19,9034261111325;0,828375264003796;0,648845041150196
19,9035650000214;0,806830244609358;0,644568867298148
19,9037038889103;0,811679686725739;0,675624747644719
19,9038427777992;0,815151259774751;0,677650577540703
19,9039816666881;0,830524169567809;0,656911704943894
19,904120555577;0,849305060027604;0,661320528790498
19,9042594444659;0,835694712490977;0,648266751229073
19,9043986111325;0,807773079528658;0,663508117247659
19,9045372222436;0,829061604070034;0,668842692089839
19,9046761111325;0,825621180827795;0,662378929476176
19,9048147222436;0,836289872995309;0,641127509096322
19,9049538889103;0,840855406469586;0,669196429167926
19,9050925000214;0,830732931973159;0,649777066578309
19,9052316666881;0,801161040951655;0,665304797219193
19,905370555577;0,842135671873962;0,667172435874022
19,9055094444659;0,835127184209341;0,660546887944207
19,905648055577;0,800614629624931;0,645180843598268
19,9057869444659;0,844852046024158;0,663251655658854
19,9059258333547;0,82490368191867;0,662797145713938
19,9060647222436;0,789249650060668;0,658556391603469
19,9062036111325;0,823354807548498;0,660388513835102
19,9063425000214;0,82190318901641;0,67398809317433
19,9064813889103;0,820113053202419;0,680033631117226
19,906620555577;0,84631461707994;0,65904314134545
19,9067591666881;0,834740840901759;0,665916759900767
19,9068983333548;0,826119871572928;0,647911270013424
19,9070372222436;0,839392721229643;0,665340259658706
19,9071761111325;0,822846044910392;0,676555330932018
19,9073147222436;0,828723971213037;0,676752230361359
19,9074538889103;0,795294104529546;0,658330224103707
19,9075927777992;0,831686829380544;0,671385862060561
19,9077316666881;0,815338916769917;0,654181311046216
19,9078702777992;0,827657773484589;0,677846018567038
19,9080091666881;0,818999195889234;0,668680901002631
19,9081483333547;0,814595078975202;0,677074041158619
19,9082872222436;0,813629902499144;0,662896165340356
19,9084261111325;0,80631054822976;0,671766822251982
19,9085647222436;0,83348701514916;0,647911270013424
19,9087038889103;0,826167618291748;0,668485481122048
19,9088425000214;0,822658331051372;0,657591910255292
19,9089816666881;0,830224207014055;0,673020648004609
19,909120555577;0,833535837263497;0,663890950181809
19,9092594444659;0,809434344249411;0,67568430439303
19,909398055577;0,826715046674678;0,655982602014518
19,9095372222436;0,838685164474725;0,674631865435771
19,9096758333547;0,813479897666383;0,627944437692605
19,9098147222436;0,844305634697434;0,635956481535942
19,9099538889103;0,813093558876403;0,6710895807621
19,9100927777992;0,835127184209341;0,670130167781622
19,9102313889103;0,824270906940342;0,659650191854979
19,910370555577;0,839392721229643;0,667527936667824
19,9105094444659;0,84576825706398;0,641804726196284
19,9106483333548;0,821962061085372;0,65035371136139
19,9107872222436;0,83402335038258;0,653733984862583
19,9109261111325;0,833327011995436;0,663828180295781
19,9110647222436;0,823167064723634;0,645121678917633
19,9112038889103;0,862303839580477;0,638718818565451
19,911343055577;0,815687578227624;0,665439316401233
19,9114813889103;0,819196842162597;0,671766822251982
19,9116202777992;0,808689234741962;0,689937142645022
19,9117594444659;0,831440436438726;0,649581646697726
19,9118983333547;0,854416811172939;0,682764122584331
19,9120375000214;0,870277670327994;0,683856112976883
19,9121761111325;0,818254071784338;0,666949579645575
19,9123150000214;0,835127184209341;0,660386814265564
19,9124538889103;0,836788621589591;0,687232230378868
19,9125927777992;0,834628543733459;0,630807558670796
19,9127316666881;0,829827847962463;0,664406456597249
19,912870555577;0,817487827891853;0,645147137042244
19,9130094444659;0,848920195026182;0,674308180313261
19,913148055577;0,8336370115926;0,676558542875256
19,9132869444659;0,830224207014055;0,654501494527551
19,9134261111325;0,839590294240736;0,668264381989957
19,9135650000214;0,807189003136813;0,659871277970893
19,9137038889103;0,830732931973159;0,675624747644719
19,9138427777992;0,828016518062554;0,660548531204512
19,9139816666881;0,827770082196707;0,661611685397531
19,914120555577;0,837902461471515;0,660388513835102
19,9142594444659;0,816234002139254;0,643893311289617
19,9143983333548;0,803368704087802;0,658170206734269
19,9145369444659;0,823612220067673;0,672444172158805
19,9146761111325;0,818811782515183;0,669358190373146
19,9148150000214;0,835882369486114;0,651252071554637
19,9149538889103;0,814792505443165;0,651546420496231
19,9150927777992;0,812226071913699;0,661642339587729
19,9152316666881;0,825016007733865;0,659970254903044
19,9153708333547;0,807971727442151;0,660031343520615
19,9155094444659;0,834977205191194;0,676201331907464
19,9156483333547;0,81499134312071;0,643475095051855
19,9157872222436;0,802672434121803;0,664467498308738
19,9159261111325;0,842505513801598;0,659614776329761
19,9160650000214;0,833090612850896;0,679481048076411
19,9162041666881;0,832940655133172;0,666272242388885
19,9163427777992;0,8158963692822;0,663829992498336
19,9164813889103;0,826725035952904;0,654564122902343
19,9166202777992;0,79896444482074;0,692701231641934
19,9167594444659;0,807178048742514;0,673893513565815
19,916898055577;0,825921160807184;0,657591910255292
19,9170372222436;0,82722374832241;0,657236427767174
19,9171758333547;0,831826797820014;0,652702966542932
19,9173150000214;0,820263010920115;0,6710895807621
19,9174536111325;0,819208038266225;0,682602287224256
19,9175925000214;0,825461220922023;0,653279514669862
19,9177313889103;0,830722912355384;0,678744361831576
19,917870555577;0,822658331051372;0,6654985654109
19,9180094444659;0,803218729265041;0,64935890430533
19,918148055577;0,835373624270005;0,662797145713938
19,9182872222436;0,798926908532025;0,660965050217186
19,9184258333547;0,841042862780881;0,667109581051591
19,9185650000214;0,843260605558726;0,671962290013226
19,9187036111325;0,828515180158405;0,661064043108723
19,9188425000214;0,819695482638508;0,660162359956217
19,9189813889103;0,834430897460095;0,66369388094617
19,919120555577;0,820970554118048;0,654310581772052
19,9192591666881;0,823017081187686;0,663091654252838
19,9193983333547;0,851684038277426;0,670868481630038
19,9195369444659;0,818045263623731;0,675302979541783
19,9196758333547;0,82046186401891;0,67446994151851
19,9198150000214;0,80537770809093;0,648782271264139
19,9199538889103;0,807981807731011;0,650132545151621
19,9200927777992;0,823413509301901;0,637208495086014
19,9202316666881;0,829082729740492;0,672894304968622
19,9203702777992;0,820799329372932;0,647690250987068
19,9205097222436;0,816951484269111;0,65321682969801
19,920648055577;0,814904853922229;0,671188552507886
19,9207872222436;0,7960116034387;0,657648503182088
19,9209261111325;0,824667335054528;0,662635443160724
19,9210647222436;0,839205350796561;0,654728776261891
19,9212036111325;0,817187831133253;0,673731619538387
19,9213425000214;0,81074705182732;0,656142643476301
19,9214816666881;0,798444666801458;0,684432721629605
19,921620555577;0,80947198034778;0,646951920874642
19,9217594444659;0,818800405658664;0,657591910255292
19,9218983333548;0,831515698877325;0,668779893894168
19,9220372222436;0,821057104007991;0,649360547565664
19,9221761111325;0,834430897460095;0,669680087379277
19,9223150000214;0,811046928529549;0,679481048076411
19,9224538889103;0,794164071836605;0,658556391603469
19,9225927777992;0,818612834507945;0,658939220321201
19,9227316666881;0,804263781067618;0,653023021158788
19,922870555577;0,831874443455263;0,65884760453423
19,9230094444659;0,834440886738378;0,664050971466565
19,9231483333547;0,828932784933471;0,659970254903044
19,9232869444659;0,813442231555712;0,657974738973053
19,9234261111325;0,805614054955043;0,652480159109928
19,9235650000214;0,846502359904804;0,669162722611929
19,9237038889103;0,823167064723634;0,670393240459362
19,9238427777992;0,819395537511184;0,654501494527551
19,9239819444659;0,838797524500563;0,655982602014518
19,924120555577;0,799372271116738;0,656751647523322
19,9242594444659;0,832731858519338;0,673216115765882
19,9243983333547;0,82396101965881;0,665340259658706
19,9245372222436;0,823970978595128;0,662734404135108
19,9246761111325;0,839391725771691;0,657845427899673
19,9248150000214;0,822149603260414;0,649522427202328
19,9249538889103;0,81735900875529;0,630647493121074
19,925093055577;0,817658911280034;0,665500264980437
19,9252316666881;0,803877437760036;0,681508502933411
19,9253708333548;0,823912156803999;0,661480578382481
19,9255094444659;0,825203678677298;0,667526068141512
19,9256483333548;0,820263010920115;0,655404345888968
19,9257872222436;0,845050741372717;0,645145512081228
19,9259261111325;0,805625402437158;0,667908896859274
19,9260650000214;0,847258499390875;0,650515369653533
19,9262038889103;0,836439821998454;0,656695455095786
19,9263427777992;0,833337031613212;0,6552750631202
19,9264819444659;0,814754909115209;0,674308180313261
19,926620555577;0,818462902612737;0,652320133608811
19,9267594444659;0,835694712490977;0,67446994151851
19,9268983333547;0,8301654249899;0,653573959361438
19,9270372222436;0,868048340529924;0,651447459521819
19,9271761111325;0,823017081187686;0,673791121491149
19,9273150000214;0,823007061569911;0,65707639835108
19,9274541666881;0,808679245463708;0,665855755298963
19,9275927777992;0,841352862378017;0,660031343520615
19,9277316666881;0,828365214049256;0,663508117247659
19,927870555577;0,835931111635517;0,650835472450382
19,9280097222436;0,821356920018701;0,674947506154837
19,9281486111325;0,840099036625418;0,64649578596871
19,9282872222436;0,839156287224171;0,671544031081197
19,9284261111325;0,840506561111596;0,672282336798787
19,9285650000214;0,83923154966277;0,668068930190373
19,9287036111325;0,794511358923728;0,679099844319666
19,9288425000214;0,806889126434612;0,666458074133203
19,9289813889103;0,83604348876878;0,672799669036408
19,929120555577;0,843796915620146;0,678939818818549
19,9292591666881;0,816245168873337;0,681186788795259
19,9293983333548;0,823762181981238;0,675759266826759
19,9295369444659;0,807575359999078;0,669162722611929
19,9296758333548;0,82250835622861;0,659294705451885
19,9298150000214;0,827828903987864;0,662931664895979
19,9299538889103;0,818291677867677;0,676335719178496
19,9300927777992;0,819904256588529;0,659259299028577
19,9302316666881;0,826553952564723;0,647174760836549
19,9303702777992;0,847863649173462;0,662220669868134
19,9305091666881;0,833337031613212;0,649937120084644
19,930648055577;0,815500036052583;0,661446871826456
19,9307872222436;0,809235633483667;0,653735853388866
19,9309261111325;0,819953179803576;0,666272242388885
19,9310647222436;0,785032966140477;0,675563761949434
19,9312036111325;0,809632113223387;0,658360950577105
19,9313427777992;0,827582511045989;0,655787166175116
19,9314813889103;0,819716728365421;0,651708181701451
19,931620555577;0,821158082341128;0,654728776261891
19,9317594444659;0,830186610686098;0,659614776329761
19,931898055577;0,830894231358059;0,655984452235145
19,9320372222436;0,813700031369819;0,671545843283752
19,9321758333547;0,854416811172939;0,680193644571176
19,9323150000214;0,811122250993861;0,65212467662181
19,9324536111325;0,813442231555712;0,642381334848949
19,9325925000214;0,828327637983335;0,666398601687064
19,9327313889103;0,830015433063977;0,66372920336363
19,932870555577;0,825262430691453;0,647172966938257
19,9330094444659;0,829061604070034;0,640355464604227
19,933148055577;0,824469712590627;0,664406456597249
19,9332872222436;0,791398543038468;0,669995824473204
19,9334261111325;0,800464667711367;0,654693397843062
19,9335650000214;0,845447134634867;0,654373295046213
19,9337036111325;0,811829652834888;0,678422615476507
19,9338427777992;0,827770082196707;0,651607537114046
19,9339813889103;0,838845210872762;0,668365387993106
19,9341202777992;0,815291210784494;0,677234058528029
19,9342594444659;0,782799212048133;0,66227997368776
19,9343983333547;0,849872588309211;0,662896165340356
