Tiempo t / h;Temperatura &J_2 / °C;Temperatura &J_1 / °C
18,6278772221413;75,4233838603445;18,6249072070482
18,6347022222471;72,8462250710732;15,3101187212495
18,634841111136;72,8250118333566;15,2815634279508
18,6349800000249;72,7587700215416;15,1236778312538
18,6351188889138;72,6746463902996;15,0436698755893
18,6352577778027;72,5766643815303;15,0295884479059
18,6353966666916;72,3944905902035;15,105511755615
18,6355355555805;72,1692074991935;15,1674002839521
18,6356744444694;71,9724555504782;15,0739447764456
18,6358133333583;71,8358331866232;15,0573559527577
18,6359522222471;71,8073894333087;15,0224078772927
18,636091111136;71,7778682321763;15,0346480038829
18,6362300000249;71,7973649409275;14,9748213163997
18,6363688889138;71,831972149732;15,0633012988578
18,6365080555805;71,827462627201;14,9581734195039
18,6366466666916;71,7920979324999;14,9096627275626
18,6367852778027;71,7762553789497;14,812185068609
18,6369241666916;71,7926418444343;14,7398484374363
18,6370633333583;71,8169979035401;14,7837976705063
18,6372022222471;71,7972801834454;14,769004545341
18,637341111136;71,8092420639005;14,7971931288257
18,6374800000249;71,7765178125239;14,7611981739362
18,6376188889138;71,78052495345;14,6630448468332
18,6377583333583;71,7373311199464;14,5883543716743
18,6378966666916;71,7137700306879;14,5316366231929
18,6380358333583;71,6477058269354;14,4889413679225
18,6381744444694;71,6103587434993;14,5490320779392
18,6383133333583;71,585035589237;14,5464019180754
18,6384522222471;71,5083337612778;14,5550166597203
18,638591111136;71,220367417505;14,603624409029
18,6387300000249;70,9632180441229;14,6102105954826
18,6388688889138;70,822784191039;14,7040921334559
18,6390077778027;70,7811746682846;14,7130560073695
18,6391466666916;70,6460551802165;14,5621509507806
18,6392858333583;70,5947800806855;14,5010433856863
18,6394241666916;70,5337432421591;14,53462246997
18,6395633333583;70,5388898599815;14,5497751177472
18,6397022222471;70,5460223510869;14,5354298258892
18,6398413889138;70,6137617510006;14,4975878214341
18,6399800000249;70,5527530871572;14,5515987769321
18,6401188889138;70,4888326639051;14,6078645935261
18,6402575000249;70,4582144945953;14,6109148656343
18,6403966666916;70,4240699257531;14,5998576560145
18,6405358333583;70,3813010839076;14,5802075907287
18,6406744444694;70,4001051870625;14,5220973202071
18,6408133333583;70,3942940180381;14,4878162314831
18,6409522222471;70,3811727112516;14,4715129898915
18,641091111136;70,2881313481952;14,5154029544058
18,6412302778027;70,1945740990833;14,5594762337963
18,6413688889138;70,1006925543562;14,5381899738547
18,6415077778027;69,9870611413269;14,4652757129385
18,6416466666916;70,0040120143941;14,4674990561231
18,6417855555805;69,9819143302768;14,4424248064575
18,6419247222471;70,038815157229;14,354488154118
18,6420633333583;70,1898092815651;14,2373031268998
18,6422025000249;70,2670786819264;14,1055525928833
18,6423408333583;70,2982391795916;14,0282742501622
18,6424800000249;70,3348401985947;14,0230978098033
18,6426191666916;70,3289518071783;14,0517294275093
18,6427580555805;70,2778443501653;14,0565873739759
18,6428969444694;70,2795969672277;13,9110190868108
18,6430355555805;70,2373728602226;13,7585370653854
18,6431747222471;70,1678384455885;13,7253866438326
18,6433133333583;70,0977313974589;13,6727898119552
18,6434519444694;69,9848912364703;13,6004252880261
18,643591111136;69,9642060987143;13,5584993588434
18,6437300000249;69,9198439093356;13,5417818785702
18,6438688889138;69,8519260880691;13,6200699040066
18,6440077778027;69,7951182843524;13,619806718518
18,6441466666916;69,7532955976131;13,6810170292695
18,6442855555805;69,7171571855805;13,6966758819679
18,6444247222471;69,736491001335;13,6102612178577
18,6445633333583;69,7144851241867;13,5364493711194
18,6447022222471;69,6333586923426;13,5384724213033
18,644841111136;69,6184847631176;13,5889753777251
18,6449802778027;69,5763570361642;13,6740112048636
18,6451191666916;69,5304814527797;13,6172670634794
18,6452577778027;69,4404806844252;13,6145334844558
18,6453969444694;69,3458428989076;13,4806955609781
18,6455355555805;69,2930778247616;13,4550082694669
18,6456747222471;69,2401661104264;13,4691861452852
18,645813611136;69,1912311461314;13,4429180051016
18,6459525000249;69,0711480222267;13,5229712935657
18,646091111136;68,9610570913756;13,5154168895126
18,6462300000249;68,9070830578456;13,524446022509
18,6463688889138;68,8477760223831;13,4166549430581
18,6465080555805;68,7954329656466;13,4314138569123
18,6466466666916;68,7814434866674;13,4080352118771
18,6467855555805;68,7097806495319;13,4265554398033
18,6469244444694;68,6566406135664;13,360357704052
18,647063611136;68,5995779629099;13,3648606876463
18,6472019444694;68,5779734531561;13,3127718842476
18,647341111136;68,5080286779276;13,2686005959552
18,6474800000249;68,4776595809795;13,2435867967931
18,6476188889138;68,4493248185668;13,1527383644216
18,6477575000249;68,344949311426;13,1500050196596
18,6478969444694;68,275140381691;13,1763654203693
18,6480355555805;68,2016207915673;13,1356013610501
18,6481744444694;68,1648366883267;13,0828395308417
18,6483133333583;68,0953435780772;13,0538383341673
18,6484522222471;68,049258275298;13,117436345528
18,648591111136;67,9733960812296;13,113159198293
18,6487302778027;67,8904578115466;13,1047379579084
18,6488691666916;67,8313022060644;12,9941395540413
18,6490077778027;67,7742235026637;12,8911682857127
18,6491466666916;67,7294397114615;12,7757855589206
18,6492858333583;67,7325025321599;12,7003644738673
18,6494244444694;67,6274976399145;12,7486507565898
18,6495633333583;67,5709633336375;12,7131872735438
18,6497025000249;67,5029496837475;12,7512788065241
18,6498413889138;67,4667690347338;12,7683834173493
18,6499802778027;67,4595870028138;12,7296795760532
18,6501191666916;67,4549333382151;12,6991345028468
18,6502577778027;67,411358090118;12,7687099131938
18,6503966666916;67,3339502177188;12,7637838166767
18,6505355555805;67,2980506727316;12,7047294424567
18,6506744444694;67,2432570826051;12,6939903431616
18,6508133333583;67,2055880380407;12,5503440943246
18,6509525000249;67,1207856689884;12,5926927979949
18,6510913889138;67,0959647995944;12,7161142046
18,6512297222471;67,0075634236966;12,5858757355841
18,6513688889138;66,9676051704418;12,5232089646636
18,6515080555805;66,9275098660127;12,4555074620872
18,6516466666916;66,8185312977639;12,5510542481224
18,6517855555805;66,7239438928686;12,5384813224136
18,6519244444694;66,6598613251009;12,5153318561387
18,6520633333583;66,6977525923555;12,4543832789027
18,6522022222471;66,661563414227;12,3217022256137
18,652341111136;66,6538877603464;12,227084068962
18,6524802778027;66,6259781898816;12,1519851818151
18,6526188889138;66,5944093034079;12,0716131445078
18,6527577778027;66,5603469771766;12,0448331961488
18,6528966666916;66,5064398136249;12,0536054837963
18,6530355555805;66,3853211532486;12,1030210489792
18,6531744444694;66,3251954961964;12,0854359687908
18,653313611136;66,2361479865007;12,0831186130506
18,6534522222471;66,2601516289402;12,1735894816507
18,653591111136;66,235407346765;12,1830379911083
18,6537302778027;66,2453292010504;12,1482568989906
18,6538691666916;66,2501708039083;12,1898226297146
18,6540080555805;66,2061615375079;12,2142240078236
18,6541466666916;66,1696831720023;12,0861417455197
18,6542855555805;66,1229396318402;12,0890003946558
18,6544244444694;66,0642269642272;12,0967162454412
18,6545633333583;66,0246338896821;12,1165903414456
18,6547022222471;66,0092579446868;12,0467883824402
18,654841111136;65,99200208767;12,031780064828
18,6549802778027;65,9423252631746;12,0121969749046
18,6551188889138;65,903387304126;12,0511951891749
18,6552577778027;65,8720142632891;11,9694727862698
18,6553966666916;65,8194289109218;11,9819138045618
18,6555358333583;65,7510465540009;11,9394400431409
18,6556744444694;65,6947335426622;11,9444910339454
18,6558133333583;65,6157605348703;12,0111683044764
18,6559525000249;65,5977982418127;11,969086202631
18,656091111136;65,5905733269818;11,9033036420164
18,6562302778027;65,5557885154099;11,8793547690679
18,6563688889138;65,4914255225689;11,8363120616647
18,6565077778027;65,4188593297574;11,8317693846179
18,6566466666916;65,3662875597167;11,6237345922941
18,6567855555805;65,2940112863255;11,5405290904066
18,6569244444694;65,2416123582721;11,5160677694012
18,6570633333583;65,1954675799359;11,5070980928631
18,6572022222471;65,1225445370534;11,551301581979
18,657341111136;65,0961675861577;11,476198184483
18,6574800000249;65,0389511301543;11,4491616922186
18,6576191666916;65,051553191027;11,3671841082971
18,6577577778027;65,0475111407952;11,2706063286524
18,6578969444694;65,0759741972586;11,1500443041908
18,6580355555805;65,0663155357087;11,0351116255003
18,6581744444694;65,0702476882735;10,9663465687428
18,658313611136;65,0106218707266;10,9894902012353
18,6584525000249;64,9615249549781;10,9713569756063
18,6585913889138;64,9131846849971;10,9637348677223
18,6587300000249;64,870911143446;10,940913036857
18,6588688889138;64,8765947616593;10,8890873733309
18,6590077778027;64,8708349634864;10,9024949790588
18,6591466666916;64,8119936066519;10,9065819365628
18,6592855555805;64,7435382705831;10,9837347264546
18,6594244444694;64,6328837329077;10,9972060520207
18,6595638889138;64,514734425726;10,9977823628472
18,6597025000249;64,4707861637017;10,9214295037432
18,659841111136;64,4406194547275;10,9618409998509
18,6599802778027;64,4211087562095;11,02028628887
18,6601188889138;64,4558168398431;10,9909015159652
18,6602577778027;64,4882793141346;11,0370718272705
18,6603969444694;64,4705814296703;11,0566801924556
18,6605355555805;64,4426631039623;11,0844232210654
18,6606744444694;64,4276275048241;11,0741396220891
18,6608133333583;64,4164720579054;11,1044867380039
18,6609522222471;64,3641756271492;11,0326339308073
18,661091111136;64,284393203194;10,8546212663865
18,6612300000249;64,2831085856777;10,8097435735046
18,6613691666916;64,2386969795452;10,8610832914193
18,6615077778027;64,2049760199667;10,8694426334525
18,6616466666916;64,1637494308432;10,9174103786766
18,6617855555805;64,1401370681987;10,805111727529
18,6619247222471;64,1114531098298;10,760844369152
18,6620633333583;64,0711106569423;10,7848564025578
18,6622022222471;64,042376871102;10,8901131269087
18,6623413889138;64,0450484470892;10,859410810772
18,6624800000249;64,0213833128681;10,8675453164521
18,6626191666916;63,9236559360698;10,812602785621
18,6627577778027;63,8498038122561;10,8515644815868
18,6628966666916;63,7123815872128;10,8335286803758
18,6630352778027;63,6537279691463;10,7788130324196
18,6631744444694;63,5883872151177;10,7862409153242
18,6633133333583;63,5271052675922;10,7900351388729
18,6634522222471;63,4551811345477;10,7251879530864
18,6635913889138;63,3545706272955;10,6988531441664
18,6637300000249;63,299602765735;10,6645574304629
18,6638688889138;63,2323298343038;10,555725153725
18,6640077778027;63,2341161044016;10,448444220076
18,6641466666916;63,2971686932481;10,4542628511988
18,6642855555805;63,2872748820973;10,3794203412195
18,6644247222471;63,2986415478959;10,3765246563039
18,6645630555805;63,2887177123602;10,3432239453903
18,6647025000249;63,2520548956939;10,3943696559577
18,664841111136;63,1342449548565;10,4333040369849
18,6649800000249;62,9303818194994;10,4048836137305
18,6651188889138;62,8106837072605;10,3284970622945
18,6652577778027;62,8380734349597;10,4201849165744
18,6653966666916;62,8502757683406;10,4103112381921
18,6655358333583;62,7657216686176;10,3949156059025
18,6656744444694;62,7044713693092;10,2680532659383
18,6658133333583;62,6487970897777;10,2893705720762
18,6659522222471;62,6158911784497;10,3219341120418
18,666091111136;62,6611610434459;10,3212630808434
18,6662300000249;62,653929013961;10,3261775512299
18,6663691666916;62,6184544811953;10,4215659352639
18,6665077778027;62,6006183442395;10,3961999387361
18,6666466666916;62,5567032685318;10,4247809507527
18,6667855555805;62,5296804789833;10,387199755117
18,6669244444694;62,5357301326147;10,3567188207597
18,6670633333583;62,5062690503319;10,3439255280641
18,6672022222471;62,4596240384613;10,3805436504136
18,6673413889138;62,4652042073553;10,4469656624033
18,6674800000249;62,4331837216594;10,3126758539838
18,6676191666916;62,4238848945216;10,2326919165637
18,6677577778027;62,4166852121504;10,2323696879729
18,6678966666916;62,3900782812459;10,1999918093174
18,6680358333583;62,3820692429496;10,1704774724263
18,6681744444694;62,3383156819948;10,1350819830698
18,6683133333583;62,3529525049495;10,106917273742
18,6684522222471;62,3243272936216;10,1732426334127
18,6685913889138;62,2687872090929;10,1492884883766
18,6687300000249;62,2222501914661;10,0481527301307
18,6688688889138;62,0969981162323;10,1031620715032
18,6690080555805;61,9767105983069;10,1084316454581
18,6691466666916;61,8509889521164;10,0361603864012
18,6692858333583;61,8277561965614;9,77873945803108
18,6694244444694;61,7880118699232;9,64461373405246
18,6695633333583;61,8292727748647;9,54321492417631
18,6697022222471;61,8104259364701;9,48688354427574
18,669841111136;61,8135889860111;9,47216023081808
18,6699802778027;61,7879042232889;9,49698014699266
18,6701191666916;61,8088015678806;9,55375626347711
18,6702577778027;61,835067984179;9,59468210756319
18,6703969444694;61,8067830725148;9,54758598835585
18,6705355555805;61,8185870730752;9,56353100346479
18,6706744444694;61,8352468058641;9,59731777018249
18,670813611136;61,7969829583081;9,53848563417188
18,6709522222471;61,6762376736633;9,38526295368507
18,6710913889138;61,5856382998569;9,37729133543851
18,6712300000249;61,4752342402139;9,27971434509149
18,6713688889138;61,3745268481218;9,141760788619
18,6715080555805;61,3212102012351;8,99191311079477
18,6716469444694;61,319689342486;9,01277695237792
18,6717855555805;61,3707009732605;9,02306587899656
18,6719244444694;61,3761512564826;9,09810161940226
18,672063611136;61,3677647377667;9,0641838082359
18,6722022222471;61,3252689819086;9,16953580789621
18,672341111136;61,3842629689473;9,18641561286546
18,6724802778027;61,4169153265245;9,0228394588591
18,6726188889138;61,4801119582884;8,95388313428089
18,6727577778027;61,4517515425997;8,93475169131509
18,6728966666916;61,3837717328583;8,94523553347557
18,6730355555805;61,3849486605125;8,90967204942632
18,6731747222471;61,3858836205061;8,88980970889759
18,6733133333583;61,3913876377674;8,86312066640809
18,6734525000249;61,3786833652822;8,77423009096691
18,673591111136;61,4044760320372;8,8225829534224
18,6737302778027;61,3809935904534;8,85270572856967
18,6738691666916;61,3699133992961;8,95230592394429
18,6740077778027;61,3312112842847;8,89951701974695
18,6741466666916;61,2893330016047;8,92259609949195
18,6742852778027;61,2977449435286;8,8925388082495
18,6744247222471;61,2497187946801;8,90106001307987
18,6745630555805;61,2769513416403;8,83547528140369
18,6747025000249;61,2382230160055;8,83932856640482
18,674841111136;61,2340136989982;8,88671880369102
18,6749800000249;61,1811129661992;8,99107711511425
18,6751191666916;61,1225344548984;8,99589668195358
18,6752577778027;61,0625685282383;8,95709581789649
18,6753966666916;61,0348636641725;8,92629553263708
18,6755355555805;60,907748380157;8,88395615856547
18,6756744444694;60,8182998540781;8,87848921642183
18,6758133333583;60,7418357424294;8,91481956170719
18,6759522222471;60,735947632503;8,89523789530244
18,6760913889138;60,6992333109783;8,89475420134428
18,6762300000249;60,677735624287;8,94696793593425
18,6763688889138;60,6436376952387;8,90324344806774
18,6765077778027;60,6271945286072;8,88379523543489
18,6766466666916;60,538706794542;8,97065888344599
18,6767858333583;60,4362998222092;8,95870256962976
18,6769247222471;60,3592900232662;8,96432833396199
18,6770633333583;60,3312653252171;8,93368667384962
18,6772022222471;60,3281723922969;8,8676235025473
18,677341111136;60,3204502510874;8,90298408063302
18,6774800000249;60,293713948021;8,89195996068608
18,6776188889138;60,2228285745368;8,8931832173009
18,6777577778027;60,0628901735668;8,87267033372251
18,6778966666916;59,9320548789075;8,79274526183281
18,6780352778027;59,8349603216471;8,67697374565228
18,6781747222471;59,8878352462233;8,56120551798855
18,6783130555805;59,8967939788513;8,47041525556659
18,6784522222471;59,9151367929542;8,4804127265935
18,678591111136;59,9120124860136;8,3086095478495
18,6787300000249;59,8936697929536;8,20090631946411
18,6788688889138;59,8655473464692;8,11934451154275
18,6790077778027;59,7750522697328;8,1429726219979
18,6791469444694;59,6698600638833;8,19055372034998
18,6792855555805;59,6712959562152;8,17753501611344
18,6794244444694;59,6255910260305;8,18158735429427
18,679563611136;59,5982154365721;8,06787486841552
18,6797025000249;59,5925194217517;8,07678031452497
18,679841111136;59,6075747403574;8,00746467515395
18,6799800000249;59,6365114836162;7,89574385362704
18,6801191666916;59,6224669309452;7,79843100812042
18,6802580555805;59,6062940493703;7,80897273112345
18,6803966666916;59,5862643577696;7,70224012424916
18,6805358333583;59,5586632523008;7,66690457077598
18,6806744444694;59,5218279056777;7,59968343740758
18,680813611136;59,4806072494185;7,5864026038505
18,6809522222471;59,4310941855683;7,55464215844762
18,681091111136;59,3733129939467;7,6194537017727
18,6812300000249;59,3054136097812;7,63932044499373
18,6813691666916;59,2095111334675;7,60363796805225
18,6815077778027;59,0549060933426;7,68378460769625
18,6816466666916;59,0052606849463;7,69513504505042
18,6817858333583;58,9860149228144;7,7078019536556
18,6819247222471;59,0323415848013;7,70291350491888
18,6820630555805;59,0123564035067;7,69542107761023
18,6822022222471;59,0029772666518;7,65276047481353
18,6823408333583;59,0140872856996;7,62112393238496
18,6824802778027;59,0352082612773;7,59797638002865
18,6826188889138;59,0245567991782;7,62292638329356
18,6827577778027;59,0118300266433;7,6227317430741
18,6828966666916;59,0346250434957;7,73007827919662
18,6830355555805;59,0437470247422;7,75023913297554
18,6831744444694;59,007770641499;7,82630450840281
18,6833133333583;58,9792902603514;7,80331527148181
18,6834522222471;58,9210835344596;7,88211386570879
18,6835913889138;58,9012794401891;7,93513020742148
18,6837302778027;58,8873599027252;7,9036532238265
18,6838688889138;58,8333675029105;7,93268553816532
18,6840077778027;58,8049308517488;7,99017076598489
18,6841469444694;58,7369697437112;8,02109654894429
18,6842855555805;58,7013950924973;7,89497645691955
18,6844244444694;58,6670433344076;7,80200006415583
18,6845633333583;58,6579293210311;7,82942327808726
18,6847022222471;58,6067783567761;7,84209023051511
18,684841111136;58,5429259450621;7,91619465578026
18,6849800000249;58,5555465088794;7,9075111492192
18,6851191666916;58,4869944838802;7,83302410584218
18,6852577778027;58,4899366575244;7,63125542229142
18,6853966666916;58,4476945207282;7,491916538597
18,6855355555805;58,3692555640123;7,38116225346448
18,6856741666916;58,380603993878;7,24845398440044
18,6858133333583;58,3574380005237;7,20768812581312
18,6859522222471;58,3603045219008;7,16306378898454
18,6860908333583;58,3474452022804;7,12120462230763
18,6862302778027;58,3584225765185;7,148663339769
18,6863691666916;58,3422197288996;7,1241292064077
18,6865080555805;58,2709453646151;7,16837037394208
18,6866466666916;58,2255727967856;7,24825872012508
18,6867855555805;58,05328877539;7,18424748949928
18,6869247222471;57,9809238694424;7,07825230492756
18,687063611136;57,9371930617864;7,04980252911616
18,6872025000249;57,9056472764139;7,0157911604843
18,687341111136;57,8686493205439;7,00575620493061
18,6874802778027;57,8350184449051;7,04369534686811
18,6876191666916;57,7770807067371;6,97781799927589
18,6877580555805;57,6705277792427;6,95065140501211
18,6878966666916;57,6506662380592;6,90574292135591
18,6880355555805;57,6302913503313;6,82751880967135
18,6881747222471;57,6530559855698;6,95595849393837
18,6883133333583;57,6939318585208;7,05205079881924
18,6884525000249;57,6932348670988;7,05694037795408
18,6885913889138;57,6473620892535;7,03051240799692
18,6887300000249;57,6224680186107;6,88844514615585
18,6888688889138;57,5608692182294;6,88072929537043
18,6890077778027;57,5257715067298;6,8825952339736
18,6891466666916;57,4360088931501;6,90982338366024
18,6892858333583;57,4073484623775;6,92432226957365
18,6894244444694;57,356222704211;7,09516797543941
18,689563611136;57,3502808349392;7,16711654818943
18,6897022222471;57,3666934324768;7,22347467016874
18,689841111136;57,3928774116882;7,28311292407722
18,6899800000249;57,3978644859764;7,28529972626629
18,6901191666916;57,3965644882001;7,24141378558681
18,6902577778027;57,4216127772492;7,18489517858347
18,6903966666916;57,3820920333933;7,13548019430954
18,6905358333583;57,355477099785;7,05157139371053
18,6906744444694;57,3287402806001;7,04333975559368
18,6908133333583;57,3144777135914;6,99036029605693
18,6909525000249;57,241244869864;7,12580926219169
18,6910913889138;57,1957342885788;7,25041811117893
18,6912302778027;57,1150508253074;7,28253521843666
18,6913688889138;57,0645584073343;7,30960285456115
18,6915077778027;57,0355379507537;7,31127366881421
18,6916466666916;56,9990054298667;7,30130923900506
18,6917855555805;56,9296432216111;7,32979071600295
18,6919247222471;56,8398641950359;7,27247219463021
18,692063611136;56,7665000986489;7,16104670905
18,6922022222471;56,7316983842343;7,11654592453016
18,6923413889138;56,8111396677455;7,12034195473333
18,6924800000249;56,8114842899252;7,07893239793765
18,6926188889138;56,8690308437979;7,04443315504139
18,6927577778027;56,9187543446047;7,09809286264857
18,6928966666916;56,9395315881938;7,05797147250041
18,6930355555805;56,9376486020643;7,08696893660277
18,6931744444694;56,8983673120175;7,11754299534007
18,693313611136;56,855741941215;7,27044583586331
18,6934525000249;56,813995176425;7,30661603744335
18,693591111136;56,7571180166668;7,35988888539478
18,6937300000249;56,7107584200998;7,33545313702518
18,6938688889138;56,6894327278836;7,31304325966602
18,6940080555805;56,659816682752;7,38830853118867
18,6941469444694;56,6138114721254;7,37194399709546
18,6942858333583;56,573229551273;7,38142705568546
18,6944247222471;56,5518888674973;7,41718035719711
18,694563611136;56,495613294559;7,3462540698302
18,6947022222471;56,4258768359358;7,22582171488853
18,694841111136;56,3848780902272;7,13863686412247
18,6949800000249;56,3536482448368;6,99862673733082
18,6951188889138;56,3313932257697;6,95979124749283
18,6952577778027;56,3396534133906;6,97065371134653
18,6953966666916;56,324792579081;6,9484737072255
18,6955355555805;56,3204464017672;6,85896895136739
18,6956744444694;56,2991058904695;6,72394156262229
18,6958133333583;56,3268386596244;6,70507552465631
18,6959522222471;56,2906320778698;6,60469691903788
18,696091111136;56,2809833662491;6,54322951482459
18,6962300000249;56,2577594708552;6,5050056644952
18,6963691666916;56,2623171776185;6,4894136939858
18,6965080555805;56,272473354754;6,43961607221198
18,6966466666916;56,2516078334393;6,36174674885575
18,6967855555805;56,2397631880764;6,28690381533289
18,6969244444694;56,214180592912;6,22643150480812
18,6970633333583;56,1798865862604;6,25414876324834
18,6972022222471;56,1494022880755;6,16891735509779
18,697341111136;56,138352137086;6,16897956210613
18,6974800000249;56,0778895246983;6,0943636335931
18,697618611136;56,0035204931363;6,0280674139953
18,6977577778027;55,9465318698634;5,96830523467648
18,6978966666916;55,9190210464603;6,00601340388874
18,6980355555805;55,8841894620548;6,02877821520732
18,6981747222471;55,8225954705412;6,00273281011101
18,6983133333583;55,7545018411506;6,01736536169477
18,6984525000249;55,7139782650276;6,02639658409379
18,698591111136;55,6726243486764;6,0155336234175
18,6987300000249;55,6608847529246;6,02691226020269
18,6988688889138;55,6357019414358;5,97129207535428
18,6990080555805;55,6477093242824;5,92666782252576
18,6991463889138;55,6559263672543;5,90776686736967
18,6992858333583;55,6429922560352;5,89509950496847
18,6994244444694;55,6056505527899;5,92069091743525
18,6995633333583;55,5678813295627;6,07288683803145
18,6997025000249;55,4782388411453;6,06912852536283
18,6998413889138;55,4670814959646;5,99443962771056
18,6999802778027;55,3852783266985;5,89404085757624
18,7001188889138;55,399942956294;5,82292748769763
18,7002580555805;55,3816025148448;5,77830309579474
18,7003969444694;55,3651133711145;5,75052530595053
18,7005355555805;55,3782099148545;5,73377836060089
18,7006747222471;55,3639932156202;5,63739164380908
18,7008133333583;55,3395305097554;5,60203089262507
18,7009522222471;55,3176634873475;5,64536750138231
18,701091111136;55,2768432017657;5,62356919302897
18,7012302778027;55,2592472981453;5,61585437212801
18,7013688889138;55,2316026945007;5,59990518488434
18,7015077778027;55,2213718820108;5,65423738866934
18,7016466666916;55,1805087069825;5,68616807157258
18,7017858333583;55,1799466070807;5,53738074838836
18,7019247222471;55,1754471360881;5,5972405170034
18,7020633333583;55,156417543316;5,5294305569866
18,7022022222471;55,1451260543617;5,49342726825668
18,7023413889138;55,1549574490095;5,47552534513022
18,7024800000249;55,1049069877556;5,46266378637705
18,7026188889138;55,0506309865849;5,44707077109189
18,7027577778027;54,9835379958216;5,38575994495372
18,7028966666916;54,8829291233325;5,31959906316868
18,7030358333583;54,8487099278383;5,37245502989418
18,7031744444694;54,7726609538202;5,34737677333038
18,703313611136;54,6958018671463;5,32789106406295
18,7034522222471;54,6085921375501;5,34879078747309
18,703591111136;54,5873403030348;5,3745435374999
18,7037302778027;54,4941230579595;5,55001304078274
18,7038688889138;54,4407134303042;5,56715046273129
18,7040077778027;54,3796999633881;5,66099449790912
18,7041466666916;54,3664410714386;5,68783983870432
18,7042855555805;54,3394664126807;5,71448986638666
18,7044247222471;54,3011584072437;5,79859085387554
18,7045633333583;54,2550662255986;5,71484531645336
18,7047025000249;54,2063268822457;5,65874584592154
18,7048413889138;54,2624593429139;5,57605888303829
18,7049800000249;54,3319387533778;5,53442804633067
18,7051188889138;54,3683060246075;5,52400780158092
18,7052580555805;54,4086473761033;5,59849552694499
18,7053966666916;54,4397871589739;5,55014711967689
18,7055358333583;54,4179253190574;5,58602217774995
18,7056747222471;54,41741810752;5,6881952899335
18,7058133333583;54,4363997122875;5,83402431460198
18,7059522222471;54,4239454451599;5,83714544217418
18,7060913889138;54,3607982163949;5,91645613000122
18,7062302778027;54,387814681846;5,88835690098495
18,7063688889138;54,3683864640777;5,82724209270771
18,7065080555805;54,2920767039202;5,8712547875669
18,7066469444694;54,2893736860112;5,84726999555249
18,7067855555805;54,276095249834;5,93098947735203
18,7069244444694;54,2234016347139;5,92456282339435
18,7070633333583;54,2155768662548;5,87733399454976
18,7072025000249;54,1455769789778;5,88009816151813
18,7073413889138;54,122750804042;5,84058524952604
18,7074800000249;54,1258868353111;5,76850082188469
18,7076188889138;54,0753149147981;5,68977069724912
18,7077580555805;54,0719424259582;5,68555731105823
18,7078969444694;54,0444116128452;5,69806473098919
18,7080358333583;54,0229093957998;5,7362273988218
18,7081747222471;53,9710942515529;5,70536399568005
18,7083133333583;53,9642085750604;5,72996080001712
18,7084522222471;53,9292732420929;5,70864534859098
18,708591111136;53,9079610984933;5,70176114043926
18,7087300000249;53,8808432870034;5,75979153727263
18,7088688889138;53,8409482326484;5,73716113066271
18,7090077778027;53,8328193209328;5,68996768246748
18,7091466666916;53,7968431495426;5,68730258259052
18,7092855555805;53,7554410233768;5,65868778849537
18,7094244444694;53,7165319880957;5,59127093144286
18,7095633333583;53,7100186100577;5,54047349958367
18,7097022222471;53,6563157816714;5,58902420320993
18,709841111136;53,6046022644134;5,5909173013417
18,7099800000249;53,5698625810442;5,61837736427734
18,7101191666916;53,5638757784668;5,6236446427624
18,7102577778027;53,5212775924643;5,69347012559021
18,7103969444694;53,4936336104755;5,75529784399126
18,7105355555805;53,4896463839664;5,78449105560713
18,7106747222471;53,431398598586;5,70848532917083
18,7108133333583;53,3807926507247;5,73083358641992
18,7109522222471;53,3030494574399;5,74391961081875
18,711091111136;53,2698688839356;5,71967819345781
18,7112302778027;53,2864922539821;5,62249170599176
18,7113691666916;53,2473131859135;5,62136431666903
18,7115077778027;53,2284667577699;5,40892495455631
18,7116463889138;53,1525624390457;5,31922525324546
18,7117852778027;53,1363922504592;5,20294468871055
18,7119244444694;53,1147006948304;5,251808291456
18,7120630555805;53,134371016484;5,32932230422801
18,7122019444694;53,1283375497722;5,287981224215
18,7123408333583;53,1344594336613;5,29099946662254
18,7124802778027;53,1538940583383;5,27547344457091
18,7126188889138;53,1176737732895;5,34459627935308
18,7127575000249;53,1063822843353;5,45020972610257
18,7128966666916;53,0808400821513;5,4283410477077
18,7130352778027;53,0617849291383;5,50115965548201
18,7131744444694;53,0489725967993;5,4791059791518
18,7133130555805;53,0379050133537;5,50610943229415
18,7134522222471;53,0095098856122;5,45210050140275
18,713591111136;52,983906247604;5,5279110008791
18,7137300000249;52,9834606951763;5,53649780151522
18,7138688889138;52,9575797005874;5,53504835497949
18,7140077778027;52,9315304645541;5,49228909316435
18,7141463889138;52,9009177933894;5,43792489109396
18,7142852778027;52,8617527675191;5,40172676295208
18,7144244444694;52,8406761874539;5,32180425341053
18,7145633333583;52,8072203532386;5,26196828113356
18,7147022222471;52,7822320794553;5,1865812438823
18,714841111136;52,7511077229576;5,20070094136113
18,7149800000249;52,723699951168;5,25821175222177
18,7151188889138;52,6657359540665;5,29344850177407
18,7152575000249;52,6135226582804;5,38308155685689
18,7153963889138;52,5864596391548;5,38311484054645
18,7155355555805;52,5142005676488;5,41085873791826
18,7156741666916;52,4829816770061;5,3597741614588
18,7158130555805;52,3964222612053;5,40680515265677
18,7159519444694;52,4137735277259;5,27807754421102
18,716091111136;52,3599451973895;5,26760009728324
18,7162300000249;52,33507793938;5,27583397558575
18,7163688889138;52,350493079932;5,32874835146669
18,7165077778027;52,3136180088738;5,33955040585741
18,7166466666916;52,2849663392548;5,40250634867962
18,7167858333583;52,2919869769989;5,42166081078409
18,7169241666916;52,2782019907026;5,36048805405949
18,7170630555805;52,2635180404777;5,38015520732461
18,7172025000249;52,2497064559999;5,40976735955454
18,717341111136;52,2582951983679;5,34798003173233
18,7174797222471;52,2042223118825;5,37594174951505
18,7176188889138;52,2149065795023;5,37518127642801
18,7177575000249;52,1630228444463;5,33879012365134
18,7178963889138;52,1278425489602;5,38954358188974
18,7180355555805;52,0560675054488;5,43687212212049
18,7181741666916;52,0194281573463;5,39624305020837
18,7183130555805;51,9854537552432;5,35036389982949
18,7184519444694;51,9383276726321;5,26982976138407
18,7185908333583;51,8901406088196;5,26419970352504
18,7187297222471;51,9169679393603;5,28259106700284
18,7188688889138;51,8878297827929;5,3465304584073
18,7190075000249;51,8482314610952;5,34428191269527
18,7191463889138;51,8272371221676;5,29911681362995
18,7192855555805;51,8196624948628;5,3924426601931
18,7194244444694;51,7924167011292;5,36685667011432
18,7195630555805;51,8127776731751;5,3860439292383
18,7197022222471;51,8263743180719;5,27776578223688
18,7198408333583;51,8112564572789;5,22687726289777
18,7199797222471;51,808235267798;5,20742790326028
18,720118611136;51,793153573353;5,14692169252399
18,7202575000249;51,7390589530569;5,06355452046395
18,7203966666916;51,6823452917174;5,00491695212736
18,7205355555805;51,5939735680114;4,92534717563723
18,7206741666916;51,5109865329592;4,83214821068373
18,7208130555805;51,4018561757217;4,85735720335009
18,7209522222471;51,2848168656292;4,94293395399379
18,721091111136;51,2381453789724;4,98411730756104
18,7212297222471;51,1583886506841;4,99746342267215
18,721368611136;51,1502180521077;5,01038427872379
18,7215075000249;51,0789408194611;5,02482449381722
18,7216466666916;51,0786319270408;4,99147460969812
18,7217852778027;51,0691912561928;4,95933299948317
18,7219241666916;51,0419660869119;4,98296618090347
18,7220630555805;51,0098740752757;4,97910495823507
18,7222019444694;51,0132930176215;5,03617840561017
18,7223408333583;51,0091370303224;4,99714405672168
18,7224800000249;51,0120490229367;5,01183394455524
18,722618611136;51,0118397022831;5,048743484645
18,7227575000249;50,9962774193641;5,04688131693126
18,7228963889138;50,9848238503431;5,109698852457
18,7230352778027;50,9616605976517;5,08414663434871
18,7231741666916;50,9479905731691;5,03160927071664
18,7233133333583;50,9702286648489;4,96258240563924
18,7234522222471;50,9603640861343;4,985889646494
18,723591111136;50,9406199187922;4,92362367140674
18,7237297222471;50,9419423139251;4,88510120501462
18,723868611136;50,9273939458734;4,88063153468181
18,7240075000249;50,9273939458734;4,94703411545032
18,7241466666916;50,9604794073879;4,94506533852646
18,7242852778027;50,935637899259;4,90288425164809
18,7244241666916;50,9761988871976;4,89806800585373
18,7245633333583;50,9334162666889;4,93680688585391
18,7247019444694;50,934153515826;4,91773704980349
18,7248408333583;50,8624056734714;4,926131322912
18,7249797222471;50,8221427655163;4,98592588111978
18,725118611136;50,7841072252593;4,99521836863181
18,7252580555805;50,7299817958422;4,98865344567793
18,7253963889138;50,7203573358329;5,01470397727979
18,7255352778027;50,7292911214358;5,03013567885066
18,7256741666916;50,7169908965601;5,00296701018652
18,7258130555805;50,7262179661908;5,00296701018652
18,7259519444694;50,7116952178154;4,96622415028273
18,726091111136;50,7188988765483;4,99599332777078
18,7262297222471;50,7037238644268;5,00802230831792
18,726368611136;50,7041418653517;5,02701634206488
18,7265077778027;50,6913710783256;4,99577374540735
18,7266469444694;50,7220826861093;5,08231753778173
18,7267852778027;50,7256635665203;5,05014033497702
18,7269241666916;50,7194323078813;5,06798007651201
18,7270630555805;50,698229926845;5,04023598534712
18,7272019444694;50,6466962998674;5,02315841667215
18,7273408333583;50,5668978375876;5,0151629985626
18,7274797222471;50,5420936350955;5,01580199828737
18,727618611136;50,4817359359638;5,02923746920612
18,7277575000249;50,4507735009747;4,98613251575765
18,7278963889138;50,472222096871;5,02950447156661
18,7280352778027;50,4518347846014;4,99040598278833
18,7281741666916;50,4052995170365;5,0430707367403
18,7283130555805;50,3825546357815;5,02107331636518
18,7284519444694;50,3004456650685;4,94646310135033
18,7285908333583;50,2326382920811;4,96944698843413
18,7287297222471;50,1957420924461;4,98649235318325
18,7288688889138;50,1282868293243;4,93566043638876
18,7290075000249;50,0930697427913;4,89688505428285
18,7291463889138;50,0925363910646;4,91742850699907
18,7292852778027;50,057652381258;4,89280780391798
18,7294241666916;49,9891870593003;4,89578684504386
18,7295630555805;50,0132493148717;4,87606253412608
18,7297019444694;49,9512503734962;4,78851775382401
18,729841111136;49,8773131119775;4,7593602909964
18,7299800000249;49,8209711813334;4,763541569437
18,7301188889138;49,7919682746313;4,74389188375912
18,7302575000249;49,766619175281;4,76578561036277
18,7303963889138;49,752207264908;4,65317144858244
18,7305358333583;49,7389297158356;4,69525295545105
18,7306741666916;49,7244289507742;4,72042537064254
18,7308133333583;49,7533803961443;4,69708163147229
18,7309519444694;49,7647697014452;4,71782127100249
18,7310908333583;49,7444713436681;4,66635472413356
18,7312300000249;49,7547014571277;4,66673337590478
18,731368611136;49,715285379536;4,71766180722074
18,7315077778027;49,7433583766074;4,72553712178791
18,7316466666916;49,726713581118;4,6838710105975
18,7317855555805;49,6968111716359;4,68274427721016
18,7319244444694;49,6648763674438;4,74971937083649
18,7320630555805;49,653742924371;4,77125742022241
18,7322019444694;49,6439093287865;4,76228774368437
18,7323408333583;49,5989516006987;4,7006607395036
18,7324797222471;49,5903161971013;4,68487335711743
18,7326188889138;49,5573875916058;4,7741303074184
18,7327575000249;49,5423962430573;4,73007406665516
18,7328963889138;49,5143231813865;4,68346011185702
18,7330352778027;49,514506252346;4,71406765842718
18,7331744444694;49,5096559779465;4,75440801110244
18,7333133333583;49,4889536791357;4,77817965615026
18,7334519444694;49,5087564138888;4,73737936414648
18,7335908333583;49,5001259517763;4,73836920986383
18,7337297222471;49,4888344628219;4,68230611754436
18,733868611136;49,4678925262986;4,64540066823673
18,7340075000249;49,4458126870806;4,65442986397841
18,7341466666916;49,4381746383412;4,72949935999807
18,7342852778027;49,4036727505657;4,73216305607153
18,7344241666916;49,4411244391708;4,75656443418046
18,7345630555805;49,4160256625105;4,76827490817067
18,7347022222471;49,3746235363447;4,75525580869103
18,7348413889138;49,3599610851864;4,78059233245119
18,7349797222471;49,3597779103459;4,73642180604946
18,735118611136;49,3352338973746;4,66980204634567
18,7352575000249;49,3119344692047;4,74069486743272
18,7353963889138;49,2868074234621;4,71462452758061
18,7355355555805;49,2602132385892;4,70822193613031
18,7356741666916;49,2830221793041;4,7020835507094
18,7358130555805;49,2726303703742;4,63371322616413
18,7359519444694;49,1856907736245;4,55683265967363
18,7360908333583;49,2076086484191;4,54957769763882
18,7362300000249;49,1677498931273;4,49542453349153
18,736368611136;49,1635899237352;4,55333044631953
18,7365077778027;49,1342683941799;4,48111940091104
18,7366463889138;49,0916264384272;4,47819659126134
18,7367852778027;49,0952284942042;4,4991008404441
18,7369244444694;49,096289975188;4,4853060533332
18,7370630555805;49,0614431514678;4,5286139696984
18,7372019444694;49,0473601897194;4,52073883592612
18,7373408333583;49,0024931607675;4,49353691715129
18,7374797222471;48,9646931381719;4,51340091850489
18,737618611136;48,9232429488933;4,50125808259801
18,7377575000249;48,9123229854393;4,48941466143154
18,7378966666916;48,8615260766966;4,47778665348605
18,7380355555805;48,8782867822703;4,50610524437479
18,7381744444694;48,8765951688582;4,50541259870596
18,7383133333583;48,8628599345858;4,51192844237488
18,7384519444694;48,8626982049257;4,46450687337443
18,738591111136;48,8358879364839;4,51740126704885
18,7387300000249;48,7764049125638;4,49479605756525
18,7388688889138;48,7440337165746;4,46302923802222
18,7390077778027;48,6957793777094;4,50604595698769
18,7391463889138;48,6318402101329;4,49255327260084
18,7392855555805;48,5993988323222;4,53105878635168
18,7394241666916;48,5565176806064;4,58533442267108
18,7395630555805;48,5290368700795;4,54456598344473
18,7397022222471;48,4930150870462;4,54369526191789
18,7398408333583;48,4372335876873;4,45078117573701
18,7399797222471;48,4240670890457;4,49260690885222
18,7401188889138;48,362926517179;4,49457769006216
18,7402577778027;48,3207379802967;4,44796420065072
18,7403963889138;48,2752509944757;4,47059118914797
18,7405352778027;48,2370337001797;4,4549038193677
18,7406744444694;48,2016367608292;4,43632401000201
18,7408130555805;48,1875055322323;4,36411807397644
18,7409519444694;48,1987970211866;4,39404049911087
18,7410908333583;48,1803494234861;4,34556167896173
18,7412297222471;48,1761681789018;4,30698242503456
18,7413688889138;48,1621986410473;4,30170599115672
18,7415075000249;48,1553129215276;4,25625534229692
18,7416463889138;48,1280660590535;4,19009092844195
18,7417852778027;48,1444169230511;4,12100402421027
18,7419241666916;48,1053454546137;4,11006901741655
18,7420630555805;48,0905893727562;4,05692877180257
18,7422022222471;48,082234092096;4,06667469122277
18,7423408333583;48,0573156488246;4,04214787626449
18,7424797222471;48,0580322462714;4,06496865728872
18,7426188889138;48,0538511106814;4,09525811844202
18,7427577778027;48,0108084748913;4,05818829192623
18,7428966666916;48,0140895350909;4,02947943534642
18,7430352778027;47,9996132042886;4,08801608931338
18,7431741666916;47,975025481224;4,05128261564354
18,7433130555805;47,9499896888656;4,12070740410985
18,7434519444694;47,929955815409;4,08024118314808
18,7435908333583;47,8820807867667;4,0719514236572
18,7437300000249;47,8824743383578;4,06237039074821
18,7438688889138;47,8404515395171;4,07840765059987
18,7440077778027;47,8180063009968;4,06776934486911
18,7441463889138;47,8256955398035;4,11178450333696
18,7442855555805;47,7891911377733;4,11293814996168
18,7444244444694;47,7298871591832;4,12746604924305
18,7445633333583;47,7235655174197;4,10834132203152
18,7447022222471;47,7251101504041;4,13190366285235
18,744841111136;47,7317613882602;4,08806314214223
18,7449797222471;47,676848490705;4,10677906016187
18,7451188889138;47,7071426460644;4,09143769736448
18,7452575000249;47,6724401892277;4,08841892743226
18,7453966666916;47,6209917404861;4,06445371909709
18,7455355555805;47,5923694454162;4,10960108462831
18,7456741666916;47,5150351463824;4,07231325559758
18,7458133333583;47,4528739837442;4,09082635091892
18,7459522222471;47,4209394050966;4,07931150114521
18,746091111136;47,418348750601;4,07873174464243
18,7462300000249;47,379076290117;4,0389699120235
18,7463688889138;47,3977997934715;4,11047792082172
18,7465077778027;47,4017971833462;4,07690404347025
18,7466466666916;47,3821892989404;4,09301579525055
18,7467855555805;47,3619399462696;4,10828235241368
18,7469241666916;47,3892998637971;4,06111656499559
18,7470630555805;47,3323593085231;4,03141318896377
18,7472019444694;47,3589161954216;4,07889679423016
18,7473408333583;47,3201441129874;4,05893960001808
18,7474797222471;47,3015805682774;4,01193291868287
18,747618611136;47,2686958309699;3,97949142730414
18,7477575000249;47,2798757727415;3,97820010562103
18,7478966666916;47,2399525083346;3,96030201365375
18,7480352778027;47,2598333798477;3,90487812687377
18,7481741666916;47,2315906335006;3,88831417496385
18,7483130555805;47,2384016077334;3,85401352736079
18,7484519444694;47,217095293051;3,83819867497425
18,748591111136;47,1881184010266;3,83215134242994
18,7487297222471;47,1312893411914;3,87616658994727
18,748868611136;47,0908374284984;3,86006091206977
18,7490077778027;47,0749933906491;3,90509615042217
18,7491466666916;47,0476510229478;3,80746287286885
18,7492852778027;47,0228784154341;3,81958914234073
18,7494241666916;46,9989314275;3,8257956470116
18,7495630555805;46,9873180891227;3,83556308582601
18,7497019444694;46,9702995700591;3,73320543758638
18,749841111136;46,9328681303209;3,67925329688163
18,7499800000249;46,9223828530463;3,63398648405652
18,7501188889138;46,8826644493591;3,60238413343177
18,7502577778027;46,8942841120792;3,50130766737334
18,7503963889138;46,9072159124484;3,44974174317412
18,7505355555805;46,8819529872593;3,3784653737174
18,7506741666916;46,8713063082632;3,3374411070869
18,750813611136;46,8393822870817;3,35181568847378
18,7509519444694;46,8263330858919;3,32976288964301
18,751091111136;46,7726894474331;3,29282062782536
18,7512297222471;46,7743784279903;3,34686302065734
18,751368611136;46,7659957310294;3,36204550773476
18,7515075000249;46,7614698227606;3,34499181346459
18,7516463889138;46,762443291411;3,37543236425114
18,7517855555805;46,7946941237065;3,32371546830103
18,7519244444694;46,8024320560966;3,29276188208536
18,7520630555805;46,7917641139064;3,30234285261412
18,7522022222471;46,8221745633598;3,2946270018287
18,7523408333583;46,8130785605103;3,29187038792779
18,7524797222471;46,8090592367422;3,2686498483809
18,752618611136;46,7976293428364;3,27616893953325
18,7527577778027;46,8214125822146;3,26645413177357
18,7528966666916;46,7757853629059;3,32308961606037
18,7530355555805;46,7730610876123;3,39602784887614
18,7531744444694;46,7370629795016;3,40563618659448
18,7533133333583;46,717754757826;3,36647084757976
18,7534519444694;46,6951944597472;3,36464960737484
18,7535908333583;46,6836748761768;3,31262511807103
18,7537297222471;46,6633541036366;3,32598046502213
18,753868611136;46,6368235514336;3,29823596482578
18,7540077778027;46,6162257821258;3,28160905412548
18,7541463889138;46,5850532953196;3,26177993512624
18,7542855555805;46,5483154636151;3,2413954507868
18,7544244444694;46,5622371773104;3,2117167415102
18,7545630555805;46,5504620857782;3,17789342574216
18,7547022222471;46,5237472942884;3,19602958259892
18,7548408333583;46,5054575421814;3,15291208659937
18,7549800000249;46,4717215302085;3,21092579248034
18,7551188889138;46,4571811879986;3,21642075275037
18,7552577778027;46,4269092139668;3,23053333063899
18,7553966666916;46,3760393949597;3,27213108798358
18,7555355555805;46,3587886113379;3,29208801736658
18,7556741666916;46,3378456648928;3,35172555730924
18,7558133333583;46,3066280019413;3,35443663118667
18,7559522222471;46,2980608834313;3,3437920521533
18,756091111136;46,3007403874411;3,3410875773651
18,7562297222471;46,2845739327961;3,38733085821679
18,756368611136;46,2531279423505;3,37337042711059
18,7565077778027;46,2582987748758;3,3619868478508
18,7566466666916;46,2250921362835;3,41636031964254
18,7567855555805;46,1671333583456;3,45557151339398
18,7569247222471;46,1678282952606;3,45478063464253
18,7570633333583;46,1675500902679;3,52309048747907
18,7572022222471;46,1306736833907;3,60378232183936
18,757341111136;46,1255699294861;3,6877939378108
18,7574800000249;46,0981611799832;3,67914221691524
18,757618611136;46,0784726839855;3,64597079095353
18,7577577778027;46,0385001191733;3,58774607179939
18,7578966666916;46,0074438248569;3,58173633316483
18,7580355555805;45,9911878131009;3,56219132664168
18,7581741666916;46,01337655625;3,49910352036946
18,7583130555805;45,9883245713786;3,51554038005332
18,7584519444694;45,9299046377884;3,51354750184854
18,758591111136;45,9361149149123;3,54128526456694
18,7587302778027;45,9595986039388;3,47091343041654
18,7588688889138;45,9190072674308;3,47417779097501
18,7590075000249;45,9088900027307;3,40366054366453
18,7591463889138;45,9043867957161;3,37559816172953
18,7592855555805;45,910323672865;3,27959150725749
18,7594244444694;45,852087417944;3,26249159837931
18,7595630555805;45,8575809110719;3,20185966780747
18,7597022222471;45,8435875582784;3,21073578170584
18,759841111136;45,8343302424299;3,17163486807652
18,7599797222471;45,7846836242335;3,1614533565571
18,7601188889138;45,8018180286012;3,23420117078942
18,7602580555805;45,7958367461741;3,22595022337583
18,7603963889138;45,7484298511803;3,24050427190045
18,7605352778027;45,7322188221843;3,19212686065146
18,7606741666916;45,7409513385506;3,18154048917881
18,7608130555805;45,6974974936498;3,17215652777864
18,7609519444694;45,6919813411898;3,15827612539908
18,7610908333583;45,6820749949596;3,21198273606058
18,7612300000249;45,6503466099422;3,19764590658946
18,761368611136;45,6445494817875;3,193114265357
18,7615075000249;45,5874456543433;3,12820324952054
18,7616463889138;45,5772654396313;3,1424885663252
18,7617852778027;45,5627164935899;3,11824607517241
18,7619244444694;45,4912037302127;3,11438814977973
18,7620633333583;45,5124702605642;3,1047310388326
18,7622022222471;45,4556895127115;3,1656361186815
18,7623408333583;45,4169891715534;3,11145924314809
18,7624800000249;45,3742477777075;3,11663639670499
18,7626188889138;45,3623327287815;3,11792126818088
18,7627575000249;45,3293189321647;3,13206809827585
18,7628966666916;45,3156274320641;3,15467353148352
18,7630352778027;45,2997639981155;3,16016851120767
18,7631744444694;45,265356632333;3,13773267268289
18,7633130555805;45,2313694946648;3,1336777767433
18,7634522222471;45,2419903702045;3,15688373901332
18,763591111136;45,2165880229656;3,13029101368241
18,7637300000249;45,2033799290163;3,05192226609424
18,7638688889138;45,1807999724288;3,05436747127291
18,7640077778027;45,1516089496891;2,98363294182946
18,7641466666916;45,145559765749;2,98743246570925
18,7642852778027;45,1557891553319;2,93014379388924
18,7644241666916;45,1379193231039;2,94426337160897
18,7645633333583;45,1271807737838;2,89822674851268
18,7647022222471;45,1571303413145;2,82642802852683
18,7648413889138;45,1595083497991;2,77110492332054
18,7649797222471;45,1089835788867;2,68973262534195
18,765118611136;45,0818070506483;2,67561308188237
18,7652580555805;45,0530819461798;2,63389486854319
18,7653966666916;45,0249331820862;2,62747109699882
18,7655355555805;44,9414214918767;2,62612082311136
18,7656741666916;44,9155809944413;2,63108144818023
18,7658130555805;44,8900641299045;2,57055836210526
18,7659522222471;44,8799769728171;2,5409415494658
18,766091111136;44,8548534098938;2,47068053170051
18,7662297222471;44,8273519001974;2,50191975519033
18,766368611136;44,8385037385971;2,53323293393072
18,7665077778027;44,8235195280457;2,59548188923412
18,7666463889138;44,8019275998091;2,67143740870895
18,7667852778027;44,7915372125298;2,74373112575483
18,7669244444694;44,7925763177716;2,78638518307372
18,7670630555805;44,7717257169982;2,72632625774534
18,7672019444694;44,7849320789732;2,66167033659244
18,7673408333583;44,7357471141958;2,7019947470119
18,7674800000249;44,7422837127129;2,60725277856477
18,7676188889138;44,6981088176815;2,62013111467891
18,7677577778027;44,706052750146;2,60647531333913
18,7678966666916;44,68206243829;2,55230555987058
18,7680352778027;44,6652752354532;2,5752440586318
18,7681744444694;44,6383724607571;2,46339842072877
18,7683133333583;44,6121676702115;2,29808816738768
18,7684519444694;44,6389284278932;2,24213427182968
18,7685908333583;44,5501273961283;2,1967678288176
18,7687297222471;44,5364794523539;2,14964476171048
18,768868611136;44,5455099721956;2,15679601429065
18,7690077778027;44,5111027267597;2,16055734099425
18,7691466666916;44,4956101582736;2,0785565285745
18,7692855555805;44,4843417526649;2,06454510425971
18,7694244444694;44,4818701006095;2,01001951061855
18,7695630555805;44,4644604158205;2,06872833291521
18,7697019444694;44,4577398036032;2,03753962651066
18,769841111136;44,427974383242;2,05422515383418
18,7699797222471;44,434186842328;2,06579893001233
18,7701188889138;44,4221358375253;2,04284855459807
18,7702580555805;44,368470101135;1,95360164238036
18,7703966666916;44,3881904539613;2,05261542474528
18,7705352778027;44,3260057658031;2,20513408735519
18,7706747222471;44,3108584681997;2,24035874081338
18,7708133333583;44,3014825578877;2,24443313694056
18,7709519444694;44,2596642614382;2,27805931523139
18,771091111136;44,2695483210316;2,19184285464263
18,7712297222471;44,2435964567728;2,0571851579864
18,771368611136;44,2252126642066;2,01068147401031
18,7715077778027;44,1874656685156;1,96148417687311
18,7716466666916;44,1821122193499;1,8943905033191
18,7717855555805;44,1447483421329;1,88191079742066
18,7719244444694;44,0962113687516;1,82289695551981
18,7720633333583;44,1135064158649;1,89442099988625
18,7722019444694;44,0751758643472;1,92098223037263
18,7723408333583;44,0794265717714;1,96033116366658
18,7724800000249;44,0388759062278;1,93354224276689
18,772618611136;44,0303551521445;1,85939500041053
18,7727577778027;44,0353921464337;1,79589982290463
18,7728963889138;43,9796959253081;1,77198270317743
18,7730352778027;43,9929277114971;1,75310669318506
18,7731747222471;43,9484996978674;1,73722505818068
18,7733130555805;43,9399330560511;1,73713714666732
18,7734519444694;43,9338824306249;1,71057552838644
18,773591111136;43,9045095440289;1,72189426253706
18,7737300000249;43,8861771700052;1,7868914093861
18,773868611136;43,8669629868987;1,76149570054531
18,7740075000249;43,8731064003152;1,86382522248419
18,7741466666916;43,8660639878595;1,80752568222215
18,7742858333583;43,8428599926771;1,77062264120724
18,7744244444694;43,8440580167848;1,75356356428071
18,7745633333583;43,8330467490631;1,82030978975155
18,7747022222471;43,8357482493423;1,91173850538212
18,774841111136;43,7950677620577;2,0221182062119
18,7749800000249;43,7685807998874;2,06240371096936
18,775118611136;43,7278957216273;2,12705165973858
18,7752577778027;43,7063750455375;2,09895089438757
18,7753963889138;43,6915514428415;2,08885575910665
18,7755352778027;43,6647413173303;2,1001561167856
18,7756741666916;43,635207532469;2,02776253096533
18,7758133333583;43,6257651639557;2,05512010957804
18,7759522222471;43,6004317102097;2,05416461286342
18,776091111136;43,5840382939199;2,03802098757791
18,7762300000249;43,5584085667702;2,07873326135004
18,776368611136;43,4923222360349;2,08755343541139
18,7765077778027;43,426729132921;2,12190977871478
18,7766466666916;43,3358205343144;2,11143132750013
18,7767852778027;43,3131874427091;2,14670614085958
18,7769247222471;43,2543748154735;2,19376822511026
18,7770630555805;43,2427167328758;2,18588502197753
18,7772019444694;43,189721737716;2,21054138637189
18,7773408333583;43,2013359533921;2,22614039930338
18,7774797222471;43,1896992185642;2,17265289970277
18,777618611136;43,2182608679758;2,24277761025724
18,7777575000249;43,2562238568382;2,21676640162255
18,7778966666916;43,2267606117406;2,19470509000166
18,7780355555805;43,2322332356833;2,24704885538003
18,7781744444694;43,2504059190215;2,30141580957581
18,7783133333583;43,2358361912847;2,26300423602342
18,7784519444694;43,2022834828269;2,2480869519261
18,778591111136;43,2093256336858;2,28557079552925
18,7787297222471;43,1936261385592;2,26499747514154
18,7788688889138;43,2090037928558;2,19862044137557
18,7790077778027;43,208587897493;2,22637066083587
18,7791466666916;43,1688478694875;2,18547178782529
18,7792858333583;43,1397295543476;2,16270765125896
18,7794241666916;43,1460810284559;2,26040961182952
18,7795630555805;43,1011897375922;2,26905303062478
18,7797025000249;43,131115985411;2,28021362103294
18,779841111136;43,0887918753936;2,29178739721107
18,7799800000249;43,0784019345101;2,32172329209035
18,780118611136;43,0671544033782;2,33209088106389
18,7802575000249;43,0143515535629;2,36936867069045
18,7803963889138;43,0235441173405;2,44353965529643
18,7805355555805;43,0025533086496;2,44392307890467
18,7806747222471;42,9698320827573;2,39831041875661
18,7808130555805;42,9553094690792;2,2956375460333
18,7809522222471;42,9530937657798;2,32858896769966
18,781091111136;42,9434412931527;2,29746263062421
18,7812297222471;42,9341577043838;2,33292345036449
18,7813688889138;42,9176947107803;2,33574284571938
18,7815075000249;42,9120605915185;2,34229645503922
18,7816463889138;42,888736816397;2,34414117458581
18,7817852778027;42,8743784825626;2,31034723478629
18,7819241666916;42,8864309362077;2,24799216743324
18,7820633333583;42,8491379368967;2,27343490303446
18,7822022222471;42,8195599510047;2,27504476376953
18,782341111136;42,8423979772512;2,27875422099973
18,7824800000249;42,8024037037461;2,28000804675236
18,782618611136;42,7843918737462;2,26883752414022
18,7827577778027;42,7545124041812;2,31672270488005
18,7828963889138;42,7273580614014;2,27084059212419
18,7830352778027;42,6996034466421;2,31374527733675
18,7831744444694;42,6869596721211;2,39080238118549
18,7833133333583;42,6246329019236;2,48849429182582
18,7834522222471;42,6397585551844;2,52358174040984
18,783591111136;42,6098524668069;2,52144746515216
18,7837297222471;42,59934867751;2,47233311371036
18,7838688889138;42,5799529080793;2,44329473899913
18,7840075000249;42,571363107885;2,44622539522783
18,7841469444694;42,53741797676;2,42838743134453
18,7842852778027;42,5098241705998;2,3922144397298
18,7844244444694;42,4628585615671;2,38598990581505
18,7845630555805;42,419586677191;2,32791303398668
18,7847022222471;42,3426005752838;2,37605342593719
18,784841111136;42,3665015876287;2,33599507887416
18,7849800000249;42,2949251045407;2,33834452721499
18,785118611136;42,2880880720804;2,35550997322093
18,7852577778027;42,2370134532971;2,2947002495745
18,7853963889138;42,2204800886303;2,17534717937269
18,7855355555805;42,1631910667406;2,25262920846717
18,7856744444694;42,1431299653329;2,23459340725617
18,7858133333583;42,0725575909192;2,26833087961404
18,7859522222471;42,078030805628;2,22870254046967
18,786091111136;42,0444311574206;2,22526765941797
18,7862297222471;42,0441563387652;2,16434449436434
18,7863688889138;42,0356174883667;2,19252264564713
18,7865077778027;42,0412241453742;2,24674851310962
18,7866466666916;42,0497949121172;2,26693588843918
18,7867855555805;42,0503709390703;2,2406425666444
18,7869241666916;42,0562599601932;2,34732463655661
18,7870630555805;42,0533935482281;2,36322582400635
18,7872019444694;42,0413848373806;2,33047048444718
18,7873408333583;42,0337666521198;2,36902042211511
18,7874797222471;42,0652851556672;2,30398972822627
18,7876188889138;42,0543655589593;2,30420456581493
18,7877575000249;42,0222203617411;2,28877286424404
18,7878969444694;42,0272119342087;2,30883139796072
18,7880355555805;42,0327049894226;2,32932867116131
18,7881744444694;42,0162409703385;2,26748985241107
18,7883133333583;42,0156657264317;2,28042946680861
18,7884519444694;42,0057811031375;2,22062379071838
18,788591111136;41,9737770056636;2,23141824998916
18,7887302778027;41,9777255254103;2,14230287047485
18,7888688889138;41,9596936877232;2,16556254772621
18,7890075000249;41,9583763473452;2,1506450599332
18,7891463889138;41,9378536249965;2,09392846259567
18,7892852778027;41,9502268390191;2,10900406133402
18,7894244444694;41,9247566439691;2,13256433729578
18,7895633333583;41,9169592938229;2,09704679111934
18,7897022222471;41,8750005270276;2,06031367674197
18,789841111136;41,9119722195347;1,94716918035567
18,7899800000249;41,856596765601;1,90672543630831
18,7901191666916;41,8655784486217;1,88027408865398
18,7902575000249;41,8660649193098;1,86020494340687
18,7903966666916;41,8489608005465;1,98658961083754
18,7905352778027;41,8315238255178;2,01787649742209
18,7906741666916;41,8201432215981;2,09945293007453
18,7908133333583;41,8105094420275;2,06326304978813
18,7909519444694;41,7781129489525;2,11598031770484
18,7910913889138;41,8059392083876;2,09209317603126
18,7912297222471;41,7655041196201;2,0781406581923
18,791368611136;41,7536366656815;2,00885613326494
18,7915077778027;41,7291131654809;1,99685307903283
18,7916466666916;41,7176177156032;2,02223780990101
18,7917855555805;41,6938135350674;1,99561583010453
18,7919244444694;41,7075494712857;1,95010025542575
18,7920630555805;41,6725667250842;2,01786566317722
18,7922019444694;41,6380905464785;2,08229812612683
18,792341111136;41,6487362366449;2,10602721426744
18,7924797222471;41,6374447476906;2,12178598108937
18,7926188889138;41,6415350241541;2,13908213500525
18,7927575000249;41,58980809257;2,09245998525344
18,7928963889138;41,5887696293871;2,16149004516706
18,7930355555805;41,5779840864925;2,18077967213063
18,7931741666916;41,560184325795;2,18502111506155
18,7933130555805;41,5415112511673;2,2070832530967
18,7934519444694;41,4783322455135;2,1559657416432
18,793591111136;41,450390261309;2,11004322340449
18,7937297222471;41,4615211718643;2,13664714029903
18,7938688889138;41,4378755277179;2,14699606510516
18,7940075000249;41,4214838478851;2,14846439358729
18,7941466666916;41,4083691051077;2,17000200281063
18,7942855555805;41,3451445506374;2,16808108580196
18,7944241666916;41,3033970478261;2,20197150195133
18,7945633333583;41,2680446968081;2,250870706304
18,7947022222471;41,2299437225751;2,22950228319337
18,794841111136;41,1654139011079;2,25213569734169
18,7949802778027;41,1850101695153;2,29992795718096
18,795118611136;41,1546095306782;2,2441089904311
18,7952577778027;41,1078429037883;2,26886648955815
18,7953963889138;41,1082391251447;2,28695874608457
18,7955352778027;41,0576709494758;2,26901939300836
18,7956744444694;41,091866466161;2,22123215453436
18,7958133333583;41,0483922440542;2,18016408019002
18,7959519444694;41,0588941941125;2,13887897672737
18,7960908333583;41,0425913006874;2,11719950432251
18,7962300000249;41,0149758690048;2,13063770261306
18,796368611136;41,0022518857183;2,1267687166326
18,7965077778027;40,9843349462326;2,19575373868702
18,7966466666916;40,9664180481066;2,19378760420497
18,7967855555805;40,9267264505717;2,17298973914555
18,7969244444694;40,9250882398137;2,18883382847068
18,7970630555805;40,8923646997147;2,18188655309785
18,7972022222471;40,8896636329594;2,2781470488782
18,7973408333583;40,8837291007179;2,1900876542233
18,7974797222471;40,8722713439946;2,24901746459705
18,7976188889138;40,8824813738248;2,25703324363994
18,7977575000249;40,8508020918084;2,22493207091415
18,7978966666916;40,8606344672233;2,26490705135146
18,7980355555805;40,8617939707912;2,22675640543525
18,7981744444694;40,878302522704;2,23541003035257
18,7983133333583;40,8596253756923;2,16020719241087
18,7984522222471;40,8822329723796;2,15758688035578
18,798591111136;40,876201441415;2,12804490832042
18,7987297222471;40,9206765823561;2,07695399208188
18,7988688889138;40,9121048377067;2,11722845238791
18,7990077778027;40,9219428869955;2,13502105133466
18,7991463889138;40,9091550935507;2,14513162277345
18,7992852778027;40,8949327522421;2,15717448475982
18,7994244444694;40,8882103196747;2,13367077744721
18,7995633333583;40,8831836666716;2,10852969667133
18,7997022222471;40,8251460856772;2,12286555182132
18,7998408333583;40,7904725989605;2,1138511847285
18,7999800000249;40,7787907979047;2,1599365525293
18,800118611136;40,7526923648872;2,14164104813764
18,8002577778027;40,7291885169017;2,1072356967488
18,8003963889138;40,7067475782651;2,08173849826036
18,8005355555805;40,7135824491937;2,03336471723657
18,8006744444694;40,6879713684446;2,10373391539079
18,8008133333583;40,6614641375937;2,15628836404844
18,8009522222471;40,6598709282852;2,14561224045721
18,801091111136;40,6184688021195;2,15738428890688
18,8012297222471;40,6223930824801;2,16413344215354
18,801368611136;40,5982692164588;2,14658355751141
18,8015077778027;40,5742961254913;2,20653562217473
18,8016466666916;40,5902722311455;2,14784865326547
18,8017852778027;40,5565644665785;2,1573439323804
18,8019244444694;40,5257629674054;2,16128682641676
18,8020633333583;40,5239580947124;2,14492864369481
18,8022022222471;40,5053239471288;2,10921320351196
18,802341111136;40,4599729906381;2,08227543643932
18,8024797222471;40,4724069929905;2,15368426440833
18,8026188889138;40,3979146682119;2,2399066768217
18,8027575000249;40,4117852218459;2,23186337127726
18,8028966666916;40,4117852218459;2,21768549545899
18,8030352778027;40,3737364412601;2,18276817983013
18,8031741666916;40,3600466471629;2,21074972319201
18,8033133333583;40,352055975262;2,14796198742556
18,8034522222471;40,3543868196616;2,1776276648921
18,803591111136;40,3223173497043;2,19191912200534
18,8037300000249;40,3140904393067;2,15499420782734
18,8038688889138;40,2932183066624;2,14033100051026
18,8040075000249;40,3046486935887;2,1489000377326
18,8041463889138;40,2949258696137;2,13253028585467
18,8042855555805;40,2909141353133;2,07855973900624
18,8044244444694;40,2683311574047;2,08424160733941
18,8045630555805;40,259067833739;2,05152568185446
18,8047022222471;40,2510380070038;2,00171699931076
18,8048408333583;40,2055873515825;2,03149627146269
18,8049797222471;40,2144875674042;1,99844094741664
18,8051188889138;40,2031711707505;1,92508437760242
18,8052577778027;40,1597305338036;1,9666076018641
18,8053966666916;40,155231157455;2,04876374130268
18,8055355555805;40,1326481795465;2,03759032946112
18,8056744444694;40,1171480527955;1,98155712294323
18,8058133333583;40,1077790595727;1,97184769324798
18,8059522222471;40,0820360214871;2,00944469637784
18,806091111136;40,0650150796691;2,03759032946112
18,8062297222471;40,0646875813753;2,05095574463024
18,806368611136;40,0664500586622;2,07864521185996
18,8065075000249;40,0094663534214;2,07283748472435
18,8066466666916;40,0542116055844;2,07079998236307
18,8067855555805;40,0487116972437;2,0532203033035
18,8069241666916;40,0079403832715;1,98639754153788
18,8070633333583;40,0060728451134;2,00466063991763
18,8072022222471;39,9841927384908;2,02194468386813
18,8073408333583;39,9756223213893;2,05061620366342
18,8074797222471;39,9667813308901;2,10902302668114
18,807618611136;39,9228601854269;2,09316714253572
18,8077577778027;39,9320940740185;2,11355277284537
18,8078966666916;39,8851250247025;2,04896211273891
18,8080355555805;39,9019362041979;2,0612077472635
18,8081741666916;39,8571965210467;2,04160246427119
18,8083130555805;39,880150513444;1,98514523153963
18,8084522222471;39,862669337461;1,97601773259498
18,808591111136;39,8425123428028;1,90402688502184
18,8087300000249;39,8200996302475;1,93040660558393
18,8088688889138;39,8037392588395;1,86940746975813
18,8090075000249;39,7414618228038;1,89698293015098
18,8091466666916;39,69459211005;1,84080411139894
18,8092855555805;39,6219954953308;1,8528797760568
18,8094241666916;39,6158707453023;1,83307611679851
18,8095630555805;39,5642769183267;1,80470631738845
18,8097019444694;39,5733502489586;1,78025213396955
18,809841111136;39,539477332528;1,8623294966996
18,8099797222471;39,5542541415942;1,87972742018363
18,810118611136;39,5121533249469;1,82598628148187
18,8102575000249;39,5015366295754;1,86285562282976
18,8103966666916;39,5291970670135;1,85324809772959
18,8105352778027;39,4768976090793;1,83835779658602
18,8106744444694;39,478936803683;1,85857349460832
18,8108130555805;39,5089072371703;1,83808595950242
18,8109519444694;39,4326267719714;1,83600794112667
18,811091111136;39,4530165437063;1,77148082886774
18,8112300000249;39,4579205721855;1,79881406131062
18,811368611136;39,4536609357625;1,77566650895432
18,8115077778027;39,4477803102753;1,73264731197014
18,8116463889138;39,4198055639331;1,72091573217381
18,8117852778027;39,4217078644006;1,71189025082202
18,8119244444694;39,4418176911392;1,66815860242838
18,8120633333583;39,4318303981311;1,67456482264751
18,8122019444694;39,4208937576484;1,66706258029396
18,8123408333583;39,4368613531239;1,63807568149835
18,8124800000249;39,4312055196992;1,69761038741751
18,8126188889138;39,4244242239309;1,65180088981839
18,8127577778027;39,4370489340599;1,65622861782606
18,8128966666916;39,441235893878;1,65313896744613
18,8130355555805;39,4147259865402;1,7027344921853
18,8131741666916;39,3938719302091;1,66760126930734
18,8133133333583;39,3871829587445;1,67369461642207
18,8134522222471;39,3698466705349;1,64026782674793
18,813591111136;39,3699164443478;1,65513259933743
18,8137302778027;39,3523084173334;1,64428349965726
18,8138688889138;39,3323253962354;1,66337466599654
18,8140075000249;39,3156139416564;1,7269099828527
18,8141466666916;39,2871661152641;1,72142974175523
18,8142858333583;39,2733254234042;1,65991368155466
18,8144244444694;39,2969565456952;1,63120170207503
18,8145630555805;39,2590470321062;1,68246343762857
18,8147019444694;39,2469151295201;1,65920122705376
18,8148408333583;39,2207995403135;1,61394655141109
18,8149797222471;39,2294786556555;1,60033829893331
18,8151188889138;39,1889913427866;1,58064943094925
18,8152577778027;39,1924948026449;1,57724648160413
18,8153966666916;39,1780723691602;1,58876249044812
18,8155352778027;39,1548862952965;1,54705239792645
18,8156747222471;39,1133671646384;1,60769792306098
18,8158133333583;39,1098194622106;1,62113594730096
18,8159522222471;39,1055897193712;1,5937593374826
18,816091111136;39,0862581273175;1,65736530846192
18,8162297222471;39,0566374187571;1,62411138893168
18,8163688889138;39,042961722366;1,6017906198837
18,8165077778027;39,0500930616863;1,6126089984925
18,8166463889138;39,0033630066428;1,62519235302022
18,8167852778027;39,0050035505277;1,52595414926367
18,8169244444694;38,9799195970002;1,57535482187592
18,8170630555805;38,9787736714882;1,56107494360427
18,8172019444694;38,9380760584572;1,53609152293245
18,817341111136;38,9057910417361;1,49399462663507
18,8174797222471;38,8778421111921;1,45706628814133
18,8176188889138;38,893376312141;1,41837928893779
18,8177575000249;38,8782671476961;1,39449186227415
18,8178966666916;38,8690327861779;1,37233834985182
18,8180355555805;38,835159575831;1,35939954732876
18,8181744444694;38,8365855960576;1,42605236115139
18,8183133333583;38,8162702093618;1,42351930311594
18,8184519444694;38,8128794355027;1,45906001339995
18,8185908333583;38,8029497688294;1,44603384673061
18,8187302778027;38,8002157575553;1,48381764124392
18,818868611136;38,7880414711275;1,49289851837423
18,8190075000249;38,7925026921205;1,50905537457362
18,8191466666916;38,7509135889687;1,52707849024864
18,8192855555805;38,7466341825122;1,53764285313574
18,8194241666916;38,7323569158324;1,52387671445996
18,8195633333583;38,7299984831268;1,57444152663248
18,8197019444694;38,6954425262127;1,55781569226474
18,8198408333583;38,7046085465403;1,55764500758534
18,8199800000249;38,6691202342001;1,49910637778038
18,8201188889138;38,6206626451171;1,53721693078242
18,8202575000249;38,6434817456743;1,54487287115967
18,8203966666916;38,6066428531009;1,63031668472797
18,8205352778027;38,6006799330521;1,68605275094532
18,8206741666916;38,5769039180414;1,67359589257299
18,8208130555805;38,5837810729959;1,63575655084881
18,8209522222471;38,5365618899726;1,6228734749252
18,8210908333583;38,5593481099795;1,60914831157808
18,8212300000249;38,5408840108984;1,64476720152888
18,8213688889138;38,5391338402343;1,63135731258706
18,8215077778027;38,5264388514768;1,66286310024071
18,8216466666916;38,518673192876;1,61186778713153
18,8217852778027;38,4908864703963;1,59408740214505
18,8219244444694;38,5052774767811;1,69634472864684
18,8220633333583;38,4979514150612;1,69325472097449
18,8222022222471;38,4702468500572;1,68512723022442
18,822341111136;38,490724409384;1,6792899058014
18,8224800000249;38,4569100164503;1,72609772209807
18,822618611136;38,4508017187186;1,71839604919907
18,8227575000249;38,4262823073384;1,76978872717058
18,8228966666916;38,3804893232626;1,75942180881773
18,8230352778027;38,3835999831876;1,77697747948429
18,8231744444694;38,3607807344312;1,76797988303665
18,8233133333583;38,3428920168415;1,71949228100311
18,8234519444694;38,3284529399724;1,67271126825827
18,823591111136;38,3096329701478;1,68716217826983
18,8237300000249;38,3012163494644;1,67271126825827
18,8238688889138;38,2497615043911;1,64713037010978
18,8240075000249;38,2617130206429;1,65009075481069
18,8241466666916;38,2530919923577;1,61958363791695
18,8242855555805;38,2119913740385;1,68196767470022
18,8244241666916;38,21706580181;1,70703425552716
18,8245630555805;38,1947427450364;1,71916398573978
18,8247022222471;38,1699160915388;1,7098982030532
18,8248408333583;38,191846802557;1,67372429049718
18,8249797222471;38,1647555181919;1,65850490868962
18,825118611136;38,1509405466504;1,71324230591566
18,8252575000249;38,1487877760962;1,67758221588991
18,8253966666916;38,1141495850395;1,68997915174884
18,8255355555805;38,1224230891568;1,70312114355337
18,8256744444694;38,1076053645914;1,6978384185964
18,8258130555805;38,0800188988995;1,68279041517007
18,8259522222471;38,0680068309243;1,72814680335682
18,8260908333583;38,0280083491607;1,71475010631258
18,8262300000249;38,0116908105335;1,71909416575954
18,8263688889138;38,0306304288478;1,7101521852862
18,8265077778027;37,9712635738043;1,7348820691185
18,8266466666916;37,957884963771;1,64760241380097
18,8267855555805;37,9324011165389;1,65649752334272
18,8269241666916;37,9155949635577;1,62075460495652
18,8270633333583;37,9199698796383;1,64391565542104
18,8272019444694;37,8969461646833;1,68048740367115
18,827341111136;37,8715124343165;1,64268948536133
18,8274800000249;37,8754846658506;1,65641497957864
18,8276188889138;37,8455669412858;1,60833831708993
18,8277575000249;37,8578431665765;1,61235377658079
18,8278963889138;37,7940422063519;1,65032267692044
18,8280355555805;37,7807157903356;1,64317560665177
18,8281741666916;37,7404668188855;1,58295654088209
18,8283130555805;37,7188243437186;1,54288342344717
18,8284522222471;37,695381470091;1,58775337002353
18,828591111136;37,6782517587921;1,52998692332088
18,8287297222471;37,6657183474839;1,53844284053164
18,8288691666916;37,6326572401735;1,51419889529939
18,8290075000249;37,6115549430393;1,43243048067637
18,8291466666916;37,6030962006463;1,45111039247411
18,8292855555805;37,5741785599561;1,40084081576691
18,8294244444694;37,5387566214938;1,39712660767884
18,8295633333583;37,5206032774341;1,40891299547116
18,8297022222471;37,5201078226194;1,37695319945348
18,8298408333583;37,5240107770018;1,36573574972596
18,8299800000249;37,5230799702788;1,37086115592246
18,8301188889138;37,5080959337236;1,41882166576522
18,8302577778027;37,4430637399114;1,4212886893186
18,8303966666916;37,4617064937333;1,42595485290195
18,8305355555805;37,4556566592073;1,43257430715477
18,8306744444694;37,4361958778196;1,4734407663783
18,8308133333583;37,408190197191;1,47396860042596
18,8309522222471;37,4017574728516;1,45647596076276
18,8310908333583;37,3740089495074;1,4848571397809
18,8312297222471;37,3916947290451;1,442983389311
18,8313688889138;37,3645268743034;1,48731134661872
18,8315077778027;37,3483753233604;1,43620670507431
18,8316466666916;37,3437034464013;1,52286780477866
18,8317852778027;37,3277095702238;1,49690402701589
18,8319244444694;37,3264712238014;1,4582435103294
18,8320630555805;37,3155359011619;1,48589872746979
18,8322022222471;37,3106491226661;1,49982280106144
18,832341111136;37,2823619333073;1,41825305404268
18,8324797222471;37,2494694883921;1,49116927201146
18,8326188889138;37,2535369318376;1,45252298115193
18,8327575000249;37,2360313908394;1,50551734171032
18,8328966666916;37,2149727294499;1,51145139760899
18,8330355555805;37,2171679061959;1,52188823235252
18,8331744444694;37,1905649597621;1,53211375880971
18,8333130555805;37,1888385416123;1,56066655765738
18,8334522222471;37,1810299215689;1,54782453537538
18,8335908333583;37,168694678721;1,43676213188218
18,8337300000249;37,1529576582222;1,46885212832868
18,8338688889138;37,1651151959705;1,44278595229451
18,8340077778027;37,1254400641178;1,42510653855396
18,8341463889138;37,1213726348802;1,44557451429466
18,8342855555805;37,1118638350185;1,4369340155904
18,8344241666916;37,0836035392647;1,38010718393861
18,8345630555805;37,0955461209362;1,46202104695254
18,8347019444694;37,0754181206995;1,47755969291015
18,8348408333583;37,0573503754199;1,45409353207637
18,8349797222471;37,0629798381954;1,47342281520497
18,835118611136;37,0302593856863;1,49374621863049
18,8352575000249;37,0479266457032;1,47432263319817
18,8353966666916;37,0582889139054;1,49145906501661
18,8355352778027;37,0260723044312;1,41948115482069
18,8356747222471;37,0310281643289;1,42473759553027
18,835813611136;37,0227578973255;1,48135265066841
18,8359525000249;36,9856544709292;1,56001666018972
18,8360908333583;36,9968973343066;1,53873299148682
18,8362300000249;36,9674914671205;1,60854710068554
18,8363688889138;36,9331609205312;1,58254537955565
18,8365077778027;36,9037550849344;1,54317393283065
18,8366463889138;36,8606193939752;1,55671434752261
18,8367855555805;36,8605345159972;1,52073919323556
18,8369244444694;36,8383224095273;1,46710878357004
18,8370633333583;36,7956403673589;1,49905713072263
18,8372022222471;36,8080280766799;1,4172334463133
18,837341111136;36,7981276866232;1,43250791769827
18,8374802778027;36,7980505056522;1,41426045239655
18,8376188889138;36,7838169214423;1,44788514788658
18,8377575000249;36,737247570674;1,41202793595892
18,8378966666916;36,7255859017053;1,39253902369066
18,8380355555805;36,723040298854;1,35583892896378
18,8381741666916;36,6804429929539;1,31867445288208
18,8383133333583;36,6728066615298;1,30090382844776
18,8384519444694;36,6628869324492;1,27825437296644
18,838591111136;36,6704228450491;1,2860398367888
18,8387300000249;36,6501915034395;1,30756184768006
18,8388688889138;36,6330465827818;1,34129274417694
18,8390077778027;36,5893300241368;1,36972484309925
18,8391463889138;36,6295861826048;1,35380262976855
18,8392855555805;36,5789913974354;1,39994060576467
18,8394241666916;36,6114231490991;1,45334156425099
18,8395633333583;36,6022299694832;1,47132314773557
18,8397019444694;36,6019303995966;1,42428774844305
18,839841111136;36,5984969169791;1,46105741503644
18,8399800000249;36,5890730108422;1,42591360861132
18,8401188889138;36,5914144037489;1,45011995405548
18,8402575000249;36,5921485690312;1,42230917742404
18,8403966666916;36,5713174233682;1,35558538595404
18,8405352778027;36,5483521125566;1,39985961477097
18,8406741666916;36,5598177458051;1,38450890419378
18,8408133333583;36,574212853774;1,33800247284239
18,8409522222471;36,5791261969424;1,31856774474369
18,841091111136;36,5395967034725;1,32509405531403
18,8412297222471;36,5306689761712;1,30705825410305
18,841368611136;36,5416036816517;1,28175950854455
18,8415075000249;36,5471908839021;1,38162854155348
18,8416466666916;36,5429195662538;1,37082166426597
18,8417855555805;36,5377933849675;1,35820510098512
18,8419244444694;36,5022359964825;1,34260070043084
18,8420633333583;36,5025703587886;1,36315982129756
18,8422025000249;36,4989994304832;1,40450020569773
18,8423408333583;36,4323015112768;1,39250021009258
18,8424800000249;36,4727613420034;1,39803818066491
18,8426191666916;36,4114731428392;1,38145563515303
18,8427577778027;36,427910837346;1,40131719783756
18,8428963889138;36,4162495888416;1,40700785720296
18,8430355555805;36,3961901174503;1,40529455546999
18,8431744444694;36,3793337554685;1,43125220447899
18,8433133333583;36,3655460584501;1,41127632625725
18,8434519444694;36,3543964205014;1,42863659837315
18,843591111136;36,3355752841383;1,41251848805993
18,8437300000249;36,3190692400238;1,4473752287677
18,8438691666916;36,3024280002546;1,43319735294943
18,8440075000249;36,2926632007218;1,39117041632974
18,8441466666916;36,2913205339627;1,34512402008659
18,8442852778027;36,2757559234654;1,35006729772581
18,8444244444694;36,2590612754726;1,31879354625201
18,8445633333583;36,2491768068249;1,37968832907646
18,8447019444694;36,2405483306462;1,35976135831453
18,844841111136;36,2312285801858;1,40626752701306
18,8449797222471;36,2287252948813;1,39377451596985
18,8451188889138;36,2061030940355;1,32969231851573
18,8452577778027;36,1960520008147;1,41972086861867
18,8453963889138;36,1458693120696;1,38093070086754
18,8455355555805;36,1804188655888;1,39242424208237
18,8456741666916;36,1501667690479;1,43985389790134
18,8458133333583;36,1089802670172;1,48619155647737
18,8459525000249;36,092782041853;1,45955394829849
18,8460908333583;36,0900068500315;1,42556163149547
18,8462297222471;36,079667616077;1,39579512095145
18,8463688889138;36,0481771845099;1,41815968090725
18,8465077778027;36,0395995247672;1,43010616893392
18,8466469444694;36,0357742945149;1,38078514657391
18,8467852778027;36,0083754111975;1,41026606577057
18,8469241666916;35,9982514099143;1,37959664015159
18,8470630555805;35,990630816546;1,43532555958313
18,8472019444694;35,9378764583957;1,37246431572498
18,847341111136;35,9431037612407;1,3802177414199
18,8474797222471;35,9327079407119;1,36603986560164
18,8476188889138;35,8995336314383;1,3946718442387
18,8477577778027;35,8978352413309;1,38230389107372
18,8478966666916;35,9032606735182;1,41430175551454
18,8480352778027;35,8818672361357;1,42020779548065
18,8481741666916;35,8396189249746;1,3847511027538
18,8483133333583;35,8496498392319;1,46921527124363
18,8484525000249;35,823944430995;1,38840941375702
18,848591111136;35,8119279020586;1,32980010872328
18,8487300000249;35,8435759119831;1,25138777511634
18,8488688889138;35,8295216387616;1,27819366841973
18,8490077778027;35,82286765407;1,30316762530373
18,8491466666916;35,8003869036334;1,33956398089151
18,8492855555805;35,7951766910295;1,41451756810287
18,8494244444694;35,7777135088041;1,41042288958221
18,8495633333583;35,7663510709434;1,39481772838579
18,8497022222471;35,7450775851742;1,43027950394784
18,8498408333583;35,7237894629365;1,38772277883263
18,8499800000249;35,6741771391877;1,36712553689784
18,8501188889138;35,6843429511909;1,3558819647634
18,8502575000249;35,659594311595;1,38934946754523
18,8503966666916;35,6468422398135;1,39150061054906
18,8505355555805;35,6296088684106;1,35113775706967
18,8506747222471;35,614556141431;1,3171030863395
18,8508133333583;35,5443970205354;1,31361823156789
18,8509522222471;35,560338212531;1,31944303030031
18,851091111136;35,5470476482439;1,30394532041612
18,8512297222471;35,5352667817166;1,31088347608915
18,8513688889138;35,5313094330338;1,28019361566624
18,8515075000249;35,49956185086;1,34252457434326
18,8516463889138;35,5049604498543;1,35234365845963
18,8517852778027;35,5208353297697;1,29732638115189
18,8519241666916;35,4786921287276;1,26417824904962
18,8520633333583;35,4946601695465;1,28040401571283
18,8522022222471;35,4624673043313;1,27044058480948
18,852341111136;35,476631675616;1,24228452244597
18,8524797222471;35,4408977356754;1,28472170176582
18,852618611136;35,4485183290437;1,27212123433486
18,8527575000249;35,4279758768637;1,32204712994039
18,8528966666916;35,4420574458245;1,25776982930148
18,8530352778027;35,3951640177825;1,27169441056211
18,8531744444694;35,3989472637649;1,31080376947668
18,8533133333583;35,4002269529468;1,29599256738035
18,8534522222471;35,3788602865354;1,28162113686071
18,853591111136;35,3805957459079;1,26605273530998
18,8537300000249;35,3673880289068;1,25688344924865
18,853868611136;35,3530622290793;1,21857009546713
18,8540075000249;35,331291639589;1,26652908041788
18,8541466666916;35,312590129211;1,254772430054
18,8542855555805;35,3244249161452;1,2433815280616
18,8544244444694;35,3071915130616;1,22211445974702
18,8545633333583;35,3187695589218;1,2612176250189
18,8547019444694;35,285135617724;1,26268805514604
18,854841111136;35,2447586691175;1,24837062362798
18,8549800000249;35,2638514479032;1,30313089299406
18,855118611136;35,2316712505694;1,25696655098659
18,8552577778027;35,2288175168169;1,28988705819586
18,8553966666916;35,2073825943156;1,23758289362755
18,8555352778027;35,1844937880668;1,27003047774534
18,8556741666916;35,2071940831343;1,29646910377107
18,8558133333583;35,1636655705001;1,2843820074431
18,8559522222471;35,1946181004237;1,28203113819092
18,856091111136;35,1510483226634;1,25956040557486
18,8562302778027;35,1481676481739;1,24598562770166
18,856368611136;35,1361571295663;1,18954423995041
18,8565077778027;35,1159084477518;1,17468604693511
18,8566466666916;35,1362935350122;1,16363582068803
18,8567855555805;35,1002761193469;1,13131881748706
18,8569244444694;35,0937324330508;1,15241859095366
18,8570633333583;35,1152466469516;1,21049770926604
18,8572022222471;35,0706820997724;1,22503212049995
18,857341111136;35,0682987026839;1,16758406506844
18,8574800000249;35,0610962559983;1,2250060817226
18,857618611136;35,0465448704942;1,21785702583028
18,8577577778027;35,0197113720537;1,23460261337306
18,8578966666916;35,0146911809463;1,22097446088802
18,8580352778027;34,9809496128603;1,12853378336121
18,8581744444694;34,9919765304518;1,14438924692746
18,8583130555805;34,976923859445;1,12085447885016
18,8584519444694;34,9705275179855;1,06132170302084
18,858591111136;34,9393977182551;1,08352905067562
18,8587300000249;34,9456733313869;1,02639012484215
18,858868611136;34,8930151865467;1,05034558807648
18,8590077778027;34,9057524743548;1,04379923722749
18,8591463889138;34,9013766753225;1,01591341846279
18,8592852778027;34,8808842759861;0,992025342751447
18,8594244444694;34,8547097918512;1,0451130697501
18,8595633333583;34,8506702602575;1,10683987603355
18,8597022222471;34,8676356439728;1,0987336330106
18,859841111136;34,8317004287878;1,1533589234655
18,8599800000249;34,8198378530341;1,1253630585212
18,8601188889138;34,7663598474052;1,10069854730935
18,8602577778027;34,7589959262363;1,07268522955476
18,8603966666916;34,7647714970406;1,09286183935663
18,8605355555805;34,7418958533953;1,08345651250823
18,8606744444694;34,7532588070211;1,10241537042253
18,8608133333583;34,7338710614218;1,06265995387963
18,8609522222471;34,6887130686194;1,11121108855008
18,8610913889138;34,6720179788651;1,06238242648513
18,8612300000249;34,6776321951338;1,08896080814895
18,8613688889138;34,6407985878161;1,07426964272469
18,8615077778027;34,6459424883396;1,08978075085628
18,8616466666916;34,6424142552017;1,0402614279447
18,8617855555805;34,6239284157838;1,09871414440735
18,8619244444694;34,6200112498848;1,05114804939484
18,8620633333583;34,5952636788066;1,11450241080871
18,8622022222471;34,600500991676;1,10497632017774
18,8623408333583;34,5760508405925;1,19577019693833
18,8624800000249;34,5563927286594;1,09411566510926
18,8626188889138;34,5444914754901;1,1310054429735
18,8627575000249;34,5668556914837;1,14951826842417
18,8628966666916;34,5295593147891;1,14277914340366
18,8630355555805;34,5295730300583;1,10089113812455
18,8631744444694;34,4965459861379;1,03042191196351
18,8633133333583;34,4698329142648;1,05586712951595
18,8634522222471;34,4548620867239;1,05547496283265
18,8635908333583;34,4426225527962;1,04340623958296
18,8637297222471;34,4555890335056;1,01764444777626
18,8638688889138;34,4463516658114;1,03829448843766
18,8640075000249;34,4267222994006;0,999269592120754
18,8641466666916;34,3974372772656;0,958375155254487
18,8642855555805;34,383111794517;0,968798506807616
18,8644244444694;34,3738349971856;0,953793992141982
18,8645633333583;34,3730281247027;0,939196569997335
18,8647022222471;34,3130724655346;0,936717560900206
18,8648408333583;34,3517547121397;0,999705094700147
18,8649797222471;34,2925804203958;1,04027875120525
18,865118611136;34,3182689374096;1,03906097081907
18,8652575000249;34,2796194592249;1,06455943004005
18,8653963889138;34,2579143495368;1,04903860422095
18,8655355555805;34,2149240660941;1,03844103300784
18,8656741666916;34,2440067666396;1,07094226009491
18,8658130555805;34,2002216214696;1,0597682922953
18,8659522222471;34,1857752964603;1,09079844435954
18,866091111136;34,15107834285;1,07096811275295
18,8662300000249;34,1514147636392;1,08583327909253
18,866368611136;34,1071182896816;1,06029913618022
18,8665077778027;34,0887138946878;1,06155296193288
18,8666466666916;34,0669291167859;1,11529627060327
18,8667855555805;34,0657432902091;1,11832463351803
18,8669244444694;34,0539220815121;1,11625151366667
18,867063611136;34,0276403233675;1,06043011282111
18,8672025000249;34,0470285277374;1,09684062191661
18,867341111136;34,0466515436425;1,12417699970246
18,8674797222471;34,0196971510338;1,06087544954192
18,8676188889138;34,013167049078;1,05399372759447
18,8677575000249;34,0352075479031;1,04502405105643
18,8678966666916;33,996780984316;1,104940486744
18,8680355555805;34,001345763736;1,02925354134823
18,8681744444694;33,9889582465312;1,04139353514924
18,8683133333583;33,9695297864232;1,02334011032747
18,8684522222471;33,9794400703128;1,029079138772
18,868591111136;33,9508828220312;1,02978475918573
18,8687297222471;33,9292726919483;0,972664072779168
18,8688688889138;33,9351436058167;1,0347572324076
18,8690077778027;33,9138702173157;1,0029708937052
18,8691466666916;33,9003162121527;0,954463931611826
18,8692855555805;33,9095211261584;0,988828692832953
18,8694244444694;33,8815738962328;1,02585582480151
18,8695633333583;33,8593187018019;1,01583417058194
18,8697022222471;33,8657944591968;1,03015871490618
18,8698413889138;33,8762286065759;1,03825857577067
18,8699797222471;33,8486148299148;1,05075537837058
18,870118611136;33,8535957333422;1,05901969723877
18,8702575000249;33,829427924343;1,05565726834936
18,8703969444694;33,8098783553567;1,00451354559436
18,8705355555805;33,8145913698899;1,0252568625682
18,8706741666916;33,7634145342898;1,01838502460157
18,8708130555805;33,759752416393;1,02866948435923
18,8709525000249;33,7420200426704;1,01728787558875
18,871091111136;33,7364056492507;0,985501446025268
18,8712300000249;33,7111068308983;1,03856202602358
18,8713688889138;33,7005113172823;1,03938150131913
18,8715077778027;33,6799649987421;1,01100824332124
18,8716466666916;33,6616813037031;1,02136328798653
18,8717858333583;33,673960465276;1,01730539333172
18,8719241666916;33,628398108292;1,01747026835403
18,8720633333583;33,6496438565487;1,03017635572232
18,8722022222471;33,6471126776256;1,00973645902457
18,872341111136;33,6123891921329;1,05383711114743
18,8724797222471;33,6298929259446;1,0863817791018
18,872618611136;33,6033413768396;1,05843565922399
18,8727575000249;33,569305174207;1,07059347341692
18,8728963889138;33,58085736633;1,03176119285348
18,8730352778027;33,5486784646759;1,01385719766174
18,8731744444694;33,5317134927601;0,981808207054087
18,8733133333583;33,5102969477025;0,918400075351968
18,8734522222471;33,4919854562449;0,963031752573073
18,873591111136;33,473795320332;0,910947037811013
18,8737300000249;33,5053293521286;0,875606294403184
18,8738688889138;33,4850521489662;0,942854506244771
18,8740077778027;33,4632675721584;0,903352407642643
18,8741469444694;33,4478780120526;0,979988310684377
18,8742855555805;33,4578539961952;0,957938065919393
18,8744244444694;33,4803387810912;0,941208967408727
18,8745633333583;33,4718169671214;0,926133884681462
18,8747022222471;33,4516883087367;0,886100730668716
18,8748408333583;33,4612068549314;0,906260137627299
18,8749800000249;33,4646948828452;0,875396734485577
18,8751188889138;33,457113961876;0,839117949853915
18,8752575000249;33,4545697754928;0,832428484753905
18,8753963889138;33,4495743524768;0,842922892916249
18,8755355555805;33,4481075807626;0,864075966249857
18,8756744444694;33,4509881506893;0,824364627191812
18,8758130555805;33,4130066018767;0,887188767421236
18,8759519444694;33,4115793192626;0,882581514859226
18,8760908333583;33,4328789055323;0,887911250794929
18,8762302778027;33,3768690948449;0,857876626477662
18,8763688889138;33,4042008948306;0,885325374603639
18,8765077778027;33,370164593431;0,915300782234056
18,8766463889138;33,3770990403278;0,925759324508476
18,8767855555805;33,3376889247061;0,903570484210945
18,8769241666916;33,355650539212;0,881302102537518
18,8770630555805;33,3307954424014;0,887920706071782
18,8772019444694;33,3308373881731;0,850447573252808
18,877341111136;33,3126600440485;0,870102981429113
18,8774800000249;33,2744086386326;0,87744417714481
18,8776188889138;33,2740722797134;0,864207004065037
18,8777577778027;33,2549396009517;0,878175458424948
18,8778966666916;33,2737221668166;0,896724401521226
18,8780352778027;33,254750655286;0,896011155270457
18,8781741666916;33,2530552935673;0,911408371467274
18,8783133333583;33,2470500900274;0,87985698619525
18,8784519444694;33,2478302406181;0,894347849027469
18,8785908333583;33,2428627499372;0,904771485721454
18,8787302778027;33,2233000763969;0,843254025525056
18,8788688889138;33,2088264238988;0,900243962410229
18,8790077778027;33,1935852371622;0,875362062638771
18,8791463889138;33,1893969463158;0,905024429347236
18,8792852778027;33,1605185505694;0,861289826736026
18,8794244444694;33,1756805316027;0,843610648051822
18,8795630555805;33,1695385381059;0,839796328762645
18,8797022222471;33,1525478339684;0,844194818922148
18,879841111136;33,1342275034487;0,916520122612638
18,8799800000249;33,1418200865685;0,865670129479071
18,8801188889138;33,1122539465333;0,902933463941451
18,8802577778027;33,1046736764503;0,918740140787548
18,8803963889138;33,0847455340214;0,917486315034893
18,8805355555805;33,0822705633324;0,863153252645361
18,8806744444694;33,0618318664496;0,826715786890418
18,8808133333583;33,0583436758587;0,834241040926997
18,8809525000249;33,043279387087;0,906600611142778
18,881091111136;33,0117991751393;0,861411795185319
18,8812300000249;32,9914017584732;0,888773917567534
18,8813688889138;32,9906624447425;0,90463347281036
18,8815077778027;32,9799831978265;0,897796339271395
18,8816463889138;32,9678127957678;0,91721856125784
18,8817855555805;32,9304370115266;0,866514670902603
18,8819244444694;32,9276368827226;0,856831674411609
18,8820633333583;32,9256713298991;0,91173111590561
18,8822022222471;32,8962261521263;0,8798931330833
18,882341111136;32,8937614912465;0,873342215996644
18,8824797222471;32,9016920171672;0,83533847694369
18,8826188889138;32,8893729211582;0,896422357779954
18,8827577778027;32,8810922547717;0,881068032395376
18,8828966666916;32,8862110586023;0,830182856039926
18,8830355555805;32,8758692970436;0,830592147742038
18,8831744444694;32,8734045208609;0,871288550893468
18,8833130555805;32,84622131121;0,799798806668946
18,8834522222471;32,8312082677525;0,772090251721124
18,883591111136;32,810851289353;0,817459065468682
18,8837300000249;32,8322184708956;0,815439351817986
18,8838691666916;32,7694491658484;0,75954170718731
18,8840077778027;32,7801007805575;0,827180110589183
18,8841466666916;32,7510099221184;0,818218729054138
18,8842852778027;32,7398351993177;0,800060210818316
18,8844244444694;32,7064424949477;0,829636176211011
18,8845633333583;32,6805377747837;0,779388365362934
18,8847025000249;32,6406571776377;0,798735123915435
18,8848408333583;32,6465551315263;0,77333546580374
18,8849800000249;32,6469052834565;0,818419088914624
18,8851188889138;32,5984340099291;0,802734625228965
18,8852575000249;32,5928608271385;0,799285787283225
18,8853969444694;32,5563316603136;0,81175670402132
18,8855355555805;32,5644123602444;0,831246690845376
18,8856744444694;32,5569126522825;0,815658675294571
18,8858130555805;32,5428278102717;0,855458804542707
18,8859519444694;32,5578691644605;0,878658574341983
18,886091111136;32,5626346774276;0,850536317808974
18,8862300000249;32,5475981077392;0,801681194309964
18,886368611136;32,5291914557153;0,847542473528165
18,8865077778027;32,5269296934504;0,848664847960919
18,8866466666916;32,5306577337695;0,875294385998842
18,8867852778027;32,5073787953884;0,845912631413398
18,8869244444694;32,525153344738;0,785160366501088
18,8870633333583;32,4923386527527;0,803843595941913
18,8872022222471;32,496365063612;0,852822311126459
18,8873408333583;32,533595267425;0,846132409597203
18,8874800000249;32,4747029435752;0,830272338217412
18,887618611136;32,4990592445191;0,841689857191568
18,8877577778027;32,5020354220638;0,825893519255089
18,8878966666916;32,4713097489209;0,808398091012009
18,8880352778027;32,4757803836128;0,810637734884097
18,8881744444694;32,4417039279232;0,814171418881187
18,8883133333583;32,4395607641591;0,800350257778518
18,8884522222471;32,4198642797727;0,792690707514936
18,888591111136;32,4213587899968;0,801038966018837
18,8887300000249;32,4057005436894;0,81355417850807
18,8888688889138;32,4058499693655;0,819464259803766
18,8890077778027;32,3914544567796;0,839286227621244
18,8891466666916;32,3983361035071;0,826433892222951
18,8892855555805;32,3630908591786;0,846801608336932
18,8894241666916;32,3432181101367;0,777692534947647
18,8895633333583;32,331209243514;0,796291867207486
18,8897019444694;32,3420224279797;0,757605070683553
18,889841111136;32,3168447939877;0,780271927819427
18,8899797222471;32,3061526233841;0,781830406281131
18,8901188889138;32,2839911943124;0,783901892411791
18,8902577778027;32,2996494193873;0,789930437871703
18,8903966666916;32,2625172253309;0,822387581773427
18,8905355555805;32,2587737070806;0,735379138953306
18,8906744444694;32,2478538662527;0,770893429046055
18,8908130555805;32,2386447480554;0,754668765916875
18,8909522222471;32,1916048003208;0,750129857362055
18,8910908333583;32,2164833258853;0,763482291206543
18,8912297222471;32,2000037927263;0,772095222283838
18,8913688889138;32,2038140894105;0,743835918782196
18,8915077778027;32,1888832419094;0,754824928532116
18,8916466666916;32,187644895487;0,746264059455626
18,8917852778027;32,1512800857884;0,742049403377479
18,8919244444694;32,1645555835563;0,708601698717899
18,8920630555805;32,1138330591089;0,724546291818626
18,8922022222471;32,106645251163;0,759956601351661
18,892341111136;32,0971257822538;0,719642754556304
18,8924800000249;32,0778181775003;0,66846410821239
18,8926188889138;32,0709534025296;0,632288308047293
18,8927577778027;32,0574885230897;0,620382306215248
18,8928966666916;32,0271955169461;0,657383409758523
18,8930355555805;32,036132622367;0,725027298031875
18,8931744444694;32,0197246098149;0,676713012475204
18,8933130555805;32,003256215302;0,723416704645558
18,8934522222471;31,9724658912683;0,705965816038628
18,893591111136;31,9873853257509;0,657780160538891
18,8937300000249;31,9624911069255;0,656533572994078
18,8938688889138;31,9476270452921;0,635605919577756
18,8940077778027;31,9627348313643;0,592455228367498
18,8941463889138;31,9497044015818;0,605074843223974
18,8942852778027;31,9321695867481;0,608600441828713
18,8944244444694;31,9231099940542;0,543932949544512
18,8945633333583;31,9089463360273;0,530319758996086
18,8947019444694;31,8871065875186;0,581258377719053
18,894841111136;31,8894779916371;0,545764781821305
18,8949800000249;31,8819694744292;0,478348217868302
18,8951188889138;31,878247647728;0,459616090856656
18,8952575000249;31,8403055129398;0,439761937321293
18,8953969444694;31,8322856451775;0,448018035424184
18,8955355555805;31,8299410147533;0,470047454478845
18,8956744444694;31,7945041830543;0,487695104320068
18,8958130555805;31,8069295357203;0,470957941149493
18,8959522222471;31,7816455042815;0,463117237524699
18,8960913889138;31,7728699249828;0,484738180956867
18,8962300000249;31,7372555479109;0,45531871879237
18,8963688889138;31,710905046516;0,486597289351351
18,8965075000249;31,6892223986367;0,446023191000762
18,8966466666916;31,6784459609239;0,494669928753382
18,8967855555805;31,657049893903;0,488103585402257
18,8969241666916;31,6576729093655;0,508796150863049
18,8970633333583;31,614759486683;0,457752997022851
18,8972022222471;31,6204413273644;0,486753311514832
18,8973408333583;31,6194865613024;0,515265096693099
18,8974800000249;31,6018540858279;0,503002111783076
18,897618611136;31,6043703785145;0,52793666508208
18,8977577778027;31,6014769235342;0,574588554713046
18,8978969444694;31,5650956627535;0,564476402260709
18,8980352778027;31,5556701734267;0,569601792976897
18,8981747222471;31,5579085939729;0,571596683498257
18,8983133333583;31,5466384297027;0,600666057962997
18,8984522222471;31,5365411434896;0,553123836592761
18,8985908333583;31,5489266869443;0,523255166889413
18,8987300000249;31,5381566559267;0,551202634385135
18,8988688889138;31,5311531997429;0,571672429522295
18,8990075000249;31,5337797086778;0,585597861501128
18,8991463889138;31,4832348366845;0,607980205047227
18,8992852778027;31,5059528373299;0,604908243794398
18,8994244444694;31,4942776555449;0,569653375894291
18,8995633333583;31,4733440127108;0,611852619275453
18,8997022222471;31,471803946632;0,619547378010225
18,899841111136;31,4855023314202;0,57164162812785
18,8999800000249;31,4679558031747;0,568452380933849
18,9001188889138;31,4462159939969;0,564258611778996
18,9002577778027;31,456825079624;0,56704927625421
18,9003963889138;31,4282355394734;0,538552036813797
18,9005355555805;31,4449880903833;0,549415148575804
18,9006744444694;31,4189221959562;0,533752037956219
18,9008133333583;31,3996811716311;0,564414508711991
18,9009522222471;31,3986035331808;0,602045373522174
18,901091111136;31,4096177605062;0,616097759533858
18,9012300000249;31,3797415765738;0,642545568325801
18,9013691666916;31,3688880893864;0,600998841372046
18,9015075000249;31,3492592031005;0,615332633200353
18,9016466666916;31,344248258468;0,586308235315641
18,9017855555805;31,3241258737744;0,572382715954831
18,9019244444694;31,3122050558673;0,566478435036572
18,9020630555805;31,3067292574923;0,551254102809764
18,9022022222471;31,2828003208443;0,54276680013362
18,902341111136;31,2637010418252;0,579995780173334
18,9024802778027;31,2814851480185;0,524989705200909
18,9026188889138;31,2381477510511;0,619391465701426
18,9027577778027;31,2391377764393;0,536304775100831
18,9028966666916;31,2152022069168;0,601763948631202
18,9030352778027;31,2160134211456;0,568317484650748
18,9031744444694;31,2198237178298;0,568674318875196
18,9033133333583;31,1973784940851;0,562062765529333
18,9034522222471;31,2125533799903;0,562776410563288
18,903591111136;31,1748669625933;0,601895845209128
18,9037300000249;31,1884139535478;0,586464143638239
18,9038691666916;31,1712173278812;0,540726783040157
18,9040080555805;31,1559367662165;0,546393833686835
18,9041466666916;31,1431250398742;0,611036355155989
18,9042855555805;31,1298419215894;0,590901011709093
18,9044244444694;31,1147903134558;0,611393207896981
18,9045630555805;31,1495938941985;0,598238837110841
18,9047019444694;31,1205953705297;0,59581177008846
18,904841111136;31,090339939439;0,596753904508432
18,9049800000249;31,102942867043;0,581834887036223
18,9051188889138;31,0853856316137;0,538344894735332
18,9052575000249;31,0938178422472;0,558939630475265
18,9053963889138;31,0668450515972;0,598187448129465
18,9055355555805;31,0693404975759;0,590084838759367
18,9056744444694;31,0555543022952;0,592844740473083
18,9058133333583;31,0571429273363;0,58351820869359
18,9059522222471;31,0562919160243;0,574170354377202
18,906091111136;31,0330529289516;0,605723581046476
18,9062300000249;31,0099544083481;0,609989645906694
18,9063688889138;31,00139846041;0,589727979813375
18,9065077778027;31,0139913173881;0,612899302949614
18,9066466666916;31,0032036355506;0,594120173710962
18,9067855555805;30,9829420202624;0,558480268384017
18,9069244444694;30,9868184940673;0,517570744229204
18,9070630555805;30,9734985135773;0,531727048537391
18,9072019444694;30,9911196418386;0,504676379181888
18,9073413889138;30,9767764183501;0,471995227546245
18,9074800000249;30,9319040536434;0,440619163384838
18,9076188889138;30,9427395787201;0,463946319082851
18,9077577778027;30,93254703509;0,463025551008172
18,9078966666916;30,9063758187489;0,501709414876927
18,9080352778027;30,8860199770283;0,542380117619757
18,9081744444694;30,8823518723922;0,520108080752721
18,9083130555805;30,888601806554;0,519544158011456
18,9084522222471;30,8638011216646;0,469925365629194
18,9085908333583;30,8799695853252;0,390755477683967
18,9087302778027;30,8623170499122;0,326781430706404
18,9088688889138;30,8431834424518;0,302914335923816
18,9090077778027;30,848213466443;0,329562939905401
18,9091466666916;30,8282347630565;0,319221381994623
18,9092855555805;30,7975258365386;0,356369596448445
18,9094244444694;30,7873993047859;0,32036470328552
18,9095633333583;30,7666931671413;0,307669213301722
18,9097022222471;30,7699464356176;0,336360213898331
18,909841111136;30,7652381038076;0,346404227405088
18,9099797222471;30,7508189695382;0,294664201811997
18,9101188889138;30,7294122815273;0,304680789412799
18,9102577778027;30,7351520008161;0,320853688999961
18,9103963889138;30,7296020999295;0,302380052597471
18,9105355555805;30,6944971497873;0,287230441151166
18,9106744444694;30,7153539567877;0,268549882361356
18,9108133333583;30,6866769367738;0,296964938627355
18,9109522222471;30,6978813800338;0,322560837859385
18,911091111136;30,6771849861167;0,318858665231062
18,9112300000249;30,6834917723678;0,312085146073287
18,9113691666916;30,6566956793652;0,238940304972232
18,9115077778027;30,6563184239443;0,236186219461217
18,9116466666916;30,6014412967056;0,172515627140854
18,9117855555805;30,5853120837113;0,191346023878083
18,9119241666916;30,6094780487172;0,189015865737872
18,9120633333583;30,5791197303588;0,208225765635888
18,9122019444694;30,5723680362489;0,260834031575939
18,9123413889138;30,5482019473751;0,22810773450783
18,9124800000249;30,5254910657237;0,229947045206387
18,9126188889138;30,4953685894081;0,283595662503558
18,9127577778027;30,5185711068827;0,278795276017803
18,9128966666916;30,4891666414754;0,286712335983623
18,9130355555805;30,4605299376533;0,288914037291931
18,9131744444694;30,4540634058987;0,251048561758523
18,9133133333583;30,4501018189791;0,238784563611659
18,9134522222471;30,434709486029;0,264847709732976
18,913591111136;30,4173978338595;0,249926940336962
18,9137300000249;30,4040279212799;0,243918259448748
18,913868611136;30,3895990584452;0,216332829629124
18,9140077778027;30,3707278324794;0,215814643981673
18,9141466666916;30,3521213053997;0,190959925435976
18,9142852778027;30,3404912240714;0,276242149919
18,9144241666916;30,3428371528447;0,287609264521251
18,9145633333583;30,3176682182054;0,248667836477267
18,9147025000249;30,3375130741185;0,284671771683549
18,914841111136;30,325856020757;0,272539950490199
18,9149800000249;30,2962616596822;0,286355438768624
18,915118611136;30,3146512940136;0,270878236080989
18,9152577778027;30,3040721985584;0,26461740019954
18,9153966666916;30,2990795882702;0,32983990840512
18,9155355555805;30,2752147233325;0,300638090750397
18,9156747222471;30,268360583992;0,250334783364792
18,9158133333583;30,2682765481578;0,304546928014133
18,9159522222471;30,2822883870238;0,289649920384392
18,916091111136;30,2666312191614;0,309095201150768
18,9162300000249;30,2273846551072;0,310171268401916
18,9163688889138;30,2595213278623;0,207921160469937
18,9165077778027;30,2618287850585;0,215785996859523
18,9166466666916;30,2450734256493;0,202356082511415
18,9167858333583;30,2097027903874;0,175396034934863
18,9169244444694;30,1965320968044;0,149873020003525
18,917063611136;30,2162953021639;0,145451605477433
18,9172022222471;30,2015917233351;0,110628656838657
18,917341111136;30,1734441533904;0,189499513976557
18,9174800000249;30,167949918843;0,138299243825372
18,9176188889138;30,1931486435809;0,170209887012959
18,9177575000249;30,1622889587067;0,18139832636021
18,9178963889138;30,1595181745077;0,17537253212268
18,9180352778027;30,1402496575176;0,206185041300046
18,9181744444694;30,1187214812521;0,16969732607464
18,9183130555805;30,1226062683704;0,192052781339129
18,9184522222471;30,1036712610088;0,224911292959405
18,918591111136;30,0971942270388;0,205293504404807
18,9187300000249;30,0887717541184;0,1595786403945
18,9188688889138;30,0870877711781;0,201965040511197
18,9190075000249;30,0540516156423;0,202298708472199
18,9191469444694;30,0660048504859;0,207283213249866
18,9192855555805;30,0047551119196;0,184744667463093
18,9194247222471;30,0209227772022;0,179386149257823
18,9195633333583;30,01315072404;0,230068739577121
18,9197022222471;29,9947613664744;0,169802142685228
18,9198413889138;30,0043393372705;0,228769218352113
18,9199800000249;29,9757012000157;0,248644521386126
18,9201188889138;29,9635782683599;0,229913146558488
18,9202577778027;29,9825203409212;0,235638964886334
18,9203963889138;29,9590315517096;0,237427667182402
18,9205358333583;29,9771296803278;0,24169326841772
18,9206744444694;29,9636080344341;0,25712496998861
18,9208130555805;29,9625299805173;0,253014976899266
18,9209522222471;29,9710029371377;0,211498046983536
18,921091111136;29,9437165731035;0,220334509683141
18,9212300000249;29,95979773775;0,213895159057842
18,921368611136;29,9561390842159;0,207863838354342
18,9215077778027;29,9499555639408;0,252502446778806
18,9216466666916;29,939186959825;0,27454682560176
18,9217855555805;29,9163820390083;0,230430765606172
18,9219241666916;29,9227728354979;0,265732719245079
18,9220633333583;29,9237855267495;0,237427667182402
18,9222022222471;29,9096878099626;0,273832958181515
18,9223413889138;29,8750534599588;0,241463714967836
18,9224800000249;29,8995606832306;0,284843621934044
18,9226191666916;29,8758673538294;0,258149242291353
18,9227577778027;29,8725976053705;0,244223380792363
18,9228963889138;29,8523817430289;0,273580943862186
18,9230355555805;29,8440813163276;0,275082036705925
18,9231744444694;29,8363089493525;0,253549990437421
18,9233133333583;29,8330577800576;0,290467856952262
18,9234522222471;29,8169070857032;0,256154090077473
18,923591111136;29,8107065890817;0,279630834782495
18,9237300000249;29,8132485498726;0,313052376553003
18,9238691666916;29,7899145199736;0,287218868771333
18,9240077778027;29,7992756990292;0,258556834214545
18,9241466666916;29,7735216078781;0,238475223179819
18,9242852778027;29,74284900606;0,179581353920355
18,9244244444694;29,7602465392792;0,198257441233466
18,9245633333583;29,7362199803547;0,171279731437721
18,9247022222471;29,738159099986;0,189672466961952
18,924841111136;29,6991604684493;0,222301860247427
18,9249797222471;29,7363065805913;0,145729454993443
18,9251188889138;29,6993206790161;0,12738257052456
18,9252575000249;29,7435115915481;0,118494833739049
18,9253966666916;29,6947743467339;0,0615288369032214
18,9255355555805;29,6835336991819;0,0841809526300494
18,9256744444694;29,6815293813777;0,137679447388422
18,925813611136;29,664482215761;0,13502487855726
18,9259519444694;29,6836858133426;0,121817425795172
18,926091111136;29,6544417862917;0,140590041853329
18,9262300000249;29,6450233121213;0,161390009367068
18,9263688889138;29,6432743789134;0,141463998207996
18,9265080555805;29,6491758933422;0,175517336302619
18,9266463889138;29,6407024286515;0,13632917350094
18,9267855555805;29,6215777758548;0,170153631664192
18,9269244444694;29,6073359992651;0,207021227850959
18,9270633333583;29,5918613142428;0,224905959887536
18,9272022222471;29,5875103106959;0,166629669851261
18,9273413889138;29,5597982563857;0,216091780995384
18,9274797222471;29,6007202540335;0,2210480344948
18,9276188889138;29,5678484707635;0,193864182504115
18,9277577778027;29,5515718260255;0,194065603458853
18,9278963889138;29,5645756361621;0,141107052758741
18,9280355555805;29,5549585969597;0,162639247248308
18,9281747222471;29,5277490372382;0,171993343922964
18,9283130555805;29,5172711056617;0,189237330708352
18,9284522222471;29,4944474726547;0,191996897711277
18,928591111136;29,5317844918309;0,213176697490212
18,9287300000249;29,4982577693389;0,23609531992858
18,9288688889138;29,5089878306377;0,20801453029344
18,9290077778027;29,4820254770282;0,221043659166128
18,9291466666916;29,4883697024788;0,235020008042454
18,9292855555805;29,4618957439551;0,189777222207567
18,9294244444694;29,4434850080795;0,195342388010886
18,929563611136;29,4453781641757;0,207808754389845
18,9297022222471;29,4310551912647;0,238113622627623
18,9298413889138;29,4182033918735;0,220865394257885
18,9299800000249;29,4420707340802;0,192020070228011
18,9301188889138;29,4146784831356;0,211799269584986
18,9302577778027;29,4104306843444;0,217314236334914
18,9303966666916;29,3762901283476;0,176052761047288
18,9305355555805;29,3826073309303;0,215299928858911
18,9306744444694;29,3992772103196;0,210138217596125
18,9308130555805;29,3563507227367;0,217185733773391
18,9309522222471;29,3174854996253;0,209062580142501
18,931091111136;29,3398367506505;0,219945277916565
18,9312297222471;29,3386554966737;0,231876572303975
18,931368611136;29,3222487831116;0,225030087120331
18,9315075000249;29,2916062845421;0,221354559602702
18,9316463889138;29,2795348561232;0,246543429956148
18,9317858333583;29,2383874328308;0,240617164589992
18,9319244444694;29,2470862972341;0,224723319650622
18,9320633333583;29,2172289549307;0,240306424229999
18,9322022222471;29,2223804058607;0,221043659166128
18,9323408333583;29,2244721321935;0,240333286129697
18,9324800000249;29,1836145865998;0,224723319650622
18,9326188889138;29,1739248379127;0,23588986959254
18,9327577778027;29,1722787853605;0,227230971155876
18,9328966666916;29,1549610658426;0,232594576639571
18,9330358333583;29,1722637508292;0,206481920273831
18,9331744444694;29,1648105939232;0,169537200420052
18,9333133333583;29,1585236043943;0,232901313804575
18,9334522222471;29,1432520803106;0,232719556408426
18,933591111136;29,1334024278791;0,19199334241452
18,9337302778027;29,1028705388896;0,215167622584289
18,9338688889138;29,1296225928929;0,18759948923946
18,9340077778027;29,0748571241244;0,231062302841593
18,9341469444694;29,0904487570711;0,221556621878506
18,9342855555805;29,0971435385548;0,255665384812431
18,9344241666916;29,0590405717132;0,207808754389845
18,934563611136;29,0588880911761;0,165550383019905
18,9347019444694;29,057611798648;0,20372246389357
18,9348408333583;29,0400539586289;0,218797161780685
18,9349800000249;29,0178551809318;0,199302088785714
18,935118611136;29,0267141207225;0,212381461270326
18,9352580555805;28,9781709764691;0,247102789804785
18,9353966666916;29,0035323363751;0,198560597780471
18,9355355555805;28,9984189473059;0,178785203753478
18,9356744444694;28,9735679062844;0,189339154407264
18,9358133333583;28,9897922506505;0,198945073947243
18,9359522222471;28,9782964734753;0,22375356390728
18,936091111136;28,9688622426227;0,215808597986268
18,9362302778027;28,9393361898797;0,236091497662926
18,9363688889138;28,9514301352927;0,262355515294843
18,9365077778027;28,9263738285208;0,228554651336339
18,9366466666916;28,867317965242;0,270044984582967
18,9367855555805;28,9113878959728;0,235121932096206
18,9369241666916;28,8978003387153;0,213969709435446
18,9370633333583;28,8774456882782;0,263967447732625
18,9372022222471;28,8855694616819;0,233305793943998
18,937341111136;28,8515014986769;0,193376266129377
18,9374797222471;28,8465554656203;0,224696725943602
18,937618611136;28,8637555162929;0,231419317680064
18,9377577778027;28,8490895451867;0,221301076044085
18,9378969444694;28,8274965980791;0,26634235500407
18,9380358333583;28,8254047017162;0,250196615109672
18,9381741666916;28,8231183944534;0,198227435693468
18,9383130555805;28,8097861026181;0,244522540406081
18,9384522222471;28,7898088645424;0,270786498761566
18,938591111136;28,7821235084175;0,267570279920932
18,9387300000249;28,7534547082325;0,272421433392481
18,9388688889138;28,7655346838972;0,237498294830914
18,9390077778027;28,7482082693456;0,217110088135854
18,9391469444694;28,7516033899794;0,215090806403623
18,9392855555805;28,76208177513;0,227250781777684
18,9394244444694;28,7242033971076;0,219309522204611
18,9395633333583;28,6967081643951;0,227737200241108
18,9397019444694;28,6890228580328;0,215604568227235
18,939841111136;28,6905670966362;0,224825938921327
18,9399800000249;28,6743568339543;0,18956486015739
18,9401188889138;28,6584147142068;0,217086130885235
18,9402577778027;28,6714649361627;0,169561157670671
18,9403966666916;28,6461911742099;0,179093089092845
18,9405355555805;28,6278981640787;0,19963654180907
18,9406741666916;28,6165895263774;0,181266287574715
18,9408130555805;28,6108776240475;0,200961023045323
18,9409519444694;28,5944287210267;0,200555914538313
18,941091111136;28,6055091231367;0,226486739195138
18,9412300000249;28,5686174813321;0,207147174867373
18,9413688889138;28,5667734399283;0,224415858469342
18,9415077778027;28,5796332022913;0,202416704344984
18,9416466666916;28,5651199388628;0,206585034181501
18,9417855555805;28,5339979955794;0,189697681658913
18,9419244444694;28,5337497022994;0,167158852887184
18,9420633333583;28,5497188195703;0,126310166696214
18,9422022222471;28,5282213906783;0,121962343076518
18,942341111136;28,5160965050829;0,143449194197132
18,9424800000249;28,5014233090985;0,133129243771634
18,942618611136;28,5025394031696;0,194269697459276
18,9427575000249;28,4935852059619;0,174492190767552
18,9428966666916;28,4881860818714;0,170252831573748
18,9430355555805;28,4607483919951;0,175159593419323
18,9431744444694;28,4637593110673;0,162152468564926
18,9433133333583;28,4567781734611;0,161183608434385
18,9434522222471;28,4221726918182;0,152800380423088
18,943591111136;28,4597006140144;0,127791534453195
18,9437302778027;28,4264557218376;0,0858444522899333
18,943868611136;28,4012057100037;0,0665548253263637
18,9440077778027;28,4293135703638;0,0845193838233911
18,9441466666916;28,4199512225404;0,0920302957699448
18,9442855555805;28,3757719796369;0,0858696577108446
18,9444241666916;28,3861619604156;0,0801715539697057
18,9445630555805;28,3983208050337;0,135888551359955
18,9447025000249;28,3520938078819;0,12283373237679
18,9448413889138;28,3433301695402;0,116778475731223
18,9449800000249;28,3329777110199;0,0989201727156797
18,945118611136;28,301920399709;0,0650248180209019
18,9452577778027;28,3029035016848;0,099925879973398
18,9453966666916;28,2973754216684;0,111977090660162
18,9455355555805;28,2969605165655;0,0797891423659109
18,9456744444694;28,2829334550407;0,101117427221538
18,9458130555805;28,2480658687325;0,0999727456046173
18,9459519444694;28,2581939483197;0,135456573558344
18,9460913889138;28,23606689242;0,136937400189481
18,9462302778027;28,2082210328595;0,117672336779862
18,9463688889138;28,2096499665217;0,100282959289189
18,9465077778027;28,1992635468516;0,134966515587138
18,9466466666916;28,1636950369427;0,110468689343406
18,9467855555805;28,1401052684711;0,123190803033964
18,9469244444694;28,1595717282428;0,130499938710642
18,947063611136;28,1486512155885;0,136937319859356
18,9472025000249;28,1399146148871;0,125900390914239
18,947341111136;28,0966985577084;0,101276153860823
18,9474797222471;28,1157809092335;0,139364116759907
18,947618611136;28,1047986030442;0,121480679669048
18,9477575000249;28,0999098496632;0,181596573434319
18,9478963889138;28,0755208972328;0,117445639954212
18,9480355555805;28,0716088600948;0,108228249822247
18,9481744444694;28,09761724948;0,0881474316423407
18,948313611136;28,0767218258622;0,0784610630161637
18,9484519444694;28,0740610931383;0,102936694722217
18,948591111136;28,0680601437798;0,07751995524211
18,9487302778027;28,0703769967092;0,0518151868643031
18,9488691666916;28,0571974117613;0,0652293654569007
18,9490077778027;28,0395749755502;0,0768279720686564
18,9491463889138;28,0343047965604;0,0574399747751499
18,9492855555805;28,026715038288;0,0567718560980666
18,9494244444694;28,0409731404576;0,0953016341293562
18,9495633333583;28,0232244176843;0,0788702291295351
18,9497022222471;28,0121440399397;0,0571289503146772
18,949841111136;28,0128720306568;0,0824740321985473
18,9499800000249;27,9965831840871;0,0936907067076902
18,950118611136;27,9789233932525;0,0482923272897722
18,9502577778027;27,9685068307358;0,0791777551042969
18,9503963889138;27,9547923319689;0,042976120320759
18,9505355555805;27,9461241167503;0,0802522059128989
18,9506741666916;27,9646073882892;0,0545993010795769
18,950813611136;27,9318599804434;0,0102503148133337
18,9509522222471;27,941170959616;0,0327055744758979
18,951091111136;27,9259940874412;-0,000768759040056466
18,9512300000249;27,9158015438111;0,0624702031079778
18,9513688889138;27,9030679927743;0,0764436231025911
18,9515077778027;27,8965902598561;0,0406234933965948
18,9516466666916;27,8838257659642;0,0481131679570126
18,9517855555805;27,8818530671814;0,0865365153987625
18,9519244444694;27,8903987562995;0,0767536837329601
18,952063611136;27,8702313957429;0,0286181319566197
18,9522022222471;27,8347003791631;0,0108095488439801
18,9523408333583;27,8354014583774;-0,0227701180898805
18,9524800000249;27,8333336447793;0,000945449766078355
18,9526188889138;27,8179721764451;-0,108616748554539
18,9527577778027;27,8214628827794;-0,106681801146379
18,9528966666916;27,8023776241373;0,00695162345127187
18,9530355555805;27,8048853595374;-0,00743024757781541
18,9531744444694;27,7760499553115;0,0471692955848653
18,9533133333583;27,7837409456062;0,0495438006847735
18,9534525000249;27,7666558403768;-0,0202745640990258
18,9535913889138;27,7533540723084;0,00843308027955914
18,9537302778027;27,7644654432987;-0,024866066235802
18,9538688889138;27,7357897358701;-0,0551843133994225
18,9540080555805;27,727824841766;-0,051149779047762
18,9541466666916;27,7330269758073;-0,0406377882953279
18,9542858333583;27,732649465986;-0,0482832160712974
18,9544244444694;27,7230894400118;-0,0313186438401942
18,9545633333583;27,7025446023341;-0,0367070732000059
18,9547022222471;27,7067696679922;-0,0437164597475714
18,9548408333583;27,7165847093062;-0,0714521487608408
18,9549797222471;27,6846089671015;-0,040527958485967
18,9551191666916;27,6802241826583;-0,0612885491229918
18,9552577778027;27,6764470663792;0,0277010599916707
18,9553966666916;27,6559974646757;-0,0294348863638447
18,9555355555805;27,6505340525952;-0,0151493166067098
18,9556744444694;27,6457717905013;-0,0477511612843102
18,9558133333583;27,638599139535;-0,0126556648790199
18,9559522222471;27,6429134592269;-0,0317428005042188
18,956091111136;27,6070632973688;-0,0447215382730519
18,9562297222471;27,6136052590746;-0,046050960484024
18,9563688889138;27,6170650027778;-0,0503791442500301
18,9565077778027;27,5922308102102;-0,0456531376663634
18,9566463889138;27,5499792440326;-0,0527889112318007
18,9567852778027;27,5649903298094;-0,0655315686513802
18,9569244444694;27,5204095210057;-0,028715347680361
18,9570633333583;27,541240764368;-0,0430234599603807
18,9572022222471;27,5176197716615;-0,0346092880598121
18,957341111136;27,4895496264505;0,0065707423896697
18,9574802778027;27,4550661276642;0,0293379251146462
18,957618611136;27,4497625016555;-0,0413230803016802
18,9577580555805;27,4651574157933;-0,0758558110135539
18,9578966666916;27,4518241806907;-0,0223458847873133
18,9580355555805;27,4360121434823;-0,0334165416937822
18,9581744444694;27,4386821657169;-0,0559512453251614
18,9583133333583;27,4128954268689;-0,0565583802287222
18,9584522222471;27,4334031282066;-0,0424888184094243
18,958591111136;27,4078097439645;-0,0405523945910602
18,9587300000249;27,4026014577146;-0,00957903009808092
18,9588688889138;27,4258836900367;0,0139048852633437
18,9590077778027;27,4160045885675;-0,00400517407658185
18,9591466666916;27,3994610319498;0,034854380138114
18,9592858333583;27,4099671612551;0,013138559587162
18,9594247222471;27,3993713280074;-0,000208925557529938
18,959563611136;27,3991417419068;-0,0195303546985883
18,9597022222471;27,3810150386115;-0,0521790550897379
18,959841111136;27,384474763749;-0,0651353414939422
18,9599800000249;27,3505014480187;-0,0674412603707708
18,9601188889138;27,3708553761522;-0,111558843128677
18,9602577778027;27,3459630593045;-0,0273859254693889
18,9603966666916;27,3685054704984;-0,0256578618531762
18,9605352778027;27,3737137926962;-0,0456768785739143
18,9606744444694;27,3713967896713;-0,0691929323973568
18,9608133333583;27,3530733982805;-0,054857383139165
18,9609522222471;27,3420829908038;-0,14612009157733
18,961091111136;27,3145558195946;-0,113095560039511
18,9612297222471;27,3180155458655;-0,0458363538126036
18,9613688889138;27,3047720903486;-0,043020760481852
18,9615077778027;27,2877881051454;-0,0372879327179305
18,9616463889138;27,286805068232;-0,0117213888972856
18,9617852778027;27,3049630423029;-0,0302030521293943
18,9619244444694;27,2462254085457;-0,0571918308449426
18,9620633333583;27,2826114731303;-0,0550962288834285
18,9622025000249;27,2376799970165;-0,00718035504303316
18,9623413889138;27,2526662831926;-0,0161789806940931
18,9624800000249;27,2393329193375;0,00156791794984201
18,9626191666916;27,2579058782534;-0,00867119876201627
18,9627577778027;27,2281516451608;0,0159005657889111
18,9628966666916;27,2281516451608;-0,040764208709021
18,9630355555805;27,1823752598499;-0,000681866966544931
18,9631744444694;27,2152644792377;-0,0326698289091496
18,9633130555805;27,2061189309961;-0,0436306366131589
18,9634525000249;27,2091699072652;-0,0501069269799927
18,963591111136;27,1823956529428;0,000111674229401615
18,9637297222471;27,1681756287607;0,019400230062331
18,9638691666916;27,1619842911093;-0,0101853715168545
18,9640077778027;27,1347437689249;-0,0193658277245277
18,9641466666916;27,1517861005356;-0,0376835661808173
18,9642852778027;27,1232378776303;-0,0481708209154874
18,9644244444694;27,1188326811611;-0,065718049445195
18,9645633333583;27,1124447872716;-0,0146153482799605
18,9647022222471;27,0847205780715;-0,0126520354826027
18,9648413889138;27,0899392291442;-0,040388122443602
18,9649797222471;27,0608805707076;-0,0217002637877783
18,9651191666916;27,0571028058779;-0,093077683038274
18,9652577778027;27,0329053237814;-0,067675948836893
18,9653963889138;27,0214744337289;-0,0945178951297976
18,9655355555805;27,0260497809873;-0,0717117660916244
18,9656744444694;27,0182695836552;-0,071523452565259
18,9658133333583;26,9958811173825;-0,0283138501752944
18,9659522222471;26,9996914140667;-0,0458598148245528
18,966091111136;26,9775946665517;-0,070542225404381
18,9662302778027;26,9913426562216;0,000291939364529981
18,966368611136;26,9761598889158;0,0177405230489853
18,9665077778027;26,9676569843024;-0,0145876535176797
18,9666466666916;26,9706968846274;-0,0195265859407527
18,9667855555805;26,9640008222453;-0,0724769553336841
18,9669247222471;26,9518049477186;-0,0773662269421038
18,9670633333583;26,9505666012962;-0,101654574459985
18,9672022222471;26,9434509753396;-0,0942204916553635
18,9673413889138;26,9367233182348;-0,120314849134644
18,9674800000249;26,9323070921596;-0,125515534290088
18,9676188889138;26,9023079035737;-0,0789298312855067
18,9677577778027;26,8830600608916;-0,0751605557101129
18,9678966666916;26,8815669212818;-0,11654557355925
18,9680355555805;26,8927797659142;-0,0795625187330984
18,9681741666916;26,8598206995961;-0,124722768471258
18,9683133333583;26,88588736602;-0,0561600592457978
18,9684522222471;26,8752214366042;-0,0829387339705931
18,9685913889138;26,8316554794375;-0,0525964829503209
18,9687300000249;26,8492775460388;-0,0726157242060026
18,9688688889138;26,8549856870921;-0,110202912346779
18,9690077778027;26,8383516373638;-0,110834982297092
18,9691466666916;26,8514988875079;-0,0820350745155167
18,9692855555805;26,8108607831538;-0,0827276344799373
18,9694244444694;26,8203790003186;-0,106217275991867
18,9695633333583;26,8040589672063;-0,103378921493402
18,9697022222471;26,7810060786266;-0,0561831023466084
18,969841111136;26,7831637536486;-0,0839419098580265
18,9699800000249;26,7802778730067;-0,106827472195164
18,9701188889138;26,767029953006;-0,111417319457445
18,9702577778027;26,7414416270728;-0,0518764270929637
18,9703966666916;26,7256317071547;-0,0858043339630683
18,9705355555805;26,7214707865771;-0,0651815697199822
18,9706741666916;26,7125482309004;-0,0889319847084948
18,9708133333583;26,6775577297969;-0,152591874663159
18,9709519444694;26,6206264419401;-0,140567172140379
18,971091111136;26,6604136295309;-0,098760571176939
18,9712302778027;26,6564122482161;-0,0951234784182304
18,971368611136;26,6350707836733;-0,105446407521868
18,9715080555805;26,6305592123948;-0,160447660356311
18,9716466666916;26,6145897837708;-0,137191413807187
18,9717855555805;26,6081167377443;-0,193705947922041
18,9719244444694;26,5812165351737;-0,199599028663954
18,9720633333583;26,5956929354203;-0,188665982231413
18,9722022222471;26,5864563768262;-0,182351127483315
18,972341111136;26,5707735527184;-0,165009933084576
18,9724800000249;26,5650876433732;-0,113701931257964
18,9726188889138;26,5474339599375;-0,102419536130355
18,9727580555805;26,5827374806687;-0,0600531554985082
18,9728963889138;26,5577859678798;-0,122139903246563
18,9730355555805;26,5661983795263;-0,119594976141542
18,9731744444694;26,5508027552028;-0,159095183281352
18,9733130555805;26,5320968605586;-0,152242541506268
18,9734519444694;26,5213942123934;-0,133504046741677
18,973591111136;26,5539708943022;-0,110596667116795
18,9737300000249;26,5394944701939;-0,15280289467961
18,9738688889138;26,5345008948097;-0,100484830397875
18,9740077778027;26,5286055317287;-0,081796712733194
18,9741466666916;26,4951686992188;-0,100535207497813
18,9742855555805;26,4977406494805;-0,0854052366506437
18,9744244444694;26,4905342314043;-0,121690257916214
18,9745630555805;26,4672582760073;-0,110596667116795
18,9747019444694;26,4357882811609;-0,141221324802785
18,974841111136;26,4612854274599;-0,111018162389826
18,9749800000249;26,4341080253871;-0,0798838003821345
18,9751191666916;26,4200416691453;-0,0872078288684293
18,9752577778027;26,4518576464581;-0,098411301956105
18,9753963889138;26,4438229423027;-0,0930724726160292
18,9755355555805;26,4162901454215;-0,0800946614072586
18,9756744444694;26,4456257246516;-0,150757369340255
18,9758130555805;26,3919718138727;-0,0753872068031853
18,9759522222471;26,4284223450107;-0,120226970872181
18,9760908333583;26,4078778579494;-0,143483750224476
18,9762300000249;26,4229277891508;-0,139236428388074
18,976368611136;26,3949539750116;-0,162332554431401
18,9765077778027;26,408956815326;-0,126491064212388
18,9766469444694;26,4016462954429;-0,142152820645521
18,9767855555805;26,394671454706;-0,0835927650567498
18,9769244444694;26,3828217614409;-0,106689029425837
18,9770633333583;26,4170467921431;-0,113723999898696
18,9772019444694;26,368850829504;-0,110857523657131
18,977341111136;26,3614576739145;-0,152985230561796
18,9774800000249;26,3809467600285;-0,0919303476525215
18,977618611136;26,3485290912834;-0,118635174814727
18,9777575000249;26,3528450003922;-0,125959296925629
18,9778969444694;26,3309706077389;-0,107613599339288
18,9780355555805;26,3349045545995;-0,158185757342494
18,9781744444694;26,3208099474777;-0,153567173267533
18,9783133333583;26,307504131924;-0,172095031137587
18,9784522222471;26,30598746885;-0,15860710136505
18,978591111136;26,2613052055934;-0,139258216630878
18,9787300000249;26,2761957241471;-0,185733198274647
18,9788688889138;26,2567347078419;-0,177855746686703
18,9790077778027;26,2363815120781;-0,217399311182248
18,9791469444694;26,2402507333751;-0,176502860249116
18,9792858333583;26,2425048600085;-0,100578756849359
18,9794244444694;26,2377151159175;-0,192507393933994
18,9795630555805;26,1845937315563;-0,236858718773902
18,9797022222471;26,1928159204069;-0,205513650541604
18,979841111136;26,2309822031485;-0,220222262411511
18,9799800000249;26,1910675516572;-0,22114683232499
18,9801191666916;26,1876393137945;-0,227518009915968
18,9802575000249;26,195610568354;-0,195452136521936
18,9803966666916;26,159728890583;-0,218730613978835
18,9805358333583;26,1826151645132;-0,227467827388523
18,9806741666916;26,1731628415038;-0,271068783749342
18,9808133333583;26,1547129535652;-0,207658934553479
18,9809522222471;26,1764957440216;-0,222128458183533
18,981091111136;26,1350598746621;-0,213130363976461
18,9812302778027;26,1393757117001;-0,190301785457962
18,9813688889138;26,1146702958058;-0,238139606637731
18,9815080555805;26,1187679982995;-0,241126618602152
18,9816466666916;26,0995571903857;-0,26860241020205
18,9817855555805;26,1124137949507;-0,246858823673222
18,9819244444694;26,0946678717721;-0,223109981949506
18,982063611136;26,0528178741163;-0,207077045252504
18,9822022222471;26,0432904032381;-0,205303029495099
18,9823413889138;26,0265883870683;-0,269526716339499
18,9824800000249;26,0300521633957;-0,291509698357828
18,982618611136;26,0176012481176;-0,325139000968335
18,9827577778027;26,0161083235519;-0,345900964442222
18,9828966666916;25,9961691793773;-0,350491082120499
18,9830355555805;25,999473720538;-0,362654586108846
18,9831744444694;26,0004223381342;-0,313064171532687
18,9833130555805;25,9768631320737;-0,293465579368188
18,9834522222471;25,9881979003404;-0,250046010946193
18,9835913889138;25,9680673912235;-0,266521130550046
18,9837297222471;25,9597474210307;-0,259865113366743
18,9838691666916;25,9360003473585;-0,259065367053637
18,9840075000249;25,938027789602;-0,229723622578319
18,9841466666916;25,9196125600254;-0,353938915429495
18,9842855555805;25,9363796130707;-0,250677679558038
18,9844244444694;25,900942106273;-0,221617981794708
18,9845633333583;25,9083081322606;-0,217720289637327
18,9847022222471;25,9040531084921;-0,213551572219075
18,984841111136;25,9008158166326;-0,188920439788888
18,9849797222471;25,9057014290597;-0,20041341539266
18,9851191666916;25,880083260895;-0,150562006326595
18,9852577778027;25,8729685091458;-0,207287734852343
18,9853969444694;25,8598533225888;-0,187988759053781
18,9855355555805;25,8631898250999;-0,207658713403646
18,9856744444694;25,8727139667919;-0,237700124376204
18,9858130555805;25,8406787318002;-0,152685635605962
18,9859522222471;25,8317836109419;-0,198450100261084
18,986091111136;25,8505805592758;-0,192978698658294
18,9862300000249;25,82029364454;-0,143366491150829
18,986368611136;25,8244506230449;-0,246248292789062
18,9865080555805;25,7947006112058;-0,233592743090355
18,9866466666916;25,8239406661095;-0,241147766217523
18,9867855555805;25,7711374516307;-0,241126618602152
18,9869241666916;25,8028902800546;-0,241148098664667
18,9870630555805;25,7816175436728;-0,214854248325736
18,9872022222471;25,7700273829487;-0,240566169876445
18,9873408333583;25,7547501163486;-0,230005669290279
18,9874800000249;25,7779626066154;-0,281740684639118
18,9876191666916;25,7410378839865;-0,25296208503093
18,9877580555805;25,7431599916986;-0,269715982116338
18,9878966666916;25,7320798153083;-0,209703821288798
18,9880355555805;25,6922002684855;-0,20022419358969
18,9881747222471;25,6933114850615;-0,212198631485251
18,9883133333583;25,7000083817505;-0,222710221463132
18,9884522222471;25,668734616074;-0,234484275475097
18,988591111136;25,6514944192818;-0,262091831764167
18,9887300000249;25,6210120458085;-0,229002781531392
18,9888688889138;25,6147250562796;-0,213551184115829
18,9890077778027;25,6248815706626;-0,203250706177187
18,9891466666916;25,5829683071368;-0,201948030070554
18,9892855555805;25,6047509646463;-0,227670847767115
18,9894247222471;25,5821410047205;-0,224434081879167
18,9895633333583;25,5862094259848;-0,254075363415666
18,9897022222471;25,5801742202771;-0,259043971354089
18,989841111136;25,578780316319;-0,189101993448958
18,9899797222471;25,5640760475429;-0,197007856334068
18,9901188889138;25,5510291207042;-0,200083926967181
18,9902577778027;25,560775695618;-0,230326575933219
18,9903966666916;25,5651245886145;-0,230887185022709
18,9905352778027;25,558044514259;-0,242240058614811
18,9906741666916;25,5441046976642;-0,285609566436108
18,9908130555805;25,5359108589251;-0,22597603941648
18,9909522222471;25,5563889452119;-0,284256533165603
18,991091111136;25,544455404326;-0,337106040333168
18,9912300000249;25,5482979428457;-0,3172543111734
18,9913688889138;25,537913915513;-0,356665369766205
18,9915077778027;25,5457223728868;-0,366174323406341
18,9916463889138;25,532669848353;-0,344590846388854
18,9917858333583;25,5120366203124;-0,413922908702631
18,9919244444694;25,539658315367;-0,358499689374952
18,9920633333583;25,531180581059;-0,380133286209656
18,9922022222471;25,5022539838423;-0,356054732714028
18,992341111136;25,4950803446932;-0,338248281074954
18,9924800000249;25,5176237234647;-0,342096067912905
18,9926188889138;25,4945704168383;-0,365003244188074
18,9927577778027;25,4892673175332;-0,393692105819525
18,9928966666916;25,4896809832862;-0,439274989854766
18,9930358333583;25,4820568042191;-0,435687780780142
18,9931741666916;25,4926036518485;-0,465769319530636
18,9933133333583;25,4816467241649;-0,476091560325358
18,9934522222471;25,4575465976375;-0,446890946246725
18,993591111136;25,46897748769;-0,470730246254021
18,9937300000249;25,4325265330237;-0,474578072901011
18,9938688889138;25,4223663063606;-0,514268282399541
18,9940077778027;25,4564712207716;-0,476491345946727
18,9941463889138;25,4234131262615;-0,510441348129916
18,9942855555805;25,4257271353741;-0,493476975192891
18,9944244444694;25,427570625792;-0,474557149399459
18,9945633333583;25,4021693627178;-0,504870327789604
18,9947022222471;25,3871501217858;-0,504388545611477
18,9948408333583;25,3929307527882;-0,461200864370113
18,9949797222471;25,3501298646416;-0,469587965699702
18,9951188889138;25,338285337386;-0,485249658637997
18,9952577778027;25,351368211064;-0,500490874468312
18,9953966666916;25,3168804429606;-0,460057957169681
18,9955355555805;25,3265002839591;-0,499979919228366
18,9956744444694;25,3092598495922;-0,496111419882624
18,995813611136;25,3084978896632;-0,489678846056847
18,9959522222471;25,2856035169309;-0,506483526793886
18,996091111136;25,2642971905901;-0,436430259248482
18,9962300000249;25,2549620524595;-0,477794022053359
18,9963688889138;25,2385161671264;-0,468676728419808
18,9965075000249;25,2268599645549;-0,444767514509863
18,9966466666916;25,2114001512525;-0,445799150084781
18,9967855555805;25,2149224713226;-0,410235493773598
18,9969241666916;25,1983801649559;-0,46427705541879
18,9970633333583;25,2093011902587;-0,420186479502036
18,9972019444694;25,1822513816186;-0,40109788345336
18,9973413889138;25,1614191801177;-0,487395026851459
18,9974800000249;25,1900279286144;-0,428363331426795
18,997618611136;25,1734531380383;-0,464808685381115
18,9977580555805;25,1543387540444;-0,454957910963685
18,9978969444694;25,1508791990365;-0,423633705862187
18,9980355555805;25,147734621328;-0,432421247238551
18,9981741666916;25,1054049266746;-0,47630175794157
18,9983133333583;25,1311923983076;-0,443864640788831
18,9984522222471;25,1187449642568;-0,436751046161362
18,998591111136;25,1109652583258;-0,440016786298401
18,9987302778027;25,1058182760298;-0,431088974711599
18,9988688889138;25,0886133406053;-0,459076782333
18,9990080555805;25,0969593362391;-0,416970456636307
18,9991466666916;25,0771793347508;-0,441340576730965
18,9992855555805;25,0847999281191;-0,43218177183104
18,9994247222471;25,0312672638646;-0,409274703336905
18,999563611136;25,0534600558763;-0,489699932231559
18,9997019444694;25,0160260771279;-0,478766967536615
18,999841111136;24,9895425110149;-0,454768161214702
18,9999800000249;24,966395870098;-0,474548774696501
19,0001188889138;24,9864638141707;-0,474948585466507
19,0002580555805;24,9858912837603;-0,483937303830601
19,0003963889138;24,967281550591;-0,454717562491112
19,0005355555805;24,9765256405204;-0,395155153525366
19,0006744444694;24,9442355744841;-0,436219416199037
19,000813611136;24,9407402539607;-0,39596718555643
19,0009522222471;24,9508344584013;-0,423262446531652
19,001091111136;24,9522322190475;-0,42989706278388
19,0012300000249;24,9858912837603;-0,442482901302526
19,0013688889138;24,9882415750313;-0,455910485786262
19,0015077778027;24,9527405384609;-0,466532306348
19,0016469444694;24,9436272575339;-0,465228629591678
19,0017858333583;24,9698859418222;-0,428062805232344
19,0019244444694;24,9189546871429;-0,454347240311222
19,002063611136;24,930131279203;-0,453624712576698
19,0022022222471;24,9343549252423;-0,450017409644772
19,002341111136;24,9247021150236;-0,482423573116762
19,0024800000249;24,9256251679085;-0,445949608637761
19,0026191666916;24,9018430977179;-0,464508178653517
19,0027577778027;24,8911407426621;-0,429154522023396
19,0028969444694;24,8899023962398;-0,438544051807213
19,0030355555805;24,8780610706796;-0,441200169926958
19,0031744444694;24,9093046575233;-0,430337305196304
19,0033133333583;24,8754862567374;-0,459567383258957
19,0034522222471;24,887678511489;-0,441249609874831
19,0035908333583;24,8932993937358;-0,486452583635867
19,0037300000249;24,8728177991537;-0,472123634867188
19,0038688889138;24,8568510370477;-0,447472183344786
19,0040080555805;24,8599598142014;-0,466210678109434
19,0041466666916;24,8601485626789;-0,482073044648814
19,0042855555805;24,8590692460433;-0,431620539978212
19,0044244444694;24,8595138585388;-0,510852506724063
19,0045633333583;24,8217913194227;-0,502886832154587
19,0047022222471;24,8340154558175;-0,520201527743779
19,004841111136;24,8223338868426;-0,568481510714548
19,0049800000249;24,7833703469586;-0,568481510714548
19,0051188889138;24,7985491115921;-0,570234782433204
19,0052580555805;24,7829598053857;-0,593912908675492
19,0053966666916;24,7893393740347;-0,577850039370048
19,0055358333583;24,794517514732;-0,632573089470725
19,0056744444694;24,7726088633784;-0,626840027476362
19,0058133333583;24,7700369131165;-0,647111279055224
19,0059522222471;24,7628295255862;-0,681090887229487
19,0060913889138;24,7573323062548;-0,661611458938012
19,0062300000249;24,7695247771877;-0,732567878496155
19,0063694444694;24,7310110377585;-0,69747597946386
19,0065077778027;24,7500602466554;-0,721284173067858
19,0066463889138;24,7341550976298;-0,704159689155176
19,0067855555805;24,6968161355331;-0,732617197877346
19,0069244444694;24,7313618471919;-0,685841755685857
19,0070633333583;24,7023366943434;-0,75813102497915
19,0072025000249;24,6915107953579;-0,814616055362535
19,0073408333583;24,6889388450961;-0,716504747118876
19,0074800000249;24,6879244024593;-0,728138970896879
19,0076188889138;24,7110697592344;-0,725834504368095
19,0077577778027;24,6897971525358;-0,727466475512443
19,0078966666916;24,692941039895;-0,67146210938219
19,0080355555805;24,6526463018961;-0,707394923500942
19,0081744444694;24,6519801298545;-0,7439816293315
19,0083130555805;24,6291158228326;-0,763911893058236
19,0084519444694;24,634801662678;-0,715362230739174
19,008591111136;24,5924455416137;-0,764812878047081
19,0087300000249;24,613048455472;-0,706604845656614
19,008868611136;24,5997128631356;-0,709148526449212
19,0090077778027;24,5577995996098;-0,654163561309673
19,0091466666916;24,5867272010152;-0,679177152449256
19,0092855555805;24,5560237787328;-0,674908568590126
19,0094241666916;24,5470350654189;-0,673253033914847
19,0095630555805;24,5284911780355;-0,637301636136215
19,0097022222471;24,4953423269761;-0,679126070740466
19,0098413889138;24,5169035142779;-0,642652064275978
19,0099797222471;24,5117926831804;-0,686582528460775
19,010118611136;24,4831806001198;-0,662883866067403
19,0102577778027;24,5068677443528;-0,712176157503706
19,0103966666916;24,4369519562649;-0,680849148561606
19,0105358333583;24,479467011043;-0,63677901064554
19,0106741666916;24,4229175130222;-0,614032281706642
19,0108133333583;24,4291078046062;-0,619763489263278
19,0109522222471;24,4448235080202;-0,626136752083085
19,0110913889138;24,4067557339103;-0,609510538267045
19,0112300000249;24,4078351979076;-0,639224299139016
19,0113688889138;24,3732571480936;-0,655499071709528
19,0115077778027;24,3844939159999;-0,622610893404726
19,0116463889138;24,3835091700155;-0,670227327999839
19,0117855555805;24,3835111415144;-0,608189959997105
19,0119244444694;24,3476292955806;-0,58648422170711
19,0120630555805;24,3615079024717;-0,572225530289074
19,0122022222471;24,3687776512973;-0,572625458597571
19,012341111136;24,3491528618139;-0,567443401366802
19,0124802778027;24,3464857357871;-0,607489686707709
19,0126188889138;24,3161621761228;-0,608159035984727
19,0127577778027;24,3305779338963;-0,634282414235088
19,0128966666916;24,3141331140471;-0,599540441604461
19,0130355555805;24,3141331140471;-0,61356753368193
19,0131744444694;24,3131156367867;-0,608770309286257
19,0133130555805;24,3012082228531;-0,63335110144638
19,0134519444694;24,2667583688625;-0,627217526099173
19,013591111136;24,3163525444339;-0,615012534990285
19,0137302778027;24,2631688694583;-0,654937072383632
19,0138688889138;24,2560895346219;-0,610702015779566
19,0140077778027;24,2683460406791;-0,619461243262208
19,0141466666916;24,2399894795708;-0,635233994447674
19,0142858333583;24,2365588632146;-0,576973961015142
19,0144244444694;24,2523078621057;-0,592055349629703
19,0145633333583;24,2387845838954;-0,670405366828675
19,0147019444694;24,2327197412842;-0,635862789746398
19,0148413889138;24,2281475185259;-0,628440119474021
19,0149802778027;24,2187789130878;-0,625012114805259
19,0151188889138;24,2083943471613;-0,620923887012793
19,0152577778027;24,1955042657831;-0,687178372744881
19,0153966666916;24,2149050029568;-0,666737244134453
19,0155355555805;24,2018245508816;-0,712630659751341
19,0156744444694;24,1637215840399;-0,717187198680307
19,0158133333583;24,1827730674607;-0,807796785983584
19,0159522222471;24,1732141739825;-0,813576391069518
19,016091111136;24,1816934953885;-0,88651598694463
19,0162302778027;24,1768020361151;-0,822544107748655
19,0163691666916;24,1655918112249;-0,834357246576502
19,0165077778027;24,137365465434;-0,759135192371303
19,0166466666916;24,1368574230054;-0,808765009455072
19,0167855555805;24,1484803973032;-0,807862328954059
19,0169244444694;24,1644488352161;-0,777662171229821
19,0170633333583;24,1027568370933;-0,800828845414827
19,0172022222471;24,1051351359046;-0,774865202625278
19,017341111136;24,089703451109;-0,753792571694731
19,0174802778027;24,0757338981947;-0,730885995303368
19,0176188889138;24,07789306775;-0,749624490068015
19,0177575000249;24,0777359236558;-0,771159894894026
19,0178966666916;24,0712273318682;-0,834377119862921
19,0180352778027;24,0589371056324;-0,838205629089714
19,0181744444694;24,0327394989054;-0,891406920121597
19,0183133333583;24,0635109364238;-0,867426010534757
19,0184522222471;24,0136911810179;-0,884969865767829
19,018591111136;24,0378837720405;-0,868213809037599
19,0187302778027;24,0044195324424;-0,854414777925882
19,018868611136;24,0064824136032;-0,886080630452966
19,0190080555805;24,0141994105596;-0,939522454781297
19,0191466666916;23,983874538962;-0,95008466170475
19,0192855555805;23,9794941181688;-0,949469477434803
19,0194247222471;23,9609791948133;-0,894497119668387
19,0195633333583;23,9922239275466;-0,888186840049741
19,0197022222471;23,9709525431943;-0,897574124363985
19,019841111136;23,9594588972743;-0,879770371886337
19,0199797222471;23,9260543572821;-0,901630616598339
19,0201191666916;23,9426912332663;-0,873896164675671
19,0202575000249;23,9119884581004;-0,883263576283241
19,0203966666916;23,9155438982572;-0,914893349325268
19,0205355555805;23,9054475558017;-0,895076555722369
19,0206744444694;23,8823935337822;-0,88044650098638
19,0208130555805;23,8697242973074;-0,844903575021021
19,0209525000249;23,8619450450687;-0,858862335623627
19,021091111136;23,8663266082478;-0,888270778190503
19,0212300000249;23,8575020199497;-0,891328246732854
19,0213688889138;23,848451760892;-0,823299798946664
19,0215080555805;23,810286265506;-0,917423251158652
19,0216466666916;23,8337183147982;-0,896287246538975
19,0217858333583;23,7965998773288;-0,878643585522781
19,0219241666916;23,7827882913292;-0,865364362121227
19,0220633333583;23,7486822537123;-0,856316480636963
19,0222022222471;23,7524925503965;-0,806383826445369
19,0223408333583;23,7523338880087;-0,865172052627685
19,0224797222471;23,7383310476944;-0,850054762059784
19,0226188889138;23,7298230075453;-0,822416763142314
19,0227577778027;23,7205515250686;-0,871206432270355
19,0228969444694;23,7120089103404;-0,872609314231312
19,0230355555805;23,6987705099629;-0,786710104033432
19,0231744444694;23,7000415094766;-0,829498003843582
19,0233133333583;23,6777162401829;-0,860160995276601
19,0234522222471;23,7021672839439;-0,826372909606334
19,0235913889138;23,6753981555998;-0,796448736490674
19,0237300000249;23,6720973882002;-0,793164031283737
19,0238688889138;23,6759068765323;-0,774073497215369
19,0240077778027;23,6348849852445;-0,783685215650564
19,0241466666916;23,6441555169275;-0,779803855151471
19,0242855555805;23,6320921867552;-0,768231462218523
19,0244244444694;23,6129443166326;-0,797172265457959
19,0245633333583;23,6285356945569;-0,857330125651345
19,0247019444694;23,5935419183534;-0,821289078854988
19,024841111136;23,5989414763183;-0,772558954453501
19,0249800000249;23,5626808624056;-0,811290641923904
19,0251188889138;23,5545515199478;-0,803501070266179
19,0252580555805;23,5388358862963;-0,831139326277878
19,0253966666916;23,5121296805788;-0,790877985303041
19,0255355555805;23,5027614993838;-0,824506375710428
19,0256741666916;23,4866334974559;-0,82206064650552
19,0258133333583;23,4898111685289;-0,792036026644183
19,0259525000249;23,4353525883674;-0,833844884345496
19,026091111136;23,4746931097328;-0,824473409277516
19,0262300000249;23,4140792917231;-0,86903106644499
19,026368611136;23,4392248021754;-0,890119757485706
19,0265077778027;23,4011557518744;-0,852338296325996
19,0266463889138;23,4128762010034;-0,838851383244759
19,0267855555805;23,4056953999889;-0,803177372408356
19,0269244444694;23,3854055701457;-0,845545952870452
19,027063611136;23,3622899928675;-0,857730218165358
19,0272022222471;23,3764509190758;-0,830415603983738
19,027341111136;23,3940443268986;-0,835147560452157
19,0274800000249;23,3907707700959;-0,774700413840549
19,0276188889138;23,3824212937891;-0,804644163719786
19,0277577778027;23,3394282127626;-0,814382667286708
19,0278966666916;23,3388574010883;-0,787515952783394
19,0280355555805;23,3343182117738;-0,856167773432219
19,0281747222471;23,3311396269887;-0,773364489650362
19,0283133333583;23,3404464628512;-0,788625788135789
19,0284522222471;23,3347301224187;-0,806733039151027
19,0285913889138;23,2941164957979;-0,792295795270689
19,0287300000249;23,298787195194;-0,809650602370198
19,028868611136;23,2961180738928;-0,801036009407937
19,0290077778027;23,2819925099023;-0,803191625558156
19,0291469444694;23,3029141451059;-0,790188168386351
19,0292858333583;23,2745945292056;-0,822558694189752
19,0294247222471;23,2706530904418;-0,781911995893893
19,0295633333583;23,275006631461;-0,821270326082953
19,0297022222471;23,264682773711;-0,822973124236881
19,029841111136;23,2737341606446;-0,807199859732435
19,0299800000249;23,2572206585996;-0,793053212687255
19,0301188889138;23,2318209455702;-0,808714610079392
19,0302577778027;23,2150877019422;-0,87394187155698
19,0303966666916;23,2306798563587;-0,850244817610417
19,0305352778027;23,2176596544498;-0,800085941222733
19,0306744444694;23,181365531049;-0,83670546057914
19,0308130555805;23,1784767919919;-0,833135554429759
19,0309522222471;23,1331041639627;-0,873777492395533
19,0310913889138;23,1472043333337;-0,847972650309373
19,0312300000249;23,1266247061465;-0,81808134042771
19,0313688889138;23,1220242556882;-0,848956422079027
19,0315077778027;23,0775660547776;-0,881958339905509
19,0316469444694;23,0808399579773;-0,911173272053247
19,0317855555805;23,0820172742222;-0,902832754413254
19,0319244444694;23,0581976907334;-0,959902589625329
19,0320630555805;23,0410866221809;-0,94895018621699
19,0322022222471;23,0570567943208;-0,936379535847493
19,0323408333583;23,0573468345581;-0,961305471586343
19,0324800000249;23,0524570077289;-0,884832017239887
19,0326188889138;23,0503234159019;-0,948790731937891
19,0327575000249;23,0078739321619;-0,921476180439242
19,0328966666916;23,0363549999918;-0,957103997838772
19,0330352778027;23,0155919120874;-0,896697349927223
19,0331747222471;23,0201921739015;-0,858901584528553
19,033313611136;23,0284808119497;-0,864053088777382
19,0334522222471;23,021272161364;-0,91992762587256
19,033591111136;22,9927911117091;-0,938825510382003
19,0337300000249;23,0262604272269;-0,948262986418939
19,0338688889138;23,0272424655273;-0,992999792643957
19,0340080555805;23,0135304299631;-0,97614243412545
19,0341466666916;23,032834801063;-0,964955646783892
19,0342855555805;22,9987018410076;-0,985527747060388
19,0344244444694;23,025055899201;-0,991403656701891
19,0345633333583;23,0079717939413;-0,991403656701891
19,0347022222471;23,0088591244646;-1,04335130307859
19,034841111136;23,0014920932076;-1,00879202056686
19,0349800000249;22,999973878228;-0,995045572149451
19,0351188889138;22,9698695395965;-0,927784692411564
19,0352577778027;22,9465952198157;-0,984337093987222
19,0353963889138;22,9850492107606;-1,00656589668333
19,0355355555805;22,963328289844;-1,02846163253548
19,0356744444694;22,9290356196865;-1,00331637896232
19,0358133333583;22,9159554425611;-1,0347698836367
19,0359525000249;22,9036056436087;-0,998695776068473
19,0360913889138;22,8973837416746;-0,9622555063101
19,0362302778027;22,881532987776;-0,994334674573736
19,0363688889138;22,8660735273353;-0,918672348456653
19,0365077778027;22,8235894132413;-0,955395679533495
19,0366466666916;22,8027557655653;-1,00536219767457
19,0367855555805;22,8029485487063;-1,04299856488257
19,0369247222471;22,7833271324195;-1,0725655603392
19,0370633333583;22,7457933694481;-1,09072580038639
19,0372025000249;22,7588143696105;-1,06340574136539
19,0373408333583;22,7602118914753;-1,10505027847853
19,0374797222471;22,7200093345324;-1,07527111840682
19,0376188889138;22,6923556538278;-1,06107177357504
19,0377577778027;22,7453229396349;-1,03840653802706
19,0378966666916;22,7250925500211;-1,03882542320935
19,0380355555805;22,6985180468117;-1,10427850183328
19,0381744444694;22,6954368478445;-1,08970753443015
19,0383133333583;22,7006795876326;-1,09126969750383
19,0384519444694;22,6998180619742;-1,12357647518039
19,0385913889138;22,714901074356;-1,09131681553271
19,0387297222471;22,6912496516616;-1,08896432905766
19,0388688889138;22,679844613441;-1,14872200964999
19,0390077778027;22,6821978088829;-1,13591973630571
19,0391466666916;22,676227171867;-1,10574047112715
19,0392855555805;22,6750877299228;-1,08573360141668
19,0394247222471;22,679879286861;-1,14888133513134
19,0395630555805;22,665499641061;-1,11343834102775
19,0397019444694;22,6703553523739;-1,15845999885042
19,039841111136;22,6811782172804;-1,09318487729269
19,0399800000249;22,6587663241068;-1,120099129669
19,0401188889138;22,6695672590222;-1,07407478312837
19,0402577778027;22,6759750039519;-1,12701930800233
19,0403966666916;22,6431728481319;-1,12471985387398
19,0405355555805;22,6469843651944;-1,14477358864391
19,0406744444694;22,6593373507885;-1,1429579616148
19,0408133333583;22,6482575366629;-1,15504217605172
19,0409522222471;22,6737889846248;-1,18117225729583
19,0410908333583;22,6371777236858;-1,15638554609853
19,0412300000249;22,6253020753136;-1,24721922432667
19,0413688889138;22,6377473525311;-1,1830528376673
19,0415077778027;22,6059328153998;-1,17429920809357
19,0416466666916;22,6279328817736;-1,18039425720386
19,0417858333583;22,6373024523003;-1,18216877261875
19,0419244444694;22,6095850282364;-1,15139321011759
19,042063611136;22,6327629869118;-1,16209663754887
19,0422022222471;22,6270845624053;-1,22526283321261
19,0423413889138;22,6123150623457;-1,20562186041636
19,0424800000249;22,6301926636692;-1,22354142525415
19,0426188889138;22,615495635553;-1,17961011837448
19,0427575000249;22,6173051785474;-1,13651611818017
19,0428963889138;22,6157139447943;-1,19512451779423
19,0430358333583;22,6225720703009;-1,1298023259383
19,0431741666916;22,6278740255754;-1,21878997785831
19,0433133333583;22,5979357927715;-1,26170242416154
19,0434525000249;22,5716401452423;-1,24909986539237
19,043591111136;22,6240385343871;-1,20621817766425
19,0437300000249;22,5967227926139;-1,20750245347094
19,0438688889138;22,5888235587639;-1,18706107184155
19,0440077778027;22,5795201919311;-1,21516568866551
19,0441466666916;22,5907931034072;-1,19778309825767
19,0442852778027;22,5626625325977;-1,19287239873495
19,0444244444694;22,5413222668408;-1,20714922031698
19,0445633333583;22,5654526473826;-1,27762312461655
19,0447025000249;22,5202079497436;-1,2306208053601
19,044841111136;22,5670089449177;-1,25317349612644
19,0449802778027;22,5485267525989;-1,30011045899411
19,0451188889138;22,5464989968644;-1,25560126356194
19,0452577778027;22,5470752538854;-1,24098318077458
19,0453969444694;22,5437690424478;-1,27815393989735
19,0455355555805;22,551802912037;-1,27607939745877
19,0456744444694;22,5491709170616;-1,28690721544555
19,0458133333583;22,508427984756;-1,27876661201626
19,0459522222471;22,5218595432706;-1,33405674421735
19,046091111136;22,517262185575;-1,32131347708872
19,0462300000249;22,5274547292051;-1,34984235692033
19,0463688889138;22,5236091438663;-1,36087056375115
19,0465077778027;22,5078918903475;-1,34447815307041
19,0466466666916;22,500396231252;-1,37916763698399
19,0467858333583;22,5218017782378;-1,33594353182474
19,0469247222471;22,4953454524054;-1,39024304767923
19,0470633333583;22,4956387518923;-1,29976873760029
19,0472022222471;22,4746466417228;-1,39087405515059
19,047341111136;22,4407650881448;-1,33913207614583
19,0474800000249;22,4430838459633;-1,32745470673086
19,0476188889138;22,4778855836563;-1,31746441530794
19,0477577778027;22,4764293623061;-1,32621765822097
19,0478969444694;22,4479745649336;-1,3117285139501
19,0480355555805;22,446676292164;-1,31803535642138
19,0481744444694;22,4363834731888;-1,31808884673097
19,0483133333583;22,4352454021114;-1,26823360869918
19,0484519444694;22,427900601457;-1,30428960001805
19,048591111136;22,4234962893674;-1,3339158663893
19,0487300000249;22,4103830994732;-1,27248302448442
19,0488691666916;22,4233054739311;-1,40002749853954
19,0490077778027;22,3644991774701;-1,3393263952417
19,0491469444694;22,39009326963;-1,32928812467728
19,0492855555805;22,3456409286221;-1,32016343261762
19,0494244444694;22,3576408272619;-1,30148975096824
19,049563611136;22,3911167954181;-1,32839243914904
19,0497025000249;22,3592327318677;-1,36188995826575
19,049841111136;22,3588815805086;-1,30950621931672
19,0499800000249;22,3232553065117;-1,34107681495584
19,0501191666916;22,3167506231599;-1,32132516561629
19,0502577778027;22,3299887048168;-1,34674143298949
19,0503966666916;22,3110951057748;-1,32749021527147
19,0505358333583;22,2961749759714;-1,32299264550699
19,0506744444694;22,2828361287326;-1,32826217954371
19,0508133333583;22,2804575094065;-1,32810314407919
19,0509525000249;22,2820470248956;-1,34883406224935
19,051091111136;22,271699629499;-1,35476863110648
19,0512300000249;22,2468941916751;-1,36929345727691
19,0513688889138;22,2546726111242;-1,38213663095354
19,0515077778027;22,2519401389097;-1,36895743641676
19,0516466666916;22,2513145422387;-1,38453648135027
19,0517855555805;22,2308639370709;-1,4067167125084
19,0519244444694;22,2602091761092;-1,40980422374105
19,052063611136;22,1850067613667;-1,38834992194191
19,0522022222471;22,2254044530629;-1,39319436238662
19,052341111136;22,2105385652521;-1,45429512471694
19,0524800000249;22,2123840333494;-1,36929345727691
19,052618611136;22,1921923539407;-1,38148748450789
19,0527580555805;22,2002807440708;-1,35039879665089
19,0528966666916;22,1968898102647;-1,36038504784489
19,0530355555805;22,217057566161;-1,33515552265419
19,0531744444694;22,1579266104089;-1,38402641407086
19,0533133333583;22,1766596280602;-1,43857994848443
19,0534522222471;22,1802168739496;-1,43780787533484
19,053591111136;22,1521756303202;-1,42254701178743
19,0537300000249;22,1673926860465;-1,41707722732968
19,0538688889138;22,1656097676761;-1,43760276294742
19,0540077778027;22,1546878569039;-1,45158956664932
19,0541466666916;22,1456114769768;-1,46549377366253
19,0542855555805;22,1078271409951;-1,4813947404744
19,0544244444694;22,1459301078367;-1,47204870383945
19,0545630555805;22,1290366864006;-1,47467163190808
19,0547022222471;22,0956908235217;-1,54967612215609
19,054841111136;22,122717131468;-1,53197687448252
19,0549802778027;22,0933153655645;-1,57549071922037
19,0551188889138;22,0882072269606;-1,6092404942975
19,0552577778027;22,0925859542584;-1,63141062563847
19,0553966666916;22,0677804003102;-1,73245971705595
19,0555355555805;22,0889366603577;-1,7374449441599
19,0556744444694;22,0572159404621;-1,6379114679464
19,0558133333583;22,0354910755744;-1,67353101409526
19,0559522222471;22,0553464122441;-1,70086242936239
19,056091111136;22,0417576644876;-1,66883345854356
19,0562300000249;22,0319757288728;-1,69190651738504
19,0563688889138;22,0227061810667;-1,70029478443365
19,0565077778027;22,0040294930092;-1,68044947555529
19,0566466666916;22,0121590067671;-1,7311203868112
19,0567855555805;21,9965429928114;-1,72533744079746
19,0569244444694;21,9945988515849;-1,70335492507337
19,0570633333583;21,9715198851925;-1,6690011042468
19,0572022222471;21,9815189198039;-1,70138825573309
19,057341111136;21,937605444199;-1,67285899726619
19,0574800000249;21,9498999797095;-1,72019401375451
19,0576188889138;21,9493875482435;-1,78816652560562
19,0577580555805;21,9334169183509;-1,73459817349902
19,0578966666916;21,9226560856774;-1,7656863551062
19,0580355555805;21,9346587929729;-1,7534496264081
19,0581744444694;21,9333845324059;-1,73132459931287
19,0583133333583;21,8945325567026;-1,70957107666666
19,0584525000249;21,8504775261234;-1,74121175988654
19,0585913889138;21,8876933581409;-1,72139918915019
19,0587300000249;21,8548002106182;-1,73894063652278
19,0588691666916;21,8519129752472;-1,78016706328847
19,0590077778027;21,8578810420466;-1,7952144939087
19,0591466666916;21,8216475821428;-1,76490637712149
19,0592855555805;21,8304870372903;-1,77346088931674
19,0594244444694;21,8437205463515;-1,77407467076407
19,0595633333583;21,8438818830219;-1,78533418185904
19,0597022222471;21,8112973760372;-1,79072866289249
19,0598413889138;21,8182905483137;-1,7712559937363
19,0599800000249;21,8023856984788;-1,77943237175151
19,0601188889138;21,7843789078246;-1,81343008514841
19,0602577778027;21,7982203713449;-1,86970385359751
19,0603966666916;21,7733548645364;-1,81530840069883
19,0605355555805;21,7600661713701;-1,83763055952829
19,0606744444694;21,7882484462514;-1,8488903502444
19,0608133333583;21,7512584647125;-1,83665224767668
19,0609522222471;21,7506581586958;-1,81953003491799
19,061091111136;21,7313859977738;-1,82852256380986
19,0612297222471;21,7402489251602;-1,86517215318975
19,0613688889138;21,7143615866035;-1,86417955413566
19,0615077778027;21,6943637874827;-1,91665846544527
19,0616466666916;21,6741331657423;-1,88708474484287
19,0617852778027;21,6673404636167;-1,89604861429373
19,0619244444694;21,6466993878502;-1,86204955078063
19,0620630555805;21,6702315315796;-1,8991160751261
19,0622022222471;21,6446723516385;-1,85367091690051
19,062341111136;21,6212426428061;-1,88188703398365
19,0624800000249;21,6414300819858;-1,83378822389261
19,0626188889138;21,6177515902166;-1,84413838326438
19,0627577778027;21,621913158832;-1,87966031564144
19,0628969444694;21,6208913815287;-1,87334702255302
19,0630358333583;21,5945935806943;-1,88023563884849
19,0631744444694;21,5885986797709;-1,86148070889104
19,0633133333583;21,5987363847157;-1,89849553723857
19,0634522222471;21,5899002055766;-1,94182017570614
19,063591111136;21,5709515290938;-1,89339439575861
19,0637300000249;21,5740322375731;-1,93274319503078
19,063868611136;21,5782527709302;-1,93976730737188
19,0640077778027;21,5524997672376;-1,95887768497516
19,0641466666916;21,5634884125096;-1,99927684879938
19,0642855555805;21,5592012875093;-1,95882881865327
19,0644244444694;21,5528190405634;-1,97740899750343
19,0645633333583;21,5147160737217;-1,95965651053638
19,0647022222471;21,5239307363657;-1,94546230506236
19,064841111136;21,5339613410849;-1,97242022814925
19,0649800000249;21,4931516532039;-1,98313673330608
19,0651191666916;21,472392573523;-1,95213129015468
19,0652575000249;21,5065277704491;-1,9390012463117
19,0653966666916;21,5144678030801;-1,94265385836638
19,0655352778027;21,4954481665376;-1,98496962730496
19,0656744444694;21,4680691900625;-1,98824440048256
19,065813611136;21,4602321002463;-1,9750810731266
19,0659522222471;21,4781042167419;-2,00980772572427
19,0660908333583;21,4806885553473;-2,00829658397203
19,0662300000249;21,4457568508976;-1,9471760345269
19,0663688889138;21,4551879556194;-1,94567597893626
19,0665077778027;21,4415046423225;-1,96591452929155
19,0666466666916;21,4556966892984;-2,01708032693989
19,0667858333583;21,4317221894006;-1,95352351479261
19,0669247222471;21,4304838429783;-2,00947487089741
19,067063611136;21,4264823986682;-1,9527510073051
19,0672022222471;21,4202940080924;-1,95164590404522
19,0673408333583;21,391838436418;-1,96367060656797
19,0674800000249;21,3791468459744;-1,97160301845503
19,0676188889138;21,4042246170402;-1,92563480806498
19,0677580555805;21,3590368250192;-1,93537067221624
19,0678966666916;21,3854338355033;-1,95488165537188
19,0680355555805;21,3664459168305;-1,95065403439028
19,0681747222471;21,3368458019649;-1,96630164259352
19,0683133333583;21,3381159695699;-1,99512224399786
19,0684522222471;21,3499028189234;-1,91231275053721
19,068591111136;21,3303426313534;-1,95233434418776
19,0687300000249;21,3179294484817;-1,93938405711205
19,0688688889138;21,3435205719775;-1,90881864176563
19,0690077778027;21,2971309218736;-1,93610375973782
19,0691469444694;21,3199927019786;-1,98306280835203
19,0692858333583;21,2979643677396;-1,97852448506688
19,0694244444694;21,2689678664406;-1,95768996755888
19,069563611136;21,2753501133866;-2,00006121216151
19,0697022222471;21,2575369763881;-1,97623071057802
19,0698408333583;21,2461060863356;-1,98618019109645
19,0699800000249;21,255158983951;-2,02395755481814
19,0701188889138;21,2290542783236;-2,01454914476716
19,0702577778027;21,2515060475738;-1,99913047817211
19,0703966666916;21,223185657274;-1,97684506885048
19,0705358333583;21,2272169709238;-1,99803072157763
19,0706741666916;21,1951178956419;-1,99974997986766
19,0708130555805;21,2067112874427;-1,97014210367786
19,0709525000249;21,2094405358984;-1,95197849427277
19,0710908333583;21,1601225690384;-1,98196257910251
19,0712300000249;21,1858123696331;-1,99455742176386
19,0713688889138;21,1537403220925;-1,95202782860849
19,0715077778027;21,1731483310284;-1,98196257910251
19,0716463889138;21,1517722988701;-1,97660731454312
19,0717858333583;21,1598481827374;-2,01479656809346
19,0719244444694;21,1378734024649;-2,00693824529986
19,0720633333583;21,1430173029885;-2,02151036033536
19,0722022222471;21,1136159996412;-1,95462848388431
19,072341111136;21,1210740107973;-1,94739345979764
19,0724797222471;21,1278749326871;-1,94661671247329
19,0726188889138;21,0965272909372;-1,949678424132
19,0727577778027;21,1083680895275;-1,99321466173797
19,0728966666916;21,104824532537;-2,03713550514451
19,0730358333583;21,0992402706249;-2,04364266982313
19,0731744444694;21,0837466084968;-2,0548343382406
19,0733133333583;21,0992618103349;-2,06032152206075
19,0734525000249;21,0701591477898;-2,11778385920863
19,073591111136;21,0692880621499;-2,10951312336022
19,0737300000249;21,0915827888009;-2,16890434369407
19,0738688889138;21,0694293651021;-2,23242149403114
19,0740077778027;21,0466031031463;-2,21966438590005
19,0741469444694;21,0605334604446;-2,16125987949343
19,0742858333583;21,0571041934288;-2,11757373844227
19,0744244444694;21,0252791354478;-2,14828877420362
19,0745633333583;21,0485653663028;-2,15042409467034
19,0747025000249;21,0386040892193;-2,15156873089043
19,0748408333583;21,0382156414039;-2,15095775037935
19,0749800000249;21,0157423091143;-2,18493728039107
19,0751188889138;21,0216779093268;-2,15855432142581
19,0752577778027;20,9721811701847;-2,17974011237246
19,0753969444694;20,994171339559;-2,19332575288746
19,0755355555805;20,9754399490197;-2,13991603251557
19,0756744444694;20,9658200044047;-2,24375811689822
19,0758133333583;20,9549872552239;-2,21165187476598
19,0759522222471;20,9678563714706;-2,2139412245952
19,0760908333583;20,9284257834769;-2,21867783403962
19,0762302778027;20,9371857083012;-2,19680777502299
19,0763688889138;20,8950200608945;-2,16110182346216
19,0765080555805;20,9095895709051;-2,13001091440378
19,0766466666916;20,9019689775368;-2,1028396613986
19,0767855555805;20,9027299456478;-2,12211196857294
19,0769244444694;20,8919767970299;-2,12746338007591
19,077063611136;20,8865706424114;-2,12273846355868
19,0772022222471;20,8612730812172;-2,10591722094122
19,077341111136;20,8451139634823;-2,19066805231921
19,0774800000249;20,8664850716792;-2,15119672545546
19,0776188889138;20,8520627378575;-2,14864920331405
19,0777577778027;20,827867353913;-2,20154450604275
19,0778966666916;20,8442270313217;-2,27290810852199
19,0780355555805;20,8337886611664;-2,22574789962101
19,0781744444694;20,8106642252561;-2,29296123926008
19,0783133333583;20,7963409401796;-2,30522856570394
19,0784522222471;20,7910608304634;-2,38473439265266
19,078591111136;20,7585521791172;-2,38727343366139
19,0787300000249;20,7780193060438;-2,35271614940126
19,0788688889138;20,7866697522965;-2,35058131650527
19,0790075000249;20,7544276766538;-2,31987419747077
19,0791463889138;20,7275032560073;-2,31320077396708
19,0792858333583;20,7478883432676;-2,34333752830696
19,0794244444694;20,7317229939555;-2,33205688290104
19,0795633333583;20,7403938644336;-2,3607765660208
19,0797022222471;20,7331246877334;-2,39487388032526
19,079841111136;20,7424510780283;-2,51029412021256
19,0799800000249;20,7077282790959;-2,51107017368352
19,0801188889138;20,7150553914839;-2,50571824908201
19,0802580555805;20,7144246221393;-2,46631736729648
19,0803966666916;20,7080863198797;-2,45429611003078
19,0805355555805;20,706138507716;-2,44883021083578
19,0806744444694;20,7036245014314;-2,45230390812856
19,0808133333583;20,7122684620873;-2,49364648498553
19,0809522222471;20,6713606190168;-2,50567437668451
19,081091111136;20,6631735533319;-2,39982808274917
19,0812300000249;20,6856259876019;-2,45449794890277
19,0813688889138;20,658544608866;-2,46975814226502
19,0815077778027;20,6404998057972;-2,42563707761263
19,0816466666916;20,6410146148522;-2,47874905794066
19,0817858333583;20,6517905959064;-2,4542654090794
19,0819244444694;20,6493072024517;-2,41836763111144
19,0820633333583;20,6380912431983;-2,43922257611007
19,0822025000249;20,6096080129942;-2,48833876388088
19,082341111136;20,6083696665719;-2,51732701958417
19,0824797222471;20,6135306707347;-2,51503739353711
19,0826188889138;20,6043202786098;-2,53028233730188
19,0827575000249;20,5762087024322;-2,59401590762747
19,0828966666916;20,5663165593348;-2,57666520510017
19,0830355555805;20,5731079693784;-2,58983476732374
19,0831744444694;20,56964912262;-2,58183082599527
19,0833133333583;20,5271899332784;-2,54862265560405
19,0834522222471;20,5077292576663;-2,5086980893735
19,0835908333583;20,5230011584464;-2,5522171749804
19,0837300000249;20,4979834237875;-2,54080535790092
19,0838688889138;20,4772468841929;-2,5681339513684
19,0840077778027;20,4835714423353;-2,52055203527931
19,0841463889138;20,4667711121476;-2,56959193303314
19,0842855555805;20,4527752290667;-2,54763318323108
19,0844244444694;20,4304794825443;-2,56157794287932
19,0845633333583;20,4395023615721;-2,55299001719138
19,0847025000249;20,4522021830709;-2,54345445979953
19,0848413889138;20,418318646914;-2,50510557544806
19,0849800000249;20,4143207956151;-2,51843460533661
19,0851188889138;20,3916465701249;-2,56309492261963
19,0852577778027;20,3877480245958;-2,57038224725076
19,0853966666916;20,3817819988226;-2,57787065144913
19,0855352778027;20,3814233898559;-2,598426791794
19,0856744444694;20,3661822031192;-2,5755806346875
19,0858133333583;20,3864021194376;-2,55798715441301
19,0859522222471;20,3851334978782;-2,54039366191989
19,086091111136;20,3614921689795;-2,57439221818834
19,0862302778027;20,3418675719471;-2,54673532976369
19,086368611136;20,3494881653154;-2,55508044750178
19,0865080555805;20,3150386137047;-2,5446580668083
19,0866466666916;20,3310097955061;-2,56183771475213
19,0867855555805;20,3374988605784;-2,49953844498421
19,0869244444694;20,3175327292345;-2,55798715441301
19,087063611136;20,2851014513612;-2,57001185693579
19,0872025000249;20,2852887483801;-2,53867676254058
19,087341111136;20,2769151433002;-2,56866786448865
19,0874802778027;20,2515314688447;-2,58411211343855
19,0876188889138;20,2542027685425;-2,55393678280035
19,0877575000249;20,2408109026671;-2,58298185249561
19,0878966666916;20,2231621490848;-2,55778740027023
19,0880352778027;20,2271792108627;-2,58468529222782
19,0881744444694;20,2129999064286;-2,55168981818099
19,0883133333583;20,1994637810267;-2,56580386861873
19,0884522222471;20,2092968005304;-2,53607217831177
19,088591111136;20,2068318965225;-2,59749836703219
19,0887300000249;20,1828767271343;-2,56032166657451
19,0888688889138;20,1890642168511;-2,5681380517058
19,0890077778027;20,1664165394594;-2,57423638862338
19,0891466666916;20,1665237533367;-2,59504985956625
19,0892852778027;20,1792231874239;-2,58584583528966
19,0894244444694;20,1672840226206;-2,63487438272261
19,0895630555805;20,1849024071253;-2,55204797703794
19,0897022222471;20,1637950719476;-2,60399751036857
19,0898413889138;20,1603363026026;-2,60859256422847
19,0899802778027;20,1483892997476;-2,60020409379419
19,0901188889138;20,1496276461699;-2,58355553307854
19,0902580555805;20,1363929036278;-2,59868660008766
19,0903966666916;20,1552876594961;-2,58432851554443
19,0905355555805;20,136744428554;-2,6041550213032
19,0906744444694;20,1347379736363;-2,60056177638577
19,090813611136;20,1447737602927;-2,63335788091041
19,0909525000249;20,1309927367569;-2,60801925303116
19,091091111136;20,1416363476829;-2,65610455463383
19,0912300000249;20,140203200312;-2,60650250087434
19,0913688889138;20,1353192639412;-2,66204535912675
19,0915075000249;20,1203914844549;-2,64277668670326
19,0916466666916;20,0720770376777;-2,62575645673854
19,0917858333583;20,0914884303919;-2,59631007723314
19,0919244444694;20,0891870830762;-2,6127441549082
19,092063611136;20,1152857147469;-2,62018729733938
19,0922022222471;20,0645135114304;-2,61577885270759
19,092341111136;20,1062130498772;-2,64383583170525
19,0924800000249;20,0468952336917;-2,63321401114351
19,092618611136;20,1004043093459;-2,59442031893573
19,0927577778027;20,0681184795249;-2,66865894551427
19,0928963889138;20,0935138743592;-2,60572851014788
19,0930355555805;20,0670854616922;-2,66828673765349
19,0931747222471;20,0695703799223;-2,67255055863868
19,0933130555805;20,0587047096029;-2,641746036478
19,0934525000249;20,0566307271116;-2,70514730693577
19,0935908333583;20,0606461476252;-2,65059221726617
19,0937300000249;20,0623013425043;-2,68609416180459
19,0938688889138;20,0670367395952;-2,67730458706026
19,0940077778027;20,0430549462316;-2,69545591880262
19,0941469444694;20,0610060569186;-2,7286671532255
19,0942855555805;20,0250851661347;-2,75476245207986
19,0944244444694;20,0475767967835;-2,74404042566371
19,0945633333583;20,0280086723467;-2,77791008171593
19,0947022222471;20,017502882701;-2,80718306806051
19,094841111136;20,0148740444753;-2,83847750264985
19,0949802778027;20,0350641557898;-2,79780787658405
19,0951188889138;19,9926517355832;-2,83675848135027
19,0952575000249;19,9973367912405;-2,84815504490604
19,0953966666916;19,9969147023646;-2,87438046580175
19,0955358333583;19,9965672425415;-2,8567859423942
19,0956747222471;20,0261185957337;-2,85413817705256
19,0958133333583;20,0101471985823;-2,81245166995504
19,0959522222471;19,9583439498828;-2,81114899384843
19,096091111136;19,9908834070669;-2,81592835663432
19,0962300000249;19,9807609093103;-2,78817339547317
19,0963688889138;20,003608400211;-2,80729796016954
19,0965080555805;19,9729875891012;-2,825249561585
19,0966466666916;19,9898980068567;-2,81531603204041
19,0967855555805;19,9467424234098;-2,82931374677534
19,0969244444694;19,9668906413465;-2,7707935278313
19,0970633333583;19,9602999763108;-2,84513153676457
19,0972022222471;19,9630625061684;-2,82035326243985
19,0973408333583;19,936874890813;-2,8258655158038
19,0974800000249;19,943715591376;-2,87984491892865
19,097618611136;19,9575947538771;-2,86538785434362
19,0977577778027;19,9520124537101;-2,85221957392997
19,0978969444694;19,9049960691363;-2,80984419930468
19,0980355555805;19,9243156949047;-2,87703777292302
19,0981744444694;19,927985176488;-2,81233679409132
19,0983133333583;19,921139766924;-2,81764547218796
19,0984522222471;19,8590569619428;-2,82341539033615
19,098591111136;19,9056069673272;-2,86169391079898
19,0987300000249;19,862175509191;-2,86345311458493
19,0988688889138;19,9046126885109;-2,92571068423004
19,0990077778027;19,8565493104375;-2,84414311878405
19,0991466666916;19,8668119470851;-2,8437708113604
19,0992858333583;19,8684491651814;-2,82832536129837
19,0994244444694;19,8599939161002;-2,81588370042624
19,0995633333583;19,8730285487669;-2,78595190890886
19,0997022222471;19,8504525677467;-2,82129481656145
19,0998413889138;19,8307403446632;-2,91445654199347
19,0999800000249;19,8275206824327;-2,90930544010939
19,1001188889138;19,7952889732597;-2,90963303396614
19,1002577778027;19,8235962552638;-2,90503719168396
19,1003966666916;19,7997185260928;-2,94002390518705
19,1005355555805;19,7869091120131;-2,88631197432508
19,1006747222471;19,7769543699872;-2,9321249533449
19,1008133333583;19,7670296697581;-2,92701061290398
19,1009525000249;19,7646411879787;-2,94799537309837
19,1010913889138;19,7507181793515;-2,9565829862257
19,1012300000249;19,7489641058253;-2,93159009038763
19,101368611136;19,741287614585;-2,95141901689863
19,1015080555805;19,7197676991312;-2,95617189652503
19,1016466666916;19,7265953791446;-2,94758114657029
19,1017852778027;19,6946364724395;-2,99036904638044
19,1019244444694;19,7025011289361;-2,99572484233525
19,1020633333583;19,7079312975262;-2,9697565465799
19,1022022222471;19,6916192914572;-3,03258246817455
19,102341111136;19,6602711813379;-3,05162487125494
19,1024800000249;19,6321308739877;-3,06522281958456
19,102618611136;19,6419090529267;-3,08947109307471
19,1027577778027;19,6511038007263;-3,01211387132912
19,1028966666916;19,6465605516439;-3,04730248507738
19,1030355555805;19,6212788533299;-2,97188777394535
19,1031744444694;19,6042847635141;-3,03939819454442
19,1033133333583;19,6289947041154;-3,00622850022086
19,1034522222471;19,6113818179455;-3,02111573247129
19,1035913889138;19,5957425713408;-3,03159371451073
19,1037297222471;19,5787131220091;-3,07588652066073
19,1038691666916;19,5724093968223;-3,1272620216256
19,1040077778027;19,5639540723656;-3,15094235827431
19,1041466666916;19,5518190093397;-3,1588718981742
19,1042855555805;19,5479510340166;-3,12475866332974
19,1044244444694;19,5316785360841;-3,15093906738767
19,1045630555805;19,527360828438;-3,08202572069152
19,1047025000249;19,5448721463039;-3,09498073604578
19,104841111136;19,5161603318141;-3,07837299464785
19,1049802778027;19,5419119838106;-3,10987139424395
19,1051188889138;19,5082690880596;-3,12763437961192
19,1052575000249;19,5035205377383;-3,0888924149896
19,1053966666916;19,473864154672;-3,07775646483083
19,1055355555805;19,4976498322292;-3,12018894551287
19,1056744444694;19,4586475137767;-3,04990134136801
19,1058133333583;19,4847654535014;-3,11555120899899
19,1059519444694;19,467132383672;-3,05620107040994
19,106091111136;19,4520668762031;-3,12492498474981
19,1062297222471;19,4333189263057;-3,17093475990103
19,1063688889138;19,4158370706168;-3,15371441324481
19,1065077778027;19,4068277402883;-3,09993231891823
19,1066466666916;19,4140122543321;-3,1642625533251
19,1067852778027;19,4088607713997;-3,13351632414225
19,1069247222471;19,3967056468176;-3,12725815688282
19,1070633333583;19,4000030855159;-3,15474492125111
19,1072022222471;19,3926601757197;-3,1753700672991
19,107341111136;19,3817985773029;-3,15735027346437
19,1074800000249;19,3640741361912;-3,11961407446893
19,1076188889138;19,3399428213186;-3,1306913074167
19,1077580555805;19,3256530890623;-3,2091567001666
19,1078966666916;19,3292960653078;-3,17677294926006
19,1080355555805;19,3280422395551;-3,1221041116911
19,1081747222471;19,3085547111891;-3,1354729902657
19,1083130555805;19,2976637928787;-3,1413718531779
19,1084522222471;19,2582434966498;-3,1499632908708
19,1085908333583;19,2684669989404;-3,09825303081129
19,1087297222471;19,2717539900023;-3,13469954159098
19,108868611136;19,2609031197885;-3,13031890420532
19,1090077778027;19,2502835971669;-3,12246357056463
19,1091466666916;19,2478209896161;-3,14062706403351
19,1092855555805;19,2506397036359;-3,11408309038592
19,1094244444694;19,244533786254;-3,06217892324304
19,1095633333583;19,215872796738;-3,1415701497551
19,1097022222471;19,2534019205927;-3,13183715530766
19,1098413889138;19,1949919519836;-3,12532160548318
19,1099800000249;19,2105981180497;-3,14344340571233
19,110118611136;19,2281196577203;-3,07113841153995
19,1102577778027;19,2133541893233;-3,13011602708292
19,1103966666916;19,2285423708987;-3,16661671609805
19,1105355555805;19,2102091015091;-3,16837941870108
19,1106744444694;19,2183078603618;-3,12745176885704
19,1108133333583;19,1879429336935;-3,13465344988907
19,1109525000249;19,1969580064043;-3,11672974244092
19,1110908333583;19,1797582804113;-3,15566614621866
19,1112297222471;19,2015955508097;-3,20424483697363
19,1113688889138;19,1960876903545;-3,26792723618294
19,1115077778027;19,1504757682733;-3,3051472491228
19,1116466666916;19,1520131755791;-3,34122135669105
19,1117855555805;19,193325514525;-3,30408383833594
19,1119247222471;19,1785770291693;-3,37603409728771
19,1120633333583;19,1552151108963;-3,33875506394321
19,1122022222471;19,1457765840598;-3,35046632708725
19,1123408333583;19,1631405422951;-3,34751640936062
19,1124800000249;19,1464598002749;-3,34579468611264
19,1126191666916;19,1427147838945;-3,37202586311346
19,1127577778027;19,1366940907681;-3,35979802696983
19,1128966666916;19,0978042000922;-3,39758839805054
19,1130355555805;19,1249222056047;-3,33517825146657
19,1131744444694;19,1096436871943;-3,3135721527085
19,1133133333583;19,1232960355036;-3,34447957024315
19,1134522222471;19,1055309374482;-3,35197343361816
19,113591111136;19,0930030856956;-3,38186879368092
19,1137300000249;19,0829656439686;-3,39316657647046
19,1138688889138;19,1000634621241;-3,34620817506161
19,1140077778027;19,0817679443506;-3,303880554372
19,1141466666916;19,0821689819427;-3,38498784069748
19,1142855555805;19,074040683476;-3,37030430443181
19,1144244444694;19,065810699586;-3,30253103885229
19,1145633333583;19,0666809803655;-3,29548567198879
19,1147022222471;19,0661106278434;-3,30464823830368
19,114841111136;19,0502665978997;-3,32808059840002
19,1149802778027;19,0091394141078;-3,33422443836116
19,1151188889138;19,0284693194309;-3,37426581428136
19,1152580555805;19,0253959214314;-3,41668124820896
19,1153969444694;18,9990176765581;-3,38327167564188
19,1155355555805;19,0227470273176;-3,32975576039831
19,1156744444694;18,9839695356453;-3,3146938272771
19,115813611136;18,9953292811518;-3,29486860641069
19,1159522222471;18,9990853872345;-3,35062984894333
19,116091111136;18,9998135801555;-3,3481217692713
19,1162302778027;18,9785304196681;-3,32901078731422
19,1163688889138;18,9920415511281;-3,34968120874362
19,1165077778027;18,977147468276;-3,33613788010936
19,1166463889138;18,9709163187782;-3,3185455202607
19,1167855555805;18,9633817336299;-3,31663201293384
19,1169244444694;18,9439108410292;-3,34675970067113
19,1170633333583;18,9525646373291;-3,29907414185863
19,1172022222471;18,9070092655361;-3,32978979005219
19,1173413889138;18,9389803555209;-3,35380516544382
19,1174800000249;18,9399066065732;-3,36378221877581
19,1176188889138;18,9095286414703;-3,38784377424386
19,1177580555805;18,9066088263662;-3,33556145142205
19,1178966666916;18,90233878223;-3,36336239287795
19,1180355555805;18,8803599573102;-3,38014034269551
19,1181744444694;18,8801173909415;-3,38090703911752
19,1183133333583;18,8862518315269;-3,36716657372708
19,1184522222471;18,8422779204426;-3,38403277272874
19,1185913889138;18,8620083431026;-3,36586389762039
19,1187300000249;18,8599301296085;-3,37595674001307
19,1188691666916;18,8526421416987;-3,37065774849845
19,1190077778027;18,820482842468;-3,34920615410343
19,1191466666916;18,8232447981583;-3,39797032653075
19,1192855555805;18,8046511751625;-3,37982045465731
19,1194244444694;18,7703298123627;-3,3929317416403
19,1195630555805;18,7996565964377;-3,4327012024761
19,1197022222471;18,7850491323515;-3,46283521573997
19,1198408333583;18,7606937386896;-3,48381845154142
19,1199800000249;18,7618337376118;-3,47976228360045
19,1201188889138;18,7678397414239;-3,47143304962682
19,1202577778027;18,7355799571298;-3,48625988616709
19,1203966666916;18,7330164401691;-3,51494663720874
19,1205355555805;18,7411038270186;-3,45424202292506
19,1206744444694;18,7012270259882;-3,48781911609822
19,1208133333583;18,6710912327254;-3,52446239941236
19,1209522222471;18,7041751316863;-3,57871786736823
19,1210913889138;18,696430833277;-3,60703985202431
19,1212300000249;18,702112454348;-3,60526442679688
19,1213688889138;18,672187251214;-3,55644391029998
19,1215077778027;18,6939819399708;-3,53441850928687
19,1216466666916;18,6623935615402;-3,51317119725039
19,1217855555805;18,6570683763916;-3,56420384548696
19,1219244444694;18,6687998776386;-3,58294234025155
19,122063611136;18,6732399522697;-3,63619572097986
19,1222022222471;18,6570559532536;-3,64383963133096
19,1223408333583;18,6435443399653;-3,56371524531281
19,1224800000249;18,6293787299035;-3,62556218448529
19,1226188889138;18,5935613343555;-3,55561014208496
19,1227580555805;18,6043546283219;-3,57360347945186
19,1228966666916;18,6074850032998;-3,58199252715099
19,1230358333583;18,6098906423156;-3,6207121409501
19,1231747222471;18,5951838562646;-3,5950073208792
19,1233133333583;18,5865853275733;-3,62853216900049
19,1234522222471;18,5890780700195;-3,58694234205097
19,1235908333583;18,5756400785492;-3,58526707586316
19,1237300000249;18,5615030809154;-3,56419561311208
19,123868611136;18,5668281046281;-3,59458622031826
19,1240080555805;18,5521645215954;-3,54549719559358
19,1241469444694;18,5640236279607;-3,5754865311099
19,1242855555805;18,5302707949918;-3,57533031488006
19,1244244444694;18,5473682469647;-3,55221098783545
19,1245630555805;18,5079187946674;-3,48150984180492
19,1247022222471;18,5216291230512;-3,51398835783411
19,1248413889138;18,4999339511435;-3,52212100621688
19,1249800000249;18,492218100358;-3,5963415742572
19,1251188889138;18,5064515722321;-3,60603332614826
19,1252580555805;18,5008871353501;-3,61744032941456
19,1253966666916;18,4843593255184;-3,66578423132611
19,1255358333583;18,469767930346;-3,60640593227976
19,1256744444694;18,4826919804116;-3,61352099120469
19,1258133333583;18,4425191798167;-3,62069392176736
19,1259522222471;18,4433469337823;-3,60238851506773
19,126091111136;18,4544068519588;-3,59764608876188
19,1262300000249;18,4347478550384;-3,67782021471655
19,126368611136;18,4308345163776;-3,67666244124919
19,1265077778027;18,4308899296457;-3,75093835471571
19,1266466666916;18,3963817364552;-3,71955734799428
19,1267855555805;18,3836562808871;-3,71138476624083
19,1269244444694;18,3863159067457;-3,69572445976158
19,1270633333583;18,3761520974108;-3,67468296026018
19,1272022222471;18,3925093197026;-3,6419323790852
19,127341111136;18,3790160278588;-3,68655026797381
19,1274802778027;18,3801676131001;-3,67640789028593
19,127618611136;18,3621872075253;-3,70257361948447
19,1277577778027;18,3563355214314;-3,73527804552609
19,1278966666916;18,3405053285679;-3,77363574614662
19,1280355555805;18,3410744911206;-3,8059070787935
19,1281744444694;18,347056385609;-3,80777825185052
19,1283133333583;18,3125891030907;-3,78966868284365
19,1284522222471;18,3241349329509;-3,78447413264161
19,1285913889138;18,3099982141399;-3,79763554355537
19,1287302778027;18,2989517016744;-3,781024087113
19,1288691666916;18,3151234216472;-3,74283281623087
19,1290080555805;18,3051597782055;-3,75051636961999
19,1291466666916;18,3121078995666;-3,79080529295479
19,1292855555805;18,2756053612549;-3,76827522822896
19,1294247222471;18,2643878847516;-3,86270720320911
19,129563611136;18,2577683481072;-3,85473114091712
19,1297025000249;18,2715899205962;-3,78862839908763
19,1298413889138;18,2392187395455;-3,81365754785128
19,1299797222471;18,2335796943312;-3,75050626528872
19,1301188889138;18,2373824070026;-3,72188042579879
19,1302577778027;18,2454268236673;-3,74881237926647
19,1303969444694;18,2035864187975;-3,76899938459024
19,1305355555805;18,2109594360438;-3,76081610193918
19,1306744444694;18,2199154052258;-3,77763390411701
19,1308133333583;18,1824461916312;-3,77357565762685
19,1309525000249;18,1822199705223;-3,75675795230566
19,131091111136;18,1842551656308;-3,82760349133554
19,1312300000249;18,1985905156678;-3,85528844278019
19,131368611136;18,198706768581;-3,79839911632499
19,1315075000249;18,1528366142421;-3,82381198692315
19,1316466666916;18,1517816212542;-3,80128860636273
19,1317855555805;18,1438946726872;-3,81847963672783
19,1319244444694;18,1761279520184;-3,83622724136205
19,132063611136;18,1464159553476;-3,79572167770175
19,1322022222471;18,1398515307818;-3,82266526752312
19,132341111136;18,1662193644198;-3,86693994472947
19,1324802778027;18,1326632439813;-3,86935028177373
19,1326188889138;18,1085767501897;-3,81973193464739
19,1327577778027;18,1259749219131;-3,85658014870393
19,1328966666916;18,1106120920957;-3,82590558053775
19,1330355555805;18,1248924419832;-3,87324186087366
19,1331744444694;18,0834097682107;-3,83867670677486
19,1333133333583;18,057445740628;-3,86267567576934
19,1334522222471;18,0501136391647;-3,92640134186956
19,133591111136;18,0343671658077;-3,85813888033286
19,1337300000249;18,0123432408983;-3,93051503916854
19,1338688889138;18,0303377839638;-3,91990433389452
19,1340077778027;18,0043738312176;-3,8445554461812
19,1341469444694;18,0269528503668;-3,91604081336402
19,1342858333583;18,0179558355119;-3,91681493656529
19,1344247222471;18,0115211487959;-3,88698111560072
19,1345633333583;17,9733114712011;-3,90251841956564
19,1347022222471;17,9811988611681;-3,8492975905076
19,1348413889138;17,9603264814074;-3,88005040788673
19,1349800000249;17,979616108371;-3,88525492815484
19,135118611136;17,9727977397894;-3,87660974284202
19,1352580555805;17,9284691491159;-3,9570531032154
19,1353966666916;17,9349311741487;-3,97751644341355
19,1355355555805;17,9770262540511;-3,9647072418104
19,1356747222471;17,9444694852009;-3,95517113265737
19,1358133333583;17,9497943425124;-3,95704126641766
19,1359522222471;17,9567844560364;-4,00138777401114
19,136091111136;17,9471902428723;-3,95075112949633
19,1362300000249;17,9448947798366;-3,91431462591814
19,1363688889138;17,9169096353638;-3,96413962345505
19,1365080555805;17,9158131411839;-3,9257717843908
19,1366469444694;17,9167106087526;-3,96236238194322
19,1367855555805;17,9401743642862;-4,01341247653389
19,1369247222471;17,908954577336;-4,00097610412271
19,1370633333583;17,9229751967688;-4,06814717642175
19,1372025000249;17,8871427376633;-4,06028647911185
19,137341111136;17,8971063225851;-3,96485086573898
19,1374802778027;17,8834969005976;-4,01203189798221
19,1376188889138;17,8970516331182;-3,95362279702005
19,1377580555805;17,8926108555017;-4,00156584845905
19,1378966666916;17,8797559946522;-3,95131866147054
19,1380358333583;17,8682094773928;-3,98681322685249
19,1381744444694;17,8625293957371;-4,00401542963374
19,1383130555805;17,8838130212736;-3,99831962109397
19,1384519444694;17,8654480723637;-3,98763636836054
19,138591111136;17,8769049203095;-3,97381971415564
19,1387300000249;17,8501882545011;-4,00686454472662
19,1388688889138;17,8664276081929;-4,04350583670828
19,1390077778027;17,8406356691334;-3,99561406302635
19,1391463889138;17,8540316015746;-4,0099327200198
19,1392855555805;17,8236964220796;-4,03668768313295
19,1394244444694;17,8470705146672;-4,03039764995825
19,1395633333583;17,8264577933152;-4,03324673283714
19,1397022222471;17,8193248513594;-3,99732829315587
19,139841111136;17,816618083698;-4,05766891288525
19,1399800000249;17,8204760090907;-4,12539730698091
19,1401188889138;17,8352305420927;-4,09623147140559
19,1402580555805;17,8131165384521;-4,13631381314809
19,1403966666916;17,8009745559697;-4,16374280231469
19,1405355555805;17,8031677583735;-4,20579518625888
19,1406744444694;17,7985425750444;-4,21991948410931
19,1408133333583;17,777455945944;-4,18091983269775
19,1409525000249;17,784802658762;-4,24220335681622
19,141091111136;17,8161945559722;-4,18816498367195
19,1412302778027;17,7757365340891;-4,23303987188106
19,1413688889138;17,7794131183;-4,17977271690938
19,1415080555805;17,7809176333115;-4,18670662728377
19,1416466666916;17,7662532274353;-4,16734958361207
19,1417855555805;17,7551535830039;-4,20841051068857
19,1419244444694;17,7347673004475;-4,21455723009444
19,142063611136;17,7411872963109;-4,17924434532054
19,1422022222471;17,7470269775922;-4,18165554757542
19,142341111136;17,7159178849886;-4,22182812295588
19,1424802778027;17,7156642404818;-4,18566378174967
19,1426188889138;17,695848777944;-4,2227063381423
19,1427577778027;17,7271695273426;-4,22002377510151
19,1428969444694;17,6904448236328;-4,26280164442292
19,1430355555805;17,698767161521;-4,24890424093778
19,1431744444694;17,66754734041;-4,19808995884549
19,1433133333583;17,674338895303;-4,19522878650997
19,1434522222471;17,665472080967;-4,23345135958527
19,143591111136;17,6337234208502;-4,24790284223099
19,1437302778027;17,6502552893183;-4,25576372111351
19,1438688889138;17,6522728013879;-4,26794401310224
19,1440077778027;17,6317293486717;-4,27658907291811
19,1441466666916;17,6353757974131;-4,26608426861617
19,1442855555805;17,6069172086068;-4,25285079285035
19,1444244444694;17,6178689412999;-4,25591931057951
19,1445633333583;17,5921714985054;-4,27503060986268
19,1447022222471;17,6072348423077;-4,35582454737272
19,144841111136;17,5775223380632;-4,3134710478347
19,1449802778027;17,57815448083;-4,34436674468259
19,1451188889138;17,5464863883299;-4,34779459355536
19,1452577778027;17,5508310387815;-4,3413114978043
19,1453966666916;17,549009514118;-4,26679691405906
19,1455355555805;17,5339075838393;-4,30798152019949
19,1456744444694;17,5431574531603;-4,2909570243107
19,145813611136;17,5340530144995;-4,26435692384302
19,1459522222471;17,5176326001773;-4,32876830685973
19,146091111136;17,5216475902619;-4,34250702438396
19,1462300000249;17,4867691970356;-4,33635027633412
19,1463688889138;17,4962681052872;-4,37851939200596
19,1465077778027;17,4965059048162;-4,38466634675092
19,1466466666916;17,4706619663696;-4,41745457670874
19,1467855555805;17,477334942772;-4,41657665145382
19,1469244444694;17,483478947705;-4,40964561532226
19,147063611136;17,4543868551399;-4,39647378894787
19,1472022222471;17,435978793784;-4,34805028962467
19,1473413889138;17,465972242778;-4,38003935597197
19,1474802778027;17,4543868551399;-4,40397914251139
19,1476194444694;17,4440669047144;-4,39492515206925
19,1477580555805;17,3804763619381;-4,46903327723024
19,1478966666916;17,4144195665992;-4,44008029808285
19,1480355555805;17,363990329261;-4,43676305426888
19,1481744444694;17,3967940685356;-4,44932621903118
19,148313611136;17,3397213285162;-4,43980961107556
19,1484522222471;17,33956437277;-4,41251619658388
19,148591111136;17,3152774228012;-4,41044929574915
19,1487300000249;17,3364094499859;-4,43696740383626
19,1488688889138;17,2998618116286;-4,41430488793941
19,1490080555805;17,3161634278278;-4,40786173806376
19,1491466666916;17,3090848767989;-4,47554271990475
19,1492855555805;17,2862938109116;-4,41271364922335
19,1494244444694;17,2790649815765;-4,46410265512512
19,1495633333583;17,2780107354042;-4,41426004510134
19,1497022222471;17,2891579500788;-4,41106090862382
19,149841111136;17,2566842335225;-4,45273414437355
19,1499800000249;17,2449109226685;-4,41408956789562
19,150118611136;17,2502385101266;-4,4633205647425
19,1502580555805;17,2577273332302;-4,50470558259167
19,1503969444694;17,2616928981268;-4,47519265541189
19,1505355555805;17,2441757539293;-4,48721735793464
19,1506744444694;17,2473206537788;-4,43041090693143
19,1508133333583;17,2151069767496;-4,48677622621287
19,1509522222471;17,2057533653585;-4,49277178604183
19,151091111136;17,2352831304268;-4,51908569822194
19,1512302778027;17,2294845070157;-4,48328222512257
19,1513688889138;17,1987779616007;-4,50491412965948
19,1515075000249;17,1855774402104;-4,5147542328526
19,1516466666916;17,1942994960953;-4,52006514313348
19,1517855555805;17,1846374768134;-4,45234859922064
19,1519244444694;17,1792778716257;-4,50109335568021
19,1520633333583;17,1305891302844;-4,52844238146201
19,1522025000249;17,1748899622168;-4,4863286039668
19,152341111136;17,1498954287364;-4,54849077073567
19,1524800000249;17,1398121239872;-4,54540997299216
19,1526188889138;17,1318596275256;-4,52119026088508
19,1527577778027;17,1079715924671;-4,54646949499852
19,1528966666916;17,1105756921071;-4,52171138130052
19,1530355555805;17,092052692924;-4,51143025997308
19,1531741666916;17,0841371678451;-4,57036572210546
19,1533133333583;17,0812193866645;-4,59385959643703
19,1534525000249;17,0573422404907;-4,55310285243354
19,1535908333583;17,0715863763441;-4,60877736379987
19,1537300000249;17,0463245985045;-4,60016681241092
19,1538688889138;17,0530633392817;-4,56400276449523
19,1540077778027;17,0604395449391;-4,57331428566869
19,1541469444694;17,050675933929;-4,52695884576971
19,1542855555805;17,040192868215;-4,55231092692188
19,1544244444694;17,0310128038485;-4,56895471056231
19,1545633333583;17,0396688966538;-4,56235755433374
19,1547022222471;17,0284087042084;-4,59586322376657
19,1548413889138;17,0251344817441;-4,54392641357947
19,1549800000249;17,0546646525726;-4,58908468689143
19,1551188889138;17,0352546878358;-4,57697117891084
19,1552575000249;17,0383186227664;-4,58079245852122
19,1553966666916;17,0345311333123;-4,57583869216097
19,1555355555805;17,0522967493805;-4,59030936158052
19,1556747222471;17,0295761417973;-4,52461269530443
19,1558133333583;17,0280157311032;-4,66068976454525
19,1559522222471;17,0236809116577;-4,67861048840626
19,1560913889138;17,0153982659791;-4,70099832837545
19,1562297222471;17,0285824131588;-4,64287649592148
19,1563688889138;17,0054348608025;-4,61166129951926
19,1565077778027;16,9875988537581;-4,61842870438588
19,1566466666916;17,0214763205416;-4,68601648691566
19,1567852778027;16,9911174292844;-4,66346772622148
19,1569247222471;17,0138984165028;-4,71303932873013
19,1570633333583;16,9971887693263;-4,71818012270001
19,1572022222471;17,0116867612545;-4,71529495617898
19,157341111136;16,9795630525664;-4,74608377898295
19,1574802778027;16,9901411875266;-4,70243353984102
19,1576188889138;16,9830278293196;-4,72287112795618
19,1577577778027;16,9751210247463;-4,73656660697574
19,1578966666916;16,9664647056496;-4,72591677674075
19,1580355555805;16,9553007803222;-4,70101462620738
19,1581744444694;16,9433878019685;-4,71000967141467
19,1583133333583;16,9531169796777;-4,66365387420518
19,1584525000249;16,9436912222156;-4,66940507252855
19,158591111136;16,9428571686616;-4,67810381400724
19,1587300000249;16,9213733302542;-4,68995854642682
19,1588688889138;16,9060881732536;-4,40669129720368
19,1590077778027;16,929392421309;-4,1535385900319
19,1591469444694;16,9165648193782;-3,95240638119091
19,1592855555805;16,9051477502168;-3,86766703444232
19,1594247222471;16,9010899856828;-3,75303153705869
19,1595633333583;16,88332461909;-3,69177533459288
19,1597022222471;16,8570065116637;-3,65220508499522
19,1598413889138;16,8704005690243;-3,61605902707589
19,1599800000249;16,852251342548;-3,6494840834718
19,1601188889138;16,8647125911338;-3,5914868773479
19,1602577778027;16,846833395044;-3,5694893783182
19,1603966666916;16,8301834911518;-3,57811591436985
19,1605355555805;16,8487243073473;-3,61009891781026
19,1606744444694;16,8505877944327;-3,58406510403296
19,160813611136;16,8487500003808;-3,58876597130003
19,1609522222471;16,8163540178349;-3,59094881760765
19,161091111136;16,8141244033104;-3,55497272552799
19,1612300000249;16,8239132674635;-3,59416406649785
19,161368611136;16,8042140240339;-3,59756240399517
19,1615077778027;16,7968901131625;-3,56273643399888
19,1616466666916;16,7816326893005;-3,54905578465673
19,1617858333583;16,7886513152378;-3,51139403079955
19,1619247222471;16,7594080422123;-3,5413490886566
19,1620633333583;16,7543494577254;-3,59171342841759
19,1622025000249;16,7714091870098;-3,52986243496593
19,1623413889138;16,7762583809015;-3,55319049580177
19,1624800000249;16,7586321361098;-3,57647522416161
19,1626188889138;16,7769990494688;-3,57647522416161
19,1627577778027;16,7303728326081;-3,5532189873939
19,1628969444694;16,7450383614022;-3,53411232488008
19,1630358333583;16,7439940701393;-3,52727208861501
19,1631744444694;16,7057714203261;-3,56314784553223
19,163313611136;16,6995624295764;-3,5335891581293
19,1634525000249;16,7490618528587;-3,54772451268332
19,1635913889138;16,702636355622;-3,55652021330641
19,1637300000249;16,6938315847571;-3,5479658032165
19,1638691666916;16,720305901455;-3,5654283157447
19,1640077778027;16,6938315847571;-3,52827824784839
19,1641469444694;16,6910803618925;-3,53803717668112
19,1642855555805;16,6983773443355;-3,54295157154598
19,1644247222471;16,6909927876146;-3,55306401883098
19,164563611136;16,6799849120329;-3,57253861912992
19,1647022222471;16,6841994685172;-3,58476170990099
19,164841111136;16,6568557248987;-3,59528534806878
19,1649800000249;16,6625333196664;-3,56950810314427
19,1651188889138;16,6256956745221;-3,61881134224637
19,1652577778027;16,6332020784145;-3,59470485684915
19,1653966666916;16,6198869450429;-3,62215310007159
19,1655355555805;16,6120490356782;-3,64399367686573
19,1656744444694;16,6259923217569;-3,59697076117865
19,1658133333583;16,6114831010714;-3,59231164732142
19,1659525000249;16,5934674742388;-3,59893990569708
19,166091111136;16,6043532121545;-3,58843066949271
19,1662300000249;16,5913254408945;-3,62841467230515
19,1663688889138;16,5931295043788;-3,59930811311656
19,1665077778027;16,5745619366793;-3,60559658888801
19,1666469444694;16,545543455112;-3,54861821479756
19,1667855555805;16,555428740857;-3,67566302629785
19,1669244444694;16,5655396468168;-3,56499047722986
19,167063611136;16,52752608936;-3,63810204273773
19,1672022222471;16,5118853555814;-3,61134707962458
19,1673413889138;16,5308183182824;-3,6306947505193
19,1674797222471;16,5149076450285;-3,59971892671112
19,1676188889138;16,5041443977933;-3,59462064295104
19,1677577778027;16,5155868912381;-3,60028567860709
19,1678966666916;16,5023061732226;-3,63713869236636
19,1680355555805;16,4838350842874;-3,67712264661355
19,1681747222471;16,4764321224368;-3,63134579910911
19,1683133333583;16,4705981906546;-3,72384751133438
19,1684522222471;16,4645823563318;-3,66733505712321
19,1685908333583;16,4587715615734;-3,66868060034702
19,1687300000249;16,4578408397227;-3,67404884936508
19,168868611136;16,4528939163535;-3,63235208440531
19,1690077778027;16,4458580061825;-3,66433313819482
19,1691463889138;16,4521531431172;-3,68798527031515
19,1692855555805;16,4173279930767;-3,68781567038187
19,1694244444694;16,4229191464395;-3,63919271642544
19,1695633333583;16,4200216744986;-3,7128423034525
19,1697022222471;16,3869439921524;-3,65960215031325
19,169841111136;16,3987265864372;-3,66814274663523
19,1699800000249;16,3828525072194;-3,62032738188253
19,1701188889138;16,3629078065684;-3,64720918477391
19,1702577778027;16,3748572017604;-3,63121894282295
19,1703966666916;16,3756041410836;-3,63267761996747
19,1705355555805;16,4018103036495;-3,67615858323776
19,1706744444694;16,380526021578;-3,66474349336147
19,1708133333583;16,3974202792611;-3,62066643870165
19,1709525000249;16,3825399967868;-3,68138530093006
19,171091111136;16,3562560334654;-3,68182455565429
19,1712300000249;16,3553589076642;-3,71762893904821
19,1713688889138;16,3583280034582;-3,7110153526607
19,1715077778027;16,3566127334169;-3,69656863168876
19,1716466666916;16,3408492521886;-3,7336910681156
19,1717855555805;16,3439937986186;-3,70352315899737
19,1719247222471;16,3514818572511;-3,66746257268602
19,1720633333583;16,3361405714257;-3,68757467173623
19,1722022222471;16,3152730999321;-3,67308472637632
19,172341111136;16,3187662906998;-3,67722093089282
19,1724802778027;16,3077576891179;-3,67251864656484
19,172618611136;16,2748305962233;-3,67343980839183
19,1727577778027;16,2911842930134;-3,71248754708728
19,1728966666916;16,2671147454379;-3,72236012222828
19,1730358333583;16,2965680619317;-3,71600059652866
19,1731747222471;16,244732897028;-3,70431485297269
19,1733133333583;16,2366522624947;-3,69207809730213
19,1734522222471;16,2234253878877;-3,69401876426627
19,173591111136;16,2462065912572;-3,71502358683497
19,1737300000249;16,2136378237483;-3,70482472635592
19,1738688889138;16,2118267981591;-3,68754532793378
19,1740077778027;16,1927898688676;-3,6955911400847
19,1741466666916;16,1815205948539;-3,69365048137706
19,1742855555805;16,1651998021554;-3,71126889230004
19,1744244444694;16,1586009879595;-3,69870645432482
19,174563611136;16,1552560001239;-3,78174302781318
19,1747022222471;16,1216322855772;-3,73524751139186
19,174841111136;16,1135402296013;-3,75285277894577
19,1749800000249;16,0929641444992;-3,77282050999099
19,1751188889138;16,1089087657946;-3,77282050999099
19,1752577778027;16,1049024747373;-3,78077923726136
19,1753969444694;16,0694402733442;-3,75519003553512
19,1755355555805;16,0887741659949;-3,7621114715428
19,1756744444694;16,0650615753764;-3,78056730707115
19,1758133333583;16,0426105739478;-3,7791210906052
19,1759522222471;16,0516049572542;-3,76337593656535
19,1760908333583;16,0437082069682;-3,76672806273564
19,1762302778027;16,0183901334017;-3,7781444082398
19,1763691666916;16,047818773228;-3,78712472404777
19,1765077778027;16,0354273980397;-3,77229577902926
19,1766463889138;16,0188980293531;-3,79546703307551
19,1767855555805;16,0370900005672;-3,75091215058751
19,1769244444694;16,0278803907709;-3,7716295172271
19,1770633333583;16,0152927220983;-3,78465927776278
19,1772022222471;16,0216829523591;-3,79218034974213
19,177341111136;16,0224238507168;-3,78817211556787
19,1774800000249;16,005128953041;-3,81361004862484
19,1776188889138;16,0275034467602;-3,82284334117514
19,1777577778027;16,0396102309232;-3,79558022689778
19,1778969444694;16,0113827641907;-3,79365238508404
19,1780355555805;16,0155974350442;-3,78509823086006
19,1781747222471;16,0093880093946;-3,79263169602166
19,1783133333583;15,9881832407679;-3,83434293691354
19,1784522222471;16,0034588251969;-3,82745982217412
19,178591111136;16,0122798456834;-3,80535096285348
19,1787300000249;16,003823068348;-3,84104414179967
19,1788688889138;16,001082824466;-3,78737748043162
19,1790077778027;16,0049652162263;-3,79842560948944
19,1791469444694;16,0336014253555;-3,79968715644685
19,1792855555805;15,9773949730305;-3,7837955547534
19,1794244444694;15,9691216973626;-3,82948648975113
19,1795633333583;15,9827667164291;-3,79402071441024
19,1797022222471;15,980130754151;-3,78835396626147
19,1798413889138;15,9996210872692;-3,80348090918903
19,1799800000249;16,0100453156862;-3,81186572407844
19,1801188889138;15,9730971913002;-3,85292448611597
19,1802577778027;15,965997531889;-3,80959895561551
19,1803966666916;15,9827348537911;-3,79288738927383
19,1805355555805;15,9475847297991;-3,83554212018157
19,1806747222471;15,9533259825566;-3,86494918863875
19,180813611136;15,9766295988871;-3,85519127111709
19,1809525000249;15,9391279192734;-3,84384493730138
19,181091111136;15,9420846754139;-3,88129198513906
19,1812302778027;15,9371289578103;-3,87239819857427
19,1813688889138;15,9370978914834;-3,80612835213159
19,1815077778027;15,8992390150118;-3,95252226542439
19,1816466666916;15,8968669913927;-3,93044172665844
19,1817855555805;15,9018431146519;-3,88742643424268
19,1819244444694;15,9086619319997;-3,87224101322994
19,1820633333583;15,9024076292758;-3,85489332850648
19,1822025000249;15,9048353656617;-3,86520070292133
19,182341111136;15,8939196550795;-3,83479395613085
19,1824800000249;15,8840597723596;-3,81064561228357
19,1826191666916;15,8682129033716;-3,8715461061048
19,1827580555805;15,8768050484878;-3,81693271339628
19,1828966666916;15,8560829983068;-3,84992092050013
19,1830355555805;15,8656377842553;-3,89716755629968
19,1831747222471;15,8332990495227;-3,90831512079819
19,1833133333583;15,859970449956;-3,94097686315664
19,1834522222471;15,8248836523318;-3,89927712886444
19,183591111136;15,8332891899374;-3,93621540912454
19,1837300000249;15,8503620328555;-3,98166703547955
19,1838688889138;15,8198554380289;-3,95465560397992
19,1840077778027;15,8145877404128;-3,91617423825335
19,1841463889138;15,7923887582427;-3,93036694261195
19,1842855555805;15,8164267137194;-3,94332593088774
19,1844244444694;15,807976436453;-3,90141500602081
19,1845633333583;15,7757561032664;-3,95648413805247
19,1847022222471;15,7623643162754;-3,91433400591492
19,184841111136;15,773529876652;-3,92960182273708
19,1849802778027;15,7869730637284;-3,94961289015438
19,1851188889138;15,7754442672605;-3,91894989872134
19,1852580555805;15,7940202491901;-3,92251963745184
19,1853969444694;15,7855330671953;-3,93621540912454
19,1855355555805;15,774166483294;-3,89296007472774
19,1856744444694;15,7431261312577;-3,90672591630167
19,1858133333583;15,7674760674207;-3,95329440944923
19,1859522222471;15,7489275461586;-3,98017680754486
19,186091111136;15,7484148312976;-3,98657507202702
19,1862300000249;15,7285611679274;-4,02123506703785
19,1863688889138;15,7324190933201;-4,01137841871389
19,1865077778027;15,7107565382184;-3,98139169611278
19,1866469444694;15,7217148505624;-3,98847391857453
19,1867855555805;15,6932997031035;-4,02394062510547
19,1869244444694;15,736990708176;-4,00592079570407
19,1870633333583;15,7026536759621;-4,01725705038342
19,1872022222471;15,7110594528379;-4,02779105764139
19,187341111136;15,7053623504315;-4,00417991064614
19,1874802778027;15,6846178747511;-4,04291809068752
19,1876188889138;15,6934258081849;-4,03474367074028
19,1877580555805;15,6853828546452;-4,05564929219491
19,1878966666916;15,7047984960767;-4,03276386663632
19,1880358333583;15,6401049720127;-4,08669259760984
19,1881747222471;15,6835198889674;-4,06523765847635
19,1883133333583;15,6489483382668;-4,04269035046653
19,1884522222471;15,6414847453838;-4,11086963645869
19,1885908333583;15,6550240612427;-4,04232191356553
19,1887300000249;15,656766710717;-4,08285330973226
19,1888688889138;15,6543339188246;-4,11203379246072
19,1890080555805;15,6353856835946;-4,09557360677795
19,1891466666916;15,6175211260832;-4,13284018526934
19,1892855555805;15,6068896587263;-4,15363672544359
19,1894244444694;15,6210971138327;-4,12289433898144
19,1895630555805;15,6127721410063;-4,15485906982553
19,1897025000249;15,5870657336144;-4,18466819368501
19,1898413889138;15,6239595142897;-4,18502599386528
19,1899800000249;15,5613652851484;-4,22428267554747
19,1901188889138;15,5710702572035;-4,20250083207011
19,1902580555805;15,5659348960299;-4,23477674623007
19,1903966666916;15,5481512803229;-4,24458154207628
19,1905352778027;15,5312371775237;-4,34053176000157
19,1906747222471;15,5436568371948;-4,37933095507924
19,190813611136;15,5279193365561;-4,38838183656461
19,1909525000249;15,4979765894319;-4,39149471165319
19,1910913889138;15,4864023551108;-4,4553573756931
19,1912300000249;15,5204045993619;-4,51317448652375
19,1913691666916;15,4894901751507;-4,53428724760715
19,1915075000249;15,4863969178334;-4,58701124323005
19,1916466666916;15,4722699538862;-4,56853165863819
19,1917855555805;15,4386467630698;-4,65420690116247
19,1919241666916;15,4149646536809;-4,6570402256973
19,1920630555805;15,4144010729954;-4,63292132682972
19,1922019444694;15,4096517587243;-4,65626443855507
19,192341111136;15,4011147994592;-4,70052392822089
19,1924800000249;15,3825952543946;-4,72168925292806
19,192618611136;15,4031387071109;-4,73173541540848
19,1927577778027;15,3790707122818;-4,7600410015155
19,1928966666916;15,3675204389158;-4,74610718001944
19,1930352778027;15,3458044288847;-4,80134689191888
19,1931744444694;15,346902589423;-4,84162891498966
19,1933130555805;15,3247484075276;-4,85849654625656
19,1934519444694;15,3525999592833;-4,8669606481136
19,1935908333583;15,3322577864354;-4,85903385946841
19,1937300000249;15,3432225766528;-4,86344887910565
19,193868611136;15,3396167226666;-4,82728477267503
19,1940075000249;15,3127447388973;-4,87166511552786
19,1941463889138;15,315832726737;-4,85449826069305
19,1942852778027;15,3151422651605;-4,91445301533801
19,1944244444694;15,2937833842815;-4,90434699660679
19,1945630555805;15,296945257462;-4,94379135676041
19,1947019444694;15,3072474223657;-4,95362818598073
19,1948413889138;15,2967718600839;-4,92794915193625
19,1949800000249;15,30918702408;-5,00364596305221
19,1951188889138;15,2937833842815;-4,98638873072736
19,1952575000249;15,2743381528822;-4,97548868542282
19,1953963889138;15,276155274324;-4,97966560376338
19,1955352778027;15,2543579958551;-4,97379549577076
19,1956741666916;15,2707374520296;-5,03178198275077
19,1958133333583;15,2743607378613;-5,02482109726071
19,1959519444694;15,2746718513862;-5,03647726304823
19,1960908333583;15,2717848059045;-5,02986367666071
19,1962300000249;15,2664435013093;-5,04573745710354
19,1963688889138;15,2636838469052;-4,97496087800559
19,1965077778027;15,2475614662689;-5,0794338716297
19,1966463889138;15,2448017890249;-5,1023277892138
19,1967855555805;15,2492229296186;-5,15299441850757
19,1969241666916;15,2566867318293;-5,15844306765331
19,1970630555805;15,2256629393277;-5,13906084335699
19,1972019444694;15,2372136419442;-5,16647138267911
19,1973408333583;15,225255453628;-5,22514263364411
19,1974797222471;15,2243355708223;-5,2268827811825
19,197618611136;15,2093391417375;-5,22926594971835
19,1977575000249;15,1927585266997;-5,26273470507334
19,1978963889138;15,1857614732854;-5,31950958938495
19,1980352778027;15,1842781799413;-5,36126863001977
19,1981741666916;15,1661097271227;-5,38232099669219
19,1983130555805;15,152316502099;-5,36614224924205
19,1984522222471;15,1370910446551;-5,31665801997315
19,1985908333583;15,1363676679505;-5,32876546556713
19,1987297222471;15,1763792614968;-5,36155944943732
19,1988688889138;15,1352463239809;-5,35847176751889
19,1990075000249;15,1380059098402;-5,36677959659499
19,1991463889138;15,1256922840528;-5,39462826637109
19,1992852778027;15,1164979757758;-5,31083351516435
19,1994241666916;15,1078580503036;-5,36493028639441
19,1995633333583;15,10637950194;-5,36269349890938
19,1997019444694;15,0963345838689;-5,32754010770702
19,1998408333583;15,0759465716549;-5,38088126896076
19,1999797222471;15,0632514267982;-5,36273097467753
19,200118611136;15,0832824187747;-5,32875110968561
19,2002575000249;15,0681572120287;-5,3410676242456
19,2003963889138;15,0545845792414;-5,36822800590522
19,2005352778027;15,055174142735;-5,34427858190054
19,2006741666916;15,0097758960448;-5,36962213430357
19,2008130555805;15,0340722305569;-5,38937164434839
19,2009519444694;15,0453940838088;-5,34617839661732
19,201091111136;15,0181827797949;-5,34200168759594
19,2012297222471;15,0148605992042;-5,26484317974155
19,2013688889138;15,0373169814036;-5,34557272925804
19,2015075000249;15,0238805323172;-5,32527990888053
19,2016466666916;15,0222422624238;-5,37005064399142
19,2017852778027;15,021372880812;-5,35820309914004
19,2019241666916;15,0246179969603;-5,36431122402266
19,2020630555805;15,0175149554192;-5,33098781980067
19,2022022222471;15,0025453783488;-5,3494210379753
19,2023408333583;15,0420449973339;-5,34768121063311
19,2024797222471;14,9965642535959;-5,35778273628452
19,202618611136;15,0033599383056;-5,29140633682425
19,2027575000249;15,0172829117027;-5,2941118948919
19,2028966666916;14,9697370024523;-5,31151552692171
19,2030352778027;14,9888484028105;-5,34312071954122
19,2031744444694;14,9927063282032;-5,39358827008613
19,2033130555805;14,9947243881622;-5,38921138710128
19,2034522222471;14,9781440002399;-5,40183335883054
19,2035908333583;14,9550199945905;-5,43373888434931
19,2037297222471;14,9820060883422;-5,38029716397361
19,203868611136;14,9911742374296;-5,37605237237653
19,2040075000249;14,9831003640497;-5,40453891689816
19,2041463889138;14,9812839967798;-5,45862986931047
19,2042852778027;14,9577559462946;-5,45454572563389
19,2044241666916;14,9553306966316;-5,49091194547
19,2045630555805;14,9693532157096;-5,49289638699943
19,2047022222471;14,9726752590712;-5,58694941374034
19,204841111136;14,9451861730523;-5,59075739568468
19,2049797222471;14,9416062701225;-5,56053918737251
19,205118611136;14,93583559796;-5,6062932550881
19,2052577778027;14,927835582799;-5,57282449973312
19,2053963889138;14,9498581550779;-5,6240657725738
19,2055352778027;14,9202751193491;-5,61591711878381
19,2056741666916;14,932898336233;-5,6040607021452
19,2058130555805;14,9390021704824;-5,63241099562404
19,2059519444694;14,9110271457584;-5,61557244617248
19,2060908333583;14,9132742256324;-5,57653231561665
19,2062297222471;14,9069914153197;-5,56414663394764
19,206368611136;14,9182807210506;-5,62726844924777
19,2065075000249;14,9147297753373;-5,58301740421555
19,2066466666916;14,8992980737665;-5,56811882504729
19,2067855555805;14,9064777988479;-5,59390773687315
19,2069244444694;14,9008036434677;-5,54264918821247
19,2070630555805;14,9306977857296;-5,56835527275263
19,2072022222471;14,8805946843385;-5,56728890793761
19,2073408333583;14,9055083662955;-5,53559172475138
19,2074800000249;14,9009828718581;-5,56134819356782
19,207618611136;14,8745396721721;-5,55937267106825
19,2077575000249;14,8877743327474;-5,57844012925457
19,2078966666916;14,866287710558;-5,53969252098383
19,2080355555805;14,8834593667688;-5,5489191033808
19,2081744444694;14,9002413422271;-5,53612110946455
19,2083133333583;14,8722700867853;-5,50482852746401
19,2084522222471;14,8522132462447;-5,5265410633462
19,208591111136;14,8559915568764;-5,51644861145576
19,2087297222471;14,8504728083164;-5,60285039008122
19,208868611136;14,8576264729044;-5,58569088555626
19,2090075000249;14,830084624517;-5,52580368423409
19,2091463889138;14,8341203932964;-5,5815143614879
19,2092852778027;14,8214220489809;-5,61765656017394
19,2094244444694;14,8272996236065;-5,61094276793204
19,2095633333583;14,8226534731135;-5,63863911949824
19,2097019444694;14,7870852246548;-5,64098308126958
19,2098408333583;14,8278616723937;-5,63196484568243
19,2099797222471;14,8023376273745;-5,63542888889987
19,210118611136;14,7947259323209;-5,63309933897057
19,2102575000249;14,8178987702888;-5,59912596108126
19,2103963889138;14,796567184371;-5,61382394408864
19,2105355555805;14,7969242227372;-5,6161607959007
19,2106741666916;14,8047141200374;-5,62741971972545
19,210813611136;14,8001146366127;-5,64989069477264
19,2109519444694;14,7936027893491;-5,63673156500647
19,211091111136;14,7811099566595;-5,64504868050147
19,2112297222471;14,7811567157214;-5,64625852243432
19,211368611136;14,759824912475;-5,68322325857184
19,2115075000249;14,7609733107069;-5,64656233514697
19,2116466666916;14,7646517552635;-5,65628262705249
19,2117858333583;14,7516255567342;-5,71138495212671
19,2119244444694;14,7064042012616;-5,7123585765039
19,2120630555805;14,7209396517878;-5,7067468882388
19,2122022222471;14,7367306381065;-5,75915471048827
19,212341111136;14,739667252298;-5,73971836800564
19,2124800000249;14,7232920990669;-5,75809518311718
19,2126188889138;14,6928102242281;-5,73691945720583
19,2127575000249;14,7038472793301;-5,78490384841163
19,2128963889138;14,7154210555082;-5,71697163906677
19,2130352778027;14,6980522638111;-5,72905700000362
19,2131747222471;14,6664995841051;-5,70909078826531
19,2133130555805;14,6852992361027;-5,66703995029923
19,2134519444694;14,6682876197005;-5,65230968970883
19,2135908333583;14,6687191514776;-5,68544237949536
19,2137300000249;14,6589856495789;-5,67098726484045
19,213868611136;14,6545412756594;-5,70668617179371
19,2140075000249;14,6429425607464;-5,72575388340459
19,2141466666916;14,6444258726699;-5,68390370712919
19,2142855555805;14,6279425972284;-5,68604002075631
19,2144244444694;14,6124857965004;-5,69486172980481
19,2145630555805;14,6086307032144;-5,68167000503524
19,2147019444694;14,5905920698967;-5,65187324542785
19,2148408333583;14,5908436306045;-5,64442608265074
19,2149797222471;14,5996581945696;-5,61886635396831
19,2151188889138;14,6093199797786;-5,57825421644256
19,2152575000249;14,5831529591764;-5,57975746075101
19,2153966666916;14,5718642631664;-5,6453529117401
19,2155355555805;14,554309450378;-5,62829957088468
19,2156741666916;14,5726058778353;-5,62890395459974
19,2158133333583;14,5542598325691;-5,69372719545473
19,2159519444694;14,5532107675657;-5,59376376599374
19,216091111136;14,5270523930124;-5,7048886508575
19,2162300000249;14,5551565764918;-5,72452602163511
19,216368611136;14,532723189006;-5,66113129530459
19,2165077778027;14,5292253064698;-5,66086299710776
19,2166466666916;14,5130764790018;-5,66914776365309
19,2167855555805;14,4951371259257;-5,63043570107078
19,2169244444694;14,5095510990962;-5,62262642498683
19,2170630555805;14,4967729197431;-5,59753637359731
19,2172019444694;14,5025769403595;-5,643653170221
19,2173408333583;14,4739605252192;-5,63620903505421
19,2174797222471;14,4745220926815;-5,58454512590046
19,2176188889138;14,482008441819;-5,64369547664657
19,2177575000249;14,4607508018804;-5,62278798313838
19,2178963889138;14,4438607424813;-5,68434026627227
19,2180355555805;14,4842059713466;-5,6918268227455
19,2181741666916;14,4199495697211;-5,61477796648276
19,2183130555805;14,4491526767663;-5,63761871533981
19,2184519444694;14,449534118708;-5,65040926888844
19,2185908333583;14,4357628663109;-5,60979009643532
19,2187300000249;14,4196144118888;-5,60789616439649
19,218868611136;14,4214548719169;-5,65765308788644
19,2190075000249;14,4068924197026;-5,64332673426281
19,2191466666916;14,4428675739896;-5,6517119449951
19,2192852778027;14,4030125774233;-5,62659551815045
19,2194241666916;14,3958582596967;-5,64072793052887
19,2195633333583;14,4063309090076;-5,62242566563413
19,2197019444694;14,3993567657552;-5,59330668733389
19,2198413889138;14,4114920294028;-5,62024381631485
19,2199797222471;14,3663463505991;-5,658425737237
19,2201188889138;14,3952967266378;-5,65709045832958
19,2202575000249;14,3824910415936;-5,63020663070637
19,2203963889138;14,3787434526864;-5,61460995663836
19,2205355555805;14,3741930401621;-5,61695297003058
19,2206744444694;14,349232409095;-5,66017121850618
19,2208133333583;14,3650212297601;-5,63157680426281
19,2209519444694;14,3720207405669;-5,61687925207701
19,221091111136;14,371973536991;-5,59777200016796
19,2212300000249;14,3670167682724;-5,63454441217772
19,2213688889138;14,3308120194452;-5,58641895994026
19,2215077778027;14,3237322106029;-5,64319790312032
19,2216463889138;14,3311728210234;-5,58755365896789
19,2217852778027;14,3106531551678;-5,6256679903799
19,2219244444694;14,3379664627707;-5,6109377297895
19,2220633333583;14,3505333850733;-5,61598007270916
19,2222022222471;14,3222031444853;-5,6778424171136
19,222341111136;14,3170166464029;-5,73418759912363
19,2224800000249;14,323072353687;-5,70419029728654
19,222618611136;14,2808648773447;-5,70726461782144
19,2227575000249;14,2914946663951;-5,80062942021542
19,2228963889138;14,2973955025739;-5,78442855591112
19,2230352778027;14,2957589244559;-5,7415457717654
19,2231744444694;14,2789750767767;-5,7690383630225
19,2233130555805;14,2827016815201;-5,73128127637929
19,2234522222471;14,2883510251525;-5,75734367091513
19,2235908333583;14,2881744872871;-5,7294480136014
19,2237300000249;14,2696973879262;-5,7397399453713
19,223868611136;14,2509690531105;-5,72677531701629
19,2240075000249;14,2628507503595;-5,72625046321238
19,2241463889138;14,2413416362897;-5,68101931471855
19,2242852778027;14,2514319147267;-5,6900424563236
19,2244241666916;14,2548269785032;-5,69451460023373
19,2245630555805;14,2415930209532;-5,71785938451711
19,2247019444694;14,2242498222066;-5,74352436589891
19,2248408333583;14,2200072762454;-5,71649535295435
19,2249797222471;14,2442537482422;-5,6901763556441
19,225118611136;14,2227662934763;-5,71613218975534
19,2252575000249;14,2103215960075;-5,72167245426132
19,2253963889138;14,2105255434529;-5,66415792639549
19,2255352778027;14,2031452495145;-5,70226815300504
19,2256741666916;14,2027390775619;-5,64629111569477
19,2258130555805;14,2115771338491;-5,65410113770656
19,2259522222471;14,20150855661;-5,64982485668787
19,226091111136;14,1628801648529;-5,64856085648981
19,2262297222471;14,1805332524342;-5,64758832322252
19,226368611136;14,2043761723814;-5,67377460552871
19,2265075000249;14,1742499935856;-5,61783134584567
19,2266466666916;14,1941265686117;-5,67628465200769
19,2267852778027;14,1752431061365;-5,67431128035884
19,2269244444694;14,1461946375294;-5,68185815936329
19,2270630555805;14,1550353024137;-5,62908997752075
19,2272019444694;14,1600981293022;-5,69242297370783
19,2273408333583;14,1551901470966;-5,68607283987419
19,2274800000249;14,1597885278105;-5,7437201987824
19,2276188889138;14,1354943941177;-5,69542555580784
19,2277575000249;14,1443345124849;-5,6719461093989
19,2278963889138;14,1266795507772;-5,74940523481629
19,2280352778027;14,1057514533802;-5,66326360945638
19,2281744444694;14,1314804155789;-5,6931890585594
19,2283130555805;14,1050371169913;-5,68678109068941
19,2284519444694;14,0838577267766;-5,70879134843918
19,228591111136;14,1039367022991;-5,71863674259293
19,2287297222471;14,1009754226588;-5,73160479792011
19,228868611136;14,0706240137618;-5,76219600546972
19,2290077778027;14,1019196469198;-5,71777505485997
19,2291463889138;14,0396057963755;-5,73357722467381
19,2292855555805;14,038661610599;-5,73978406712604
19,2294241666916;14,0756560214231;-5,76149677309459
19,2295633333583;14,0318674970852;-5,75521861668875
19,2297022222471;14,0455069994725;-5,70100927225661
19,2298408333583;14,0495460921527;-5,71319682117192
19,2299797222471;14,0278558670677;-5,70308613011474
19,2301188889138;14,0387366273647;-5,68795430066859
19,2302575000249;14,057192133543;-5,7018802465191
19,2303963889138;14,0263508289163;-5,73805541608877
19,2305352778027;14,037182737329;-5,70952781962831
19,2306741666916;13,9899708441109;-5,71444145664859
19,2308130555805;13,9935416814457;-5,7218877209888
19,2309519444694;14,0002695792047;-5,75008011861155
19,2310908333583;14,0198878396463;-5,72285519825772
19,2312297222471;13,9692726575883;-5,77967005571242
19,2313688889138;13,9763801280484;-5,72706470562619
19,2315075000249;13,9267045157129;-5,6713553147967
19,2316466666916;13,9354966859178;-5,69593702432695
19,2317852778027;13,9330463328553;-5,69827367103557
19,2319241666916;13,9504737615009;-5,75779852659326
19,2320633333583;13,9185112471577;-5,75021314688234
19,2322019444694;13,9125038978254;-5,712338871073
19,232341111136;13,8979677944414;-5,71073367904236
19,2324797222471;13,8900972291048;-5,70405783468033
19,2326188889138;13,88397128341;-5,79694711033997
19,2327575000249;13,886036809598;-5,78629142974339
19,2328963889138;13,8774025108233;-5,80095103441639
19,2330352778027;13,8628406001668;-5,75385662886504
19,2331741666916;13,8518274157759;-5,77366799380383
19,2333130555805;13,8435996302782;-5,8076352767213
19,2334522222471;13,8520087383101;-5,82236553731164
19,2335908333583;13,7958207487224;-5,81698828121122
19,2337297222471;13,8365770367392;-5,85232855255785
19,233868611136;13,8248485767666;-5,84247675620185
19,2340075000249;13,8061187334234;-5,83439023983436
19,2341463889138;13,7804156496109;-5,78442220814844
19,2342852778027;13,7728058954608;-5,77016110509527
19,2344244444694;13,7737294039371;-5,78923074814878
19,2345633333583;13,7994541483827;-5,82397173289286
19,2347022222471;13,7654742132224;-5,77931641520252
19,234841111136;13,7552512474032;-5,79394285590379
19,2349797222471;13,7198941008962;-5,78054927569258
19,235118611136;13,7117149146252;-5,80373115255117
19,2352577778027;13,7190249841875;-5,79347612373289
19,2353966666916;13,7099799397444;-5,75022122632492
19,2355352778027;13,6976910791597;-5,76334947804861
19,2356744444694;13,6663375563272;-5,76037280310291
19,2358130555805;13,6938549585068;-5,72193018675506
19,2359522222471;13,6881348347961;-5,78719726463507
19,2360908333583;13,6690532723715;-5,77450048755838
19,2362300000249;13,6646079174932;-5,76752165265651
19,236368611136;13,6993084091343;-5,76100939661018
19,2365075000249;13,6737805860305;-5,79611566276964
19,2366463889138;13,6464658977058;-5,75647157764507
19,2367852778027;13,6710913446784;-5,74454498374087
19,2369241666916;13,6694108035535;-5,75717202589692
19,2370630555805;13,6724783525659;-5,77533990712695
19,2372019444694;13,6365516059908;-5,75229601522574
19,2373408333583;13,6359433007717;-5,78876749161068
19,2374797222471;13,6486162994282;-5,77306920767685
19,2376188889138;13,6238587374235;-5,76719360406116
19,2377575000249;13,6166819351654;-5,71645506217095
19,2378963889138;13,6174239426738;-5,76959408854202
19,2380352778027;13,6221721895972;-5,78489492168214
19,2381744444694;13,6091899573548;-5,73726551206818
19,2383133333583;13,624195093697;-5,73626307852868
19,2384519444694;13,6076850646602;-5,73833210741947
19,2385908333583;13,5947882085617;-5,75129050208145
19,2387297222471;13,6183204861649;-5,75730378458053
19,2388688889138;13,5663955382547;-5,72139697233382
19,2390077778027;13,6132087350195;-5,71478622620421
19,2391463889138;13,5779693144329;-5,78209118047343
19,2392852778027;13,605465421207;-5,74885248246113
19,2394241666916;13,5757012940599;-5,75920851522687
19,2395633333583;13,5825480684104;-5,74601707290515
19,2397019444694;13,5652963465525;-5,6939786270575
19,239841111136;13,5683701925922;-5,79050798278939
19,2399800000249;13,5349234996543;-5,75800736695425
19,2401188889138;13,5668653844878;-5,71662515014199
19,2402577778027;13,5574902259217;-5,69267130049028
19,2403963889138;13,5453980228583;-5,72707688273272
19,2405352778027;13,5189799745949;-5,74163984396347
19,2406747222471;13,5472185748619;-5,73288826161939
19,2408130555805;13,5338516020687;-5,77797953278463
19,2409519444694;13,5454253782469;-5,72463881745358
19,2410908333583;13,5312957582815;-5,73572984671372
19,2412300000249;13,5293854336095;-5,74718381270415
19,241368611136;13,542618592803;-5,77193383931655
19,2415077778027;13,5198558099148;-5,74354458672548
19,2416463889138;13,4987247989906;-5,76813026477259
19,2417855555805;13,5171178811302;-5,78650243342827
19,2419241666916;13,4974227274188;-5,76509016204011
19,2420633333583;13,5122944472874;-5,7526001051848
19,2422022222471;13,5000269328112;-5,78189234420688
19,242341111136;13,4976737097706;-5,7816260996288
19,2424800000249;13,5069801127713;-5,75336409227481
19,242618611136;13,485694428537;-5,78904078753078
19,2427575000249;13,4810740109159;-5,76879778950146
19,2428963889138;13,4910366629123;-5,79247816211048
19,2430355555805;13,481991025848;-5,72390357109407
19,2431741666916;13,4961206993505;-5,73332541294963
19,2433130555805;13,4755772466343;-5,75413305678995
19,2434519444694;13,4587097065257;-5,73663259009518
19,2435908333583;13,4612930504281;-5,7416737939518
19,2437297222471;13,4717470359487;-5,76365640272999
19,243868611136;13,4698575343837;-5,79284958871156
19,2440077778027;13,4550337939181;-5,82150407323712
19,2441463889138;13,4582837582056;-5,80320466718365
19,2442852778027;13,4573388362026;-5,8283850737956
19,2444241666916;13,4595856436846;-5,74962786723552
19,2445630555805;13,4622961297131;-5,75353373400105
19,2447022222471;13,414389903346;-5,75055933318365
19,2448408333583;13,4167911734235;-5,78409501638299
19,2449800000249;13,4274200886476;-5,78920799149589
19,245118611136;13,4243525590865;-5,80764524198599
19,2452575000249;13,4141874473328;-5,77601061535933
19,2453966666916;13,4459953839524;-5,77708398721373
19,2455352778027;13,3963820322672;-5,81252170824979
19,2456741666916;13,3989101688336;-5,80931469964241
19,2458133333583;13,3791568265235;-5,82761862600861
19,2459519444694;13,3848284211697;-5,85851430389621
19,2460908333583;13,3686344459439;-5,78262734922873
19,2462297222471;13,3714409757381;-5,74802090881474
19,246368611136;13,3598191846995;-5,76469022931494
19,2465075000249;13,3473485163545;-5,76502224178176
19,2466463889138;13,3482454085213;-5,7833633024722
19,2467852778027;13,3418318790508;-5,79214624945678
19,2469241666916;13,3361119728998;-5,7751470279639
19,2470630555805;13,3379734729563;-5,77765057756625
19,2472022222471;13,3214428263589;-5,77157113441771
19,247341111136;13,319783763948;-5,79699039276284
19,2474800000249;13,3030218204939;-5,75700797424631
19,2476188889138;13,3120673788773;-5,77136917005905
19,2477575000249;13,2938777349786;-5,76165256975827
19,2478966666916;13,2923929663187;-5,80347194016937
19,2480352778027;13,2937030469942;-5,7942829829297
19,2481744444694;13,2883122135807;-5,86680213756497
19,2483130555805;13,2729098897047;-5,83165976660464
19,2484522222471;13,2454122221463;-5,82424468123432
19,2485908333583;13,245209316253;-5,80059931497038
19,2487297222471;13,2269711998364;-5,84990075284767
19,2488688889138;13,2394619117637;-5,83440219214228
19,2490077778027;13,2545838380335;-5,88016251654199
19,2491463889138;13,217779067185;-5,88814197121482
19,2492855555805;13,2194583057231;-5,89171994897751
19,2494241666916;13,2093210455724;-5,91626702064713
19,2495630555805;13,2202004479473;-5,86165824462523
19,2497019444694;13,2240302101928;-5,90995723420559
19,249841111136;13,2151952358901;-5,86145441831422
19,2499797222471;13,2147313684087;-5,84605781502316
19,2501188889138;13,223451210055;-5,90998751500189
19,2502577778027;13,1996569952311;-5,87792164160786
19,2503966666916;13,1854791194128;-5,90454611807033
19,2505355555805;13,2044123274866;-5,91269307306948
19,2506744444694;13,1968305703532;-5,89128577069684
19,2508130555805;13,1955767446006;-5,99045606439824
19,2509522222471;13,1765094428748;-5,84602278991241
19,2510908333583;13,1665752547016;-5,94258949914251
19,2512297222471;13,1532938575041;-5,88637234675772
19,251368611136;13,1983351364641;-5,88637234675772
19,2515077778027;13,1695357395665;-5,93858126496826
19,2516463889138;13,1604705780189;-5,89802943848409
19,2517855555805;13,1455982479635;-5,87548331109318
19,2519241666916;13,1577111769009;-5,91306215807174
19,2520633333583;13,1634595157062;-5,91760463504667
19,2522022222471;13,1557151958886;-5,8912840164063
19,2523408333583;13,1616178035651;-5,89182014668842
19,2524797222471;13,1813800757345;-5,92882785072146
19,2526188889138;13,1709448247048;-5,93477508873704
19,2527577778027;13,1546441313916;-5,87050785117054
19,2528963889138;13,1413352473157;-5,92261345112351
19,2530352778027;13,1362033091337;-5,90668061129594
19,2531744444694;13,160296160474;-5,85430797589893
19,2533130555805;13,1503824699088;-5,87782132063023
19,2534522222471;13,1307067159038;-5,88039673938982
19,253591111136;13,1324133089271;-5,85924977284819
19,2537297222471;13,1385768514153;-5,85203648837773
19,2538688889138;13,1306865830849;-5,80794591246098
19,2540077778027;13,1647133414588;-5,87071002461181
19,2541466666916;13,1042415922343;-5,87565032034163
19,2542852778027;13,1367436793661;-5,90624806913343
19,2544244444694;13,1177047350762;-5,87782132063023
19,2545630555805;13,1355099322048;-5,84288425758186
19,2547019444694;13,1176862651631;-5,91236219093832
19,254841111136;13,105339905992;-5,85614524340912
19,2549800000249;13,1066714676044;-5,87087696723484
19,2551188889138;13,0931884389194;-5,88567215739201
19,2552575000249;13,0737820019018;-5,89038331376659
19,2553963889138;13,0821923536357;-5,8780248132054
19,2555355555805;13,0478772238087;-5,85197152984716
19,2556744444694;13,0830900934972;-5,88517312426913
19,2558130555805;13,0267257172824;-5,90658195873883
19,2559522222471;13,0500564124663;-5,86519694088966
19,2560908333583;13,0301787445036;-5,80544254434017
19,2562297222471;13,0483977733776;-5,82267728685247
19,2563688889138;13,0507530813267;-5,85210137956355
19,2565075000249;13,0214122386087;-5,84462092948203
19,2566463889138;13,0191946699702;-5,83085955505911
19,2567855555805;13,0314815484866;-5,85664563200481
19,2569241666916;13,0269105207557;-5,8780248132054
19,2570630555805;13,0149302705958;-5,88577415799136
19,2572019444694;12,9804121689164;-5,83185885962718
19,257341111136;13,0037138828038;-5,87197668989421
19,2574800000249;12,9664358795791;-5,85377418248012
19,257618611136;12,9875873574769;-5,85664563200481
19,2577575000249;12,9556243362893;-5,81408938376444
19,2578963889138;12,9898158525;-5,79906178600157
19,2580355555805;12,9868070780907;-5,85330291245938
19,2581741666916;12,9306639215534;-5,8101174608959
19,2583130555805;12,9357576331384;-5,82865279705425
19,2584522222471;12,9208555378504;-5,84635755153616
19,258591111136;12,9175383358721;-5,84084509211849
19,2587297222471;12,9109695118475;-5,81439257273101
19,2588688889138;12,898633599469;-5,77691571693322
19,2590075000249;12,8830486651932;-5,80590687164016
19,2591466666916;12,8867515735569;-5,83266183475328
19,2592855555805;12,8808192722335;-5,82617940390836
19,2594241666916;12,8823528162074;-5,83696613677958
19,2595630555805;12,8641262712622;-5,86222450516118
19,2597022222471;12,8514231708258;-5,88710527514974
19,2598408333583;12,831438546908;-5,84522172678106
19,2599797222471;12,8312666923152;-5,86051709700058
19,2601188889138;12,8407656205571;-5,8826632277858
19,2602577778027;12,8420960871362;-5,86873594232151
19,2603963889138;12,8075671295343;-5,80981293469631
19,2605352778027;12,8347671917827;-5,79588558657099
19,2606741666916;12,8025712571904;-5,78158902256683
19,2608130555805;12,7884425387896;-5,80102973277684
19,2609522222471;12,800711415878;-5,79621856524858
19,2610908333583;12,7966523005287;-5,78245737342951
19,2612300000249;12,7902551933408;-5,79902627791259
19,261368611136;12,791558158386;-5,80346878113954
19,2615077778027;12,7970568447459;-5,8244429894323
19,2616466666916;12,7691056835474;-5,83710384034507
19,2617858333583;12,7651115328217;-5,80249917295851
19,2619244444694;12,7689516066188;-5,88142569471952
19,2620630555805;12,7866299881946;-5,81706266947381
19,2622022222471;12,7724818227107;-5,85407028310635
19,2623413889138;12,7921288868678;-5,86766462761187
19,2624800000249;12,7742471085612;-5,83679946409021
19,2626188889138;12,7750090643229;-5,83522989696058
19,2627577778027;12,7871218131826;-5,89398630610043
19,2628966666916;12,7715557062589;-5,87908880680124
19,2630352778027;12,7638398554734;-5,83977401472708
19,2631744444694;12,7716901116118;-5,88012323906929
19,2633130555805;12,7619309719942;-5,82411027513558
19,2634522222471;12,7724521123764;-5,85092958800806
19,2635908333583;12,7831098380152;-5,89706104910832
19,2637300000249;12,7491504908904;-5,90487504669539
19,2638688889138;12,7645155086883;-5,91830275392175
19,2640075000249;12,7488999851807;-5,8859698377519
19,2641463889138;12,7397291955368;-5,88710602661814
19,2642852778027;12,7164253303611;-5,84054080724144
19,2644241666916;12,7213830317317;-5,8539041454388
19,2645630555805;12,739401737643;-5,86896764082923
19,2647022222471;12,7369710883084;-5,86295429053081
19,2648408333583;12,7420828394537;-5,88937800475051
19,2649800000249;12,734597935775;-5,85239891589885
19,265118611136;12,7262936957115;-5,87628155849876
19,2652577778027;12,7255513197186;-5,93503815590799
19,2653963889138;12,7224852319953;-5,93847466724247
19,2655352778027;12,7294392431983;-5,93126075425207
19,2656741666916;12,7094541686027;-5,97224295407023
19,2658130555805;12,6863066162464;-5,98019502946627
19,2659519444694;12,7031461433552;-5,98784227231141
19,266091111136;12,6907060357361;-6,03614370199918
19,2662297222471;12,7395390968576;-5,99174807082139
19,2663688889138;12,7007454898583;-6,03410258168276
19,2665077778027;12,6701302256485;-6,06957661511402
19,2666466666916;12,6831743893135;-6,016805108754
19,2667855555805;12,7004375324872;-6,04984033409272
19,2669241666916;12,6610800369663;-6,08554518819687
19,2670633333583;12,6633430982479;-6,01249191857403
19,2672019444694;12,6742984830084;-6,01499448073892
19,2673408333583;12,6698958525194;-6,05614903063028
19,2674797222471;12,6477106170711;-6,03821321843276
19,267618611136;12,6557343170968;-6,01759679907173
19,2677575000249;12,6264220443589;-6,01563046905611
19,2678966666916;12,6346023913352;-5,98199517429629
19,2680352778027;12,634244934133;-6,0341662395557
19,2681744444694;12,640860924265;-6,00203634516754
19,2683133333583;12,6293341164009;-6,0547437143185
19,2684519444694;12,6411113490621;-5,99936690443857
19,2685908333583;12,6058152557156;-6,03089650641766
19,2687300000249;12,6375445854821;-6,01155817540598
19,268868611136;12,6089278147234;-5,9952193375548
19,2690075000249;12,6184557765814;-6,02858860056782
19,2691463889138;12,5782847052503;-5,98583627886069
19,2692852778027;12,6048857699779;-5,94942736139004
19,2694244444694;12,6021277052386;-5,98553092567769
19,2695630555805;12,5910955619329;-5,96445685377978
19,2697022222471;12,5942083673297;-5,97685122492726
19,2698408333583;12,5846997707057;-5,95270480708433
19,2699800000249;12,5760518173415;-5,9614176158357
19,2701188889138;12,5782051986062;-5,98660373335619
19,2702577778027;12,5815180552154;-6,0072447535899
19,2703966666916;12,58268412474;-5,98676969698784
19,2705352778027;12,5651597342663;-5,9717056671094
19,2706741666916;12,5334110129489;-5,9831953485444
19,2708133333583;12,5466428272218;-6,00226687652096
19,2709519444694;12,514291790978;-5,9273799741556
19,271091111136;12,5416382223494;-5,95821181998176
19,2712300000249;12,529321984306;-5,99615274623946
19,271368611136;12,5302680608941;-5,92066618191376
19,2715075000249;12,5162907983156;-5,94568442691428
19,2716466666916;12,4891597388703;-5,98600340847054
19,2717852778027;12,4996174650296;-5,96866715954832
19,2719244444694;12,4780973369276;-5,95239908894365
19,2720633333583;12,4867288570762;-5,98205842336174
19,2722022222471;12,4685695598697;-5,96565621518093
19,2723408333583;12,4667577377487;-5,93295755472718
19,2724800000249;12,4529839973139;-5,9449822572499
19,272618611136;12,4231872425512;-5,98272167795326
19,2727575000249;12,4134119605406;-5,94327271199745
19,2728963889138;12,4378600292853;-5,89932233493585
19,2730352778027;12,3964156415559;-5,93653171345943
19,2731741666916;12,3745411789659;-5,91709106996791
19,2733130555805;12,3985383134928;-5,99598532615883
19,2734522222471;12,3927146621744;-6,04087821477617
19,2735908333583;12,3924643799643;-6,01028251451925
19,2737297222471;12,375083011972;-6,02243335120056
19,273868611136;12,3844254730213;-6,00156285672963
19,2740077778027;12,3761332230019;-5,99361008973389
19,2741463889138;12,3640322075397;-5,99701768500509
19,2742855555805;12,3441698782362;-6,00534087846432
19,2744244444694;12,3382964362122;-6,00443481672983
19,2745633333583;12,3792636682634;-6,03389400054058
19,2747019444694;12,3461692752517;-5,9644161472666
19,2748408333583;12,3250646682275;-5,97924912500631
19,2749800000249;12,3271108296624;-5,97183195576295
19,275118611136;12,3186218256303;-5,97844684005568
19,2752575000249;12,338500061285;-5,95422978519497
19,2753966666916;12,3451466308734;-5,97931123640436
19,2755352778027;12,3261490148337;-5,99625066754436
19,2756744444694;12,3236570008759;-6,01461985557307
19,2758133333583;12,3280570532526;-6,07664670414567
19,2759522222471;12,3189909285797;-6,03385880433552
19,276091111136;12,3052171030588;-6,07852159779796
19,2762297222471;12,3166370723665;-6,06706098097706
19,276368611136;12,2934430090267;-6,06846244809319
19,2765075000249;12,3125788676217;-6,08486469965703
19,2766463889138;12,3041170957537;-6,08125418770771
19,2767852778027;12,299951545043;-6,0987912019487
19,2769244444694;12,2938780369706;-6,03937124177932
19,2770630555805;12,2979086761194;-6,1075747299804
19,2772022222471;12,3006475715234;-6,06749392004298
19,2773408333583;12,28431956412;-6,07815090741519
19,2774800000249;12,2894777993254;-6,10249351956026
19,2776188889138;12,3042742530174;-6,07377335837407
19,2777577778027;12,3019514152048;-6,10991096372703
19,2778963889138;12,2828155334455;-6,07972010782373
19,2780352778027;12,2800576886011;-6,04637824112072
19,2781741666916;12,2776537912995;-6,08509449625313
19,278313611136;12,2958624226471;-6,08028237895644
19,2784519444694;12,2888736315187;-6,05032306479148
19,2785913889138;12,2835270782144;-6,02550822139082
19,2787297222471;12,2635723636162;-6,04648110746064
19,2788688889138;12,2589254332669;-6,01635371555673
19,2790080555805;12,2623794160625;-6,01598438035603
19,2791466666916;12,2561675806041;-6,08389464793433
19,2792852778027;12,2453518902146;-6,05709826768728
19,2794241666916;12,2659298933292;-6,04457761065675
19,2795630555805;12,2600719543797;-6,01521729533036
19,2797022222471;12,2510408121664;-5,9975734910069
19,2798408333583;12,2532059560564;-6,03422664994596
19,2799800000249;12,2561675806041;-6,02573622177317
19,2801188889138;12,2332513190544;-6,02079465482902
19,2802577778027;12,2449478242872;-6,01778081352307
19,2803966666916;12,2699227083142;-6,02362951233229
19,2805352778027;12,2341665340147;-5,98662208420075
19,2806741666916;12,2260157071762;-5,95445091826713
19,2808133333583;12,2168732780851;-6,04614673598118
19,2809522222471;12,2256929637332;-6,01164174121953
19,281091111136;12,2119041638917;-6,00335883617103
19,2812300000249;12,21868841099;-5,99577502284922
19,2813688889138;12,2137768496671;-5,999846502357
19,2815075000249;12,1951369623728;-5,98935380115645
19,2816466666916;12,2148769070511;-5,99552958817003
19,2817855555805;12,1966409545308;-5,92996903351352
19,2819244444694;12,1796904868625;-6,00552677225093
19,2820633333583;12,1883487885752;-5,9971386122229
19,2822019444694;12,1834094795104;-5,96757744065064
19,282341111136;12,1737247242599;-5,9956350798704
19,2824797222471;12,1775679041086;-5,9891851853618
19,282618611136;12,1585855549137;-5,917506203583
19,2827575000249;12,1709206534049;-5,97525925868661
19,2828966666916;12,1613935712174;-5,96393618085827
19,2830355555805;12,1619196259963;-5,95999348583007
19,2831744444694;12,1661477610184;-5,90437959726898
19,2833130555805;12,1562315596808;-5,98414590652317
19,2834519444694;12,1573504489081;-5,97823398679466
19,2835908333583;12,1364314533135;-5,96346371477603
19,2837297222471;12,1213533870538;-5,92431187822214
19,283868611136;12,1323696419742;-5,91937037774116
19,2840075000249;12,1204423808693;-5,96166302732939
19,2841466666916;12,1371740689841;-5,9761925575751
19,2842858333583;12,1323234272808;-5,91629540987367
19,2844244444694;12,1428465755741;-5,93571242350248
19,2845630555805;12,1386318114004;-5,94509460944508
19,2847019444694;12,1088686046912;-5,91339232736786
19,2848408333583;12,1180236773309;-5,93296089485082
19,2849797222471;12,115841821613;-5,9133293536141
19,2851188889138;12,103660405411;-5,95868828293359
19,2852575000249;12,1028102980265;-5,95778063357716
19,2853963889138;12,0979596575476;-5,94743077807905
19,2855355555805;12,1057533184446;-5,97368772985214
19,2856741666916;12,0827780528494;-5,98637370893428
19,2858130555805;12,0726895183798;-5,95447672765391
19,2859522222471;12,0746544405362;-5,98250855748688
19,2860908333583;12,0415760340153;-5,92625301603346
19,2862297222471;12,0705823075787;-5,92391685147197
19,2863688889138;12,0719188364126;-5,93614485309996
19,2865075000249;12,056808034172;-5,95063455334753
19,2866466666916;12,0406797733749;-5,92093928603964
19,2867855555805;12,0542543654371;-5,90930933916766
19,2869244444694;12,065067000419;-5,90807853877402
19,2870633333583;12,0419839491445;-5,95310833571762
19,2872022222471;12,0440124158972;-5,94819524846844
19,2873408333583;12,0215295434861;-5,93767365849973
19,2874797222471;12,0337109127208;-5,88396629621175
19,2876188889138;12,0180751973073;-5,89946378555982
19,2877575000249;12,0210184038498;-5,87510469069008
19,2878966666916;12,0085164463627;-5,92905893067211
19,2880355555805;12,0117987388681;-5,94976416522866
19,2881741666916;12,0292913932984;-5,94936633780947
19,2883130555805;12,0137061166188;-5,91746934155807
19,2884522222471;11,9995282408006;-5,92116806958228
19,288591111136;11,9959819360722;-5,93216231177144
19,2887300000249;11,9873653771031;-5,89491716140753
19,2888688889138;11,9833400425025;-5,95013053993563
19,2890077778027;11,9763806884443;-5,91218996584328
19,2891466666916;11,9692080308414;-5,9042363058627
19,2892855555805;11,9489763217749;-5,94808900480356
19,2894244444694;11,9677548508092;-5,93085664013671
19,2895630555805;11,9408706991908;-5,90764325768856
19,2897019444694;11,9458289059668;-5,97034077223728
19,289841111136;11,9379411569616;-5,90136159419683
19,2899800000249;11,9350483920478;-5,93940851351948
19,290118611136;11,9120497825207;-5,95036240026013
19,2902577778027;11,9394633290689;-5,917525991909
19,2903963889138;11,9339480758563;-5,97244508996138
19,2905355555805;11,9027270724507;-5,92594032279032
19,2906744444694;11,9179411759269;-5,97003089870708
19,2908130555805;11,9211021357438;-5,93666234920644
19,2909522222471;11,8966549744285;-5,9552410977727
19,291091111136;11,8885033412441;-5,99444974615696
19,2912297222471;11,8771289453902;-5,92533892856832
19,291368611136;11,8935533255813;-5,97918410868175
19,2915077778027;11,8936932568907;-5,99942537989841
19,2916463889138;11,8540136478919;-5,98111886334212
19,2917855555805;11,8788184503182;-6,00186815535051
19,2919244444694;11,86575924454;-6,00968115309058
19,2920630555805;11,8496307636531;-5,96428449512513
19,2922019444694;11,8556708979619;-5,97521006985428
19,2923408333583;11,8266047922544;-5,98720057703025
19,2924800000249;11,8319341414943;-6,00360612344406
19,292618611136;11,840239196391;-5,99715180003912
19,2927577778027;11,8640887319451;-5,98740067737563
19,2928966666916;11,8532709147803;-5,96889414453616
19,2930352778027;11,8128809862415;-5,97680361660002
19,2931744444694;11,8398357720736;-5,96719360150581
19,2933133333583;11,8172957604932;-5,98810539499465
19,2934519444694;11,8455092895595;-5,95129240394243
19,293591111136;11,8400399192903;-5,94862101173976
19,2937297222471;11,8155928207268;-6,00767022826147
19,2938688889138;11,8137771903236;-5,91027332431221
19,2940075000249;11,8108205591268;-5,92366680190267
19,2941466666916;11,8123242418693;-5,95990680631382
19,2942852778027;11,8077054217053;-5,94944711212219
19,2944244444694;11,7975570195159;-5,94347599391006
19,2945630555805;11,8038656162428;-5,9376297378663
19,2947022222471;11,7946460748762;-5,91391562026755
19,294841111136;11,7937773950377;-5,92409503097005
19,2949800000249;11,7942428281942;-5,92165549182096
19,2951188889138;11,7634075758248;-5,91948907642796
19,2952575000249;11,761655760325;-5,97901475571547
19,2953963889138;11,7696372055595;-5,95533480398163
19,2955352778027;11,7655006455233;-5,95572903471987
19,2956741666916;11,7649568951937;-5,89480707838601
19,2958133333583;11,7415647389015;-5,93097463627606
19,2959519444694;11,7696372055595;-5,96735950650438
19,296091111136;11,775203042832;-5,94012796766708
19,2962297222471;11,7543923408323;-5,94012796766708
19,296368611136;11,755027317312;-5,93020724662478
19,2965075000249;11,7562811430647;-5,95095711649572
19,2966466666916;11,7516804140202;-5,97467114430796
19,2967852778027;11,7090389797866;-5,89072244916409
19,2969244444694;11,7229851107065;-5,93244698818464
19,2970633333583;11,741194726324;-5,94543887794796
19,2972025000249;11,7310614094452;-5,91851808921646
19,297341111136;11,7129477860825;-5,93551815690569
19,2974797222471;11,7208170108784;-5,95409084708083
19,2976188889138;11,7246294048252;-5,96037278662573
19,2977575000249;11,7233755790726;-5,99260822857232
19,2978966666916;11,7125446247782;-5,94657572843624
19,2980355555805;11,7080972361197;-5,96932245737509
19,2981744444694;11,6954105862587;-5,93952639107988
19,2983133333583;11,6704651023275;-5,99494056999993
19,2984522222471;11,6820388785056;-5,97165454772895
19,298591111136;11,7053397778616;-5,96975430191196
19,2987300000249;11,6833712235606;-5,9907286656977
19,2988688889138;11,6739199204448;-5,97202404183781
19,2990077778027;11,6599918165215;-5,97392833659498
19,2991466666916;11,6833712235606;-5,9168459380781
19,2992852778027;11,651220979799;-5,92673818901969
19,2994244444694;11,6684051085097;-5,96423970486708
19,2995633333583;11,652820118046;-5,92145180505696
19,2997022222471;11,6629356853876;-5,91570908350988
19,2998408333583;11,6653234394502;-5,93271304068324
19,2999800000249;11,6594176123915;-5,93367610333277
19,3001188889138;11,6624128980605;-5,95292004564635
19,3002577778027;11,6329863387724;-5,93514867095911
19,3003966666916;11,6474586414974;-5,92042228566189
19,3005355555805;11,6306140938152;-5,86069572117236
19,3006744444694;11,640127985428;-5,92361795300599
19,3008133333583;11,6122716880851;-5,919211790395
19,3009522222471;11,6092768092855;-5,89399168563085
19,301091111136;11,6138713946873;-5,88611007609086
19,3012297222471;11,5960971279588;-5,85798601338328
19,3013688889138;11,6025138106722;-5,88457523469822
19,3015075000249;11,5633393602148;-5,8420195001741
19,3016466666916;11,6061104178718;-5,9278995950163
19,3017852778027;11,58872112957;-5,88625148368163
19,3019244444694;11,5491827877842;-5,92415736312458
19,3020633333583;11,5940494241998;-5,95485822825742
19,3022022222471;11,5699759036951;-5,94539346054259
19,3023413889138;11,5517417526046;-5,92605755902483
19,3024797222471;11,5299561050095;-5,92912829072543
19,3026188889138;11,5575059989638;-1,72352755814839
19,3027577778027;11,5321060744319;-2,66559412293404
19,3028963889138;11,5201924458571;-4,49841985518833
19,3030352778027;11,5521110667893;-5,17234334307872
19,3031744444694;11,5228927132227;-5,39473434869416
19,3033130555805;11,5121070228044;-5,57346781049921
19,3034522222471;11,5077106672864;-5,62741278914274
19,303591111136;11,4997903409832;-5,70260221914282
19,3037297222471;11,4931750930402;-5,7145191721057
19,303868611136;11,4810569006568;-5,74468496263995
19,3040075000249;11,4626634173629;-5,77995359500034
19,3041466666916;11,4678263466283;-5,78459725938447
19,3042855555805;11,4465341926465;-5,78058902521025
19,3044244444694;11,4547490620232;-5,83533949029879
19,3045630555805;11,4584086114311;-5,82933090523449
19,3047022222471;11,4654267070969;-5,85898131088643
19,3048408333583;11,4209416034369;-5,81876692491591
19,3049800000249;11,4254344373232;-5,84412339068331
19,305118611136;11,4209751250514;-5,82450938644342
19,3052577778027;11,4039318967484;-5,85534259256002
19,3053966666916;11,4274371500842;-5,85153815623232
19,3055352778027;11,3879386037138;-5,81736404295495
19,3056741666916;11,4048457145923;-5,85825194847419
19,3058130555805;11,3719508088298;-5,82354262504722
19,3059519444694;11,3825658460968;-5,86643413349677
19,3060908333583;11,3596228875687;-5,85651759547841
19,3062300000249;11,3856808108791;-5,93373376769179
19,306368611136;11,3506017624604;-5,89512431673944
19,3065077778027;11,3667489050291;-5,85313063872914
19,3066463889138;11,352105193242;-5,8824670701938
19,3067855555805;11,3565254027384;-5,91636454966718
19,3069247222471;11,3065822247711;-5,92762618718024
19,3070633333583;11,348809551953;-5,88640244052274
19,3072022222471;11,3292703391608;-5,88413298032987
19,3073408333583;11,339583940004;-5,87958498427921
19,3074800000249;11,3168392310078;-5,87401895008028
19,3076188889138;11,3093278815535;-5,86432585591893
19,3077577778027;11,3098211824514;-5,84244680727357
19,3078963889138;11,295739754768;-5,89896683832279
19,3080355555805;11,3140882234186;-5,90828598277793
19,3081744444694;11,3074216303847;-5,93516029974148
19,3083130555805;11,3090782454027;-5,92231087319556
19,3084519444694;11,2888863692559;-5,92571729934332
19,308591111136;11,3025081517609;-5,94288724573428
19,3087297222471;11,2979410808498;-5,96673730752045
19,3088688889138;11,3085737603888;-5,89291236290859
19,3090080555805;11,2962506434719;-5,94582043216218
19,3091466666916;11,2907361030612;-5,92090799123457
19,3092852778027;11,2852666358131;-5,92264673160369
19,3094244444694;11,3013962792292;-5,91712741362875
19,3095630555805;11,2927393934895;-5,89344754485236
19,3097022222471;11,306702067679;-5,89939383720449
19,3098408333583;11,2912809380529;-5,8948964376969
19,3099797222471;11,2938228006442;-5,88526542674427
19,310118611136;11,2625849194258;-5,8984271430455
19,3102575000249;11,2784018604935;-5,88396275063764
19,3103963889138;11,2840759341451;-5,91121932276423
19,3105355555805;11,2563550002692;-5,92080434388487
19,3106741666916;11,2752593836628;-5,8999908914588
19,3108133333583;11,3013513337836;-5,89354289605899
19,3109522222471;11,2929267250414;-5,93944263279511
19,311091111136;11,2644911243467;-5,87293949165439
19,3112300000249;11,2817150591132;-5,86459172818596
19,3113688889138;11,277352628569;-5,9392722645398
19,3115077778027;11,2775057584072;-5,93168721356844
19,3116466666916;11,258805977927;-5,91255557455841
19,3117855555805;11,2751512483778;-5,89879666981747
19,3119244444694;11,2479302832601;-5,92268039588339
19,3120633333583;11,2807973906296;-5,91392488083184
19,3122019444694;11,2701714250431;-5,87711803288087
19,312341111136;11,2582611580641;-5,85907693680812
19,3124800000249;11,270686009708;-5,87544113531479
19,312618611136;11,22143563137;-5,87707855895866
19,3127577778027;11,2489862234882;-5,90172494282052
19,3128966666916;11,2310575238564;-5,88569691954842
19,3130352778027;11,2607647219162;-5,89047265636998
19,3131744444694;11,2483440044662;-5,93065867876766
19,313313611136;11,2265923008978;-5,89995743392996
19,3134522222471;11,2437320075876;-5,89691578210679
19,3135908333583;11,2369189256243;-5,93109017157184
19,3137297222471;11,2515903231283;-5,89231050593594
19,3138688889138;11,221129476458;-5,91088336351035
19,3140077778027;11,2106564660417;-5,88743103817663
19,3141466666916;11,2101113982459;-5,88602815621562
19,3142855555805;11,1898292336388;-5,87139307048528
19,3144241666916;11,1819602917176;-5,90493225045526
19,3145633333583;11,1988953583117;-5,92460386871397
19,3147019444694;11,1935340678958;-5,93509349232113
19,314841111136;11,1613653004531;-5,89083733799134
19,3149800000249;11,183446301918;-5,88912667771581
19,3151188889138;11,1905722282282;-5,8705232428517
19,3152575000249;11,1838040482834;-5,92600675067496
19,3153963889138;11,1550974411578;-5,88358331369062
19,3155355555805;11,1694731124744;-5,9296170036273
19,3156741666916;11,1443114434652;-5,91722274573343
19,3158130555805;11,1742787785739;-5,8952199617548
19,3159522222471;11,1371511972054;-5,88071221494039
19,316091111136;11,1251748569866;-5,85068605844086
19,3162297222471;11,1282897589072;-5,91414763096648
19,3163688889138;11,1360056096926;-5,92984433935925
19,3165077778027;11,1180662566165;-5,89831866406774
19,3166463889138;11,114951354696;-5,86140808485698
19,3167858333583;11,1162051804486;-5,90633513241627
19,3169241666916;11,1051422065509;-5,83274846915202
19,3170633333583;11,1032984304822;-5,89868821535217
19,3172019444694;11,0992772178639;-5,86537789023336
19,3173408333583;11,101642032538;-5,85566578234568
19,3174797222471;11,0768829030492;-5,81059856811407
19,3176188889138;11,0862448319453;-5,88131421249125
19,3177577778027;11,0864425625745;-5,84684339859268
19,3178966666916;11,0748687863963;-5,85816738727576
19,3180352778027;11,0590966099639;-5,86550315317339
19,3181744444694;11,076719771909;-5,83450551035634
19,3183130555805;11,0208751036321;-5,82973506611066
19,3184522222471;11,0703023674054;-5,9051928946264
19,318591111136;11,0281884055153;-5,84684339859268
19,3187300000249;11,0565269391563;-5,89373171526228
19,318868611136;11,0280353726005;-5,87455290998685
19,3190077778027;11,0510127404418;-5,85409231612996
19,3191466666916;11,044578342603;-5,83545402721967
19,3192852778027;11,0197570456306;-5,83795024590711
19,3194244444694;11,0214134354239;-5,83659113748891
19,3195630555805;11,0200700524127;-5,84804227742973
19,3197019444694;11,0061696795863;-5,82041051871303
19,319841111136;11,0155763725862;-5,89626635046076
19,3199800000249;10,9979430422429;-5,86800457475647
19,320118611136;10,9999024990574;-5,85367513758354
19,3202580555805;10,9883833632102;-5,87645212522239
19,3203966666916;11,001398496768;-5,85094663123442
19,3205355555805;10,9609306825848;-5,83351081257638
19,3206744444694;10,988884025099;-5,88868099758443
19,3208133333583;10,9745531862652;-5,88304288036741
19,3209522222471;10,9785640746734;-5,84693839706017
19,321091111136;10,9622638479824;-5,96537248726253
19,3212300000249;10,9334591191286;-5,8726480608874
19,3213688889138;10,9683334648538;-5,86217051255463
19,3215075000249;10,9554959167297;-5,84499498111754
19,3216463889138;10,9596597483423;-5,81255951146633
19,3217855555805;10,9429296546761;-5,93267688824386
19,3219244444694;10,9308550194885;-5,90391322531326
19,3220633333583;10,94404038671;-5,85995779736282
19,3222019444694;10,9244447678844;-5,89876777204387
19,322341111136;10,9336192438483;-5,90374775571649
19,3224800000249;10,9184935032649;-5,90595508708276
19,322618611136;10,930067279443;-5,89936427341058
19,3227575000249;10,9101139136114;-5,91312265862319
19,3228966666916;10,9242399889137;-5,93527296172954
19,3230355555805;10,9078675918519;-5,93671828437013
19,3231744444694;10,9080205665199;-5,95997221674568
19,3233130555805;10,9012972155282;-5,92431831168847
19,3234522222471;10,8829036414542;-5,91414985177892
19,3235908333583;10,883459106214;-5,91559554207291
19,3237300000249;10,8862232880511;-5,84662478046118
19,323868611136;10,8599090829901;-5,90368065266799
19,3240075000249;10,8488978598765;-5,86419479907465
19,3241466666916;10,8494879662779;-5,8767118177766
19,3242855555805;10,8658157131645;-5,83937008542679
19,3244241666916;10,858457642816;-5,90714810113795
19,3245630555805;10,82818437877;-5,89097224219091
19,3247022222471;10,8440822814094;-5,87156625528468
19,324841111136;10,8626563235416;-5,89881718618557
19,3249800000249;10,8422732933104;-5,87952728905805
19,3251188889138;10,8042418774708;-5,87875964482191
19,3252577778027;10,8286951102774;-5,8610095640617
19,3253966666916;10,827952021342;-5,89111516444095
19,3255352778027;10,8184368891588;-5,87150496615612
19,3256741666916;10,8004358067757;-5,82777629693101
19,3258133333583;10,7842610162694;-5,90240063220708
19,3259525000249;10,8105063655711;-5,85456740944772
19,3260908333583;10,7667708571598;-5,86268790850789
19,3262297222471;10,7811016493733;-5,89177276134907
19,326368611136;10,7806006927073;-5,96618943790241
19,3265075000249;10,7647569810582;-5,88168590465625
19,3266466666916;10,7583394139661;-5,87536384139042
19,3267855555805;10,7590550063744;-5,84948977699358
19,3269244444694;10,7482243506027;-5,85840421184844
19,3270633333583;10,731299071659;-5,89156844134209
19,3272022222471;10,7563424782331;-5,85706252163848
19,327341111136;10,7454323628455;-5,87995235671792
19,3274800000249;10,7322819489974;-5,84257773715638
19,3276188889138;10,7008728408104;-5,8449403541313
19,3277577778027;10,6964247763219;-5,85262345720417
19,3278966666916;10,7022870464987;-5,87400005189463
19,3280358333583;10,7118913969383;-5,88696400801666
19,3281744444694;10,6784408657092;-5,91201823011193
19,3283133333583;10,6960224295423;-5,92600293735131
19,3284519444694;10,688341606792;-5,89351244396801
19,3285908333583;10,6499321860209;-5,88818892219976
19,3287297222471;10,6701623849517;-5,9257985505653
19,3288688889138;10,6910541917049;-5,86311272398436
19,3290077778027;10,679371930254;-5,93114856283319
19,3291466666916;10,6512655157504;-5,89083972242099
19,3292855555805;10,6491721161447;-5,85151881770432
19,3294241666916;10,6581862777276;-5,86738646550711
19,3295633333583;10,6374454430985;-5,93739249842787
19,3297022222471;10,6394338702503;-5,87850011189983
19,329841111136;10,6725077140716;-5,95280530291802
19,3299800000249;10,6374899010393;-5,85802160840183
19,3301188889138;10,6500851140727;-5,88949804173041
19,3302575000249;10,6396917395722;-5,82068658442284
19,3303966666916;10,6514184164075;-5,80286353783424
19,3305355555805;10,6271704262039;-5,90933485920814
19,3306747222471;10,607523006209;-5,876329458161
19,3308130555805;10,6200447794297;-5,84355675433073
19,3309522222471;10,6150246257201;-5,87389589308606
19,331091111136;10,5979369538958;-5,87996802239391
19,3312300000249;10,6038530406915;-5,83390978212063
19,3313688889138;10,6003178765067;-5,85634233927055
19,3315075000249;10,5922792645134;-5,85482037269912
19,3316466666916;10,611568891477;-5,79072378653163
19,3317852778027;10,5898800982809;-5,86984852762524
19,3319244444694;10,6024112550637;-5,82833813399691
19,3320633333583;10,6007551524661;-5,80994702870359
19,3322019444694;10,5862194772706;-5,83012097457589
19,332341111136;10,5886262725282;-5,8357591729025
19,3324800000249;10,587123136754;-5,82966870325572
19,3326188889138;10,5770173960985;-5,82154800930419
19,3327580555805;10,5705553710658;-5,81563453200914
19,3328966666916;10,5385910702232;-5,80794845238182
19,3330352778027;10,5724425130496;-5,79277655351106
19,3331744444694;10,5685935015476;-5,85657532012596
19,3333133333583;10,5876249783819;-5,80052767839408
19,3334522222471;10,5832300566013;-5,8162516685675
19,333591111136;10,5720416014523;-5,81315505353399
19,3337297222471;10,5685766669929;-5,7583817781279
19,333868611136;10,5689344853189;-5,83504060971538
19,3340077778027;10,5593745071164;-5,75703977509448
19,3341469444694;10,5786473269322;-5,80707632041197
19,3342855555805;10,5235353880329;-5,78532335448284
19,3344244444694;10,521879441107;-5,79732663182006
19,3345630555805;10,5380267957258;-5,81173343056832
19,3347025000249;10,5468436608251;-5,81549091983987
19,3348413889138;10,5446771803189;-5,81238723069282
19,3349800000249;10,5373279224162;-5,85500727091517
19,3351188889138;10,5207952531892;-5,8009581468566
19,3352577778027;10,533309446868;-5,8215948228779
19,3353966666916;10,5162217050737;-5,74657596252541
19,3355355555805;10,5302023928311;-5,7418070477413
19,3356741666916;10,5457426465112;-5,79712211683699
19,3358130555805;10,5343660070086;-5,80632976011177
19,3359519444694;10,5082734024359;-5,74296588150574
19,3360908333583;10,5344014166603;-5,80800930199024
19,3362300000249;10,540487079465;-5,81451131150772
19,3363688889138;10,5180215157142;-5,83222385316063
19,3365075000249;10,4896184417955;-5,81494899246084
19,3366463889138;10,4959917224153;-5,81054260954784
19,3367855555805;10,5169284955603;-5,7738867055036
19,3369241666916;10,5169205206487;-5,81054260954784
19,3370633333583;10,5129177937329;-5,74946756358943
19,3372022222471;10,4924748743953;-5,78324549953658
19,3373413889138;10,4822513721047;-5,78992710705455
19,3374800000249;10,508649764664;-5,82045722130113
19,3376188889138;10,4642598390381;-5,81363896949279
19,3377577778027;10,5047918392712;-5,80075354831143
19,3378966666916;10,4844622869249;-5,78784904956794
19,3380352778027;10,4673745993557;-5,81704434084924
19,3381744444694;10,4704893649874;-5,79370225818798
19,3383133333583;10,4537428169044;-5,83527750245787
19,3384522222471;10,4559093598309;-5,77469424604823
19,3385913889138;10,4396172112713;-5,74913749404055
19,3387297222471;10,4532410730376;-5,81363134679194
19,3388688889138;10,4604019136454;-5,79512603730691
19,3390075000249;10,4498848915117;-5,80883068076565
19,3391466666916;10,4272479736508;-5,76532777092291
19,3392855555805;10,4520514344382;-5,81829375966024
19,3394241666916;10,4531967235374;-5,79949621268349
19,3395633333583;10,4426796752217;-5,84496638655105
19,3397022222471;10,4058450199103;-5,82422542353353
19,3398408333583;10,4556037252873;-5,82786392494157
19,3399800000249;10,3932698363735;-5,85666102836063
19,3401188889138;10,4195321228653;-5,85969664714142
19,3402577778027;10,4122275135691;-5,83024425652397
19,3403969444694;10,4240161845602;-5,78369651240561
19,3405352778027;10,3973248334745;-5,73709723179647
19,3406744444694;10,4065517211627;-5,79870402132386
19,3408133333583;10,4045468175437;-5,80471039083159
19,3409522222471;10,3833958266501;-5,83607745816772
19,3410908333583;10,3752950559221;-5,81369175630709
19,3412300000249;10,3855982266092;-5,81385671311725
19,341368611136;10,3824559542645;-5,85554410997904
19,3415075000249;10,3810326469964;-5,86339560036507
19,3416466666916;10,3639451385081;-5,91446951184736
19,3417855555805;10,3433218528881;-5,87518708351664
19,3419244444694;10,3653683675955;-5,87475691794924
19,3420630555805;10,3709177690891;-5,8237875509943
19,3422022222471;10,3332432180372;-5,82140760709251
19,3423408333583;10,3313902381941;-5,82904626293126
19,3424802778027;10,3438767003373;-5,84177867895443
19,342618611136;10,3419072215367;-5,82958903225119
19,3427577778027;10,3183575946682;-5,82427812197034
19,3428966666916;10,3394473122643;-5,81158123663403
19,3430355555805;10,3229145456206;-5,85580122604441
19,3431741666916;10,3039914589741;-5,86728284892243
19,3433133333583;10,2859911219509;-5,89048050677542
19,3434525000249;10,3019857228861;-5,85059497609654
19,3435908333583;10,2724560058272;-5,89067731783905
19,3437300000249;10,2750244230868;-5,84772449500579
19,3438688889138;10,2812372080888;-5,89432377561494
19,3440077778027;10,2603359180893;-5,82992684501008
19,3441463889138;10,260291758453;-5,89241000794729
19,3442852778027;10,2531502602703;-5,85461118715432
19,3444244444694;10,2526200673039;-5,81590668878772
19,3445633333583;10,2180876147858;-5,87260215875699
19,3447019444694;10,2569444439261;-5,86105187363523
19,344841111136;10,2472595106094;-5,80509258708054
19,3449797222471;10,226852203342;-5,81735950831333
19,3451191666916;10,188120188735;-5,82364320191974
19,3452575000249;10,2028445161775;-5,8965912812873
19,3453966666916;10,2163878470167;-5,89622151569174
19,3455352778027;10,2048140708385;-5,8370024685897
19,3456744444694;10,1916368908429;-5,87924751443961
19,3458133333583;10,1893740144876;-5,89588356778691
19,3459519444694;10,1839210400575;-5,82574574225737
19,346091111136;10,1610706327561;-5,7696533484006
19,3462300000249;10,1838603288635;-5,80677315938482
19,3463688889138;10,1654832419269;-5,77528184672337
19,3465077778027;10,1666366895183;-5,81582354463492
19,3466466666916;10,1717925100731;-5,81435594550516
19,3467858333583;10,1491555607047;-5,79261745952704
19,3469244444694;10,143078909775;-5,87904259802792
19,3470633333583;10,1148279610534;-5,9220036449546
19,3472019444694;10,1164754131908;-5,79046253234452
19,347341111136;10,1334018591086;-5,85980946021863
19,3474800000249;10,1089565113456;-5,85022520362457
19,3476188889138;10,1071037554879;-5,81515938922391
19,3477575000249;10,0918248145969;-5,80171922179463
19,3478966666916;10,1028604559921;-5,84734651353148
19,3480352778027;10,1011881820794;-5,74500078437384
19,3481744444694;10,070027536128;-5,78206785190886
19,3483133333583;10,0398717269377;-5,7307088017495
19,3484525000249;10,0696255783051;-5,73590654415716
19,348591111136;10,0236883260476;-5,80606547146442
19,3487300000249;10,0468718336346;-5,85213093977498
19,3488688889138;10,0317980034912;-5,84454451953721
19,3490075000249;10,0318061270693;-5,83685784291148
19,3491466666916;10,0194368658192;-5,83916517269711
19,3492855555805;10,0119618163276;-5,83268471919314
19,3494244444694;10,0209314928657;-5,8153491063895
19,3495630555805;10,0132077636985;-5,84874939549246
19,3497022222471;10,0251472757404;-5,77994539429667
19,3498408333583;9,98695340817278;-5,80182391560922
19,3499800000249;9,95810359437141;-5,80655624316748
19,350118611136;9,9983744703635;-5,78829981055003
19,3502575000249;9,95869410467111;-5,80227383649424
19,3503966666916;9,96542591032122;-5,85082826366835
19,3505358333583;9,97900490077572;-5,86050901967499
19,3506741666916;9,96933610589906;-5,87812966824197
19,3508130555805;9,970018718727;-5,85048198451287
19,3509522222471;9,96761978440753;-5,85558792814459
19,351091111136;9,9449181399855;-5,88922150132231
19,3512302778027;9,90835251450235;-5,83413053405559
19,351368611136;9,96471032276577;-5,83972827788767
19,3515075000249;9,92708745768783;-5,81708175480316
19,3516466666916;9,95940982599049;-5,76693934091901
19,3517852778027;9,9373633929884;-5,8018399666085
19,3519244444694;9,94046161981862;-5,7776810896205
19,3520630555805;9,93510074537667;-5,79864387760159
19,3522022222471;9,94356786609808;-5,80808373944939
19,3523408333583;9,92208439781595;-5,86036420951444
19,3524800000249;9,91878110980088;-5,83771768642993
19,3526188889138;9,91452126510421;-5,83918518889192
19,3527577778027;9,94693176842955;-5,80398646809155
19,3528966666916;9,90522974089936;-5,82628763090301
19,3530355555805;9,90794260414501;-5,75957737841449
19,3531744444694;9,90404859660501;-5,75270753658245
19,3533130555805;9,92554047395348;-5,78607608608309
19,3534522222471;9,91275686000159;-5,79927022945699
19,3535908333583;9,91917489705548;-5,81327003540935
19,3537300000249;9,89932223590546;-5,78129979618058
19,353868611136;9,91672349213741;-5,83748426238583
19,3540077778027;9,92117199285505;-5,86176709147543
19,3541466666916;9,90614212477581;-5,83100389418806
19,3542855555805;9,89266356605683;-5,85380187771491
19,3544244444694;9,90042335934641;-5,84621696945032
19,3545633333583;9,89210916251554;-5,86804245952518
19,3547025000249;9,90498062548602;-5,79989367453572
19,3548408333583;9,89286021087267;-5,83418399475093
19,3549800000249;9,90595350787009;-5,79733273287758
19,3551188889138;9,88373783202289;-5,78724552693427
19,3552577778027;9,88736306928149;-5,79598983960739
19,3553966666916;9,89136586093304;-5,8130049949836
19,3555358333583;9,85082532960269;-5,83787380777292
19,3556744444694;9,86421551692519;-5,80845355299601
19,3558130555805;9,90428128473911;-5,84897434175707
19,3559522222471;9,84325420494736;-5,85368200837249
19,3560913889138;9,86326713899422;-5,79884039238206
19,3562297222471;9,86940005294349;-5,89479742263833
19,356368611136;9,84605493678427;-5,77290475704388
19,3565077778027;9,8609684125127;-5,78678403935078
19,3566463889138;9,85467532143875;-5,79198160543314
19,3567852778027;9,85963442457796;-5,75574270943622
19,3569244444694;9,85376307268859;-5,77215398461476
19,3570633333583;9,84183914755397;-5,7847047655136
19,3572022222471;9,85321627891625;-5,81399792145393
19,357341111136;9,84975253054017;-5,73698431602534
19,3574800000249;9,84554437063503;-5,782662460978
19,3576188889138;9,84529523186512;-5,81273714485803
19,3577577778027;9,83668342675455;-5,7891514467064
19,3578963889138;9,83688862804937;-5,79391908217033
19,3580355555805;9,82010665259105;-5,76072400493098
19,3581744444694;9,82530633421791;-5,82184957608828
19,3583133333583;9,8171886189985;-5,79375430227643
19,3584519444694;9,82892366944236;-5,79745305574033
19,358591111136;9,8394763868327;-5,83543321016222
19,3587300000249;9,80806625182541;-5,74528567730309
19,358868611136;9,8427436650081;-5,77003444437369
19,3590075000249;9,8210990500219;-5,71110874111156
19,3591466666916;9,82801142069218;-5,72042788556669
19,3592855555805;9,81282879569522;-5,76818824053709
19,3594244444694;9,82550376918692;-5,77100757333756
19,3595630555805;9,81392999300877;-5,77745636718709
19,3597019444694;9,79681437410466;-5,77908397158151
19,359841111136;9,766344816594;-5,78482457605389
19,3599800000249;9,81333931986535;-5,83023584699245
19,3601188889138;9,78248376853844;-5,7977625364507
19,3602577778027;9,78727367201699;-5,78553279483003
19,3603966666916;9,79695910023474;-5,83413053405559
19,3605355555805;9,78538532405656;-5,72972736653372
19,3606747222471;9,80126281615208;-5,77274000244131
19,3608133333583;9,77455483369181;-5,72864044512153
19,3609522222471;9,79079015553356;-5,73228783759708
19,361091111136;9,7946403660452;-5,73666589487306
19,3612300000249;9,78822217489252;-5,76156543617367
19,361368611136;9,77345367142186;-5,77424772895517
19,3615075000249;9,77514548090912;-5,74407901365927
19,3616466666916;9,78648649012251;-5,78459993771517
19,3617852778027;9,78671925708727;-5,77143732633465
19,3619244444694;9,77294312892028;-5,78590261382178
19,3620633333583;9,73255566935333;-5,82053819496929
19,3622022222471;9,76444011551266;-5,79397898266421
19,3623408333583;9,76117286326337;-5,76580998260528
19,3624800000249;9,75897048031845;-5,78069653133934
19,362618611136;9,74589379013156;-5,77941345991866
19,3627577778027;9,7617711471128;-5,78459993771517
19,3628966666916;9,7143749072826;-5,74721423176771
19,3630355555805;9,74868692193635;-5,78997074848991
19,3631741666916;9,74595404692249;-5,72697692731623
19,3633133333583;9,74113124626174;-5,73796857097966
19,3634519444694;9,71723279330033;-5,76438512380275
19,3635908333583;9,72314797783386;-5,77830683264062
19,3637300000249;9,72428554382742;-5,82054689998165
19,3638688889138;9,70972976145589;-5,79940976622865
19,3640077778027;9,70315899873674;-5,79354926317859
19,3641466666916;9,72294276609347;-5,81695056352805
19,3642855555805;9,69684195733981;-5,78683547093669
19,3644244444694;9,6959460232296;-5,77199133506173
19,3645633333583;9,68787228080174;-5,79088395167082
19,3647019444694;9,68181197246412;-5,76341187658315
19,364841111136;9,64785028380621;-5,68763423044123
19,3649797222471;9,66451947027295;-5,71764878223968
19,3651188889138;9,64870235373112;-5,75422610396248
19,3652577778027;9,66271891265478;-5,73058688896401
19,3653966666916;9,66932596862947;-5,73188956507067
19,3655355555805;9,65279306185892;-5,78569755796903
19,3656744444694;9,65020527562476;-5,76017177218858
19,3658133333583;9,64412866147455;-5,77555040506181
19,3659519444694;9,64327660673382;-5,74906041916165
19,366091111136;9,66586249337067;-5,74700909756604
19,3662297222471;9,6213389919333;-5,77316970485359
19,3663688889138;9,63129372695875;-5,73359051370377
19,3665077778027;9,61677412801828;-5,79565148598277
19,3666466666916;9,61586935797288;-5,76055053266967
19,3667855555805;9,61130447886984;-5,81041060027241
19,3669244444694;9,60484245383702;-5,79501242429563
19,3670630555805;9,60520035184015;-5,76515323650509
19,3672025000249;9,60320320084602;-5,82784641893039
19,367341111136;9,56537482351172;-5,78189437964755
19,3674800000249;9,59012654950666;-5,77463711026718
19,3676188889138;9,58224921127325;-5,74024437605019
19,3677577778027;9,57343217865301;-5,75550923419055
19,3678966666916;9,55816192188607;-5,71760830041643
19,3680355555805;9,55886889195216;-5,72463221094728
19,3681744444694;9,55706839740134;-5,7557338861956
19,3683133333583;9,53194354893202;-5,72268394307127
19,3684522222471;9,51571595336083;-5,7659213434444
19,3685908333583;9,50856321384069;-5,74033571875725
19,3687300000249;9,5451290412712;-5,75659313923072
19,368868611136;9,5129680416523;-5,76602621019944
19,3690077778027;9,4983163384199;-5,74353540117897
19,3691463889138;9,50159066463777;-5,74721423176771
19,3692855555805;9,48986426002054;-5,74311471401165
19,3694241666916;9,50304101870859;-5,72083800858331
19,3695633333583;9,48321331767201;-5,74474223431139
19,3697022222471;9,46085336040068;-5,75209548200777
19,369841111136;9,4756940990834;-5,76916147067934
19,3699800000249;9,46004980202727;-5,72557404535527
19,3701188889138;9,4865533153328;-5,73569271532435
19,3702577778027;9,46925226130037;-5,70215942386835
19,3703966666916;9,44942459063498;-5,74808724783352
19,3705355555805;9,4442602164076;-5,72063295817603
19,3706744444694;9,45402583338222;-5,76342085798615
19,3708133333583;9,45516366462971;-5,7433707057119
19,3709522222471;9,43342973924922;-5,79163421126998
19,371091111136;9,45533236371273;-5,73840709663259
19,3712297222471;9,42316243024044;-5,71186782244797
19,3713688889138;9,41595708785314;-5,6990241380949
19,3715077778027;9,39225528354177;-5,70513460195755
19,3716463889138;9,40182303708769;-5,73151973919471
19,3717855555805;9,41595708785314;-5,72068371036488
19,3719244444694;9,4365969887042;-5,70366716713824
19,3720630555805;9,41690569937364;-5,71093498999778
19,3722022222471;9,38674921956564;-5,74851690787432
19,372341111136;9,38343819659181;-5,75199058718266
19,3724802778027;9,37556975621828;-5,74564662903813
19,3726188889138;9,3882358280533;-5,72350327084624
19,3727577778027;9,37777226360873;-5,75957737841449
19,3728966666916;9,38718727595341;-5,73475986920414
19,3730355555805;9,37837021617099;-5,71949503667199
19,3731741666916;9,35847363011129;-5,69988354291738
19,3733133333583;9,37487018242069;-5,72864044512153
19,3734522222471;9,37591874496999;-5,73612236714308
19,3735913889138;9,37209726624405;-5,70362684193037
19,3737300000249;9,39013306745505;-5,71077028599092
19,3738688889138;9,3638434021388;-5,70172969616252
19,3740077778027;9,3506142313349;-5,68839339526056
19,3741466666916;9,36694906843195;-5,69160213940759
19,3742852778027;9,34210225343645;-5,73856300269892
19,3744241666916;9,35172263006439;-5,71173441645396
19,3745633333583;9,35922599344178;-5,73368171893665
19,3747022222471;9,33658891004146;-5,7631017582942
19,374841111136;9,33256236388556;-5,71684932028757
19,3749800000249;9,36018179820437;-5,72540034072694
19,375118611136;9,33461926425881;-5,75750659814301
19,3752577778027;9,32009966531834;-5,71077028599092
19,3753969444694;9,31675224043676;-5,69837574392341
19,3755355555805;9,34174435040117;-5,75886909608192
19,3756744444694;9,30581294850069;-5,69998843774249
19,3758133333583;9,32045756455568;-5,70059178730477
19,3759519444694;9,30062103517321;-5,75311943430307
19,3760913889138;9,33347434144537;-5,73915732057273
19,3762300000249;9,31808631074603;-5,74737893988615
19,376368611136;9,2963614006789;-5,70135987717077
19,3765075000249;9,30487327339674;-5,72918400700306
19,3766466666916;9,30872230092962;-5,69501590392065
19,3767855555805;9,31990338271794;-5,71224666672589
19,3769244444694;9,30061375575437;-5,71451359765342
19,3770633333583;9,2956456186281;-5,74192543330128
19,3772022222471;9,31407581154258;-5,68722407391084
19,3773408333583;9,30962712150682;-5,73308736311108
19,3774800000249;9,32581836510965;-5,77654316400617
19,3776188889138;9,31958917013137;-5,76342085798615
19,3777577778027;9,29880585336335;-5,77891026695318
19,3778969444694;9,29896550031899;-5,79257610070323
19,3780352778027;9,30702302186671;-5,80189092465599
19,3781744444694;9,26298323022027;-5,83227500249134
19,3783133333583;9,28022286925165;-5,80276396602125
19,3784519444694;9,26007218862952;-5,81137476457823
19,3785908333583;9,27726086277795;-5,80359189099752
19,3787297222471;9,26608870982028;-5,7765745470941
19,3788688889138;9,30225302510706;-5,75008449795376
19,3790077778027;9,27179120603341;-5,82184087107589
19,3791466666916;9,26644660905768;-5,79093496947596
19,3792855555805;9,28077708614967;-5,77118099913736
19,3794244444694;9,25726457776591;-5,77111822664273
19,3795633333583;9,23727521308598;-5,76765368844622
19,3797022222471;9,26296719145708;-5,75579369846957
19,379841111136;9,22715155789001;-5,69637848052116
19,3799797222471;9,2414382901905;-5,73833839274553
19,3801188889138;9,24202905483361;-5,7723611787182
19,3802577778027;9,25817657643449;-5,70041809778331
19,3803963889138;9,22971193231268;-5,72485661058761
19,3805355555805;9,2319144554821;-5,73455476852467
19,3806744444694;9,23942495519353;-5,74245708263919
19,3808130555805;9,23967397713906;-5,76147444829519
19,3809519444694;9,19514318547789;-5,75806961294074
19,3810908333583;9,22644479114018;-5,67388757638048
19,3812300000249;9,2515553720612;-5,69679897136783
19,3813688889138;9,22534352751012;-5,6590330799342
19,3815077778027;9,21462201639383;-5,72697692731623
19,3816466666916;9,21045902520603;-5,72946832834907
19,3817855555805;9,24178932287933;-5,68932623315868
19,3819244444694;9,19348775987862;-5,70638297507091
19,3820630555805;9,19699699981325;-5,71624590027866
19,3822022222471;9,2109694730533;-5,75209548200777
19,3823408333583;9,19714951926525;-5,71569186966101
19,3824800000249;9,2095036690823;-5,72887402281032
19,382618611136;9,18069693245741;-5,67994726687124
19,3827577778027;9,20210875095859;-5,70579783083065
19,3828966666916;9,18375861325211;-5,72680322268795
19,3830355555805;9,18597726520068;-5,72566525058818
19,3831744444694;9,17334590700906;-5,65976077818272
19,3833133333583;9,15289521011033;-5,67793628281723
19,3834522222471;9,14975311994399;-5,65475991913701
19,383591111136;9,16085338144441;-5,68460960279663
19,3837297222471;9,16797831092143;-5,70730557954664
19,3838688889138;9,15456677266886;-5,72793202331226
19,3840077778027;9,15566113848695;-5,67756644049717
19,3841466666916;9,16026246013601;-5,67665279963776
19,3842852778027;9,12900429563135;-5,71949503667199
19,3844241666916;9,12809231807154;-5,70957252146991
19,3845630555805;9,12352795326984;-5,67258490027385
19,3847022222471;9,1437664805236;-5,71320176272184
19,3848408333583;9,1694281986907;-5,67425742692473
19,3849797222471;9,15013857172713;-5,67756644049717
19,3851191666916;9,1202399906897;-5,68418902750611
19,3852577778027;9,13211886422744;-5,77891026695318
19,3853966666916;9,11948056612863;-5,67392804864301
19,3855355555805;9,11872117437284;-5,67008450993583
19,3856744444694;9,12863970441521;-5,69885049505373
19,3858133333583;9,13084894476356;-5,69680814941631
19,3859522222471;9,11376192689374;-5,73054653435042
19,386091111136;9,12495024310428;-5,73514908639848
19,3862300000249;9,10995694185982;-5,69700415586357
19,3863688889138;9,09688041531891;-5,65595768365802
19,3865075000249;9,09025037545001;-5,6953857215768
19,3866466666916;9,11026192989638;-5,70805550994737
19,3867855555805;9,09361996472384;-5,66912034563001
19,3869247222471;9,08534116990154;-5,64040456892639
19,387063611136;9,08884412001555;-5,69012568080709
19,3872019444694;9,11722801309935;-5,68270342879526
19,387341111136;9,08053726317829;-5,71223766610444
19,3874800000249;9,06966980243399;-5,71391916593416
19,3876188889138;9,05519359438759;-5,71955487835521
19,3877577778027;9,08607277386318;-5,78422117723409
19,3878963889138;9,07802006147963;-5,74089872533307
19,3880355555805;9,06805804325006;-5,74089872533307
19,3881747222471;9,0629462921047;-5,73979205567372
19,3883130555805;9,08404372763289;-5,72605428583543
19,3884522222471;9,05428162699172;-5,71315107030603
19,388591111136;9,05779106921199;-5,75048278818869
19,3887300000249;9,07171054011314;-5,70205480691359
19,388868611136;9,06309879197042;-5,63597626623465
19,3890080555805;9,0791152084704;-5,70274459966652
19,3891466666916;9,0372317426355;-5,68628212944745
19,3892855555805;9,06455805128866;-5,68330692668997
19,3894244444694;9,06786865348357;-5,71260750842453
19,3895633333583;9,04566987628391;-5,64814633274949
19,3897022222471;9,0634407652783;-5,7101355280457
19,3898408333583;9,06159601821727;-5,69874558346817
19,3899800000249;9,06420011785735;-5,73307826343185
19,390118611136;9,06676074575003;-5,69629565812986
19,3902577778027;9,03991444734152;-5,75236042128
19,3903966666916;9,03244082239428;-5,68077521271931
19,3905355555805;9,05057622485111;-5,68932623315868
19,3906747222471;9,05864999766669;-5,65161090384015
19,3908130555805;9,02562086393019;-5,73097616086909
19,3909519444694;9,05668032908858;-5,72529540693171
19,391091111136;9,02566439889489;-5,70731579107078
19,3912297222471;9,02803557380381;-5,69777230272359
19,3913688889138;9,05644742014022;-5,68976489413365
19,3915075000249;8,99857191443377;-5,68666105911313
19,3916466666916;9,0116919361125;-5,65925752164446
19,3917852778027;9,02101954228112;-5,68196370991868
19,3919244444694;9,02061811371135;-5,66780851069848
19,3920630555805;9,03297251383992;-5,67084337112334
19,3922022222471;9,01750360036377;-5,65732011321256
19,392341111136;9,00648373683231;-5,63646004051677
19,3924800000249;9,02015118058887;-5,68921200300474
19,3926188889138;9,00779721844714;-5,66434399021506
19,3927575000249;8,98685222023653;-5,64587040942325
19,3928966666916;9,0048880214475;-5,6746557260162
19,3930355555805;9,00728009807307;-5,67546430243846
19,3931744444694;9,00833806888994;-5,66933546021374
19,3933133333583;9,01353666358426;-5,66306056587365
19,3934522222471;8,98223487028272;-5,64555087644464
19,393591111136;9,00102355309713;-5,64165702428403
19,3937302778027;8,99219046367557;-5,61348500305064
19,3938688889138;8,99019320475577;-5,69561037358181
19,3940077778027;8,99361263596231;-5,59554578634535
19,3941469444694;9,00211537937793;-5,63543241841268
19,3942855555805;8,99165254156642;-5,66786815602683
19,3944244444694;8,97616778201811;-5,68276304469751
19,3945633333583;8,96738778216374;-5,67641911945259
19,3947022222471;8,96499539522841;-5,73618212059097
19,394841111136;8,97360713576961;-5,69051467911135
19,3949800000249;8,9809810445301;-5,69359937719415
19,3951188889138;8,93527055326939;-5,63844819537209
19,3952577778027;8,95456018023296;-5,64967349263256
19,3953966666916;8,94480049269976;-5,66863633128929
19,3955355555805;8,93817950817748;-5,65677626539056
19,3956744444694;8,94170201781492;-5,66673010800048
19,3958133333583;8,93909126675678;-5,73563827276897
19,3959525000249;8,94109822326948;-5,67366313467019
19,3960913889138;8,95547187622131;-5,67128222416724
19,3962302778027;8,92897679638816;-5,66726459453361
19,3963688889138;8,94665465276381;-5,65182564634071
19,3965080555805;8,9175554811867;-5,6262087777784
19,3966469444694;8,94243878377148;-5,63608121679366
19,3967855555805;8,95345299903221;-5,66533658156104
19,3969244444694;8,91884653662032;-5,67983321322123
19,3970633333583;8,92406097796692;-5,6987051310617
19,3972022222471;8,9194596563178;-5,68085678589441
19,397341111136;8,91668713177506;-5,65822449022767
19,3974802778027;8,9071265143377;-5,65217387752176
19,3976188889138;8,90219849473243;-5,66473309797379
19,3977577778027;8,89279616204416;-5,67736128408382
19,3978966666916;8,90200860301806;-5,6809803188458
19,3980352778027;8,87645270189404;-5,65325212559043
19,3981744444694;8,9003595480512;-5,61496175578264
19,3983130555805;8,88448316813134;-5,65044163372755
19,3984519444694;8,87409749557267;-5,65694088935703
19,398591111136;8,86834181638548;-5,63596691071311
19,3987302778027;8,8656382195168;-5,63992474696104
19,3988688889138;8,84505775586263;-5,63596691071311
19,3990077778027;8,86282864485702;-5,67449103877308
19,3991466666916;8,86949614490948;-5,67620397196922
19,3992855555805;8,87224663105326;-5,63613152613516
19,3994241666916;8,85773285003435;-5,63639633475216
19,3995630555805;8,84925763344694;-5,70047786079118
19,3997022222471;8,82339071688057;-5,64571547920724
19,399841111136;8,81247974717436;-5,65785463968348
19,3999800000249;8,82992456193011;-5,59895999403517
19,4001191666916;8,80566959314208;-5,63884649889241
19,4002580555805;8,82240464386882;-5,67064749184195
19,4003963889138;8,79594666123245;-5,65080220025209
19,4005358333583;8,79655350728314;-5,64436258235168
19,4006744444694;8,78842053012917;-5,6170041425398
19,4008133333583;8,78958108433451;-5,63786360096094
19,4009525000249;8,76598890423429;-5,62719164825043
19,401091111136;8,76827835741369;-5,65043233736884
19,4012297222471;8,74324261666598;-5,63825223130962
19,4013688889138;8,78126821503315;-5,70996168394873
19,4015077778027;8,74457712667737;-5,63769901085877
19,4016466666916;8,75135977904466;-5,6426210870527
19,4017855555805;8,73465843284808;-5,69950452943544
19,4019241666916;8,74198879091335;-5,65893777311567
19,4020630555805;8,72595026698448;-5,66229239915415
19,4022022222471;8,71331845483121;-5,69268573633477
19,4023408333583;8,7134709117137;-5,66655590693105
19,4024802778027;8,70506467433205;-5,68887325424288
19,4026188889138;8,69752912052914;-5,62587957668444
19,4027577778027;8,67257397014134;-5,69706383061578
19,4028966666916;8,68450570256186;-5,69907497883023
19,4030352778027;8,68966081666312;-5,67338428434013
19,4031741666916;8,69693203970471;-5,67105778245693
19,4033130555805;8,66351416941978;-5,63976988786123
19,4034522222471;8,66772372710355;-5,65336207099318
19,403591111136;8,65929831563167;-5,63389604503297
19,4037297222471;8,68629744281844;-5,66663925766767
19,4038688889138;8,6391498391562;-5,65086178672556
19,4040075000249;8,62126649482775;-5,65617269700641
19,4041466666916;8,66100019396322;-5,65086178672556
19,4042855555805;8,64075569785641;-5,69169324558271
19,4044244444694;8,63308918772071;-5,66690413811216
19,4045633333583;8,64648020950642;-5,69868576163586
19,4047019444694;8,61800934767317;-5,67377311842705
19,4048408333583;8,6093444719896;-5,67181674487273
19,4049800000249;8,62732716965934;-5,65086178672556
19,4051188889138;8,62071271114223;-5,62334808012466
19,4052577778027;8,62147198534683;-5,61209153577926
19,4053963889138;8,62552961589077;-5,62789082646236
19,4055355555805;8,60528100957137;-5,62541891440867
19,4056744444694;8,59427073046419;-5,65853943858258
19,4058133333583;8,57722724309525;-5,63915661718138
19,4059525000249;8,59284879336673;-5,62448609018281
19,406091111136;8,61024033893295;-5,66343042186716
19,4062300000249;8,57522030682992;-5,62107202204243
19,4063691666916;8,5738796919257;-5,63346658744848
19,4065077778027;8,56399839217514;-5,64896502052477
19,4066466666916;8,56029902153242;-5,63937156219086
19,4067858333583;8,54856669060428;-5,62655691592516
19,4069241666916;8,58564928414035;-5,63321095471917
19,4070633333583;8,54560462454799;-5,66229239915415
19,4072022222471;8,55423210871976;-5,60925253755212
19,4073408333583;8,55493834577697;-5,65617269700641
19,4074800000249;8,5529349744215;-5,63531307847421
19,4076188889138;8,54265833254161;-5,68671166296951
19,4077580555805;8,55223483933594;-5,65504409752515
19,4078966666916;8,52245707219168;-5,65466474709979
19,4080355555805;8,51880473034342;-5,6512316578366
19,4081744444694;8,54225706014719;-5,65768062468794
19,4083133333583;8,51671703288338;-5,6450709405845
19,4084522222471;8,48885291910818;-5,66422978473582
19,4085908333583;8,49947770959051;-5,66359507526079
19,4087300000249;8,52853359631257;-5,61078885967262
19,4088688889138;8,4950722270884;-5,55448991894554
19,4090077778027;8,51175162085426;-5,64036385167645
19,4091469444694;8,52592949667246;-5,65010304323778
19,4092855555805;8,50313012392525;-5,67183576125527
19,4094244444694;8,49946191821465;-5,67566030888568
19,4095633333583;8,50668317825452;-5,6785305371146
19,4097019444694;8,48960253871087;-5,7185723183311
19,409841111136;8,49836050254413;-5,69458249019414
19,4099800000249;8,47096953207497;-5,66667049209826
19,4101188889138;8,47121840608889;-5,71531306649212
19,4102577778027;8,49837043358673;-5,67971870400467
19,4103966666916;8,48868480776335;-5,67718730048199
19,4105355555805;8,50908175637255;-5,63102586742914
19,4106744444694;8,46604760059805;-5,66249760041759
19,4108130555805;8,46074602978427;-5,67832533585118
19,4109522222471;8,45903779965448;-5,64625946245715
19,411091111136;8,48694902477078;-5,64475156286778
19,4112300000249;8,47507052557484;-5,63889660224442
19,4113688889138;8,47545604287458;-5,60866786307525
19,4115077778027;8,43389297791433;-5,64300992113968
19,4116466666916;8,43353502547473;-5,61858089998313
19,4117858333583;8,43423514915114;-5,64136839467244
19,4119244444694;8,4250757389556;-5,6214607835864
19,4120630555805;8,45743589551648;-5,64800096875743
19,4122022222471;8,4408495804627;-5,61668433142376
19,4123413889138;8,45076828189889;-5,60215937273287
19,4124800000249;8,44616688917807;-5,56631899661809
19,4126188889138;8,43868415262889;-5,6199243418402
19,4127577778027;8,45612887575476;-5,63326135264549
19,4128966666916;8,42751160964048;-5,59989280314485
19,4130352778027;8,43569454798052;-5,65004333906458
19,4131744444694;8,43172749764585;-5,60656593700878
19,4133133333583;8,44120754050812;-5,61212274047057
19,4134522222471;8,43278570191052;-5,65523989201083
19,413591111136;8,44599881704363;-5,65887825507403
19,4137300000249;8,42325245105803;-5,66695424146414
19,4138688889138;8,42045854572729;-5,5966431605525
19,4140075000249;8,40326264161371;-5,6033069092534
19,4141463889138;8,44751160297324;-5,63673509451928
19,4142855555805;8,40006169016007;-5,63289148431153
19,4144244444694;8,42656261575374;-5,63667545875404
19,4145633333583;8,39825999486405;-5,61712336477672
19,4147022222471;8,42420153857478;-5,63543241841268
19,4148408333583;8,38397301465008;-5,60958181459694
19,4149800000249;8,40061525179354;-5,58369523836757
19,4151188889138;8,41664819983151;-5,6194493192136
19,4152575000249;8,38562228464758;-5,63256222372098
19,4153966666916;8,40066847301617;-5,660355007806
19,4155355555805;8,38617585769396;-5,60042728967795
19,4156744444694;8,37201374575181;-5,61694910205608
19,4158133333583;8,38341937137824;-5,63386489982764
19,4159522222471;8,39179796983126;-5,64555087644464
19,416091111136;8,39656174383299;-5,57242917806633
19,4162297222471;8,35401539304272;-5,64512142708793
19,4163691666916;8,37782566708972;-5,62734685966814
19,4165077778027;8,3736629952671;-5,62448609018281
19,4166469444694;8,37621387368461;-5,59722783502934
19,4167855555805;8,38026173380925;-5,59989280314485
19,4169244444694;8,36283271012036;-5,59013467021015
19,4170633333583;8,35967515421152;-5,59912461357132
19,4172022222471;8,35747216308698;-5,63232854353583
19,417341111136;8,36633265768401;-5,58695413130454
19,4174800000249;8,36082546229377;-5,57032723079232
19,4176188889138;8,36027181902193;-5,6134254165772
19,4177580555805;8,33577399277817;-5,60470033658362
19,4178966666916;8,35751534441098;-5,60735531799401
19,4180355555805;8,33282200079825;-5,63039116649759
19,4181744444694;8,3425939880311;-5,5995132833981
19,418313611136;8,34539376072291;-5,60466922112528
19,4184522222471;8,33563732667673;-5,64171671889574
19,4185908333583;8,3141136837429;-5,59745206635364
19,4187300000249;8,34554040527479;-5,60486493080049
19,4188688889138;8,31389600254849;-5,6512316578366
19,4190077778027;8,33247964169988;-5,63920695531382
19,4191463889138;8,31830176588164;-5,61819230942987
19,4192855555805;8,31137290220022;-5,61976934593582
19,4194244444694;8,31868727908397;-5,55932580659984
19,4195633333583;8,31813407844277;-5,5772056216824
19,4197022222471;8,31521514623051;-5,58596184181897
19,419841111136;8,31577875917705;-5,6073747791929
19,4199800000249;8,31450936211456;-5,61575153877243
19,420118611136;8,2983830445807;-5,63449003353708
19,4202580555805;8,30419494309871;-5,61479709384687
19,4203966666916;8,33417227468573;-5,58954064372563
19,4205352778027;8,30624546969244;-5,62015810747977
19,4206744444694;8,2814585783812;-5,62487501596306
19,4208133333583;8,2680734251245;-5,60503908534542
19,4209522222471;8,27313594473966;-5,66825691757077
19,421091111136;8,29502967134334;-5,59690793118483
19,4212302778027;8,26687955482436;-5,59604918439265
19,4213688889138;8,26932122788861;-5,64403315673286
19,4215077778027;8,28035711999078;-5,56197193494523
19,4216466666916;8,2860224915861;-5,58445388058908
19,4217855555805;8,27663589230332;-5,56631899661809
19,4219247222471;8,29138310504396;-5,57492942878181
19,4220633333583;8,25734626533978;-5,60529428710421
19,4222022222471;8,29628349709597;-5,65254372940259
19,422341111136;8,25184900099208;-5,64929428934249
19,4224800000249;8,27853973923712;-5,6651530249701
19,4226188889138;8,26655938578597;-5,6715065259809
19,4227575000249;8,25604928548319;-5,68634180419966
19,4228966666916;8,25208216263621;-5,66612652530404
19,4230355555805;8,23940691226363;-5,68358106600161
19,4231747222471;8,24287932445401;-5,69057425601986
19,4233133333583;8,2419247669917;-5,68753946267793
19,4234522222471;8,25203903575473;-5,68331631214897
19,423591111136;8,26511541015606;-5,64478267832612
19,4237300000249;8,21621620580339;-5,64912008827307
19,4238688889138;8,23421439434583;-5,66538677351591
19,4240077778027;8,20901067393356;-5,63314659086728
19,4241469444694;8,24637927458588;-5,68044619341896
19,4242852778027;8,19818040459242;-5,6465147360598
19,4244244444694;8,21901582281242;-5,6326121498447
19,4245630555805;8,22083324219474;-5,61819230942987
19,4247022222471;8,1794875047791;-5,62338825469106
19,424841111136;8,20313983140204;-5,66825691757077
19,4249800000249;8,21030767216399;-5,63005241773573
19,4251188889138;8,19878717164289;-5,56046393470814
19,4252577778027;8,21159920226387;-5,62416634165402
19,4253966666916;8,18366016967582;-5,65217387752176
19,4255355555805;8,1612561083509;-5,64231083462101
19,4256747222471;8,15338273291167;-5,5964190555037
19,4258133333583;8,16365459342694;-5,64852609976896
19,4259522222471;8,15984993484503;-5,57967743120417
19,426091111136;8,15188529987981;-5,62782569318176
19,4262297222471;8,14255763790243;-5,57685683212654
19,4263688889138;8,14031152370171;-5,59440769179452
19,4265080555805;8,12492297623476;-5,6064323943173
19,4266466666916;8,12807511751151;-5,63412015008174
19,4267852778027;8,13229103595518;-5,62274456103233
19,4269244444694;8,11807543799961;-5,60215937273287
19,4270633333583;8,11661600815268;-5,59267563406084
19,4272019444694;8,11575782125701;-5,60433046135813
19,427341111136;8,11090761245867;-5,59381370329044
19,4274800000249;8,09040727777611;-5,63422524612687
19,4276188889138;8,09901376913547;-5,63005241773573
19,4277575000249;8,08343493125903;-5,65984211468918
19,4278963889138;8,07568148559196;-5,63280760500052
19,4280355555805;8,06982070702622;-5,57268409238677
19,4281744444694;8,08103649272255;-5,65225497731859
19,4283133333583;8,06265306885581;-5,61484719719888
19,4284522222471;8,0655617275718;-5,57799500266765
19,428591111136;8,0576401796061;-5,6039508149903
19,4287300000249;8,05382023230962;-5,64138694004495
19,4288688889138;8,03785579866187;-5,59349352121191
19,4290077778027;8,02352560231361;-5,63709538575029
19,4291469444694;8,02842659239911;-5,5563962413693
19,4292855555805;8,04224645613149;-5,62018910392456
19,4294247222471;8,00216972173584;-5,5712315812286
19,4295633333583;8,01445947764074;-5,57486994017736
19,4297025000249;8,0159519777219;-5,53104416021716
19,429841111136;7,99981439837188;-5,60048681728608
19,4299800000249;7,98257547362053;-5,5409572048595
19,4301191666916;7,97557561778666;-5,53406893231639
19,4302575000249;7,97957035154229;-5,595001566338
19,4303963889138;7,9871339327467;-5,58852157392792
19,4305355555805;7,97186998950153;-5,58390964411905
19,4306744444694;7,98293347047778;-5,52125492923011
19,4308133333583;7,93754973845122;-5,55167923127561
19,4309522222471;7,95658561047998;-5,5447509319942
19,431091111136;7,95056750424703;-5,57686676031358
19,4312297222471;7,91663300650228;-5,51895993008628
19,4313688889138;7,96214128042519;-5,55873191875935
19,4315077778027;7,94986702937018;-5,55926637687762
19,4316466666916;7,9364326736283;-5,54589822211608
19,4317855555805;7,93057740240656;-5,53048987711963
19,4319244444694;7,92793023918662;-5,52876795022257
19,4320630555805;7,94359519725518;-5,58982425003452
19,4322022222471;7,93439226421941;-5,54399182915989
19,432341111136;7,92634621102167;-5,55628125165333
19,4324800000249;7,9158844975868;-5,52557733683807
19,4326188889138;7,931430166485;-5,55163839625109
19,4327580555805;7,9031608995781;-5,56117268498539
19,4328969444694;7,89051840388544;-5,56561028432668
19,4330355555805;7,91878266495661;-5,52969078998848
19,4331744444694;7,92335167342185;-5,555911346279
19,4333133333583;7,92303656149653;-5,54561850770932
19,4334522222471;7,91919406979301;-5,57436652092326
19,433591111136;7,88922649050281;-5,55428458348888
19,4337300000249;7,91972709943087;-5,51884511702721
19,4338688889138;7,88776695709453;-5,53748340593751
19,4340077778027;7,90666614609833;-5,56207703099037
19,4341466666916;7,89753361550083;-5,5722645879641
19,4342852778027;7,89494497707889;-5,56976429824491
19,4344244444694;7,88312246737107;-5,54589822211608
19,4345633333583;7,86642150635839;-5,48478248712877
19,4347019444694;7,89674710915676;-5,58505749138274
19,434841111136;7,89323670509708;-5,57703131242778
19,4349800000249;7,86257901465487;-5,58087499448786
19,435118611136;7,89513527008071;-5,56003459486595
19,4352577778027;7,87119068929186;-5,56034494793545
19,4353966666916;7,86531993847163;-5,52888263603464
19,4355355555805;7,86739138040846;-5,54459554600948
19,4356744444694;7,87143457771859;-5,49497861154126
19,4358130555805;7,87750043683647;-5,52631716271887
19,4359522222471;7,85465745116994;-5,55033572014449
19,4360908333583;7,85691402947694;-5,56614473389743
19,4362300000249;7,84167756003757;-5,57535874329685
19,4363688889138;7,86116254863202;-5,56347991295132
19,4365077778027;7,84903541015916;-5,57740120411444
19,4366466666916;7,83667508897742;-5,5948555092458
19,4367855555805;7,85705090110361;-5,57426973073862
19,4369244444694;7,81942583277004;-5,61369920619953
19,4370633333583;7,83451004720825;-5,55091099042124
19,4372025000249;7,83131977798658;-5,58812323053053
19,4373408333583;7,85446218008724;-5,55508375549547
19,4374800000249;7,86126684619842;-5,54936205136801
19,4376188889138;7,81431408162467;-5,54957734762965
19,4377575000249;7,82288275915178;-5,53086981954999
19,4378966666916;7,8133218084011;-5,49492930595918
19,4380355555805;7,81117215879692;-5,55320578821139
19,4381744444694;7,83245915787654;-5,52838811388185
19,4383133333583;7,82213452258043;-5,51556428868284
19,4384522222471;7,83155867962057;-5,52053613431238
19,4385913889138;7,8154156260822;-5,5642383690506
19,4387300000249;7,80634950140927;-5,53587017540775
19,4388688889138;7,81020742680198;-5,56213649972321
19,4390080555805;7,80180149847666;-5,59121718456325
19,4391466666916;7,82974098964576;-5,50337506349334
19,4392855555805;7,80934974792427;-5,55394559762215
19,4394244444694;7,79001729368605;-5,54897367320802
19,4395633333583;7,79572502353687;-5,5220541579807
19,4397022222471;7,79943070278;-5,54079265274532
19,439841111136;7,77058008581932;-5,54328286325128
19,4399802778027;7,7738312969332;-5,61387365508008
19,4401188889138;7,77974017053515;-5,58618590476871
19,4402580555805;7,77749894331561;-5,54208540066492
19,4403966666916;7,78154714771861;-5,555911346279
19,4405355555805;7,78044557983185;-5,54121190353578
19,4406744444694;7,76592031822776;-5,5408009753836
19,4408133333583;7,82012185418046;-5,52720050348364
19,4409519444694;7,75770955648539;-5,54155099106299
19,441091111136;7,76212068076316;-5,57421053664723
19,4412297222471;7,76415625796957;-5,53461330430429
19,4413688889138;7,7717909841688;-5,52301788210144
19,4415077778027;7,75919671781895;-5,52128592567493
19,4416463889138;7,77918712457844;-5,55304127821211
19,4417855555805;7,76871499832254;-5,47340084501235
19,4419244444694;7,73620634574627;-5,55585200489929
19,4420633333583;7,77132364542794;-5,52702611627569
19,4422022222471;7,7453817144212;-5,51426161257621
19,442341111136;7,75073728369708;-5,54922837188428
19,4424800000249;7,73550074900669;-5,50855234559873
19,4426188889138;7,74171406803885;-5,48560021407172
19,4427577778027;7,72975474176764;-5,51366780072379
19,4428966666916;7,73471424266265;-5,49787932765793
19,4430355555805;7,73806191239032;-5,523845472885
19,4431744444694;7,70298256796207;-5,50818244156233
19,4433133333583;7,74779054297863;-5,45931536496659
19,4434522222471;7,7280999790963;-5,49074662290434
19,443591111136;7,7106555369771;-5,5251481489916
19,4437302778027;7,70459440960849;-5,45467251533606
19,4438688889138;7,73857216805536;-5,52989619257662
19,4440077778027;7,6975792797258;-5,49438495170423
19,4441466666916;7,70809431910743;-5,46561829621487
19,4442852778027;7,72293470721922;-5,52915638316588
19,4444244444694;7,66953047133796;-5,48619384825093
19,4445633333583;7,7193208108645;-5,50147853753867
19,4447022222471;7,70569600473709;-5,57400507823832
19,444841111136;7,689715918346;-5,51636341135912
19,4449797222471;7,70018337936591;-5,52016622070281
19,4451191666916;7,69157173138558;-5,50451320426691
19,4452577778027;7,71652620291815;-5,52253261243811
19,4453966666916;7,66381200057589;-5,50895070229532
19,4455355555805;7,66621036151884;-5,49863712488926
19,4456744444694;7,69397000965358;-5,5089405771898
19,4458133333583;7,67939128304988;-5,47568732141428
19,4459525000249;7,67262490225349;-5,51597501539405
19,446091111136;7,68360724080989;-5,46712641394049
19,4462300000249;7,67848027629566;-5,49859857713653
19,4463688889138;7,67943411032451;-5,52436965538109
19,4465080555805;7,68876181037345;-5,51311326212866
19,4466466666916;7,66546205083145;-5,58939491019237
19,4467855555805;7,63254765289952;-5,51311326212866
19,4469247222471;7,65244398366295;-5,47340084501235
19,4470633333583;7,65299247745844;-5,49442581617888
19,4472025000249;7,6375566099826;-5,4980047529352
19,447341111136;7,6560532223873;-5,50217753922362
19,4474800000249;7,65038837781839;-5,53406893231639
19,4476188889138;7,63955820337006;-5,48163286425228
19,4477577778027;7,63951993359734;-5,46419704559429
19,4478966666916;7,61912415495294;-5,50151762896758
19,4480352778027;7,66140916606253;-5,52090604658363
19,4481744444694;7,64816984877899;-5,5200325241135
19,4483133333583;7,63565751406614;-5,52898174806106
19,4484525000249;7,60668667929372;-5,53634526073085
19,4485913889138;7,60794050504637;-5,43431038990832
19,4487300000249;7,63385080589717;-5,52654084661239
19,4488688889138;7,62849465121468;-5,51294881136408
19,4490077778027;7,61681150179925;-5,51328794379975
19,4491466666916;7,61019726958079;-5,48771202393704
19,4492858333583;7,59546639439912;-5,47076473450517
19,4494247222471;7,62232415060882;-5,47552278196488
19,4495633333583;7,59290506752831;-5,51274333616385
19,4497022222471;7,59917659825251;-5,48278943702792
19,449841111136;7,60027819338109;-5,47611656816832
19,4499800000249;7,57874248771739;-5,51201605576497
19,4501188889138;7,60172255651349;-5,5159935018674
19,4502577778027;7,57507971654337;-5,54712660864649
19,4503966666916;7,58515096477592;-5,50015580812553
19,4505355555805;7,58423980125923;-5,48409211313455
19,4506744444694;7,5978218856078;-5,51317239728672
19,4508130555805;7,55854177012304;-5,44578256696258
19,4509522222471;7,57030621291719;-5,47189268237048
19,451091111136;7,583133814848;-5,53142263683711
19,4512302778027;7,55177538932659;-5,53429265834197
19,451368611136;7,57322986996402;-5,51201605576497
19,4515077778027;7,58770783421912;-5,51902801658679
19,4516466666916;7,54345309718019;-5,56511502025532
19,4517855555805;7,5693677786663;-5,47226261111581
19,4519241666916;7,57668697563304;-5,50259670545552
19,452063611136;7,53652361737653;-5,47931559257182
19,4522022222471;7,55483604019528;-5,4881003473088
19,452341111136;7,55172171396109;-5,49333673520277
19,4524800000249;7,55362506896643;-5,47552278196488
19,4526188889138;7,54128833759154;-5,48656376875851
19,4527577778027;7,56499968465167;-5,51825972164494
19,4528963889138;7,55031570065552;-5,52519709980945
19,4530355555805;7,54677307354751;-5,54978085179903
19,4531747222471;7,54179852204578;-5,53315443299991
19,4533130555805;7,53944719314816;-5,54267904719802
19,4534522222471;7,53777744312916;-5,50091370676944
19,453591111136;7,52255160447677;-5,51885324177121
19,4537302778027;7,51648627283825;-5,50152793179254
19,4538688889138;7,5187364518533;-5,47783815678667
19,4540077778027;7,54683951270215;-5,46922815595485
19,4541469444694;7,54368271888859;-5,45736790831538
19,4542855555805;7,51557937658819;-5,49438495170423
19,4544244444694;7,51392480966149;-5,48548469227057
19,4545630555805;7,53342036168735;-5,46604740803383
19,4547022222471;7,52234168645842;-5,47968550896101
19,454841111136;7,51248027420647;-5,53433363106737
19,4549800000249;7,49408643805666;-5,51087783454165
19,4551188889138;7,50476442342105;-5,50589579600643
19,4552577778027;7,51046762544286;-5,4891048592705
19,4553966666916;7,49495468910601;-5,513154264316
19,4555358333583;7,5063722836062;-5,50527147545128
19,4556744444694;7,51297527694811;-5,46718563749454
19,4558133333583;7,5260514911206;-5,46814907946694
19,4559522222471;7,48952343155258;-5,50611926918555
19,456091111136;7,50219890455327;-5,52383528854477
19,4562302778027;7,49976209210769;-5,51981659303993
19,4563688889138;7,48988575637884;-5,46409186564557
19,4565077778027;7,4825126618785;-5,50135320355125
19,4566466666916;7,46818261022986;-5,50932857173302
19,4567855555805;7,49219840953256;-5,46695170083495
19,4569244444694;7,47515484603196;-5,51274333616385
19,4570633333583;7,45937613001155;-5,52230892854465
19,4572022222471;7,47330960229263;-5,52503267851279
19,457341111136;7,47059185476999;-5,5009241088413
19,4574800000249;7,44248904481896;-5,49571844565801
19,4576191666916;7,46192646364932;-5,48314906706759
19,4577577778027;7,4481066316288;-5,50947495258066
19,4578966666916;7,44834007798534;-5,45307949403866
19,4580352778027;7,42550794820863;-5,48391738489326
19,4581744444694;7,4477986804971;-5,44983960336054
19,4583133333583;7,41819702441856;-5,50060278292577
19,4584525000249;7,44062422719989;-5,53159722537984
19,458591111136;7,43346128169543;-5,543156626274
19,4587300000249;7,4314059735969;-5,51012750335983
19,458868611136;7,40114919770107;-5,51658712369218
19,4590077778027;7,41062905869342;-5,50131210338452
19,4591466666916;7,41633232601839;-5,5021110350113
19,4592855555805;7,43195495278118;-5,48202115063944
19,4594244444694;7,41952797474252;-5,50814151818005
19,4595633333583;7,40535009892429;-5,46988077423183
19,4597025000249;7,38972755836872;-5,48841370981762
19,4598413889138;7,41253225017292;-5,5649401056927
19,4599800000249;7,38662842996627;-5,49252729731634
19,4601188889138;7,40575076973533;-5,47303092038612
19,4602575000249;7,38938069607204;-5,46902268621184
19,4603963889138;7,39944087363261;-5,44546142674255
19,4605355555805;7,39284185037809;-5,51293840929222
19,4606744444694;7,40149622863143;-5,51775606899358
19,460813611136;7,38091003040228;-5,50091370676944
19,4609522222471;7,39252249699351;-5,49600119310361
19,461091111136;7,38345637232061;-5,52729872877794
19,4612300000249;7,36914145078427;-5,4995803915063
19,461368611136;7,36551701924446;-5,49750939479333
19,4615080555805;7,36967916731342;-5,47632996055586
19,4616469444694;7,38020916884466;-5,45835979495382
19,4617858333583;7,4013400797875;-5,49469851699698
19,4619244444694;7,37849672664902;-5,49717006995542
19,4620633333583;7,37189767173166;-5,48433578976685
19,4622025000249;7,34928784352732;-5,53124787715859
19,462341111136;7,36823064243427;-5,46831349220736
19,4624800000249;7,34875011937535;-5,48495033677025
19,4626188889138;7,3500853176736;-5,45303828554611
19,4627577778027;7,35465936753758;-5,52084952977594
19,4628963889138;7,36617929591304;-5,50558493935637
19,4630352778027;7,34417236567143;-5,50270432694299
19,4631744444694;7,34652797036205;-5,4841408865241
19,4633133333583;7,35705750598419;-5,46566698087875
19,4634519444694;7,32960886999706;-5,47962888663318
19,4635913889138;7,31275988949906;-5,49491106508873
19,4637300000249;7,34709561460164;-5,51874792204251
19,4638688889138;7,34156826603137;-5,49885313201887
19,4640077778027;7,31968950474919;-5,47459824043813
19,4641463889138;7,29709469407533;-5,46490916589903
19,4642855555805;7,34382926432534;-5,45802045909454
19,4644247222471;7,30741464450085;-5,41523255928439
19,4645633333583;7,32820666665916;-5,44676410284922
19,4647022222471;7,29858201368086;-5,4891048592705
19,4648408333583;7,27729489848974;-5,50021495286097
19,4649802778027;7,31922191453185;-5,47671773578509
19,4651188889138;7,31260779575504;-5,46982168843817
19,4652577778027;7,28651313655348;-5,47973425129743
19,4653966666916;7,28831595673932;-5,46429461889559
19,4655355555805;7,29949286360298;-5,47366549307682
19,4656744444694;7,26189895492303;-5,43954654489067
19,4658133333583;7,26016996837743;-5,43987525626153
19,4659522222471;7,28540773589575;-5,45444116750713
19,466091111136;7,26752398941994;-5,47275071968494
19,4662300000249;7,25434988037333;-5,45211614276991
19,4663691666916;7,25524907022441;-5,46853690953174
19,4665075000249;7,26315278067568;-5,49887114711447
19,4666463889138;7,24167429415724;-5,49928927055845
19,4667855555805;7,26552647486352;-5,49121392279304
19,4669244444694;7,26206915811235;-5,46944117571027
19,4670633333583;7,25598934241222;-5,47615496795214
19,4672019444694;7,23260816948437;-5,47307945641739
19,467341111136;7,24793026472042;-5,49029188620773
19,4674800000249;7,22713833260374;-5,51753998580125
19,4676188889138;7,25308448868216;-5,47285606754971
19,4677575000249;7,23561645723393;-5,46223424698795
19,4678966666916;7,233904431903;-5,47925893594788
19,4680352778027;7,24492911979891;-5,46068479908803
19,4681744444694;7,23685172705524;-5,48357809396583
19,4683133333583;7,21781057157017;-5,45497547444046
19,4684522222471;7,1940713522232;-5,41224648353722
19,468591111136;7,20234379688125;-5,4894823465815
19,4687300000249;7,21111495765393;-5,43755029491996
19,4688688889138;7,21866731244234;-5,42904780931184
19,4690077778027;7,18631306477175;-5,42367797021973
19,4691466666916;7,19828735572315;-5,49007557478751
19,4692855555805;7,23004650651029;-5,50805647519871
19,4694244444694;7,19466301921386;-5,49415355444307
19,469563611136;7,18175387932118;-5,5330386070051
19,4697022222471;7,19907353318411;-5,49127280220995
19,469841111136;7,17262074960865;-5,46241635881248
19,4699800000249;7,20104350628475;-5,46059869726173
19,4701191666916;7,18565095171542;-5,49816178861732
19,4702575000249;7,1797877150394;-5,49588511416746
19,4703963889138;7,19331274532641;-5,471484962966
19,4705352778027;7,18394258570325;-5,5061782569658
19,4706744444694;7,17056572299919;-5,44920505911927
19,4708133333583;7,14930629561806;-5,45006297852632
19,4709522222471;7,17402013095463;-5,50898920195959
19,471091111136;7,18065211622374;-5,49025070719495
19,4712297222471;7,14867216907862;-5,42653694204714
19,471368611136;7,16556355758593;-5,4729740526883
19,4715080555805;7,14064077137465;-5,4318694463156
19,4716469444694;7,1700131696264;-5,4463834221155
19,4717855555805;7,14705706182531;-5,43877818427723
19,4719244444694;7,15131878722872;-5,45037393597107
19,4720633333583;7,1444952985627;-5,46187109187173
19,4722022222471;7,15843955380936;-5,4458381551747
19,4723408333583;7,15572584783445;-5,45574384361376
19,4724800000249;7,13618774147045;-5,46797413345621
19,4726188889138;7,13181970823851;-5,49647824153504
19,4727575000249;7,14084346924128;-5,4434957522233
19,4728966666916;7,13497636125135;-5,44105479151591
19,4730352778027;7,12963105290504;-5,43959454832913
19,4731744444694;7,1393019542972;-5,49906605035721
19,4733133333583;7,10457760959275;-5,47805087226476
19,4734522222471;7,11638800666765;-5,48092074574919
19,473591111136;7,14324147281008;-5,49869609276871
19,4737300000249;7,10758526364617;-5,45991642713284
19,4738691666916;7,09160099638055;-5,49735211013061
19,4740077778027;7,11819123404436;-5,48878365638191
19,4741466666916;7,09245435430665;-5,48742886664414
19,4742852778027;7,08312995591245;-5,49912495926409
19,4744247222471;7,07360450679028;-5,48591371092883
19,4745633333583;7,10312076108988;-5,46241635881248
19,4747025000249;7,06805297619775;-5,46059869726173
19,4748413889138;7,0851782829684;-5,45426598849045
19,4749800000249;7,07465220536105;-5,43569179645726
19,4751188889138;7,05592990873185;-5,47334401161658
19,4752577778027;7,05667361337643;-5,44528637239679
19,4753966666916;7,02396155025377;-5,50730573890695
19,4755358333583;7,05652158211083;-5,45443029122191
19,4756744444694;7,04529106423615;-5,42864938606709
19,4758133333583;7,05056967026468;-5,4498289049439
19,4759522222471;7,0531589148901;-5,42845456778923
19,476091111136;7,0208869452843;-5,43763986163682
19,4762300000249;7,03356529992863;-5,46208768104904
19,4763688889138;7,03312556209053;-5,45557948158768
19,4765077778027;7,03648522641132;-5,46890686021703
19,4766466666916;7,02120548185619;-5,44755219624858
19,4767855555805;7,030812375648;-5,50978807677339
19,4769244444694;7,03687088324352;-5,42410686208117
19,4770633333583;7,02544905997109;-5,4409081792943
19,4772019444694;7,01237604440797;-5,4496645641596
19,477341111136;7,02801093242857;-5,46488780905221
19,4774800000249;6,99583948258197;-5,43663539404253
19,4776191666916;6,99553849374075;-5,41094380743061
19,4777577778027;6,9888821207239;-5,4252342659405
19,4778966666916;6,9966352373329;-5,42691783522073
19,4780355555805;6,98576794493931;-5,46392466130703
19,4781747222471;6,98302662531978;-5,41285054007454
19,4783133333583;6,98042252567973;-5,41208215955845
19,4784522222471;6,99104647232036;-5,44209439596469
19,478591111136;6,97881060274716;-5,5085029440578
19,4787300000249;6,97160207176756;-5,46127800256232
19,4788688889138;6,97164426277095;-5,44263971365206
19,4790080555805;6,9760122458805;-5,41810249205841
19,4791466666916;6,91903908211486;-5,44240558869913
19,4792855555805;6,96533418682748;-5,40115448994854
19,4794244444694;6,92805104043782;-5,42410686208117
19,4795633333583;6,92624487260736;-5,45253446301149
19,4797022222471;6,94640266849137;-5,45231777107978
19,479841111136;6,94328612587208;-5,45385462352323
19,4799800000249;6,94373117827286;-5,43381345265192
19,4801188889138;6,92656356241983;-5,43478755247494
19,4802577778027;6,92991139839449;-5,44394238975869
19,4803969444694;6,94034101736662;-5,44783401225061
19,4805355555805;6,93391852351488;-5,48742886664414
19,4806747222471;6,92278731290318;-5,40465883094583
19,480813611136;6,92545888883876;-5,47447146209316
19,4809522222471;6,90385578951069;-5,4239488382436
19,481091111136;6,9117631262084;-5,45465334269792
19,4812300000249;6,89809529482886;-5,42008763301709
19,481368611136;6,88891944443282;-5,39469407793877
19,4815077778027;6,8790118623424;-5,47925893594788
19,4816466666916;6,89478966483784;-5,42826836603427
19,4817852778027;6,88291197873849;-5,401184860895
19,4819244444694;6,89073756030433;-5,45772888721504
19,4820633333583;6,90415703227043;-5,44815626712671
19,4822022222471;6,88798153888044;-5,45681334577995
19,4823413889138;6,88211140355816;-5,4506451085237
19,4824800000249;6,87665613262089;-5,42486428773873
19,4826188889138;6,8707859776234;-5,4228790810686
19,4827577778027;6,84538039226601;-5,41875461577797
19,4828966666916;6,85109865976528;-5,41396680256551
19,4830355555805;6,83310242679383;-5,4645178390968
19,4831741666916;6,858068153163;-5,43381345265192
19,4833130555805;6,87530585873347;-5,45525750548421
19,4834522222471;6,84562622861932;-5,42864938606709
19,483591111136;6,82248125269257;-5,43573929589706
19,4837300000249;6,87128400891044;-5,41647783984828
19,4838688889138;6,84177087965617;-5,38895445340418
19,4840077778027;6,80996715018398;-5,43440642776687
19,4841466666916;6,8435347815533;-5,4166421089582
19,4842855555805;6,84429053380794;-5,43424218403672
19,4844247222471;6,82979673778945;-5,44012880388834
19,4845633333583;6,81267137841158;-5,39105583433843
19,4847022222471;6,8356644084848;-5,41002852257068
19,484841111136;6,84814845920062;-5,39034604387365
19,4849800000249;6,81491737829634;-5,43839735452485
19,4851191666916;6,82885883223705;-5,39984074036505
19,4852577778027;6,82574469866341;-5,43640217061861
19,4853963889138;6,85020041583502;-5,42378460720511
19,4855355555805;6,8222328399097;-5,3712375461597
19,4856747222471;6,82719022616226;-5,37866114124174
19,4858133333583;6,83642277298472;-5,40822719516302
19,4859522222471;6,81266874648927;-5,40661322543997
19,4860908333583;6,80590295248382;-5,38904336776704
19,4862300000249;6,81763115698348;-5,36613242492493
19,4863688889138;6,81065906373152;-5,39646695047369
19,4865077778027;6,81016109498398;-5,36430077513057
19,4866469444694;6,80024140865726;-5,44870798235223
19,4867855555805;6,79693327594575;-5,41970635920001
19,4869244444694;6,81673291305319;-5,42719986626446
19,4870633333583;6,7886676324791;-5,42752839179485
19,4872022222471;6,76215770917491;-5,46533385609277
19,487341111136;5,41689701293021;-1,87459046032802
19,4874800000249;3,84595310959153;-1,88069999039911
19,4876191666916;1,50851691707885;-1,82501328214514
19,4877577778027;1,27428541908239;-1,79192599100304
19,4878969444694;1,10045811860192;-1,74155026919806
19,4880355555805;0,911225946775829;-1,76940210255168
19,4881744444694;0,745362796799952;-1,8249831796179
19,4883133333583;0,603613847038559;-1,81084566566443
19,4884522222471;0,222229164488425;-1,81637385037868
19,488591111136;1,34888190905355;-1,77420891398646
19,4887300000249;1,82904072062456;-1,73637339793214
19,4888688889138;1,82131045644371;-1,76846943352007
19,4890080555805;1,74015879110829;-1,73564647327535
19,4891466666916;1,60314477548556;-1,73591620450554
19,4892858333583;1,43831832013154;-1,76697236418102
19,4894244444694;1,28200126986783;-1,67281740259398
19,4895633333583;1,16604285027816;-1,72894975239308
19,4897022222471;1,05456320749818;-1,71892064037692
19,489841111136;0,884412487142498;-1,71966068062784
19,4899800000249;0,781078415103593;-1,6911443642546
19,4901188889138;0,671402430114767;-1,63059456548939
19,4902577778027;0,498263726337314;-1,66258266180787
19,4903966666916;0,358192251255758;-1,66809937795489
19,4905355555805;0,21875692470735;-1,69839236643861
19,4906744444694;0,0675564809188245;-1,70331614204792
19,490813611136;-0,0246672957393912;-1,76252411322662
19,4909519444694;-0,127593625720692;-1,80741328766976
19,491091111136;-0,0914609928321113;-1,8293027746779
19,4912297222471;-0,422081643944637;-1,83965480639529
19,4913688889138;-0,931442880769907;-1,82269447437812
19,4915080555805;-1,28398094122818;-1,85227234410434
19,4916469444694;-1,5210817078576;-1,89670276490219
19,4917852778027;-1,38533165131855;-1,86027716486973
19,4919244444694;-1,31470268631207;-1,87251932084172
19,492063611136;-1,28643069492526;-1,82307621316536
19,4922022222471;-0,986627567811354;-1,84334004194545
19,492341111136;-0,266877654679007;-1,92230772209885
19,4924802778027;-0,0428473222052901;-2,06630353480881
19,4926188889138;0,283901604394003;-2,2596258277116
19,4927580555805;0,451638144703963;-2,37585332727338
19,4928966666916;0,446692855065038;-2,54432714060596
19,4930352778027;0,422980993211127;-2,66741379719122
19,4931741666916;0,498111863294241;-2,68922785431357
19,4933133333583;0,567706383406232;-2,78027876129795
19,4934519444694;0,82166760200181;-2,79203906088313
19,493591111136;0,662198974480191;-2,76807827347031
19,4937300000249;1,01373603818354;-2,82620620891021
19,4938688889138;0,95796130232273;-2,83210863617441
19,4940077778027;1,35182777633992;-2,84864144238975
19,4941469444694;0,46999005290516;-2,84537324846639
19,4942855555805;0,349180675351988;-2,73938625852
19,4944244444694;0,572500006821173;-2,56854072146879
19,4945633333583;0,436012563775364;-2,46838147784572
19,4947019444694;0,406143536469443;0,440735097039806
19,494841111136;0,556380930156251;0,642098085190696
19,4949800000249;6,91282291633914;0,7078697156673
19,495118611136;5,50145520229438;0,730972375242004
19,4952577778027;7,2725324047708;0,692754073319065
19,4953966666916;6,89478514111158;0,737236177298712
19,4955358333583;6,89167300276668;0,750645565831462
19,4956744444694;6,91688709847054;0,758180769273935
19,4958133333583;6,95356407650087;0,731400801698612
19,4959522222471;6,94458001418937;0,7315588209228
19,496091111136;7,00340096847458;0,701378774391259
19,4962300000249;7,02510085479531;0,738178877400173
19,4963688889138;7,00286341981985;0,777238764827132
19,4965077778027;6,97363953215526;0,741608213760088
19,4966466666916;6,98828540503536;0,754848200823233
19,4967855555805;6,99914288883815;0,79992746493042
19,4969247222471;7,01903895286267;0,748854959635423
19,4970633333583;6,98175556068665;0,80875086762174
19,4972022222471;7,0314664316933;0,783519938353606
19,4973408333583;7,0195910015826;0,761626211749984
19,4974800000249;7,04880038536288;0,74959462213377
19,4976188889138;7,04009239985959;0,817607106524065
19,4977577778027;7,0173450334745;0,755786089578351
19,4978966666916;7,05155635186509;0,805807737665418
19,4980355555805;7,0706377263964;0,801068269368614
19,4981744444694;7,04454231336507;0,83407855629514
19,4983133333583;7,02860063080121;0,781040643855391
19,4984522222471;7,05607617394421;0,802887725479252
19,498591111136;7,05626793290239;0,791884284593323
19,4987300000249;7,02656304468991;0,820939560076425
19,498868611136;7,05742644783163;0,780345430073481
19,4990077778027;7,01823875367853;0,797747230468076
19,4991469444694;7,02364071508188;0,794403394064915
19,4992855555805;7,03386421737261;0,754904493808056
19,4994244444694;7,03186885782131;0,746047911930134
19,4995633333583;7,06953571256133;0,775601366887827
19,4997022222471;7,01162493230487;0,796696188970373
19,4998413889138;7,02711124619964;0,798775414019019
19,4999800000249;7,01497474465273;0,774821318247234
19,5001191666916;7,0156765807356;0,750803499484391
19,5002577778027;7,00746517668449;0,749125873969945
19,5003966666916;7,00837340965708;0,733734412814783
19,5005355555805;6,98648163033278;0,808383035970678
19,5006741666916;7,00316715765626;0,815557389477362
19,5008133333583;7,01387087109651;0,815145102163171
19,5009522222471;7,0041172455725;0,818065040982617
19,501091111136;6,99784710905934;0,797521588266363
19,5012297222471;6,98391750122809;0,741777691274336
19,5013688889138;7,00096117917985;0,777238764827132
19,5015077778027;6,97089805396857;0,753865553759141
19,5016466666916;6,98056955424988;0,800509251532333
19,5017855555805;6,96367772347716;0,763089604136383
19,5019244444694;6,97414771954655;0,814574986990579
19,5020633333583;6,99308101804905;0,799571305313123
19,5022025000249;6,95930980915833;0,770494210631341
19,5023408333583;6,97304567837767;0,789326621739633
19,5024800000249;6,93009854980448;0,792053672238296
19,502618611136;6,95025815311752;0,783062868293996
19,5027577778027;6,93100855163053;0,807485373809129
19,5028966666916;6,92034316095618;0,784271002266223
19,5030352778027;6,93868251193348;0,757791240899962
19,5031747222471;6,94813435101543;0,752267284389319
19,503313611136;6,93967462373067;0,750747367812437
19,5034525000249;6,95651054942883;0,751515827958229
19,503591111136;6,93948264881743;0,73093210639945
19,5037300000249;6,92215072440919;0,765664988649007
19,5038688889138;6,92585491000267;0,795855475199573
19,5040077778027;6,92223267629728;0,829820281369138
19,5041466666916;6,93601042137601;0,78839869491074
19,5042855555805;6,93195877294525;0,763841060567501
19,5044244444694;6,925152945213;0,790992742755293
19,5045633333583;6,93100855163053;0,79883159331132
19,5047022222471;6,92403656147314;0,770776739794343
19,5048408333583;6,89387692466082;0,782904979281
19,5049800000249;6,92018063683361;0,713518387772723
19,5051188889138;6,89593115290353;0,788598626118102
19,5052577778027;6,88030549383598;0,760298892405189
19,5053966666916;6,86287427796657;0,834862992979282
19,5055355555805;6,91978043558746;0,740099989712803
19,5056744444694;6,90105523442983;0,784582844436841
19,5058130555805;6,93978633964892;0,792456551510838
19,5059522222471;6,98410950530251;0,749437476499168
19,506091111136;6,98646946384085;0,754605293205145
19,5062300000249;7,0053710713251;0,738817420094307
19,5063688889138;6,98883740704468;0,738074000782149
19,5065077778027;7,02890431340592;0,773538748628766
19,5066463889138;7,05206636200896;0,757323074499965
19,5067855555805;7,03992462814051;0,719112161493513
19,5069241666916;7,05190001858352;0,747257416262272
19,5070630555805;7,05978026551506;0,775160528346078
19,5072022222471;7,04433601497675;0,700448272102165
19,507341111136;7,04142823273202;0,792100364069142
19,5074800000249;6,99419748111819;0,807219055076473
19,5076191666916;7,01664115667182;0,793496597634515
19,5077575000249;7,01257692782985;0,744693841416677
19,5078966666916;7,00630882122599;0,745235267133864
19,5080355555805;6,99674724169563;0,753505702353038
19,5081744444694;6,96612997975808;0,779103119448905
19,5083133333583;7,00079686883453;0,741049695652862
19,5084522222471;6,96938364129156;0,741947333963822
19,508591111136;6,97490785415459;0,733435733154352
19,5087300000249;6,9826092086933;0,718574073357416
19,5088688889138;6,96558004608454;0,769992844614137
19,5090077778027;6,97323940141573;0,740538215308135
19,5091466666916;6,94940453683557;0,741733541112495
19,5092855555805;6,95860800833034;0,757893091499085
19,5094241666916;6,95581002933253;0,77317893576091
19,509563611136;6,92089689865657;0,73938372142382
19,5097025000249;6,94609651338982;0,763797225170663
19,5098408333583;6,93100855163053;0,786876757000016
19,5099800000249;6,95671831314439;0,762701186256578
19,5101188889138;6,933572625794;0,749077955458461
19,5102577778027;6,93777422812161;0,774274962434731
19,5103969444694;6,91462889655131;0,749405841374767
19,5105355555805;6,94258232780868;0,736039832794432
19,5106744444694;6,91247936512423;0,738603464535515
19,5108133333583;6,93471664294282;0,760608551785992
19,5109519444694;6,93747057666332;0,771828661873457
19,511091111136;6,9203868885127;0,782718531101864
19,5112302778027;6,91377299661781;0,708578716320801
19,5113688889138;6,91137518485533;0,71635029123496
19,5115077778027;6,91318104787115;0,77174344149509
19,5116466666916;6,91683273209262;0,739739918110843
19,5117855555805;6,91341485868946;0,748709594648886
19,5119244444694;6,93317246332418;0,719325791581042
19,512063611136;6,91829279901646;0,757379035534655
19,5122019444694;6,91797462016507;0,749777136190943
19,512341111136;6,90069709144103;0,780470626856271
19,5124800000249;6,8971973090371;0,738773242101047
19,5126188889138;6,87825347816545;0,763685767664441
19,5127577778027;6,90419687508634;0,806260646003494
19,5128966666916;6,89644118148496;0,756125209782056
19,5130355555805;6,89974698766167;0,794660628312442
19,5131741666916;6,91487496725929;0,669742716990072
19,5133133333583;6,89754104884869;0,787087498062562
19,5134522222471;6,8812578419043;0,788028645825108
19,5135908333583;6,8916875542354;0,760509145148319
19,5137300000249;6,88064919199053;0,764682729890922
19,5138688889138;6,86743589210846;0,782517116936731
19,5140080555805;6,88009922658858;0,785780746849099
19,5141466666916;6,88467342144133;0,813277295859251
19,5142852778027;6,88011166625301;0,746117639242556
19,5144241666916;6,8908173187437;0,799872177338216
19,5145633333583;6,87002760672826;0,796852742866008
19,5147025000249;6,86412996872514;0,778234868136906
19,5148413889138;6,87263170636837;0,742458163786011
19,5149802778027;6,83160024697997;0,781563851214884
19,515118611136;6,85200638459335;0,771445055429183
19,5152577778027;6,85921220144525;0,821435636199169
19,5153966666916;6,84389027734477;0,761335846066203
19,5155352778027;6,82994619648323;0,723552160404381
19,5156744444694;6,84117426169752;0,818231268122929
19,515813611136;6,83035875160829;0,785436729042459
19,5159522222471;6,81968296122187;0,769990075036731
19,5160908333583;6,85751608064922;0,725731969386516
19,5162302778027;6,85035230237756;0,768639801149277
19,5163688889138;6,83931401475093;0,790746941073763
19,5165075000249;6,79539132945521;0,74994516952475
19,5166466666916;6,85546202397745;0,763227489973161
19,5167855555805;6,84562280314685;0,745390182095321
19,5169244444694;6,85499615339748;0,755341546775639
19,5170633333583;6,85054233415411;0,741519883554759
19,5172019444694;6,81968065819402;0,804299556858496
19,517341111136;6,83144635204795;0,757976312306425
19,5174800000249;6,82057634219919;0,826959217521278
19,5176188889138;6,82043896365258;0,754830898378259
19,5177580555805;6,79142365772023;0,715780604706197
19,5178966666916;6,82499709464662;0,771201149634891
19,5180358333583;6,81897888116134;0,722044136405913
19,5181744444694;6,80374121521228;0,762075709418809
19,5183133333583;6,80976087787656;0,774417638283921
19,5184522222471;6,80555936984297;0,769166430609431
19,518591111136;6,80980088549666;0,774946776180457
19,5187300000249;6,79598321916575;0,763329535171465
19,5188688889138;6,79803523483628;0,791601479464958
19,5190077778027;6,80865893073582;0,77729407910951
19,5191463889138;6,79767709690796;0,811816860354838
19,5192855555805;6,76970713781074;0,776355651934722
19,5194247222471;6,79271721644352;0,768494869674583
19,5195633333583;6,78366564323935;0,787827361415196
19,5197025000249;6,79888891398377;0,782105205314593
19,519841111136;6,79668496094882;0,778247279921857
19,5199800000249;6,77667916763397;0,778089566547806
19,5201188889138;6,7970431001184;0,781736578246807
19,5202577778027;6,79483918644951;0,769277603383784
19,5203966666916;6,75573554480968;0,774389354529177
19,5205355555805;6,78239737705803;0,858603391727513
19,5206747222471;6,7716095071232;0,771742447993631
19,5208130555805;6,77797508402119;0,746388096343537
19,5209522222471;6,75609596409851;0,769748695427211
19,521091111136;6,77633558499315;0,769378053561013
19,5212300000249;6,76664966190427;0,771996536000046
19,5213688889138;6,76219987287038;0,743937863009563
19,5215077778027;6,75854814195478;0,81193939511968
19,5216469444694;6,75948363552007;0,766132149644022
19,5217855555805;6,76113766251885;0,777705925822204
19,5219247222471;6,75333994267461;0,799460453136533
19,522063611136;6,74361188195962;0,788183593908201
19,5222022222471;6,72377017102647;0,787174149564464
19,522341111136;6,72762809641921;0,760053765336863
19,5224802778027;6,75168586045882;0,753988845838023
19,5226188889138;6,73574669052303;0,741975242987081
19,5227580555805;6,73941043677499;0,710269729716572
19,5228969444694;6,73059033522887;0,824807806469749
19,5230355555805;6,73314004117339;0,752809084079843
19,5231744444694;6,72878665452794;0,778759380768548
19,5233133333583;6,75022580910098;0,774120525341857
19,5234519444694;6,76510539145582;0,802079106518079
19,523591111136;6,73885825852804;0,769420547408856
19,5237300000249;6,70657464684439;0,817879925088789
19,5238688889138;6,73059033522887;0,788098520525239
19,5240077778027;6,70944044009713;0,769435329004637
19,5241469444694;6,73093618213741;0,812542135108686
19,5242855555805;6,71916842209373;0,770729954922416
19,5244244444694;6,69976898652635;0,797438679891172
19,5245633333583;6,71280098018985;0,781947491940542
19,5247022222471;6,69216294434474;0,828836153943513
19,5248408333583;6,70031892019983;0,771401618449886
19,5249800000249;6,70172458931171;0,805209950775406
19,5251191666916;6,69566273438693;0,830659445768418
19,5252577778027;6,68302912901711;0,800981419296505
19,5253966666916;6,69421504197547;0,78557949426812
19,5255355555805;6,68739487013426;0,788880686501727
19,5256744444694;6,66799539291725;0,75692109349643
19,5258133333583;6,69657297749876;0,799460453136533
19,5259525000249;6,65948132842072;0,796014251945536
19,5260913889138;6,66941357191365;0,799145226088967
19,5262302778027;6,67075135148758;0,762759958856634
19,5263688889138;6,68815315590894;0,80588032750083
19,5265077778027;6,6611332371449;0,778676107605492
19,5266466666916;6,64535602795223;0,752596078102727
19,5267858333583;6,67272145433805;0,719438029432808
19,5269244444694;6,65879188969771;0,804483065706137
19,527063611136;6,6598794113923;0,746957403432475
19,5272022222471;6,6387859932741;0,836680557466934
19,527341111136;6,65983748469512;0,777593229810549
19,5274800000249;6,65603828555149;0,771941087408777
19,5276188889138;6,66614960513266;0,761264869950651
19,5277580555805;6,64516612164078;0,791060157213082
19,5278966666916;6,66278719363706;0,790134512254355
19,5280358333583;6,66023756077914;0,757721118845296
19,5281741666916;6,62878214983886;0,77857383511946
19,5283133333583;6,63378406124136;0,789722829105699
19,5284519444694;6,63693818857067;0,795101796112021
19,528591111136;6,62462055712035;0,744565073814499
19,5287300000249;6,65512580963377;0,787131943121295
19,5288688889138;6,62106629905338;0,796300372772436
19,5290080555805;6,60476646556762;0,808614150234916
19,5291466666916;6,63399262541901;0,800098199630071
19,5292855555805;6,62587649467719;0,786391702745391
19,5294244444694;6,61594221752708;0,782704980955913
19,5295633333583;6,60752241238637;0,746799771525957
19,5297022222471;6,59335903281487;0,824614925366291
19,5298408333583;6,5975606037083;0,775059075027627
19,5299797222471;6,61122849060041;0,754473471642854
19,530118611136;6,59995842053121;0,823361099613635
19,5302577778027;6,61209662251534;0,8006251403134
19,5303966666916;6,61428624854582;0,747326744076446
19,5305355555805;6,59279466517077;0,744311067317881
19,5306741666916;6,6306825137101;0,792229767531182
19,5308133333583;6,5889346567636;0,804798259660942
19,5309525000249;6,54304190679943;0,789763923396322
19,531091111136;6,57777545645069;0,772186263371736
19,5312300000249;6,57275910249922;0,772097769305674
19,531368611136;6,57296543709575;0,837078863301315
19,5315077778027;6,5768108681749;0,80592247816935
19,5316466666916;6,5842230128514;0,813397436139923
19,5317855555805;6,56620168027251;0,829356388562019
19,5319244444694;6,57000318300703;0,809669110681426
19,532063611136;6,57551503374546;0,790606172030493
19,5322022222471;6,57517135681059;0,803090928654228
19,532341111136;6,55993363910522;0,78441155773686
19,5324800000249;6,55036981623184;0,770446415797835
19,5326191666916;6,53343438309201;0,771528830036203
19,5327577778027;6,55717763735655;0,805537535542328
19,5328966666916;6,52777430113869;0,79895972150473
19,5330352778027;6,54398831890671;0,77242634362679
19,5331744444694;6,54704943185553;0,830047629540218
19,5333133333583;6,53131404767998;0,802364583116344
19,5334522222471;6,50516231195888;0,802604872244558
19,533591111136;6,54950168431697;0,777579474180243
19,5337300000249;6,52556832266231;0,809127947834185
19,5338688889138;6,54415609062579;0,808970449142549
19,5340075000249;6,51588234610909;0,790263326723448
19,5341466666916;6,52540217610846;0,819091630206685
19,5342852778027;6,52745612228728;0,774461602443012
19,5344244444694;6,51785247187689;0,758419686230752
19,5345633333583;6,51639232710207;0,809669110681426
19,5347022222471;6,50170447029086;0,824032039135574
19,534841111136;6,50848272689575;0,802481034616818
19,5349800000249;6,49199094899313;0,809854163317368
19,5351188889138;6,50091868038672;0,722102260775443
19,5352577778027;6,52139422799397;0,825128404645483
19,5353966666916;6,49746084694692;0,753719282846845
19,5355358333583;6,48552892396032;0,826636138775683
19,5356744444694;6,49544877479275;0,810594208690759
19,535813611136;6,48807674793392;0,787604665809681
19,5359522222471;6,48056728899252;0,818481368084349
19,5360908333583;6,48919309993218;0,825100812252259
19,5362300000249;6,46950345155142;0,802961172447397
19,5363688889138;6,47777112803044;0,778634444026494
19,5365080555805;6,45466552081859;0,782334905189089
19,5366466666916;6,48902870378612;0,778689550545295
19,5367855555805;6,4744634336929;0,779162038344168
19,5369244444694;6,45335541939946;0,811334996613141
19,5370633333583;6,46549375715483;0,763045278225462
19,5372019444694;6,46479172182325;0,813397180494405
19,5373413889138;6,43853011521674;0,773070437943204
19,5374802778027;6,4678496514158;0,741322860230014
19,5376191666916;6,44784367858415;0,821613291544566
19,5377577778027;6,43813010967264;0,782348806935374
19,5378966666916;6,41825024146183;0,787816896862978
19,5380355555805;6,45707449982552;0,76022874348152
19,5381744444694;6,43738622265704;0,818097624372285
19,5383133333583;6,42344230047519;0,781567238587058
19,5384522222471;6,38049690514362;0,806990195662962
19,538591111136;6,43938393542527;0,785041428857937
19,5387297222471;6,41990224713967;0,759913933440089
19,5388688889138;6,41699455070327;0,766279510338052
19,5390077778027;6,43482398616487;0,800329729872885
19,5391466666916;6,44052655739611;0,811334996613141
19,5392858333583;6,40325702007189;0,772015614461225
19,5394244444694;6,39774681422222;0,77353653725919
19,5395633333583;6,41789021436568;0,843212981286598
19,5397025000249;6,40521440877578;0,788173236941759
19,539841111136;6,42069948877753;0,814939144661764
19,5399802778027;6,41899102221984;0,748669059834242
19,5401188889138;6,41572644968977;0,784090274643233
19,5402577778027;6,39241444235671;0,790777336581812
19,5403966666916;6,39438458340612;0,822340373872635
19,5405358333583;6,40281667488506;0,820133079227247
19,5406741666916;6,40209906297929;0,800035626692051
19,5408133333583;6,38281080722803;0,74553823802259
19,5409522222471;6,39277259938427;0,808162498054401
19,541091111136;6,38856928459546;0,767375949481846
19,5412300000249;6,40251312511873;0,740795855280822
19,5413688889138;6,39147570392768;0,805189242511346
19,5415077778027;6,3475376882725;0,823923354323028
19,5416466666916;6,36652381250821;0,758947411856525
19,5417855555805;6,37589343990896;0,806696767913053
19,5419244444694;6,3639197128681;0,68288677136411
19,5420633333583;6,36194953360277;0,809984722725659
19,5422025000249;6,37332986043572;0,824636120989197
19,542341111136;6,37603096128623;0,804359279647429
19,5424800000249;6,34863871491029;0,796259655071793
19,5426188889138;6,35067927544097;0,767232897268286
19,5427577778027;6,35219420296801;0,78777634998454
19,5428969444694;6,34242593712716;0,786665576445415
19,5430358333583;6,36335511248362;0,79143522958185
19,5431744444694;6,32998405783664;0,765882623380833
19,5433133333583;6,34571804087005;0,774483090883848
19,5434522222471;6,33030047636436;0,773797541524203
19,543591111136;6,28975103552662;0,772304703355104
19,5437297222471;6,29832215888229;0,802694376202226
19,5438688889138;6,31234824629564;0,794938638410258
19,5440077778027;6,30093908083199;0,781884450928601
19,5441466666916;6,32258462557894;0,772543715771576
19,5442855555805;6,33836038151205;0,766054473432263
19,5444244444694;6,31101084940076;0,791011366693084
19,544563611136;6,31852025653072;0,817557777425037
19,5447022222471;6,30639485487205;0,783706479357591
19,544841111136;6,31565442889018;0,782609929691318
19,5449797222471;6,29061913040647;0,813022771773319
19,5451191666916;6,29101908126921;0,81698958765034
19,5452577778027;6,31486789763744;0,797884355175825
19,5453966666916;6,28710522790846;0,812959676757657
19,5455358333583;6,29742517833398;0,78258274125514
19,5456741666916;6,29011069576538;0,808929931784547
19,5458133333583;6,27131533873379;0,832920248167596
19,5459522222471;6,281291276491;0,749025411882513
19,546091111136;6,26715401295036;0,821361138639503
19,5462300000249;6,25354085397981;0,823237828918451
19,5463688889138;6,30664219546742;0,804107507255594
19,5465077778027;6,2544375480478;0,795808651674179
19,5466466666916;6,24400646059405;0,809630131529644
19,5467852778027;6,25753735849744;0,783364862232077
19,5469244444694;6,23841251397164;0,761141849463598
19,5470630555805;6,26194581367017;0,796219565973274
19,5472022222471;6,26946841070921;0,816421508477873
19,5473413889138;6,24014853520134;0,772304703355104
19,5474800000249;6,2450262374351;0,787113954298803
19,5476188889138;6,23684217617611;0,748643533697646
19,5477577778027;6,21916455874577;0,826554671269605
19,5478966666916;6,23480273514443;0,796349686799289
19,5480355555805;6,22448278471887;0,765568026371312
19,5481747222471;6,20905108314801;0,762978632152311
19,5483133333583;6,21751021178071;0,814001679822979
19,5484522222471;6,22872645333592;0,791923682234142
19,5485913889138;6,1881494415853;0,735903836956709
19,5487300000249;6,20173423549602;0,798213586283197
19,5488688889138;6,20203754998704;0,744903460100403
19,5490077778027;6,18960975775377;0,795095861046661
19,5491466666916;6,2255704215217;0,792491761406609
19,5492855555805;6,20589547537975;0,777458433458349
19,5494244444694;6,18098422999759;0,842804710715995
19,549563611136;6,20542720666688;0,781328915502456
19,5497022222471;6,17782875197469;0,767522304125208
19,549841111136;6,17030607667192;0,81840333260709
19,5499802778027;6,18148009846269;0,814412618698526
19,5501188889138;6,17026453283486;0,789560900755987
19,5502577778027;6,1708708323543;0,828669042541662
19,5503966666916;6,15763014552041;0,826726581139781
19,5505355555805;6,15519104305764;0,780035546823854
19,5506744444694;6,15873230049377;0,80003800436441
19,5508133333583;6,16756379684614;0,745984984169809
19,5509522222471;6,15858064148281;0,814346117169293
19,551091111136;6,14325905508582;0,813249440296033
19,5512302778027;6,1452708317189;0,82226125799977
19,551368611136;6,12487857689098;0,756462128655528
19,5515075000249;6,12678011173617;0,817977357440554
19,5516469444694;6,13227763493904;0,819539208826484
19,5517855555805;6,10638828683975;0,778884530396624
19,5519244444694;6,10217214965343;0,814545407214354
19,5520633333583;6,12786846095116;0,778159576514952
19,5522022222471;6,1158953667865;0,809164846380639
19,552341111136;6,1179620630179;0,791793511633614
19,5524802778027;6,12157191245601;0,808083382181565
19,5526191666916;6,10192406987298;0,757347223726811
19,5527577778027;6,12220575634808;0,790220108615785
19,5528966666916;6,12292218634343;0,816738830442091
19,5530355555805;6,11444844382896;0,757032954250604
19,5531744444694;6,08563793853665;0,793165237127084
19,5533133333583;6,09971936622009;0,789322725481043
19,5534522222471;6,10228228549238;0,802760298853855
19,553591111136;6,08519708971161;0,82639463443499
19,5537300000249;6,0907500168916;0,780510132331017
19,553868611136;6,08263444290941;0,813962278864949
19,5540077778027;6,08362650242094;0,851049531764545
19,5541466666916;6,06579729571209;0,776495123550262
19,5542858333583;6,08078827443435;0,779981211266119
19,5544244444694;6,05697923904782;0,833835034177923
19,5545633333583;6,05677266014311;0,815561174612071
19,5547025000249;6,07141888235066;0,829512249078192
19,5548413889138;6,05236341551728;0,835499585534734
19,5549800000249;6,06700980774517;0,790787855809981
19,5551188889138;6,0798787233955;0,836596266404229
19,5552577778027;6,06300018988225;0,79903271006981
19,5553966666916;6,0585773922615;0,801464236860511
19,5555355555805;6,04004564371567;0,792138129697406
19,5556744444694;6,06378559154166;0,817820204257657
19,5558133333583;6,05055873048673;0,773204933358869
19,5559522222471;6,03493389257036;0,805322162253248
19,556091111136;6,06009296412165;0,765489082573424
19,5562300000249;6,02130735982269;0,766229365714537
19,5563688889138;6,02997359893044;0,777024290648797
19,5565077778027;6,06188441128847;0,736976222947703
19,5566466666916;6,01652600548084;0,789679169398369
19,5567858333583;6,02681838922189;0,778278116401395
19,5569244444694;6,0308829609879;0,769292796072023
19,5570633333583;6,02586768796075;0,770546621824678
19,5572022222471;6,01488639942937;0,823989927926846
19,557341111136;6,01677405376947;0,786680316129235
19,5574800000249;6,00109430391001;0,758102879721463
19,5576188889138;6,00130111261433;0,795163085771492
19,5577577778027;6,01106976450615;0,830490665301625
19,5578969444694;6,0034642275258;0,806023935423696
19,5580355555805;6,01622284049796;0,797924203278058
19,5581747222471;5,98546966173109;0,818149764184028
19,5583133333583;6,0002401383733;0,794633853456332
19,5584522222471;5,98792221214984;0,818890047325141
19,5585913889138;6,00882390727489;0,744746323517461
19,5587297222471;6,0075563289428;0,756583831844324
19,5588688889138;5,98792221214984;0,748867981058879
19,5590077778027;5,9577201539818;0,818192000424744
19,5591466666916;5,96838459960929;0,773123995292195
19,5592855555805;5,96386532387027;0,762846414830562
19,5594244444694;5,96618003476752;0,818322337033379
19,559563611136;5,98260377288921;0,771816091368606
19,5597022222471;5,95810594664545;0,77299364207488
19,559841111136;5,96000745663008;0,802506771329149
19,5599797222471;5,95409646820343;0,786734308460126
19,5601188889138;5,95905667807818;0,824044054015502
19,5602575000249;5,97174683176286;0,796800797191935
19,5603963889138;5,92765646451127;0,846110489104433
19,5605358333583;5,94088342862111;0,801598558145287
19,5606744444694;5,95118929780199;0,795546971439336
19,5608130555805;5,95229160584464;0,762332930351192
19,5609522222471;5,94197159726662;0,78990597075051
19,561091111136;5,92709099045442;0,839491438205528
19,5612300000249;5,91387759173762;0,80103121705281
19,5613688889138;5,91566907285329;0,810027359459355
19,5615077778027;5,92068414348182;0,774063732395405
19,5616463889138;5,92028467936726;0,800501721334001
19,5617858333583;5,92558917529641;0,778121094535038
19,5619244444694;5,92448689081434;0,756994328018976
19,5620633333583;5,90354447217072;0,823794862197502
19,5622022222471;5,90264834227088;0,846953827297284
19,562341111136;5,89268664191135;0,791872699032467
19,5624800000249;5,92338492363876;0,744864691790553
19,5626188889138;5,91351935315691;0,806050574850701
19,5627575000249;5,91623515862318;0,803987398433947
19,5628969444694;5,89497414956085;0,79418528480835
19,5630355555805;5,89472577215469;0,785836945320455
19,5631744444694;5,88590802488798;0,81872113430245
19,5633133333583;5,92520381599999;0,77206957367622
19,5634522222471;5,88134788692622;0,78672283847439
19,5635913889138;5,86391757446273;0,816132908577686
19,5637300000249;5,8655296541105;0,819029628536043
19,5638691666916;5,89197014302383;0,760085293324096
19,5640075000249;5,88596339472622;0,778612973636086
19,5641469444694;5,8576623050557;0,812448053537423
19,5642858333583;5,86131347482265;0,814468701742157
19,5644241666916;5,88537073632023;0,826005029995287
19,5645633333583;5,8618232387696;0,806169434066646
19,5647025000249;5,86642522596799;0,766650328576418
19,564841111136;5,83757390659133;0,805969943092805
19,5649800000249;5,8386756864133;0,750532302986187
19,5651191666916;5,84162440730992;0,781001198960325
19,5652577778027;5,83636117763336;0,786879807103048
19,5653969444694;5,84683343388289;0,794293145686709
19,5655355555805;5,85544482329414;0,792164643307018
19,5656744444694;5,83104264470964;0,755676071020389
19,5658133333583;5,81781564170652;0,76112815510669
19,5659522222471;5,82879763267189;0,815036067765732
19,566091111136;5,81742981605416;0,817213830241627
19,5662297222471;5,84808725963552;0,771054009275787
19,5663691666916;5,80635223040395;0,790224283951375
19,5665077778027;5,81646536781906;0,781320262973082
19,5666466666916;5,8080054259969;0,786853341234576
19,5667855555805;5,82930732501558;0,752277780982553
19,5669247222471;5,82239112344536;0,776732941736157
19,5670633333583;5,81095539333239;0,787420682327081
19,5672022222471;5,81120320593155;0,80728251044107
19,567341111136;5,80293555331929;0,765979878472365
19,5674797222471;5,79994561152364;0,787950227293663
19,5676188889138;5,80654561894147;0,749413629550304
19,5677577778027;5,78124870220671;0,747139737617033
19,5678966666916;5,77533738409011;0,80244731825411
19,5680355555805;5,78726943714508;0,830786562724342
19,5681744444694;5,751294282858;0,719857844112198
19,5683133333583;5,80946707337972;0,786129208217517
19,5684522222471;5,78375635371196;0,741524603197803
19,5685913889138;5,74002339714957;0,822287644306698
19,5687300000249;5,76727772258118;0,820623519356218
19,5688688889138;5,78620905733996;0,788836475926757
19,5690080555805;5,75876225795639;0,787069265431654
19,5691463889138;5,76836564821065;0,827085544389035
19,5692855555805;5,76577606830722;0,768256092714381
19,5694244444694;5,74718848177824;0,79363449118037
19,569563611136;5,76667159802224;0,761090562780453
19,5697022222471;5,7541889855253;0,816582394685952
19,569841111136;5,74297227567723;0,774965697983987
19,5699802778027;5,75254929285163;0,754563087234857
19,5701188889138;5,72940174049532;0,796022568699755
19,5702580555805;5,73145396047354;0,783194966768974
19,5703966666916;5,74151273626347;0,756772981709759
19,5705358333583;5,72227740336689;0,773988349576086
19,5706744444694;5,7189157608172;0,7984271174127
19,5708133333583;5,73671846494034;0,756876133457524
19,5709522222471;5,72056884618473;0,795628774576045
19,5710908333583;5,69523096587218;0,811590563120063
19,5712297222471;5,69082248656812;0,808590128144715
19,5713688889138;5,72073478934723;0,775955205911487
19,5715077778027;5,6943620291396;0,805208267358523
19,5716463889138;5,73514715936551;0,798216385768171
19,5717855555805;5,69707756852762;0,780450374608904
19,5719244444694;5,67333875375664;0,751937769503542
19,572063611136;5,69356466412194;0,779829868892534
19,5722022222471;5,70464205868205;0,786858779541177
19,5723413889138;5,65869200651252;0,819132845577599
19,5724802778027;5,70017681689436;0,794731467468665
19,5726188889138;5,68495519832277;0,776858795717601
19,5727577778027;5,68601505788095;0,761107127544818
19,5728966666916;5,68109537231732;0,810746806176212
19,5730352778027;5,70443895091702;0,750867060489782
19,5731744444694;5,66766363942716;0,736295663988528
19,5733130555805;5,67672780772347;0,780239929689856
19,5734522222471;5,68565673500399;0,788269442435876
19,573591111136;5,65739743150235;0,796715148349591
19,5737302778027;5,67889214209185;0,800059758252928
19,5738691666916;5,69137455496755;0,784838337680242
19,5740080555805;5,66034674150757;0,743498179938626
19,5741466666916;5,65447758772029;0,800993827325101
19,5742855555805;5,6669193971118;0,804587782970401
19,5744244444694;5,64214654531284;0,822954099289149
19,5745633333583;5,64841453148938;0,771227396467111
19,5747022222471;5,65192726782703;0,762717477249311
19,574841111136;5,63018686090828;0,829242405376618
19,5749797222471;5,62842139642908;0,783808181654535
19,5751191666916;5,62416443141913;0,825081510818222
19,5752577778027;5,64931002794032;0,748609931083934
19,5753969444694;5,65648881611486;0,759389720175079
19,5755352778027;5,63037873027841;0,795278577458362
19,5756744444694;5,62842139642908;0,750473539806762
19,575813611136;5,63097169838986;0,795418370631921
19,5759522222471;5,61349932350666;0,79709911593315
19,576091111136;5,62636953865012;0,742294214031233
19,5762300000249;5,6342924732252;0,761053574060327
19,5763688889138;5,64526022042114;0,777225769252482
19,5765077778027;5,6333306382962;0,819349385216526
19,5766466666916;5,59295788086857;0,782144492382145
19,5767855555805;5,60633802333552;0,763595431244994
19,5769247222471;5,60466777266581;0,782590768701141
19,5770633333583;5,59751728038253;0,791131637183753
19,5772022222471;5,58688176406213;0,75627230504557
19,577341111136;5,5908909241121;0,786942877483028
19,5774800000249;5,59756005913582;0,741388355251189
19,5776188889138;5,58482785194514;0,769647658752859
19,5777580555805;5,61460393235456;0,795635132160129
19,5778963889138;5,5817272520992;0,839290242398334
19,5780352778027;5,55402028488334;0,786822194146623
19,5781744444694;5,61685233050338;0,784801896832278
19,578313611136;5,57822991139079;0,810254996857793
19,5784522222471;5,53106461465353;0,810603678732235
19,578591111136;5,56846005462478;0,801634002194163
19,5787300000249;5,57176788635797;0,795912554021072
19,5788688889138;5,56413559316212;0,822814586023242
19,5790077778027;5,56154722071366;0,80059015711285
19,5791466666916;5,54735116550273;0,779173845935787
19,5792855555805;5,53358749910751;0,772555185074538
19,5794244444694;5,51819637322257;0,800023604402639
19,5795633333583;5,5406021119131;0,788396618777028
19,5797022222471;5,53393290921747;0,805648612768039
19,579841111136;5,54831796269852;0,776787494075961
19,5799802778027;5,50401849740436;0,793579105314393
19,5801188889138;5,53319146907722;0,819590899962293
19,5802577778027;5,52241514276776;0,802069767659248
19,5803966666916;5,5292227358907;0,788945368656243
19,5805355555805;5,4786276895604;0,818337074209637
19,5806741666916;5,5172905843551;0,758648110989071
19,580813611136;5,50658469263269;0,759763363558079
19,5809525000249;5,50497249411455;0,77293920446337
19,5810913889138;5,51909734519813;0,768480124266262
19,5812297222471;5,46894431509281;0,82667251141595
19,5813688889138;5,50527480222289;0,781186030251746
19,5815077778027;5,47937199026558;0,77992279835064
19,5816469444694;5,49736743546691;0,788335760564649
19,5817858333583;5,46418789679046;0,754049550427112
19,5819247222471;5,46639324018741;0,793326038011401
19,582063611136;5,48178461321925;0,796051611350094
19,5822022222471;5,47391473423048;0,753048422695372
19,582341111136;5,47831263739468;0,799753003992663
19,5824802778027;5,49481055224527;0,740099124819295
19,5826188889138;5,46209633221906;0,770709510033498
19,5827577778027;5,46232809526401;0,739846106891775
19,5828966666916;5,44541080489554;0,7999003028701
19,5830355555805;5,4393383478529;0,830388890251044
19,5831744444694;5,4489103421609;0,783033022753131
19,583313611136;5,44895062468146;0,796661219441688
19,5834522222471;5,44967080000404;0,816691512201118
19,583591111136;5,4575747117967;0,803985828519785
19,5837300000249;5,43201753268207;0,799562116153965
19,5838691666916;5,45556377807162;0,794641252847299
19,5840077778027;5,44941982733019;0,784696201556187
19,5841466666916;5,43532573122516;0,778416012090759
19,5842855555805;5,45111582735785;0,814810115171838
19,5844241666916;5,45041171693117;0,769777609918691
19,5845633333583;5,42461981882178;0,78411196506687
19,5847022222471;5,41899859846347;0,775420944915822
19,584841111136;5,44319266309643;0,793491085458299
19,5849802778027;5,41840890832947;0,800309738694409
19,5851188889138;5,40918811725089;0,840901903643896
19,5852577778027;5,42150624996873;0,800197736510626
19,5853966666916;5,3991192813659;0,800484546084817
19,5855355555805;5,41128274767803;0,797349010851036
19,5856744444694;5,41254029324557;0,803758228262836
19,585813611136;5,39856603184123;0,831173141836189
19,5859522222471;5,42500578079964;0,83732286171383
19,5860913889138;5,42099678614153;0,768664951126482
19,5862297222471;5,3946955491478;0,771885970196706
19,5863688889138;5,41639449882337;0,799665905476957
19,5865075000249;5,41348828015825;0,787161344778781
19,5866466666916;5,4150879798911;0,821384643063709
19,5867858333583;5,39950526817307;0,809576609752042
19,5869244444694;5,3964042329666;0,819696289965862
19,5870633333583;5,40588334679668;0,817155049657003
19,5872022222471;5,38793149199495;0,812912996775196
19,5873413889138;5,34203486753722;0,77761577368517
19,5874802778027;5,40006736731016;0,74018653981139
19,5876188889138;5,35947732466019;0,781336218030191
19,5877580555805;5,39069913129663;0,755765946168481
19,5878963889138;5,38188433401132;0,774717870337099
19,5880355555805;5,39139098443982;0,790183160711564
19,5881744444694;5,36403953780777;0,739036519758002
19,5883133333583;5,38684511818224;0,755200442873189
19,5884522222471;5,38628358859594;0,819531348796772
19,588591111136;5,36896028394568;0,745640503613032
19,5887300000249;5,35360864371538;0,804517445734945
19,5888691666916;5,36069104172509;0,808698382927673
19,5890077778027;5,35738650776756;0,779445493993364
19,5891466666916;5,3550298350662;0,787005030157331
19,5892855555805;5,3355728425044;0,778367157053196
19,5894244444694;5,36259470704772;0,783512209187109
19,589563611136;5,3452593401542;0,776528777478944
19,5897022222471;5,33848288003071;0,777269612833891
19,589841111136;5,33388052885545;0,7939360361556
19,5899802778027;5,35047161730429;0,797437281131579
19,5901188889138;5,35172136518699;0,795417645713599
19,5902580555805;5,36239156253473;0,808997332955414
19,5903966666916;5,33097449940732;0,764545985769928
19,5905352778027;5,33994417594542;0,774874192997402
19,5906747222471;5,33131643685681;0,766417534615755
19,590813611136;5,34053767852836;0,808055942202685
19,5909522222471;5,32857789070061;0,828319769484011
19,591091111136;5,34435146192925;0,771183681476487
19,5912300000249;5,32732406494799;0,778542812948388
19,5913691666916;5,32731998707806;0,798891447945749
19,5915077778027;5,31073297649914;0,78201658054229
19,5916466666916;5,34148538896198;0,793233640121656
19,5917855555805;5,31734598418026;0,792415889943868
19,5919244444694;5,31464740632941;0,814186042178278
19,5920633333583;5,31219426183321;0,819674010739249
19,5922022222471;5,32677485787687;0,792772622632469
19,5923413889138;5,30161679419643;0,791727134192712
19,5924800000249;5,33447851277549;0,817967009493486
19,5926191666916;5,30668416409694;0,788382157440282
19,5927577778027;5,30817307416132;0,790012344482989
19,5928966666916;5,2982514383794;0,778666585968892
19,5930358333583;5,30857138880489;0,815972292635706
19,5931744444694;5,31740246111332;0,796526458382942
19,5933133333583;5,31594555800012;0,773378906026636
19,5934522222471;5,30212613565789;0,816329017278804
19,593591111136;5,3131339098029;0,78068593123291
19,5937297222471;5,29478909328708;0,792240082832961
19,5938691666916;5,31113561833425;0,738248751913034
19,5940077778027;5,3133860429727;0,770755297526932
19,5941466666916;5,27518781205362;0,803144690704926
19,5942855555805;5,256749388234;0,770618611475015
19,5944241666916;5,28155338895161;0,820382793797762
19,594563611136;5,30456721091178;0,801398067846208
19,5947022222471;5,27218544510632;0,772437507229114
19,594841111136;5,26502347563647;0,796482166024589
19,5949800000249;5,27771234551454;0,770975344163645
19,5951191666916;5,2716363569869;0,750407282467279
19,5952577778027;5,25882092312463;0,785485354453556
19,5953966666916;5,26427433922535;0,775041606869195
19,5955355555805;5,27205160037087;0,829384586737319
19,5956744444694;5,24063423777531;0,772385360804776
19,5958133333583;5,28157027090728;0,836840236588614
19,5959525000249;5,26283465075963;0,789876150207022
19,596091111136;5,26192218277316;0,796117632803799
19,5962300000249;5,23436290301919;0,778406594927787
19,5963688889138;5,25787372455267;0,773658984750625
19,5965077778027;5,26282264965246;0,791214191191074
19,5966466666916;5,25361771299157;0,826792950931463
19,5967855555805;5,23932862183972;0,740776298566175
19,5969244444694;5,23707809249618;0,776775974540328
19,5970633333583;5,23857206864889;0,81243885847968
19,5972025000249;5,24132204196459;0,807295480767436
19,597341111136;5,20315793730032;0,824344934755345
19,5974797222471;5,22834856635822;0,80926999806951
19,5976191666916;5,22109729037646;0,818824580935654
19,5977575000249;5,21638873295186;0,776231342929691
19,5978969444694;5,23011168022242;0,75433761632604
19,5980355555805;5,20700375026848;0,777561413347598
19,5981744444694;5,22625375482971;0,747394448246695
19,598313611136;5,21011716200152;0,829345249639516
19,5984522222471;5,20702101762203;0,763948372609548
19,5985913889138;5,21157861984005;0,82438955315348
19,5987300000249;5,20074936791258;0,786122445713261
19,5988688889138;5,20299499223992;0,796286316700844
19,5990077778027;5,21783830658083;0,792812605445079
19,5991469444694;5,18642067514992;0,760058647229869
19,5992855555805;5,20516147421287;0,838899894766143
19,5994241666916;5,20665740152251;0,756993526259976
19,599563611136;5,22023468507282;0,750344176849723
19,5997022222471;5,17709251945007;0,765346842658488
19,599841111136;5,19729485386461;0,764456853808611
19,5999800000249;5,18290925689828;0,813480797241539
19,6001188889138;5,17134745399187;0,80926999806951
19,6002580555805;5,19153242629528;0,816798489779586
19,6003969444694;5,17083816847855;0,781564379814597
19,6005355555805;5,18811745617847;0,802703752137802
19,6006744444694;5,18902477479;0,741866791359627
19,6008130555805;5,1856698232788;0,764144740773247
19,6009522222471;5,15867615173704;0,798073326218088
19,6010913889138;5,18771947306507;0,75929332117579
19,6012302778027;5,13752701335576;0,839568751930216
19,6013688889138;5,15810989567598;0,752519240727707
19,6015077778027;5,17169397143104;0,768817078097129
19,6016466666916;5,13811521133289;0,820632272015814
19,6017858333583;5,153010062124;0,79000069041345
19,6019244444694;5,15155416700961;0,805200570444924
19,6020633333583;5,13902802125872;0,812784584088831
19,6022022222471;5,14378127014101;0,781543828771021
19,602341111136;5,1377172045251;0,764834041774918
19,6024802778027;5,15395048269963;0,794748782877861
19,6026191666916;5,1480037380822;0,786194517699528
19,6027577778027;5,13466085573606;0,805608958100407
19,6028966666916;5,12859676642168;0,751064652776307
19,6030355555805;5,13441368158513;0,80997966764312
19,6031744444694;5,13922401625496;0,788695178972176
19,6033133333583;5,11292975674976;0,782305429784913
19,6034522222471;5,11238104702443;0,78192118094708
19,603591111136;5,11738744596812;0,780643241173181
19,6037300000249;5,09213909018649;0,823111409485307
19,6038688889138;5,10064476232776;0,742400074259564
19,6040077778027;5,09930626679477;0,762410244075852
19,6041469444694;5,10986158931189;0,801492021883632
19,6042858333583;5,11498514666454;0,834602703383268
19,6044244444694;5,09159656624504;0,796431754655515
19,6045633333583;5,10757669306753;0,738511389847503
19,6047022222471;5,10867984792415;0,809460239104823
19,604841111136;5,0907226765126;0,826685958987923
19,6049800000249;5,08506237029951;0,799015129397702
19,6051188889138;5,12466636210655;0,812220269447664
19,6052580555805;5,08958020227922;0,778395953444573
19,6053969444694;5,10687763249325;0,761710426121113
19,6055352778027;5,10465339003176;0,746077863801531
19,6056747222471;5,08722326108608;0,780414939158845
19,605813611136;5,06733976806444;0,775836818022015
19,6059522222471;5,08021269254277;0,756346292107992
19,606091111136;5,09002344284255;0,751183085879774
19,6062300000249;5,07384711564484;0,787566512501172
19,6063688889138;5,08026988538325;0,832376555757747
19,6065077778027;5,05891951913628;0,78023492791317
19,6066466666916;5,05841541407395;0,772675003489894
19,6067855555805;5,06889242335399;0,822138509464708
19,6069244444694;5,06925096925403;0,77655701376608
19,6070633333583;5,0453799810771;0,807389918298213
19,6072025000249;5,0774579181535;0,79195821672738
19,607341111136;5,07200568049595;0,806142506271669
19,6074802778027;5,0356263844933;0,75435138855687
19,6076188889138;5,04088881839039;0,82356273952945
19,6077580555805;5,02825127660702;0,790942485537158
19,6078966666916;5,02859800561876;0,794568730093516
19,6080358333583;5,02509859789677;0,815292235594086
19,6081744444694;5,02994827950624;0,761125312195219
19,6083133333583;5,02308843727891;0,740017582035932
19,6084519444694;5,03416472256964;0,76037496515923
19,6085908333583;5,01096624829944;0,813474095200263
19,6087302778027;5,01561971323059;0,803583390312156
19,6088691666916;5,02474642549944;0,765078642480091
19,6090075000249;5,01396809399452;0,80761833751896
19,6091469444694;5,00311137752891;0,775812849714725
19,6092855555805;5,0369258099164;0,73930394884286
19,6094244444694;5,01372099097054;0,755626229064262
19,609563611136;5,02455674681553;0,787920570959358
19,6097025000249;4,99845163907051;0,821723675206528
19,609841111136;5,02124704475392;0,806877212205961
19,6099802778027;5,01703057471403;0,738844253605919
19,6101188889138;5,0005072778888;0,801492021883632
19,6102577778027;5,01098445261169;0,775968738868016
19,6103969444694;4,99373241490744;0,777267634816837
19,6105358333583;5,0073162325273;0,764595905602334
19,6106744444694;4,98767967595802;0,76385479431579
19,610813611136;4,99539075898241;0,828851649274725
19,6109522222471;5,01500002940827;0,731329367512245
19,611091111136;5,00933303856374;0,818399677510456
19,6112300000249;4,98837362003928;0,810305792523167
19,6113691666916;4,99759734983519;0,807366037449356
19,6115077778027;4,96483993577598;0,755907919041704
19,6116469444694;4,97704688758392;0,826271372165337
19,6117855555805;4,98176101128195;0,746352920801428
19,6119244444694;4,97219078154671;0,785286871639585
19,6120633333583;4,98066929682338;0,746938242503631
19,6122022222471;4,94724096662554;0,800718573210446
19,612341111136;4,95389933522762;0,768609716116686
19,6124800000249;4,98012104946997;0,773922415516438
19,6126188889138;4,97389458863637;0,710917902631422
19,6127577778027;4,96637995441219;0,783729659849655
19,6128966666916;4,96558462004083;0,798804525322851
19,6130355555805;4,96803813981219;0,768475116878705
19,6131744444694;4,97679984386116;0,778335855046748
19,6133133333583;4,98101632161169;0,791193202190499
19,6134522222471;4,9587755702197;0,77813476415028
19,6135913889138;4,9530973674087;0,816047869874637
19,6137300000249;4,95144584303785;0,746041270290561
19,6138688889138;4,94911429999058;0,766740542057221
19,6140080555805;4,9576791822895;0,775420245784375
19,6141466666916;4,95570822743079;0,811908022386149
19,6142855555805;4,92323208538747;0,80531979598436
19,6144244444694;4,93626120891338;0,791364569669952
19,614563611136;4,94408853689961;0,800793387328781
19,6147022222471;4,93205120578745;0,796119447103621
19,614841111136;4,93058937610311;0,769677737791028
19,6149797222471;4,95570822743079;0,796505950906749
19,6151188889138;4,93637963958403;0,76385479431579
19,6152580555805;4,91861804366735;0,787128175723012
19,6153966666916;4,93453162993319;0,788298937107015
19,6155355555805;4,91492925693046;0,796860647817766
19,6156747222471;4,92283453684323;0,782038019420213
19,615813611136;4,94098229469705;0,761472971861423
19,6159522222471;4,90945180557679;0,777438898970644
19,6160913889138;4,92023043720312;0,778335855046748
19,6162302778027;4,93401081194887;0,771205443956205
19,6163688889138;4,88319819317178;0,784234186136672
19,6165077778027;4,91086325959256;0,790650823558053
19,6166466666916;4,92248738510565;0,789552762859643
19,6167855555805;4,91126076066507;0,807204245759181
19,6169244444694;4,89751947704082;0,770263135896073
19,6170633333583;4,90964836712925;0,797292319509239
19,6172025000249;4,89086785222014;0,797469720991046
19,6173413889138;4,86074916277659;0,766732941993411
19,6174800000249;4,90651505750893;0,742153888599688
19,6176188889138;4,87694426643171;0,763312160893037
19,6177577778027;4,91035417157235;0,8180131737073
19,6178966666916;4,885000004625;0,768757096954403
19,6180355555805;4,87142768098525;0,755700941766378
19,6181747222471;4,86973748503542;0,789501673467839
19,618313611136;4,87694426643171;0,759736359892884
19,6184522222471;4,86272012534911;0,791571464394679
19,618591111136;4,83910977427769;0,819979208919648
19,6187302778027;4,89494128133083;0,803317124814157
19,6188691666916;4,8528438700373;0,755239449811398
19,6190077778027;4,85784400248403;0,782572477133357
19,6191469444694;4,88154695359756;0,7845675371303
19,6192858333583;4,85596470026749;0,838349855551428
19,6194244444694;4,85084530394815;0,807129566590532
19,6195633333583;4,84858122903842;0,800154941665824
19,6197025000249;4,85965322699394;0,783848401358938
19,6198413889138;4,84713434814006;0,753497556183646
19,6199802778027;4,86001181792528;0,8325479232372
19,6201188889138;4,8043032462943;0,756130618820833
19,6202580555805;4,85414410952239;0,764767066439276
19,6203969444694;4,8096619503809;0,783699827761069
19,6205355555805;4,85600343135869;0,815943531780334
19,6206744444694;4,84602326564882;0,807537474678782
19,6208133333583;4,83321447504733;0,800200444775214
19,6209522222471;4,79738977807483;0,821123028936626
19,621091111136;4,85119261443529;0,785821362882928
19,6212300000249;4,84368488278744;0,813234707116067
19,6213691666916;4,82753599809953;0,789161424425288
19,6215077778027;4,79667259495781;0,795037815756103
19,6216466666916;4,8199706242211;0,797083770396256
19,6217858333583;4,81040669071746;0,767629871128463
19,6219244444694;4,81698035529001;0,797083770396256
19,622063611136;4,79978575857734;0,779812678565435
19,6222022222471;4,81185738336075;0,745218346834918
19,622341111136;4,81004811136174;0,768416699788077
19,6224802778027;4,8027297456253;0,717321162901811
19,6226188889138;4,77182743679026;0,755108287941482
19,6227580555805;4,78650312143927;0,761235737790003
19,6228966666916;4,80195374476946;0,814327442719673
19,6230355555805;4,77624885769558;0,800305224523782
19,6231744444694;4,78345571666168;0,817754344793286
19,6233133333583;4,7582438179376;0,756101655823727
19,6234522222471;4,76746818878044;0,77091926541496
19,623591111136;4,77308896382334;0,754440095890857
19,6237300000249;4,74757656734579;0,812620262827039
19,6238691666916;4,78857057072577;0,764558774395368
19,6240077778027;4,79423789398402;0,789518338507264
19,6241466666916;4,75398107753313;0,780836584313789
19,6242858333583;4,73896203149587;0,770562339214962
19,6244244444694;4,74501882593191;0,79813110096336
19,6245633333583;4,76887243206028;0,765071332361799
19,6247022222471;4,74078270064177;0,784895814559519
19,624841111136;4,76151518764522;0,694686185284411
19,6249800000249;4,73345627053766;0,776283060181669
19,6251188889138;4,77054266407617;0,756228876300554
19,6252577778027;4,7699758402857;0,811822784019796
19,6253966666916;4,76095958346724;0,759908761118169
19,6255355555805;4,72975656637578;0,776667439360892
19,6256744444694;4,73050137083681;0,801759458972583
19,6258133333583;4,71246556962586;0,743556861465947
19,6259525000249;4,72778552662788;0,793659215955245
19,6260913889138;4,73046275021625;0,771326916952319
19,6262300000249;4,72723786154972;0,809342936285816
19,6263688889138;4,72734161951155;0,808555896992061
19,6265077778027;4,76507229758411;0,785046245396813
19,6266466666916;4,7100696835453;0,803777806765822
19,6267855555805;4,7253430213658;0,757941108514103
19,6269244444694;4,74779236758675;0,80086257022748
19,6270633333583;4,74517721462587;0,725928719871291
19,6272022222471;4,73310547047691;0,785838453689649
19,627341111136;4,70665583448408;0,798258470587427
19,6274797222471;4,70860764423315;0,802523981013167
19,6276188889138;4,69633588405856;0,754901281905802
19,6277575000249;4,72408620376225;0,790387070002168
19,6278969444694;4,71196763498432;0,758425390907604
19,6280355555805;4,72164345972345;0,765065715795572
19,6281744444694;4,68314965645104;0,802903609637269
19,6283133333583;4,695185659526;0,817341987765559
19,6284525000249;4,69998555377913;0,826792522079074
19,628591111136;4,68802557089634;0,762795812813522
19,6287300000249;4,69593045596898;0,787627432996516
19,6288688889138;4,70108900952715;0,781952696236033
19,6290077778027;4,70243928341461;0,794089458029362
19,6291466666916;4,69598825586189;0,781494898839924
19,6292855555805;4,69062967053642;0,823854572784001
19,6294247222471;4,67542571570479;0,757528503475868
19,629563611136;4,68987385902577;0,819026188658
19,6297022222471;4,68510982111178;0,793169515198571
19,629841111136;4,68109315060508;0,806939972000521
19,6299800000249;4,68951523334897;0,792176198526732
19,6301191666916;4,69519388670645;0,820326047153799
19,6302577778027;4,68277208870688;0,792400837053833
19,6303969444694;4,6658311078487;0,783970933118553
19,6305358333583;4,68141317170006;0,790336510016516
19,6306744444694;4,67283837826744;0,796620021574995
19,6308133333583;4,64804211705302;0,774749299993971
19,6309525000249;4,69101587724106;0,727355877980415
19,631091111136;4,6698393955219;0,797873847327594
19,6312297222471;4,65079659085663;0,791686783903998
19,6313688889138;4,65666178659905;0,778941185665332
19,6315077778027;4,63236360506693;0,788519748088447
19,6316466666916;4,67249053784377;0,772145200353918
19,6317855555805;4,64266430232607;0,800834912269011
19,6319244444694;4,63630706489394;0,787219947437762
19,632063611136;4,63075115238237;0,732541043007359
19,6322022222471;4,62193184198691;0,751652278709457
19,632341111136;4,64688920444925;0,790716469764703
19,6324802778027;4,63923137459534;0,803365766611648
19,632618611136;4,6404766404311;0,811360820508185
19,6327580555805;4,66311519555416;0,818843665115082
19,6328966666916;4,61626429660939;0,800784525803522
19,6330355555805;4,64199483632726;0,771271396549224
19,6331744444694;4,63590998371637;0,764502792680588
19,633313611136;4,61866839240625;0,825030470103798
19,6334525000249;4,63001495896148;0,814069925130383
19,633591111136;4,63166582666017;0,783943564671347
19,6337300000249;4,63370296525383;0,766063197269034
19,6338691666916;4,61330984688919;0,770712902797754
19,6340080555805;4,61036668188643;0,806171451255182
19,6341466666916;4,60981055489808;0,774520461251711
19,6342858333583;4,64047442632935;0,780264411187943
19,6344244444694;4,61292362770675;0,778808983939683
19,6345633333583;4,62413877309061;0,772296736644989
19,6347025000249;4,63461777706021;0,757427647420485
19,634841111136;4,62583679200324;0,787087533885085
19,6349800000249;4,61441333829026;0,81384113404593
19,6351188889138;4,61773471371509;0,777660311547834
19,6352577778027;4,62640233679213;0,797998233675401
19,6353969444694;4,60574434234064;0,776942435621891
19,6355355555805;4,6019059464208;0,794035100075234
19,6356744444694;4,61845040852521;0,797284220859666
19,6358133333583;4,61752640568349;0,801545503071168
19,6359522222471;4,62946770928937;0,793449008045542
19,636091111136;4,61126185878351;0,782282460500284
19,6362302778027;4,62047828214551;0,808368339066902
19,6363691666916;4,61237465261911;0,786629988085934
19,6365077778027;4,60451918854898;0,769789085139735
19,6366469444694;4,61844118278333;0,774699218295837
19,6367855555805;4,57142877910368;0,828911791783128
19,6369247222471;4,58942622705604;0,808652577196369
19,6370633333583;4,60044378113477;0,742426609733059
19,6372019444694;4,58772807060257;0,807448828966528
19,637341111136;4,58553001268839;0,820633440694394
19,6374800000249;4,57047556261779;0,756759865219692
19,6376188889138;4,57950327874468;0,828014965003149
19,6377580555805;4,59387880747502;0,763171696933455
19,6378969444694;4,59158599599527;0,742733452424744
19,6380355555805;4,58211657706835;0,797842899450529
19,6381744444694;4,56284489510489;0,740513823402864
19,6383133333583;4,59293626988273;0,746184273685657
19,6384522222471;4,57550435235913;0,802263313006762
19,6385913889138;4,59749004550218;0,768078000289336
19,6387302778027;4,58591626932406;0,834605951536702
19,638868611136;4,59237829435688;0,780237972783482
19,6390077778027;4,58101296288942;0,77413666850336
19,6391466666916;4,58039845564176;0,798227374427114
19,6392855555805;4,57178742795924;0,731877585787373
19,6394244444694;4,57139042584504;0,794369449034377
19,6395633333583;4,56244788526166;0,783354392542066
19,6397022222471;4,55193940150949;0,759492803086601
19,6398413889138;4,54135723103818;0,730752572114824
19,6399800000249;4,54662993954287;0,794855699006916
19,6401188889138;4,53746109064764;0,788059114282078
19,6402577778027;4,54296069278328;0,822292273741368
19,6403966666916;4,5365076999386;0,766953434955838
19,6405355555805;4,52863251025116;0,84099556509716
19,6406744444694;4,54113069334355;0,741251706266979
19,6408133333583;4,55654225713823;0,793651805976026
19,6409522222471;4,54851673248714;0,773775947750693
19,641091111136;4,54661922141426;0,776690661667772
19,6412302778027;4,54293151896277;0,793089592447842
19,6413691666916;4,54072429476844;0,77300855516998
19,6415080555805;4,51375707834131;0,79158408834914
19,6416466666916;4,51922749119248;0,814576422955923
19,6417855555805;4,54061230883121;0,793194960335825
19,6419244444694;4,54551564678607;0,823032175358549
19,642063611136;4,53577233395279;0,803309918621949
19,6422022222471;4,52457525557986;0,7898991989438
19,6423413889138;4,51435175328913;0,771016559654925
19,6424800000249;4,52588731446949;0,791941134583169
19,6426188889138;4,53676391520111;0,8072176224548
19,6427577778027;4,5128512520657;0,859772919665431
19,6428966666916;4,5084081635647;0,752465102453755
19,6430355555805;4,5230948921326;0,781286557806993
19,6431747222471;4,51817146368404;0,784632196716188
19,643313611136;4,52387796948062;0,802211277590118
19,6434522222471;4,48711026229813;0,799836520535393
19,6435913889138;4,51802126400764;0,751751008669373
19,6437300000249;4,50459892087761;0,7750537912369
19,6438688889138;4,50038232218162;0,823341135328974
19,6440077778027;4,49046881048849;0,780212144705814
19,6441469444694;4,51656871659321;0,806093705753199
19,6442855555805;4,50586247204907;0,804027180422935
19,6444244444694;4,51155923897485;0,838009003010882
19,644563611136;4,46505565802556;0,804563744374576
19,6447022222471;4,470434210522;0,800420937737698
19,6448413889138;4,46726291434254;0,770094048695739
19,6449800000249;4,48506263807201;0,759798601040586
19,6451188889138;4,47724446817159;0,779041451792409
19,6452580555805;4,50639889830734;0,790767509576085
19,6453966666916;4,47262130526786;0,731468154052351
19,6455355555805;4,47408362302224;0,757551577311062
19,6456744444694;4,47614078259338;0,768433417832455
19,6458133333583;4,46412235750046;0,784916965119407
19,6459522222471;4,43200512860608;0,760717567047038
19,6460913889138;4,44869065592957;0,807754269917808
19,6462302778027;4,46125602109146;0,811717667660957
19,6463688889138;4,50051454043285;0,806248844657603
19,6465075000249;4,48140268581565;0,728885593381619
19,6466466666916;4,47168803627466;0,815805002963003
19,6467855555805;4,47574406601331;0,783713019814201
19,6469250000249;4,46817834349869;0,755509367766876
19,647063611136;4,45094601894257;0,789311730294884
19,6472022222471;4,45831354158386;0,834710085165398
19,6473413889138;4,45355011858265;0,813427998116708
19,6474800000249;4,46616911811765;0,786195425573908
19,6476188889138;4,45405893115731;0,788259858070859
19,6477577778027;4,4812145214033;0,771934279470997
19,6478966666916;4,46231119272494;0,825488838110573
19,6480355555805;4,43720283341608;0,817620705719548
19,6481744444694;4,44869065592957;0,793526731598092
19,6483133333583;4,44783311215289;0,76266332845637
19,6484525000249;4,43216520455363;0,793396461777462
19,6485913889138;4,44639134664993;0,815218521195646
19,6487300000249;4,42334564051259;0,808446230823705
19,6488688889138;4,4129516112522;0,802570729334263
19,6490077778027;4,44855054260194;0,799966629694239
19,6491466666916;4,42703303893558;0,784224754449838
19,6492855555805;4,43271202589335;0,814703595369252
19,6494244444694;4,4248356562203;0,766344033838919
19,6495633333583;4,43004385550046;0,777607661291654
19,6497025000249;4,4340518892233;0,7881882624973
19,649841111136;4,42048964973679;0,81838446790124
19,6499800000249;4,39342587467891;0,779780263730515
19,6501188889138;4,38681367763485;0,769997409691285
19,6502575000249;4,41165973649535;0,813784862898643
19,6503969444694;4,40649967406927;0,848792050118305
19,6505352778027;4,40689630314421;0,754230614838377
19,6506744444694;4,36863785833157;0,805482398204703
19,650813611136;4,4018967220359;0,783793290615762
19,6509522222471;4,40410422415755;0,750350679758014
19,651091111136;4,3875687655715;0,806736223957358
19,6512300000249;4,41258603049459;0,775897906670906
19,6513688889138;4,39568123769189;0,766928230132805
19,6515077778027;4,38502326783157;0,815193740246286
19,6516469444694;4,37107125718717;0,805866964793324
19,6517858333583;4,40315054778853;0,787698117620209
19,6519244444694;4,39433096380444;0,854000249398467
19,6520633333583;4,40079298883722;0,808266597860722
19,6522022222471;4,39032294585775;0,797971947699978
19,652341111136;4,40340762018192;0,846058507473941
19,6524800000249;4,3806188069056;0,832717386892512
19,6526188889138;4,40461301261865;0,813892186930673
19,6527577778027;4,38587009984101;0,78752106475946
19,6528966666916;4,3735995446101;0,797540183459432
19,6530358333583;4,36758248698666;0,809292478069096
19,6531744444694;4,36262076884603;0,761158615121872
19,6533133333583;4,34949830814395;0,797791633274585
19,6534522222471;4,36627001294846;0,779936146489035
19,653591111136;4,37124195797165;0,795522816350314
19,6537302778027;4,35981882606393;0,831951546078187
19,6538691666916;4,36862761566579;0,82068773581571
19,6540075000249;4,34895166540969;0,812481635652034
19,6541469444694;4,36898634574402;0,82086809611522
19,6542858333583;4,36406249474939;0,790409107210905
19,6544244444694;4,33301119145693;0,824033548760326
19,6545633333583;4,3311623652902;0,825132393739409
19,6547025000249;4,35799709879149;0,769054917966827
19,6548413889138;4,33004836173865;0,835607324938479
19,6549802778027;4,35521580166022;0,811360940085194
19,6551191666916;4,36203657739088;0,817367306143296
19,6552580555805;4,34583879338771;0,827913337222924
19,6553966666916;4,36848779346477;0,792916758716188
19,6555355555805;4,33691769914498;0,744066723681669
19,6556744444694;4,32729422522229;0,804946068329173
19,6558133333583;4,34072704224235;0,813509380750588
19,6559525000249;4,32709578504068;0,794806569963214
19,656091111136;4,33081442355126;0,851576555935992
19,6562300000249;4,3206821752259;0,792965928034334
19,6563688889138;4,31393026669662;0,796082112104898
19,6565080555805;4,31808826226796;0,814859654638013
19,6566469444694;4,32323785964797;0,816651175880708
19,6567855555805;4,32789944031157;0,846751204985196
19,6569244444694;4,33132315572269;0,832286928972394
19,6570633333583;4,32328627486598;0,790948644570477
19,6572025000249;4,3326524613787;0,773269986896594
19,657341111136;4,34037923371574;0,777665707689948
19,6574800000249;4,31442887883694;0,800862322655178
19,6576191666916;4,30967587064387;0,799378783748978
19,6577577778027;4,30581794525114;0,797718701890943
19,6578966666916;4,31963707811713;0,811107482644957
19,6580352778027;4,32163598679347;0,769973327426726
19,6581747222471;4,31663654773303;0,826971126306233
19,6583130555805;4,31924064737314;0,811468860634506
19,6584522222471;4,28650740545402;0,776566758756161
19,658591111136;4,30806330193894;0,816602122710151
19,6587300000249;4,30175128608383;0,826384261497992
19,6588688889138;4,30290385207553;0,807787318931162
19,6590080555805;4,31754172673467;0,769412061503914
19,6591466666916;4,28031274669496;0,827280942394623
19,6592858333583;4,33943668932812;0,803929393538453
19,6594247222471;4,28873599492925;0,84054050896583
19,6595633333583;4,31373251315256;0,833945202053485
19,6597022222471;4,31118729244241;0,791484930364447
19,6598413889138;4,27074907268445;0,801196440971353
19,6599802778027;4,30532048739127;0,80844686641592
19,6601188889138;4,27640708497805;0,818107269356688
19,6602580555805;4,2854244978403;0,805232301502258
19,6603966666916;4,28471810931885;0,84294072320543
19,6605358333583;4,26412585146898;0,812281205464217
19,6606744444694;4,26378829577428;0,777308547916277
19,6608130555805;4,27700225853343;0,80415915727832
19,6609522222471;4,27940756769331;0,770739127156844
19,6610913889138;4,29018862539823;0,822552122322975
19,6612297222471;4,27775735886553;0,803598178943588
19,6613688889138;4,26433461682035;0,79534434912722
19,6615077778027;4,26985401699972;0,804850743757726
19,6616466666916;4,26980672652195;0,8132822088333
19,6617855555805;4,27630616343674;0,80415915727832
19,6619244444694;4,29149007604286;0,851013743204589
19,6620633333583;4,2835884577346;0,813688315030049
19,6622022222471;4,27409831156609;0,812589337050753
19,662341111136;4,25882649034673;0,798592341331243
19,6624802778027;4,25441108939322;0,815731498186921
19,6626188889138;4,24063080878429;0,832775624613646
19,6627577778027;4,27290791803017;0,823090167575032
19,6628966666916;4,27078662318112;0,811896577709206
19,6630355555805;4,27551201767022;0,764431941463641
19,6631744444694;4,29646323863244;0,815123066804091
19,6633133333583;4,25876766684229;0,768827962091478
19,6634525000249;4,25050548338982;0,795295344605364
19,663591111136;4,28709735367758;0,801959703573061
19,6637302778027;4,25126059719872;0,804312532295228
19,6638688889138;4,25091329187467;0,784665727995872
19,6640077778027;4,24445126684188;0,79572750974873
19,6641466666916;4,25571368267001;0,822278138897843
19,6642855555805;4,23125346235162;0,796826529588884
19,6644244444694;4,26502093165536;0,81243448927745
19,6645633333583;4,24119845738178;0,742228548675996
19,6647022222471;4,24115127841469;0,850762459790957
19,6648413889138;4,23657400529822;0,832801683875999
19,6649800000249;4,24524379457307;0,817546240422757
19,6651188889138;4,23772690950958;0,770920084178215
19,6652577778027;4,25602504301997;0,834461582085311
19,6653969444694;4,22055855653076;0,761518175639566
19,6655355555805;4,24756403427978;0,81530416162505
19,6656744444694;4,27371194239245;0,755056150606777
19,665813611136;4,20294603390744;0,841616566999761
19,6659525000249;4,21820080305429;0,77437201210617
19,666091111136;4,23348260659637;0,849128864796427
19,6662302778027;4,22370883416252;0,81530416162505
19,6663691666916;4,21838825449544;0,822529351384702
19,6665077778027;4,25055451144036;0,788321308278199
19,6666469444694;4,23823557992353;0,829658128081519
19,6667855555805;4,23238091826738;0,782061628355819
19,6669244444694;4,2108929590018;0,819925251744621
19,6670633333583;4,21192622946265;0,773043072943409
19,6672022222471;4,2111192307618;0,785001511861623
19,667341111136;4,20404994583242;0,82999398968326
19,6674802778027;4,20314504344961;0,784691962531667
19,6676188889138;4,20906104611959;0,83551173016815
19,6677580555805;4,17575318400608;0,780604138438861
19,6678966666916;4,19803329230427;0,811830021839938
19,6680358333583;4,19728812891589;0,777129851733804
19,6681744444694;4,19652155937132;0,815710134088306
19,668313611136;4,18661927665187;0,774755735190979
19,6684522222471;4,1537845088811;0,78188079417572
19,668591111136;4,20190106827008;0,806355790435276
19,6687297222471;4,22060782569847;0,824321572361328
19,6688688889138;4,19288415700709;0,808735156451547
19,6690077778027;4,18385541648601;0,765198865717934
19,6691466666916;4,16994555957987;0,805570540699932
19,6692855555805;4,17323573798043;0,81956703105368
19,6694244444694;4,20862600253443;0,80168595262262
19,6695633333583;4,16571705386772;0,774755735190979
19,6697025000249;4,21635380341928;0,8190073436067
19,669841111136;4,17104955886862;0,840803768083902
19,6699800000249;4,18825947157816;0,77623424667209
19,6701191666916;4,15996270074132;0,804290052262672
19,6702577778027;4,17560330982806;0,844507020724279
19,6703966666916;4,17694381722521;0,811803436621858
19,6705355555805;4,16718197913048;0,768063727060905
19,6706744444694;4,18953487526042;0,80633448508695
19,6708133333583;4,17595233927779;0,792695088267124
19,6709522222471;4,18678092529731;0,803169744590207
19,671091111136;4,14806422780379;0,822278138897843
19,6712302778027;4,15269228526424;0,838293565039635
19,6713688889138;4,1241374364339;0,795475111008585
19,6715080555805;4,16202075386536;0,801398824579877
19,6716466666916;4,17695615775551;0,777802065801666
19,6717852778027;4,14126836716241;0,829433323506663
19,6719244444694;4,14640191809229;0,814381224299439
19,6720630555805;4,15171308758789;0,828942613790389
19,6722022222471;4,16291578755491;0,828228211690629
19,6723408333583;4,1203411026174;0,812902523026963
19,6724800000249;4,12363864461577;0,830175222339193
19,6726188889138;4,14490184160445;0,851459881170655
19,6727577778027;4,14754320543489;0,823019100268766
19,6728969444694;4,14820167137015;0,836028179599793
19,6730352778027;4,13155351918564;0,827592339902935
19,6731741666916;4,1192370394846;0,833723748443617
19,6733130555805;4,12454548341984;0,800026245680698
19,6734519444694;4,14057255829678;0,799108515667115
19,6735908333583;4,16128779952794;0,806131056811466
19,6737300000249;4,13296925659293;0,802966441059851
19,673868611136;4,11699175905343;0,808532662273421
19,6740075000249;4,12234972901018;0,815863828440826
19,6741463889138;4,12364077248191;0,805522010686957
19,6742855555805;4,09569084008257;0,756874639877594
19,6744241666916;4,14804215059087;0,819006489615049
19,6745630555805;4,10635985186761;0,827031723429741
19,6747022222471;4,11979252947452;0,846011967364063
19,6748408333583;4,11643353574792;0,845094304272635
19,6749797222471;4,12529067901389;0,78518176480145
19,675118611136;4,08749149881527;0,832064125298785
19,6752575000249;4,10320988465821;0,80666970214395
19,6753963889138;4,10175672826364;0,798751290891204
19,6755355555805;4,12670410547537;0,840649095331543
19,6756741666916;4,08482492634138;0,811136761913531
19,6758133333583;4,11317102363245;0,7769054729564
19,6759519444694;4,11964572338172;0,83349374846253
19,6760913889138;4,09353224993683;0,77910385839985
19,6762297222471;4,11907493633447;0,836231399948872
19,6763688889138;4,09018586085892;0,837351673855267
19,6765075000249;4,10640943755382;0,768245112525392
19,6766463889138;4,09223156173556;0,823942527160881
19,6767855555805;4,09244062220404;0,810863846253937
19,6769241666916;4,09530709805838;0,774861814375924
19,6770630555805;4,0893155247268;0,786462468145004
19,6772025000249;4,09574027655322;0,806621201218888
19,677341111136;4,09097773598293;0,78883648336344
19,6774800000249;4,07877132559591;0,784060995284051
19,677618611136;4,09314879522736;0,795837867012608
19,6777577778027;4,07991254969031;0,768447678379573
19,6778963889138;4,100677948379;0,807181592549711
19,6780355555805;4,09791119769849;0,795277526354823
19,6781741666916;4,06463063073105;0,802811776751213
19,6783130555805;4,10066505219956;0,796146628085523
19,6784519444694;4,08323778691516;0,8271070425277
19,6785908333583;4,06537585854221;0,79172846152133
19,6787300000249;4,0872792114489;0,818936938079673
19,6788688889138;4,08968677576055;0,820287211967099
19,6790075000249;4,07656321962097;0,774349349616671
19,6791463889138;4,09389105101428;0,767578563510966
19,6792852778027;4,0411463996368;0,810121888316331
19,6794241666916;4,06852580158778;0,807566299055054
19,6795630555805;4,06356387273041;0,82647121951328
19,6797019444694;4,06653922340425;0,745327139610197
19,6798408333583;4,07239623458912;0,813776773288225
19,6799800000249;4,04753681783649;0,777647422448268
19,6801188889138;4,06133102412412;0,785923125794852
19,6802575000249;4,05269804310163;0,82304593838191
19,6803963889138;4,03987044117085;0,832912203698925
19,6805352778027;4,06869759010272;0,824811637650527
19,6806741666916;4,03236361922507;0,773944140408929
19,6808133333583;4,06026410739685;0,744718849001856
19,6809519444694;4,0626442280751;0,792134092498628
19,681091111136;4,06263482620005;0,76206109003607
19,6812297222471;4,05436994748695;0,787561675569407
19,681368611136;4,04372836656353;0,786077748502692
19,6815077778027;4,07326362853121;0,78184138969516
19,6816463889138;4,05642837022259;0,830916428454429
19,6817852778027;4,04854055666306;0,822052902789778
19,6819241666916;4,0290142891557;0,810842710274869
19,6820630555805;4,05674082389498;0,787358704849737
19,6822019444694;4,06995141585531;0,810660833920451
19,6823408333583;4,04574958768802;0,846172295618686
19,6824797222471;4,05089844554848;0,814209618402117
19,682618611136;4,04429967885275;0,790629220931919
19,6827577778027;4,02996856937801;0,768831942463095
19,6828966666916;4,03733846870992;0,804498269355918
19,6830352778027;4,01949886409153;0,790880266746001
19,6831741666916;4,01558164376672;0,815687325891787
19,6833130555805;4,02595140307022;0,801824814366796
19,6834522222471;4,02998146555746;0,780000112696939
19,6835908333583;4,05987769229745;0,839758577284726
19,6837300000249;4,04720312462916;0,822031736144908
19,6838688889138;4,02716820538632;0,794871879107177
19,6840075000249;4,01307399226144;0,758848389016606
19,6841463889138;4,01393184046225;0,822283004103838
19,6842852778027;4,04938288192014;0,828088255386774
19,6844241666916;4,01359531661757;0,801103769036729
19,6845633333583;4,02146087450788;0,825580701466464
19,6847019444694;4,0283318610615;0,761858077702584
19,684841111136;4,01584057638732;0,829053889695842
19,6849800000249;4,0119232540583;0,770240365895006
19,685118611136;4,02610112987651;0,795122920540791
19,6852575000249;4,00932866852699;0,791979494819401
19,6853963889138;4,04485986690889;0,836924325644532
19,6855355555805;4,02586444098947;0,800186306780517
19,6856741666916;3,99059747136613;0,797860577637692
19,6858130555805;4,00181241155477;0,765513343151696
19,6859522222471;3,99629761862687;0,791979494819401
19,686091111136;4,02460112918274;0,815260751040967
19,6862297222471;3,99759565143373;0,810688179568473
19,686368611136;4,00861102884843;0,769371054534361
19,6865077778027;4,01218244995835;0,810708955710567
19,6866466666916;4,0156314526447;0,784802756105194
19,6867852778027;3,9941466487474;0,776660711667176
19,6869241666916;4,01617711701402;0,789354491414542
19,6870633333583;3,98547660444197;0,836999909379699
19,6872022222471;3,9752098859725;0,837106170945816
19,6873408333583;4,01484914237022;0,76952560214329
19,6874797222471;3,97922346452583;0,806040018738059
19,6876188889138;3,99229718974993;0,799317162861541
19,6877575000249;3,98036456720035;0,8119420053211
19,6878963889138;3,99355101550259;0,80061920798417
19,6880355555805;3,9884762600293;0,777220676786669
19,6881741666916;3,98808041798577;0,827085556136353
19,6883130555805;3,96453707135831;0,784194502042482
19,6884519444694;3,99193834337851;0,800949171357445
19,6885908333583;3,98469780874564;0,796222152994631
19,6887300000249;3,96232876598935;0,786798601682563
19,6888688889138;3,9939468497837;0,81012821444898
19,6890075000249;3,99651396277565;0,805037248750267
19,6891463889138;3,98418555245715;0,803309196070671
19,6892855555805;3,95184500566012;0,817864753096103
19,6894244444694;3,98403273052384;0,767711722990754
19,6895630555805;3,9961181840323;0,828878511485811
19,6897019444694;3,96312049784041;0,778031771001224
19,6898408333583;3,99721448830886;0,803841399845197
19,6899802778027;3,94801058494139;0,800955983525569
19,690118611136;3,99167808533988;0,800997585003529
19,6902575000249;3,98788070679726;0,785902046769081
19,6903963889138;3,97771753747779;0,786644075045643
19,6905355555805;3,97150761374039;0,798959885205704
19,6906741666916;3,99518184728089;0,802972464108052
19,6908133333583;3,97171680592336;0,799674441840068
19,6909519444694;3,96935881374992;0,802182093345351
19,691091111136;3,96158347371014;0,804834402893533
19,6912297222471;3,97631687973842;0,811787487136513
19,691368611136;3,97335709274546;0,805906337339536
19,6915075000249;3,97264871641494;0,819273101416087
19,6916463889138;3,96103800010084;0,776526889483762
19,6917858333583;3,97783728250437;0,821856483765231
19,6919244444694;3,96744080323103;0,775427573776199
19,6920630555805;3,95461320130025;0,819146236225095
19,6922019444694;3,96576234903296;0,817459278534727
19,6923408333583;3,96065059788765;0,824790383394003
19,6924797222471;3,93957705567661;0,826882668655117
19,692618611136;3,95977818440167;0,814006827703366
19,6927577778027;3,95972495244561;0,775022099214823
19,6928966666916;3,94233110705105;0,827779228960196
19,6930355555805;3,95903886332439;0,831657989335923
19,6931741666916;3,97615276825107;0,840297756957568
19,6933133333583;3,96138617996996;0,809897944130796
19,6934519444694;3,95374077963137;0,783837232525855
19,6935908333583;3,93528035815791;0,834038491395972
19,6937300000249;3,93277270665263;0,798708931408925
19,693868611136;3,94824733830598;0,770219374496008
19,6940075000249;3,94796997079868;0,764162855254142
19,6941463889138;3,9461185548185;0,801873110826762
19,6942855555805;3,93094738949208;0,824075819949002
19,6944241666916;3,95316932738211;0,800725502729108
19,6945630555805;3,95392063147676;0,784627503725517
19,6947019444694;3,9504556436749;0,819706113985887
19,6948408333583;3,91946724432034;0,796713063221432
19,6949800000249;3,96232905208566;0,76876280047162
19,695118611136;3,94463026539884;0,783480022496434
19,6952575000249;3,95133314916561;0,767103485832337
19,6953966666916;3,93414627743186;0,794514452468007
19,6955355555805;3,9286100381542;0,797609804883052
19,6956741666916;3,92576519673349;0,800234457676083
19,6958130555805;3,93657740008931;0,761046949686204
19,6959522222471;3,9496483390638;0,822753261994393
19,6960908333583;3,91548821185469;0,82515451918465
19,6962300000249;3,93720878013602;0,831637173212926
19,696368611136;3,92777183123994;0,817304812397595
19,6965075000249;3,94266808357983;0,776121381740438
19,6966466666916;3,9182838873603;0,833681213740135
19,6967855555805;3,91291158828113;0,791244034420259
19,6969244444694;3,93033268723138;0,801824814366796
19,6970630555805;3,91372378346429;0,806040018738059
19,6972019444694;3,92725356389838;0,801824814366796
19,697341111136;3,93203712713503;0,831259659241823
19,6974797222471;3,94100680367308;0,818201351030893
19,697618611136;3,91435549317504;0,812886807227187
19,6977577778027;3,93255537869649;0,82405552983397
19,6978963889138;3,91478012162048;0,808644118378112
19,6980352778027;3,92330811490734;0,800550670000064
19,6981741666916;3,90873199078868;0,79029933464858
19,6983133333583;3,92060928067394;0,79188985885267
19,6984519444694;3,92483952791105;0,787365761915112
19,6985908333583;3,9447071450758;0,823292958953232
19,6987300000249;3,90418251759138;0,790481594139891
19,6988688889138;3,90359401560133;0,832108246655821
19,6990077778027;3,91777189141959;0,832331133417512
19,6991466666916;3,90183890742819;0,798015185434025
19,6992852778027;3,91166406024186;0,779110330694095
19,6994244444694;3,92809184184512;0,78036452476141
19,6995630555805;3,89890673679841;0,82661118738713
19,6997022222471;3,91668207192248;0,78036452476141
19,699841111136;3,9327791674383;0,816724473196899
19,6999797222471;3,91887861340248;0,815394710542279
19,700118611136;3,90420866004524;0,77579198573693
19,7002577778027;3,91014340053141;0,806810362490978
19,7003966666916;3,90709774837444;0,79188985885267
19,7005352778027;3,91834353953126;0,750060874417812
19,7006741666916;3,87935664374791;0,834124622297395
19,7008133333583;3,92389668706741;0,793394584228736
19,7009522222471;3,89997041098246;0,805555993628957
19,701091111136;3,91334235073404;0,832128302171924
19,7012300000249;3,90752222831958;0,847231208158263
19,7013688889138;3,89279889801784;0,773390778351057
19,7015077778027;3,9168460898745;0,750040333740571
19,7016466666916;3,91192451083069;0,8003962561001
19,7017852778027;3,89528320995038;0,80169806823622
19,7019241666916;3,91029036140799;0,802903907605355
19,7020633333583;3,89867246755503;0,827044423622453
19,7022019444694;3,9097448993229;0,781868910947338
19,7023408333583;3,89881978628054;0,785321866079528
19,7024797222471;3,88356875919425;0,784607244302578
19,702618611136;3,87851769982319;0,759030550955856
19,7027575000249;3,89812807183634;0,784964554529211
19,7028966666916;3,88827570763078;0,81506540095944
19,7030355555805;3,87357960392652;0,779939768907752
19,7031747222471;3,8892355101176;0,782206053520781
19,7033130555805;3,88562850171587;0,761229320156076
19,7034519444694;3,87408088634703;0,800907977477664
19,7035908333583;3,90594741588015;0,746945028027483
19,7037300000249;3,89368173832537;0,826659629474022
19,703868611136;3,88908816236577;0,809365932638144
19,7040077778027;3,90502142712407;0,782003144662468
19,7041466666916;3,85352834539327;0,763610675271138
19,7042852778027;3,87330226057128;0,793914614198002
19,7044241666916;3,87933989924531;0,796510439075234
19,7045633333583;3,88816231403047;0,783662810134672
19,7047019444694;3,84559273627042;0,796181020480702
19,704841111136;3,87237641983998;0,813918069143227
19,7049797222471;3,87199498301607;0,804920325228579
19,7051188889138;3,88395019601813;0,842293788581401
19,7052577778027;3,8698687683347;0,804765534555656
19,7053963889138;3,8514085339676;0,829937550874462
19,7055355555805;3,85881319103169;0,815625666801111
19,7056741666916;3,89351777506351;0,808960694299515
19,7058133333583;3,88592209628547;0,813271844414373
19,7059519444694;3,86115683628145;0,8003962561001
19,7060908333583;3,88059372499788;0,76971537378347
19,7062300000249;3,84072209830421;0,817804335870846
19,706368611136;3,83783298540459;0,818692920726534
19,7065075000249;3,86156450943099;0,820197604441233
19,7066463889138;3,87237641983998;0,813426772285879
19,7067852778027;3,86854470964954;0,782697343555014
19,7069241666916;3,85694471826909;0,834355027923039
19,7070630555805;3,85965231116754;0,768365099896045
19,7072019444694;3,83733145381083;0,82143175409638
19,7073408333583;3,87081824751232;0,827131355228687
19,7074797222471;3,85034493727892;0,787654726859614
19,707618611136;3,79929763155783;0,781772772872273
19,7077577778027;3,86040448011059;0,801852996107755
19,7078966666916;3,83948490765914;0,787857702149353
19,7080352778027;3,85067289129802;0,785253602509272
19,7081741666916;3,84812663017809;0,809548453463293
19,7083130555805;3,83238369342152;0,801602163210788
19,7084519444694;3,84060102899866;0,748207373650132
19,708591111136;3,84244320495617;0,767063462604511
19,7087300000249;3,84240026361002;0,788234797905119
19,708868611136;3,83066253587143;0,811767741408431
19,7090075000249;3,82330089671811;0,806809819381584
19,7091463889138;3,83453715107169;0,751699966002406
19,7092852778027;3,8330062475188;0,778840252696085
19,7094244444694;3,84578294983254;0,83080656054446
19,7095633333583;3,83394875435985;0,790258826499723
19,7097019444694;3,81801563000374;0,770583786456768
19,709841111136;3,83631877926618;0,786710425561921
19,7099800000249;3,80902920896301;0,794271119733168
19,710118611136;3,83747877253631;0,784047617442468
19,7102575000249;3,82235845248857;0,806770791953738
19,7103963889138;3,80125985138892;0,823302064295859
19,7105352778027;3,79738530866723;0,793914614198002
19,7106741666916;3,8354464190042;0,761189280732708
19,7108133333583;3,80988507360146;0,81008848508543
19,7109522222471;3,80770525909276;0,79799507071499
19,7110908333583;3,83035851989933;0,856335894872075
19,7112297222471;3,83267840291407;0,769464570343644
19,7113688889138;3,79870925853749;0,824420678595317
19,7115075000249;3,82453830621134;0,822964840225069
19,7116463889138;3,79468738158434;0,799614229508109
19,7117852778027;3,81698634846387;0,779939768907752
19,7119244444694;3,82950253756164;0,782321835571736
19,7120630555805;3,82372525206918;0,740598133090543
19,7122019444694;3,80325914762867;0,752548586630184
19,7123408333583;3,79354400060348;0,801409755448674
19,7124797222471;3,84266801241529;0,769870576158041
19,7126188889138;3,79426306543701;0,82235676105006
19,7127575000249;3,82587869954835;0,787452589165156
19,7128963889138;3,82126854318599;0,777547442739348
19,7130355555805;3,82145884977962;0,784182527937219
19,7131741666916;3,79922742582539;0,79831273798905
19,7133133333583;3,80779910708299;0,769667562244592
19,7134522222471;3,78856315192422;0,777229086874485
19,713591111136;3,79044799889331;0,788600863986943
19,7137297222471;3,78034556590819;0,800308766920921
19,7138688889138;3,81130281199995;0,840190716462502
19,7140077778027;3,81390691164003;0,772811810119777
19,7141463889138;3,77525762407686;0,795024256736241
19,7142855555805;3,79010125635435;0,81213325875936
19,7144241666916;3,79018760680452;0,791881116172021
19,7145630555805;3,79293919720314;0,805285381862404
19,7147019444694;3,81374299899417;0,827382116979777
19,7148408333583;3,79266271724475;0,792641785997262
19,7149800000249;3,78850948011939;0,786227339237513
19,7151188889138;3,80508479791743;0,792748484732897
19,7152575000249;3,79722138431652;0,801997836582473
19,7153966666916;3,79184927239052;0,801428465917724
19,7155352778027;3,80373452402995;0,796789637302311
19,7156744444694;3,7914088914921;0,845195790899538
19,7158130555805;3,78463526570835;0,798824366277671
19,7159519444694;3,78027549621237;0,753859407226969
19,716091111136;3,77492986492882;0,782138838954154
19,7162300000249;3,79308684607059;0,756772029373877
19,716368611136;3,76585637117842;0,757515570252053
19,7165075000249;3,75561376902857;0,853963705069987
19,7166466666916;3,77423775631092;0,828462714472522
19,7167852778027;3,77568187818861;0,801023486495296
19,7169244444694;3,76016399007614;0,805605150778234
19,7170630555805;3,76417819007472;0,79353972057686
19,7172022222471;3,78042310205186;0,81101494552118
19,7173408333583;3,77559569164703;0,80879738779575
19,7174797222471;3,76418575405768;0,815201362313502
19,7176188889138;3,7622661367179;0,796142344110763
19,7177577778027;3,73943013264213;0,811343436920765
19,7178963889138;3,76877941950127;0,801611462535305
19,7180352778027;3,77282776513042;0,808429613435379
19,7181741666916;3,77348568100643;0,813725788374882
19,7183130555805;3,74071053623607;0,815914923194839
19,7184519444694;3,7389120443712;0,814872870913888
19,7185908333583;3,75838176960869;0,796123927899998
19,7187300000249;3,75193006149465;0,829716540225149
19,7188688889138;3,76191190482831;0,83012145253042
19,7190075000249;3,75794138871026;0,812443015846327
19,7191466666916;3,73900601142907;0,787618462341072
19,7192855555805;3,7429338159653;0,790578236018575
19,7194244444694;3,74613399231319;0,83947744037124
19,7195633333583;3,77543186477052;0,837808649798461
19,7197019444694;3,75218010535656;0,798323307890172
19,7198408333583;3,75050201788326;0,784317889908124
19,7199797222471;3,76456724823277;0,787867393164873
19,720118611136;3,75303613832514;0,745738635980956
19,7202577778027;3,75595181757049;0,816128347851986
19,7203963889138;3,74000203563415;0,814622230535065
19,7205355555805;3,75268190263017;0,787308405950796
19,7206744444694;3,7524055555902;0,833960902414731
19,7208133333583;3,75471417136066;0,792824952066212
19,7209522222471;3,73726654480819;0,821423602975017
19,721091111136;3,74188656942982;0,821953208164928
19,7212300000249;3,74321042881846;0,834501753326265
19,7213688889138;3,71948277690558;0,82438511609584
19,7215077778027;3,73391038508143;0,820323877508031
19,7216466666916;3,73689596660114;0,791291512109808
19,7217855555805;3,72769251406879;0,831202652265631
19,7219241666916;3,72653266041783;0,789681795184123
19,7220630555805;3,753200012045;0,821240098997322
19,7222022222471;3,72489801475436;0,812471962622226
19,7223408333583;3,74414439488231;0,802471703727718
19,7224800000249;3,7495596989101;0,826227191225854
19,722618611136;3,72180241164631;0,79208269807134
19,7227575000249;3,7228385619016;0,820853579048787
19,7228963889138;3,73370384509104;0,804149868345831
19,7230355555805;3,70428468289464;0,799547912556619
19,7231744444694;3,71022863546816;0,756551795916494
19,7233130555805;3,7114985490629;0,803995759583813
19,7234522222471;3,7128569718563;0,782457598421928
19,723591111136;3,70447511865112;0,79683872088836
19,7237300000249;3,696136835537;0,798988975236398
19,7238688889138;3,70778835860494;0,815567709452466
19,7240075000249;3,71709641602484;0,792730213486436
19,7241463889138;3,71401676341878;0,788157486944698
19,7242855555805;3,70572894440375;0,759850896977184
19,7244241666916;3,69967510377603;0,801391659943761
19,7245630555805;3,70303085714201;0,8414752965204
19,7247019444694;3,70502043618799;0,806193288155669
19,724841111136;3,72551255906495;0,811306982384934
19,7249797222471;3,70033279044404;0,813350340035271
19,725118611136;3,70829051540227;0,813149078553437
19,7252575000249;3,700955670799;0,810574787127905
19,7253966666916;3,7086447803141;0,790560199833294
19,7255355555805;3,71603309860345;0,767229143499264
19,7256744444694;3,70329957744363;0,816110603920549
19,7258133333583;3,71167290745419;0,765801409570031
19,7259519444694;3,68288501110311;0,783944087073394
19,726091111136;3,67618921007605;0,799887289852109
19,7262297222471;3,72166288009549;0,779728745444856
19,726368611136;3,67298144614156;0,822523341000533
19,7265075000249;3,66958998666806;0,819070051755403
19,7266463889138;3,70746072476507;0,841053251181734
19,7267855555805;3,67785114737592;0,772958574473421
19,7269241666916;3,68019499953294;0,84387611624166
19,7270633333583;3,69529913755602;0,821761330691288
19,7272019444694;3,68732307443832;0,748865342303077
19,7273408333583;3,68564530731388;0,793504320716494
19,7274797222471;3,67235788975674;0,822165924764732
19,7276188889138;3,6966738192709;0,811895252800838
19,7277575000249;3,68649323693342;0,793521712954089
19,7278963889138;3,66109584984886;0,803030389609745
19,7280352778027;3,68774706268607;0,823777166753189
19,7281744444694;3,67936523232643;0,823082089991146
19,7283133333583;3,67927973041589;0,821406182157773
19,7284522222471;3,64547367099848;0,816513238581194
19,7285908333583;3,68023755570522;0,850117082327756
19,7287300000249;3,63377863582954;0,838697372838652
19,7288688889138;3,67377553067243;0,790897927549565
19,7290077778027;3,66436604594102;0,779932086513242
19,7291463889138;3,63775782021307;0,805570045444625
19,7292855555805;3,6701352965905;0,81905254300591
19,7294241666916;3,67761760506517;0,773065500693775
19,7295633333583;3,66991760527969;0,787042295683705
19,7297022222471;3,67075844585625;0,827463772048276
19,729841111136;3,67273939623061;0,812032070477414
19,7299797222471;3,64249914235458;0,818464209463514
19,730118611136;3,65579362142401;0,804363214101215
19,7302577778027;3,65999010345232;0,834233784088553
19,7303966666916;3,64363206936582;0,815348642531433
19,7305352778027;3,65504209306545;0,794755852942302
19,7306744444694;3,65228995713528;0,823809326317644
19,7308130555805;3,63743025666525;0,829864414091475
19,7309522222471;3,67149427290897;0,815177724547482
19,7310908333583;3,63775782021307;0,775640007947345
19,7312297222471;3,63887459074905;0,805570045444625
19,7313688889138;3,63096823163247;0,817578299971615
19,7315075000249;3,62711030623973;0,828379657520429
19,7316463889138;3,64706605338668;0,808127218614601
19,7317855555805;3,62689256748038;0,798847019645137
19,7319244444694;3,64048269026819;0,773807856398264
19,7320633333583;3,65556011807257;0,819219923940636
19,7322019444694;3,62484488043015;0,801421252330215
19,732341111136;3,61590664978166;0,794942158284499
19,7324800000249;3,64027658200104;0,803263404785639
19,7326188889138;3,64341431478738;0,809304215688655
19,7327577778027;3,6230886166496;0,820085951476841
19,7328966666916;3,62999899498203;0,818427808108083
19,7330352778027;3,62746457495984;0,819343536393433
19,7331744444694;3,59735277868117;0,848191313951702
19,7333138889138;3,62980846607621;0,79731284132049
19,7334519444694;3,6377784136977;0,794197280112741
19,733591111136;3,61390118553311;0,805399529711934
19,7337297222471;3,60716336698539;0,84063222372157
19,733868611136;3,62706744078372;0,800813334147279
19,7340077778027;3,6007709486741;0,816942949725927
19,7341463889138;3,60135865424331;0,839425178288053
19,7342852778027;3,61666906518965;0,783321514089153
19,7344241666916;3,6094287737489;0,792384994612348
19,7345630555805;3,58635096435509;0,798038283846381
19,7347019444694;3,60438676556606;0,844179460104499
19,7348408333583;3,60138541390489;0,796446394254701
19,7349797222471;3,60299351723299;0,860881821104499
19,7351188889138;3,58907583441021;0,801016741794911
19,7352580555805;3,5728816119823;0,814278721215999
19,7353963889138;3,58955145264261;0,845452646789113
19,7355355555805;3,60978304370667;0,792695517043711
19,7356744444694;3,59783940268116;0,793979640178264
19,7358133333583;3,58327998757636;0,817886219737147
19,7359522222471;3,58209578694132;0,810511280857298
19,736091111136;3,60424734298562;0,828593842652225
19,7362297222471;3,56145588609027;0,832809241460438
19,7363688889138;3,60247550270822;0,792558524068141
19,7365075000249;3,6006860210949;0,79734276702095
19,7366463889138;3,58854692111311;0,82394669639811
19,7367855555805;3,59951712292147;0,799762916042283
19,7369241666916;3,58327998757636;0,7991575420765
19,7370630555805;3,59452635608747;0,776955937191133
19,7372022222471;3,60649716505026;0,827400421119023
19,7373408333583;3,58501180075038;0,829289548076076
19,7374800000249;3,57520985159653;0,791406112770545
19,737618611136;3,57158531265679;0,797295860277416
19,7377577778027;3,57234791613496;0,808328132304894
19,7378963889138;3,58206902727977;0,819885191394832
19,7380352778027;3,59366956311945;0,815331661488415
19,7381741666916;3,58051217824089;0,800238091015757
19,7383133333583;3,58697420327371;0,8039118348226
19,7384522222471;3,57120378977953;0,821994572001444
19,738591111136;3,57582430634406;0,811657963886773
19,7387300000249;3,58529654516769;0,8272435687648
19,7388688889138;3,58202616182376;0,827958516923957
19,7390077778027;3,57170621139824;0,778748656882783
19,7391466666916;3,57597257200408;0,803554377751112
19,7392855555805;3,57244203845096;0,762808476324494
19,7394244444694;3,56086826227281;0,815361998547957
19,7395630555805;3,5658163116361;0,795671408637446
19,7397019444694;3,5772418652366;0,819376868109373
19,7398408333583;3,55213193321472;0,822830693464596
19,7399797222471;3,57730543316688;0,806856968402769
19,740118611136;3,56697599953941;0,856837016608011
19,7402575000249;3,58143861977496;0,785163862860401
19,7403963889138;3,57067021933986;0,854298734064656
19,7405352778027;3,55703724166602;0,808495781647338
19,7406744444694;3,54593010879523;0,780610332953955
19,7408133333583;3,5783860701253;0,831101494157508
19,7409519444694;3,53573105711115;0,809984055739903
19,7410908333583;3,5664039002863;0,807010838382666
19,7412297222471;3,56288484360658;0,808899973515167
19,7413688889138;3,55727049852038;0,816789016870956
19,7415077778027;3,57590308317978;0,786451489470153
19,7416466666916;3,56726074395675;0,801184122729751
19,7417852778027;3,54089694808263;0,847463274004326
19,7419241666916;3,55516899282117;0,846024850676173
19,7420633333583;3,56934686863937;0,817715771897895
19,7422019444694;3,53900144045508;0,803694886161594
19,7423408333583;3,55003031848884;0,803230177502883
19,7424797222471;3,53627631371307;0,805787662781086
19,7426188889138;3,53159767084668;0,833166716204175
19,7427577778027;3,54932139088061;0,828330912684123
19,7428966666916;3,54811955502106;0,793979640178264
19,7430355555805;3,54979712693549;0,805430160750092
19,7431744444694;3,53267856549266;0,855382848999938
19,7433133333583;3,55372455001341;0,832809241460438
19,7434519444694;3,51195373706241;0,756839425300086
19,743591111136;3,54963347205768;0,810699085669228
19,7437297222471;3,54964877509917;0,810295111473181
19,743868611136;3,55049067077061;0,776889904007902
19,7440075000249;3,5417539781231;0,84620944825167
19,7441466666916;3,53653649088534;0,810745602758914
19,7442852778027;3,51448842081965;0,7781744196094
19,7444244444694;3,54745314203572;0,861748425897872
19,7445633333583;3,51292245114365;0,816057779433663
19,7447019444694;3,53934056274738;0,787378846502776
19,744841111136;3,53958898250386;0,788698077571041
19,7449797222471;3,52629527157004;0,798987260215512
19,745118611136;3,51952120692349;0,795979035376149
19,7452575000249;3,52286114687166;0,832993607891098
19,7453966666916;3,53093129304412;0,789594393113532
19,7455355555805;3,49417804267563;0,836804889672493
19,7456744444694;3,49723065037185;0,785752421158861
19,7458130555805;3,52193472057945;0,859040571676474
19,7459519444694;3,51417627689628;0,815638150004389
19,746091111136;3,51651105526514;0,823977287741684
19,7462300000249;3,54219308214394;0,837193274374272
19,7463688889138;3,50989461296547;0,835642839625024
19,7465077778027;3,48959967381683;0,791609786962823
19,7466466666916;3,52480837124514;0,833692868701519
19,7467855555805;3,47764523331921;0,827042934113251
19,7469241666916;3,52960797846717;0,824161931558109
19,7470630555805;3,4932785199322;0,806329871232521
19,7472019444694;3,51180535613807;0,83692802160968
19,747341111136;3,48922996194702;0,796210220820342
19,7474800000249;3,50543977924008;0,838600873541566
19,747618611136;3,49763927380729;0,836820595404362
19,7477575000249;3,49890823811955;0,819561480712764
19,7478966666916;3,4832749277557;0,784421012691723
19,7480352778027;3,48312223611217;0,806345619907205
19,7481741666916;3,48977489878735;0,840243335714831
19,7483133333583;3,49325156948257;0,781120629071438
19,7484522222471;3,50696326984206;0,856636674752565
19,7485908333583;3,47734417752042;0,819715279296958
19,7487300000249;3,4845137794743;0,81934234824314
19,748868611136;3,48510101628094;0,798971540167059
19,7490077778027;3,47906269049139;0,840151489284494
19,7491463889138;3,48717079914724;0,821576867711968
19,7492852778027;3,46521437637733;0,782731990909326
19,7494241666916;3,46421840168784;0,790898169661659
19,7495630555805;3,47376027567449;0,800921511090593
19,7497019444694;3,49436869080699;0,802287240748342
19,749841111136;3,48297392736572;0,821696285184885
19,7499797222471;3,4798407409011;0,75437337493554
19,7501188889138;3,47438459104387;0,808530013669269
19,7502577778027;3,44696070981601;0,824673231858128
19,7503963889138;3,46581138931737;0,828127149701402
19,7505355555805;3,45793193057492;0,801356673436686
19,7506744444694;3,45946095097901;0,846024850676173
19,7508130555805;3,44476510811876;0,806079662269781
19,7509519444694;3,44831098370349;0,826315631093564
19,7510908333583;3,47220408915712;0,813999292716517
19,7512297222471;3,47059593628143;0,764092991925963
19,751368611136;3,48458308625345;0,862337194926795
19,7515080555805;3,45633888429691;0,807429936157234
19,7516466666916;3,44511941236664;0,788478945101417
19,7517855555805;3,4544135190269;0,81328423824246
19,7519241666916;3,47017233090043;0,852017244501269
19,7520633333583;3,44466598223283;0,857517737500018
19,7522025000249;3,4307628566016;0,809783839421868
19,7523408333583;3,44760239931219;0,841593609602313
19,7524800000249;3,44142514976807;0,81124146151609
19,752618611136;3,43689560566401;0,822657880165679
19,7527577778027;3,43544112857154;0,773743515233434
19,7528963889138;3,4451986114081;0,834216495764281
19,7530352778027;3,42866706392502;0,755300786724035
19,7531741666916;3,45667810482229;0,821853872495183
19,7533130555805;3,41381729665275;0,808868683254161
19,7534519444694;3,42294087920027;0,77705889607725
19,7535908333583;3,41312364818248;0,850952237330461
19,7537297222471;3,4382879815409;0,817838359792205
19,7538688889138;3,4220510590518;0,803879545007106
19,7540077778027;3,4226383196177;0,834216495764281
19,7541466666916;3,43158320317883;0,828700955507344
19,7542855555805;3,43594394180565;0,836263154697519
19,7544241666916;3,40058097713791;0,848951925632235
19,7545630555805;3,41019228980923;0,824239577540652
19,7547022222471;3,4304881064146;0,832573865206086
19,754841111136;3,42245983941538;0,803914519419038
19,7549797222471;3,41265778476043;0,867637764653978
19,755118611136;3,40702813784449;0,841221266844457
19,7552575000249;3,41388660343196;0,849402179429859
19,7553966666916;3,38868000440476;0,824054224589162
19,7555352778027;3,4226383196177;0,79689106758974
19,7556744444694;3,41681793834343;0,81124146151609
19,7558130555805;3,38943089257785;0,8318625336384
19,7559519444694;3,42337420999746;0,818195898639715
19,756091111136;3,41767522204549;0,792340743240885
19,7562297222471;3,37733917310854;0,825743448534126
19,7563688889138;3,43050282397627;0,822596485693964
19,7565075000249;3,39689898051614;0,785940191931019
19,7566463889138;3,42231109959758;0,840632286904963
19,7567855555805;3,41950140244984;0,847048146135648
19,7569244444694;3,39023155457778;0,815084548051118
19,7570630555805;3,36753716597423;0,818181207455098
19,7572019444694;3,42130035862507;0,81124146151609
19,7573408333583;3,40494193397495;0,812173199390145
19,7574797222471;3,38974309925862;0,842693724883503
19,7576188889138;3,36273762150964;0,785163614625731
19,7577575000249;3,38981246059438;0,816723440600697
19,7578966666916;3,41707353792773;0,81692738170247
19,7580355555805;3,38855863484179;0,82075371534188
19,7581744444694;3,36149887947948;0,811022709515839
19,7583133333583;3,36700428567323;0,822954042243936
19,7584519444694;3,37398421697299;0,834235294902101
19,7585908333583;3,35898653823619;0,787906847561288
19,7587297222471;3,41190717823179;0,818631117407591
19,7588688889138;3,38119709850127;0,827062071775345
19,7590075000249;3,35282640985497;0,841036067829862
19,7591463889138;3,36510885429519;0,755285978721673
19,7592855555805;3,32695319812132;0,805957192262639
19,7594244444694;3,35493777308332;0,826639702689647
19,7595633333583;3,35243012157804;0,827354847214707
19,7597022222471;3,36418217816103;0,810172664688082
19,759841111136;3,36373357332661;0,758651372309714
19,7599800000249;3,34496187639047;0,795237618320357
19,7601188889138;3,3377639609779;0,846179391589374
19,7602575000249;3,3598756479339;0,82007449574175
19,7603966666916;3,32246619541851;0,805572143099511
19,7605355555805;3,36146896846157;0,807907403061051
19,7606741666916;3,34050199662948;0,835116805219258
19,7608130555805;3,34858689591331;0,825558141884017
19,7609519444694;3,33196669008615;0,800549111588936
19,7610908333583;3,36510885429519;0,815827178255688
19,7612300000249;3,35243012157804;0,805199995817929
19,7613688889138;3,35395867587033;0,802442299071828
19,7615075000249;3,31479226698451;0,813970055924017
19,7616469444694;3,34766024324853;0,825046937832667
19,7617855555805;3,3470584082319;0,823339104631913
19,7619247222471;3,34343316725062;0,780594659913191
19,7620633333583;3,33634651934915;0,839736017702251
19,7622019444694;3,339002867548;0,842121794247191
19,762341111136;3,31233707969744;0,793979626972884
19,7624800000249;3,31938613028177;0,869792026534583
19,762618611136;3,30839948529675;0,828705121102161
19,7627575000249;3,32434909848121;0,854053151544434
19,7628963889138;3,30646208021619;0,812730539953208
19,7630355555805;3,31417793100161;0,823682413701476
19,7631744444694;3,30890264231144;0,808500719563597
19,7633133333583;3,32481032904226;0,814016075249981
19,7634522222471;3,31693097211613;0,807057341229438
19,7635908333583;3,31735444427318;0,8292438023297
19,7637297222471;3,32500117930348;0,834912880810066
19,7638688889138;3,33743281414141;0,826454411086701
19,7640075000249;3,30864266837071;0,844336564796293
19,7641466666916;3,30849379915705;0,85279504302261
19,7642855555805;3,30107584535514;0,783895333568552
19,7644241666916;3,31141029381669;0,774779546787016
19,7645633333583;3,30547903677981;0,85058031499949
19,7647019444694;3,27562596373406;0,808608301442177
19,764841111136;3,32021644454886;0,815315988447651
19,7649797222471;3,30027491692726;0,803153211228988
19,765118611136;3,2817483384845;0,785596550893786
19,7652577778027;3,29698929360916;0,82718275111398
19,7653969444694;3,28943703904798;0,84066397730669
19,7655352778027;3,285140767244;0,78657516560483
19,7656741666916;3,30505569732597;0,822628176095748
19,7658133333583;3,30519370153894;0,839006538821309
19,7659522222471;3,29573164406037;0,814169672355973
19,766091111136;3,29122118729546;0,802192266432542
19,7662300000249;3,30216620019539;0,838821108306121
19,7663688889138;3,2845956402721;0,819875005033396
19,7665075000249;3,28455380068792;0,812544260743209
19,7666463889138;3,28887706952003;0,806792861792132
19,7667855555805;3,27227144541115;0,808686335350473
19,7669247222471;3,28240050940087;0,831212772607415
19,7670633333583;3,27508079457442;0,803900121439085
19,7672022222471;3,29153367652165;0,800938440679914
19,767341111136;3,27636192541036;0,820985104721927
19,7674800000249;3,27979640976079;0,840803564244823
19,7676188889138;3,24862048598501;0,820585648762602
19,7677577778027;3,29562424729065;0,822229139155581
19,7678966666916;3,26444845933378;0,847623189548926
19,7680355555805;3,27709789243636;0,830098507324067
19,7681744444694;3,2643647081899;0,787503234828534
19,7683130555805;3,25465905412418;0,8143551491832
19,7684522222471;3,28685646807651;0,797484145032456
19,768591111136;3,26320532073828;0,814916783878402
19,7687300000249;3,25757573722211;0,828441211278687
19,7688688889138;3,25411384622072;0,813566509990977
19,7690077778027;3,278459408278;0,842479375366224
19,7691463889138;3,24499527135038;0,740754804553518
19,7692855555805;3,26420122935031;0,802549847551632
19,7694241666916;3,26518097127064;0,819716911857711
19,7695633333583;3,2498598864367;0,813208916582596
19,7697022222471;3,24195313871172;0,763934400794938
19,7698408333583;3,24140804226943;0,824828663003075
19,7699800000249;3,26311088243727;0,828283026076519
19,770118611136;3,23852988046337;0,817874000642689
19,7702577778027;3,2283621942243;0,819670941615385
19,7703966666916;3,26962561657709;0,828844681571439
19,7705355555805;3,2611737591298;0,801527547252419
19,7706741666916;3,2422385050761;0,809536699636368
19,7708130555805;3,25118274604091;0,749774939203263
19,7709522222471;3,26580942037836;0,824968401207258
19,7710908333583;3,22995598431888;0,834745051109309
19,7712297222471;3,23050128911174;0,821468084281634
19,7713688889138;3,22811540340859;0,836606463767112
19,7715077778027;3,24523857180904;0,798212871954604
19,7716463889138;3,23217845431816;0,790265427644272
19,7717855555805;3,25213513954202;0,822614250063538
19,7719244444694;3,24390148810249;0,837660840726471
19,7720630555805;3,21487865441722;0,840418457749593
19,7722022222471;3,22082286035922;0,824833238795691
19,772341111136;3,24195313871172;0,83990733876351
19,7724800000249;3,22832052892548;0,834903236311533
19,772618611136;3,23081402967796;0,813399552614811
19,7727575000249;3,22476423484798;0,816945587529034
19,7728963889138;3,22114976694834;0,801277548327477
19,7730355555805;3,22771977546734;0,823868075816165
19,7731741666916;3,22312579324807;0,844262955756534
19,7733130555805;3,20388116999607;0,784477853511163
19,7734522222471;3,20465515212649;0,812140799276477
19,7735908333583;3,23864047935098;0,801681110646797
19,7737297222471;3,21378828401478;0,788340589205092
19,7738688889138;3,18611586516565;0,820413637106611
19,7740075000249;3,20817309409406;0,800028415611791
19,7741463889138;3,22664336371901;0,810451282854984
19,7742855555805;3,23275101202427;0,833789576228924
19,7744244444694;3,21588894487951;0,808993399112921
19,7745633333583;3,20154756673651;0,826783965671154
19,7747022222471;3,20945428839789;0,811987311524661
19,7748408333583;3,20224198561007;0,813644573525494
19,7749797222471;3,18915450750595;0,804968450771128
19,7751188889138;3,2038774492263;0,786946134324779
19,7752575000249;3,20372824881946;0,800427284894141
19,7753966666916;3,20609991100281;0,754022655303629
19,7755352778027;3,19869680078355;0,818756324670801
19,7756741666916;3,1833339965101;0,797066706172672
19,7758130555805;3,20380855192892;0,835506197312611
19,7759522222471;3,19733263295541;0,784681944909806
19,776091111136;3,19928350924243;0,871871058785189
19,7762300000249;3,19607880720275;0,836388689633594
19,776368611136;3,21850422047021;0,833087713459406
19,7765077778027;3,20224198561007;0,820400152342017
19,7766466666916;3,18342850757165;0,77661335869638
19,7767852778027;3,17497663168774;0,83710391609668
19,7769241666916;3,20446204589041;0,822229139155581
19,7770633333583;3,19282148420965;0,820975313402982
19,7772022222471;3,1980278449841;0,773261677604324
19,777341111136;3,17741731503773;0,760234752646767
19,7774797222471;3,20492662275225;0,816003652254892
19,777618611136;3,16990638200278;0,825019054978782
19,7777575000249;3,18769567431215;0,789236796961347
19,7778966666916;3,19214024912151;0,795608772314495
19,7780355555805;3,1759036366102;0,866151754774506
19,7781744444694;3,18689082154128;0,794309122879184
19,7783130555805;3,17076432574922;0,835691813099515
19,7784522222471;3,18837685035805;0,814494963029858
19,7785908333583;3,18049760296395;0,809401537224829
19,7787297222471;3,15384651721698;0,797099162683963
19,778868611136;3,18291071227097;0,851666916063493
19,7790077778027;3,1786572097634;0,827033893360777
19,7791463889138;3,16319784806839;0,780221394237458
19,7792852778027;3,19417175809707;0,822414955338672
19,7794241666916;3,16911483775004;0,84726558927764
19,7795633333583;3,17850773625025;0,806797437584748
19,7797019444694;3,18462952385292;0,844462152984534
19,7798408333583;3,16172576079194;0,809958575329659
19,7799800000249;3,16674298024816;0,844973246436922
19,780118611136;3,1723862424156;0,808998092149835
19,7802577778027;3,13907042045031;0,793719882744284
19,7803963889138;3,16236725955477;0,813644573525494
19,7805355555805;3,15422817153032;0,807029048131113
19,7806741666916;3,16172576079194;0,82682977982526
19,7808130555805;3,14768572531918;0,799824302076217
19,7809522222471;3,15349212521494;0,829369828880118
19,7810913889138;3,14944320948914;0,77331228226717
19,7812300000249;3,15013810853017;0,783920904292614
19,7813691666916;3,16229841689588;0,819657397268799
19,7815077778027;3,14764433310853;0,835428543789703
19,7816463889138;3,15634034758705;0,802178457318007
19,7817855555805;3,13053558382285;0,860948483080051
19,7819244444694;3,1479434388871;0,817610158888897
19,7820633333583;3,11566297635525;0,797424315971682
19,7822019444694;3,15422817153032;0,814309208247721
19,782341111136;3,15317771718804;0,819453239034289
19,7824797222471;3,12632326260879;0,804225695697909
19,782618611136;3,13252546640203;0,792062637136695
19,7827575000249;3,1380465846502;0,823668781091328
19,7828969444694;3,12239655808654;0,783971587386134
19,7830352778027;3,119861237576;0,816867435100562
19,7831747222471;3,1089055087736;0,846073592634724
19,7833130555805;3,13034457285863;0,821513937281253
19,7834519444694;3,13041186029506;0,815600358531697
19,783591111136;3,14678427993471;0,81088697352385
19,7837297222471;3,10836045050814;0,824615702597669
19,783868611136;3,10204785579955;0,813041926419515
19,7840075000249;3,13027576640314;0,821268845117089
19,7841466666916;3,13213005831727;0,821268845117089
19,7842852778027;3,11646997190041;0,855089083326874
19,7844241666916;3,10465195543964;0,826055607593361
19,7845633333583;3,10842752773823;0,833092523760627
19,7847022222471;3,09565464610273;0,808436374245332
19,784841111136;3,11362163197771;0,815210189493001
19,7849800000249;3,14190451004293;0,77661335869638
19,7851188889138;3,10489619572226;0,779556914253618
19,7852575000249;3,10147518001085;0,8202010673117
19,7853966666916;3,09944375615947;0,818896441152788
19,7855355555805;3,09741236528401;0,796862598067179
19,7856741666916;3,07024354587321;0,810642023872617
19,7858130555805;3,10718730327866;0,803835736341625
19,7859522222471;3,04308852226089;0,833649410558905
19,786091111136;3,09066512173146;0,794911971429485
19,7862300000249;3,09281836977547;0,802224310317683
19,7863688889138;3,05306629835275;0,793842572463291
19,7865075000249;3,08919262106994;0,794898398396469
19,7866463889138;3,10800453326988;0,819843430148381
19,7867852778027;3,07211156746249;0,828813106686482
19,7869244444694;3,08596098750368;0,817053297628689
19,7870630555805;3,0938142414432;0,830641891063863
19,7872019444694;3,06363197497714;0,823361876845013
19,787341111136;3,07997709372032;0,780810740006302
19,7874800000249;3,08789767631512;0,821825694080644
19,7876188889138;3,06404131063704;0,7697937115679
19,7877577778027;3,06045560280464;0,80772600032725
19,7878963889138;3,0665904704386;0,783070514788193
19,7880355555805;3,07352874281185;0,832689179578409
19,7881744444694;3,062650136401;0,836592831156935
19,7883133333583;3,07959541060569;0,818511303760147
19,7884519444694;3,06731279817933;0,817967768687936
19,788591111136;3,07538306646796;0,785736489565039
19,7887297222471;3,06631694179509;0,790497021169188
19,7888688889138;3,05609343950439;0,822619119004514
19,7890075000249;3,03747131773423;0,826055607593361
19,7891463889138;3,06213242302562;0,795499666706178
19,7892855555805;3,05002678823584;0,778827478487528
19,7894241666916;3,04803690030153;0,812145726862184
19,7895633333583;3,05836920066199;0,801314717039332
19,7897019444694;3,05786499450747;0,797270836416857
19,789841111136;3,04685061301839;0,825517065701945
19,7899797222471;3,0637406751674;0,824258077734754
19,790118611136;3,05489297073265;0,826617512822509
19,7902577778027;3,03436302722753;0,812530864254796
19,7903969444694;3,03946126916176;0,81528840119671
19,7905352778027;3,04978121958726;0,790183718467631
19,7906744444694;3,03200513761962;0,802415122205502
19,7908133333583;3,0341310977783;0,779121010201635
19,7909522222471;3,03837071451761;0,804193337944668
19,7910908333583;3,03653066259287;0,835121732266231
19,7912300000249;3,03548137166572;0,823655766484023
19,7913688889138;3,03027317238556;0,793530581695705
19,7915077778027;3,01249710629565;0,810483562496245
19,7916466666916;3,03317790749529;0,812856017542572
19,7917855555805;3,03032833327748;0,819055040669127
19,7919244444694;3,04207887801294;0,81629756239704
19,7920630555805;3,01782726180139;0,809383211884551
19,7922019444694;3,03695361765648;0,788761636373778
19,792341111136;3,00349962408578;0,809574338800616
19,7924797222471;3,01690001354939;0,822057338674398
19,7926188889138;3,00711229364782;0,824769148414134
19,7927575000249;3,03091459473717;0,799221676796577
19,7928966666916;3,03439083289933;0,814885091073478
19,7930355555805;3,01658700023586;0,825562674561809
19,7931741666916;3,03010989716032;0,844666299938808
19,793313611136;3,03143231069242;0,798199563749961
19,7934519444694;3,01031606404223;0,812888493217486
19,7935908333583;3,02641524699285;0,809881116886231
19,7937297222471;3,00352742975761;0,831575897955986
19,793868611136;3,00641676849341;0,813631265320822
19,7940075000249;2,9868828027827;0,824416631200563
19,7941466666916;2,98606446187625;0,815985504755702
19,7942855555805;2,99184382407131;0,786683419270247
19,7944244444694;3,00276353552022;0,865196766749705
19,7945633333583;2,97539008248151;0,824416631200563
19,7947022222471;2,98595472448241;0,828320194788375
19,7948408333583;2,97320900847689;0,782314434480185
19,7949797222471;2,97567597836445;0,807169240288033
19,7951188889138;2,99838787294044;0,811231390773656
19,7952577778027;2,98825902693312;0,824955181293745
19,7953966666916;2,98243843953952;0,81539614472274
19,7955358333583;2,97590779049841;0,849254048366817
19,7956741666916;2,96760568972158;0,768289991864009
19,7958133333583;2,98415597039212;0,844666299938808
19,7959525000249;2,98645932356743;0,781956805517552
19,7960908333583;2,9779390765076;0,804429876076767
19,7962297222471;2,95404195159549;0,748507509525325
19,7963688889138;2,97098719051695;0,801387003109653
19,7965077778027;2,96892805744869;0,78671613084876
19,7966463889138;2,9650980382163;0,829727453742976
19,7967855555805;2,99094443999957;0,853962649014022
19,7969244444694;2,93709672443728;0,818032995758131
19,7970633333583;2,96545247607372;0,815600358531697
19,7972022222471;2,97333157855905;0,8282745565933
19,7973408333583;2,95511936427189;0,789115971958097
19,7974800000249;2,96024427679359;0,76999789194673
19,7976188889138;2,95605988329459;0,781009866982686
19,7977577778027;2,968696271715;0,819100649528963
19,7978963889138;2,95965814414839;0,81634314191902
19,7980355555805;2,93097599500643;0,807015828217601
19,7981744444694;2,94079140989422;0,815242724136283
19,7983133333583;2,93287118193319;0,831263806873551
19,7984522222471;2,95341463464939;0,809913986270431
19,7985908333583;2,95333308476933;0,827564619172591
19,7987300000249;2,92943611747913;0,78076513114641
19,7988688889138;2,95075691863886;0,837072812992261
19,7990075000249;2,95513252564825;0,816547389163844
19,7991466666916;2,95580021875566;0,817502498918202
19,7992852778027;2,93415310534229;0,809727721534045
19,7994244444694;2,92484203464812;0,756902294928892
19,7995633333583;2,89967656206315;0,831185476588814
19,7997019444694;2,92523705237616;0,796106517759142
19,799841111136;2,933743287515;0,77084842397619
19,7999800000249;2,93068994323176;0,836932242363787
19,8001191666916;2,92625909239513;0,826816500314436
19,8002575000249;2,92593264017239;0,830163380573907
19,8003969444694;2,92574141613881;0,81468608994598
19,8005355555805;2,916894567323;0,827712693004258
19,8006744444694;2,94448610711643;0,865363219598294
19,8008133333583;2,91066415882992;0,826663092344518
19,8009522222471;2,91160477227555;0,820155487789719
19,801091111136;2,91445366055143;0,836375558018858
19,8012300000249;2,87851896907404;0,808966871085261
19,801368611136;2,90083567426723;0,814890370632469
19,8015077778027;2,91647176876035;0,788730821317955
19,8016466666916;2,89380082230724;0,768289991864009
19,8017855555805;2,90825128829042;0,842837583051676
19,8019244444694;2,89516403358786;0,817642615400189
19,8020630555805;2,87083107915009;0,842235540588348
19,8022019444694;2,91097745532952;0,833232916487361
19,8023408333583;2,90221215596705;0,78045838650246
19,8024797222471;2,89281958671953;0,827700002996323
19,8026188889138;2,89035245273325;0,850911075101294
19,8027575000249;2,89566871035197;0,814084136538725
19,8028963889138;2,87663868908055;0,810085364131055
19,8030355555805;2,88619435704976;0,808768037806516
19,8031744444694;2,88256808732257;0,83062881684728
19,8033130555805;2,85139150334274;0,860935673819625
19,8034522222471;2,84818809410413;0,823144746903495
19,803591111136;2,87500230104243;0,826413248857563
19,8037300000249;2,86179297894085;0,803049468420198
19,8038688889138;2,88334546877394;0,831172755662294
19,8040080555805;2,88365868108087;0,82052831067665
19,8041466666916;2,88506261458369;0,805250501510329
19,8042855555805;2,88290942263865;0,790868261376545
19,8044241666916;2,87734676379827;0,781507931568626
19,8045633333583;2,86690473008619;0,787022908934347
19,8047019444694;2,84820120046902;0,828103136454217
19,8048408333583;2,85715777064223;0,802415122205502
19,8049800000249;2,84282977301837;0,85746854844831
19,805118611136;2,84491620692535;0,798085648496141
19,8052575000249;2,8754387532868;0,772742535717043
19,8053966666916;2,8735169634285;0,81377191166311
19,8055355555805;2,83864542658455;0,804212769406831
19,8056744444694;2,85019117829907;0,825345687841263
19,8058130555805;2,86915437657285;0,763908225962268
19,8059519444694;2,85732095556651;0,86057801891755
19,806091111136;2,87156723658836;0,806209409850538
19,8062297222471;2,87024500563211;0,810629302946069
19,806368611136;2,84191736054609;0,788700426186722
19,8065077778027;2,84828293744408;0,86027134179929
19,8066463889138;2,85323153103209;0,845952719308116
19,8067855555805;2,83692774035819;0,778245023761315
19,8069244444694;2,82855713182457;0,792026883121622
19,8070633333583;2,8556443236005;0,833386307738664
19,8072022222471;2,84300802874142;0,827206964270573
19,807341111136;2,83864542658455;0,796939633139516
19,8074800000249;2,8556443236005;0,798476218146504
19,8076188889138;2,84082670412215;0,745487256442516
19,8077577778027;2,83311085333673;0,79313263504261
19,8078966666916;2,85271391296652;0,841724555088149
19,8080355555805;2,83820977324706;0,832658430415222
19,8081744444694;2,84995956175936;0,829158170899234
19,8083133333583;2,83915010334869;0,803202796565074
19,8084519444694;2,83654600370858;0,821799987324141
19,8085913889138;2,83249677124419;0,806459219579978
19,8087300000249;2,79913876794583;0,789211386119035
19,808868611136;2,82115454606239;0,790510595499825
19,8090075000249;2,82824430275579;0,819848768387146
19,8091463889138;2,83902714675534;0,808461411184851
19,8092855555805;2,82309094024077;0,813976237086678
19,8094241666916;2,83234660618871;0,8002410379205
19,8095630555805;2,82664882830392;0,801699194532773
19,8097022222471;2,80958076988423;0,803451961237585
19,8098408333583;2,82127745969507;0,819241320479591
19,8099797222471;2,8313112959699;0,771777425720529
19,8101188889138;2,81339845135233;0,822049750979318
19,8102577778027;2,82870719632982;0,845191847722305
19,8103963889138;2,79620824726464;0,845038473507174
19,8105352778027;2,81379314718737;0,781745277840287
19,8106744444694;2,80606433721647;0,827143621558008
19,8108133333583;2,81172189766895;0,797682439311558
19,8109522222471;2,79265089748134;0,854212442019559
19,8110908333583;2,81960088246561;0,858722374200937
19,8112300000249;2,80162016870077;0,765162051714867
19,8113688889138;2,812307783157;0,807451585107003
19,8115077778027;2,77746354098986;0,802709138026785
19,8116463889138;2,77884028037516;0,807111137297369
19,8117858333583;2,80532813211224;0,852351165590306
19,8119244444694;2,76748508328933;0,821692087872094
19,8120633333583;2,7930181561934;0,808410376032754
19,8122025000249;2,79574438679094;0,835977863142375
19,812341111136;2,80793223175232;0,829760146151415
19,8124800000249;2,78561576956514;0,826214345285109
19,8126188889138;2,78939176907843;0,83231871541588
19,8127577778027;2,79005959192432;0,845026136920382
19,8128966666916;2,77117986701796;0,798782903469572
19,8130355555805;2,78166295910754;0,81543441042615
19,8131744444694;2,77176577546271;0,788700426186722
19,8133133333583;2,73743023946753;0,812505926079496
19,8134522222471;2,77700056913449;0,769019977107604
19,813591111136;2,80272403247213;0,816285194881061
19,8137297222471;2,79285499863607;0,841321497376242
19,8138688889138;2,76783955432677;0,803112313767826
19,8140077778027;2,79098710668308;0,834366370179424
19,8141469444694;2,75431715912117;0,80114283771465
19,8142852778027;2,77025233636647;0,82849389544549
19,8144244444694;2,78911922009411;0,796013295025631
19,8145630555805;2,74009786889067;0,84645112908828
19,8147022222471;2,76054646267002;0,813233402586178
19,814841111136;2,7746150962704;0,793517803351392
19,8149800000249;2,74224235230687;0,817770937816107
19,8151188889138;2,73700747268686;0,840392221103372
19,8152575000249;2,76899851061384;0,793331538615007
19,8153963889138;2,74928614041428;0,831001546950716
19,8155352778027;2,76417296720371;0,826043094280891
19,8156744444694;2,75611552658151;0,8202339366959
19,8158133333583;2,75030865003228;0,837866629695441
19,8159522222471;2,77168479572865;0,80559036258191
19,816091111136;2,74013811281532;0,765565210417208
19,8162297222471;2,72983743120852;0,792576202474294
19,816368611136;2,71981725212038;0,804570420206971
19,8165077778027;2,71537334765503;0,76336431996171
19,8166463889138;2,70643030848075;0,825889795805381
19,8167855555805;2,73268696691505;0,782268796285166
19,8169244444694;2,75333541460728;0,842746531840476
19,8170633333583;2,73947515398245;0,822945913624778
19,8172019444694;2,71880852981184;0,833623527157499
19,817341111136;2,71289233351354;0,807718559640733
19,8174797222471;2,7152924503456;0,789614435623918
19,817618611136;2,73719880588652;0,841633856090709
19,8177577778027;2,66399312916087;0,849208556873265
19,8178963889138;2,72921080702389;0,790727438974898
19,8180355555805;2,71429667045896;0,785756510231181
19,8181741666916;2,71050687654676;0,804892830196565
19,818313611136;2,71027567788951;0,834116615046412
19,8184522222471;2,70073281314859;0,839835788535055
19,818591111136;2,70700343749905;0,801654229484399
19,8187300000249;2,71004303330903;0,77859710432233
19,8188688889138;2,70685301286346;0,836567420314623
19,8190077778027;2,69289374792518;0,818889294521114
19,8191463889138;2,69433893808016;0,810629302946069
19,8192855555805;2,68572374530356;0,840783021124821
19,8194244444694;2,68771381053543;0,843540411033018
19,8195633333583;2,69140864519363;0,805250501510329
19,8197022222471;2,69717439300703;0,83981793764022
19,819841111136;2,67774834769898;0,850450280246974
19,8199800000249;2,67641236119852;0,784860351688849
19,820118611136;2,68350139879772;0,770914358959146
19,8202575000249;2,65910002068875;0,825691214407101
19,8203966666916;2,70262793119898;0,817796052701965
19,8205355555805;2,67414996912544;0,804444519938841
19,8206744444694;2,68102059957408;0,796569562820707
19,8208133333583;2,67703937376493;0,853763913323718
19,8209519444694;2,68160627309169;0,848634340957801
19,8210908333583;2,64819437377682;0,825499036814108
19,8212297222471;2,66952758468889;0,839977090070789
19,8213688889138;2,69305687781548;0,804688471318059
19,8215075000249;2,66463444442354;0,819087988232042
19,8216466666916;2,66145726162256;0,814096680775037
19,8217855555805;2,65415137588278;0,77880141845614
19,8219244444694;2,64274071781986;0,856350191743275
19,8220630555805;2,65751854814411;0,810861151946398
19,8222019444694;2,66697897781356;0,786499359005546
19,8223408333583;2,6613641750225;0,819427770772592
19,8224797222471;2,65424630775362;0,86191607331557
19,8226188889138;2,63640190722504;0,816688236178749
19,8227575000249;2,65548766975857;0,830866111997011
19,8228966666916;2,64605377608473;0,816733668974308
19,8230352778027;2,67765341075665;0,783197852925866
19,8231744444694;2,62991311588908;0,792576202474294
19,8233133333583;2,64744575943323;0,836675369956879
19,8234522222471;2,62750038065133;0,860424674046811
19,823591111136;2,66047714685786;0,854398845917359
19,8237297222471;2,62968183891019;0,796383112527735
19,8238688889138;2,64049109687028;0,832658430415222
19,8240075000249;2,60727053934949;0,826094188144538
19,8241463889138;2,62154339385702;0,786300735618283
19,8242852778027;2,63521623143674;0,803184886329063
19,8244244444694;2,61810806273203;0,819274484923966
19,8245630555805;2,62244272178043;0,828601839649821
19,8247019444694;2,61367698859459;0,808103741204746
19,824841111136;2,65494285622481;0,767363043143519
19,8249797222471;2,61472687099499;0,803945631065631
19,825118611136;2,60283945189568;0,784995786642611
19,8252577778027;2,6264096691869;0,810271643941519
19,8253963889138;2,61577810550773;0,795303930839253
19,8255352778027;2,61803996753795;0,823893112755684
19,8256741666916;2,63225764927913;0,801699194532773
19,8258133333583;2,62372494635144;0,798584112161961
19,8259525000249;2,61531256748142;0,799326960936298
19,826091111136;2,61221921948973;0,795083853979548
19,8262297222471;2,59839584150072;0,808687648995459
19,8263688889138;2,62488376219551;0,839075071819906
19,8265075000249;2,60990157726485;0,814628378341695
19,8266466666916;2,6042043293296;0,819121211703504
19,8267852778027;2,60521236560717;0,776940153316588
19,8269244444694;2,60719021921568;0,796263003751676
19,8270630555805;2,60747686400634;0,805267775521031
19,8272019444694;2,60662925470803;0,810118311693998
19,827341111136;2,59422426294665;0,824743914257084
19,8274800000249;2,60902952938434;0,818020659171339
19,8276188889138;2,59696321786126;0,821680045158502
19,8277575000249;2,57868366739146;0,830117791516869
19,8278966666916;2,57442972375841;0,772321483187284
19,8280355555805;2,58624887711971;0,795071928396567
19,8281744444694;2,58665900992645;0,780088427836404
19,8283130555805;2,61399061024832;0,83947812132476
19,8284522222471;2,58798091238592;0,791259230277092
19,828591111136;2,57325820006102;0,813170138078931
19,8287300000249;2,56719051440868;0,796031086569286
19,8288688889138;2,56608718578224;0,81213291760173
19,8290075000249;2,56978204016986;0,798277510791934
19,8291466666916;2,58412298699318;0,802986262941801
19,8292852778027;2,59228831554157;0,79121400300383
19,8294244444694;2,5702315373706;0,792405078358939
19,8295633333583;2,55152754858526;0,8159275194636
19,8297019444694;2,56885436820653;0,819229189374312
19,829841111136;2,54516197168729;0,806736227397664
19,8299800000249;2,56550155997346;0,827949787481373
19,8301188889138;2,56183510823573;0,811916312326304
19,8302577778027;2,5785886574829;0,803066792928803
19,8303966666916;2,56570542440352;0,819586877105252
19,8305355555805;2,54625272231203;0,828665104157011
19,8306744444694;2,55335456254073;0,808461411184851
19,8308133333583;2,5660191090754;0,799883380249355
19,8309522222471;2,5530284635299;0,834167718451624
19,831091111136;2,57145846784658;0,787446600434066
19,8312300000249;2,54263879820604;0,835999652627493
19,8313688889138;2,54363628697615;0,789103458645599
19,8315077778027;2,54672948211183;0,822236262751829
19,8316463889138;2,5271137797013;0,833452360742228
19,8317852778027;2,53530646281547;0,803809618908701
19,8319244444694;2,54835415736295;0,830791453347359
19,8320630555805;2,53405263706284;0,851006523415521
19,8322019444694;2,53977836158342;0,798770655256931
19,832341111136;2,5422860130887;0,826031199640227
19,8324800000249;2,54926556873136;0,803587969291868
19,832618611136;2,54583015926164;0,808937345091209
