step,x_pos,T,d_oh
0,0,-18,0.987355
0,0.001000,95.000000,0.987355
0,0.002000,95.000000,0.987355
0,0.003000,95.000000,0.987355
0,0.004000,95.000000,0.987355
0,0.005000,95.000000,0.987355
0,0.006000,95.000000,0.987355
0,0.007000,95.000000,0.987355
0,0.008000,95.000000,0.987355
0,0.009000,95.000000,0.987355
0,0.010000,95.000000,0.987355
0,0.011000,95.000000,0.987355
0,0.012000,95.000000,0.987355
0,0.013000,95.000000,0.987355
0,0.014000,95.000000,0.987355
0,0.015000,95.000000,0.987355
0,0.016000,95.000000,0.987355
0,0.017000,95.000000,0.987355
0,0.018000,95.000000,0.987355
0,0.019000,95.000000,0.987355
0,0.020000,95.000000,0.987355
0,0.021000,95.000000,0.987355
0,0.022000,95.000000,0.987355
0,0.023000,95.000000,0.987355
0,0.024000,95.000000,0.987355
0,0.025000,95.000000,0.987355
0,0.026000,95.000000,0.987355
0,0.027000,95.000000,0.987355
0,0.028000,95.000000,0.987355
0,0.029000,95.000000,0.987355
0,0.030000,95.000000,0.987355
0,0.031000,95.000000,0.987355
0,0.032000,95.000000,0.987355
0,0.033000,95.000000,0.987355
0,0.034000,95.000000,0.987355
0,0.035000,95.000000,0.987355
0,0.036000,95.000000,0.987355
0,0.037000,95.000000,0.987355
0,0.038000,95.000000,0.987355
0,0.039000,95.000000,0.987355
0,0.040000,95.000000,0.987355
0,0.041000,95.000000,0.987355
0,0.042000,95.000000,0.987355
0,0.043000,95.000000,0.987355
0,0.044000,95.000000,0.987355
0,0.045000,95.000000,0.987355
0,0.046000,95.000000,0.987355
0,0.047000,95.000000,0.987355
0,0.048000,95.000000,0.987355
0,0.049000,95.000000,0.987355
0,0.050000,95.000000,0.987355
0,0.051000,95.000000,0.987355
0,0.052000,95.000000,0.987355
0,0.053000,95.000000,0.987355
0,0.054000,95.000000,0.987355
0,0.055000,95.000000,0.987355
0,0.056000,95.000000,0.987355
0,0.057000,95.000000,0.987355
0,0.058000,95.000000,0.987355
0,0.059000,95.000000,0.987355
0,0.060000,95.000000,0.987355
0,0.061000,95.000000,0.987355
0,0.062000,95.000000,0.987355
0,0.063000,95.000000,0.987355
0,0.064000,95.000000,0.987355
0,0.065000,95.000000,0.987355
0,0.066000,95.000000,0.987355
0,0.067000,95.000000,0.987355
0,0.068000,95.000000,0.987355
0,0.069000,95.000000,0.987355
0,0.070000,95.000000,0.987355
0,0.071000,95.000000,0.987355
0,0.072000,95.000000,0.987355
0,0.073000,95.000000,0.987355
0,0.074000,95.000000,0.987355
0,0.075000,95.000000,0.987355
0,0.076000,95.000000,0.987355
0,0.077000,95.000000,0.987355
0,0.078000,95.000000,0.987355
0,0.079000,95.000000,0.987355
0,0.080000,95.000000,0.987355
0,0.081000,95.000000,0.987355
0,0.082000,95.000000,0.987355
0,0.083000,95.000000,0.987355
0,0.084000,95.000000,0.987355
0,0.085000,95.000000,0.987355
0,0.086000,95.000000,0.987355
0,0.087000,95.000000,0.987355
0,0.088000,95.000000,0.987355
0,0.089000,95.000000,0.987355
0,0.090000,95.000000,0.987355
0,0.091000,95.000000,0.987355
0,0.092000,95.000000,0.987355
0,0.093000,95.000000,0.987355
0,0.094000,95.000000,0.987355
0,0.095000,95.000000,0.987355
0,0.096000,95.000000,0.987355
0,0.097000,95.000000,0.987355
0,0.098000,95.000000,0.987355
0,0.099000,95.000000,0.987355
2000,0.000000,-18.000000,0.987921
2000,0.001000,-14.364797,0.987866
2000,0.002000,-12.851272,0.987858
2000,0.003000,-11.353631,0.987851
2000,0.004000,-9.872608,0.987844
2000,0.005000,-10.938613,0.987861
2000,0.006000,-8.170582,0.987849
2000,0.007000,-5.417676,0.987837
2000,0.008000,-2.682711,0.987825
2000,0.009000,0.031599,0.987812
2000,0.010000,2.722651,0.987800
2000,0.011000,5.387957,0.987787
2000,0.012000,8.025152,0.987775
2000,0.013000,10.631990,0.987762
2000,0.014000,13.206356,0.987749
2000,0.015000,15.746261,0.987737
2000,0.016000,18.249846,0.987724
2000,0.017000,20.715383,0.987712
2000,0.018000,23.141273,0.987700
2000,0.019000,25.526049,0.987688
2000,0.020000,27.868373,0.987676
2000,0.021000,30.167034,0.987664
2000,0.022000,32.420945,0.987652
2000,0.023000,34.629146,0.987641
2000,0.024000,36.790795,0.987629
2000,0.025000,38.905168,0.987618
2000,0.026000,40.971657,0.987608
2000,0.027000,42.989762,0.987597
2000,0.028000,44.959094,0.987587
2000,0.029000,46.879363,0.987577
2000,0.030000,48.750382,0.987567
2000,0.031000,50.572057,0.987558
2000,0.032000,52.344383,0.987548
2000,0.033000,54.067445,0.987539
2000,0.034000,55.741407,0.987531
2000,0.035000,57.366511,0.987522
2000,0.036000,58.943074,0.987514
2000,0.037000,60.471478,0.987506
2000,0.038000,61.952173,0.987499
2000,0.039000,63.385665,0.987491
2000,0.040000,64.772519,0.987484
2000,0.041000,66.113350,0.987478
2000,0.042000,67.408820,0.987471
2000,0.043000,68.659634,0.987465
2000,0.044000,69.866537,0.987459
2000,0.045000,71.030309,0.987453
2000,0.046000,72.151761,0.987448
2000,0.047000,73.231734,0.987443
2000,0.048000,74.271093,0.987438
2000,0.049000,75.270722,0.987433
2000,0.050000,76.231527,0.987428
2000,0.051000,77.154425,0.987424
2000,0.052000,78.040348,0.987420
2000,0.053000,78.890237,0.987416
2000,0.054000,79.705037,0.987412
2000,0.055000,80.485700,0.987409
2000,0.056000,81.233178,0.987406
2000,0.057000,81.948422,0.987402
2000,0.058000,82.632380,0.987399
2000,0.059000,83.285997,0.987397
2000,0.060000,83.910209,0.987394
2000,0.061000,84.505943,0.987391
2000,0.062000,85.074118,0.987389
2000,0.063000,85.615638,0.987387
2000,0.064000,86.131397,0.987385
2000,0.065000,86.622271,0.987383
2000,0.066000,87.089121,0.987381
2000,0.067000,87.532792,0.987379
2000,0.068000,87.954110,0.987377
2000,0.069000,88.353881,0.987376
2000,0.070000,88.732892,0.987374
2000,0.071000,89.091908,0.987373
2000,0.072000,89.431673,0.987372
2000,0.073000,89.752910,0.987371
2000,0.074000,90.056316,0.987369
2000,0.075000,90.342568,0.987368
2000,0.076000,90.612317,0.987368
2000,0.077000,90.866190,0.987367
2000,0.078000,91.104791,0.987366
2000,0.079000,91.328698,0.987365
2000,0.080000,91.538463,0.987364
2000,0.081000,91.734614,0.987364
2000,0.082000,91.917653,0.987363
2000,0.083000,92.088056,0.987362
2000,0.084000,92.246275,0.987362
2000,0.085000,92.392734,0.987361
2000,0.086000,92.527832,0.987361
2000,0.087000,92.651942,0.987361
2000,0.088000,92.765411,0.987360
2000,0.089000,92.868560,0.987360
2000,0.090000,92.961684,0.987360
2000,0.091000,93.045052,0.987359
2000,0.092000,93.118908,0.987359
2000,0.093000,93.183468,0.987359
2000,0.094000,93.238923,0.987359
2000,0.095000,93.285440,0.987359
2000,0.096000,93.323156,0.987359
2000,0.097000,93.352187,0.987358
2000,0.098000,93.372619,0.987358
2000,0.099000,93.384515,0.987358
4000,0.000000,-18.000000,0.988466
4000,0.001000,-16.962172,0.988410
4000,0.002000,-15.977176,0.988401
4000,0.003000,-14.993872,0.988392
4000,0.004000,-14.012526,0.988382
4000,0.005000,-13.193023,0.988399
4000,0.006000,-11.295824,0.988383
4000,0.007000,-9.403634,0.988367
4000,0.008000,-7.517327,0.988351
4000,0.009000,-5.637769,0.988334
4000,0.010000,-3.765809,0.988318
4000,0.011000,-1.902286,0.988301
4000,0.012000,-0.048021,0.988284
4000,0.013000,1.796182,0.988267
4000,0.014000,3.629534,0.988249
4000,0.015000,5.451265,0.988232
4000,0.016000,7.260626,0.988214
4000,0.017000,9.056885,0.988197
4000,0.018000,10.839331,0.988179
4000,0.019000,12.607276,0.988161
4000,0.020000,14.360052,0.988144
4000,0.021000,16.097013,0.988126
4000,0.022000,17.817536,0.988108
4000,0.023000,19.521022,0.988091
4000,0.024000,21.206892,0.988073
4000,0.025000,22.874595,0.988056
4000,0.026000,24.523600,0.988039
4000,0.027000,26.153401,0.988021
4000,0.028000,27.763518,0.988004
4000,0.029000,29.353492,0.987987
4000,0.030000,30.922890,0.987971
4000,0.031000,32.471302,0.987954
4000,0.032000,33.998341,0.987938
4000,0.033000,35.503647,0.987922
4000,0.034000,36.986879,0.987906
4000,0.035000,38.447723,0.987890
4000,0.036000,39.885885,0.987875
4000,0.037000,41.301097,0.987859
4000,0.038000,42.693110,0.987844
4000,0.039000,44.061699,0.987829
4000,0.040000,45.406660,0.987815
4000,0.041000,46.727809,0.987801
4000,0.042000,48.024984,0.987787
4000,0.043000,49.298043,0.987773
4000,0.044000,50.546863,0.987760
4000,0.045000,51.771339,0.987746
4000,0.046000,52.971387,0.987734
4000,0.047000,54.146939,0.987721
4000,0.048000,55.297944,0.987709
4000,0.049000,56.424368,0.987697
4000,0.050000,57.526194,0.987685
4000,0.051000,58.603419,0.987673
4000,0.052000,59.656054,0.987662
4000,0.053000,60.684126,0.987651
4000,0.054000,61.687674,0.987641
4000,0.055000,62.666750,0.987630
4000,0.056000,63.621416,0.987620
4000,0.057000,64.551749,0.987611
4000,0.058000,65.457833,0.987601
4000,0.059000,66.339764,0.987592
4000,0.060000,67.197645,0.987583
4000,0.061000,68.031589,0.987575
4000,0.062000,68.841716,0.987566
4000,0.063000,69.628154,0.987558
4000,0.064000,70.391036,0.987551
4000,0.065000,71.130502,0.987543
4000,0.066000,71.846694,0.987536
4000,0.067000,72.539763,0.987529
4000,0.068000,73.209859,0.987522
4000,0.069000,73.857138,0.987516
4000,0.070000,74.481758,0.987510
4000,0.071000,75.083876,0.987504
4000,0.072000,75.663654,0.987498
4000,0.073000,76.221252,0.987492
4000,0.074000,76.756831,0.987487
4000,0.075000,77.270551,0.987482
4000,0.076000,77.762571,0.987477
4000,0.077000,78.233047,0.987473
4000,0.078000,78.682134,0.987468
4000,0.079000,79.109985,0.987464
4000,0.080000,79.516749,0.987460
4000,0.081000,79.902569,0.987457
4000,0.082000,80.267588,0.987453
4000,0.083000,80.611941,0.987450
4000,0.084000,80.935760,0.987447
4000,0.085000,81.239171,0.987444
4000,0.086000,81.522293,0.987441
4000,0.087000,81.785240,0.987439
4000,0.088000,82.028120,0.987437
4000,0.089000,82.251034,0.987435
4000,0.090000,82.454075,0.987433
4000,0.091000,82.637329,0.987431
4000,0.092000,82.800876,0.987429
4000,0.093000,82.944786,0.987428
4000,0.094000,83.069121,0.987427
4000,0.095000,83.173938,0.987426
4000,0.096000,83.259282,0.987425
4000,0.097000,83.325191,0.987425
4000,0.098000,83.371695,0.987424
4000,0.099000,83.398814,0.987424
6000,0.000000,-18.000000,0.988990
6000,0.001000,-17.209414,0.988934
6000,0.002000,-16.420752,0.988924
6000,0.003000,-15.632934,0.988914
6000,0.004000,-14.846092,0.988904
6000,0.005000,-14.091374,0.988918
6000,0.006000,-12.553574,0.988900
6000,0.007000,-11.019486,0.988882
6000,0.008000,-9.489624,0.988863
6000,0.009000,-7.964495,0.988844
6000,0.010000,-6.444599,0.988825
6000,0.011000,-4.930429,0.988805
6000,0.012000,-3.422470,0.988785
6000,0.013000,-1.921200,0.988765
6000,0.014000,-0.427089,0.988745
6000,0.015000,1.059402,0.988724
6000,0.016000,2.537821,0.988703
6000,0.017000,4.007722,0.988682
6000,0.018000,5.468671,0.988661
6000,0.019000,6.920240,0.988640
6000,0.020000,8.362012,0.988619
6000,0.021000,9.793578,0.988598
6000,0.022000,11.214540,0.988577
6000,0.023000,12.624508,0.988555
6000,0.024000,14.023100,0.988534
6000,0.025000,15.409946,0.988513
6000,0.026000,16.784684,0.988492
6000,0.027000,18.146963,0.988470
6000,0.028000,19.496438,0.988449
6000,0.029000,20.832776,0.988428
6000,0.030000,22.155655,0.988407
6000,0.031000,23.464759,0.988386
6000,0.032000,24.759782,0.988365
6000,0.033000,26.040430,0.988345
6000,0.034000,27.306415,0.988324
6000,0.035000,28.557460,0.988304
6000,0.036000,29.793297,0.988284
6000,0.037000,31.013667,0.988264
6000,0.038000,32.218318,0.988244
6000,0.039000,33.407009,0.988224
6000,0.040000,34.579507,0.988205
6000,0.041000,35.735588,0.988186
6000,0.042000,36.875036,0.988167
6000,0.043000,37.997644,0.988148
6000,0.044000,39.103211,0.988129
6000,0.045000,40.191546,0.988111
6000,0.046000,41.262466,0.988093
6000,0.047000,42.315795,0.988076
6000,0.048000,43.351365,0.988058
6000,0.049000,44.369015,0.988041
6000,0.050000,45.368592,0.988024
6000,0.051000,46.349948,0.988007
6000,0.052000,47.312944,0.987991
6000,0.053000,48.257448,0.987975
6000,0.054000,49.183333,0.987959
6000,0.055000,50.090479,0.987944
6000,0.056000,50.978772,0.987929
6000,0.057000,51.848104,0.987914
6000,0.058000,52.698374,0.987900
6000,0.059000,53.529484,0.987886
6000,0.060000,54.341344,0.987872
6000,0.061000,55.133869,0.987858
6000,0.062000,55.906976,0.987845
6000,0.063000,56.660592,0.987832
6000,0.064000,57.394643,0.987820
6000,0.065000,58.109065,0.987808
6000,0.066000,58.803794,0.987796
6000,0.067000,59.478772,0.987784
6000,0.068000,60.133945,0.987773
6000,0.069000,60.769263,0.987762
6000,0.070000,61.384678,0.987752
6000,0.071000,61.980147,0.987742
6000,0.072000,62.555630,0.987732
6000,0.073000,63.111089,0.987723
6000,0.074000,63.646491,0.987714
6000,0.075000,64.161803,0.987705
6000,0.076000,64.656998,0.987696
6000,0.077000,65.132048,0.987688
6000,0.078000,65.586929,0.987681
6000,0.079000,66.021619,0.987673
6000,0.080000,66.436099,0.987666
6000,0.081000,66.830349,0.987660
6000,0.082000,67.204354,0.987653
6000,0.083000,67.558099,0.987647
6000,0.084000,67.891571,0.987642
6000,0.085000,68.204757,0.987636
6000,0.086000,68.497648,0.987631
6000,0.087000,68.770233,0.987627
6000,0.088000,69.022504,0.987623
6000,0.089000,69.254454,0.987619
6000,0.090000,69.466076,0.987615
6000,0.091000,69.657365,0.987612
6000,0.092000,69.828316,0.987609
6000,0.093000,69.978925,0.987606
6000,0.094000,70.109188,0.987604
6000,0.095000,70.219102,0.987602
6000,0.096000,70.308664,0.987601
6000,0.097000,70.377874,0.987600
6000,0.098000,70.426728,0.987599
6000,0.099000,70.455227,0.987598
8000,0.000000,-18.000000,0.989494
8000,0.001000,-17.330840,0.989439
8000,0.002000,-16.662455,0.989428
8000,0.003000,-15.994802,0.989417
8000,0.004000,-15.327978,0.989406
8000,0.005000,-14.673787,0.989419
8000,0.006000,-13.367149,0.989399
8000,0.007000,-12.063753,0.989379
8000,0.008000,-10.763989,0.989358
8000,0.009000,-9.468244,0.989337
8000,0.010000,-8.176897,0.989316
8000,0.011000,-6.890324,0.989295
8000,0.012000,-5.608894,0.989273
8000,0.013000,-4.332971,0.989250
8000,0.014000,-3.062914,0.989228
8000,0.015000,-1.799075,0.989205
8000,0.016000,-0.541799,0.989182
8000,0.017000,0.708572,0.989159
8000,0.018000,1.951703,0.989136
8000,0.019000,3.187267,0.989113
8000,0.020000,4.414941,0.989089
8000,0.021000,5.634409,0.989065
8000,0.022000,6.845359,0.989042
8000,0.023000,8.047489,0.989018
8000,0.024000,9.240499,0.988994
8000,0.025000,10.424098,0.988970
8000,0.026000,11.597998,0.988946
8000,0.027000,12.761921,0.988922
8000,0.028000,13.915591,0.988898
8000,0.029000,15.058740,0.988874
8000,0.030000,16.191105,0.988850
8000,0.031000,17.312430,0.988826
8000,0.032000,18.422464,0.988803
8000,0.033000,19.520961,0.988779
8000,0.034000,20.607682,0.988755
8000,0.035000,21.682393,0.988732
8000,0.036000,22.744865,0.988708
8000,0.037000,23.794876,0.988685
8000,0.038000,24.832209,0.988662
8000,0.039000,25.856650,0.988639
8000,0.040000,26.867993,0.988617
8000,0.041000,27.866038,0.988594
8000,0.042000,28.850586,0.988572
8000,0.043000,29.821449,0.988550
8000,0.044000,30.778438,0.988528
8000,0.045000,31.721373,0.988506
8000,0.046000,32.650078,0.988485
8000,0.047000,33.564382,0.988464
8000,0.048000,34.464117,0.988443
8000,0.049000,35.349122,0.988422
8000,0.050000,36.219239,0.988402
8000,0.051000,37.074316,0.988382
8000,0.052000,37.914204,0.988362
8000,0.053000,38.738759,0.988342
8000,0.054000,39.547842,0.988323
8000,0.055000,40.341318,0.988304
8000,0.056000,41.119055,0.988286
8000,0.057000,41.880925,0.988267
8000,0.058000,42.626807,0.988249
8000,0.059000,43.356581,0.988232
8000,0.060000,44.070132,0.988215
8000,0.061000,44.767348,0.988198
8000,0.062000,45.448122,0.988181
8000,0.063000,46.112350,0.988165
8000,0.064000,46.759932,0.988150
8000,0.065000,47.390771,0.988134
8000,0.066000,48.004774,0.988119
8000,0.067000,48.601850,0.988105
8000,0.068000,49.181914,0.988090
8000,0.069000,49.744882,0.988077
8000,0.070000,50.290674,0.988063
8000,0.071000,50.819214,0.988050
8000,0.072000,51.330427,0.988038
8000,0.073000,51.824244,0.988025
8000,0.074000,52.300597,0.988014
8000,0.075000,52.759420,0.988002
8000,0.076000,53.200652,0.987991
8000,0.077000,53.624235,0.987981
8000,0.078000,54.030112,0.987971
8000,0.079000,54.418230,0.987961
8000,0.080000,54.788538,0.987952
8000,0.081000,55.140988,0.987943
8000,0.082000,55.475536,0.987935
8000,0.083000,55.792137,0.987927
8000,0.084000,56.090752,0.987919
8000,0.085000,56.371343,0.987912
8000,0.086000,56.633875,0.987906
8000,0.087000,56.878316,0.987900
8000,0.088000,57.104633,0.987894
8000,0.089000,57.312801,0.987889
8000,0.090000,57.502792,0.987884
8000,0.091000,57.674584,0.987880
8000,0.092000,57.828156,0.987876
8000,0.093000,57.963488,0.987872
8000,0.094000,58.080565,0.987869
8000,0.095000,58.179373,0.987867
8000,0.096000,58.259898,0.987865
8000,0.097000,58.322132,0.987863
8000,0.098000,58.366067,0.987862
8000,0.099000,58.391698,0.987862
10000,0.000000,-18.000000,0.989979
10000,0.001000,-17.422170,0.989925
10000,0.002000,-16.845036,0.989913
10000,0.003000,-16.268577,0.989902
10000,0.004000,-15.692870,0.989890
10000,0.005000,-15.123264,0.989901
10000,0.006000,-13.994267,0.989880
10000,0.007000,-12.868224,0.989859
10000,0.008000,-11.745464,0.989837
10000,0.009000,-10.626312,0.989814
10000,0.010000,-9.511085,0.989792
10000,0.011000,-8.400098,0.989769
10000,0.012000,-7.293662,0.989745
10000,0.013000,-6.192082,0.989722
10000,0.014000,-5.095656,0.989698
10000,0.015000,-4.004681,0.989674
10000,0.016000,-2.919446,0.989649
10000,0.017000,-1.840237,0.989624
10000,0.018000,-0.767333,0.989599
10000,0.019000,0.298991,0.989574
10000,0.020000,1.358464,0.989549
10000,0.021000,2.410822,0.989524
10000,0.022000,3.455805,0.989498
10000,0.023000,4.493157,0.989472
10000,0.024000,5.522628,0.989447
10000,0.025000,6.543974,0.989421
10000,0.026000,7.556954,0.989395
10000,0.027000,8.561333,0.989369
10000,0.028000,9.556879,0.989343
10000,0.029000,10.543368,0.989317
10000,0.030000,11.520577,0.989292
10000,0.031000,12.488291,0.989266
10000,0.032000,13.446297,0.989240
10000,0.033000,14.394389,0.989214
10000,0.034000,15.332363,0.989188
10000,0.035000,16.260022,0.989163
10000,0.036000,17.177172,0.989137
10000,0.037000,18.083623,0.989112
10000,0.038000,18.979190,0.989087
10000,0.039000,19.863692,0.989062
10000,0.040000,20.736954,0.989037
10000,0.041000,21.598802,0.989012
10000,0.042000,22.449069,0.988987
10000,0.043000,23.287590,0.988963
10000,0.044000,24.114205,0.988939
10000,0.045000,24.928758,0.988915
10000,0.046000,25.731097,0.988891
10000,0.047000,26.521074,0.988868
10000,0.048000,27.298543,0.988845
10000,0.049000,28.063365,0.988822
10000,0.050000,28.815402,0.988799
10000,0.051000,29.554520,0.988776
10000,0.052000,30.280590,0.988754
10000,0.053000,30.993485,0.988733
10000,0.054000,31.693083,0.988711
10000,0.055000,32.379265,0.988690
10000,0.056000,33.051914,0.988669
10000,0.057000,33.710917,0.988648
10000,0.058000,34.356166,0.988628
10000,0.059000,34.987554,0.988609
10000,0.060000,35.604979,0.988589
10000,0.061000,36.208341,0.988570
10000,0.062000,36.797542,0.988551
10000,0.063000,37.372491,0.988533
10000,0.064000,37.933095,0.988515
10000,0.065000,38.479268,0.988498
10000,0.066000,39.010925,0.988481
10000,0.067000,39.527983,0.988464
10000,0.068000,40.030366,0.988448
10000,0.069000,40.517995,0.988432
10000,0.070000,40.990798,0.988417
10000,0.071000,41.448705,0.988402
10000,0.072000,41.891647,0.988387
10000,0.073000,42.319559,0.988373
10000,0.074000,42.732378,0.988360
10000,0.075000,43.130045,0.988347
10000,0.076000,43.512502,0.988334
10000,0.077000,43.879695,0.988322
10000,0.078000,44.231570,0.988310
10000,0.079000,44.568077,0.988299
10000,0.080000,44.889170,0.988288
10000,0.081000,45.194803,0.988278
10000,0.082000,45.484933,0.988269
10000,0.083000,45.759519,0.988259
10000,0.084000,46.018525,0.988251
10000,0.085000,46.261913,0.988243
10000,0.086000,46.489650,0.988235
10000,0.087000,46.701706,0.988228
10000,0.088000,46.898052,0.988221
10000,0.089000,47.078659,0.988215
10000,0.090000,47.243505,0.988210
10000,0.091000,47.392566,0.988205
10000,0.092000,47.525823,0.988200
10000,0.093000,47.643258,0.988196
10000,0.094000,47.744854,0.988193
10000,0.095000,47.830599,0.988190
10000,0.096000,47.900480,0.988187
10000,0.097000,47.954488,0.988186
10000,0.098000,47.992617,0.988184
10000,0.099000,48.014860,0.988184
12000,0.000000,-18.000000,0.990445
12000,0.001000,-17.496853,0.990392
12000,0.002000,-16.994350,0.990380
12000,0.003000,-16.492470,0.990368
12000,0.004000,-15.991282,0.990356
12000,0.005000,-15.492927,0.990366
12000,0.006000,-14.509738,0.990344
12000,0.007000,-13.529266,0.990322
12000,0.008000,-12.551795,0.990299
12000,0.009000,-11.577607,0.990275
12000,0.010000,-10.606978,0.990252
12000,0.011000,-9.640181,0.990227
12000,0.012000,-8.677484,0.990203
12000,0.013000,-7.719152,0.990178
12000,0.014000,-6.765443,0.990153
12000,0.015000,-5.816612,0.990128
12000,0.016000,-4.872910,0.990102
12000,0.017000,-3.934583,0.990076
12000,0.018000,-3.001872,0.990050
12000,0.019000,-2.075013,0.990024
12000,0.020000,-1.154240,0.989998
12000,0.021000,-0.239781,0.989971
12000,0.022000,0.668142,0.989944
12000,0.023000,1.569309,0.989918
12000,0.024000,2.463506,0.989891
12000,0.025000,3.350522,0.989863
12000,0.026000,4.230152,0.989836
12000,0.027000,5.102193,0.989809
12000,0.028000,5.966449,0.989782
12000,0.029000,6.822726,0.989755
12000,0.030000,7.670836,0.989728
12000,0.031000,8.510594,0.989700
12000,0.032000,9.341818,0.989673
12000,0.033000,10.164333,0.989646
12000,0.034000,10.977965,0.989619
12000,0.035000,11.782546,0.989592
12000,0.036000,12.577911,0.989565
12000,0.037000,13.363900,0.989538
12000,0.038000,14.140354,0.989511
12000,0.039000,14.907121,0.989485
12000,0.040000,15.664052,0.989459
12000,0.041000,16.410999,0.989432
12000,0.042000,17.147821,0.989406
12000,0.043000,17.874379,0.989380
12000,0.044000,18.590537,0.989355
12000,0.045000,19.296164,0.989329
12000,0.046000,19.991131,0.989304
12000,0.047000,20.675313,0.989279
12000,0.048000,21.348589,0.989254
12000,0.049000,22.010839,0.989230
12000,0.050000,22.661949,0.989206
12000,0.051000,23.301806,0.989182
12000,0.052000,23.930302,0.989158
12000,0.053000,24.547330,0.989135
12000,0.054000,25.152788,0.989112
12000,0.055000,25.746575,0.989089
12000,0.056000,26.328594,0.989067
12000,0.057000,26.898752,0.989045
12000,0.058000,27.456957,0.989023
12000,0.059000,28.003120,0.989002
12000,0.060000,28.537156,0.988981
12000,0.061000,29.058981,0.988960
12000,0.062000,29.568516,0.988940
12000,0.063000,30.065681,0.988921
12000,0.064000,30.550403,0.988901
12000,0.065000,31.022608,0.988882
12000,0.066000,31.482226,0.988864
12000,0.067000,31.929190,0.988846
12000,0.068000,32.363433,0.988829
12000,0.069000,32.784893,0.988811
12000,0.070000,33.193510,0.988795
12000,0.071000,33.589224,0.988779
12000,0.072000,33.971981,0.988763
12000,0.073000,34.341725,0.988748
12000,0.074000,34.698406,0.988733
12000,0.075000,35.041974,0.988719
12000,0.076000,35.372381,0.988705
12000,0.077000,35.689583,0.988692
12000,0.078000,35.993537,0.988680
12000,0.079000,36.284200,0.988668
12000,0.080000,36.561535,0.988656
12000,0.081000,36.825504,0.988645
12000,0.082000,37.076071,0.988634
12000,0.083000,37.313205,0.988624
12000,0.084000,37.536874,0.988615
12000,0.085000,37.747048,0.988606
12000,0.086000,37.943700,0.988598
12000,0.087000,38.126804,0.988590
12000,0.088000,38.296337,0.988583
12000,0.089000,38.452278,0.988576
12000,0.090000,38.594605,0.988570
12000,0.091000,38.723301,0.988565
12000,0.092000,38.838349,0.988560
12000,0.093000,38.939735,0.988556
12000,0.094000,39.027446,0.988552
12000,0.095000,39.101470,0.988549
12000,0.096000,39.161798,0.988546
12000,0.097000,39.208423,0.988544
12000,0.098000,39.241339,0.988543
12000,0.099000,39.260542,0.988542
14000,0.000000,-18.000000,0.990893
14000,0.001000,-17.559542,0.990842
14000,0.002000,-17.119677,0.990830
14000,0.003000,-16.680390,0.990817
14000,0.004000,-16.241737,0.990805
14000,0.005000,-15.803867,0.990814
14000,0.006000,-14.943181,0.990791
14000,0.007000,-14.084992,0.990768
14000,0.008000,-13.229552,0.990744
14000,0.009000,-12.377105,0.990720
14000,0.010000,-11.527897,0.990696
14000,0.011000,-10.682164,0.990671
14000,0.012000,-9.840143,0.990646
14000,0.013000,-9.002064,0.990620
14000,0.014000,-8.168153,0.990594
14000,0.015000,-7.338635,0.990568
14000,0.016000,-6.513727,0.990542
14000,0.017000,-5.693643,0.990515
14000,0.018000,-4.878595,0.990489
14000,0.019000,-4.068788,0.990461
14000,0.020000,-3.264424,0.990434
14000,0.021000,-2.465702,0.990407
14000,0.022000,-1.672815,0.990379
14000,0.023000,-0.885953,0.990352
14000,0.024000,-0.105303,0.990324
14000,0.025000,0.668954,0.990296
14000,0.026000,1.436640,0.990268
14000,0.027000,2.197581,0.990240
14000,0.028000,2.951606,0.990212
14000,0.029000,3.698550,0.990184
14000,0.030000,4.438249,0.990156
14000,0.031000,5.170545,0.990128
14000,0.032000,5.895282,0.990100
14000,0.033000,6.612310,0.990071
14000,0.034000,7.321480,0.990043
14000,0.035000,8.022648,0.990016
14000,0.036000,8.715673,0.989988
14000,0.037000,9.400418,0.989960
14000,0.038000,10.076749,0.989932
14000,0.039000,10.744536,0.989905
14000,0.040000,11.403651,0.989878
14000,0.041000,12.053970,0.989850
14000,0.042000,12.695374,0.989823
14000,0.043000,13.327744,0.989797
14000,0.044000,13.950966,0.989770
14000,0.045000,14.564928,0.989744
14000,0.046000,15.169524,0.989717
14000,0.047000,15.764646,0.989691
14000,0.048000,16.350194,0.989666
14000,0.049000,16.926067,0.989640
14000,0.050000,17.492169,0.989615
14000,0.051000,18.048407,0.989590
14000,0.052000,18.594689,0.989566
14000,0.053000,19.130927,0.989541
14000,0.054000,19.657035,0.989517
14000,0.055000,20.172930,0.989494
14000,0.056000,20.678532,0.989471
14000,0.057000,21.173762,0.989448
14000,0.058000,21.658546,0.989425
14000,0.059000,22.132809,0.989403
14000,0.060000,22.596482,0.989381
14000,0.061000,23.049495,0.989360
14000,0.062000,23.491783,0.989339
14000,0.063000,23.923282,0.989318
14000,0.064000,24.343930,0.989298
14000,0.065000,24.753668,0.989278
14000,0.066000,25.152437,0.989259
14000,0.067000,25.540184,0.989240
14000,0.068000,25.916855,0.989222
14000,0.069000,26.282398,0.989204
14000,0.070000,26.636765,0.989187
14000,0.071000,26.979907,0.989170
14000,0.072000,27.311780,0.989154
14000,0.073000,27.632341,0.989138
14000,0.074000,27.941546,0.989122
14000,0.075000,28.239358,0.989108
14000,0.076000,28.525737,0.989093
14000,0.077000,28.800647,0.989079
14000,0.078000,29.064053,0.989066
14000,0.079000,29.315923,0.989053
14000,0.080000,29.556225,0.989041
14000,0.081000,29.784930,0.989030
14000,0.082000,30.002010,0.989019
14000,0.083000,30.207438,0.989008
14000,0.084000,30.401189,0.988998
14000,0.085000,30.583240,0.988989
14000,0.086000,30.753569,0.988980
14000,0.087000,30.912156,0.988972
14000,0.088000,31.058983,0.988965
14000,0.089000,31.194031,0.988958
14000,0.090000,31.317285,0.988951
14000,0.091000,31.428730,0.988946
14000,0.092000,31.528354,0.988941
14000,0.093000,31.616144,0.988936
14000,0.094000,31.692091,0.988932
14000,0.095000,31.756186,0.988929
14000,0.096000,31.808422,0.988926
14000,0.097000,31.848791,0.988924
14000,0.098000,31.877291,0.988923
14000,0.099000,31.893917,0.988922
16000,0.000000,-18.000000,0.991325
16000,0.001000,-17.612696,0.991275
16000,0.002000,-17.225937,0.991262
16000,0.003000,-16.839711,0.991250
16000,0.004000,-16.454067,0.991237
16000,0.005000,-16.067789,0.991245
16000,0.006000,-15.310991,0.991221
16000,0.007000,-14.556485,0.991198
16000,0.008000,-13.804493,0.991174
16000,0.009000,-13.055232,0.991149
16000,0.010000,-12.308917,0.991124
16000,0.011000,-11.565758,0.991099
16000,0.012000,-10.825961,0.991073
16000,0.013000,-10.089731,0.991047
16000,0.014000,-9.357266,0.991021
16000,0.015000,-8.628763,0.990995
16000,0.016000,-7.904412,0.990968
16000,0.017000,-7.184402,0.990941
16000,0.018000,-6.468917,0.990913
16000,0.019000,-5.758138,0.990886
16000,0.020000,-5.052242,0.990858
16000,0.021000,-4.351401,0.990830
16000,0.022000,-3.655784,0.990802
16000,0.023000,-2.965558,0.990774
16000,0.024000,-2.280884,0.990746
16000,0.025000,-1.601920,0.990717
16000,0.026000,-0.928822,0.990689
16000,0.027000,-0.261739,0.990660
16000,0.028000,0.399179,0.990632
16000,0.029000,1.053790,0.990603
16000,0.030000,1.701951,0.990575
16000,0.031000,2.343528,0.990546
16000,0.032000,2.978384,0.990517
16000,0.033000,3.606390,0.990489
16000,0.034000,4.227418,0.990460
16000,0.035000,4.841345,0.990432
16000,0.036000,5.448049,0.990403
16000,0.037000,6.047412,0.990375
16000,0.038000,6.639321,0.990347
16000,0.039000,7.223664,0.990319
16000,0.040000,7.800331,0.990291
16000,0.041000,8.369217,0.990263
16000,0.042000,8.930219,0.990236
16000,0.043000,9.483238,0.990209
16000,0.044000,10.028177,0.990181
16000,0.045000,10.564940,0.990154
16000,0.046000,11.093437,0.990128
16000,0.047000,11.613579,0.990101
16000,0.048000,12.125278,0.990075
16000,0.049000,12.628452,0.990049
16000,0.050000,13.123019,0.990023
16000,0.051000,13.608900,0.989998
16000,0.052000,14.086019,0.989973
16000,0.053000,14.554302,0.989948
16000,0.054000,15.013677,0.989923
16000,0.055000,15.464074,0.989899
16000,0.056000,15.905428,0.989875
16000,0.057000,16.337672,0.989852
16000,0.058000,16.760745,0.989829
16000,0.059000,17.174585,0.989806
16000,0.060000,17.579133,0.989784
16000,0.061000,17.974334,0.989762
16000,0.062000,18.360133,0.989741
16000,0.063000,18.736477,0.989720
16000,0.064000,19.103314,0.989699
16000,0.065000,19.460598,0.989679
16000,0.066000,19.808279,0.989659
16000,0.067000,20.146314,0.989640
16000,0.068000,20.474659,0.989621
16000,0.069000,20.793271,0.989603
16000,0.070000,21.102111,0.989585
16000,0.071000,21.401140,0.989568
16000,0.072000,21.690321,0.989551
16000,0.073000,21.969620,0.989535
16000,0.074000,22.239002,0.989519
16000,0.075000,22.498435,0.989504
16000,0.076000,22.747888,0.989489
16000,0.077000,22.987332,0.989475
16000,0.078000,23.216740,0.989461
16000,0.079000,23.436083,0.989448
16000,0.080000,23.645339,0.989436
16000,0.081000,23.844482,0.989424
16000,0.082000,24.033490,0.989413
16000,0.083000,24.212343,0.989402
16000,0.084000,24.381019,0.989392
16000,0.085000,24.539502,0.989382
16000,0.086000,24.687772,0.989373
16000,0.087000,24.825815,0.989365
16000,0.088000,24.953614,0.989357
16000,0.089000,25.071157,0.989350
16000,0.090000,25.178430,0.989343
16000,0.091000,25.275423,0.989338
16000,0.092000,25.362124,0.989332
16000,0.093000,25.438525,0.989328
16000,0.094000,25.504618,0.989324
16000,0.095000,25.560395,0.989320
16000,0.096000,25.605851,0.989317
16000,0.097000,25.640980,0.989315
16000,0.098000,25.665780,0.989314
16000,0.099000,25.680248,0.989313
18000,0.000000,-18.000000,0.991739
18000,0.001000,-17.658002,0.991691
18000,0.002000,-17.316505,0.991678
18000,0.003000,-16.975498,0.991666
18000,0.004000,-16.635026,0.991653
18000,0.005000,-16.292915,0.991660
18000,0.006000,-15.624665,0.991636
18000,0.007000,-14.958517,0.991612
18000,0.008000,-14.294667,0.991588
18000,0.009000,-13.633308,0.991563
18000,0.010000,-12.974629,0.991538
18000,0.011000,-12.318817,0.991512
18000,0.012000,-11.666055,0.991486
18000,0.013000,-11.016521,0.991460
18000,0.014000,-10.370392,0.991434
18000,0.015000,-9.727841,0.991407
18000,0.016000,-9.089035,0.991380
18000,0.017000,-8.454142,0.991352
18000,0.018000,-7.823321,0.991325
18000,0.019000,-7.196734,0.991297
18000,0.020000,-6.574534,0.991269
18000,0.021000,-5.956873,0.991241
18000,0.022000,-5.343900,0.991213
18000,0.023000,-4.735759,0.991184
18000,0.024000,-4.132592,0.991156
18000,0.025000,-3.534539,0.991127
18000,0.026000,-2.941732,0.991098
18000,0.027000,-2.354305,0.991070
18000,0.028000,-1.772386,0.991041
18000,0.029000,-1.196101,0.991012
18000,0.030000,-0.625571,0.990983
18000,0.031000,-0.060916,0.990954
18000,0.032000,0.497748,0.990925
18000,0.033000,1.050308,0.990897
18000,0.034000,1.596653,0.990868
18000,0.035000,2.136677,0.990839
18000,0.036000,2.670275,0.990811
18000,0.037000,3.197345,0.990782
18000,0.038000,3.717789,0.990754
18000,0.039000,4.231510,0.990725
18000,0.040000,4.738417,0.990697
18000,0.041000,5.238416,0.990669
18000,0.042000,5.731422,0.990642
18000,0.043000,6.217347,0.990614
18000,0.044000,6.696110,0.990586
18000,0.045000,7.167629,0.990559
18000,0.046000,7.631827,0.990532
18000,0.047000,8.088627,0.990506
18000,0.048000,8.537957,0.990479
18000,0.049000,8.979745,0.990453
18000,0.050000,9.413923,0.990427
18000,0.051000,9.840423,0.990401
18000,0.052000,10.259181,0.990376
18000,0.053000,10.670135,0.990351
18000,0.054000,11.073224,0.990326
18000,0.055000,11.468389,0.990302
18000,0.056000,11.855576,0.990278
18000,0.057000,12.234728,0.990254
18000,0.058000,12.605794,0.990231
18000,0.059000,12.968723,0.990208
18000,0.060000,13.323465,0.990185
18000,0.061000,13.669974,0.990163
18000,0.062000,14.008204,0.990141
18000,0.063000,14.338112,0.990120
18000,0.064000,14.659655,0.990099
18000,0.065000,14.972792,0.990079
18000,0.066000,15.277485,0.990059
18000,0.067000,15.573697,0.990040
18000,0.068000,15.861392,0.990021
18000,0.069000,16.140534,0.990002
18000,0.070000,16.411092,0.989984
18000,0.071000,16.673033,0.989967
18000,0.072000,16.926327,0.989950
18000,0.073000,17.170946,0.989933
18000,0.074000,17.406861,0.989917
18000,0.075000,17.634047,0.989902
18000,0.076000,17.852478,0.989887
18000,0.077000,18.062130,0.989873
18000,0.078000,18.262981,0.989859
18000,0.079000,18.455009,0.989846
18000,0.080000,18.638194,0.989833
18000,0.081000,18.812517,0.989821
18000,0.082000,18.977959,0.989810
18000,0.083000,19.134503,0.989799
18000,0.084000,19.282133,0.989789
18000,0.085000,19.420834,0.989779
18000,0.086000,19.550593,0.989770
18000,0.087000,19.671395,0.989761
18000,0.088000,19.783230,0.989754
18000,0.089000,19.886086,0.989746
18000,0.090000,19.979952,0.989740
18000,0.091000,20.064820,0.989734
18000,0.092000,20.140681,0.989729
18000,0.093000,20.207528,0.989724
18000,0.094000,20.265354,0.989720
18000,0.095000,20.314155,0.989716
18000,0.096000,20.353924,0.989713
18000,0.097000,20.384659,0.989711
18000,0.098000,20.406356,0.989710
18000,0.099000,20.419014,0.989709
20000,0.000000,-18.000000,0.992138
20000,0.001000,-17.696769,0.992091
20000,0.002000,-17.393998,0.992079
20000,0.003000,-17.091678,0.992066
20000,0.004000,-16.789848,0.992053
20000,0.005000,-16.485674,0.992059
20000,0.006000,-15.893187,0.992035
20000,0.007000,-15.302627,0.992011
20000,0.008000,-14.714169,0.991987
20000,0.009000,-14.127983,0.991962
20000,0.010000,-13.544238,0.991937
20000,0.011000,-12.963099,0.991911
20000,0.012000,-12.384728,0.991885
20000,0.013000,-11.809283,0.991859
20000,0.014000,-11.236922,0.991832
20000,0.015000,-10.667795,0.991805
20000,0.016000,-10.102054,0.991778
20000,0.017000,-9.539843,0.991751
20000,0.018000,-8.981305,0.991723
20000,0.019000,-8.426582,0.991695
20000,0.020000,-7.875809,0.991667
20000,0.021000,-7.329121,0.991639
20000,0.022000,-6.786647,0.991611
20000,0.023000,-6.248515,0.991582
20000,0.024000,-5.714850,0.991554
20000,0.025000,-5.185773,0.991525
20000,0.026000,-4.661402,0.991496
20000,0.027000,-4.141853,0.991467
20000,0.028000,-3.627239,0.991439
20000,0.029000,-3.117668,0.991410
20000,0.030000,-2.613249,0.991381
20000,0.031000,-2.114084,0.991352
20000,0.032000,-1.620276,0.991323
20000,0.033000,-1.131922,0.991294
20000,0.034000,-0.649119,0.991265
20000,0.035000,-0.171959,0.991237
20000,0.036000,0.299465,0.991208
20000,0.037000,0.765068,0.991180
20000,0.038000,1.224762,0.991151
20000,0.039000,1.678465,0.991123
20000,0.040000,2.126096,0.991095
20000,0.041000,2.567577,0.991067
20000,0.042000,3.002832,0.991039
20000,0.043000,3.431787,0.991011
20000,0.044000,3.854371,0.990984
20000,0.045000,4.270515,0.990957
20000,0.046000,4.680151,0.990929
20000,0.047000,5.083215,0.990903
20000,0.048000,5.479643,0.990876
20000,0.049000,5.869376,0.990850
20000,0.050000,6.252353,0.990824
20000,0.051000,6.628519,0.990798
20000,0.052000,6.997818,0.990773
20000,0.053000,7.360198,0.990748
20000,0.054000,7.715606,0.990723
20000,0.055000,8.063993,0.990699
20000,0.056000,8.405312,0.990675
20000,0.057000,8.739516,0.990651
20000,0.058000,9.066561,0.990628
20000,0.059000,9.386404,0.990605
20000,0.060000,9.699004,0.990582
20000,0.061000,10.004322,0.990560
20000,0.062000,10.302318,0.990538
20000,0.063000,10.592956,0.990517
20000,0.064000,10.876202,0.990496
20000,0.065000,11.152020,0.990476
20000,0.066000,11.420379,0.990456
20000,0.067000,11.681248,0.990436
20000,0.068000,11.934595,0.990417
20000,0.069000,12.180393,0.990399
20000,0.070000,12.418615,0.990381
20000,0.071000,12.649233,0.990363
20000,0.072000,12.872223,0.990346
20000,0.073000,13.087562,0.990330
20000,0.074000,13.295225,0.990314
20000,0.075000,13.495192,0.990298
20000,0.076000,13.687441,0.990283
20000,0.077000,13.871953,0.990269
20000,0.078000,14.048709,0.990255
20000,0.079000,14.217692,0.990242
20000,0.080000,14.378885,0.990230
20000,0.081000,14.532272,0.990217
20000,0.082000,14.677838,0.990206
20000,0.083000,14.815569,0.990195
20000,0.084000,14.945453,0.990185
20000,0.085000,15.067475,0.990175
20000,0.086000,15.181626,0.990166
20000,0.087000,15.287895,0.990158
20000,0.088000,15.386272,0.990150
20000,0.089000,15.476747,0.990143
20000,0.090000,15.559313,0.990136
20000,0.091000,15.633962,0.990130
20000,0.092000,15.700687,0.990125
20000,0.093000,15.759482,0.990120
20000,0.094000,15.810343,0.990116
20000,0.095000,15.853264,0.990112
20000,0.096000,15.888242,0.990110
20000,0.097000,15.915273,0.990107
20000,0.098000,15.934356,0.990106
20000,0.099000,15.945488,0.990105
22000,0.000000,-18.000000,0.992522
22000,0.001000,-17.730057,0.992477
22000,0.002000,-17.460537,0.992464
22000,0.003000,-17.191432,0.992451
22000,0.004000,-16.922776,0.992439
22000,0.005000,-16.651292,0.992444
22000,0.006000,-16.123859,0.992420
22000,0.007000,-15.598194,0.992396
22000,0.008000,-15.074451,0.992371
22000,0.009000,-14.552783,0.992347
22000,0.010000,-14.033340,0.992321
22000,0.011000,-13.516268,0.992296
22000,0.012000,-13.001713,0.992270
22000,0.013000,-12.489815,0.992243
22000,0.014000,-11.980713,0.992217
22000,0.015000,-11.474542,0.992190
22000,0.016000,-10.971434,0.992163
22000,0.017000,-10.471520,0.992136
22000,0.018000,-9.974926,0.992108
22000,0.019000,-9.481776,0.992080
22000,0.020000,-8.992191,0.992052
22000,0.021000,-8.506289,0.992024
22000,0.022000,-8.024185,0.991996
22000,0.023000,-7.545992,0.991968
22000,0.024000,-7.071820,0.991939
22000,0.025000,-6.601775,0.991911
22000,0.026000,-6.135963,0.991882
22000,0.027000,-5.674484,0.991853
22000,0.028000,-5.217437,0.991825
22000,0.029000,-4.764919,0.991796
22000,0.030000,-4.317024,0.991767
22000,0.031000,-3.873843,0.991738
22000,0.032000,-3.435464,0.991710
22000,0.033000,-3.001974,0.991681
22000,0.034000,-2.573457,0.991652
22000,0.035000,-2.149994,0.991624
22000,0.036000,-1.731664,0.991595
22000,0.037000,-1.318544,0.991567
22000,0.038000,-0.910709,0.991539
22000,0.039000,-0.508231,0.991510
22000,0.040000,-0.111180,0.991482
22000,0.041000,0.280376,0.991455
22000,0.042000,0.666371,0.991427
22000,0.043000,1.046741,0.991399
22000,0.044000,1.421425,0.991372
22000,0.045000,1.790362,0.991345
22000,0.046000,2.153494,0.991318
22000,0.047000,2.510766,0.991291
22000,0.048000,2.862123,0.991265
22000,0.049000,3.207513,0.991239
22000,0.050000,3.546885,0.991213
22000,0.051000,3.880190,0.991187
22000,0.052000,4.207382,0.991162
22000,0.053000,4.528414,0.991137
22000,0.054000,4.843243,0.991113
22000,0.055000,5.151826,0.991088
22000,0.056000,5.454122,0.991064
22000,0.057000,5.750093,0.991041
22000,0.058000,6.039700,0.991018
22000,0.059000,6.322906,0.990995
22000,0.060000,6.599678,0.990972
22000,0.061000,6.869980,0.990950
22000,0.062000,7.133781,0.990929
22000,0.063000,7.391050,0.990908
22000,0.064000,7.641756,0.990887
22000,0.065000,7.885871,0.990867
22000,0.066000,8.123367,0.990847
22000,0.067000,8.354219,0.990827
22000,0.068000,8.578400,0.990808
22000,0.069000,8.795888,0.990790
22000,0.070000,9.006658,0.990772
22000,0.071000,9.210689,0.990755
22000,0.072000,9.407960,0.990738
22000,0.073000,9.598450,0.990721
22000,0.074000,9.782142,0.990706
22000,0.075000,9.959015,0.990690
22000,0.076000,10.129054,0.990675
22000,0.077000,10.292241,0.990661
22000,0.078000,10.448562,0.990647
22000,0.079000,10.598002,0.990634
22000,0.080000,10.740546,0.990622
22000,0.081000,10.876181,0.990610
22000,0.082000,11.004896,0.990598
22000,0.083000,11.126678,0.990588
22000,0.084000,11.241517,0.990577
22000,0.085000,11.349403,0.990568
22000,0.086000,11.450325,0.990559
22000,0.087000,11.544276,0.990550
22000,0.088000,11.631247,0.990543
22000,0.089000,11.711232,0.990535
22000,0.090000,11.784222,0.990529
22000,0.091000,11.850211,0.990523
22000,0.092000,11.909196,0.990518
22000,0.093000,11.961169,0.990513
22000,0.094000,12.006128,0.990509
22000,0.095000,12.044068,0.990505
22000,0.096000,12.074986,0.990503
22000,0.097000,12.098880,0.990500
22000,0.098000,12.115748,0.990499
22000,0.099000,12.125588,0.990498
24000,0.000000,-18.000000,0.992891
24000,0.001000,-17.758740,0.992847
24000,0.002000,-17.517869,0.992834
24000,0.003000,-17.277379,0.992822
24000,0.004000,-17.037302,0.992809
24000,0.005000,-16.794079,0.992814
24000,0.006000,-16.322698,0.992790
24000,0.007000,-15.852939,0.992766
24000,0.008000,-15.384941,0.992742
24000,0.009000,-14.918840,0.992717
24000,0.010000,-14.454770,0.992692
24000,0.011000,-13.992863,0.992666
24000,0.012000,-13.533246,0.992641
24000,0.013000,-13.076047,0.992615
24000,0.014000,-12.621388,0.992588
24000,0.015000,-12.169391,0.992562
24000,0.016000,-11.720172,0.992535
24000,0.017000,-11.273848,0.992508
24000,0.018000,-10.830531,0.992480
24000,0.019000,-10.390332,0.992453
24000,0.020000,-9.953357,0.992425
24000,0.021000,-9.519712,0.992397
24000,0.022000,-9.089499,0.992369
24000,0.023000,-8.662817,0.992341
24000,0.024000,-8.239765,0.992313
24000,0.025000,-7.820436,0.992284
24000,0.026000,-7.404922,0.992256
24000,0.027000,-6.993315,0.992228
24000,0.028000,-6.585700,0.992199
24000,0.029000,-6.182164,0.992171
24000,0.030000,-5.782788,0.992142
24000,0.031000,-5.387653,0.992114
24000,0.032000,-4.996838,0.992085
24000,0.033000,-4.610418,0.992057
24000,0.034000,-4.228466,0.992028
24000,0.035000,-3.851055,0.992000
24000,0.036000,-3.478254,0.991972
24000,0.037000,-3.110130,0.991944
24000,0.038000,-2.746748,0.991915
24000,0.039000,-2.388172,0.991888
24000,0.040000,-2.034463,0.991860
24000,0.041000,-1.685681,0.991832
24000,0.042000,-1.341883,0.991805
24000,0.043000,-1.003124,0.991778
24000,0.044000,-0.669460,0.991751
24000,0.045000,-0.340941,0.991724
24000,0.046000,-0.017618,0.991697
24000,0.047000,0.300460,0.991671
24000,0.048000,0.613247,0.991645
24000,0.049000,0.920695,0.991619
24000,0.050000,1.222763,0.991593
24000,0.051000,1.519407,0.991568
24000,0.052000,1.810587,0.991543
24000,0.053000,2.096264,0.991518
24000,0.054000,2.376399,0.991494
24000,0.055000,2.650956,0.991470
24000,0.056000,2.919900,0.991446
24000,0.057000,3.183196,0.991423
24000,0.058000,3.440814,0.991400
24000,0.059000,3.692720,0.991377
24000,0.060000,3.938886,0.991355
24000,0.061000,4.179281,0.991333
24000,0.062000,4.413880,0.991312
24000,0.063000,4.642654,0.991291
24000,0.064000,4.865579,0.991270
24000,0.065000,5.082630,0.991250
24000,0.066000,5.293784,0.991231
24000,0.067000,5.499018,0.991211
24000,0.068000,5.698310,0.991193
24000,0.069000,5.891641,0.991174
24000,0.070000,6.078991,0.991157
24000,0.071000,6.260342,0.991140
24000,0.072000,6.435674,0.991123
24000,0.073000,6.604972,0.991107
24000,0.074000,6.768220,0.991091
24000,0.075000,6.925402,0.991076
24000,0.076000,7.076503,0.991061
24000,0.077000,7.221509,0.991047
24000,0.078000,7.360409,0.991033
24000,0.079000,7.493189,0.991020
24000,0.080000,7.619837,0.991008
24000,0.081000,7.740343,0.990996
24000,0.082000,7.854697,0.990985
24000,0.083000,7.962888,0.990974
24000,0.084000,8.064907,0.990964
24000,0.085000,8.160747,0.990955
24000,0.086000,8.250399,0.990946
24000,0.087000,8.333855,0.990937
24000,0.088000,8.411110,0.990930
24000,0.089000,8.482157,0.990923
24000,0.090000,8.546989,0.990916
24000,0.091000,8.605603,0.990910
24000,0.092000,8.657994,0.990905
24000,0.093000,8.704157,0.990900
24000,0.094000,8.744089,0.990896
24000,0.095000,8.777786,0.990893
24000,0.096000,8.805247,0.990890
24000,0.097000,8.826469,0.990888
24000,0.098000,8.841450,0.990886
24000,0.099000,8.850189,0.990886
26000,0.000000,-18.000000,0.993247
26000,0.001000,-17.783539,0.993203
26000,0.002000,-17.567437,0.993191
26000,0.003000,-17.351685,0.993179
26000,0.004000,-17.136314,0.993166
26000,0.005000,-16.917602,0.993170
26000,0.006000,-16.494684,0.993147
26000,0.007000,-16.073255,0.993123
26000,0.008000,-15.653442,0.993099
26000,0.009000,-15.235367,0.993074
26000,0.010000,-14.819149,0.993049
26000,0.011000,-14.404906,0.993024
26000,0.012000,-13.992753,0.992998
26000,0.013000,-13.582804,0.992972
26000,0.014000,-13.175169,0.992946
26000,0.015000,-12.769955,0.992920
26000,0.016000,-12.367268,0.992893
26000,0.017000,-11.967210,0.992867
26000,0.018000,-11.569884,0.992839
26000,0.019000,-11.175387,0.992812
26000,0.020000,-10.783814,0.992785
26000,0.021000,-10.395259,0.992757
26000,0.022000,-10.009814,0.992730
26000,0.023000,-9.627566,0.992702
26000,0.024000,-9.248604,0.992674
26000,0.025000,-8.873009,0.992646
26000,0.026000,-8.500865,0.992618
26000,0.027000,-8.132252,0.992590
26000,0.028000,-7.767246,0.992562
26000,0.029000,-7.405924,0.992533
26000,0.030000,-7.048357,0.992505
26000,0.031000,-6.694619,0.992477
26000,0.032000,-6.344777,0.992449
26000,0.033000,-5.998899,0.992421
26000,0.034000,-5.657050,0.992393
26000,0.035000,-5.319292,0.992365
26000,0.036000,-4.985688,0.992337
26000,0.037000,-4.656297,0.992309
26000,0.038000,-4.331176,0.992282
26000,0.039000,-4.010380,0.992254
26000,0.040000,-3.693964,0.992227
26000,0.041000,-3.381980,0.992199
26000,0.042000,-3.074479,0.992172
26000,0.043000,-2.771509,0.992146
26000,0.044000,-2.473117,0.992119
26000,0.045000,-2.179350,0.992092
26000,0.046000,-1.890251,0.992066
26000,0.047000,-1.605863,0.992040
26000,0.048000,-1.326226,0.992014
26000,0.049000,-1.051381,0.991989
26000,0.050000,-0.781366,0.991964
26000,0.051000,-0.516217,0.991939
26000,0.052000,-0.255971,0.991914
26000,0.053000,-0.000660,0.991890
26000,0.054000,0.249681,0.991866
26000,0.055000,0.495021,0.991842
26000,0.056000,0.735330,0.991819
26000,0.057000,0.970578,0.991795
26000,0.058000,1.200738,0.991773
26000,0.059000,1.425781,0.991751
26000,0.060000,1.645683,0.991729
26000,0.061000,1.860418,0.991707
26000,0.062000,2.069963,0.991686
26000,0.063000,2.274294,0.991665
26000,0.064000,2.473389,0.991645
26000,0.065000,2.667228,0.991625
26000,0.066000,2.855791,0.991606
26000,0.067000,3.039058,0.991587
26000,0.068000,3.217012,0.991569
26000,0.069000,3.389633,0.991551
26000,0.070000,3.556907,0.991533
26000,0.071000,3.718816,0.991516
26000,0.072000,3.875346,0.991500
26000,0.073000,4.026482,0.991484
26000,0.074000,4.172211,0.991468
26000,0.075000,4.312519,0.991453
26000,0.076000,4.447394,0.991439
26000,0.077000,4.576825,0.991425
26000,0.078000,4.700800,0.991412
26000,0.079000,4.819309,0.991399
26000,0.080000,4.932342,0.991387
26000,0.081000,5.039890,0.991375
26000,0.082000,5.141944,0.991364
26000,0.083000,5.238495,0.991353
26000,0.084000,5.329537,0.991344
26000,0.085000,5.415061,0.991334
26000,0.086000,5.495062,0.991325
26000,0.087000,5.569533,0.991317
26000,0.088000,5.638468,0.991310
26000,0.089000,5.701863,0.991303
26000,0.090000,5.759712,0.991296
26000,0.091000,5.812012,0.991290
26000,0.092000,5.858757,0.991285
26000,0.093000,5.899946,0.991281
26000,0.094000,5.935574,0.991277
26000,0.095000,5.965640,0.991273
26000,0.096000,5.990141,0.991271
26000,0.097000,6.009076,0.991268
26000,0.098000,6.022442,0.991267
26000,0.099000,6.030239,0.991266
28000,0.000000,-18.000000,0.993588
28000,0.001000,-17.805055,0.993546
28000,0.002000,-17.610439,0.993534
28000,0.003000,-17.416148,0.993522
28000,0.004000,-17.222207,0.993509
28000,0.005000,-17.024824,0.993513
28000,0.006000,-16.643949,0.993490
28000,0.007000,-16.264447,0.993466
28000,0.008000,-15.886428,0.993442
28000,0.009000,-15.510004,0.993418
28000,0.010000,-15.135282,0.993393
28000,0.011000,-14.762368,0.993368
28000,0.012000,-14.391366,0.993343
28000,0.013000,-14.022377,0.993318
28000,0.014000,-13.655499,0.993292
28000,0.015000,-13.290831,0.993266
28000,0.016000,-12.928465,0.993239
28000,0.017000,-12.568496,0.993213
28000,0.018000,-12.211013,0.993186
28000,0.019000,-11.856104,0.993159
28000,0.020000,-11.503855,0.993132
28000,0.021000,-11.154348,0.993105
28000,0.022000,-10.807667,0.993078
28000,0.023000,-10.463890,0.993051
28000,0.024000,-10.123094,0.993023
28000,0.025000,-9.785354,0.992995
28000,0.026000,-9.450744,0.992968
28000,0.027000,-9.119335,0.992940
28000,0.028000,-8.791195,0.992912
28000,0.029000,-8.466392,0.992885
28000,0.030000,-8.144991,0.992857
28000,0.031000,-7.827054,0.992829
28000,0.032000,-7.512645,0.992801
28000,0.033000,-7.201822,0.992774
28000,0.034000,-6.894642,0.992746
28000,0.035000,-6.591163,0.992719
28000,0.036000,-6.291437,0.992691
28000,0.037000,-5.995519,0.992664
28000,0.038000,-5.703458,0.992637
28000,0.039000,-5.415304,0.992610
28000,0.040000,-5.131104,0.992583
28000,0.041000,-4.850905,0.992556
28000,0.042000,-4.574752,0.992529
28000,0.043000,-4.302687,0.992503
28000,0.044000,-4.034751,0.992477
28000,0.045000,-3.770986,0.992451
28000,0.046000,-3.511430,0.992425
28000,0.047000,-3.256120,0.992399
28000,0.048000,-3.005092,0.992374
28000,0.049000,-2.758382,0.992349
28000,0.050000,-2.516022,0.992324
28000,0.051000,-2.278045,0.992299
28000,0.052000,-2.044483,0.992275
28000,0.053000,-1.815364,0.992251
28000,0.054000,-1.590718,0.992228
28000,0.055000,-1.370572,0.992204
28000,0.056000,-1.154954,0.992181
28000,0.057000,-0.943887,0.992159
28000,0.058000,-0.737398,0.992136
28000,0.059000,-0.535510,0.992115
28000,0.060000,-0.338245,0.992093
28000,0.061000,-0.145624,0.992072
28000,0.062000,0.042331,0.992051
28000,0.063000,0.225601,0.992031
28000,0.064000,0.404166,0.992011
28000,0.065000,0.578009,0.991992
28000,0.066000,0.747112,0.991973
28000,0.067000,0.911458,0.991954
28000,0.068000,1.071032,0.991936
28000,0.069000,1.225819,0.991918
28000,0.070000,1.375804,0.991901
28000,0.071000,1.520974,0.991884
28000,0.072000,1.661315,0.991868
28000,0.073000,1.796815,0.991852
28000,0.074000,1.927462,0.991837
28000,0.075000,2.053246,0.991823
28000,0.076000,2.174155,0.991808
28000,0.077000,2.290179,0.991795
28000,0.078000,2.401310,0.991782
28000,0.079000,2.507537,0.991769
28000,0.080000,2.608853,0.991757
28000,0.081000,2.705250,0.991746
28000,0.082000,2.796721,0.991735
28000,0.083000,2.883257,0.991724
28000,0.084000,2.964853,0.991715
28000,0.085000,3.041503,0.991705
28000,0.086000,3.113201,0.991697
28000,0.087000,3.179942,0.991689
28000,0.088000,3.241721,0.991681
28000,0.089000,3.298533,0.991674
28000,0.090000,3.350375,0.991668
28000,0.091000,3.397243,0.991662
28000,0.092000,3.439134,0.991657
28000,0.093000,3.476044,0.991653
28000,0.094000,3.507971,0.991649
28000,0.095000,3.534913,0.991646
28000,0.096000,3.556869,0.991643
28000,0.097000,3.573836,0.991641
28000,0.098000,3.585813,0.991639
28000,0.099000,3.592800,0.991639
30000,0.000000,-18.000000,0.993917
30000,0.001000,-17.823784,0.993876
30000,0.002000,-17.647873,0.993864
30000,0.003000,-17.472262,0.993852
30000,0.004000,-17.296973,0.993840
30000,0.005000,-17.118209,0.993843
30000,0.006000,-16.773935,0.993820
30000,0.007000,-16.430926,0.993797
30000,0.008000,-16.089284,0.993773
30000,0.009000,-15.749107,0.993749
30000,0.010000,-15.410493,0.993725
30000,0.011000,-15.073539,0.993700
30000,0.012000,-14.738336,0.993675
30000,0.013000,-14.404977,0.993650
30000,0.014000,-14.073551,0.993625
30000,0.015000,-13.744145,0.993599
30000,0.016000,-13.416844,0.993573
30000,0.017000,-13.091731,0.993547
30000,0.018000,-12.768888,0.993521
30000,0.019000,-12.448393,0.993494
30000,0.020000,-12.130324,0.993468
30000,0.021000,-11.814755,0.993441
30000,0.022000,-11.501760,0.993414
30000,0.023000,-11.191410,0.993387
30000,0.024000,-10.883774,0.993360
30000,0.025000,-10.578919,0.993333
30000,0.026000,-10.276911,0.993306
30000,0.027000,-9.977814,0.993279
30000,0.028000,-9.681688,0.993252
30000,0.029000,-9.388595,0.993224
30000,0.030000,-9.098592,0.993197
30000,0.031000,-8.811737,0.993170
30000,0.032000,-8.528083,0.993143
30000,0.033000,-8.247683,0.993115
30000,0.034000,-7.970591,0.993088
30000,0.035000,-7.696854,0.993061
30000,0.036000,-7.426522,0.993034
30000,0.037000,-7.159642,0.993008
30000,0.038000,-6.896258,0.992981
30000,0.039000,-6.636414,0.992954
30000,0.040000,-6.380153,0.992928
30000,0.041000,-6.127516,0.992902
30000,0.042000,-5.878542,0.992875
30000,0.043000,-5.633270,0.992849
30000,0.044000,-5.391735,0.992824
30000,0.045000,-5.153974,0.992798
30000,0.046000,-4.920022,0.992773
30000,0.047000,-4.689910,0.992748
30000,0.048000,-4.463671,0.992723
30000,0.049000,-4.241336,0.992698
30000,0.050000,-4.022935,0.992674
30000,0.051000,-3.808495,0.992650
30000,0.052000,-3.598044,0.992626
30000,0.053000,-3.391608,0.992603
30000,0.054000,-3.189213,0.992579
30000,0.055000,-2.990883,0.992557
30000,0.056000,-2.796641,0.992534
30000,0.057000,-2.606510,0.992512
30000,0.058000,-2.420511,0.992490
30000,0.059000,-2.238665,0.992469
30000,0.060000,-2.060992,0.992447
30000,0.061000,-1.887510,0.992427
30000,0.062000,-1.718237,0.992406
30000,0.063000,-1.553192,0.992387
30000,0.064000,-1.392390,0.992367
30000,0.065000,-1.235847,0.992348
30000,0.066000,-1.083578,0.992329
30000,0.067000,-0.935599,0.992311
30000,0.068000,-0.791921,0.992293
30000,0.069000,-0.652560,0.992276
30000,0.070000,-0.517526,0.992259
30000,0.071000,-0.386833,0.992243
30000,0.072000,-0.260491,0.992227
30000,0.073000,-0.138511,0.992212
30000,0.074000,-0.020904,0.992197
30000,0.075000,0.092322,0.992182
30000,0.076000,0.201157,0.992168
30000,0.077000,0.305592,0.992155
30000,0.078000,0.405619,0.992142
30000,0.079000,0.501231,0.992130
30000,0.080000,0.592420,0.992118
30000,0.081000,0.679179,0.992107
30000,0.082000,0.761503,0.992096
30000,0.083000,0.839384,0.992086
30000,0.084000,0.912818,0.992077
30000,0.085000,0.981799,0.992068
30000,0.086000,1.046322,0.992059
30000,0.087000,1.106383,0.992051
30000,0.088000,1.161978,0.992044
30000,0.089000,1.213102,0.992037
30000,0.090000,1.259754,0.992031
30000,0.091000,1.301929,0.992025
30000,0.092000,1.339624,0.992020
30000,0.093000,1.372837,0.992016
30000,0.094000,1.401567,0.992012
30000,0.095000,1.425811,0.992009
30000,0.096000,1.445567,0.992006
30000,0.097000,1.460834,0.992004
30000,0.098000,1.471612,0.992003
30000,0.099000,1.477899,0.992002
32000,0.000000,-18.000000,0.994233
32000,0.001000,-17.840143,0.994193
32000,0.002000,-17.680569,0.994182
32000,0.003000,-17.521271,0.994170
32000,0.004000,-17.362272,0.994158
32000,0.005000,-17.199813,0.994160
32000,0.006000,-16.887508,0.994138
32000,0.007000,-16.576372,0.994115
32000,0.008000,-16.266496,0.994092
32000,0.009000,-15.957970,0.994068
32000,0.010000,-15.650884,0.994044
32000,0.011000,-15.345323,0.994020
32000,0.012000,-15.041372,0.993995
32000,0.013000,-14.739113,0.993971
32000,0.014000,-14.438628,0.993946
32000,0.015000,-14.139995,0.993921
32000,0.016000,-13.843291,0.993895
32000,0.017000,-13.548592,0.993869
32000,0.018000,-13.255969,0.993844
32000,0.019000,-12.965496,0.993818
32000,0.020000,-12.677240,0.993792
32000,0.021000,-12.391270,0.993765
32000,0.022000,-12.107652,0.993739
32000,0.023000,-11.826450,0.993713
32000,0.024000,-11.547726,0.993686
32000,0.025000,-11.271540,0.993659
32000,0.026000,-10.997951,0.993633
32000,0.027000,-10.727018,0.993606
32000,0.028000,-10.458794,0.993579
32000,0.029000,-10.193334,0.993553
32000,0.030000,-9.930691,0.993526
32000,0.031000,-9.670914,0.993499
32000,0.032000,-9.414054,0.993473
32000,0.033000,-9.160157,0.993446
32000,0.034000,-8.909269,0.993419
32000,0.035000,-8.661436,0.993393
32000,0.036000,-8.416701,0.993367
32000,0.037000,-8.175105,0.993340
32000,0.038000,-7.936689,0.993314
32000,0.039000,-7.701491,0.993288
32000,0.040000,-7.469550,0.993262
32000,0.041000,-7.240903,0.993236
32000,0.042000,-7.015583,0.993211
32000,0.043000,-6.793626,0.993185
32000,0.044000,-6.575064,0.993160
32000,0.045000,-6.359929,0.993135
32000,0.046000,-6.148251,0.993110
32000,0.047000,-5.940060,0.993086
32000,0.048000,-5.735383,0.993061
32000,0.049000,-5.534249,0.993037
32000,0.050000,-5.336682,0.993013
32000,0.051000,-5.142710,0.992990
32000,0.052000,-4.952355,0.992967
32000,0.053000,-4.765641,0.992944
32000,0.054000,-4.582591,0.992921
32000,0.055000,-4.403225,0.992898
32000,0.056000,-4.227565,0.992876
32000,0.057000,-4.055630,0.992855
32000,0.058000,-3.887439,0.992833
32000,0.059000,-3.723011,0.992812
32000,0.060000,-3.562362,0.992792
32000,0.061000,-3.405510,0.992771
32000,0.062000,-3.252469,0.992752
32000,0.063000,-3.103257,0.992732
32000,0.064000,-2.957886,0.992713
32000,0.065000,-2.816370,0.992694
32000,0.066000,-2.678724,0.992676
32000,0.067000,-2.544960,0.992658
32000,0.068000,-2.415089,0.992641
32000,0.069000,-2.289124,0.992624
32000,0.070000,-2.167075,0.992608
32000,0.071000,-2.048952,0.992592
32000,0.072000,-1.934765,0.992576
32000,0.073000,-1.824524,0.992561
32000,0.074000,-1.718237,0.992547
32000,0.075000,-1.615913,0.992532
32000,0.076000,-1.517561,0.992519
32000,0.077000,-1.423186,0.992506
32000,0.078000,-1.332797,0.992493
32000,0.079000,-1.246400,0.992481
32000,0.080000,-1.164001,0.992470
32000,0.081000,-1.085607,0.992459
32000,0.082000,-1.011222,0.992448
32000,0.083000,-0.940852,0.992438
32000,0.084000,-0.874503,0.992429
32000,0.085000,-0.812177,0.992420
32000,0.086000,-0.753880,0.992412
32000,0.087000,-0.699616,0.992404
32000,0.088000,-0.649387,0.992397
32000,0.089000,-0.603197,0.992390
32000,0.090000,-0.561050,0.992384
32000,0.091000,-0.522947,0.992379
32000,0.092000,-0.488892,0.992374
32000,0.093000,-0.458886,0.992370
32000,0.094000,-0.432931,0.992366
32000,0.095000,-0.411029,0.992363
32000,0.096000,-0.393181,0.992360
32000,0.097000,-0.379388,0.992358
32000,0.098000,-0.369652,0.992357
32000,0.099000,-0.363972,0.992356
34000,0.000000,-18.000000,0.994537
34000,0.001000,-17.854479,0.994499
34000,0.002000,-17.709220,0.994487
34000,0.003000,-17.564217,0.994475
34000,0.004000,-17.419491,0.994463
34000,0.005000,-17.271357,0.994466
34000,0.006000,-16.987066,0.994444
34000,0.007000,-16.703858,0.994421
34000,0.008000,-16.421815,0.994398
34000,0.009000,-16.141019,0.994375
34000,0.010000,-15.861552,0.994352
34000,0.011000,-15.583490,0.994328
34000,0.012000,-15.306911,0.994304
34000,0.013000,-15.031890,0.994280
34000,0.014000,-14.758501,0.994255
34000,0.015000,-14.486814,0.994230
34000,0.016000,-14.216899,0.994205
34000,0.017000,-13.948825,0.994180
34000,0.018000,-13.682658,0.994155
34000,0.019000,-13.418463,0.994130
34000,0.020000,-13.156301,0.994104
34000,0.021000,-12.896235,0.994078
34000,0.022000,-12.638324,0.994052
34000,0.023000,-12.382626,0.994026
34000,0.024000,-12.129196,0.994000
34000,0.025000,-11.878091,0.993974
34000,0.026000,-11.629363,0.993948
34000,0.027000,-11.383063,0.993922
34000,0.028000,-11.139242,0.993896
34000,0.029000,-10.897948,0.993870
34000,0.030000,-10.659228,0.993844
34000,0.031000,-10.423128,0.993818
34000,0.032000,-10.189692,0.993791
34000,0.033000,-9.958963,0.993765
34000,0.034000,-9.730982,0.993739
34000,0.035000,-9.505789,0.993713
34000,0.036000,-9.283424,0.993688
34000,0.037000,-9.063923,0.993662
34000,0.038000,-8.847323,0.993636
34000,0.039000,-8.633660,0.993611
34000,0.040000,-8.422966,0.993586
34000,0.041000,-8.215275,0.993560
34000,0.042000,-8.010618,0.993535
34000,0.043000,-7.809025,0.993510
34000,0.044000,-7.610526,0.993486
34000,0.045000,-7.415149,0.993461
34000,0.046000,-7.222921,0.993437
34000,0.047000,-7.033869,0.993413
34000,0.048000,-6.848018,0.993389
34000,0.049000,-6.665392,0.993366
34000,0.050000,-6.486014,0.993342
34000,0.051000,-6.309906,0.993319
34000,0.052000,-6.137091,0.993297
34000,0.053000,-5.967589,0.993274
34000,0.054000,-5.801420,0.993252
34000,0.055000,-5.638603,0.993230
34000,0.056000,-5.479156,0.993209
34000,0.057000,-5.323097,0.993187
34000,0.058000,-5.170443,0.993166
34000,0.059000,-5.021209,0.993146
34000,0.060000,-4.875411,0.993126
34000,0.061000,-4.733063,0.993106
34000,0.062000,-4.594181,0.993087
34000,0.063000,-4.458777,0.993068
34000,0.064000,-4.326863,0.993049
34000,0.065000,-4.198453,0.993031
34000,0.066000,-4.073558,0.993013
34000,0.067000,-3.952188,0.992996
34000,0.068000,-3.834355,0.992979
34000,0.069000,-3.720069,0.992962
34000,0.070000,-3.609339,0.992946
34000,0.071000,-3.502175,0.992930
34000,0.072000,-3.398584,0.992915
34000,0.073000,-3.298576,0.992901
34000,0.074000,-3.202157,0.992886
34000,0.075000,-3.109336,0.992873
34000,0.076000,-3.020118,0.992859
34000,0.077000,-2.934512,0.992847
34000,0.078000,-2.852522,0.992834
34000,0.079000,-2.774156,0.992823
34000,0.080000,-2.699417,0.992811
34000,0.081000,-2.628312,0.992801
34000,0.082000,-2.560845,0.992790
34000,0.083000,-2.497021,0.992781
34000,0.084000,-2.436843,0.992772
34000,0.085000,-2.380317,0.992763
34000,0.086000,-2.327444,0.992755
34000,0.087000,-2.278230,0.992747
34000,0.088000,-2.232676,0.992740
34000,0.089000,-2.190787,0.992734
34000,0.090000,-2.152563,0.992728
34000,0.091000,-2.118008,0.992723
34000,0.092000,-2.087124,0.992718
34000,0.093000,-2.059912,0.992714
34000,0.094000,-2.036374,0.992710
34000,0.095000,-2.016512,0.992707
34000,0.096000,-2.000326,0.992705
34000,0.097000,-1.987818,0.992703
34000,0.098000,-1.978988,0.992701
34000,0.099000,-1.973837,0.992700
36000,0.000000,-18.000000,0.994829
36000,0.001000,-17.867082,0.994792
36000,0.002000,-17.734407,0.994781
36000,0.003000,-17.601971,0.994769
36000,0.004000,-17.469792,0.994758
36000,0.005000,-17.334280,0.994760
36000,0.006000,-17.074619,0.994738
36000,0.007000,-16.815961,0.994716
36000,0.008000,-16.558384,0.994693
36000,0.009000,-16.301962,0.994671
36000,0.010000,-16.046767,0.994648
36000,0.011000,-15.792872,0.994624
36000,0.012000,-15.540346,0.994601
36000,0.013000,-15.289258,0.994577
36000,0.014000,-15.039674,0.994553
36000,0.015000,-14.791660,0.994529
36000,0.016000,-14.545279,0.994504
36000,0.017000,-14.300592,0.994480
36000,0.018000,-14.057661,0.994455
36000,0.019000,-13.816543,0.994430
36000,0.020000,-13.577296,0.994405
36000,0.021000,-13.339975,0.994380
36000,0.022000,-13.104635,0.994355
36000,0.023000,-12.871328,0.994329
36000,0.024000,-12.640104,0.994304
36000,0.025000,-12.411014,0.994278
36000,0.026000,-12.184106,0.994253
36000,0.027000,-11.959426,0.994227
36000,0.028000,-11.737019,0.994202
36000,0.029000,-11.516930,0.994176
36000,0.030000,-11.299202,0.994151
36000,0.031000,-11.083874,0.994125
36000,0.032000,-10.870988,0.994100
36000,0.033000,-10.660582,0.994074
36000,0.034000,-10.452693,0.994049
36000,0.035000,-10.247357,0.994023
36000,0.036000,-10.044610,0.993998
36000,0.037000,-9.844485,0.993973
36000,0.038000,-9.647016,0.993948
36000,0.039000,-9.452233,0.993923
36000,0.040000,-9.260166,0.993898
36000,0.041000,-9.070847,0.993874
36000,0.042000,-8.884302,0.993849
36000,0.043000,-8.700559,0.993825
36000,0.044000,-8.519644,0.993801
36000,0.045000,-8.341583,0.993777
36000,0.046000,-8.166401,0.993753
36000,0.047000,-7.994120,0.993730
36000,0.048000,-7.824763,0.993707
36000,0.049000,-7.658352,0.993684
36000,0.050000,-7.494908,0.993661
36000,0.051000,-7.334451,0.993638
36000,0.052000,-7.177001,0.993616
36000,0.053000,-7.022575,0.993594
36000,0.054000,-6.871191,0.993573
36000,0.055000,-6.722867,0.993551
36000,0.056000,-6.577619,0.993530
36000,0.057000,-6.435462,0.993510
36000,0.058000,-6.296412,0.993489
36000,0.059000,-6.160482,0.993469
36000,0.060000,-6.027686,0.993450
36000,0.061000,-5.898038,0.993430
36000,0.062000,-5.771549,0.993411
36000,0.063000,-5.648233,0.993393
36000,0.064000,-5.528099,0.993375
36000,0.065000,-5.411160,0.993357
36000,0.066000,-5.297424,0.993340
36000,0.067000,-5.186903,0.993323
36000,0.068000,-5.079606,0.993306
36000,0.069000,-4.975540,0.993290
36000,0.070000,-4.874716,0.993274
36000,0.071000,-4.777140,0.993259
36000,0.072000,-4.682821,0.993244
36000,0.073000,-4.591766,0.993230
36000,0.074000,-4.503981,0.993216
36000,0.075000,-4.419474,0.993203
36000,0.076000,-4.338249,0.993190
36000,0.077000,-4.260313,0.993177
36000,0.078000,-4.185672,0.993165
36000,0.079000,-4.114330,0.993154
36000,0.080000,-4.046292,0.993143
36000,0.081000,-3.981563,0.993132
36000,0.082000,-3.920147,0.993122
36000,0.083000,-3.862048,0.993113
36000,0.084000,-3.807269,0.993104
36000,0.085000,-3.755814,0.993096
36000,0.086000,-3.707687,0.993088
36000,0.087000,-3.662889,0.993081
36000,0.088000,-3.621425,0.993074
36000,0.089000,-3.583295,0.993067
36000,0.090000,-3.548503,0.993062
36000,0.091000,-3.517051,0.993057
36000,0.092000,-3.488940,0.993052
36000,0.093000,-3.464171,0.993048
36000,0.094000,-3.442747,0.993044
36000,0.095000,-3.424669,0.993041
36000,0.096000,-3.409937,0.993039
36000,0.097000,-3.398552,0.993037
36000,0.098000,-3.390515,0.993036
36000,0.099000,-3.385827,0.993035
38000,0.000000,-18.000000,0.995110
38000,0.001000,-17.878197,0.995075
38000,0.002000,-17.756620,0.995063
38000,0.003000,-17.635266,0.995052
38000,0.004000,-17.514150,0.995041
38000,0.005000,-17.389794,0.995042
38000,0.006000,-17.151854,0.995021
38000,0.007000,-16.914847,0.995000
38000,0.008000,-16.678844,0.994978
38000,0.009000,-16.443911,0.994955
38000,0.010000,-16.210118,0.994933
38000,0.011000,-15.977528,0.994910
38000,0.012000,-15.746206,0.994887
38000,0.013000,-15.516213,0.994864
38000,0.014000,-15.287612,0.994840
38000,0.015000,-15.060462,0.994816
38000,0.016000,-14.834819,0.994793
38000,0.017000,-14.610742,0.994768
38000,0.018000,-14.388284,0.994744
38000,0.019000,-14.167500,0.994720
38000,0.020000,-13.948440,0.994695
38000,0.021000,-13.731157,0.994671
38000,0.022000,-13.515698,0.994646
38000,0.023000,-13.302113,0.994621
38000,0.024000,-13.090447,0.994597
38000,0.025000,-12.880745,0.994572
38000,0.026000,-12.673051,0.994547
38000,0.027000,-12.467408,0.994522
38000,0.028000,-12.263857,0.994497
38000,0.029000,-12.062437,0.994472
38000,0.030000,-11.863187,0.994447
38000,0.031000,-11.666145,0.994422
38000,0.032000,-11.471347,0.994397
38000,0.033000,-11.278828,0.994372
38000,0.034000,-11.088621,0.994347
38000,0.035000,-10.900760,0.994323
38000,0.036000,-10.715276,0.994298
38000,0.037000,-10.532200,0.994273
38000,0.038000,-10.351562,0.994249
38000,0.039000,-10.173389,0.994225
38000,0.040000,-9.997710,0.994201
38000,0.041000,-9.824550,0.994177
38000,0.042000,-9.653936,0.994153
38000,0.043000,-9.485893,0.994129
38000,0.044000,-9.320443,0.994106
38000,0.045000,-9.157610,0.994082
38000,0.046000,-8.997416,0.994059
38000,0.047000,-8.839881,0.994036
38000,0.048000,-8.685027,0.994014
38000,0.049000,-8.532873,0.993991
38000,0.050000,-8.383437,0.993969
38000,0.051000,-8.236738,0.993947
38000,0.052000,-8.092793,0.993926
38000,0.053000,-7.951619,0.993904
38000,0.054000,-7.813230,0.993883
38000,0.055000,-7.677644,0.993862
38000,0.056000,-7.544874,0.993842
38000,0.057000,-7.414934,0.993822
38000,0.058000,-7.287837,0.993802
38000,0.059000,-7.163597,0.993782
38000,0.060000,-7.042226,0.993763
38000,0.061000,-6.923735,0.993744
38000,0.062000,-6.808136,0.993726
38000,0.063000,-6.695438,0.993708
38000,0.064000,-6.585653,0.993690
38000,0.065000,-6.478789,0.993673
38000,0.066000,-6.374857,0.993656
38000,0.067000,-6.273864,0.993639
38000,0.068000,-6.175820,0.993623
38000,0.069000,-6.080731,0.993608
38000,0.070000,-5.988606,0.993592
38000,0.071000,-5.899452,0.993577
38000,0.072000,-5.813275,0.993563
38000,0.073000,-5.730082,0.993549
38000,0.074000,-5.649879,0.993536
38000,0.075000,-5.572671,0.993523
38000,0.076000,-5.498464,0.993510
38000,0.077000,-5.427264,0.993498
38000,0.078000,-5.359074,0.993486
38000,0.079000,-5.293900,0.993475
38000,0.080000,-5.231745,0.993464
38000,0.081000,-5.172613,0.993454
38000,0.082000,-5.116509,0.993445
38000,0.083000,-5.063436,0.993435
38000,0.084000,-5.013397,0.993427
38000,0.085000,-4.966395,0.993418
38000,0.086000,-4.922432,0.993411
38000,0.087000,-4.881512,0.993404
38000,0.088000,-4.843637,0.993397
38000,0.089000,-4.808808,0.993391
38000,0.090000,-4.777028,0.993385
38000,0.091000,-4.748299,0.993380
38000,0.092000,-4.722622,0.993376
38000,0.093000,-4.699998,0.993372
38000,0.094000,-4.680430,0.993368
38000,0.095000,-4.663917,0.993365
38000,0.096000,-4.650461,0.993363
38000,0.097000,-4.640062,0.993361
38000,0.098000,-4.632722,0.993360
38000,0.099000,-4.628440,0.993359
40000,0.000000,-18.000000,0.995381
40000,0.001000,-17.888029,0.995346
40000,0.002000,-17.776270,0.995335
40000,0.003000,-17.664718,0.995324
40000,0.004000,-17.553388,0.995313
40000,0.005000,-17.438920,0.995315
40000,0.006000,-17.220195,0.995294
40000,0.007000,-17.002340,0.995273
40000,0.008000,-16.785419,0.995251
40000,0.009000,-16.569494,0.995229
40000,0.010000,-16.354627,0.995207
40000,0.011000,-16.140877,0.995185
40000,0.012000,-15.928305,0.995162
40000,0.013000,-15.716966,0.995140
40000,0.014000,-15.506916,0.995117
40000,0.015000,-15.298211,0.995094
40000,0.016000,-15.090902,0.995070
40000,0.017000,-14.885043,0.995047
40000,0.018000,-14.680682,0.995023
40000,0.019000,-14.477868,0.994999
40000,0.020000,-14.276651,0.994975
40000,0.021000,-14.077074,0.994951
40000,0.022000,-13.879185,0.994927
40000,0.023000,-13.683025,0.994903
40000,0.024000,-13.488639,0.994879
40000,0.025000,-13.296066,0.994854
40000,0.026000,-13.105347,0.994830
40000,0.027000,-12.916520,0.994806
40000,0.028000,-12.729623,0.994781
40000,0.029000,-12.544692,0.994757
40000,0.030000,-12.361762,0.994733
40000,0.031000,-12.180868,0.994708
40000,0.032000,-12.002043,0.994684
40000,0.033000,-11.825317,0.994660
40000,0.034000,-11.650723,0.994636
40000,0.035000,-11.478290,0.994612
40000,0.036000,-11.308047,0.994588
40000,0.037000,-11.140020,0.994564
40000,0.038000,-10.974239,0.994540
40000,0.039000,-10.810727,0.994516
40000,0.040000,-10.649511,0.994493
40000,0.041000,-10.490613,0.994469
40000,0.042000,-10.334059,0.994446
40000,0.043000,-10.179868,0.994423
40000,0.044000,-10.028064,0.994400
40000,0.045000,-9.878667,0.994377
40000,0.046000,-9.731697,0.994355
40000,0.047000,-9.587172,0.994333
40000,0.048000,-9.445112,0.994311
40000,0.049000,-9.305534,0.994289
40000,0.050000,-9.168455,0.994267
40000,0.051000,-9.033890,0.994246
40000,0.052000,-8.901857,0.994225
40000,0.053000,-8.772369,0.994204
40000,0.054000,-8.645442,0.994183
40000,0.055000,-8.521088,0.994163
40000,0.056000,-8.399321,0.994143
40000,0.057000,-8.280153,0.994124
40000,0.058000,-8.163597,0.994104
40000,0.059000,-8.049664,0.994085
40000,0.060000,-7.938364,0.994067
40000,0.061000,-7.829710,0.994048
40000,0.062000,-7.723709,0.994030
40000,0.063000,-7.620373,0.994013
40000,0.064000,-7.519709,0.993996
40000,0.065000,-7.421727,0.993979
40000,0.066000,-7.326435,0.993962
40000,0.067000,-7.233841,0.993946
40000,0.068000,-7.143951,0.993930
40000,0.069000,-7.056774,0.993915
40000,0.070000,-6.972316,0.993900
40000,0.071000,-6.890583,0.993886
40000,0.072000,-6.811581,0.993872
40000,0.073000,-6.735316,0.993858
40000,0.074000,-6.661793,0.993845
40000,0.075000,-6.591018,0.993832
40000,0.076000,-6.522995,0.993820
40000,0.077000,-6.457728,0.993808
40000,0.078000,-6.395223,0.993797
40000,0.079000,-6.335482,0.993786
40000,0.080000,-6.278510,0.993776
40000,0.081000,-6.224311,0.993766
40000,0.082000,-6.172887,0.993757
40000,0.083000,-6.124241,0.993748
40000,0.084000,-6.078377,0.993739
40000,0.085000,-6.035297,0.993731
40000,0.086000,-5.995003,0.993724
40000,0.087000,-5.957499,0.993717
40000,0.088000,-5.922785,0.993710
40000,0.089000,-5.890864,0.993704
40000,0.090000,-5.861737,0.993699
40000,0.091000,-5.835407,0.993694
40000,0.092000,-5.811874,0.993690
40000,0.093000,-5.791140,0.993686
40000,0.094000,-5.773205,0.993682
40000,0.095000,-5.758072,0.993680
40000,0.096000,-5.745739,0.993677
40000,0.097000,-5.736209,0.993676
40000,0.098000,-5.729482,0.993674
40000,0.099000,-5.725557,0.993674
42000,0.000000,-18.000000,0.995641
42000,0.001000,-17.896753,0.995608
42000,0.002000,-17.793703,0.995597
42000,0.003000,-17.690848,0.995586
42000,0.004000,-17.588200,0.995575
42000,0.005000,-17.482523,0.995576
42000,0.006000,-17.280847,0.995556
42000,0.007000,-17.079983,0.995535
42000,0.008000,-16.879990,0.995514
42000,0.009000,-16.680926,0.995493
42000,0.010000,-16.482848,0.995471
42000,0.011000,-16.285810,0.995450
42000,0.012000,-16.089867,0.995428
42000,0.013000,-15.895071,0.995405
42000,0.014000,-15.701474,0.995383
42000,0.015000,-15.509125,0.995360
42000,0.016000,-15.318073,0.995338
42000,0.017000,-15.128366,0.995315
42000,0.018000,-14.940049,0.995292
42000,0.019000,-14.753168,0.995268
42000,0.020000,-14.567767,0.995245
42000,0.021000,-14.383887,0.995222
42000,0.022000,-14.201569,0.995198
42000,0.023000,-14.020855,0.995175
42000,0.024000,-13.841782,0.995151
42000,0.025000,-13.664389,0.995127
42000,0.026000,-13.488711,0.995103
42000,0.027000,-13.314785,0.995080
42000,0.028000,-13.142644,0.995056
42000,0.029000,-12.972323,0.995032
42000,0.030000,-12.803852,0.995009
42000,0.031000,-12.637263,0.994985
42000,0.032000,-12.472586,0.994961
42000,0.033000,-12.309850,0.994938
42000,0.034000,-12.149084,0.994914
42000,0.035000,-11.990315,0.994891
42000,0.036000,-11.833568,0.994867
42000,0.037000,-11.678869,0.994844
42000,0.038000,-11.526243,0.994821
42000,0.039000,-11.375713,0.994798
42000,0.040000,-11.227302,0.994775
42000,0.041000,-11.081032,0.994752
42000,0.042000,-10.936923,0.994729
42000,0.043000,-10.794997,0.994707
42000,0.044000,-10.655272,0.994685
42000,0.045000,-10.517768,0.994663
42000,0.046000,-10.382502,0.994641
42000,0.047000,-10.249492,0.994619
42000,0.048000,-10.118755,0.994597
42000,0.049000,-9.990306,0.994576
42000,0.050000,-9.864161,0.994555
42000,0.051000,-9.740335,0.994534
42000,0.052000,-9.618841,0.994514
42000,0.053000,-9.499694,0.994494
42000,0.054000,-9.382906,0.994474
42000,0.055000,-9.268490,0.994454
42000,0.056000,-9.156457,0.994435
42000,0.057000,-9.046819,0.994416
42000,0.058000,-8.939587,0.994397
42000,0.059000,-8.834771,0.994378
42000,0.060000,-8.732380,0.994360
42000,0.061000,-8.632426,0.994342
42000,0.062000,-8.534915,0.994325
42000,0.063000,-8.439858,0.994308
42000,0.064000,-8.347261,0.994291
42000,0.065000,-8.257134,0.994275
42000,0.066000,-8.169483,0.994259
42000,0.067000,-8.084315,0.994243
42000,0.068000,-8.001637,0.994228
42000,0.069000,-7.921455,0.994213
42000,0.070000,-7.843776,0.994198
42000,0.071000,-7.768604,0.994184
42000,0.072000,-7.695946,0.994171
42000,0.073000,-7.625806,0.994158
42000,0.074000,-7.558190,0.994145
42000,0.075000,-7.493101,0.994132
42000,0.076000,-7.430545,0.994121
42000,0.077000,-7.370525,0.994109
42000,0.078000,-7.313044,0.994098
42000,0.079000,-7.258107,0.994087
42000,0.080000,-7.205717,0.994077
42000,0.081000,-7.155876,0.994068
42000,0.082000,-7.108589,0.994059
42000,0.083000,-7.063857,0.994050
42000,0.084000,-7.021684,0.994042
42000,0.085000,-6.982070,0.994034
42000,0.086000,-6.945020,0.994027
42000,0.087000,-6.910534,0.994020
42000,0.088000,-6.878614,0.994014
42000,0.089000,-6.849263,0.994008
42000,0.090000,-6.822482,0.994003
42000,0.091000,-6.798272,0.993998
42000,0.092000,-6.776634,0.993994
42000,0.093000,-6.757569,0.993990
42000,0.094000,-6.741079,0.993987
42000,0.095000,-6.727164,0.993984
42000,0.096000,-6.715825,0.993982
42000,0.097000,-6.707063,0.993980
42000,0.098000,-6.700877,0.993979
42000,0.099000,-6.697269,0.993978
44000,0.000000,-18.000000,0.995891
44000,0.001000,-17.904515,0.995859
44000,0.002000,-17.809216,0.995848
44000,0.003000,-17.714098,0.995838
44000,0.004000,-17.619175,0.995827
44000,0.005000,-17.521334,0.995828
44000,0.006000,-17.334828,0.995808
44000,0.007000,-17.149083,0.995788
44000,0.008000,-16.964152,0.995768
44000,0.009000,-16.780089,0.995747
44000,0.010000,-16.596946,0.995726
44000,0.011000,-16.414775,0.995705
44000,0.012000,-16.233624,0.995683
44000,0.013000,-16.053543,0.995661
44000,0.014000,-15.874578,0.995639
44000,0.015000,-15.696777,0.995617
44000,0.016000,-15.520182,0.995595
44000,0.017000,-15.344839,0.995573
44000,0.018000,-15.170789,0.995550
44000,0.019000,-14.998074,0.995528
44000,0.020000,-14.826735,0.995505
44000,0.021000,-14.656810,0.995482
44000,0.022000,-14.488336,0.995459
44000,0.023000,-14.321352,0.995436
44000,0.024000,-14.155892,0.995413
44000,0.025000,-13.991991,0.995390
44000,0.026000,-13.829682,0.995367
44000,0.027000,-13.668999,0.995344
44000,0.028000,-13.509972,0.995321
44000,0.029000,-13.352632,0.995298
44000,0.030000,-13.197009,0.995275
44000,0.031000,-13.043130,0.995251
44000,0.032000,-12.891025,0.995228
44000,0.033000,-12.740718,0.995205
44000,0.034000,-12.592237,0.995183
44000,0.035000,-12.445606,0.995160
44000,0.036000,-12.300848,0.995137
44000,0.037000,-12.157987,0.995114
44000,0.038000,-12.017046,0.995092
44000,0.039000,-11.878046,0.995069
44000,0.040000,-11.741008,0.995047
44000,0.041000,-11.605951,0.995025
44000,0.042000,-11.472895,0.995003
44000,0.043000,-11.341859,0.994981
44000,0.044000,-11.212860,0.994959
44000,0.045000,-11.085915,0.994938
44000,0.046000,-10.961041,0.994917
44000,0.047000,-10.838254,0.994895
44000,0.048000,-10.717569,0.994875
44000,0.049000,-10.599000,0.994854
44000,0.050000,-10.482561,0.994833
44000,0.051000,-10.368266,0.994813
44000,0.052000,-10.256128,0.994793
44000,0.053000,-10.146159,0.994774
44000,0.054000,-10.038370,0.994754
44000,0.055000,-9.932773,0.994735
44000,0.056000,-9.829379,0.994716
44000,0.057000,-9.728198,0.994698
44000,0.058000,-9.629240,0.994679
44000,0.059000,-9.532513,0.994661
44000,0.060000,-9.438028,0.994644
44000,0.061000,-9.345793,0.994627
44000,0.062000,-9.255815,0.994610
44000,0.063000,-9.168103,0.994593
44000,0.064000,-9.082664,0.994577
44000,0.065000,-8.999505,0.994561
44000,0.066000,-8.918632,0.994545
44000,0.067000,-8.840052,0.994530
44000,0.068000,-8.763771,0.994515
44000,0.069000,-8.689795,0.994501
44000,0.070000,-8.618129,0.994487
44000,0.071000,-8.548778,0.994473
44000,0.072000,-8.481746,0.994460
44000,0.073000,-8.417040,0.994447
44000,0.074000,-8.354662,0.994435
44000,0.075000,-8.294617,0.994423
44000,0.076000,-8.236909,0.994411
44000,0.077000,-8.181541,0.994400
44000,0.078000,-8.128517,0.994389
44000,0.079000,-8.077840,0.994379
44000,0.080000,-8.029512,0.994369
44000,0.081000,-7.983538,0.994360
44000,0.082000,-7.939919,0.994351
44000,0.083000,-7.898658,0.994342
44000,0.084000,-7.859757,0.994334
44000,0.085000,-7.823218,0.994327
44000,0.086000,-7.789043,0.994320
44000,0.087000,-7.757234,0.994313
44000,0.088000,-7.727792,0.994307
44000,0.089000,-7.700720,0.994302
44000,0.090000,-7.676017,0.994297
44000,0.091000,-7.653687,0.994292
44000,0.092000,-7.633729,0.994288
44000,0.093000,-7.616145,0.994284
44000,0.094000,-7.600936,0.994281
44000,0.095000,-7.588102,0.994278
44000,0.096000,-7.577643,0.994276
44000,0.097000,-7.569561,0.994274
44000,0.098000,-7.563856,0.994273
44000,0.099000,-7.560528,0.994273
46000,0.000000,-18.000000,0.996132
46000,0.001000,-17.911442,0.996101
46000,0.002000,-17.823058,0.996090
46000,0.003000,-17.734844,0.996080
46000,0.004000,-17.646814,0.996070
46000,0.005000,-17.555977,0.996071
46000,0.006000,-17.383008,0.996051
46000,0.007000,-17.210752,0.996031
46000,0.008000,-17.039260,0.996011
46000,0.009000,-16.868581,0.995991
46000,0.010000,-16.698763,0.995971
46000,0.011000,-16.529854,0.995950
46000,0.012000,-16.361898,0.995929
46000,0.013000,-16.194943,0.995908
46000,0.014000,-16.029030,0.995886
46000,0.015000,-15.864202,0.995865
46000,0.016000,-15.700501,0.995843
46000,0.017000,-15.537968,0.995821
46000,0.018000,-15.376641,0.995800
46000,0.019000,-15.216558,0.995778
46000,0.020000,-15.057757,0.995755
46000,0.021000,-14.900274,0.995733
46000,0.022000,-14.744144,0.995711
46000,0.023000,-14.589399,0.995688
46000,0.024000,-14.436074,0.995666
46000,0.025000,-14.284201,0.995644
46000,0.026000,-14.133809,0.995621
46000,0.027000,-13.984929,0.995599
46000,0.028000,-13.837590,0.995576
46000,0.029000,-13.691821,0.995554
46000,0.030000,-13.547647,0.995531
46000,0.031000,-13.405096,0.995509
46000,0.032000,-13.264192,0.995486
46000,0.033000,-13.124961,0.995464
46000,0.034000,-12.987425,0.995442
46000,0.035000,-12.851608,0.995419
46000,0.036000,-12.717532,0.995397
46000,0.037000,-12.585218,0.995375
46000,0.038000,-12.454686,0.995353
46000,0.039000,-12.325956,0.995331
46000,0.040000,-12.199048,0.995310
46000,0.041000,-12.073979,0.995288
46000,0.042000,-11.950767,0.995267
46000,0.043000,-11.829430,0.995246
46000,0.044000,-11.709983,0.995224
46000,0.045000,-11.592442,0.995204
46000,0.046000,-11.476822,0.995183
46000,0.047000,-11.363138,0.995162
46000,0.048000,-11.251403,0.995142
46000,0.049000,-11.141631,0.995122
46000,0.050000,-11.033834,0.995102
46000,0.051000,-10.928025,0.995083
46000,0.052000,-10.824216,0.995063
46000,0.053000,-10.722417,0.995044
46000,0.054000,-10.622640,0.995025
46000,0.055000,-10.524894,0.995007
46000,0.056000,-10.429190,0.994988
46000,0.057000,-10.335536,0.994970
46000,0.058000,-10.243942,0.994952
46000,0.059000,-10.154417,0.994935
46000,0.060000,-10.066967,0.994918
46000,0.061000,-9.981602,0.994901
46000,0.062000,-9.898328,0.994885
46000,0.063000,-9.817153,0.994868
46000,0.064000,-9.738083,0.994853
46000,0.065000,-9.661125,0.994837
46000,0.066000,-9.586284,0.994822
46000,0.067000,-9.513566,0.994807
46000,0.068000,-9.442978,0.994793
46000,0.069000,-9.374523,0.994779
46000,0.070000,-9.308207,0.994765
46000,0.071000,-9.244034,0.994752
46000,0.072000,-9.182009,0.994739
46000,0.073000,-9.122136,0.994727
46000,0.074000,-9.064419,0.994715
46000,0.075000,-9.008861,0.994703
46000,0.076000,-8.955466,0.994692
46000,0.077000,-8.904237,0.994681
46000,0.078000,-8.855177,0.994671
46000,0.079000,-8.808290,0.994661
46000,0.080000,-8.763577,0.994651
46000,0.081000,-8.721041,0.994642
46000,0.082000,-8.680686,0.994633
46000,0.083000,-8.642511,0.994625
46000,0.084000,-8.606521,0.994618
46000,0.085000,-8.572717,0.994610
46000,0.086000,-8.541099,0.994603
46000,0.087000,-8.511671,0.994597
46000,0.088000,-8.484434,0.994591
46000,0.089000,-8.459388,0.994586
46000,0.090000,-8.436536,0.994581
46000,0.091000,-8.415877,0.994576
46000,0.092000,-8.397414,0.994572
46000,0.093000,-8.381147,0.994569
46000,0.094000,-8.367076,0.994566
46000,0.095000,-8.355203,0.994563
46000,0.096000,-8.345528,0.994561
46000,0.097000,-8.338052,0.994559
46000,0.098000,-8.332774,0.994558
46000,0.099000,-8.329695,0.994557
48000,0.000000,-18.000000,0.996363
48000,0.001000,-17.917640,0.996333
48000,0.002000,-17.835442,0.996323
48000,0.003000,-17.753406,0.996313
48000,0.004000,-17.671542,0.996303
48000,0.005000,-17.586982,0.996304
48000,0.006000,-17.426125,0.996285
48000,0.007000,-17.265939,0.996266
48000,0.008000,-17.106470,0.996246
48000,0.009000,-16.947764,0.996226
48000,0.010000,-16.789867,0.996206
48000,0.011000,-16.632821,0.996186
48000,0.012000,-16.476669,0.996166
48000,0.013000,-16.321453,0.996145
48000,0.014000,-16.167213,0.996124
48000,0.015000,-16.013989,0.996103
48000,0.016000,-15.861820,0.996082
48000,0.017000,-15.710742,0.996061
48000,0.018000,-15.560791,0.996040
48000,0.019000,-15.412004,0.996018
48000,0.020000,-15.264415,0.995997
48000,0.021000,-15.118056,0.995975
48000,0.022000,-14.972960,0.995953
48000,0.023000,-14.829159,0.995931
48000,0.024000,-14.686682,0.995910
48000,0.025000,-14.545560,0.995888
48000,0.026000,-14.405820,0.995866
48000,0.027000,-14.267491,0.995844
48000,0.028000,-14.130599,0.995822
48000,0.029000,-13.995169,0.995800
48000,0.030000,-13.861228,0.995778
48000,0.031000,-13.728799,0.995757
48000,0.032000,-13.597906,0.995735
48000,0.033000,-13.468571,0.995713
48000,0.034000,-13.340815,0.995691
48000,0.035000,-13.214661,0.995670
48000,0.036000,-13.090128,0.995648
48000,0.037000,-12.967236,0.995627
48000,0.038000,-12.846004,0.995605
48000,0.039000,-12.726449,0.995584
48000,0.040000,-12.608590,0.995563
48000,0.041000,-12.492443,0.995542
48000,0.042000,-12.378024,0.995521
48000,0.043000,-12.265349,0.995501
48000,0.044000,-12.154434,0.995480
48000,0.045000,-12.045291,0.995460
48000,0.046000,-11.937936,0.995440
48000,0.047000,-11.832381,0.995420
48000,0.048000,-11.728639,0.995400
48000,0.049000,-11.626722,0.995381
48000,0.050000,-11.526642,0.995362
48000,0.051000,-11.428410,0.995343
48000,0.052000,-11.332037,0.995324
48000,0.053000,-11.237534,0.995305
48000,0.054000,-11.144909,0.995287
48000,0.055000,-11.054172,0.995269
48000,0.056000,-10.965333,0.995251
48000,0.057000,-10.878399,0.995233
48000,0.058000,-10.793379,0.995216
48000,0.059000,-10.710281,0.995199
48000,0.060000,-10.629112,0.995183
48000,0.061000,-10.549879,0.995166
48000,0.062000,-10.472589,0.995150
48000,0.063000,-10.397249,0.995135
48000,0.064000,-10.323863,0.995119
48000,0.065000,-10.252439,0.995104
48000,0.066000,-10.182982,0.995090
48000,0.067000,-10.115496,0.995075
48000,0.068000,-10.049987,0.995061
48000,0.069000,-9.986459,0.995048
48000,0.070000,-9.924918,0.995035
48000,0.071000,-9.865366,0.995022
48000,0.072000,-9.807808,0.995009
48000,0.073000,-9.752248,0.994997
48000,0.074000,-9.698690,0.994985
48000,0.075000,-9.647136,0.994974
48000,0.076000,-9.597589,0.994963
48000,0.077000,-9.550053,0.994953
48000,0.078000,-9.504531,0.994943
48000,0.079000,-9.461025,0.994933
48000,0.080000,-9.419537,0.994924
48000,0.081000,-9.380069,0.994915
48000,0.082000,-9.342625,0.994907
48000,0.083000,-9.307205,0.994899
48000,0.084000,-9.273812,0.994891
48000,0.085000,-9.242447,0.994884
48000,0.086000,-9.213112,0.994877
48000,0.087000,-9.185808,0.994871
48000,0.088000,-9.160536,0.994866
48000,0.089000,-9.137299,0.994860
48000,0.090000,-9.116096,0.994855
48000,0.091000,-9.096929,0.994851
48000,0.092000,-9.079799,0.994847
48000,0.093000,-9.064707,0.994844
48000,0.094000,-9.051652,0.994841
48000,0.095000,-9.040637,0.994838
48000,0.096000,-9.031660,0.994836
48000,0.097000,-9.024724,0.994835
48000,0.098000,-9.019827,0.994833
48000,0.099000,-9.016971,0.994833
50000,0.000000,-18.000000,0.996586
50000,0.001000,-17.923199,0.996557
50000,0.002000,-17.846553,0.996547
50000,0.003000,-17.770058,0.996537
50000,0.004000,-17.693725,0.996528
50000,0.005000,-17.614804,0.996528
50000,0.006000,-17.464814,0.996510
50000,0.007000,-17.315455,0.996491
50000,0.008000,-17.166771,0.996472
50000,0.009000,-17.018805,0.996452
50000,0.010000,-16.871599,0.996433
50000,0.011000,-16.725193,0.996413
50000,0.012000,-16.579628,0.996393
50000,0.013000,-16.434940,0.996373
50000,0.014000,-16.291169,0.996353
50000,0.015000,-16.148351,0.996333
50000,0.016000,-16.006521,0.996312
50000,0.017000,-15.865715,0.996292
50000,0.018000,-15.725965,0.996271
50000,0.019000,-15.587305,0.996250
50000,0.020000,-15.449767,0.996229
50000,0.021000,-15.313381,0.996208
50000,0.022000,-15.178178,0.996187
50000,0.023000,-15.044186,0.996166
50000,0.024000,-14.911433,0.996144
50000,0.025000,-14.779947,0.996123
50000,0.026000,-14.649755,0.996102
50000,0.027000,-14.520881,0.996081
50000,0.028000,-14.393352,0.996059
50000,0.029000,-14.267189,0.996038
50000,0.030000,-14.142418,0.996017
50000,0.031000,-14.019060,0.995996
50000,0.032000,-13.897136,0.995974
50000,0.033000,-13.776668,0.995953
50000,0.034000,-13.657676,0.995932
50000,0.035000,-13.540178,0.995911
50000,0.036000,-13.424195,0.995890
50000,0.037000,-13.309744,0.995869
50000,0.038000,-13.196842,0.995849
50000,0.039000,-13.085506,0.995828
50000,0.040000,-12.975753,0.995808
50000,0.041000,-12.867597,0.995787
50000,0.042000,-12.761054,0.995767
50000,0.043000,-12.656139,0.995747
50000,0.044000,-12.552863,0.995727
50000,0.045000,-12.451243,0.995708
50000,0.046000,-12.351288,0.995688
50000,0.047000,-12.253013,0.995669
50000,0.048000,-12.156429,0.995650
50000,0.049000,-12.061546,0.995631
50000,0.050000,-11.968376,0.995612
50000,0.051000,-11.876929,0.995593
50000,0.052000,-11.787214,0.995575
50000,0.053000,-11.699242,0.995557
50000,0.054000,-11.613021,0.995539
50000,0.055000,-11.528559,0.995522
50000,0.056000,-11.445865,0.995505
50000,0.057000,-11.364948,0.995488
50000,0.058000,-11.285813,0.995471
50000,0.059000,-11.208469,0.995454
50000,0.060000,-11.132921,0.995438
50000,0.061000,-11.059178,0.995422
50000,0.062000,-10.987244,0.995407
50000,0.063000,-10.917125,0.995392
50000,0.064000,-10.848828,0.995377
50000,0.065000,-10.782357,0.995362
50000,0.066000,-10.717718,0.995348
50000,0.067000,-10.654914,0.995334
50000,0.068000,-10.593952,0.995321
50000,0.069000,-10.534834,0.995307
50000,0.070000,-10.477565,0.995295
50000,0.071000,-10.422149,0.995282
50000,0.072000,-10.368589,0.995270
50000,0.073000,-10.316888,0.995258
50000,0.074000,-10.267051,0.995247
50000,0.075000,-10.219080,0.995236
50000,0.076000,-10.172977,0.995225
50000,0.077000,-10.128746,0.995215
50000,0.078000,-10.086389,0.995205
50000,0.079000,-10.045908,0.995196
50000,0.080000,-10.007305,0.995187
50000,0.081000,-9.970583,0.995179
50000,0.082000,-9.935743,0.995170
50000,0.083000,-9.902788,0.995163
50000,0.084000,-9.871718,0.995155
50000,0.085000,-9.842536,0.995149
50000,0.086000,-9.815242,0.995142
50000,0.087000,-9.789839,0.995136
50000,0.088000,-9.766327,0.995131
50000,0.089000,-9.744707,0.995126
50000,0.090000,-9.724980,0.995121
50000,0.091000,-9.707148,0.995117
50000,0.092000,-9.691210,0.995113
50000,0.093000,-9.677169,0.995109
50000,0.094000,-9.665024,0.995107
50000,0.095000,-9.654775,0.995104
50000,0.096000,-9.646424,0.995102
50000,0.097000,-9.639970,0.995101
50000,0.098000,-9.635415,0.995100
50000,0.099000,-9.632757,0.995099
52000,0.000000,-18.000000,0.996800
52000,0.001000,-17.928200,0.996772
52000,0.002000,-17.856545,0.996763
52000,0.003000,-17.785034,0.996753
52000,0.004000,-17.713675,0.996744
52000,0.005000,-17.639834,0.996744
52000,0.006000,-17.499616,0.996726
52000,0.007000,-17.359995,0.996708
52000,0.008000,-17.221011,0.996689
52000,0.009000,-17.082703,0.996670
52000,0.010000,-16.945112,0.996651
52000,0.011000,-16.808274,0.996632
52000,0.012000,-16.672226,0.996613
52000,0.013000,-16.537006,0.996593
52000,0.014000,-16.402647,0.996574
52000,0.015000,-16.269184,0.996554
52000,0.016000,-16.136650,0.996534
52000,0.017000,-16.005077,0.996514
52000,0.018000,-15.874497,0.996493
52000,0.019000,-15.744941,0.996473
52000,0.020000,-15.616437,0.996453
52000,0.021000,-15.489015,0.996432
52000,0.022000,-15.362703,0.996412
52000,0.023000,-15.237527,0.996391
52000,0.024000,-15.113513,0.996371
52000,0.025000,-14.990688,0.996350
52000,0.026000,-14.869075,0.996329
52000,0.027000,-14.748699,0.996308
52000,0.028000,-14.629581,0.996288
52000,0.029000,-14.511746,0.996267
52000,0.030000,-14.395213,0.996246
52000,0.031000,-14.280004,0.996226
52000,0.032000,-14.166139,0.996205
52000,0.033000,-14.053637,0.996185
52000,0.034000,-13.942517,0.996164
52000,0.035000,-13.832797,0.996144
52000,0.036000,-13.724493,0.996124
52000,0.037000,-13.617624,0.996103
52000,0.038000,-13.512205,0.996083
52000,0.039000,-13.408251,0.996063
52000,0.040000,-13.305778,0.996043
52000,0.041000,-13.204799,0.996024
52000,0.042000,-13.105329,0.996004
52000,0.043000,-13.007381,0.995985
52000,0.044000,-12.910968,0.995965
52000,0.045000,-12.816101,0.995946
52000,0.046000,-12.722793,0.995927
52000,0.047000,-12.631054,0.995909
52000,0.048000,-12.540896,0.995890
52000,0.049000,-12.452329,0.995872
52000,0.050000,-12.365363,0.995853
52000,0.051000,-12.280007,0.995836
52000,0.052000,-12.196270,0.995818
52000,0.053000,-12.114162,0.995800
52000,0.054000,-12.033689,0.995783
52000,0.055000,-11.954861,0.995766
52000,0.056000,-11.877684,0.995749
52000,0.057000,-11.802166,0.995733
52000,0.058000,-11.728314,0.995717
52000,0.059000,-11.656135,0.995701
52000,0.060000,-11.585633,0.995685
52000,0.061000,-11.516816,0.995670
52000,0.062000,-11.449690,0.995655
52000,0.063000,-11.384258,0.995640
52000,0.064000,-11.320528,0.995625
52000,0.065000,-11.258502,0.995611
52000,0.066000,-11.198187,0.995597
52000,0.067000,-11.139585,0.995584
52000,0.068000,-11.082702,0.995571
52000,0.069000,-11.027542,0.995558
52000,0.070000,-10.974107,0.995546
52000,0.071000,-10.922402,0.995534
52000,0.072000,-10.872429,0.995522
52000,0.073000,-10.824192,0.995510
52000,0.074000,-10.777694,0.995499
52000,0.075000,-10.732938,0.995489
52000,0.076000,-10.689925,0.995479
52000,0.077000,-10.648659,0.995469
52000,0.078000,-10.609141,0.995459
52000,0.079000,-10.571375,0.995450
52000,0.080000,-10.535361,0.995441
52000,0.081000,-10.501102,0.995433
52000,0.082000,-10.468600,0.995425
52000,0.083000,-10.437855,0.995418
52000,0.084000,-10.408870,0.995411
52000,0.085000,-10.381646,0.995404
52000,0.086000,-10.356184,0.995398
52000,0.087000,-10.332486,0.995392
52000,0.088000,-10.310552,0.995387
52000,0.089000,-10.290383,0.995382
52000,0.090000,-10.271981,0.995377
52000,0.091000,-10.255346,0.995373
52000,0.092000,-10.240479,0.995369
52000,0.093000,-10.227380,0.995366
52000,0.094000,-10.216050,0.995363
52000,0.095000,-10.206490,0.995361
52000,0.096000,-10.198699,0.995359
52000,0.097000,-10.192679,0.995358
52000,0.098000,-10.188429,0.995357
52000,0.099000,-10.185950,0.995356
54000,0.000000,-18.000000,0.997006
54000,0.001000,-17.932708,0.996979
54000,0.002000,-17.865554,0.996970
54000,0.003000,-17.798536,0.996961
54000,0.004000,-17.731662,0.996951
54000,0.005000,-17.662406,0.996952
54000,0.006000,-17.531000,0.996934
54000,0.007000,-17.400158,0.996916
54000,0.008000,-17.269918,0.996898
54000,0.009000,-17.140318,0.996880
54000,0.010000,-17.011393,0.996861
54000,0.011000,-16.883180,0.996843
54000,0.012000,-16.755713,0.996824
54000,0.013000,-16.629025,0.996805
54000,0.014000,-16.503150,0.996786
54000,0.015000,-16.378119,0.996766
54000,0.016000,-16.253962,0.996747
54000,0.017000,-16.130712,0.996727
54000,0.018000,-16.008396,0.996708
54000,0.019000,-15.887043,0.996688
54000,0.020000,-15.766680,0.996668
54000,0.021000,-15.647336,0.996648
54000,0.022000,-15.529034,0.996628
54000,0.023000,-15.411802,0.996608
54000,0.024000,-15.295662,0.996588
54000,0.025000,-15.180639,0.996568
54000,0.026000,-15.066756,0.996548
54000,0.027000,-14.954034,0.996528
54000,0.028000,-14.842495,0.996508
54000,0.029000,-14.732160,0.996488
54000,0.030000,-14.623048,0.996468
54000,0.031000,-14.515180,0.996448
54000,0.032000,-14.408573,0.996428
54000,0.033000,-14.303246,0.996408
54000,0.034000,-14.199216,0.996388
54000,0.035000,-14.096499,0.996368
54000,0.036000,-13.995113,0.996349
54000,0.037000,-13.895071,0.996329
54000,0.038000,-13.796390,0.996309
54000,0.039000,-13.699084,0.996290
54000,0.040000,-13.603166,0.996271
54000,0.041000,-13.508650,0.996252
54000,0.042000,-13.415548,0.996233
54000,0.043000,-13.323873,0.996214
54000,0.044000,-13.233638,0.996195
54000,0.045000,-13.144852,0.996176
54000,0.046000,-13.057526,0.996158
54000,0.047000,-12.971673,0.996140
54000,0.048000,-12.887300,0.996122
54000,0.049000,-12.804418,0.996104
54000,0.050000,-12.723037,0.996086
54000,0.051000,-12.643163,0.996069
54000,0.052000,-12.564807,0.996052
54000,0.053000,-12.487976,0.996035
54000,0.054000,-12.412678,0.996018
54000,0.055000,-12.338920,0.996002
54000,0.056000,-12.266709,0.995985
54000,0.057000,-12.196051,0.995969
54000,0.058000,-12.126953,0.995954
54000,0.059000,-12.059421,0.995938
54000,0.060000,-11.993461,0.995923
54000,0.061000,-11.929078,0.995908
54000,0.062000,-11.866277,0.995894
54000,0.063000,-11.805063,0.995879
54000,0.064000,-11.745442,0.995865
54000,0.065000,-11.687416,0.995852
54000,0.066000,-11.630991,0.995838
54000,0.067000,-11.576171,0.995825
54000,0.068000,-11.522959,0.995812
54000,0.069000,-11.471359,0.995800
54000,0.070000,-11.421374,0.995788
54000,0.071000,-11.373008,0.995776
54000,0.072000,-11.326263,0.995765
54000,0.073000,-11.281142,0.995754
54000,0.074000,-11.237648,0.995743
54000,0.075000,-11.195784,0.995733
54000,0.076000,-11.155551,0.995723
54000,0.077000,-11.116952,0.995713
54000,0.078000,-11.079990,0.995704
54000,0.079000,-11.044665,0.995695
54000,0.080000,-11.010980,0.995687
54000,0.081000,-10.978937,0.995679
54000,0.082000,-10.948537,0.995671
54000,0.083000,-10.919781,0.995664
54000,0.084000,-10.892672,0.995657
54000,0.085000,-10.867209,0.995651
54000,0.086000,-10.843395,0.995645
54000,0.087000,-10.821230,0.995639
54000,0.088000,-10.800716,0.995634
54000,0.089000,-10.781853,0.995629
54000,0.090000,-10.764642,0.995625
54000,0.091000,-10.749084,0.995621
54000,0.092000,-10.735179,0.995617
54000,0.093000,-10.722928,0.995614
54000,0.094000,-10.712332,0.995611
54000,0.095000,-10.703391,0.995609
54000,0.096000,-10.696105,0.995607
54000,0.097000,-10.690474,0.995606
54000,0.098000,-10.686500,0.995605
54000,0.099000,-10.684181,0.995604
56000,0.000000,-18.000000,0.997204
56000,0.001000,-17.936783,0.997178
56000,0.002000,-17.873696,0.997169
56000,0.003000,-17.810738,0.997160
56000,0.004000,-17.747918,0.997151
56000,0.005000,-17.682810,0.997151
56000,0.006000,-17.559368,0.997134
56000,0.007000,-17.436460,0.997117
56000,0.008000,-17.314122,0.997099
56000,0.009000,-17.192390,0.997081
56000,0.010000,-17.071298,0.997063
56000,0.011000,-16.950878,0.997045
56000,0.012000,-16.831164,0.997027
56000,0.013000,-16.712186,0.997009
56000,0.014000,-16.593975,0.996990
56000,0.015000,-16.476562,0.996971
56000,0.016000,-16.359975,0.996952
56000,0.017000,-16.244242,0.996933
56000,0.018000,-16.129391,0.996914
56000,0.019000,-16.015448,0.996895
56000,0.020000,-15.902440,0.996876
56000,0.021000,-15.790391,0.996856
56000,0.022000,-15.679326,0.996837
56000,0.023000,-15.569268,0.996818
56000,0.024000,-15.460239,0.996798
56000,0.025000,-15.352263,0.996779
56000,0.026000,-15.245360,0.996759
56000,0.027000,-15.139551,0.996740
56000,0.028000,-15.034856,0.996720
56000,0.029000,-14.931294,0.996701
56000,0.030000,-14.828883,0.996681
56000,0.031000,-14.727643,0.996662
56000,0.032000,-14.627590,0.996642
56000,0.033000,-14.528741,0.996623
56000,0.034000,-14.431112,0.996604
56000,0.035000,-14.334718,0.996585
56000,0.036000,-14.239576,0.996565
56000,0.037000,-14.145698,0.996546
56000,0.038000,-14.053100,0.996527
56000,0.039000,-13.961794,0.996509
56000,0.040000,-13.871794,0.996490
56000,0.041000,-13.783111,0.996471
56000,0.042000,-13.695758,0.996453
56000,0.043000,-13.609745,0.996435
56000,0.044000,-13.525085,0.996416
56000,0.045000,-13.441787,0.996398
56000,0.046000,-13.359862,0.996381
56000,0.047000,-13.279319,0.996363
56000,0.048000,-13.200168,0.996346
56000,0.049000,-13.122417,0.996328
56000,0.050000,-13.046074,0.996311
56000,0.051000,-12.971149,0.996294
56000,0.052000,-12.897648,0.996278
56000,0.053000,-12.825580,0.996261
56000,0.054000,-12.754950,0.996245
56000,0.055000,-12.685767,0.996229
56000,0.056000,-12.618036,0.996213
56000,0.057000,-12.551763,0.996198
56000,0.058000,-12.486954,0.996182
56000,0.059000,-12.423616,0.996167
56000,0.060000,-12.361753,0.996153
56000,0.061000,-12.301369,0.996138
56000,0.062000,-12.242471,0.996124
56000,0.063000,-12.185063,0.996110
56000,0.064000,-12.129148,0.996097
56000,0.065000,-12.074731,0.996083
56000,0.066000,-12.021816,0.996071
56000,0.067000,-11.970407,0.996058
56000,0.068000,-11.920506,0.996046
56000,0.069000,-11.872118,0.996034
56000,0.070000,-11.825244,0.996022
56000,0.071000,-11.779890,0.996010
56000,0.072000,-11.736056,0.995999
56000,0.073000,-11.693746,0.995989
56000,0.074000,-11.652961,0.995978
56000,0.075000,-11.613706,0.995968
56000,0.076000,-11.575980,0.995959
56000,0.077000,-11.539788,0.995950
56000,0.078000,-11.505129,0.995941
56000,0.079000,-11.472007,0.995932
56000,0.080000,-11.440423,0.995924
56000,0.081000,-11.410378,0.995916
56000,0.082000,-11.381874,0.995909
56000,0.083000,-11.354912,0.995902
56000,0.084000,-11.329494,0.995895
56000,0.085000,-11.305620,0.995889
56000,0.086000,-11.283292,0.995883
56000,0.087000,-11.262510,0.995878
56000,0.088000,-11.243276,0.995873
56000,0.089000,-11.225590,0.995868
56000,0.090000,-11.209453,0.995864
56000,0.091000,-11.194866,0.995860
56000,0.092000,-11.181830,0.995856
56000,0.093000,-11.170344,0.995853
56000,0.094000,-11.160409,0.995851
56000,0.095000,-11.152026,0.995849
56000,0.096000,-11.145195,0.995847
56000,0.097000,-11.139916,0.995845
56000,0.098000,-11.136190,0.995844
56000,0.099000,-11.134016,0.995844
58000,0.000000,-18.000000,0.997395
58000,0.001000,-17.940473,0.997370
58000,0.002000,-17.881071,0.997361
58000,0.003000,-17.821791,0.997352
58000,0.004000,-17.762642,0.997343
58000,0.005000,-17.701297,0.997343
58000,0.006000,-17.585068,0.997327
58000,0.007000,-17.469347,0.997310
58000,0.008000,-17.354167,0.997293
58000,0.009000,-17.239562,0.997275
58000,0.010000,-17.125564,0.997258
58000,0.011000,-17.012202,0.997240
58000,0.012000,-16.899509,0.997223
58000,0.013000,-16.787513,0.997205
58000,0.014000,-16.676244,0.997186
58000,0.015000,-16.565729,0.997168
58000,0.016000,-16.455996,0.997150
58000,0.017000,-16.347071,0.997131
58000,0.018000,-16.238979,0.997113
58000,0.019000,-16.131747,0.997094
58000,0.020000,-16.025397,0.997076
58000,0.021000,-15.919954,0.997057
58000,0.022000,-15.815439,0.997038
58000,0.023000,-15.711876,0.997019
58000,0.024000,-15.609286,0.997000
58000,0.025000,-15.507688,0.996981
58000,0.026000,-15.407104,0.996962
58000,0.027000,-15.307553,0.996943
58000,0.028000,-15.209052,0.996924
58000,0.029000,-15.111621,0.996906
58000,0.030000,-15.015276,0.996887
58000,0.031000,-14.920034,0.996868
58000,0.032000,-14.825913,0.996849
58000,0.033000,-14.732926,0.996830
58000,0.034000,-14.641090,0.996812
58000,0.035000,-14.550419,0.996793
58000,0.036000,-14.460927,0.996774
58000,0.037000,-14.372628,0.996756
58000,0.038000,-14.285534,0.996738
58000,0.039000,-14.199657,0.996719
58000,0.040000,-14.115011,0.996701
58000,0.041000,-14.031606,0.996683
58000,0.042000,-13.949454,0.996665
58000,0.043000,-13.868565,0.996648
58000,0.044000,-13.788949,0.996630
58000,0.045000,-13.710617,0.996612
58000,0.046000,-13.633577,0.996595
58000,0.047000,-13.557839,0.996578
58000,0.048000,-13.483410,0.996561
58000,0.049000,-13.410300,0.996544
58000,0.050000,-13.338517,0.996528
58000,0.051000,-13.268067,0.996511
58000,0.052000,-13.198958,0.996495
58000,0.053000,-13.131197,0.996479
58000,0.054000,-13.064791,0.996464
58000,0.055000,-12.999745,0.996448
58000,0.056000,-12.936066,0.996433
58000,0.057000,-12.873759,0.996418
58000,0.058000,-12.812830,0.996403
58000,0.059000,-12.753284,0.996389
58000,0.060000,-12.695126,0.996374
58000,0.061000,-12.638361,0.996360
58000,0.062000,-12.582992,0.996347
58000,0.063000,-12.529024,0.996333
58000,0.064000,-12.476462,0.996320
58000,0.065000,-12.425308,0.996307
58000,0.066000,-12.375567,0.996295
58000,0.067000,-12.327242,0.996282
58000,0.068000,-12.280335,0.996270
58000,0.069000,-12.234851,0.996259
58000,0.070000,-12.190792,0.996247
58000,0.071000,-12.148160,0.996236
58000,0.072000,-12.106959,0.996226
58000,0.073000,-12.067190,0.996215
58000,0.074000,-12.028856,0.996205
58000,0.075000,-11.991959,0.996196
58000,0.076000,-11.956500,0.996186
58000,0.077000,-11.922483,0.996177
58000,0.078000,-11.889908,0.996169
58000,0.079000,-11.858777,0.996161
58000,0.080000,-11.829092,0.996153
58000,0.081000,-11.800853,0.996145
58000,0.082000,-11.774064,0.996138
58000,0.083000,-11.748724,0.996131
58000,0.084000,-11.724834,0.996125
58000,0.085000,-11.702397,0.996119
58000,0.086000,-11.681412,0.996113
58000,0.087000,-11.661881,0.996108
58000,0.088000,-11.643804,0.996103
58000,0.089000,-11.627183,0.996098
58000,0.090000,-11.612017,0.996094
58000,0.091000,-11.598308,0.996091
58000,0.092000,-11.586056,0.996087
58000,0.093000,-11.575262,0.996084
58000,0.094000,-11.565925,0.996082
58000,0.095000,-11.558047,0.996080
58000,0.096000,-11.551627,0.996078
58000,0.097000,-11.546666,0.996076
58000,0.098000,-11.543164,0.996076
58000,0.099000,-11.541121,0.996075
60000,0.000000,-18.000000,0.997578
60000,0.001000,-17.943824,0.997554
60000,0.002000,-17.887767,0.997545
60000,0.003000,-17.831826,0.997537
60000,0.004000,-17.776009,0.997528
60000,0.005000,-17.718084,0.997528
60000,0.006000,-17.608404,0.997512
60000,0.007000,-17.499207,0.997496
60000,0.008000,-17.390526,0.997479
60000,0.009000,-17.282390,0.997462
60000,0.010000,-17.174830,0.997445
60000,0.011000,-17.067876,0.997428
60000,0.012000,-16.961556,0.997411
60000,0.013000,-16.855898,0.997393
60000,0.014000,-16.750929,0.997376
60000,0.015000,-16.646675,0.997358
60000,0.016000,-16.543162,0.997340
60000,0.017000,-16.440415,0.997322
60000,0.018000,-16.338458,0.997304
60000,0.019000,-16.237314,0.997286
60000,0.020000,-16.137007,0.997268
60000,0.021000,-16.037558,0.997250
60000,0.022000,-15.938988,0.997231
60000,0.023000,-15.841319,0.997213
60000,0.024000,-15.744569,0.997195
60000,0.025000,-15.648760,0.997176
60000,0.026000,-15.553909,0.997158
60000,0.027000,-15.460034,0.997140
60000,0.028000,-15.367154,0.997121
60000,0.029000,-15.275284,0.997103
60000,0.030000,-15.184441,0.997085
60000,0.031000,-15.094642,0.997066
60000,0.032000,-15.005901,0.997048
60000,0.033000,-14.918233,0.997030
60000,0.034000,-14.831651,0.997012
60000,0.035000,-14.746171,0.996994
60000,0.036000,-14.661804,0.996976
60000,0.037000,-14.578564,0.996958
60000,0.038000,-14.496462,0.996940
60000,0.039000,-14.415510,0.996922
60000,0.040000,-14.335720,0.996905
60000,0.041000,-14.257102,0.996887
60000,0.042000,-14.179666,0.996870
60000,0.043000,-14.103423,0.996853
60000,0.044000,-14.028382,0.996836
60000,0.045000,-13.954552,0.996819
60000,0.046000,-13.881942,0.996802
60000,0.047000,-13.810560,0.996785
60000,0.048000,-13.740414,0.996769
60000,0.049000,-13.671513,0.996753
60000,0.050000,-13.603862,0.996737
60000,0.051000,-13.537470,0.996721
60000,0.052000,-13.472344,0.996705
60000,0.053000,-13.408488,0.996690
60000,0.054000,-13.345910,0.996674
60000,0.055000,-13.284616,0.996659
60000,0.056000,-13.224610,0.996645
60000,0.057000,-13.165899,0.996630
60000,0.058000,-13.108487,0.996616
60000,0.059000,-13.052379,0.996602
60000,0.060000,-12.997580,0.996588
60000,0.061000,-12.944093,0.996574
60000,0.062000,-12.891924,0.996561
60000,0.063000,-12.841075,0.996548
60000,0.064000,-12.791551,0.996535
60000,0.065000,-12.743356,0.996523
60000,0.066000,-12.696491,0.996511
60000,0.067000,-12.650962,0.996499
60000,0.068000,-12.606769,0.996487
60000,0.069000,-12.563917,0.996476
60000,0.070000,-12.522409,0.996465
60000,0.071000,-12.482245,0.996454
60000,0.072000,-12.443429,0.996444
60000,0.073000,-12.405964,0.996434
60000,0.074000,-12.369850,0.996424
60000,0.075000,-12.335090,0.996415
60000,0.076000,-12.301687,0.996406
60000,0.077000,-12.269641,0.996397
60000,0.078000,-12.238954,0.996389
60000,0.079000,-12.209627,0.996381
60000,0.080000,-12.181663,0.996373
60000,0.081000,-12.155062,0.996366
60000,0.082000,-12.129826,0.996359
60000,0.083000,-12.105956,0.996353
60000,0.084000,-12.083452,0.996346
60000,0.085000,-12.062316,0.996340
60000,0.086000,-12.042549,0.996335
60000,0.087000,-12.024151,0.996330
60000,0.088000,-12.007123,0.996325
60000,0.089000,-11.991466,0.996321
60000,0.090000,-11.977181,0.996317
60000,0.091000,-11.964267,0.996313
60000,0.092000,-11.952726,0.996310
60000,0.093000,-11.942558,0.996307
60000,0.094000,-11.933763,0.996305
60000,0.095000,-11.926342,0.996303
60000,0.096000,-11.920295,0.996301
60000,0.097000,-11.915622,0.996300
60000,0.098000,-11.912324,0.996299
60000,0.099000,-11.910399,0.996298
62000,0.000000,-18.000000,0.997755
62000,0.001000,-17.946873,0.997731
62000,0.002000,-17.893858,0.997723
62000,0.003000,-17.840955,0.997714
62000,0.004000,-17.788170,0.997706
62000,0.005000,-17.733360,0.997706
62000,0.006000,-17.629638,0.997690
62000,0.007000,-17.526377,0.997674
62000,0.008000,-17.423607,0.997658
62000,0.009000,-17.321357,0.997642
62000,0.010000,-17.219655,0.997625
62000,0.011000,-17.118529,0.997609
62000,0.012000,-17.018006,0.997592
62000,0.013000,-16.918113,0.997575
62000,0.014000,-16.818874,0.997558
62000,0.015000,-16.720315,0.997541
62000,0.016000,-16.622460,0.997523
62000,0.017000,-16.525333,0.997506
62000,0.018000,-16.428955,0.997488
62000,0.019000,-16.333349,0.997471
62000,0.020000,-16.238536,0.997453
62000,0.021000,-16.144538,0.997436
62000,0.022000,-16.051375,0.997418
62000,0.023000,-15.959064,0.997400
62000,0.024000,-15.867627,0.997382
62000,0.025000,-15.777080,0.997364
62000,0.026000,-15.687442,0.997347
62000,0.027000,-15.598729,0.997329
62000,0.028000,-15.510959,0.997311
62000,0.029000,-15.424146,0.997293
62000,0.030000,-15.338306,0.997275
62000,0.031000,-15.253454,0.997258
62000,0.032000,-15.169605,0.997240
62000,0.033000,-15.086771,0.997222
62000,0.034000,-15.004967,0.997205
62000,0.035000,-14.924205,0.997187
62000,0.036000,-14.844497,0.997170
62000,0.037000,-14.765855,0.997152
62000,0.038000,-14.688291,0.997135
62000,0.039000,-14.611816,0.997118
62000,0.040000,-14.536439,0.997101
62000,0.041000,-14.462172,0.997084
62000,0.042000,-14.389023,0.997067
62000,0.043000,-14.317002,0.997050
62000,0.044000,-14.246119,0.997034
62000,0.045000,-14.176381,0.997018
62000,0.046000,-14.107797,0.997001
62000,0.047000,-14.040374,0.996985
62000,0.048000,-13.974120,0.996969
62000,0.049000,-13.909043,0.996954
62000,0.050000,-13.845149,0.996938
62000,0.051000,-13.782445,0.996923
62000,0.052000,-13.720936,0.996908
62000,0.053000,-13.660630,0.996893
62000,0.054000,-13.601531,0.996878
62000,0.055000,-13.543645,0.996863
62000,0.056000,-13.486977,0.996849
62000,0.057000,-13.431533,0.996835
62000,0.058000,-13.377316,0.996821
62000,0.059000,-13.324332,0.996807
62000,0.060000,-13.272584,0.996794
62000,0.061000,-13.222077,0.996781
62000,0.062000,-13.172814,0.996768
62000,0.063000,-13.124799,0.996755
62000,0.064000,-13.078036,0.996743
62000,0.065000,-13.032527,0.996731
62000,0.066000,-12.988277,0.996719
62000,0.067000,-12.945287,0.996708
62000,0.068000,-12.903560,0.996696
62000,0.069000,-12.863099,0.996686
62000,0.070000,-12.823907,0.996675
62000,0.071000,-12.785986,0.996665
62000,0.072000,-12.749337,0.996655
62000,0.073000,-12.713964,0.996645
62000,0.074000,-12.679867,0.996636
62000,0.075000,-12.647049,0.996626
62000,0.076000,-12.615512,0.996618
62000,0.077000,-12.585256,0.996609
62000,0.078000,-12.556284,0.996601
62000,0.079000,-12.528597,0.996594
62000,0.080000,-12.502196,0.996586
62000,0.081000,-12.477083,0.996579
62000,0.082000,-12.453258,0.996572
62000,0.083000,-12.430722,0.996566
62000,0.084000,-12.409477,0.996560
62000,0.085000,-12.389523,0.996554
62000,0.086000,-12.370862,0.996549
62000,0.087000,-12.353493,0.996544
62000,0.088000,-12.337418,0.996539
62000,0.089000,-12.322637,0.996535
62000,0.090000,-12.309151,0.996531
62000,0.091000,-12.296960,0.996528
62000,0.092000,-12.286065,0.996525
62000,0.093000,-12.276466,0.996522
62000,0.094000,-12.268163,0.996520
62000,0.095000,-12.261158,0.996518
62000,0.096000,-12.255449,0.996516
62000,0.097000,-12.251037,0.996515
62000,0.098000,-12.247923,0.996514
62000,0.099000,-12.246107,0.996513
64000,0.000000,-18.000000,0.997924
64000,0.001000,-17.949652,0.997901
64000,0.002000,-17.899412,0.997893
64000,0.003000,-17.849278,0.997885
64000,0.004000,-17.799257,0.997877
64000,0.005000,-17.747289,0.997877
64000,0.006000,-17.648999,0.997862
64000,0.007000,-17.551149,0.997846
64000,0.008000,-17.453769,0.997830
64000,0.009000,-17.356884,0.997815
64000,0.010000,-17.260522,0.997799
64000,0.011000,-17.164709,0.997782
64000,0.012000,-17.069471,0.997766
64000,0.013000,-16.974832,0.997750
64000,0.014000,-16.880817,0.997733
64000,0.015000,-16.787449,0.997716
64000,0.016000,-16.694751,0.997700
64000,0.017000,-16.602744,0.997683
64000,0.018000,-16.511451,0.997666
64000,0.019000,-16.420893,0.997649
64000,0.020000,-16.331088,0.997632
64000,0.021000,-16.242058,0.997614
64000,0.022000,-16.153820,0.997597
64000,0.023000,-16.066394,0.997580
64000,0.024000,-15.979797,0.997563
64000,0.025000,-15.894046,0.997545
64000,0.026000,-15.809158,0.997528
64000,0.027000,-15.725149,0.997511
64000,0.028000,-15.642034,0.997493
64000,0.029000,-15.559829,0.997476
64000,0.030000,-15.478547,0.997459
64000,0.031000,-15.398203,0.997442
64000,0.032000,-15.318810,0.997425
64000,0.033000,-15.240381,0.997408
64000,0.034000,-15.162929,0.997390
64000,0.035000,-15.086465,0.997373
64000,0.036000,-15.011001,0.997357
64000,0.037000,-14.936549,0.997340
64000,0.038000,-14.863118,0.997323
64000,0.039000,-14.790720,0.997306
64000,0.040000,-14.719364,0.997290
64000,0.041000,-14.649060,0.997273
64000,0.042000,-14.579816,0.997257
64000,0.043000,-14.511641,0.997241
64000,0.044000,-14.444544,0.997225
64000,0.045000,-14.378533,0.997209
64000,0.046000,-14.313616,0.997193
64000,0.047000,-14.249799,0.997178
64000,0.048000,-14.187090,0.997162
64000,0.049000,-14.125495,0.997147
64000,0.050000,-14.065022,0.997132
64000,0.051000,-14.005676,0.997117
64000,0.052000,-13.947462,0.997103
64000,0.053000,-13.890387,0.997088
64000,0.054000,-13.834457,0.997074
64000,0.055000,-13.779675,0.997060
64000,0.056000,-13.726046,0.997046
64000,0.057000,-13.673577,0.997032
64000,0.058000,-13.622270,0.997019
64000,0.059000,-13.572130,0.997006
64000,0.060000,-13.523161,0.996993
64000,0.061000,-13.475366,0.996980
64000,0.062000,-13.428750,0.996967
64000,0.063000,-13.383315,0.996955
64000,0.064000,-13.339065,0.996943
64000,0.065000,-13.296003,0.996932
64000,0.066000,-13.254132,0.996920
64000,0.067000,-13.213454,0.996909
64000,0.068000,-13.173972,0.996898
64000,0.069000,-13.135688,0.996888
64000,0.070000,-13.098605,0.996877
64000,0.071000,-13.062725,0.996867
64000,0.072000,-13.028050,0.996858
64000,0.073000,-12.994581,0.996848
64000,0.074000,-12.962320,0.996839
64000,0.075000,-12.931270,0.996830
64000,0.076000,-12.901432,0.996822
64000,0.077000,-12.872807,0.996814
64000,0.078000,-12.845396,0.996806
64000,0.079000,-12.819201,0.996799
64000,0.080000,-12.794223,0.996791
64000,0.081000,-12.770463,0.996785
64000,0.082000,-12.747923,0.996778
64000,0.083000,-12.726602,0.996772
64000,0.084000,-12.706503,0.996766
64000,0.085000,-12.687625,0.996761
64000,0.086000,-12.669970,0.996755
64000,0.087000,-12.653538,0.996751
64000,0.088000,-12.638330,0.996746
64000,0.089000,-12.624347,0.996742
64000,0.090000,-12.611588,0.996738
64000,0.091000,-12.600055,0.996735
64000,0.092000,-12.589748,0.996732
64000,0.093000,-12.580667,0.996729
64000,0.094000,-12.572812,0.996727
64000,0.095000,-12.566185,0.996725
64000,0.096000,-12.560784,0.996723
64000,0.097000,-12.556611,0.996722
64000,0.098000,-12.553665,0.996721
64000,0.099000,-12.551946,0.996721
66000,0.000000,-18.000000,0.998087
66000,0.001000,-17.952191,0.998065
66000,0.002000,-17.904485,0.998058
66000,0.003000,-17.856881,0.998050
66000,0.004000,-17.809385,0.998042
66000,0.005000,-17.760015,0.998042
66000,0.006000,-17.666688,0.998027
66000,0.007000,-17.573782,0.998012
66000,0.008000,-17.481324,0.997996
66000,0.009000,-17.389340,0.997981
66000,0.010000,-17.297856,0.997965
66000,0.011000,-17.206896,0.997950
66000,0.012000,-17.116485,0.997934
66000,0.013000,-17.026646,0.997918
66000,0.014000,-16.937401,0.997902
66000,0.015000,-16.848774,0.997885
66000,0.016000,-16.760785,0.997869
66000,0.017000,-16.673456,0.997853
66000,0.018000,-16.586807,0.997836
66000,0.019000,-16.500857,0.997820
66000,0.020000,-16.415626,0.997803
66000,0.021000,-16.331132,0.997787
66000,0.022000,-16.247393,0.997770
66000,0.023000,-16.164427,0.997753
66000,0.024000,-16.082249,0.997736
66000,0.025000,-16.000877,0.997720
66000,0.026000,-15.920326,0.997703
66000,0.027000,-15.840612,0.997686
66000,0.028000,-15.761748,0.997669
66000,0.029000,-15.683749,0.997653
66000,0.030000,-15.606628,0.997636
66000,0.031000,-15.530400,0.997619
66000,0.032000,-15.455075,0.997603
66000,0.033000,-15.380668,0.997586
66000,0.034000,-15.307188,0.997569
66000,0.035000,-15.234648,0.997553
66000,0.036000,-15.163059,0.997537
66000,0.037000,-15.092431,0.997520
66000,0.038000,-15.022774,0.997504
66000,0.039000,-14.954097,0.997488
66000,0.040000,-14.886411,0.997472
66000,0.041000,-14.819723,0.997456
66000,0.042000,-14.754044,0.997440
66000,0.043000,-14.689379,0.997425
66000,0.044000,-14.625739,0.997409
66000,0.045000,-14.563129,0.997394
66000,0.046000,-14.501558,0.997378
66000,0.047000,-14.441032,0.997363
66000,0.048000,-14.381558,0.997348
66000,0.049000,-14.323142,0.997334
66000,0.050000,-14.265790,0.997319
66000,0.051000,-14.209509,0.997305
66000,0.052000,-14.154302,0.997290
66000,0.053000,-14.100176,0.997276
66000,0.054000,-14.047136,0.997263
66000,0.055000,-13.995187,0.997249
66000,0.056000,-13.944332,0.997236
66000,0.057000,-13.894577,0.997222
66000,0.058000,-13.845925,0.997209
66000,0.059000,-13.798380,0.997197
66000,0.060000,-13.751946,0.997184
66000,0.061000,-13.706627,0.997172
66000,0.062000,-13.662425,0.997160
66000,0.063000,-13.619345,0.997148
66000,0.064000,-13.577388,0.997136
66000,0.065000,-13.536558,0.997125
66000,0.066000,-13.496858,0.997114
66000,0.067000,-13.458289,0.997103
66000,0.068000,-13.420855,0.997093
66000,0.069000,-13.384558,0.997082
66000,0.070000,-13.349399,0.997072
66000,0.071000,-13.315381,0.997063
66000,0.072000,-13.282505,0.997053
66000,0.073000,-13.250774,0.997044
66000,0.074000,-13.220189,0.997036
66000,0.075000,-13.190752,0.997027
66000,0.076000,-13.162463,0.997019
66000,0.077000,-13.135325,0.997011
66000,0.078000,-13.109338,0.997003
66000,0.079000,-13.084505,0.996996
66000,0.080000,-13.060825,0.996989
66000,0.081000,-13.038300,0.996983
66000,0.082000,-13.016931,0.996976
66000,0.083000,-12.996719,0.996970
66000,0.084000,-12.977665,0.996965
66000,0.085000,-12.959769,0.996959
66000,0.086000,-12.943032,0.996954
66000,0.087000,-12.927455,0.996950
66000,0.088000,-12.913038,0.996946
66000,0.089000,-12.899782,0.996942
66000,0.090000,-12.887687,0.996938
66000,0.091000,-12.876754,0.996935
66000,0.092000,-12.866983,0.996932
66000,0.093000,-12.858374,0.996929
66000,0.094000,-12.850928,0.996927
66000,0.095000,-12.844646,0.996925
66000,0.096000,-12.839526,0.996923
66000,0.097000,-12.835570,0.996922
66000,0.098000,-12.832777,0.996921
66000,0.099000,-12.831148,0.996921
68000,0.000000,-18.000000,0.998244
68000,0.001000,-17.954514,0.998223
68000,0.002000,-17.909128,0.998215
68000,0.003000,-17.863839,0.998208
68000,0.004000,-17.818655,0.998200
68000,0.005000,-17.771665,0.998200
68000,0.006000,-17.682879,0.998185
68000,0.007000,-17.594498,0.998171
68000,0.008000,-17.506546,0.998156
68000,0.009000,-17.419048,0.998141
68000,0.010000,-17.332027,0.998126
68000,0.011000,-17.245509,0.998111
68000,0.012000,-17.159515,0.998095
68000,0.013000,-17.074068,0.998080
68000,0.014000,-16.989190,0.998064
68000,0.015000,-16.904901,0.998048
68000,0.016000,-16.821222,0.998032
68000,0.017000,-16.738173,0.998017
68000,0.018000,-16.655772,0.998001
68000,0.019000,-16.574040,0.997985
68000,0.020000,-16.492994,0.997968
68000,0.021000,-16.412650,0.997952
68000,0.022000,-16.333027,0.997936
68000,0.023000,-16.254141,0.997920
68000,0.024000,-16.176008,0.997904
68000,0.025000,-16.098642,0.997887
68000,0.026000,-16.022059,0.997871
68000,0.027000,-15.946273,0.997855
68000,0.028000,-15.871298,0.997839
68000,0.029000,-15.797147,0.997822
68000,0.030000,-15.723833,0.997806
68000,0.031000,-15.651369,0.997790
68000,0.032000,-15.579767,0.997774
68000,0.033000,-15.509037,0.997758
68000,0.034000,-15.439192,0.997742
68000,0.035000,-15.370241,0.997726
68000,0.036000,-15.302196,0.997710
68000,0.037000,-15.235065,0.997694
68000,0.038000,-15.168859,0.997679
68000,0.039000,-15.103587,0.997663
68000,0.040000,-15.039257,0.997647
68000,0.041000,-14.975877,0.997632
68000,0.042000,-14.913457,0.997617
68000,0.043000,-14.852003,0.997602
68000,0.044000,-14.791523,0.997586
68000,0.045000,-14.732025,0.997572
68000,0.046000,-14.673514,0.997557
68000,0.047000,-14.615997,0.997542
68000,0.048000,-14.559481,0.997528
68000,0.049000,-14.503972,0.997513
68000,0.050000,-14.449475,0.997499
68000,0.051000,-14.395995,0.997485
68000,0.052000,-14.343538,0.997472
68000,0.053000,-14.292109,0.997458
68000,0.054000,-14.241712,0.997445
68000,0.055000,-14.192352,0.997431
68000,0.056000,-14.144034,0.997418
68000,0.057000,-14.096760,0.997406
68000,0.058000,-14.050536,0.997393
68000,0.059000,-14.005364,0.997381
68000,0.060000,-13.961248,0.997369
68000,0.061000,-13.918192,0.997357
68000,0.062000,-13.876198,0.997345
68000,0.063000,-13.835269,0.997334
68000,0.064000,-13.795409,0.997322
68000,0.065000,-13.756620,0.997311
68000,0.066000,-13.718904,0.997301
68000,0.067000,-13.682265,0.997290
68000,0.068000,-13.646703,0.997280
68000,0.069000,-13.612221,0.997270
68000,0.070000,-13.578821,0.997261
68000,0.071000,-13.546506,0.997251
68000,0.072000,-13.515276,0.997242
68000,0.073000,-13.485133,0.997233
68000,0.074000,-13.456079,0.997225
68000,0.075000,-13.428116,0.997217
68000,0.076000,-13.401244,0.997209
68000,0.077000,-13.375465,0.997201
68000,0.078000,-13.350780,0.997194
68000,0.079000,-13.327191,0.997187
68000,0.080000,-13.304698,0.997180
68000,0.081000,-13.283302,0.997174
68000,0.082000,-13.263004,0.997168
68000,0.083000,-13.243805,0.997162
68000,0.084000,-13.225706,0.997156
68000,0.085000,-13.208708,0.997151
68000,0.086000,-13.192810,0.997146
68000,0.087000,-13.178014,0.997142
68000,0.088000,-13.164320,0.997138
68000,0.089000,-13.151729,0.997134
68000,0.090000,-13.140240,0.997130
68000,0.091000,-13.129856,0.997127
68000,0.092000,-13.120575,0.997124
68000,0.093000,-13.112398,0.997122
68000,0.094000,-13.105326,0.997120
68000,0.095000,-13.099358,0.997118
68000,0.096000,-13.094496,0.997116
68000,0.097000,-13.090738,0.997115
68000,0.098000,-13.088085,0.997114
68000,0.099000,-13.086538,0.997114
70000,0.000000,-18.000000,0.998395
70000,0.001000,-17.956645,0.998375
70000,0.002000,-17.913386,0.998367
70000,0.003000,-17.870220,0.998360
70000,0.004000,-17.827154,0.998353
70000,0.005000,-17.782349,0.998352
70000,0.006000,-17.697729,0.998338
70000,0.007000,-17.613496,0.998324
70000,0.008000,-17.529675,0.998309
70000,0.009000,-17.446290,0.998295
70000,0.010000,-17.363363,0.998280
70000,0.011000,-17.280917,0.998265
70000,0.012000,-17.198973,0.998250
70000,0.013000,-17.117553,0.998235
70000,0.014000,-17.036678,0.998220
70000,0.015000,-16.956366,0.998205
70000,0.016000,-16.876638,0.998190
70000,0.017000,-16.797513,0.998174
70000,0.018000,-16.719008,0.998159
70000,0.019000,-16.641142,0.998143
70000,0.020000,-16.563932,0.998128
70000,0.021000,-16.487393,0.998112
70000,0.022000,-16.411544,0.998096
70000,0.023000,-16.336398,0.998080
70000,0.024000,-16.261971,0.998065
70000,0.025000,-16.188277,0.998049
70000,0.026000,-16.115331,0.998033
70000,0.027000,-16.043146,0.998017
70000,0.028000,-15.971736,0.998002
70000,0.029000,-15.901112,0.997986
70000,0.030000,-15.831287,0.997970
70000,0.031000,-15.762273,0.997955
70000,0.032000,-15.694082,0.997939
70000,0.033000,-15.626723,0.997923
70000,0.034000,-15.560208,0.997908
70000,0.035000,-15.494547,0.997892
70000,0.036000,-15.429749,0.997877
70000,0.037000,-15.365824,0.997862
70000,0.038000,-15.302780,0.997846
70000,0.039000,-15.240627,0.997831
70000,0.040000,-15.179373,0.997816
70000,0.041000,-15.119025,0.997801
70000,0.042000,-15.059592,0.997787
70000,0.043000,-15.001079,0.997772
70000,0.044000,-14.943496,0.997757
70000,0.045000,-14.886847,0.997743
70000,0.046000,-14.831140,0.997729
70000,0.047000,-14.776381,0.997714
70000,0.048000,-14.722576,0.997700
70000,0.049000,-14.669729,0.997687
70000,0.050000,-14.617847,0.997673
70000,0.051000,-14.566935,0.997659
70000,0.052000,-14.516997,0.997646
70000,0.053000,-14.468039,0.997633
70000,0.054000,-14.420064,0.997620
70000,0.055000,-14.373076,0.997607
70000,0.056000,-14.327081,0.997595
70000,0.057000,-14.282081,0.997582
70000,0.058000,-14.238080,0.997570
70000,0.059000,-14.195082,0.997558
70000,0.060000,-14.153090,0.997546
70000,0.061000,-14.112106,0.997535
70000,0.062000,-14.072135,0.997524
70000,0.063000,-14.033178,0.997512
70000,0.064000,-13.995238,0.997502
70000,0.065000,-13.958319,0.997491
70000,0.066000,-13.922421,0.997481
70000,0.067000,-13.887548,0.997471
70000,0.068000,-13.853701,0.997461
70000,0.069000,-13.820882,0.997451
70000,0.070000,-13.789094,0.997442
70000,0.071000,-13.758337,0.997433
70000,0.072000,-13.728614,0.997424
70000,0.073000,-13.699927,0.997415
70000,0.074000,-13.672275,0.997407
70000,0.075000,-13.645662,0.997399
70000,0.076000,-13.620088,0.997392
70000,0.077000,-13.595554,0.997384
70000,0.078000,-13.572062,0.997377
70000,0.079000,-13.549612,0.997370
70000,0.080000,-13.528206,0.997364
70000,0.081000,-13.507844,0.997358
70000,0.082000,-13.488527,0.997352
70000,0.083000,-13.470256,0.997346
70000,0.084000,-13.453032,0.997341
70000,0.085000,-13.436855,0.997336
70000,0.086000,-13.421726,0.997331
70000,0.087000,-13.407646,0.997327
70000,0.088000,-13.394614,0.997323
70000,0.089000,-13.382631,0.997319
70000,0.090000,-13.371699,0.997316
70000,0.091000,-13.361816,0.997313
70000,0.092000,-13.352985,0.997310
70000,0.093000,-13.345203,0.997308
70000,0.094000,-13.338473,0.997306
70000,0.095000,-13.332794,0.997304
70000,0.096000,-13.328167,0.997302
70000,0.097000,-13.324591,0.997301
70000,0.098000,-13.322067,0.997300
70000,0.099000,-13.320594,0.997300
72000,0.000000,-18.000000,0.998540
72000,0.001000,-17.958603,0.998521
72000,0.002000,-17.917297,0.998513
72000,0.003000,-17.876082,0.998506
72000,0.004000,-17.834962,0.998499
72000,0.005000,-17.792165,0.998499
72000,0.006000,-17.711371,0.998485
72000,0.007000,-17.630950,0.998471
72000,0.008000,-17.550924,0.998457
72000,0.009000,-17.471317,0.998443
72000,0.010000,-17.392150,0.998429
72000,0.011000,-17.313444,0.998414
72000,0.012000,-17.235221,0.998400
72000,0.013000,-17.157500,0.998385
72000,0.014000,-17.080300,0.998371
72000,0.015000,-17.003642,0.998356
72000,0.016000,-16.927543,0.998341
72000,0.017000,-16.852022,0.998326
72000,0.018000,-16.777095,0.998311
72000,0.019000,-16.702780,0.998296
72000,0.020000,-16.629092,0.998281
72000,0.021000,-16.556048,0.998265
72000,0.022000,-16.483663,0.998250
72000,0.023000,-16.411952,0.998235
72000,0.024000,-16.340929,0.998220
72000,0.025000,-16.270608,0.998204
72000,0.026000,-16.201002,0.998189
72000,0.027000,-16.132124,0.998174
72000,0.028000,-16.063986,0.998159
72000,0.029000,-15.996601,0.998143
72000,0.030000,-15.929980,0.998128
72000,0.031000,-15.864134,0.998113
72000,0.032000,-15.799075,0.998098
72000,0.033000,-15.734811,0.998083
72000,0.034000,-15.671354,0.998068
72000,0.035000,-15.608713,0.998053
72000,0.036000,-15.546897,0.998038
72000,0.037000,-15.485914,0.998023
72000,0.038000,-15.425774,0.998008
72000,0.039000,-15.366485,0.997994
72000,0.040000,-15.308054,0.997979
72000,0.041000,-15.250490,0.997965
72000,0.042000,-15.193798,0.997950
72000,0.043000,-15.137986,0.997936
72000,0.044000,-15.083061,0.997922
72000,0.045000,-15.029029,0.997908
72000,0.046000,-14.975896,0.997894
72000,0.047000,-14.923668,0.997880
72000,0.048000,-14.872351,0.997867
72000,0.049000,-14.821949,0.997854
72000,0.050000,-14.772468,0.997840
72000,0.051000,-14.723912,0.997827
72000,0.052000,-14.676286,0.997814
72000,0.053000,-14.629595,0.997802
72000,0.054000,-14.583843,0.997789
72000,0.055000,-14.539034,0.997777
72000,0.056000,-14.495170,0.997764
72000,0.057000,-14.452257,0.997752
72000,0.058000,-14.410297,0.997741
72000,0.059000,-14.369294,0.997729
72000,0.060000,-14.329251,0.997718
72000,0.061000,-14.290170,0.997707
72000,0.062000,-14.252055,0.997696
72000,0.063000,-14.214907,0.997685
72000,0.064000,-14.178730,0.997674
72000,0.065000,-14.143526,0.997664
72000,0.066000,-14.109297,0.997654
72000,0.067000,-14.076044,0.997644
72000,0.068000,-14.043771,0.997635
72000,0.069000,-14.012479,0.997626
72000,0.070000,-13.982169,0.997617
72000,0.071000,-13.952844,0.997608
72000,0.072000,-13.924504,0.997599
72000,0.073000,-13.897151,0.997591
72000,0.074000,-13.870787,0.997583
72000,0.075000,-13.845413,0.997575
72000,0.076000,-13.821030,0.997568
72000,0.077000,-13.797639,0.997561
72000,0.078000,-13.775240,0.997554
72000,0.079000,-13.753837,0.997547
72000,0.080000,-13.733428,0.997541
72000,0.081000,-13.714014,0.997535
72000,0.082000,-13.695598,0.997529
72000,0.083000,-13.678178,0.997524
72000,0.084000,-13.661757,0.997519
72000,0.085000,-13.646334,0.997514
72000,0.086000,-13.631910,0.997510
72000,0.087000,-13.618486,0.997505
72000,0.088000,-13.606062,0.997502
72000,0.089000,-13.594638,0.997498
72000,0.090000,-13.584216,0.997495
72000,0.091000,-13.574794,0.997492
72000,0.092000,-13.566374,0.997489
72000,0.093000,-13.558956,0.997487
72000,0.094000,-13.552539,0.997485
72000,0.095000,-13.547125,0.997483
72000,0.096000,-13.542714,0.997482
72000,0.097000,-13.539305,0.997481
72000,0.098000,-13.536898,0.997480
72000,0.099000,-13.535494,0.997479
74000,0.000000,-18.000000,0.998680
74000,0.001000,-17.960404,0.998661
74000,0.002000,-17.920896,0.998654
74000,0.003000,-17.881475,0.998647
74000,0.004000,-17.842147,0.998640
74000,0.005000,-17.801199,0.998639
74000,0.006000,-17.723926,0.998626
74000,0.007000,-17.647012,0.998613
74000,0.008000,-17.570479,0.998599
74000,0.009000,-17.494348,0.998586
74000,0.010000,-17.418641,0.998572
74000,0.011000,-17.343377,0.998558
74000,0.012000,-17.268576,0.998544
74000,0.013000,-17.194259,0.998530
74000,0.014000,-17.120442,0.998515
74000,0.015000,-17.047145,0.998501
74000,0.016000,-16.974386,0.998486
74000,0.017000,-16.902180,0.998472
74000,0.018000,-16.830545,0.998457
74000,0.019000,-16.759496,0.998443
74000,0.020000,-16.689050,0.998428
74000,0.021000,-16.619221,0.998413
74000,0.022000,-16.550024,0.998399
74000,0.023000,-16.481473,0.998384
74000,0.024000,-16.413581,0.998369
74000,0.025000,-16.346362,0.998354
74000,0.026000,-16.279828,0.998339
74000,0.027000,-16.213992,0.998325
74000,0.028000,-16.148865,0.998310
74000,0.029000,-16.084459,0.998295
74000,0.030000,-16.020785,0.998280
74000,0.031000,-15.957854,0.998266
74000,0.032000,-15.895675,0.998251
74000,0.033000,-15.834258,0.998236
74000,0.034000,-15.773614,0.998222
74000,0.035000,-15.713750,0.998207
74000,0.036000,-15.654676,0.998193
74000,0.037000,-15.596401,0.998178
74000,0.038000,-15.538931,0.998164
74000,0.039000,-15.482276,0.998150
74000,0.040000,-15.426442,0.998136
74000,0.041000,-15.371437,0.998122
74000,0.042000,-15.317267,0.998108
74000,0.043000,-15.263938,0.998094
74000,0.044000,-15.211458,0.998081
74000,0.045000,-15.159833,0.998067
74000,0.046000,-15.109067,0.998054
74000,0.047000,-15.059167,0.998040
74000,0.048000,-15.010137,0.998027
74000,0.049000,-14.961983,0.998014
74000,0.050000,-14.914709,0.998001
74000,0.051000,-14.868321,0.997989
74000,0.052000,-14.822821,0.997976
74000,0.053000,-14.778215,0.997964
74000,0.054000,-14.734507,0.997952
74000,0.055000,-14.691700,0.997940
74000,0.056000,-14.649797,0.997928
74000,0.057000,-14.608803,0.997916
74000,0.058000,-14.568720,0.997905
74000,0.059000,-14.529551,0.997894
74000,0.060000,-14.491299,0.997883
74000,0.061000,-14.453968,0.997872
74000,0.062000,-14.417559,0.997861
74000,0.063000,-14.382075,0.997851
74000,0.064000,-14.347519,0.997841
74000,0.065000,-14.313892,0.997831
74000,0.066000,-14.281196,0.997821
74000,0.067000,-14.249435,0.997812
74000,0.068000,-14.218608,0.997803
74000,0.069000,-14.188719,0.997794
74000,0.070000,-14.159769,0.997785
74000,0.071000,-14.131759,0.997776
74000,0.072000,-14.104691,0.997768
74000,0.073000,-14.078566,0.997760
74000,0.074000,-14.053385,0.997753
74000,0.075000,-14.029150,0.997745
74000,0.076000,-14.005861,0.997738
74000,0.077000,-13.983520,0.997731
74000,0.078000,-13.962128,0.997724
74000,0.079000,-13.941686,0.997718
74000,0.080000,-13.922193,0.997712
74000,0.081000,-13.903652,0.997706
74000,0.082000,-13.886063,0.997701
74000,0.083000,-13.869427,0.997695
74000,0.084000,-13.853743,0.997691
74000,0.085000,-13.839014,0.997686
74000,0.086000,-13.825238,0.997682
74000,0.087000,-13.812417,0.997677
74000,0.088000,-13.800552,0.997674
74000,0.089000,-13.789642,0.997670
74000,0.090000,-13.779688,0.997667
74000,0.091000,-13.770690,0.997664
74000,0.092000,-13.762648,0.997662
74000,0.093000,-13.755564,0.997659
74000,0.094000,-13.749436,0.997657
74000,0.095000,-13.744266,0.997656
74000,0.096000,-13.740052,0.997654
74000,0.097000,-13.736797,0.997653
74000,0.098000,-13.734498,0.997653
74000,0.099000,-13.733158,0.997652
76000,0.000000,-18.000000,0.998814
76000,0.001000,-17.962064,0.998796
76000,0.002000,-17.924214,0.998789
76000,0.003000,-17.886447,0.998782
76000,0.004000,-17.848770,0.998776
76000,0.005000,-17.809528,0.998775
76000,0.006000,-17.735500,0.998762
76000,0.007000,-17.661818,0.998749
76000,0.008000,-17.588504,0.998736
76000,0.009000,-17.515578,0.998723
76000,0.010000,-17.443059,0.998709
76000,0.011000,-17.370968,0.998696
76000,0.012000,-17.299323,0.998682
76000,0.013000,-17.228142,0.998668
76000,0.014000,-17.157443,0.998654
76000,0.015000,-17.087244,0.998641
76000,0.016000,-17.017562,0.998626
76000,0.017000,-16.948412,0.998612
76000,0.018000,-16.879810,0.998598
76000,0.019000,-16.811772,0.998584
76000,0.020000,-16.744313,0.998570
76000,0.021000,-16.677447,0.998556
76000,0.022000,-16.611187,0.998541
76000,0.023000,-16.545548,0.998527
76000,0.024000,-16.480542,0.998513
76000,0.025000,-16.416181,0.998498
76000,0.026000,-16.352479,0.998484
76000,0.027000,-16.289446,0.998470
76000,0.028000,-16.227093,0.998455
76000,0.029000,-16.165433,0.998441
76000,0.030000,-16.104474,0.998427
76000,0.031000,-16.044228,0.998412
76000,0.032000,-15.984703,0.998398
76000,0.033000,-15.925910,0.998384
76000,0.034000,-15.867856,0.998370
76000,0.035000,-15.810552,0.998356
76000,0.036000,-15.754005,0.998342
76000,0.037000,-15.698223,0.998328
76000,0.038000,-15.643214,0.998314
76000,0.039000,-15.588985,0.998300
76000,0.040000,-15.535544,0.998287
76000,0.041000,-15.482897,0.998273
76000,0.042000,-15.431050,0.998260
76000,0.043000,-15.380009,0.998246
76000,0.044000,-15.329782,0.998233
76000,0.045000,-15.280373,0.998220
76000,0.046000,-15.231788,0.998207
76000,0.047000,-15.184032,0.998194
76000,0.048000,-15.137110,0.998182
76000,0.049000,-15.091026,0.998169
76000,0.050000,-15.045786,0.998157
76000,0.051000,-15.001394,0.998144
76000,0.052000,-14.957853,0.998132
76000,0.053000,-14.915168,0.998120
76000,0.054000,-14.873342,0.998109
76000,0.055000,-14.832379,0.998097
76000,0.056000,-14.792283,0.998086
76000,0.057000,-14.753055,0.998074
76000,0.058000,-14.714701,0.998063
76000,0.059000,-14.677222,0.998053
76000,0.060000,-14.640621,0.998042
76000,0.061000,-14.604900,0.998031
76000,0.062000,-14.570063,0.998021
76000,0.063000,-14.536112,0.998011
76000,0.064000,-14.503048,0.998001
76000,0.065000,-14.470873,0.997992
76000,0.066000,-14.439591,0.997982
76000,0.067000,-14.409202,0.997973
76000,0.068000,-14.379708,0.997964
76000,0.069000,-14.351111,0.997956
76000,0.070000,-14.323413,0.997947
76000,0.071000,-14.296615,0.997939
76000,0.072000,-14.270718,0.997931
76000,0.073000,-14.245723,0.997923
76000,0.074000,-14.221632,0.997916
76000,0.075000,-14.198446,0.997909
76000,0.076000,-14.176165,0.997902
76000,0.077000,-14.154792,0.997895
76000,0.078000,-14.134326,0.997889
76000,0.079000,-14.114769,0.997883
76000,0.080000,-14.096121,0.997877
76000,0.081000,-14.078383,0.997871
76000,0.082000,-14.061556,0.997866
76000,0.083000,-14.045640,0.997861
76000,0.084000,-14.030637,0.997856
76000,0.085000,-14.016545,0.997851
76000,0.086000,-14.003367,0.997847
76000,0.087000,-13.991102,0.997843
76000,0.088000,-13.979751,0.997840
76000,0.089000,-13.969314,0.997836
76000,0.090000,-13.959791,0.997833
76000,0.091000,-13.951183,0.997830
76000,0.092000,-13.943491,0.997828
76000,0.093000,-13.936713,0.997826
76000,0.094000,-13.930851,0.997824
76000,0.095000,-13.925905,0.997822
76000,0.096000,-13.921874,0.997821
76000,0.097000,-13.918760,0.997820
76000,0.098000,-13.916561,0.997819
76000,0.099000,-13.915279,0.997819
78000,0.000000,-18.000000,0.998943
78000,0.001000,-17.963597,0.998926
78000,0.002000,-17.927276,0.998919
78000,0.003000,-17.891037,0.998913
78000,0.004000,-17.854884,0.998906
78000,0.005000,-17.817218,0.998905
78000,0.006000,-17.746186,0.998893
78000,0.007000,-17.675489,0.998880
78000,0.008000,-17.605147,0.998867
78000,0.009000,-17.535179,0.998855
78000,0.010000,-17.465604,0.998842
78000,0.011000,-17.396442,0.998828
78000,0.012000,-17.327709,0.998815
78000,0.013000,-17.259424,0.998802
78000,0.014000,-17.191604,0.998788
78000,0.015000,-17.124264,0.998775
78000,0.016000,-17.057423,0.998761
78000,0.017000,-16.991093,0.998748
78000,0.018000,-16.925292,0.998734
78000,0.019000,-16.860034,0.998720
78000,0.020000,-16.795332,0.998706
78000,0.021000,-16.731200,0.998693
78000,0.022000,-16.667652,0.998679
78000,0.023000,-16.604701,0.998665
78000,0.024000,-16.542358,0.998651
78000,0.025000,-16.480637,0.998637
78000,0.026000,-16.419547,0.998623
78000,0.027000,-16.359101,0.998609
78000,0.028000,-16.299309,0.998595
78000,0.029000,-16.240182,0.998581
78000,0.030000,-16.181730,0.998568
78000,0.031000,-16.123962,0.998554
78000,0.032000,-16.066887,0.998540
78000,0.033000,-16.010514,0.998526
78000,0.034000,-15.954853,0.998513
78000,0.035000,-15.899911,0.998499
78000,0.036000,-15.845695,0.998486
78000,0.037000,-15.792215,0.998472
78000,0.038000,-15.739476,0.998459
78000,0.039000,-15.687487,0.998445
78000,0.040000,-15.636253,0.998432
78000,0.041000,-15.585782,0.998419
78000,0.042000,-15.536079,0.998406
78000,0.043000,-15.487150,0.998393
78000,0.044000,-15.439001,0.998380
78000,0.045000,-15.391637,0.998368
78000,0.046000,-15.345064,0.998355
78000,0.047000,-15.299287,0.998343
78000,0.048000,-15.254309,0.998330
78000,0.049000,-15.210137,0.998318
78000,0.050000,-15.166773,0.998306
78000,0.051000,-15.124222,0.998294
78000,0.052000,-15.082489,0.998283
78000,0.053000,-15.041576,0.998271
78000,0.054000,-15.001487,0.998260
78000,0.055000,-14.962226,0.998248
78000,0.056000,-14.923796,0.998237
78000,0.057000,-14.886199,0.998227
78000,0.058000,-14.849439,0.998216
78000,0.059000,-14.813519,0.998205
78000,0.060000,-14.778441,0.998195
78000,0.061000,-14.744207,0.998185
78000,0.062000,-14.710820,0.998175
78000,0.063000,-14.678282,0.998165
78000,0.064000,-14.646595,0.998156
78000,0.065000,-14.615761,0.998147
78000,0.066000,-14.585782,0.998138
78000,0.067000,-14.556659,0.998129
78000,0.068000,-14.528395,0.998120
78000,0.069000,-14.500991,0.998112
78000,0.070000,-14.474447,0.998104
78000,0.071000,-14.448767,0.998096
78000,0.072000,-14.423950,0.998088
78000,0.073000,-14.399998,0.998080
78000,0.074000,-14.376912,0.998073
78000,0.075000,-14.354694,0.998066
78000,0.076000,-14.333343,0.998060
78000,0.077000,-14.312862,0.998053
78000,0.078000,-14.293251,0.998047
78000,0.079000,-14.274511,0.998041
78000,0.080000,-14.256642,0.998035
78000,0.081000,-14.239645,0.998030
78000,0.082000,-14.223521,0.998025
78000,0.083000,-14.208270,0.998020
78000,0.084000,-14.193893,0.998015
78000,0.085000,-14.180391,0.998011
78000,0.086000,-14.167763,0.998007
78000,0.087000,-14.156011,0.998003
78000,0.088000,-14.145134,0.997999
78000,0.089000,-14.135133,0.997996
78000,0.090000,-14.126009,0.997993
78000,0.091000,-14.117761,0.997991
78000,0.092000,-14.110390,0.997988
78000,0.093000,-14.103896,0.997986
78000,0.094000,-14.098279,0.997984
78000,0.095000,-14.093539,0.997983
78000,0.096000,-14.089677,0.997981
78000,0.097000,-14.086693,0.997980
78000,0.098000,-14.084586,0.997980
78000,0.099000,-14.083358,0.997979
80000,0.000000,-18.000000,0.999068
80000,0.001000,-17.965014,0.999051
80000,0.002000,-17.930108,0.999044
80000,0.003000,-17.895281,0.999038
80000,0.004000,-17.860537,0.999032
80000,0.005000,-17.824329,0.999031
80000,0.006000,-17.756068,0.999019
80000,0.007000,-17.688131,0.999006
80000,0.008000,-17.620537,0.998994
80000,0.009000,-17.553304,0.998982
80000,0.010000,-17.486452,0.998969
80000,0.011000,-17.419997,0.998956
80000,0.012000,-17.353958,0.998943
80000,0.013000,-17.288350,0.998930
80000,0.014000,-17.223191,0.998917
80000,0.015000,-17.158496,0.998904
80000,0.016000,-17.094281,0.998891
80000,0.017000,-17.030560,0.998878
80000,0.018000,-16.967347,0.998864
80000,0.019000,-16.904658,0.998851
80000,0.020000,-16.842506,0.998838
80000,0.021000,-16.780902,0.998824
80000,0.022000,-16.719861,0.998811
80000,0.023000,-16.659395,0.998797
80000,0.024000,-16.599515,0.998784
80000,0.025000,-16.540232,0.998771
80000,0.026000,-16.481559,0.998757
80000,0.027000,-16.423505,0.998744
80000,0.028000,-16.366080,0.998730
80000,0.029000,-16.309295,0.998717
80000,0.030000,-16.253159,0.998703
80000,0.031000,-16.197682,0.998690
80000,0.032000,-16.142872,0.998677
80000,0.033000,-16.088737,0.998663
80000,0.034000,-16.035286,0.998650
80000,0.035000,-15.982527,0.998637
80000,0.036000,-15.930468,0.998624
80000,0.037000,-15.879114,0.998611
80000,0.038000,-15.828475,0.998598
80000,0.039000,-15.778555,0.998585
80000,0.040000,-15.729362,0.998572
80000,0.041000,-15.680902,0.998559
80000,0.042000,-15.633180,0.998547
80000,0.043000,-15.586203,0.998534
80000,0.044000,-15.539975,0.998522
80000,0.045000,-15.494502,0.998510
80000,0.046000,-15.449789,0.998498
80000,0.047000,-15.405840,0.998485
80000,0.048000,-15.362660,0.998474
80000,0.049000,-15.320253,0.998462
80000,0.050000,-15.278624,0.998450
80000,0.051000,-15.237775,0.998439
80000,0.052000,-15.197712,0.998427
80000,0.053000,-15.158437,0.998416
80000,0.054000,-15.119953,0.998405
80000,0.055000,-15.082265,0.998394
80000,0.056000,-15.045374,0.998384
80000,0.057000,-15.009285,0.998373
80000,0.058000,-14.973999,0.998363
80000,0.059000,-14.939519,0.998353
80000,0.060000,-14.905848,0.998343
80000,0.061000,-14.872988,0.998333
80000,0.062000,-14.840941,0.998323
80000,0.063000,-14.809709,0.998314
80000,0.064000,-14.779295,0.998305
80000,0.065000,-14.749699,0.998296
80000,0.066000,-14.720925,0.998287
80000,0.067000,-14.692972,0.998278
80000,0.068000,-14.665844,0.998270
80000,0.069000,-14.639541,0.998262
80000,0.070000,-14.614065,0.998254
80000,0.071000,-14.589417,0.998246
80000,0.072000,-14.565599,0.998239
80000,0.073000,-14.542610,0.998232
80000,0.074000,-14.520454,0.998225
80000,0.075000,-14.499129,0.998218
80000,0.076000,-14.478639,0.998212
80000,0.077000,-14.458982,0.998205
80000,0.078000,-14.440160,0.998199
80000,0.079000,-14.422174,0.998194
80000,0.080000,-14.405025,0.998188
80000,0.081000,-14.388713,0.998183
80000,0.082000,-14.373238,0.998178
80000,0.083000,-14.358602,0.998173
80000,0.084000,-14.344804,0.998169
80000,0.085000,-14.331846,0.998165
80000,0.086000,-14.319727,0.998161
80000,0.087000,-14.308449,0.998157
80000,0.088000,-14.298010,0.998153
80000,0.089000,-14.288413,0.998150
80000,0.090000,-14.279656,0.998147
80000,0.091000,-14.271741,0.998145
80000,0.092000,-14.264667,0.998143
80000,0.093000,-14.258435,0.998141
80000,0.094000,-14.253044,0.998139
80000,0.095000,-14.248496,0.998137
80000,0.096000,-14.244790,0.998136
80000,0.097000,-14.241926,0.998135
80000,0.098000,-14.239904,0.998134
80000,0.099000,-14.238725,0.998134
82000,0.000000,-18.000000,0.999187
82000,0.001000,-17.966327,0.999171
82000,0.002000,-17.932731,0.999165
82000,0.003000,-17.899211,0.999158
82000,0.004000,-17.865773,0.999152
82000,0.005000,-17.830915,0.999151
82000,0.006000,-17.765220,0.999140
82000,0.007000,-17.699839,0.999128
82000,0.008000,-17.634789,0.999116
82000,0.009000,-17.570090,0.999104
82000,0.010000,-17.505758,0.999091
82000,0.011000,-17.441811,0.999079
82000,0.012000,-17.378266,0.999067
82000,0.013000,-17.315138,0.999054
82000,0.014000,-17.252443,0.999041
82000,0.015000,-17.190196,0.999029
82000,0.016000,-17.128413,0.999016
82000,0.017000,-17.067107,0.999003
82000,0.018000,-17.006292,0.998990
82000,0.019000,-16.945982,0.998977
82000,0.020000,-16.886190,0.998964
82000,0.021000,-16.826928,0.998951
82000,0.022000,-16.768208,0.998938
82000,0.023000,-16.710043,0.998925
82000,0.024000,-16.652443,0.998912
82000,0.025000,-16.595419,0.998899
82000,0.026000,-16.538982,0.998886
82000,0.027000,-16.483142,0.998873
82000,0.028000,-16.427909,0.998860
82000,0.029000,-16.373293,0.998847
82000,0.030000,-16.319302,0.998834
82000,0.031000,-16.265946,0.998821
82000,0.032000,-16.213232,0.998808
82000,0.033000,-16.161169,0.998795
82000,0.034000,-16.109765,0.998782
82000,0.035000,-16.059028,0.998770
82000,0.036000,-16.008963,0.998757
82000,0.037000,-15.959580,0.998744
82000,0.038000,-15.910883,0.998732
82000,0.039000,-15.862879,0.998719
82000,0.040000,-15.815576,0.998707
82000,0.041000,-15.768977,0.998695
82000,0.042000,-15.723090,0.998682
82000,0.043000,-15.677919,0.998670
82000,0.044000,-15.633470,0.998658
82000,0.045000,-15.589747,0.998646
82000,0.046000,-15.546755,0.998635
82000,0.047000,-15.504499,0.998623
82000,0.048000,-15.462982,0.998612
82000,0.049000,-15.422210,0.998600
82000,0.050000,-15.382186,0.998589
82000,0.051000,-15.342913,0.998578
82000,0.052000,-15.304396,0.998567
82000,0.053000,-15.266636,0.998556
82000,0.054000,-15.229639,0.998545
82000,0.055000,-15.193406,0.998535
82000,0.056000,-15.157941,0.998525
82000,0.057000,-15.123247,0.998514
82000,0.058000,-15.089325,0.998504
82000,0.059000,-15.056178,0.998495
82000,0.060000,-15.023810,0.998485
82000,0.061000,-14.992221,0.998475
82000,0.062000,-14.961414,0.998466
82000,0.063000,-14.931392,0.998457
82000,0.064000,-14.902155,0.998448
82000,0.065000,-14.873706,0.998440
82000,0.066000,-14.846046,0.998431
82000,0.067000,-14.819176,0.998423
82000,0.068000,-14.793100,0.998415
82000,0.069000,-14.767816,0.998407
82000,0.070000,-14.743328,0.998399
82000,0.071000,-14.719636,0.998392
82000,0.072000,-14.696741,0.998385
82000,0.073000,-14.674645,0.998378
82000,0.074000,-14.653348,0.998371
82000,0.075000,-14.632851,0.998364
82000,0.076000,-14.613155,0.998358
82000,0.077000,-14.594262,0.998352
82000,0.078000,-14.576171,0.998346
82000,0.079000,-14.558884,0.998341
82000,0.080000,-14.542400,0.998335
82000,0.081000,-14.526722,0.998330
82000,0.082000,-14.511848,0.998326
82000,0.083000,-14.497780,0.998321
82000,0.084000,-14.484519,0.998317
82000,0.085000,-14.472064,0.998313
82000,0.086000,-14.460416,0.998309
82000,0.087000,-14.449576,0.998305
82000,0.088000,-14.439543,0.998302
82000,0.089000,-14.430319,0.998299
82000,0.090000,-14.421903,0.998296
82000,0.091000,-14.414295,0.998294
82000,0.092000,-14.407496,0.998291
82000,0.093000,-14.401506,0.998289
82000,0.094000,-14.396325,0.998288
82000,0.095000,-14.391954,0.998286
82000,0.096000,-14.388392,0.998285
82000,0.097000,-14.385639,0.998284
82000,0.098000,-14.383696,0.998283
82000,0.099000,-14.382563,0.998283
84000,0.000000,-18.000000,0.999302
84000,0.001000,-17.967544,0.999286
84000,0.002000,-17.935163,0.999280
84000,0.003000,-17.902856,0.999274
84000,0.004000,-17.870628,0.999268
84000,0.005000,-17.837024,0.999268
84000,0.006000,-17.773708,0.999256
84000,0.007000,-17.710697,0.999245
84000,0.008000,-17.648007,0.999233
84000,0.009000,-17.585657,0.999221
84000,0.010000,-17.523663,0.999209
84000,0.011000,-17.462042,0.999197
84000,0.012000,-17.400809,0.999185
84000,0.013000,-17.339981,0.999173
84000,0.014000,-17.279571,0.999161
84000,0.015000,-17.219595,0.999148
84000,0.016000,-17.160067,0.999136
84000,0.017000,-17.101001,0.999124
84000,0.018000,-17.042409,0.999111
84000,0.019000,-16.984306,0.999098
84000,0.020000,-16.926702,0.999086
84000,0.021000,-16.869611,0.999073
84000,0.022000,-16.813044,0.999061
84000,0.023000,-16.757012,0.999048
84000,0.024000,-16.701526,0.999035
84000,0.025000,-16.646596,0.999023
84000,0.026000,-16.592233,0.999010
84000,0.027000,-16.538447,0.998997
84000,0.028000,-16.485247,0.998985
84000,0.029000,-16.432641,0.998972
84000,0.030000,-16.380639,0.998960
84000,0.031000,-16.329249,0.998947
84000,0.032000,-16.278479,0.998935
84000,0.033000,-16.228338,0.998922
84000,0.034000,-16.178831,0.998910
84000,0.035000,-16.129968,0.998897
84000,0.036000,-16.081754,0.998885
84000,0.037000,-16.034196,0.998873
84000,0.038000,-15.987300,0.998861
84000,0.039000,-15.941074,0.998849
84000,0.040000,-15.895521,0.998837
84000,0.041000,-15.850649,0.998825
84000,0.042000,-15.806462,0.998813
84000,0.043000,-15.762966,0.998801
84000,0.044000,-15.720165,0.998790
84000,0.045000,-15.678065,0.998778
84000,0.046000,-15.636669,0.998767
84000,0.047000,-15.595982,0.998756
84000,0.048000,-15.556009,0.998744
84000,0.049000,-15.516752,0.998733
84000,0.050000,-15.478215,0.998723
84000,0.051000,-15.440403,0.998712
84000,0.052000,-15.403319,0.998701
84000,0.053000,-15.366965,0.998691
84000,0.054000,-15.331345,0.998680
84000,0.055000,-15.296462,0.998670
84000,0.056000,-15.262318,0.998660
84000,0.057000,-15.228916,0.998650
84000,0.058000,-15.196259,0.998641
84000,0.059000,-15.164349,0.998631
84000,0.060000,-15.133187,0.998622
84000,0.061000,-15.102777,0.998613
84000,0.062000,-15.073120,0.998604
84000,0.063000,-15.044218,0.998595
84000,0.064000,-15.016073,0.998586
84000,0.065000,-14.988686,0.998578
84000,0.066000,-14.962060,0.998570
84000,0.067000,-14.936194,0.998562
84000,0.068000,-14.911092,0.998554
84000,0.069000,-14.886754,0.998546
84000,0.070000,-14.863181,0.998539
84000,0.071000,-14.840375,0.998532
84000,0.072000,-14.818337,0.998525
84000,0.073000,-14.797067,0.998518
84000,0.074000,-14.776567,0.998512
84000,0.075000,-14.756837,0.998505
84000,0.076000,-14.737879,0.998499
84000,0.077000,-14.719692,0.998493
84000,0.078000,-14.702279,0.998488
84000,0.079000,-14.685639,0.998482
84000,0.080000,-14.669773,0.998477
84000,0.081000,-14.654681,0.998472
84000,0.082000,-14.640365,0.998468
84000,0.083000,-14.626824,0.998463
84000,0.084000,-14.614060,0.998459
84000,0.085000,-14.602071,0.998455
84000,0.086000,-14.590860,0.998451
84000,0.087000,-14.580426,0.998448
84000,0.088000,-14.570770,0.998445
84000,0.089000,-14.561891,0.998442
84000,0.090000,-14.553790,0.998439
84000,0.091000,-14.546468,0.998437
84000,0.092000,-14.539924,0.998435
84000,0.093000,-14.534158,0.998433
84000,0.094000,-14.529172,0.998431
84000,0.095000,-14.524964,0.998430
84000,0.096000,-14.521536,0.998429
84000,0.097000,-14.518886,0.998428
84000,0.098000,-14.517016,0.998427
84000,0.099000,-14.515925,0.998427
86000,0.000000,-18.000000,0.999413
86000,0.001000,-17.968674,0.999397
86000,0.002000,-17.937422,0.999392
86000,0.003000,-17.906241,0.999386
86000,0.004000,-17.875136,0.999380
86000,0.005000,-17.842697,0.999379
86000,0.006000,-17.781591,0.999368
86000,0.007000,-17.720781,0.999357
86000,0.008000,-17.660284,0.999346
86000,0.009000,-17.600115,0.999334
86000,0.010000,-17.540292,0.999323
86000,0.011000,-17.480831,0.999311
86000,0.012000,-17.421746,0.999299
86000,0.013000,-17.363052,0.999287
86000,0.014000,-17.304765,0.999275
86000,0.015000,-17.246898,0.999264
86000,0.016000,-17.189464,0.999252
86000,0.017000,-17.132478,0.999239
86000,0.018000,-17.075951,0.999227
86000,0.019000,-17.019896,0.999215
86000,0.020000,-16.964325,0.999203
86000,0.021000,-16.909250,0.999191
86000,0.022000,-16.854682,0.999179
86000,0.023000,-16.800631,0.999166
86000,0.024000,-16.747108,0.999154
86000,0.025000,-16.694123,0.999142
86000,0.026000,-16.641686,0.999130
86000,0.027000,-16.589806,0.999117
86000,0.028000,-16.538493,0.999105
86000,0.029000,-16.487754,0.999093
86000,0.030000,-16.437599,0.999081
86000,0.031000,-16.388035,0.999069
86000,0.032000,-16.339071,0.999057
86000,0.033000,-16.290713,0.999044
86000,0.034000,-16.242969,0.999032
86000,0.035000,-16.195845,0.999020
86000,0.036000,-16.149349,0.999009
86000,0.037000,-16.103486,0.998997
86000,0.038000,-16.058263,0.998985
86000,0.039000,-16.013686,0.998973
86000,0.040000,-15.969760,0.998962
86000,0.041000,-15.926490,0.998950
86000,0.042000,-15.883883,0.998939
86000,0.043000,-15.841941,0.998927
86000,0.044000,-15.800671,0.998916
86000,0.045000,-15.760077,0.998905
86000,0.046000,-15.720163,0.998894
86000,0.047000,-15.680933,0.998883
86000,0.048000,-15.642392,0.998872
86000,0.049000,-15.604542,0.998862
86000,0.050000,-15.567387,0.998851
86000,0.051000,-15.530931,0.998841
86000,0.052000,-15.495177,0.998830
86000,0.053000,-15.460128,0.998820
86000,0.054000,-15.425787,0.998810
86000,0.055000,-15.392156,0.998801
86000,0.056000,-15.359239,0.998791
86000,0.057000,-15.327037,0.998781
86000,0.058000,-15.295554,0.998772
86000,0.059000,-15.264791,0.998763
86000,0.060000,-15.234751,0.998754
86000,0.061000,-15.205434,0.998745
86000,0.062000,-15.176845,0.998736
86000,0.063000,-15.148983,0.998728
86000,0.064000,-15.121851,0.998719
86000,0.065000,-15.095451,0.998711
86000,0.066000,-15.069783,0.998703
86000,0.067000,-15.044850,0.998696
86000,0.068000,-15.020652,0.998688
86000,0.069000,-14.997192,0.998681
86000,0.070000,-14.974469,0.998674
86000,0.071000,-14.952485,0.998667
86000,0.072000,-14.931242,0.998660
86000,0.073000,-14.910739,0.998653
86000,0.074000,-14.890979,0.998647
86000,0.075000,-14.871961,0.998641
86000,0.076000,-14.853687,0.998635
86000,0.077000,-14.836157,0.998630
86000,0.078000,-14.819372,0.998624
86000,0.079000,-14.803333,0.998619
86000,0.080000,-14.788040,0.998614
86000,0.081000,-14.773493,0.998609
86000,0.082000,-14.759694,0.998605
86000,0.083000,-14.746643,0.998600
86000,0.084000,-14.734339,0.998596
86000,0.085000,-14.722784,0.998593
86000,0.086000,-14.711978,0.998589
86000,0.087000,-14.701921,0.998586
86000,0.088000,-14.692614,0.998583
86000,0.089000,-14.684056,0.998580
86000,0.090000,-14.676248,0.998577
86000,0.091000,-14.669190,0.998575
86000,0.092000,-14.662883,0.998573
86000,0.093000,-14.657326,0.998571
86000,0.094000,-14.652520,0.998569
86000,0.095000,-14.648464,0.998568
86000,0.096000,-14.645160,0.998567
86000,0.097000,-14.642606,0.998566
86000,0.098000,-14.640803,0.998565
86000,0.099000,-14.639752,0.998565
88000,0.000000,-18.000000,0.999519
88000,0.001000,-17.969725,0.999504
88000,0.002000,-17.939522,0.999499
88000,0.003000,-17.909388,0.999493
88000,0.004000,-17.879329,0.999487
88000,0.005000,-17.847973,0.999487
88000,0.006000,-17.788923,0.999476
88000,0.007000,-17.730159,0.999465
88000,0.008000,-17.671700,0.999454
88000,0.009000,-17.613560,0.999443
88000,0.010000,-17.555756,0.999432
88000,0.011000,-17.498303,0.999420
88000,0.012000,-17.441216,0.999409
88000,0.013000,-17.384508,0.999398
88000,0.014000,-17.328194,0.999386
88000,0.015000,-17.272288,0.999374
88000,0.016000,-17.216802,0.999363
88000,0.017000,-17.161749,0.999351
88000,0.018000,-17.107142,0.999339
88000,0.019000,-17.052993,0.999328
88000,0.020000,-16.999312,0.999316
88000,0.021000,-16.946111,0.999304
88000,0.022000,-16.893402,0.999292
88000,0.023000,-16.841193,0.999280
88000,0.024000,-16.789496,0.999268
88000,0.025000,-16.738319,0.999256
88000,0.026000,-16.687673,0.999245
88000,0.027000,-16.637566,0.999233
88000,0.028000,-16.588008,0.999221
88000,0.029000,-16.539005,0.999209
88000,0.030000,-16.490567,0.999197
88000,0.031000,-16.442701,0.999186
88000,0.032000,-16.395415,0.999174
88000,0.033000,-16.348715,0.999162
88000,0.034000,-16.302610,0.999150
88000,0.035000,-16.257104,0.999139
88000,0.036000,-16.212205,0.999127
88000,0.037000,-16.167919,0.999116
88000,0.038000,-16.124251,0.999105
88000,0.039000,-16.081207,0.999093
88000,0.040000,-16.038793,0.999082
88000,0.041000,-15.997014,0.999071
88000,0.042000,-15.955874,0.999060
88000,0.043000,-15.915379,0.999049
88000,0.044000,-15.875532,0.999038
88000,0.045000,-15.836338,0.999027
88000,0.046000,-15.797802,0.999017
88000,0.047000,-15.759926,0.999006
88000,0.048000,-15.722716,0.998996
88000,0.049000,-15.686174,0.998985
88000,0.050000,-15.650303,0.998975
88000,0.051000,-15.615108,0.998965
88000,0.052000,-15.580591,0.998955
88000,0.053000,-15.546755,0.998945
88000,0.054000,-15.513603,0.998936
88000,0.055000,-15.481137,0.998926
88000,0.056000,-15.449360,0.998917
88000,0.057000,-15.418274,0.998908
88000,0.058000,-15.387882,0.998898
88000,0.059000,-15.358186,0.998890
88000,0.060000,-15.329187,0.998881
88000,0.061000,-15.300888,0.998872
88000,0.062000,-15.273291,0.998864
88000,0.063000,-15.246396,0.998856
88000,0.064000,-15.220206,0.998848
88000,0.065000,-15.194723,0.998840
88000,0.066000,-15.169947,0.998832
88000,0.067000,-15.145880,0.998825
88000,0.068000,-15.122523,0.998817
88000,0.069000,-15.099878,0.998810
88000,0.070000,-15.077945,0.998803
88000,0.071000,-15.056726,0.998797
88000,0.072000,-15.036222,0.998790
88000,0.073000,-15.016432,0.998784
88000,0.074000,-14.997359,0.998778
88000,0.075000,-14.979004,0.998772
88000,0.076000,-14.961365,0.998766
88000,0.077000,-14.944446,0.998761
88000,0.078000,-14.928245,0.998755
88000,0.079000,-14.912765,0.998750
88000,0.080000,-14.898004,0.998746
88000,0.081000,-14.883965,0.998741
88000,0.082000,-14.870646,0.998737
88000,0.083000,-14.858049,0.998732
88000,0.084000,-14.846175,0.998729
88000,0.085000,-14.835022,0.998725
88000,0.086000,-14.824593,0.998721
88000,0.087000,-14.814886,0.998718
88000,0.088000,-14.805903,0.998715
88000,0.089000,-14.797644,0.998713
88000,0.090000,-14.790108,0.998710
88000,0.091000,-14.783296,0.998708
88000,0.092000,-14.777209,0.998706
88000,0.093000,-14.771846,0.998704
88000,0.094000,-14.767207,0.998702
88000,0.095000,-14.763293,0.998701
88000,0.096000,-14.760104,0.998700
88000,0.097000,-14.757639,0.998699
88000,0.098000,-14.755899,0.998699
88000,0.099000,-14.754885,0.998698
90000,0.000000,-18.000000,0.999621
90000,0.001000,-17.970704,0.999607
90000,0.002000,-17.941478,0.999602
90000,0.003000,-17.912319,0.999596
90000,0.004000,-17.883233,0.999591
90000,0.005000,-17.852886,0.999590
90000,0.006000,-17.795749,0.999579
90000,0.007000,-17.738892,0.999569
90000,0.008000,-17.682331,0.999558
90000,0.009000,-17.626080,0.999547
90000,0.010000,-17.570156,0.999537
90000,0.011000,-17.514573,0.999526
90000,0.012000,-17.459345,0.999515
90000,0.013000,-17.404487,0.999503
90000,0.014000,-17.350010,0.999492
90000,0.015000,-17.295930,0.999481
90000,0.016000,-17.242258,0.999470
90000,0.017000,-17.189006,0.999458
90000,0.018000,-17.136186,0.999447
90000,0.019000,-17.083811,0.999436
90000,0.020000,-17.031890,0.999424
90000,0.021000,-16.980435,0.999413
90000,0.022000,-16.929456,0.999401
90000,0.023000,-16.878962,0.999390
90000,0.024000,-16.828965,0.999378
90000,0.025000,-16.779472,0.999367
90000,0.026000,-16.730494,0.999355
90000,0.027000,-16.682038,0.999344
90000,0.028000,-16.634113,0.999332
90000,0.029000,-16.586727,0.999321
90000,0.030000,-16.539887,0.999309
90000,0.031000,-16.493602,0.999298
90000,0.032000,-16.447879,0.999287
90000,0.033000,-16.402723,0.999275
90000,0.034000,-16.358143,0.999264
90000,0.035000,-16.314144,0.999253
90000,0.036000,-16.270732,0.999242
90000,0.037000,-16.227913,0.999231
90000,0.038000,-16.185693,0.999220
90000,0.039000,-16.144077,0.999209
90000,0.040000,-16.103071,0.999198
90000,0.041000,-16.062679,0.999187
90000,0.042000,-16.022906,0.999176
90000,0.043000,-15.983756,0.999166
90000,0.044000,-15.945234,0.999155
90000,0.045000,-15.907345,0.999145
90000,0.046000,-15.870091,0.999134
90000,0.047000,-15.833476,0.999124
90000,0.048000,-15.797505,0.999114
90000,0.049000,-15.762181,0.999104
90000,0.050000,-15.727506,0.999094
90000,0.051000,-15.693485,0.999085
90000,0.052000,-15.660119,0.999075
90000,0.053000,-15.627412,0.999065
90000,0.054000,-15.595366,0.999056
90000,0.055000,-15.563985,0.999047
90000,0.056000,-15.533269,0.999038
90000,0.057000,-15.503223,0.999029
90000,0.058000,-15.473846,0.999020
90000,0.059000,-15.445143,0.999012
90000,0.060000,-15.417114,0.999003
90000,0.061000,-15.389762,0.998995
90000,0.062000,-15.363088,0.998987
90000,0.063000,-15.337094,0.998979
90000,0.064000,-15.311781,0.998971
90000,0.065000,-15.287151,0.998963
90000,0.066000,-15.263205,0.998956
90000,0.067000,-15.239945,0.998949
90000,0.068000,-15.217371,0.998942
90000,0.069000,-15.195485,0.998935
90000,0.070000,-15.174287,0.998928
90000,0.071000,-15.153780,0.998922
90000,0.072000,-15.133963,0.998915
90000,0.073000,-15.114838,0.998909
90000,0.074000,-15.096405,0.998903
90000,0.075000,-15.078665,0.998898
90000,0.076000,-15.061619,0.998892
90000,0.077000,-15.045267,0.998887
90000,0.078000,-15.029611,0.998882
90000,0.079000,-15.014650,0.998877
90000,0.080000,-15.000385,0.998872
90000,0.081000,-14.986817,0.998868
90000,0.082000,-14.973946,0.998864
90000,0.083000,-14.961773,0.998860
90000,0.084000,-14.950297,0.998856
90000,0.085000,-14.939520,0.998852
90000,0.086000,-14.929441,0.998849
90000,0.087000,-14.920061,0.998846
90000,0.088000,-14.911379,0.998843
90000,0.089000,-14.903398,0.998840
90000,0.090000,-14.896115,0.998838
90000,0.091000,-14.889533,0.998836
90000,0.092000,-14.883650,0.998834
90000,0.093000,-14.878467,0.998832
90000,0.094000,-14.873984,0.998831
90000,0.095000,-14.870202,0.998829
90000,0.096000,-14.867120,0.998828
90000,0.097000,-14.864738,0.998828
90000,0.098000,-14.863057,0.998827
90000,0.099000,-14.862076,0.998827
92000,0.000000,-18.000000,0.999720
92000,0.001000,-17.971617,0.999706
92000,0.002000,-17.943301,0.999701
92000,0.003000,-17.915051,0.999695
92000,0.004000,-17.886872,0.999690
92000,0.005000,-17.857467,0.999689
92000,0.006000,-17.802114,0.999679
92000,0.007000,-17.747034,0.999669
92000,0.008000,-17.692242,0.999658
92000,0.009000,-17.637753,0.999648
92000,0.010000,-17.583581,0.999638
92000,0.011000,-17.529742,0.999627
92000,0.012000,-17.476248,0.999616
92000,0.013000,-17.423113,0.999605
92000,0.014000,-17.370350,0.999595
92000,0.015000,-17.317972,0.999584
92000,0.016000,-17.265990,0.999573
92000,0.017000,-17.214418,0.999562
92000,0.018000,-17.163265,0.999551
92000,0.019000,-17.112543,0.999540
92000,0.020000,-17.062263,0.999529
92000,0.021000,-17.012435,0.999518
92000,0.022000,-16.963069,0.999506
92000,0.023000,-16.914175,0.999495
92000,0.024000,-16.865763,0.999484
92000,0.025000,-16.817840,0.999473
92000,0.026000,-16.770416,0.999462
92000,0.027000,-16.723499,0.999451
92000,0.028000,-16.677097,0.999440
92000,0.029000,-16.631218,0.999428
92000,0.030000,-16.585869,0.999417
92000,0.031000,-16.541058,0.999406
92000,0.032000,-16.496791,0.999395
92000,0.033000,-16.453075,0.999384
92000,0.034000,-16.409917,0.999374
92000,0.035000,-16.367322,0.999363
92000,0.036000,-16.325296,0.999352
92000,0.037000,-16.283846,0.999341
92000,0.038000,-16.242975,0.999330
92000,0.039000,-16.202691,0.999320
92000,0.040000,-16.162997,0.999309
92000,0.041000,-16.123898,0.999299
92000,0.042000,-16.085399,0.999289
92000,0.043000,-16.047504,0.999278
92000,0.044000,-16.010217,0.999268
92000,0.045000,-15.973543,0.999258
92000,0.046000,-15.937485,0.999248
92000,0.047000,-15.902046,0.999238
92000,0.048000,-15.867230,0.999228
92000,0.049000,-15.833041,0.999219
92000,0.050000,-15.799481,0.999209
92000,0.051000,-15.766553,0.999200
92000,0.052000,-15.734261,0.999190
92000,0.053000,-15.702607,0.999181
92000,0.054000,-15.671593,0.999172
92000,0.055000,-15.641222,0.999163
92000,0.056000,-15.611496,0.999155
92000,0.057000,-15.582417,0.999146
92000,0.058000,-15.553988,0.999138
92000,0.059000,-15.526210,0.999129
92000,0.060000,-15.499086,0.999121
92000,0.061000,-15.472616,0.999113
92000,0.062000,-15.446803,0.999105
92000,0.063000,-15.421648,0.999097
92000,0.064000,-15.397152,0.999090
92000,0.065000,-15.373318,0.999083
92000,0.066000,-15.350146,0.999075
92000,0.067000,-15.327637,0.999068
92000,0.068000,-15.305793,0.999062
92000,0.069000,-15.284614,0.999055
92000,0.070000,-15.264102,0.999048
92000,0.071000,-15.244258,0.999042
92000,0.072000,-15.225082,0.999036
92000,0.073000,-15.206576,0.999030
92000,0.074000,-15.188739,0.999025
92000,0.075000,-15.171574,0.999019
92000,0.076000,-15.155079,0.999014
92000,0.077000,-15.139257,0.999009
92000,0.078000,-15.124108,0.999004
92000,0.079000,-15.109632,0.998999
92000,0.080000,-15.095829,0.998995
92000,0.081000,-15.082700,0.998990
92000,0.082000,-15.070247,0.998986
92000,0.083000,-15.058467,0.998982
92000,0.084000,-15.047364,0.998979
92000,0.085000,-15.036936,0.998975
92000,0.086000,-15.027183,0.998972
92000,0.087000,-15.018107,0.998969
92000,0.088000,-15.009708,0.998966
92000,0.089000,-15.001984,0.998964
92000,0.090000,-14.994938,0.998961
92000,0.091000,-14.988569,0.998959
92000,0.092000,-14.982877,0.998957
92000,0.093000,-14.977862,0.998956
92000,0.094000,-14.973525,0.998954
92000,0.095000,-14.969865,0.998953
92000,0.096000,-14.966883,0.998952
92000,0.097000,-14.964579,0.998951
92000,0.098000,-14.962952,0.998951
92000,0.099000,-14.962003,0.998950
94000,0.000000,-18.000000,0.999814
94000,0.001000,-17.972468,0.999801
94000,0.002000,-17.945002,0.999796
94000,0.003000,-17.917601,0.999791
94000,0.004000,-17.890269,0.999786
94000,0.005000,-17.861743,0.999785
94000,0.006000,-17.808056,0.999775
94000,0.007000,-17.754634,0.999765
94000,0.008000,-17.701493,0.999755
94000,0.009000,-17.648648,0.999745
94000,0.010000,-17.596113,0.999735
94000,0.011000,-17.543901,0.999724
94000,0.012000,-17.492026,0.999714
94000,0.013000,-17.440500,0.999704
94000,0.014000,-17.389336,0.999693
94000,0.015000,-17.338547,0.999682
94000,0.016000,-17.288144,0.999672
94000,0.017000,-17.238138,0.999661
94000,0.018000,-17.188541,0.999651
94000,0.019000,-17.139363,0.999640
94000,0.020000,-17.090615,0.999629
94000,0.021000,-17.042306,0.999618
94000,0.022000,-16.994446,0.999608
94000,0.023000,-16.947045,0.999597
94000,0.024000,-16.900111,0.999586
94000,0.025000,-16.853654,0.999575
94000,0.026000,-16.807681,0.999564
94000,0.027000,-16.762200,0.999554
94000,0.028000,-16.717220,0.999543
94000,0.029000,-16.672748,0.999532
94000,0.030000,-16.628790,0.999521
94000,0.031000,-16.585355,0.999511
94000,0.032000,-16.542448,0.999500
94000,0.033000,-16.500076,0.999489
94000,0.034000,-16.458245,0.999479
94000,0.035000,-16.416961,0.999468
94000,0.036000,-16.376229,0.999458
94000,0.037000,-16.336055,0.999448
94000,0.038000,-16.296445,0.999437
94000,0.039000,-16.257403,0.999427
94000,0.040000,-16.218934,0.999417
94000,0.041000,-16.181042,0.999407
94000,0.042000,-16.143732,0.999397
94000,0.043000,-16.107008,0.999387
94000,0.044000,-16.070875,0.999377
94000,0.045000,-16.035335,0.999367
94000,0.046000,-16.000392,0.999357
94000,0.047000,-15.966051,0.999348
94000,0.048000,-15.932313,0.999338
94000,0.049000,-15.899183,0.999329
94000,0.050000,-15.866664,0.999320
94000,0.051000,-15.834757,0.999311
94000,0.052000,-15.803467,0.999302
94000,0.053000,-15.772795,0.999293
94000,0.054000,-15.742744,0.999284
94000,0.055000,-15.713316,0.999275
94000,0.056000,-15.684514,0.999267
94000,0.057000,-15.656339,0.999259
94000,0.058000,-15.628794,0.999250
94000,0.059000,-15.601880,0.999242
94000,0.060000,-15.575599,0.999234
94000,0.061000,-15.549953,0.999227
94000,0.062000,-15.524943,0.999219
94000,0.063000,-15.500571,0.999212
94000,0.064000,-15.476839,0.999204
94000,0.065000,-15.453747,0.999197
94000,0.066000,-15.431296,0.999190
94000,0.067000,-15.409489,0.999184
94000,0.068000,-15.388326,0.999177
94000,0.069000,-15.367808,0.999171
94000,0.070000,-15.347936,0.999164
94000,0.071000,-15.328710,0.999158
94000,0.072000,-15.310133,0.999152
94000,0.073000,-15.292204,0.999147
94000,0.074000,-15.274924,0.999141
94000,0.075000,-15.258295,0.999136
94000,0.076000,-15.242315,0.999131
94000,0.077000,-15.226987,0.999126
94000,0.078000,-15.212311,0.999121
94000,0.079000,-15.198287,0.999116
94000,0.080000,-15.184916,0.999112
94000,0.081000,-15.172197,0.999108
94000,0.082000,-15.160133,0.999104
94000,0.083000,-15.148722,0.999100
94000,0.084000,-15.137965,0.999097
94000,0.085000,-15.127863,0.999093
94000,0.086000,-15.118415,0.999090
94000,0.087000,-15.109623,0.999087
94000,0.088000,-15.101486,0.999085
94000,0.089000,-15.094005,0.999082
94000,0.090000,-15.087179,0.999080
94000,0.091000,-15.081009,0.999078
94000,0.092000,-15.075495,0.999076
94000,0.093000,-15.070637,0.999075
94000,0.094000,-15.066435,0.999073
94000,0.095000,-15.062890,0.999072
94000,0.096000,-15.060001,0.999071
94000,0.097000,-15.057769,0.999070
94000,0.098000,-15.056193,0.999070
94000,0.099000,-15.055274,0.999069
96000,0.000000,-18.000000,0.999905
96000,0.001000,-17.973264,0.999893
96000,0.002000,-17.946592,0.999888
96000,0.003000,-17.919984,0.999883
96000,0.004000,-17.893443,0.999878
96000,0.005000,-17.865739,0.999877
96000,0.006000,-17.813608,0.999867
96000,0.007000,-17.761736,0.999858
96000,0.008000,-17.710139,0.999848
96000,0.009000,-17.658831,0.999838
96000,0.010000,-17.607824,0.999828
96000,0.011000,-17.557133,0.999818
96000,0.012000,-17.506770,0.999808
96000,0.013000,-17.456748,0.999798
96000,0.014000,-17.407079,0.999788
96000,0.015000,-17.357775,0.999777
96000,0.016000,-17.308847,0.999767
96000,0.017000,-17.260306,0.999757
96000,0.018000,-17.212162,0.999747
96000,0.019000,-17.164427,0.999736
96000,0.020000,-17.117110,0.999726
96000,0.021000,-17.070221,0.999715
96000,0.022000,-17.023769,0.999705
96000,0.023000,-16.977763,0.999694
96000,0.024000,-16.932212,0.999684
96000,0.025000,-16.887124,0.999673
96000,0.026000,-16.842507,0.999663
96000,0.027000,-16.798369,0.999653
96000,0.028000,-16.754717,0.999642
96000,0.029000,-16.711560,0.999632
96000,0.030000,-16.668902,0.999621
96000,0.031000,-16.626753,0.999611
96000,0.032000,-16.585116,0.999601
96000,0.033000,-16.544000,0.999590
96000,0.034000,-16.503410,0.999580
96000,0.035000,-16.463350,0.999570
96000,0.036000,-16.423828,0.999560
96000,0.037000,-16.384848,0.999550
96000,0.038000,-16.346415,0.999540
96000,0.039000,-16.308534,0.999530
96000,0.040000,-16.271210,0.999520
96000,0.041000,-16.234446,0.999510
96000,0.042000,-16.198248,0.999501
96000,0.043000,-16.162618,0.999491
96000,0.044000,-16.127562,0.999481
96000,0.045000,-16.093082,0.999472
96000,0.046000,-16.059182,0.999463
96000,0.047000,-16.025866,0.999453
96000,0.048000,-15.993136,0.999444
96000,0.049000,-15.960996,0.999435
96000,0.050000,-15.929449,0.999426
96000,0.051000,-15.898497,0.999417
96000,0.052000,-15.868143,0.999409
96000,0.053000,-15.838389,0.999400
96000,0.054000,-15.809237,0.999392
96000,0.055000,-15.780691,0.999383
96000,0.056000,-15.752752,0.999375
96000,0.057000,-15.725421,0.999367
96000,0.058000,-15.698702,0.999359
96000,0.059000,-15.672595,0.999351
96000,0.060000,-15.647103,0.999344
96000,0.061000,-15.622226,0.999336
96000,0.062000,-15.597967,0.999329
96000,0.063000,-15.574328,0.999322
96000,0.064000,-15.551308,0.999315
96000,0.065000,-15.528910,0.999308
96000,0.066000,-15.507134,0.999301
96000,0.067000,-15.485982,0.999295
96000,0.068000,-15.465455,0.999288
96000,0.069000,-15.445554,0.999282
96000,0.070000,-15.426280,0.999276
96000,0.071000,-15.407633,0.999270
96000,0.072000,-15.389615,0.999264
96000,0.073000,-15.372225,0.999259
96000,0.074000,-15.355466,0.999253
96000,0.075000,-15.339337,0.999248
96000,0.076000,-15.323839,0.999243
96000,0.077000,-15.308973,0.999239
96000,0.078000,-15.294738,0.999234
96000,0.079000,-15.281137,0.999230
96000,0.080000,-15.268168,0.999225
96000,0.081000,-15.255833,0.999221
96000,0.082000,-15.244132,0.999218
96000,0.083000,-15.233065,0.999214
96000,0.084000,-15.222633,0.999211
96000,0.085000,-15.212836,0.999207
96000,0.086000,-15.203673,0.999204
96000,0.087000,-15.195146,0.999202
96000,0.088000,-15.187254,0.999199
96000,0.089000,-15.179998,0.999197
96000,0.090000,-15.173379,0.999194
96000,0.091000,-15.167395,0.999192
96000,0.092000,-15.162047,0.999191
96000,0.093000,-15.157336,0.999189
96000,0.094000,-15.153261,0.999188
96000,0.095000,-15.149823,0.999187
96000,0.096000,-15.147021,0.999186
96000,0.097000,-15.144856,0.999185
96000,0.098000,-15.143328,0.999184
96000,0.099000,-15.142436,0.999184
98000,0.000000,-18.000000,0.999993
98000,0.001000,-17.974008,0.999981
98000,0.002000,-17.948080,0.999976
98000,0.003000,-17.922214,0.999971
98000,0.004000,-17.896413,0.999966
98000,0.005000,-17.869478,0.999965
98000,0.006000,-17.818802,0.999956
98000,0.007000,-17.768381,0.999947
98000,0.008000,-17.718228,0.999937
98000,0.009000,-17.668357,0.999928
98000,0.010000,-17.618781,0.999918
98000,0.011000,-17.569513,0.999908
98000,0.012000,-17.520565,0.999899
98000,0.013000,-17.471950,0.999889
98000,0.014000,-17.423679,0.999879
98000,0.015000,-17.375764,0.999869
98000,0.016000,-17.328216,0.999859
98000,0.017000,-17.281045,0.999849
98000,0.018000,-17.234263,0.999839
98000,0.019000,-17.187877,0.999829
98000,0.020000,-17.141900,0.999819
98000,0.021000,-17.096339,0.999809
98000,0.022000,-17.051204,0.999799
98000,0.023000,-17.006503,0.999788
98000,0.024000,-16.962245,0.999778
98000,0.025000,-16.918438,0.999768
98000,0.026000,-16.875090,0.999758
98000,0.027000,-16.832208,0.999748
98000,0.028000,-16.789800,0.999738
98000,0.029000,-16.747872,0.999728
98000,0.030000,-16.706432,0.999718
98000,0.031000,-16.665485,0.999708
98000,0.032000,-16.625038,0.999698
98000,0.033000,-16.585096,0.999688
98000,0.034000,-16.545666,0.999678
98000,0.035000,-16.506753,0.999668
98000,0.036000,-16.468363,0.999658
98000,0.037000,-16.430499,0.999648
98000,0.038000,-16.393168,0.999639
98000,0.039000,-16.356373,0.999629
98000,0.040000,-16.320120,0.999620
98000,0.041000,-16.284412,0.999610
98000,0.042000,-16.249253,0.999601
98000,0.043000,-16.214647,0.999591
98000,0.044000,-16.180599,0.999582
98000,0.045000,-16.147111,0.999573
98000,0.046000,-16.114187,0.999564
98000,0.047000,-16.081830,0.999555
98000,0.048000,-16.050043,0.999546
98000,0.049000,-16.018830,0.999537
98000,0.050000,-15.988192,0.999529
98000,0.051000,-15.958132,0.999520
98000,0.052000,-15.928654,0.999512
98000,0.053000,-15.899759,0.999504
98000,0.054000,-15.871449,0.999495
98000,0.055000,-15.843728,0.999487
98000,0.056000,-15.816596,0.999479
98000,0.057000,-15.790055,0.999472
98000,0.058000,-15.764109,0.999464
98000,0.059000,-15.738757,0.999456
98000,0.060000,-15.714003,0.999449
98000,0.061000,-15.689846,0.999442
98000,0.062000,-15.666290,0.999435
98000,0.063000,-15.643334,0.999428
98000,0.064000,-15.620982,0.999421
98000,0.065000,-15.599232,0.999414
98000,0.066000,-15.578088,0.999408
98000,0.067000,-15.557550,0.999401
98000,0.068000,-15.537618,0.999395
98000,0.069000,-15.518294,0.999389
98000,0.070000,-15.499579,0.999383
98000,0.071000,-15.481473,0.999378
98000,0.072000,-15.463978,0.999372
98000,0.073000,-15.447094,0.999367
98000,0.074000,-15.430821,0.999362
98000,0.075000,-15.415160,0.999357
98000,0.076000,-15.400112,0.999352
98000,0.077000,-15.385678,0.999347
98000,0.078000,-15.371857,0.999343
98000,0.079000,-15.358651,0.999339
98000,0.080000,-15.346060,0.999335
98000,0.081000,-15.334083,0.999331
98000,0.082000,-15.322722,0.999327
98000,0.083000,-15.311977,0.999323
98000,0.084000,-15.301848,0.999320
98000,0.085000,-15.292336,0.999317
98000,0.086000,-15.283440,0.999314
98000,0.087000,-15.275161,0.999311
98000,0.088000,-15.267499,0.999309
98000,0.089000,-15.260454,0.999307
98000,0.090000,-15.254027,0.999305
98000,0.091000,-15.248217,0.999303
98000,0.092000,-15.243025,0.999301
98000,0.093000,-15.238451,0.999299
98000,0.094000,-15.234495,0.999298
98000,0.095000,-15.231156,0.999297
98000,0.096000,-15.228436,0.999296
98000,0.097000,-15.226334,0.999295
98000,0.098000,-15.224850,0.999295
98000,0.099000,-15.223985,0.999295
100000,0.000000,-18.000000,1.000077
100000,0.001000,-17.974706,1.000065
100000,0.002000,-17.949473,1.000061
100000,0.003000,-17.924301,1.000056
100000,0.004000,-17.899194,1.000051
100000,0.005000,-17.872979,1.000050
100000,0.006000,-17.823667,1.000041
100000,0.007000,-17.774604,1.000032
100000,0.008000,-17.725803,1.000023
100000,0.009000,-17.677279,1.000014
100000,0.010000,-17.629042,1.000004
100000,0.011000,-17.581107,0.999995
100000,0.012000,-17.533485,0.999986
100000,0.013000,-17.486188,0.999976
100000,0.014000,-17.439227,0.999967
100000,0.015000,-17.392613,0.999957
100000,0.016000,-17.346358,0.999947
100000,0.017000,-17.300470,0.999938
100000,0.018000,-17.254962,0.999928
100000,0.019000,-17.209841,0.999918
100000,0.020000,-17.165118,0.999908
100000,0.021000,-17.120801,0.999898
100000,0.022000,-17.076899,0.999889
100000,0.023000,-17.033421,0.999879
100000,0.024000,-16.990375,0.999869
100000,0.025000,-16.947768,0.999859
100000,0.026000,-16.905609,0.999849
100000,0.027000,-16.863904,0.999840
100000,0.028000,-16.822660,0.999830
100000,0.029000,-16.781884,0.999820
100000,0.030000,-16.741583,0.999810
100000,0.031000,-16.701763,0.999801
100000,0.032000,-16.662429,0.999791
100000,0.033000,-16.623589,0.999781
100000,0.034000,-16.585246,0.999772
100000,0.035000,-16.547407,0.999762
100000,0.036000,-16.510076,0.999753
100000,0.037000,-16.473258,0.999743
100000,0.038000,-16.436959,0.999734
100000,0.039000,-16.401181,0.999725
100000,0.040000,-16.365931,0.999715
100000,0.041000,-16.331212,0.999706
100000,0.042000,-16.297027,0.999697
100000,0.043000,-16.263381,0.999688
100000,0.044000,-16.230276,0.999679
100000,0.045000,-16.197717,0.999670
100000,0.046000,-16.165707,0.999662
100000,0.047000,-16.134249,0.999653
100000,0.048000,-16.103345,0.999644
100000,0.049000,-16.072999,0.999636
100000,0.050000,-16.043213,0.999627
100000,0.051000,-16.013990,0.999619
100000,0.052000,-15.985332,0.999611
100000,0.053000,-15.957241,0.999603
100000,0.054000,-15.929721,0.999595
100000,0.055000,-15.902771,0.999587
100000,0.056000,-15.876395,0.999580
100000,0.057000,-15.850595,0.999572
100000,0.058000,-15.825372,0.999565
100000,0.059000,-15.800728,0.999557
100000,0.060000,-15.776664,0.999550
100000,0.061000,-15.753182,0.999543
100000,0.062000,-15.730284,0.999536
100000,0.063000,-15.707970,0.999530
100000,0.064000,-15.686242,0.999523
100000,0.065000,-15.665100,0.999517
100000,0.066000,-15.644547,0.999510
100000,0.067000,-15.624583,0.999504
100000,0.068000,-15.605209,0.999498
100000,0.069000,-15.586426,0.999492
100000,0.070000,-15.568235,0.999487
100000,0.071000,-15.550636,0.999481
100000,0.072000,-15.533630,0.999476
100000,0.073000,-15.517219,0.999471
100000,0.074000,-15.501402,0.999466
100000,0.075000,-15.486180,0.999461
100000,0.076000,-15.471554,0.999456
100000,0.077000,-15.457524,0.999452
100000,0.078000,-15.444091,0.999448
100000,0.079000,-15.431255,0.999444
100000,0.080000,-15.419016,0.999440
100000,0.081000,-15.407376,0.999436
100000,0.082000,-15.396333,0.999432
100000,0.083000,-15.385890,0.999429
100000,0.084000,-15.376045,0.999426
100000,0.085000,-15.366799,0.999423
100000,0.086000,-15.358153,0.999420
100000,0.087000,-15.350106,0.999417
100000,0.088000,-15.342659,0.999415
100000,0.089000,-15.335812,0.999413
100000,0.090000,-15.329565,0.999411
100000,0.091000,-15.323919,0.999409
100000,0.092000,-15.318872,0.999407
100000,0.093000,-15.314427,0.999406
100000,0.094000,-15.310581,0.999404
100000,0.095000,-15.307337,0.999403
100000,0.096000,-15.304693,0.999402
100000,0.097000,-15.302650,0.999402
100000,0.098000,-15.301208,0.999401
100000,0.099000,-15.300367,0.999401
102000,0.000000,-18.000000,1.000158
102000,0.001000,-17.975359,1.000147
102000,0.002000,-17.950779,1.000142
102000,0.003000,-17.926259,1.000138
102000,0.004000,-17.901801,1.000133
102000,0.005000,-17.876262,1.000132
102000,0.006000,-17.828228,1.000123
102000,0.007000,-17.780439,1.000115
102000,0.008000,-17.732906,1.000106
102000,0.009000,-17.685643,1.000097
102000,0.010000,-17.638663,1.000088
102000,0.011000,-17.591977,1.000079
102000,0.012000,-17.545598,1.000069
102000,0.013000,-17.499536,1.000060
102000,0.014000,-17.453803,1.000051
102000,0.015000,-17.408410,1.000042
102000,0.016000,-17.363366,1.000032
102000,0.017000,-17.318683,1.000023
102000,0.018000,-17.274369,1.000013
102000,0.019000,-17.230434,1.000004
102000,0.020000,-17.186887,0.999994
102000,0.021000,-17.143736,0.999985
102000,0.022000,-17.100991,0.999975
102000,0.023000,-17.058660,0.999966
102000,0.024000,-17.016750,0.999956
102000,0.025000,-16.975268,0.999947
102000,0.026000,-16.934223,0.999937
102000,0.027000,-16.893621,0.999928
102000,0.028000,-16.853470,0.999918
102000,0.029000,-16.813774,0.999909
102000,0.030000,-16.774542,0.999900
102000,0.031000,-16.735778,0.999890
102000,0.032000,-16.697489,0.999881
102000,0.033000,-16.659680,0.999871
102000,0.034000,-16.622357,0.999862
102000,0.035000,-16.585524,0.999853
102000,0.036000,-16.549187,0.999844
102000,0.037000,-16.513351,0.999835
102000,0.038000,-16.478019,0.999826
102000,0.039000,-16.443196,0.999817
102000,0.040000,-16.408886,0.999808
102000,0.041000,-16.375094,0.999799
102000,0.042000,-16.341822,0.999790
102000,0.043000,-16.309075,0.999781
102000,0.044000,-16.276856,0.999773
102000,0.045000,-16.245169,0.999764
102000,0.046000,-16.214015,0.999755
102000,0.047000,-16.183400,0.999747
102000,0.048000,-16.153324,0.999739
102000,0.049000,-16.123792,0.999731
102000,0.050000,-16.094805,0.999723
102000,0.051000,-16.066365,0.999715
102000,0.052000,-16.038477,0.999707
102000,0.053000,-16.011141,0.999699
102000,0.054000,-15.984359,0.999691
102000,0.055000,-15.958134,0.999684
102000,0.056000,-15.932467,0.999676
102000,0.057000,-15.907361,0.999669
102000,0.058000,-15.882817,0.999662
102000,0.059000,-15.858836,0.999655
102000,0.060000,-15.835420,0.999648
102000,0.061000,-15.812570,0.999641
102000,0.062000,-15.790289,0.999634
102000,0.063000,-15.768576,0.999628
102000,0.064000,-15.747433,0.999621
102000,0.065000,-15.726862,0.999615
102000,0.066000,-15.706863,0.999609
102000,0.067000,-15.687438,0.999603
102000,0.068000,-15.668587,0.999597
102000,0.069000,-15.650311,0.999592
102000,0.070000,-15.632610,0.999586
102000,0.071000,-15.615487,0.999581
102000,0.072000,-15.598940,0.999576
102000,0.073000,-15.582972,0.999571
102000,0.074000,-15.567583,0.999566
102000,0.075000,-15.552772,0.999561
102000,0.076000,-15.538541,0.999557
102000,0.077000,-15.524891,0.999553
102000,0.078000,-15.511821,0.999549
102000,0.079000,-15.499332,0.999545
102000,0.080000,-15.487425,0.999541
102000,0.081000,-15.476099,0.999537
102000,0.082000,-15.465355,0.999534
102000,0.083000,-15.455194,0.999530
102000,0.084000,-15.445616,0.999527
102000,0.085000,-15.436620,0.999524
102000,0.086000,-15.428208,0.999522
102000,0.087000,-15.420379,0.999519
102000,0.088000,-15.413134,0.999517
102000,0.089000,-15.406472,0.999515
102000,0.090000,-15.400395,0.999513
102000,0.091000,-15.394901,0.999511
102000,0.092000,-15.389991,0.999509
102000,0.093000,-15.385666,0.999508
102000,0.094000,-15.381925,0.999507
102000,0.095000,-15.378768,0.999506
102000,0.096000,-15.376196,0.999505
102000,0.097000,-15.374208,0.999504
102000,0.098000,-15.372805,0.999504
102000,0.099000,-15.371987,0.999503
104000,0.000000,-18.000000,1.000236
104000,0.001000,-17.975973,1.000225
104000,0.002000,-17.952004,1.000221
104000,0.003000,-17.928095,1.000216
104000,0.004000,-17.904248,1.000212
104000,0.005000,-17.879343,1.000211
104000,0.006000,-17.832509,1.000202
104000,0.007000,-17.785914,1.000194
104000,0.008000,-17.739571,1.000185
104000,0.009000,-17.693493,1.000176
104000,0.010000,-17.647692,1.000168
104000,0.011000,-17.602179,1.000159
104000,0.012000,-17.556966,1.000150
104000,0.013000,-17.512064,1.000141
104000,0.014000,-17.467484,1.000132
104000,0.015000,-17.423236,1.000123
104000,0.016000,-17.379330,1.000114
104000,0.017000,-17.335776,1.000105
104000,0.018000,-17.292583,1.000096
104000,0.019000,-17.249761,1.000086
104000,0.020000,-17.207318,1.000077
104000,0.021000,-17.165263,1.000068
104000,0.022000,-17.123603,1.000059
104000,0.023000,-17.082348,1.000050
104000,0.024000,-17.041504,1.000040
104000,0.025000,-17.001079,1.000031
104000,0.026000,-16.961080,1.000022
104000,0.027000,-16.921514,1.000013
104000,0.028000,-16.882387,1.000004
104000,0.029000,-16.843706,0.999994
104000,0.030000,-16.805477,0.999985
104000,0.031000,-16.767705,0.999976
104000,0.032000,-16.730396,0.999967
104000,0.033000,-16.693556,0.999958
104000,0.034000,-16.657190,0.999949
104000,0.035000,-16.621302,0.999940
104000,0.036000,-16.585898,0.999931
104000,0.037000,-16.550982,0.999922
104000,0.038000,-16.516558,0.999914
104000,0.039000,-16.482631,0.999905
104000,0.040000,-16.449204,0.999896
104000,0.041000,-16.416282,0.999888
104000,0.042000,-16.383868,0.999879
104000,0.043000,-16.351965,0.999871
104000,0.044000,-16.320577,0.999862
104000,0.045000,-16.289707,0.999854
104000,0.046000,-16.259359,0.999846
104000,0.047000,-16.229534,0.999838
104000,0.048000,-16.200236,0.999830
104000,0.049000,-16.171467,0.999822
104000,0.050000,-16.143229,0.999814
104000,0.051000,-16.115526,0.999806
104000,0.052000,-16.088360,0.999799
104000,0.053000,-16.061732,0.999791
104000,0.054000,-16.035644,0.999784
104000,0.055000,-16.010099,0.999776
104000,0.056000,-15.985098,0.999769
104000,0.057000,-15.960643,0.999762
104000,0.058000,-15.936736,0.999755
104000,0.059000,-15.913377,0.999748
104000,0.060000,-15.890570,0.999742
104000,0.061000,-15.868314,0.999735
104000,0.062000,-15.846611,0.999729
104000,0.063000,-15.825463,0.999722
104000,0.064000,-15.804870,0.999716
104000,0.065000,-15.784834,0.999710
104000,0.066000,-15.765356,0.999704
104000,0.067000,-15.746436,0.999699
104000,0.068000,-15.728075,0.999693
104000,0.069000,-15.710275,0.999688
104000,0.070000,-15.693036,0.999682
104000,0.071000,-15.676358,0.999677
104000,0.072000,-15.660243,0.999672
104000,0.073000,-15.644691,0.999667
104000,0.074000,-15.629702,0.999663
104000,0.075000,-15.615278,0.999658
104000,0.076000,-15.601419,0.999654
104000,0.077000,-15.588124,0.999650
104000,0.078000,-15.575395,0.999646
104000,0.079000,-15.563232,0.999642
104000,0.080000,-15.551635,0.999638
104000,0.081000,-15.540605,0.999635
104000,0.082000,-15.530142,0.999631
104000,0.083000,-15.520246,0.999628
104000,0.084000,-15.510918,0.999625
104000,0.085000,-15.502157,0.999622
104000,0.086000,-15.493965,0.999620
104000,0.087000,-15.486340,0.999617
104000,0.088000,-15.479284,0.999615
104000,0.089000,-15.472797,0.999613
104000,0.090000,-15.466878,0.999611
104000,0.091000,-15.461527,0.999609
104000,0.092000,-15.456746,0.999608
104000,0.093000,-15.452534,0.999606
104000,0.094000,-15.448891,0.999605
104000,0.095000,-15.445816,0.999604
104000,0.096000,-15.443311,0.999603
104000,0.097000,-15.441376,0.999603
104000,0.098000,-15.440009,0.999602
104000,0.099000,-15.439212,0.999602
106000,0.000000,-18.000000,1.000311
106000,0.001000,-17.976549,1.000300
106000,0.002000,-17.953156,1.000296
106000,0.003000,-17.929820,1.000292
106000,0.004000,-17.906545,1.000287
106000,0.005000,-17.882237,1.000287
106000,0.006000,-17.836530,1.000278
106000,0.007000,-17.791057,1.000270
106000,0.008000,-17.745833,1.000262
106000,0.009000,-17.700867,1.000253
106000,0.010000,-17.656173,1.000245
106000,0.011000,-17.611762,1.000236
106000,0.012000,-17.567645,1.000227
106000,0.013000,-17.523833,1.000219
106000,0.014000,-17.480335,1.000210
106000,0.015000,-17.437163,1.000201
106000,0.016000,-17.394326,1.000193
106000,0.017000,-17.351833,1.000184
106000,0.018000,-17.309694,1.000175
106000,0.019000,-17.267918,1.000166
106000,0.020000,-17.226512,1.000157
106000,0.021000,-17.185486,1.000148
106000,0.022000,-17.144847,1.000139
106000,0.023000,-17.104602,1.000130
106000,0.024000,-17.064761,1.000121
106000,0.025000,-17.025328,1.000112
106000,0.026000,-16.986312,1.000103
106000,0.027000,-16.947719,1.000095
106000,0.028000,-16.909555,1.000086
106000,0.029000,-16.871827,1.000077
106000,0.030000,-16.834540,1.000068
106000,0.031000,-16.797700,1.000059
106000,0.032000,-16.761313,1.000050
106000,0.033000,-16.725383,1.000042
106000,0.034000,-16.689916,1.000033
106000,0.035000,-16.654916,1.000024
106000,0.036000,-16.620389,1.000016
106000,0.037000,-16.586338,1.000007
106000,0.038000,-16.552767,0.999999
106000,0.039000,-16.519682,0.999990
106000,0.040000,-16.487085,0.999982
106000,0.041000,-16.454980,0.999973
106000,0.042000,-16.423372,0.999965
106000,0.043000,-16.392262,0.999957
106000,0.044000,-16.361655,0.999949
106000,0.045000,-16.331554,0.999941
106000,0.046000,-16.301961,0.999933
106000,0.047000,-16.272879,0.999925
106000,0.048000,-16.244312,0.999917
106000,0.049000,-16.216260,0.999910
106000,0.050000,-16.188728,0.999902
106000,0.051000,-16.161716,0.999895
106000,0.052000,-16.135228,0.999887
106000,0.053000,-16.109266,0.999880
106000,0.054000,-16.083830,0.999873
106000,0.055000,-16.058924,0.999866
106000,0.056000,-16.034548,0.999859
106000,0.057000,-16.010706,0.999852
106000,0.058000,-15.987397,0.999845
106000,0.059000,-15.964623,0.999839
106000,0.060000,-15.942387,0.999832
106000,0.061000,-15.920689,0.999826
106000,0.062000,-15.899531,0.999820
106000,0.063000,-15.878913,0.999813
106000,0.064000,-15.858837,0.999808
106000,0.065000,-15.839303,0.999802
106000,0.066000,-15.820314,0.999796
106000,0.067000,-15.801869,0.999790
106000,0.068000,-15.783969,0.999785
106000,0.069000,-15.766616,0.999780
106000,0.070000,-15.749810,0.999775
106000,0.071000,-15.733552,0.999770
106000,0.072000,-15.717842,0.999765
106000,0.073000,-15.702681,0.999760
106000,0.074000,-15.688069,0.999756
106000,0.075000,-15.674008,0.999751
106000,0.076000,-15.660497,0.999747
106000,0.077000,-15.647537,0.999743
106000,0.078000,-15.635128,0.999739
106000,0.079000,-15.623272,0.999736
106000,0.080000,-15.611967,0.999732
106000,0.081000,-15.601214,0.999729
106000,0.082000,-15.591015,0.999725
106000,0.083000,-15.581368,0.999722
106000,0.084000,-15.572275,0.999719
106000,0.085000,-15.563735,0.999717
106000,0.086000,-15.555749,0.999714
106000,0.087000,-15.548317,0.999712
106000,0.088000,-15.541438,0.999710
106000,0.089000,-15.535114,0.999708
106000,0.090000,-15.529344,0.999706
106000,0.091000,-15.524129,0.999704
106000,0.092000,-15.519468,0.999703
106000,0.093000,-15.515362,0.999701
106000,0.094000,-15.511811,0.999700
106000,0.095000,-15.508814,0.999699
106000,0.096000,-15.506372,0.999698
106000,0.097000,-15.504485,0.999698
106000,0.098000,-15.503153,0.999697
106000,0.099000,-15.502377,0.999697
108000,0.000000,-18.000000,1.000383
108000,0.001000,-17.977090,1.000373
108000,0.002000,-17.954238,1.000369
108000,0.003000,-17.931442,1.000364
108000,0.004000,-17.908706,1.000360
108000,0.005000,-17.884958,1.000359
108000,0.006000,-17.840310,1.000351
108000,0.007000,-17.795893,1.000343
108000,0.008000,-17.751720,1.000335
108000,0.009000,-17.707801,1.000327
108000,0.010000,-17.664148,1.000319
108000,0.011000,-17.620773,1.000310
108000,0.012000,-17.577687,1.000302
108000,0.013000,-17.534899,1.000294
108000,0.014000,-17.492420,1.000285
108000,0.015000,-17.450259,1.000277
108000,0.016000,-17.408427,1.000268
108000,0.017000,-17.366933,1.000260
108000,0.018000,-17.325785,1.000251
108000,0.019000,-17.284991,1.000242
108000,0.020000,-17.244561,1.000234
108000,0.021000,-17.204503,1.000225
108000,0.022000,-17.164823,1.000216
108000,0.023000,-17.125530,1.000208
108000,0.024000,-17.086630,1.000199
108000,0.025000,-17.048131,1.000191
108000,0.026000,-17.010040,1.000182
108000,0.027000,-16.972362,1.000173
108000,0.028000,-16.935104,1.000165
108000,0.029000,-16.898272,1.000156
108000,0.030000,-16.861872,1.000147
108000,0.031000,-16.825908,1.000139
108000,0.032000,-16.790387,1.000130
108000,0.033000,-16.755313,1.000122
108000,0.034000,-16.720692,1.000114
108000,0.035000,-16.686528,1.000105
108000,0.036000,-16.652825,1.000097
108000,0.037000,-16.619587,1.000089
108000,0.038000,-16.586820,1.000080
108000,0.039000,-16.554526,1.000072
108000,0.040000,-16.522710,1.000064
108000,0.041000,-16.491374,1.000056
108000,0.042000,-16.460523,1.000048
108000,0.043000,-16.430160,1.000040
108000,0.044000,-16.400288,1.000032
108000,0.045000,-16.370909,1.000024
108000,0.046000,-16.342027,1.000017
108000,0.047000,-16.313645,1.000009
108000,0.048000,-16.285764,1.000002
108000,0.049000,-16.258388,0.999994
108000,0.050000,-16.231518,0.999987
108000,0.051000,-16.205157,0.999980
108000,0.052000,-16.179307,0.999972
108000,0.053000,-16.153970,0.999965
108000,0.054000,-16.129148,0.999958
108000,0.055000,-16.104843,0.999952
108000,0.056000,-16.081056,0.999945
108000,0.057000,-16.057789,0.999938
108000,0.058000,-16.035043,0.999932
108000,0.059000,-16.012820,0.999925
108000,0.060000,-15.991121,0.999919
108000,0.061000,-15.969948,0.999913
108000,0.062000,-15.949301,0.999907
108000,0.063000,-15.929182,0.999901
108000,0.064000,-15.909592,0.999895
108000,0.065000,-15.890531,0.999890
108000,0.066000,-15.872002,0.999884
108000,0.067000,-15.854004,0.999879
108000,0.068000,-15.836538,0.999874
108000,0.069000,-15.819605,0.999869
108000,0.070000,-15.803207,0.999864
108000,0.071000,-15.787343,0.999859
108000,0.072000,-15.772014,0.999854
108000,0.073000,-15.757221,0.999850
108000,0.074000,-15.742964,0.999845
108000,0.075000,-15.729243,0.999841
108000,0.076000,-15.716060,0.999837
108000,0.077000,-15.703415,0.999833
108000,0.078000,-15.691308,0.999829
108000,0.079000,-15.679739,0.999826
108000,0.080000,-15.668709,0.999822
108000,0.081000,-15.658218,0.999819
108000,0.082000,-15.648266,0.999816
108000,0.083000,-15.638854,0.999813
108000,0.084000,-15.629981,0.999810
108000,0.085000,-15.621649,0.999808
108000,0.086000,-15.613857,0.999805
108000,0.087000,-15.606605,0.999803
108000,0.088000,-15.599894,0.999801
108000,0.089000,-15.593724,0.999799
108000,0.090000,-15.588095,0.999797
108000,0.091000,-15.583006,0.999795
108000,0.092000,-15.578459,0.999794
108000,0.093000,-15.574452,0.999793
108000,0.094000,-15.570987,0.999792
108000,0.095000,-15.568064,0.999791
108000,0.096000,-15.565681,0.999790
108000,0.097000,-15.563840,0.999789
108000,0.098000,-15.562541,0.999789
108000,0.099000,-15.561783,0.999789
110000,0.000000,-18.000000,1.000453
110000,0.001000,-17.977600,1.000443
110000,0.002000,-17.955256,1.000438
110000,0.003000,-17.932968,1.000434
110000,0.004000,-17.910739,1.000430
110000,0.005000,-17.887518,1.000429
110000,0.006000,-17.843868,1.000422
110000,0.007000,-17.800444,1.000414
110000,0.008000,-17.757260,1.000406
110000,0.009000,-17.714326,1.000398
110000,0.010000,-17.671654,1.000390
110000,0.011000,-17.629254,1.000382
110000,0.012000,-17.587137,1.000374
110000,0.013000,-17.545313,1.000366
110000,0.014000,-17.503793,1.000357
110000,0.015000,-17.462585,1.000349
110000,0.016000,-17.421699,1.000341
110000,0.017000,-17.381144,1.000333
110000,0.018000,-17.340929,1.000324
110000,0.019000,-17.301061,1.000316
110000,0.020000,-17.261549,1.000308
110000,0.021000,-17.222402,1.000299
110000,0.022000,-17.183625,1.000291
110000,0.023000,-17.145227,1.000282
110000,0.024000,-17.107215,1.000274
110000,0.025000,-17.069595,1.000266
110000,0.026000,-17.032373,1.000257
110000,0.027000,-16.995557,1.000249
110000,0.028000,-16.959152,1.000241
110000,0.029000,-16.923164,1.000232
110000,0.030000,-16.887598,1.000224
110000,0.031000,-16.852460,1.000216
110000,0.032000,-16.817754,1.000207
110000,0.033000,-16.783487,1.000199
110000,0.034000,-16.749662,1.000191
110000,0.035000,-16.716284,1.000183
110000,0.036000,-16.683357,1.000175
110000,0.037000,-16.650886,1.000167
110000,0.038000,-16.618874,1.000159
110000,0.039000,-16.587326,1.000151
110000,0.040000,-16.556244,1.000143
110000,0.041000,-16.525633,1.000135
110000,0.042000,-16.495495,1.000128
110000,0.043000,-16.465834,1.000120
110000,0.044000,-16.436654,1.000112
110000,0.045000,-16.407956,1.000105
110000,0.046000,-16.379743,1.000097
110000,0.047000,-16.352019,1.000090
110000,0.048000,-16.324785,1.000083
110000,0.049000,-16.298044,1.000076
110000,0.050000,-16.271798,1.000068
110000,0.051000,-16.246050,1.000061
110000,0.052000,-16.220801,1.000055
110000,0.053000,-16.196054,1.000048
110000,0.054000,-16.171809,1.000041
110000,0.055000,-16.148069,1.000034
110000,0.056000,-16.124836,1.000028
110000,0.057000,-16.102111,1.000022
110000,0.058000,-16.079895,1.000015
110000,0.059000,-16.058190,1.000009
110000,0.060000,-16.036998,1.000003
110000,0.061000,-16.016318,0.999997
110000,0.062000,-15.996153,0.999991
110000,0.063000,-15.976504,0.999986
110000,0.064000,-15.957372,0.999980
110000,0.065000,-15.938756,0.999975
110000,0.066000,-15.920660,0.999969
110000,0.067000,-15.903082,0.999964
110000,0.068000,-15.886025,0.999959
110000,0.069000,-15.869488,0.999954
110000,0.070000,-15.853473,0.999949
110000,0.071000,-15.837981,0.999945
110000,0.072000,-15.823010,0.999940
110000,0.073000,-15.808563,0.999936
110000,0.074000,-15.794640,0.999932
110000,0.075000,-15.781241,0.999927
110000,0.076000,-15.768367,0.999924
110000,0.077000,-15.756018,0.999920
110000,0.078000,-15.744195,0.999916
110000,0.079000,-15.732897,0.999913
110000,0.080000,-15.722125,0.999909
110000,0.081000,-15.711880,0.999906
110000,0.082000,-15.702162,0.999903
110000,0.083000,-15.692970,0.999900
110000,0.084000,-15.684306,0.999898
110000,0.085000,-15.676169,0.999895
110000,0.086000,-15.668560,0.999893
110000,0.087000,-15.661478,0.999890
110000,0.088000,-15.654925,0.999888
110000,0.089000,-15.648899,0.999886
110000,0.090000,-15.643402,0.999885
110000,0.091000,-15.638433,0.999883
110000,0.092000,-15.633992,0.999882
110000,0.093000,-15.630080,0.999881
110000,0.094000,-15.626696,0.999879
110000,0.095000,-15.623841,0.999879
110000,0.096000,-15.621515,0.999878
110000,0.097000,-15.619717,0.999877
110000,0.098000,-15.618448,0.999877
110000,0.099000,-15.617708,0.999877
112000,0.000000,-18.000000,1.000519
112000,0.001000,-17.978080,1.000510
112000,0.002000,-17.956215,1.000506
112000,0.003000,-17.934405,1.000502
112000,0.004000,-17.912653,1.000498
112000,0.005000,-17.889930,1.000497
112000,0.006000,-17.847218,1.000489
112000,0.007000,-17.804731,1.000482
112000,0.008000,-17.762478,1.000474
112000,0.009000,-17.720472,1.000466
112000,0.010000,-17.678723,1.000459
112000,0.011000,-17.637242,1.000451
112000,0.012000,-17.596038,1.000443
112000,0.013000,-17.555123,1.000435
112000,0.014000,-17.514506,1.000427
112000,0.015000,-17.474195,1.000419
112000,0.016000,-17.434201,1.000411
112000,0.017000,-17.394531,1.000403
112000,0.018000,-17.355194,1.000395
112000,0.019000,-17.316199,1.000387
112000,0.020000,-17.277552,1.000379
112000,0.021000,-17.239263,1.000371
112000,0.022000,-17.201337,1.000362
112000,0.023000,-17.163783,1.000354
112000,0.024000,-17.126607,1.000346
112000,0.025000,-17.089815,1.000338
112000,0.026000,-17.053413,1.000330
112000,0.027000,-17.017409,1.000322
112000,0.028000,-16.981808,1.000314
112000,0.029000,-16.946614,1.000306
112000,0.030000,-16.911835,1.000298
112000,0.031000,-16.877474,1.000290
112000,0.032000,-16.843538,1.000282
112000,0.033000,-16.810030,1.000274
112000,0.034000,-16.776955,1.000266
112000,0.035000,-16.744318,1.000258
112000,0.036000,-16.712123,1.000250
112000,0.037000,-16.680374,1.000242
112000,0.038000,-16.649074,1.000235
112000,0.039000,-16.618228,1.000227
112000,0.040000,-16.587839,1.000219
112000,0.041000,-16.557910,1.000212
112000,0.042000,-16.528445,1.000204
112000,0.043000,-16.499446,1.000197
112000,0.044000,-16.470917,1.000190
112000,0.045000,-16.442860,1.000182
112000,0.046000,-16.415279,1.000175
112000,0.047000,-16.388174,1.000168
112000,0.048000,-16.361550,1.000161
112000,0.049000,-16.335408,1.000154
112000,0.050000,-16.309751,1.000147
112000,0.051000,-16.284580,1.000140
112000,0.052000,-16.259897,1.000134
112000,0.053000,-16.235705,1.000127
112000,0.054000,-16.212005,1.000120
112000,0.055000,-16.188798,1.000114
112000,0.056000,-16.166087,1.000108
112000,0.057000,-16.143873,1.000102
112000,0.058000,-16.122156,1.000096
112000,0.059000,-16.100940,1.000090
112000,0.060000,-16.080224,1.000084
112000,0.061000,-16.060010,1.000078
112000,0.062000,-16.040299,1.000072
112000,0.063000,-16.021093,1.000067
112000,0.064000,-16.002391,1.000061
112000,0.065000,-15.984196,1.000056
112000,0.066000,-15.966507,1.000051
112000,0.067000,-15.949326,1.000046
112000,0.068000,-15.932654,1.000041
112000,0.069000,-15.916490,1.000036
112000,0.070000,-15.900837,1.000032
112000,0.071000,-15.885694,1.000027
112000,0.072000,-15.871062,1.000023
112000,0.073000,-15.856941,1.000019
112000,0.074000,-15.843332,1.000015
112000,0.075000,-15.830236,1.000011
112000,0.076000,-15.817653,1.000007
112000,0.077000,-15.805583,1.000003
112000,0.078000,-15.794027,1.000000
112000,0.079000,-15.782985,0.999996
112000,0.080000,-15.772457,0.999993
112000,0.081000,-15.762444,0.999990
112000,0.082000,-15.752945,0.999987
112000,0.083000,-15.743962,0.999984
112000,0.084000,-15.735494,0.999982
112000,0.085000,-15.727541,0.999979
112000,0.086000,-15.720104,0.999977
112000,0.087000,-15.713183,0.999975
112000,0.088000,-15.706778,0.999973
112000,0.089000,-15.700888,0.999971
112000,0.090000,-15.695516,0.999969
112000,0.091000,-15.690659,0.999968
112000,0.092000,-15.686319,0.999966
112000,0.093000,-15.682495,0.999965
112000,0.094000,-15.679188,0.999964
112000,0.095000,-15.676398,0.999963
112000,0.096000,-15.674124,0.999963
112000,0.097000,-15.672367,0.999962
112000,0.098000,-15.671127,0.999962
112000,0.099000,-15.670403,0.999961
114000,0.000000,-18.000000,1.000583
114000,0.001000,-17.978532,1.000574
114000,0.002000,-17.957119,1.000570
114000,0.003000,-17.935760,1.000566
114000,0.004000,-17.914458,1.000563
114000,0.005000,-17.892203,1.000562
114000,0.006000,-17.850377,1.000554
114000,0.007000,-17.808771,1.000547
114000,0.008000,-17.767397,1.000540
114000,0.009000,-17.726265,1.000532
114000,0.010000,-17.685387,1.000525
114000,0.011000,-17.644772,1.000517
114000,0.012000,-17.604430,1.000509
114000,0.013000,-17.564371,1.000502
114000,0.014000,-17.524605,1.000494
114000,0.015000,-17.485141,1.000486
114000,0.016000,-17.445987,1.000478
114000,0.017000,-17.407152,1.000471
114000,0.018000,-17.368644,1.000463
114000,0.019000,-17.330471,1.000455
114000,0.020000,-17.292640,1.000447
114000,0.021000,-17.255160,1.000439
114000,0.022000,-17.218037,1.000431
114000,0.023000,-17.181279,1.000423
114000,0.024000,-17.144890,1.000415
114000,0.025000,-17.108879,1.000408
114000,0.026000,-17.073252,1.000400
114000,0.027000,-17.038013,1.000392
114000,0.028000,-17.003170,1.000384
114000,0.029000,-16.968726,1.000376
114000,0.030000,-16.934688,1.000368
114000,0.031000,-16.901061,1.000361
114000,0.032000,-16.867850,1.000353
114000,0.033000,-16.835058,1.000345
114000,0.034000,-16.802691,1.000338
114000,0.035000,-16.770753,1.000330
114000,0.036000,-16.739248,1.000322
114000,0.037000,-16.708179,1.000315
114000,0.038000,-16.677552,1.000307
114000,0.039000,-16.647368,1.000300
114000,0.040000,-16.617632,1.000293
114000,0.041000,-16.588347,1.000285
114000,0.042000,-16.559516,1.000278
114000,0.043000,-16.531142,1.000271
114000,0.044000,-16.503227,1.000264
114000,0.045000,-16.475776,1.000257
114000,0.046000,-16.448789,1.000250
114000,0.047000,-16.422270,1.000243
114000,0.048000,-16.396221,1.000236
114000,0.049000,-16.370644,1.000229
114000,0.050000,-16.345541,1.000223
114000,0.051000,-16.320914,1.000216
114000,0.052000,-16.296766,1.000210
114000,0.053000,-16.273097,1.000203
114000,0.054000,-16.249911,1.000197
114000,0.055000,-16.227207,1.000191
114000,0.056000,-16.204988,1.000185
114000,0.057000,-16.183256,1.000179
114000,0.058000,-16.162011,1.000173
114000,0.059000,-16.141255,1.000167
114000,0.060000,-16.120989,1.000161
114000,0.061000,-16.101214,1.000156
114000,0.062000,-16.081932,1.000150
114000,0.063000,-16.063142,1.000145
114000,0.064000,-16.044848,1.000140
114000,0.065000,-16.027048,1.000135
114000,0.066000,-16.009744,1.000130
114000,0.067000,-15.992937,1.000125
114000,0.068000,-15.976628,1.000120
114000,0.069000,-15.960816,1.000116
114000,0.070000,-15.945504,1.000111
114000,0.071000,-15.930691,1.000107
114000,0.072000,-15.916378,1.000102
114000,0.073000,-15.902565,1.000098
114000,0.074000,-15.889253,1.000094
114000,0.075000,-15.876443,1.000091
114000,0.076000,-15.864134,1.000087
114000,0.077000,-15.852327,1.000083
114000,0.078000,-15.841023,1.000080
114000,0.079000,-15.830222,1.000077
114000,0.080000,-15.819924,1.000074
114000,0.081000,-15.810129,1.000071
114000,0.082000,-15.800838,1.000068
114000,0.083000,-15.792051,1.000065
114000,0.084000,-15.783768,1.000063
114000,0.085000,-15.775989,1.000060
114000,0.086000,-15.768714,1.000058
114000,0.087000,-15.761945,1.000056
114000,0.088000,-15.755679,1.000054
114000,0.089000,-15.749919,1.000052
114000,0.090000,-15.744664,1.000051
114000,0.091000,-15.739913,1.000049
114000,0.092000,-15.735668,1.000048
114000,0.093000,-15.731928,1.000047
114000,0.094000,-15.728693,1.000046
114000,0.095000,-15.725964,1.000045
114000,0.096000,-15.723740,1.000044
114000,0.097000,-15.722021,1.000044
114000,0.098000,-15.720808,1.000043
114000,0.099000,-15.720100,1.000043
116000,0.000000,-18.000000,1.000645
116000,0.001000,-17.978959,1.000636
116000,0.002000,-17.957972,1.000632
116000,0.003000,-17.937038,1.000629
116000,0.004000,-17.916160,1.000625
116000,0.005000,-17.894348,1.000624
116000,0.006000,-17.853357,1.000617
116000,0.007000,-17.812583,1.000610
116000,0.008000,-17.772038,1.000603
116000,0.009000,-17.731731,1.000595
116000,0.010000,-17.691674,1.000588
116000,0.011000,-17.651876,1.000581
116000,0.012000,-17.612347,1.000573
116000,0.013000,-17.573097,1.000566
116000,0.014000,-17.534135,1.000558
116000,0.015000,-17.495469,1.000551
116000,0.016000,-17.457108,1.000543
116000,0.017000,-17.419060,1.000536
116000,0.018000,-17.381334,1.000528
116000,0.019000,-17.343938,1.000520
116000,0.020000,-17.306878,1.000513
116000,0.021000,-17.270161,1.000505
116000,0.022000,-17.233796,1.000498
116000,0.023000,-17.197788,1.000490
116000,0.024000,-17.162144,1.000482
116000,0.025000,-17.126870,1.000475
116000,0.026000,-17.091972,1.000467
116000,0.027000,-17.057457,1.000459
116000,0.028000,-17.023328,1.000452
116000,0.029000,-16.989593,1.000444
116000,0.030000,-16.956255,1.000437
116000,0.031000,-16.923320,1.000429
116000,0.032000,-16.890793,1.000422
116000,0.033000,-16.858678,1.000414
116000,0.034000,-16.826979,1.000407
116000,0.035000,-16.795701,1.000399
116000,0.036000,-16.764847,1.000392
116000,0.037000,-16.734421,1.000385
116000,0.038000,-16.704428,1.000378
116000,0.039000,-16.674870,1.000370
116000,0.040000,-16.645750,1.000363
116000,0.041000,-16.617073,1.000356
116000,0.042000,-16.588840,1.000349
116000,0.043000,-16.561056,1.000342
116000,0.044000,-16.533722,1.000335
116000,0.045000,-16.506841,1.000328
116000,0.046000,-16.480416,1.000322
116000,0.047000,-16.454449,1.000315
116000,0.048000,-16.428943,1.000308
116000,0.049000,-16.403899,1.000302
116000,0.050000,-16.379320,1.000296
116000,0.051000,-16.355208,1.000289
116000,0.052000,-16.331564,1.000283
116000,0.053000,-16.308390,1.000277
116000,0.054000,-16.285688,1.000271
116000,0.055000,-16.263459,1.000265
116000,0.056000,-16.241705,1.000259
116000,0.057000,-16.220427,1.000253
116000,0.058000,-16.199627,1.000247
116000,0.059000,-16.179306,1.000242
116000,0.060000,-16.159465,1.000236
116000,0.061000,-16.140105,1.000231
116000,0.062000,-16.121227,1.000225
116000,0.063000,-16.102832,1.000220
116000,0.064000,-16.084921,1.000215
116000,0.065000,-16.067495,1.000210
116000,0.066000,-16.050554,1.000206
116000,0.067000,-16.034101,1.000201
116000,0.068000,-16.018134,1.000196
116000,0.069000,-16.002655,1.000192
116000,0.070000,-15.987664,1.000187
116000,0.071000,-15.973163,1.000183
116000,0.072000,-15.959151,1.000179
116000,0.073000,-15.945628,1.000175
116000,0.074000,-15.932597,1.000171
116000,0.075000,-15.920056,1.000168
116000,0.076000,-15.908007,1.000164
116000,0.077000,-15.896449,1.000161
116000,0.078000,-15.885383,1.000157
116000,0.079000,-15.874809,1.000154
116000,0.080000,-15.864728,1.000151
116000,0.081000,-15.855140,1.000148
116000,0.082000,-15.846044,1.000146
116000,0.083000,-15.837442,1.000143
116000,0.084000,-15.829334,1.000141
116000,0.085000,-15.821719,1.000138
116000,0.086000,-15.814598,1.000136
116000,0.087000,-15.807971,1.000134
116000,0.088000,-15.801838,1.000132
116000,0.089000,-15.796199,1.000131
116000,0.090000,-15.791054,1.000129
116000,0.091000,-15.786404,1.000128
116000,0.092000,-15.782248,1.000126
116000,0.093000,-15.778587,1.000125
116000,0.094000,-15.775421,1.000124
116000,0.095000,-15.772749,1.000124
116000,0.096000,-15.770572,1.000123
116000,0.097000,-15.768890,1.000122
116000,0.098000,-15.767702,1.000122
116000,0.099000,-15.767009,1.000122
118000,0.000000,-18.000000,1.000704
118000,0.001000,-17.979362,1.000696
118000,0.002000,-17.958776,1.000692
118000,0.003000,-17.938244,1.000689
118000,0.004000,-17.917767,1.000685
118000,0.005000,-17.896372,1.000684
118000,0.006000,-17.856170,1.000677
118000,0.007000,-17.816182,1.000670
118000,0.008000,-17.776419,1.000663
118000,0.009000,-17.736892,1.000656
118000,0.010000,-17.697610,1.000649
118000,0.011000,-17.658584,1.000642
118000,0.012000,-17.619823,1.000635
118000,0.013000,-17.581336,1.000627
118000,0.014000,-17.543132,1.000620
118000,0.015000,-17.505221,1.000613
118000,0.016000,-17.467609,1.000606
118000,0.017000,-17.430306,1.000598
118000,0.018000,-17.393318,1.000591
118000,0.019000,-17.356655,1.000583
118000,0.020000,-17.320322,1.000576
118000,0.021000,-17.284327,1.000569
118000,0.022000,-17.248677,1.000561
118000,0.023000,-17.213379,1.000554
118000,0.024000,-17.178438,1.000546
118000,0.025000,-17.143860,1.000539
118000,0.026000,-17.109652,1.000532
118000,0.027000,-17.075819,1.000524
118000,0.028000,-17.042367,1.000517
118000,0.029000,-17.009300,1.000510
118000,0.030000,-16.976624,1.000502
118000,0.031000,-16.944343,1.000495
118000,0.032000,-16.912463,1.000488
118000,0.033000,-16.880987,1.000481
118000,0.034000,-16.849919,1.000473
118000,0.035000,-16.819264,1.000466
118000,0.036000,-16.789025,1.000459
118000,0.037000,-16.759207,1.000452
118000,0.038000,-16.729813,1.000445
118000,0.039000,-16.700846,1.000438
118000,0.040000,-16.672309,1.000431
118000,0.041000,-16.644206,1.000424
118000,0.042000,-16.616539,1.000418
118000,0.043000,-16.589311,1.000411
118000,0.044000,-16.562526,1.000404
118000,0.045000,-16.536185,1.000398
118000,0.046000,-16.510290,1.000391
118000,0.047000,-16.484846,1.000385
118000,0.048000,-16.459852,1.000378
118000,0.049000,-16.435312,1.000372
118000,0.050000,-16.411228,1.000366
118000,0.051000,-16.387601,1.000359
118000,0.052000,-16.364434,1.000353
118000,0.053000,-16.341727,1.000347
118000,0.054000,-16.319483,1.000341
118000,0.055000,-16.297703,1.000336
118000,0.056000,-16.276388,1.000330
118000,0.057000,-16.255541,1.000324
118000,0.058000,-16.235161,1.000319
118000,0.059000,-16.215250,1.000313
118000,0.060000,-16.195811,1.000308
118000,0.061000,-16.176842,1.000303
118000,0.062000,-16.158346,1.000298
118000,0.063000,-16.140324,1.000293
118000,0.064000,-16.122776,1.000288
118000,0.065000,-16.105703,1.000283
118000,0.066000,-16.089106,1.000279
118000,0.067000,-16.072986,1.000274
118000,0.068000,-16.057343,1.000270
118000,0.069000,-16.042178,1.000265
118000,0.070000,-16.027491,1.000261
118000,0.071000,-16.013284,1.000257
118000,0.072000,-15.999557,1.000253
118000,0.073000,-15.986309,1.000249
118000,0.074000,-15.973542,1.000245
118000,0.075000,-15.961256,1.000242
118000,0.076000,-15.949452,1.000238
118000,0.077000,-15.938129,1.000235
118000,0.078000,-15.927288,1.000232
118000,0.079000,-15.916929,1.000229
118000,0.080000,-15.907053,1.000226
118000,0.081000,-15.897660,1.000223
118000,0.082000,-15.888749,1.000221
118000,0.083000,-15.880322,1.000218
118000,0.084000,-15.872379,1.000216
118000,0.085000,-15.864919,1.000214
118000,0.086000,-15.857943,1.000211
118000,0.087000,-15.851451,1.000210
118000,0.088000,-15.845442,1.000208
118000,0.089000,-15.839918,1.000206
118000,0.090000,-15.834879,1.000205
118000,0.091000,-15.830323,1.000203
118000,0.092000,-15.826252,1.000202
118000,0.093000,-15.822666,1.000201
118000,0.094000,-15.819564,1.000200
118000,0.095000,-15.816946,1.000199
118000,0.096000,-15.814814,1.000199
118000,0.097000,-15.813165,1.000198
118000,0.098000,-15.812002,1.000198
118000,0.099000,-15.811324,1.000197
120000,0.000000,-18.000000,1.000762
120000,0.001000,-17.979742,1.000753
120000,0.002000,-17.959537,1.000750
120000,0.003000,-17.939384,1.000746
120000,0.004000,-17.919286,1.000743
120000,0.005000,-17.898285,1.000742
120000,0.006000,-17.858828,1.000735
120000,0.007000,-17.819582,1.000728
120000,0.008000,-17.780559,1.000722
120000,0.009000,-17.741768,1.000715
120000,0.010000,-17.703219,1.000708
120000,0.011000,-17.664922,1.000701
120000,0.012000,-17.626887,1.000694
120000,0.013000,-17.589121,1.000687
120000,0.014000,-17.551635,1.000680
120000,0.015000,-17.514436,1.000673
120000,0.016000,-17.477532,1.000666
120000,0.017000,-17.440932,1.000658
120000,0.018000,-17.404643,1.000651
120000,0.019000,-17.368673,1.000644
120000,0.020000,-17.333028,1.000637
120000,0.021000,-17.297715,1.000630
120000,0.022000,-17.262742,1.000623
120000,0.023000,-17.228114,1.000615
120000,0.024000,-17.193837,1.000608
120000,0.025000,-17.159918,1.000601
120000,0.026000,-17.126362,1.000594
120000,0.027000,-17.093175,1.000587
120000,0.028000,-17.060362,1.000580
120000,0.029000,-17.027927,1.000573
120000,0.030000,-16.995877,1.000565
120000,0.031000,-16.964214,1.000558
120000,0.032000,-16.932945,1.000551
120000,0.033000,-16.902073,1.000544
120000,0.034000,-16.871602,1.000537
120000,0.035000,-16.841537,1.000531
120000,0.036000,-16.811880,1.000524
120000,0.037000,-16.782636,1.000517
120000,0.038000,-16.753808,1.000510
120000,0.039000,-16.725400,1.000503
120000,0.040000,-16.697414,1.000497
120000,0.041000,-16.669854,1.000490
120000,0.042000,-16.642722,1.000483
120000,0.043000,-16.616021,1.000477
120000,0.044000,-16.589754,1.000470
120000,0.045000,-16.563923,1.000464
120000,0.046000,-16.538531,1.000458
120000,0.047000,-16.513580,1.000451
120000,0.048000,-16.489072,1.000445
120000,0.049000,-16.465008,1.000439
120000,0.050000,-16.441392,1.000433
120000,0.051000,-16.418225,1.000427
120000,0.052000,-16.395508,1.000421
120000,0.053000,-16.373243,1.000415
120000,0.054000,-16.351432,1.000410
120000,0.055000,-16.330076,1.000404
120000,0.056000,-16.309177,1.000399
120000,0.057000,-16.288736,1.000393
120000,0.058000,-16.268754,1.000388
120000,0.059000,-16.249232,1.000383
120000,0.060000,-16.230171,1.000377
120000,0.061000,-16.211573,1.000372
120000,0.062000,-16.193439,1.000367
120000,0.063000,-16.175769,1.000363
120000,0.064000,-16.158564,1.000358
120000,0.065000,-16.141825,1.000353
120000,0.066000,-16.125553,1.000349
120000,0.067000,-16.109748,1.000344
120000,0.068000,-16.094411,1.000340
120000,0.069000,-16.079543,1.000336
120000,0.070000,-16.065145,1.000332
120000,0.071000,-16.051216,1.000328
120000,0.072000,-16.037757,1.000324
120000,0.073000,-16.024769,1.000320
120000,0.074000,-16.012253,1.000317
120000,0.075000,-16.000208,1.000313
120000,0.076000,-15.988635,1.000310
120000,0.077000,-15.977534,1.000307
120000,0.078000,-15.966906,1.000304
120000,0.079000,-15.956750,1.000301
120000,0.080000,-15.947068,1.000298
120000,0.081000,-15.937859,1.000295
120000,0.082000,-15.929124,1.000293
120000,0.083000,-15.920863,1.000290
120000,0.084000,-15.913075,1.000288
120000,0.085000,-15.905762,1.000286
120000,0.086000,-15.898923,1.000284
120000,0.087000,-15.892558,1.000282
120000,0.088000,-15.886668,1.000280
120000,0.089000,-15.881253,1.000279
120000,0.090000,-15.876312,1.000277
120000,0.091000,-15.871846,1.000276
120000,0.092000,-15.867855,1.000275
120000,0.093000,-15.864339,1.000274
120000,0.094000,-15.861298,1.000273
120000,0.095000,-15.858732,1.000272
120000,0.096000,-15.856642,1.000271
120000,0.097000,-15.855026,1.000271
120000,0.098000,-15.853885,1.000271
120000,0.099000,-15.853220,1.000270
122000,0.000000,-18.000000,1.000816
122000,0.001000,-17.980102,1.000808
122000,0.002000,-17.960256,1.000805
122000,0.003000,-17.940461,1.000802
122000,0.004000,-17.920721,1.000798
122000,0.005000,-17.900093,1.000797
122000,0.006000,-17.861341,1.000791
122000,0.007000,-17.822797,1.000784
122000,0.008000,-17.784473,1.000778
122000,0.009000,-17.746378,1.000771
122000,0.010000,-17.708523,1.000764
122000,0.011000,-17.670916,1.000758
122000,0.012000,-17.633566,1.000751
122000,0.013000,-17.596483,1.000744
122000,0.014000,-17.559675,1.000737
122000,0.015000,-17.523151,1.000730
122000,0.016000,-17.486917,1.000723
122000,0.017000,-17.450982,1.000716
122000,0.018000,-17.415354,1.000709
122000,0.019000,-17.380039,1.000703
122000,0.020000,-17.345045,1.000696
122000,0.021000,-17.310377,1.000689
122000,0.022000,-17.276044,1.000682
122000,0.023000,-17.242050,1.000675
122000,0.024000,-17.208403,1.000668
122000,0.025000,-17.175106,1.000661
122000,0.026000,-17.142168,1.000654
122000,0.027000,-17.109591,1.000647
122000,0.028000,-17.077382,1.000640
122000,0.029000,-17.045546,1.000633
122000,0.030000,-17.014087,1.000626
122000,0.031000,-16.983010,1.000619
122000,0.032000,-16.952320,1.000613
122000,0.033000,-16.922019,1.000606
122000,0.034000,-16.892113,1.000599
122000,0.035000,-16.862606,1.000592
122000,0.036000,-16.833500,1.000586
122000,0.037000,-16.804799,1.000579
122000,0.038000,-16.776508,1.000573
122000,0.039000,-16.748628,1.000566
122000,0.040000,-16.721164,1.000559
122000,0.041000,-16.694117,1.000553
122000,0.042000,-16.667492,1.000547
122000,0.043000,-16.641289,1.000540
122000,0.044000,-16.615513,1.000534
122000,0.045000,-16.590165,1.000528
122000,0.046000,-16.565248,1.000522
122000,0.047000,-16.540764,1.000516
122000,0.048000,-16.516715,1.000510
122000,0.049000,-16.493103,1.000504
122000,0.050000,-16.469929,1.000498
122000,0.051000,-16.447196,1.000492
122000,0.052000,-16.424906,1.000487
122000,0.053000,-16.403059,1.000481
122000,0.054000,-16.381658,1.000475
122000,0.055000,-16.360704,1.000470
122000,0.056000,-16.340198,1.000465
122000,0.057000,-16.320142,1.000459
122000,0.058000,-16.300536,1.000454
122000,0.059000,-16.281382,1.000449
122000,0.060000,-16.262681,1.000444
122000,0.061000,-16.244433,1.000439
122000,0.062000,-16.226641,1.000434
122000,0.063000,-16.209304,1.000430
122000,0.064000,-16.192424,1.000425
122000,0.065000,-16.176001,1.000421
122000,0.066000,-16.160036,1.000416
122000,0.067000,-16.144530,1.000412
122000,0.068000,-16.129483,1.000408
122000,0.069000,-16.114896,1.000404
122000,0.070000,-16.100770,1.000400
122000,0.071000,-16.087105,1.000396
122000,0.072000,-16.073901,1.000393
122000,0.073000,-16.061159,1.000389
122000,0.074000,-16.048879,1.000385
122000,0.075000,-16.037062,1.000382
122000,0.076000,-16.025708,1.000379
122000,0.077000,-16.014818,1.000376
122000,0.078000,-16.004391,1.000373
122000,0.079000,-15.994428,1.000370
122000,0.080000,-15.984930,1.000367
122000,0.081000,-15.975895,1.000365
122000,0.082000,-15.967326,1.000362
122000,0.083000,-15.959221,1.000360
122000,0.084000,-15.951581,1.000358
122000,0.085000,-15.944407,1.000356
122000,0.086000,-15.937697,1.000354
122000,0.087000,-15.931453,1.000352
122000,0.088000,-15.925675,1.000350
122000,0.089000,-15.920362,1.000349
122000,0.090000,-15.915516,1.000347
122000,0.091000,-15.911134,1.000346
122000,0.092000,-15.907219,1.000345
122000,0.093000,-15.903770,1.000344
122000,0.094000,-15.900787,1.000343
122000,0.095000,-15.898270,1.000342
122000,0.096000,-15.896218,1.000342
122000,0.097000,-15.894633,1.000341
122000,0.098000,-15.893515,1.000341
122000,0.099000,-15.892862,1.000341
124000,0.000000,-18.000000,1.000869
124000,0.001000,-17.980442,1.000861
124000,0.002000,-17.960936,1.000858
124000,0.003000,-17.941480,1.000855
124000,0.004000,-17.922079,1.000852
124000,0.005000,-17.901804,1.000851
124000,0.006000,-17.863718,1.000844
124000,0.007000,-17.825839,1.000838
124000,0.008000,-17.788176,1.000832
124000,0.009000,-17.750741,1.000825
124000,0.010000,-17.713541,1.000819
124000,0.011000,-17.676587,1.000812
124000,0.012000,-17.639887,1.000805
124000,0.013000,-17.603450,1.000799
124000,0.014000,-17.567284,1.000792
124000,0.015000,-17.531397,1.000786
124000,0.016000,-17.495798,1.000779
124000,0.017000,-17.460493,1.000772
124000,0.018000,-17.425490,1.000765
124000,0.019000,-17.390796,1.000759
124000,0.020000,-17.356417,1.000752
124000,0.021000,-17.322361,1.000745
124000,0.022000,-17.288634,1.000738
124000,0.023000,-17.255241,1.000732
124000,0.024000,-17.222189,1.000725
124000,0.025000,-17.189482,1.000718
124000,0.026000,-17.157128,1.000712
124000,0.027000,-17.125130,1.000705
124000,0.028000,-17.093493,1.000698
124000,0.029000,-17.062224,1.000691
124000,0.030000,-17.031325,1.000685
124000,0.031000,-17.000803,1.000678
124000,0.032000,-16.970660,1.000672
124000,0.033000,-16.940901,1.000665
124000,0.034000,-16.911530,1.000658
124000,0.035000,-16.882550,1.000652
124000,0.036000,-16.853966,1.000645
124000,0.037000,-16.825780,1.000639
124000,0.038000,-16.797997,1.000633
124000,0.039000,-16.770618,1.000626
124000,0.040000,-16.743647,1.000620
124000,0.041000,-16.717087,1.000614
124000,0.042000,-16.690941,1.000608
124000,0.043000,-16.665211,1.000602
124000,0.044000,-16.639900,1.000595
124000,0.045000,-16.615009,1.000589
124000,0.046000,-16.590542,1.000584
124000,0.047000,-16.566500,1.000578
124000,0.048000,-16.542886,1.000572
124000,0.049000,-16.519701,1.000566
124000,0.050000,-16.496947,1.000560
124000,0.051000,-16.474626,1.000555
124000,0.052000,-16.452740,1.000549
124000,0.053000,-16.431289,1.000544
124000,0.054000,-16.410277,1.000539
124000,0.055000,-16.389703,1.000533
124000,0.056000,-16.369569,1.000528
124000,0.057000,-16.349877,1.000523
124000,0.058000,-16.330628,1.000518
124000,0.059000,-16.311822,1.000513
124000,0.060000,-16.293461,1.000508
124000,0.061000,-16.275546,1.000504
124000,0.062000,-16.258077,1.000499
124000,0.063000,-16.241057,1.000494
124000,0.064000,-16.224484,1.000490
124000,0.065000,-16.208360,1.000486
124000,0.066000,-16.192687,1.000482
124000,0.067000,-16.177463,1.000477
124000,0.068000,-16.162691,1.000473
124000,0.069000,-16.148371,1.000469
124000,0.070000,-16.134502,1.000466
124000,0.071000,-16.121086,1.000462
124000,0.072000,-16.108124,1.000458
124000,0.073000,-16.095615,1.000455
124000,0.074000,-16.083560,1.000452
124000,0.075000,-16.071959,1.000448
124000,0.076000,-16.060812,1.000445
124000,0.077000,-16.050121,1.000442
124000,0.078000,-16.039885,1.000439
124000,0.079000,-16.030105,1.000437
124000,0.080000,-16.020780,1.000434
124000,0.081000,-16.011911,1.000431
124000,0.082000,-16.003498,1.000429
124000,0.083000,-15.995542,1.000427
124000,0.084000,-15.988042,1.000425
124000,0.085000,-15.980999,1.000423
124000,0.086000,-15.974412,1.000421
124000,0.087000,-15.968283,1.000419
124000,0.088000,-15.962611,1.000417
124000,0.089000,-15.957395,1.000416
124000,0.090000,-15.952637,1.000415
124000,0.091000,-15.948336,1.000413
124000,0.092000,-15.944493,1.000412
124000,0.093000,-15.941107,1.000411
124000,0.094000,-15.938178,1.000410
124000,0.095000,-15.935707,1.000410
124000,0.096000,-15.933694,1.000409
124000,0.097000,-15.932138,1.000409
124000,0.098000,-15.931040,1.000408
124000,0.099000,-15.930399,1.000408
126000,0.000000,-18.000000,1.000920
126000,0.001000,-17.980764,1.000912
126000,0.002000,-17.961579,1.000909
126000,0.003000,-17.942445,1.000906
126000,0.004000,-17.923364,1.000903
126000,0.005000,-17.903424,1.000902
126000,0.006000,-17.865969,1.000896
126000,0.007000,-17.828718,1.000890
126000,0.008000,-17.791683,1.000883
126000,0.009000,-17.754871,1.000877
126000,0.010000,-17.718293,1.000871
126000,0.011000,-17.681957,1.000865
126000,0.012000,-17.645872,1.000858
126000,0.013000,-17.610047,1.000852
126000,0.014000,-17.574489,1.000845
126000,0.015000,-17.539207,1.000839
126000,0.016000,-17.504208,1.000832
126000,0.017000,-17.469500,1.000826
126000,0.018000,-17.435089,1.000819
126000,0.019000,-17.400983,1.000813
126000,0.020000,-17.367188,1.000806
126000,0.021000,-17.333711,1.000800
126000,0.022000,-17.300558,1.000793
126000,0.023000,-17.267734,1.000787
126000,0.024000,-17.235246,1.000780
126000,0.025000,-17.203098,1.000773
126000,0.026000,-17.171297,1.000767
126000,0.027000,-17.139848,1.000760
126000,0.028000,-17.108754,1.000754
126000,0.029000,-17.078021,1.000748
126000,0.030000,-17.047654,1.000741
126000,0.031000,-17.017657,1.000735
126000,0.032000,-16.988033,1.000728
126000,0.033000,-16.958787,1.000722
126000,0.034000,-16.929923,1.000716
126000,0.035000,-16.901444,1.000709
126000,0.036000,-16.873354,1.000703
126000,0.037000,-16.845657,1.000697
126000,0.038000,-16.818354,1.000691
126000,0.039000,-16.791450,1.000684
126000,0.040000,-16.764947,1.000678
126000,0.041000,-16.738849,1.000672
126000,0.042000,-16.713157,1.000666
126000,0.043000,-16.687875,1.000660
126000,0.044000,-16.663004,1.000655
126000,0.045000,-16.638547,1.000649
126000,0.046000,-16.614506,1.000643
126000,0.047000,-16.590884,1.000637
126000,0.048000,-16.567682,1.000632
126000,0.049000,-16.544902,1.000626
126000,0.050000,-16.522546,1.000621
126000,0.051000,-16.500615,1.000615
126000,0.052000,-16.479111,1.000610
126000,0.053000,-16.458037,1.000605
126000,0.054000,-16.437392,1.000599
126000,0.055000,-16.417179,1.000594
126000,0.056000,-16.397398,1.000589
126000,0.057000,-16.378051,1.000584
126000,0.058000,-16.359140,1.000580
126000,0.059000,-16.340664,1.000575
126000,0.060000,-16.322626,1.000570
126000,0.061000,-16.305026,1.000566
126000,0.062000,-16.287864,1.000561
126000,0.063000,-16.271143,1.000557
126000,0.064000,-16.254862,1.000552
126000,0.065000,-16.239022,1.000548
126000,0.066000,-16.223624,1.000544
126000,0.067000,-16.208669,1.000540
126000,0.068000,-16.194157,1.000536
126000,0.069000,-16.180089,1.000533
126000,0.070000,-16.166465,1.000529
126000,0.071000,-16.153286,1.000525
126000,0.072000,-16.140552,1.000522
126000,0.073000,-16.128264,1.000518
126000,0.074000,-16.116421,1.000515
126000,0.075000,-16.105025,1.000512
126000,0.076000,-16.094076,1.000509
126000,0.077000,-16.083573,1.000506
126000,0.078000,-16.073518,1.000503
126000,0.079000,-16.063911,1.000501
126000,0.080000,-16.054751,1.000498
126000,0.081000,-16.046038,1.000496
126000,0.082000,-16.037774,1.000493
126000,0.083000,-16.029959,1.000491
126000,0.084000,-16.022592,1.000489
126000,0.085000,-16.015673,1.000487
126000,0.086000,-16.009203,1.000485
126000,0.087000,-16.003182,1.000484
126000,0.088000,-15.997610,1.000482
126000,0.089000,-15.992487,1.000481
126000,0.090000,-15.987813,1.000479
126000,0.091000,-15.983588,1.000478
126000,0.092000,-15.979813,1.000477
126000,0.093000,-15.976487,1.000476
126000,0.094000,-15.973610,1.000475
126000,0.095000,-15.971183,1.000475
126000,0.096000,-15.969205,1.000474
126000,0.097000,-15.967677,1.000474
126000,0.098000,-15.966598,1.000473
126000,0.099000,-15.965969,1.000473
128000,0.000000,-18.000000,1.000969
128000,0.001000,-17.981069,1.000962
128000,0.002000,-17.962189,1.000958
128000,0.003000,-17.943359,1.000955
128000,0.004000,-17.924582,1.000952
128000,0.005000,-17.904958,1.000951
128000,0.006000,-17.868101,1.000945
128000,0.007000,-17.831447,1.000939
128000,0.008000,-17.795005,1.000933
128000,0.009000,-17.758784,1.000927
128000,0.010000,-17.722795,1.000921
128000,0.011000,-17.687045,1.000915
128000,0.012000,-17.651543,1.000909
128000,0.013000,-17.616297,1.000903
128000,0.014000,-17.581316,1.000896
128000,0.015000,-17.546607,1.000890
128000,0.016000,-17.512178,1.000884
128000,0.017000,-17.478035,1.000877
128000,0.018000,-17.444186,1.000871
128000,0.019000,-17.410638,1.000865
128000,0.020000,-17.377396,1.000858
128000,0.021000,-17.344468,1.000852
128000,0.022000,-17.311859,1.000846
128000,0.023000,-17.279575,1.000839
128000,0.024000,-17.247621,1.000833
128000,0.025000,-17.216004,1.000827
128000,0.026000,-17.184728,1.000820
128000,0.027000,-17.153798,1.000814
128000,0.028000,-17.123219,1.000808
128000,0.029000,-17.092995,1.000801
128000,0.030000,-17.063132,1.000795
128000,0.031000,-17.033632,1.000789
128000,0.032000,-17.004501,1.000783
128000,0.033000,-16.975742,1.000777
128000,0.034000,-16.947359,1.000770
128000,0.035000,-16.919355,1.000764
128000,0.036000,-16.891734,1.000758
128000,0.037000,-16.864499,1.000752
128000,0.038000,-16.837653,1.000746
128000,0.039000,-16.811199,1.000740
128000,0.040000,-16.785140,1.000734
128000,0.041000,-16.759479,1.000729
128000,0.042000,-16.734219,1.000723
128000,0.043000,-16.709361,1.000717
128000,0.044000,-16.684908,1.000711
128000,0.045000,-16.660862,1.000706
128000,0.046000,-16.637226,1.000700
128000,0.047000,-16.614002,1.000695
128000,0.048000,-16.591191,1.000689
128000,0.049000,-16.568795,1.000684
128000,0.050000,-16.546816,1.000679
128000,0.051000,-16.525255,1.000673
128000,0.052000,-16.504115,1.000668
128000,0.053000,-16.483397,1.000663
128000,0.054000,-16.463101,1.000658
128000,0.055000,-16.443230,1.000653
128000,0.056000,-16.423784,1.000648
128000,0.057000,-16.404765,1.000644
128000,0.058000,-16.386174,1.000639
128000,0.059000,-16.368012,1.000634
128000,0.060000,-16.350280,1.000630
128000,0.061000,-16.332978,1.000625
128000,0.062000,-16.316108,1.000621
128000,0.063000,-16.299670,1.000617
128000,0.064000,-16.283666,1.000613
128000,0.065000,-16.268096,1.000608
128000,0.066000,-16.252960,1.000605
128000,0.067000,-16.238259,1.000601
128000,0.068000,-16.223994,1.000597
128000,0.069000,-16.210165,1.000593
128000,0.070000,-16.196773,1.000590
128000,0.071000,-16.183819,1.000586
128000,0.072000,-16.171302,1.000583
128000,0.073000,-16.159223,1.000580
128000,0.074000,-16.147582,1.000577
128000,0.075000,-16.136380,1.000573
128000,0.076000,-16.125618,1.000571
128000,0.077000,-16.115294,1.000568
128000,0.078000,-16.105411,1.000565
128000,0.079000,-16.095967,1.000563
128000,0.080000,-16.086963,1.000560
128000,0.081000,-16.078400,1.000558
128000,0.082000,-16.070277,1.000555
128000,0.083000,-16.062595,1.000553
128000,0.084000,-16.055353,1.000551
128000,0.085000,-16.048553,1.000549
128000,0.086000,-16.042194,1.000548
128000,0.087000,-16.036276,1.000546
128000,0.088000,-16.030799,1.000545
128000,0.089000,-16.025763,1.000543
128000,0.090000,-16.021169,1.000542
128000,0.091000,-16.017017,1.000541
128000,0.092000,-16.013306,1.000540
128000,0.093000,-16.010037,1.000539
128000,0.094000,-16.007209,1.000538
128000,0.095000,-16.004823,1.000537
128000,0.096000,-16.002879,1.000537
128000,0.097000,-16.001377,1.000536
128000,0.098000,-16.000317,1.000536
128000,0.099000,-15.999698,1.000536
130000,0.000000,-18.000000,1.001016
130000,0.001000,-17.981358,1.001009
130000,0.002000,-17.962767,1.001006
130000,0.003000,-17.944225,1.001003
130000,0.004000,-17.925736,1.001000
130000,0.005000,-17.906413,1.000999
130000,0.006000,-17.870122,1.000993
130000,0.007000,-17.834033,1.000987
130000,0.008000,-17.798153,1.000981
130000,0.009000,-17.762494,1.000975
130000,0.010000,-17.727062,1.000970
130000,0.011000,-17.691868,1.000964
130000,0.012000,-17.656919,1.000958
130000,0.013000,-17.622224,1.000951
130000,0.014000,-17.587789,1.000945
130000,0.015000,-17.553624,1.000939
130000,0.016000,-17.519734,1.000933
130000,0.017000,-17.486128,1.000927
130000,0.018000,-17.452812,1.000921
130000,0.019000,-17.419793,1.000915
130000,0.020000,-17.387076,1.000909
130000,0.021000,-17.354669,1.000902
130000,0.022000,-17.322576,1.000896
130000,0.023000,-17.290804,1.000890
130000,0.024000,-17.259358,1.000884
130000,0.025000,-17.228244,1.000878
130000,0.026000,-17.197466,1.000872
130000,0.027000,-17.167029,1.000866
130000,0.028000,-17.136938,1.000859
130000,0.029000,-17.107198,1.000853
130000,0.030000,-17.077813,1.000847
130000,0.031000,-17.048786,1.000841
130000,0.032000,-17.020122,1.000835
130000,0.033000,-16.991825,1.000829
130000,0.034000,-16.963898,1.000823
130000,0.035000,-16.936345,1.000817
130000,0.036000,-16.909169,1.000812
130000,0.037000,-16.882373,1.000806
130000,0.038000,-16.855960,1.000800
130000,0.039000,-16.829934,1.000794
130000,0.040000,-16.804297,1.000788
130000,0.041000,-16.779051,1.000783
130000,0.042000,-16.754199,1.000777
130000,0.043000,-16.729744,1.000772
130000,0.044000,-16.705688,1.000766
130000,0.045000,-16.682033,1.000761
130000,0.046000,-16.658781,1.000755
130000,0.047000,-16.635934,1.000750
130000,0.048000,-16.613494,1.000745
130000,0.049000,-16.591463,1.000739
130000,0.050000,-16.569842,1.000734
130000,0.051000,-16.548633,1.000729
130000,0.052000,-16.527838,1.000724
130000,0.053000,-16.507458,1.000719
130000,0.054000,-16.487493,1.000714
130000,0.055000,-16.467947,1.000710
130000,0.056000,-16.448819,1.000705
130000,0.057000,-16.430111,1.000700
130000,0.058000,-16.411825,1.000696
130000,0.059000,-16.393960,1.000691
130000,0.060000,-16.376518,1.000687
130000,0.061000,-16.359500,1.000683
130000,0.062000,-16.342906,1.000679
130000,0.063000,-16.326739,1.000674
130000,0.064000,-16.310997,1.000670
130000,0.065000,-16.295682,1.000666
130000,0.066000,-16.280795,1.000663
130000,0.067000,-16.266335,1.000659
130000,0.068000,-16.252305,1.000655
130000,0.069000,-16.238703,1.000652
130000,0.070000,-16.225532,1.000648
130000,0.071000,-16.212790,1.000645
130000,0.072000,-16.200479,1.000642
130000,0.073000,-16.188599,1.000639
130000,0.074000,-16.177150,1.000636
130000,0.075000,-16.166133,1.000633
130000,0.076000,-16.155547,1.000630
130000,0.077000,-16.145394,1.000627
130000,0.078000,-16.135673,1.000624
130000,0.079000,-16.126385,1.000622
130000,0.080000,-16.117530,1.000620
130000,0.081000,-16.109108,1.000617
130000,0.082000,-16.101119,1.000615
130000,0.083000,-16.093563,1.000613
130000,0.084000,-16.086442,1.000611
130000,0.085000,-16.079753,1.000609
130000,0.086000,-16.073499,1.000608
130000,0.087000,-16.067678,1.000606
130000,0.088000,-16.062292,1.000605
130000,0.089000,-16.057340,1.000603
130000,0.090000,-16.052821,1.000602
130000,0.091000,-16.048738,1.000601
130000,0.092000,-16.045088,1.000600
130000,0.093000,-16.041873,1.000599
130000,0.094000,-16.039092,1.000598
130000,0.095000,-16.036745,1.000597
130000,0.096000,-16.034834,1.000597
130000,0.097000,-16.033356,1.000597
130000,0.098000,-16.032313,1.000596
130000,0.099000,-16.031705,1.000596
132000,0.000000,-18.000000,1.001061
132000,0.001000,-17.981633,1.001054
132000,0.002000,-17.963315,1.001051
132000,0.003000,-17.945047,1.001048
132000,0.004000,-17.926830,1.001045
132000,0.005000,-17.907792,1.001045
132000,0.006000,-17.872039,1.001039
132000,0.007000,-17.836485,1.001033
132000,0.008000,-17.801140,1.001028
132000,0.009000,-17.766013,1.001022
132000,0.010000,-17.731111,1.001016
132000,0.011000,-17.696444,1.001010
132000,0.012000,-17.662020,1.001004
132000,0.013000,-17.627846,1.000999
132000,0.014000,-17.593931,1.000993
132000,0.015000,-17.560281,1.000987
132000,0.016000,-17.526904,1.000981
132000,0.017000,-17.493807,1.000975
132000,0.018000,-17.460997,1.000969
132000,0.019000,-17.428480,1.000963
132000,0.020000,-17.396261,1.000957
132000,0.021000,-17.364348,1.000951
132000,0.022000,-17.332746,1.000945
132000,0.023000,-17.301461,1.000939
132000,0.024000,-17.270497,1.000933
132000,0.025000,-17.239860,1.000927
132000,0.026000,-17.209555,1.000921
132000,0.027000,-17.179587,1.000915
132000,0.028000,-17.149960,1.000909
132000,0.029000,-17.120678,1.000903
132000,0.030000,-17.091747,1.000898
132000,0.031000,-17.063169,1.000892
132000,0.032000,-17.034949,1.000886
132000,0.033000,-17.007090,1.000880
132000,0.034000,-16.979597,1.000874
132000,0.035000,-16.952472,1.000869
132000,0.036000,-16.925718,1.000863
132000,0.037000,-16.899340,1.000857
132000,0.038000,-16.873339,1.000852
132000,0.039000,-16.847718,1.000846
132000,0.040000,-16.822481,1.000840
132000,0.041000,-16.797630,1.000835
132000,0.042000,-16.773167,1.000829
132000,0.043000,-16.749095,1.000824
132000,0.044000,-16.725416,1.000819
132000,0.045000,-16.702131,1.000813
132000,0.046000,-16.679244,1.000808
132000,0.047000,-16.656756,1.000803
132000,0.048000,-16.634668,1.000798
132000,0.049000,-16.612984,1.000793
132000,0.050000,-16.591703,1.000788
132000,0.051000,-16.570828,1.000783
132000,0.052000,-16.550360,1.000778
132000,0.053000,-16.530301,1.000773
132000,0.054000,-16.510652,1.000769
132000,0.055000,-16.491414,1.000764
132000,0.056000,-16.472588,1.000760
132000,0.057000,-16.454176,1.000755
132000,0.058000,-16.436178,1.000751
132000,0.059000,-16.418596,1.000746
132000,0.060000,-16.401430,1.000742
132000,0.061000,-16.384681,1.000738
132000,0.062000,-16.368351,1.000734
132000,0.063000,-16.352439,1.000730
132000,0.064000,-16.336947,1.000726
132000,0.065000,-16.321875,1.000722
132000,0.066000,-16.307224,1.000719
132000,0.067000,-16.292994,1.000715
132000,0.068000,-16.279186,1.000711
132000,0.069000,-16.265801,1.000708
132000,0.070000,-16.252838,1.000705
132000,0.071000,-16.240299,1.000701
132000,0.072000,-16.228184,1.000698
132000,0.073000,-16.216492,1.000695
132000,0.074000,-16.205225,1.000692
132000,0.075000,-16.194383,1.000689
132000,0.076000,-16.183966,1.000687
132000,0.077000,-16.173975,1.000684
132000,0.078000,-16.164409,1.000682
132000,0.079000,-16.155269,1.000679
132000,0.080000,-16.146554,1.000677
132000,0.081000,-16.138266,1.000675
132000,0.082000,-16.130405,1.000673
132000,0.083000,-16.122970,1.000671
132000,0.084000,-16.115961,1.000669
132000,0.085000,-16.109380,1.000667
132000,0.086000,-16.103225,1.000665
132000,0.087000,-16.097497,1.000664
132000,0.088000,-16.092197,1.000662
132000,0.089000,-16.087323,1.000661
132000,0.090000,-16.082877,1.000660
132000,0.091000,-16.078858,1.000659
132000,0.092000,-16.075267,1.000658
132000,0.093000,-16.072103,1.000657
132000,0.094000,-16.069366,1.000656
132000,0.095000,-16.067058,1.000655
132000,0.096000,-16.065176,1.000655
132000,0.097000,-16.063722,1.000655
132000,0.098000,-16.062696,1.000654
132000,0.099000,-16.062097,1.000654
134000,0.000000,-18.000000,1.001105
134000,0.001000,-17.981893,1.001098
134000,0.002000,-17.963835,1.001095
134000,0.003000,-17.945826,1.001092
134000,0.004000,-17.927869,1.001089
134000,0.005000,-17.909101,1.001089
134000,0.006000,-17.873858,1.001083
134000,0.007000,-17.838813,1.001078
134000,0.008000,-17.803975,1.001072
134000,0.009000,-17.769352,1.001066
134000,0.010000,-17.734953,1.001061
134000,0.011000,-17.700787,1.001055
134000,0.012000,-17.666861,1.001050
134000,0.013000,-17.633183,1.001044
134000,0.014000,-17.599760,1.001038
134000,0.015000,-17.566601,1.001032
134000,0.016000,-17.533711,1.001027
134000,0.017000,-17.501098,1.001021
134000,0.018000,-17.468768,1.001015
134000,0.019000,-17.436728,1.001009
134000,0.020000,-17.404983,1.001003
134000,0.021000,-17.373539,1.000998
134000,0.022000,-17.342403,1.000992
134000,0.023000,-17.311579,1.000986
134000,0.024000,-17.281073,1.000980
134000,0.025000,-17.250890,1.000974
134000,0.026000,-17.221035,1.000969
134000,0.027000,-17.191512,1.000963
134000,0.028000,-17.162325,1.000957
134000,0.029000,-17.133480,1.000951
134000,0.030000,-17.104980,1.000946
134000,0.031000,-17.076828,1.000940
134000,0.032000,-17.049030,1.000934
134000,0.033000,-17.021589,1.000929
134000,0.034000,-16.994507,1.000923
134000,0.035000,-16.967789,1.000918
134000,0.036000,-16.941437,1.000912
134000,0.037000,-16.915455,1.000907
134000,0.038000,-16.889845,1.000901
134000,0.039000,-16.864611,1.000896
134000,0.040000,-16.839754,1.000890
134000,0.041000,-16.815278,1.000885
134000,0.042000,-16.791184,1.000880
134000,0.043000,-16.767476,1.000875
134000,0.044000,-16.744155,1.000869
134000,0.045000,-16.721223,1.000864
134000,0.046000,-16.698683,1.000859
134000,0.047000,-16.676536,1.000854
134000,0.048000,-16.654783,1.000849
134000,0.049000,-16.633428,1.000844
134000,0.050000,-16.612471,1.000840
134000,0.051000,-16.591913,1.000835
134000,0.052000,-16.571757,1.000830
134000,0.053000,-16.552003,1.000826
134000,0.054000,-16.532653,1.000821
134000,0.055000,-16.513708,1.000816
134000,0.056000,-16.495170,1.000812
134000,0.057000,-16.477039,1.000808
134000,0.058000,-16.459316,1.000803
134000,0.059000,-16.442002,1.000799
134000,0.060000,-16.425098,1.000795
134000,0.061000,-16.408606,1.000791
134000,0.062000,-16.392525,1.000787
134000,0.063000,-16.376857,1.000783
134000,0.064000,-16.361602,1.000780
134000,0.065000,-16.346761,1.000776
134000,0.066000,-16.332334,1.000772
134000,0.067000,-16.318322,1.000769
134000,0.068000,-16.304726,1.000765
134000,0.069000,-16.291546,1.000762
134000,0.070000,-16.278782,1.000759
134000,0.071000,-16.266436,1.000756
134000,0.072000,-16.254506,1.000753
134000,0.073000,-16.242995,1.000750
134000,0.074000,-16.231901,1.000747
134000,0.075000,-16.221226,1.000744
134000,0.076000,-16.210969,1.000742
134000,0.077000,-16.201131,1.000739
134000,0.078000,-16.191712,1.000737
134000,0.079000,-16.182712,1.000734
134000,0.080000,-16.174132,1.000732
134000,0.081000,-16.165972,1.000730
134000,0.082000,-16.158231,1.000728
134000,0.083000,-16.150910,1.000726
134000,0.084000,-16.144010,1.000724
134000,0.085000,-16.137529,1.000722
134000,0.086000,-16.131470,1.000721
134000,0.087000,-16.125830,1.000719
134000,0.088000,-16.120611,1.000718
134000,0.089000,-16.115813,1.000717
134000,0.090000,-16.111435,1.000715
134000,0.091000,-16.107478,1.000714
134000,0.092000,-16.103942,1.000713
134000,0.093000,-16.100827,1.000713
134000,0.094000,-16.098133,1.000712
134000,0.095000,-16.095859,1.000711
134000,0.096000,-16.094007,1.000711
134000,0.097000,-16.092576,1.000710
134000,0.098000,-16.091565,1.000710
134000,0.099000,-16.090976,1.000710
136000,0.000000,-18.000000,1.001146
136000,0.001000,-17.982140,1.001140
136000,0.002000,-17.964329,1.001137
136000,0.003000,-17.946566,1.001135
136000,0.004000,-17.928854,1.001132
136000,0.005000,-17.910343,1.001131
136000,0.006000,-17.875585,1.001126
136000,0.007000,-17.841024,1.001120
136000,0.008000,-17.806667,1.001115
136000,0.009000,-17.772524,1.001109
136000,0.010000,-17.738603,1.001104
136000,0.011000,-17.704912,1.001098
136000,0.012000,-17.671459,1.001093
136000,0.013000,-17.638252,1.001087
136000,0.014000,-17.605298,1.001082
136000,0.015000,-17.572604,1.001076
136000,0.016000,-17.540177,1.001071
136000,0.017000,-17.508023,1.001065
136000,0.018000,-17.476150,1.001059
136000,0.019000,-17.444563,1.001054
136000,0.020000,-17.413268,1.001048
136000,0.021000,-17.382271,1.001043
136000,0.022000,-17.351578,1.001037
136000,0.023000,-17.321193,1.001031
136000,0.024000,-17.291123,1.001026
136000,0.025000,-17.261371,1.001020
136000,0.026000,-17.231943,1.001014
136000,0.027000,-17.202843,1.001009
136000,0.028000,-17.174075,1.001003
136000,0.029000,-17.145644,1.000998
136000,0.030000,-17.117555,1.000992
136000,0.031000,-17.089809,1.000987
136000,0.032000,-17.062412,1.000981
136000,0.033000,-17.035367,1.000976
136000,0.034000,-17.008677,1.000970
136000,0.035000,-16.982346,1.000965
136000,0.036000,-16.956376,1.000960
136000,0.037000,-16.930771,1.000954
136000,0.038000,-16.905533,1.000949
136000,0.039000,-16.880666,1.000944
136000,0.040000,-16.856171,1.000939
136000,0.041000,-16.832052,1.000933
136000,0.042000,-16.808309,1.000928
136000,0.043000,-16.784947,1.000923
136000,0.044000,-16.761967,1.000918
136000,0.045000,-16.739370,1.000913
136000,0.046000,-16.717160,1.000908
136000,0.047000,-16.695337,1.000904
136000,0.048000,-16.673904,1.000899
136000,0.049000,-16.652861,1.000894
136000,0.050000,-16.632212,1.000889
136000,0.051000,-16.611956,1.000885
136000,0.052000,-16.592096,1.000880
136000,0.053000,-16.572633,1.000876
136000,0.054000,-16.553568,1.000871
136000,0.055000,-16.534902,1.000867
136000,0.056000,-16.516637,1.000863
136000,0.057000,-16.498773,1.000858
136000,0.058000,-16.481311,1.000854
136000,0.059000,-16.464253,1.000850
136000,0.060000,-16.447599,1.000846
136000,0.061000,-16.431350,1.000842
136000,0.062000,-16.415507,1.000839
136000,0.063000,-16.400070,1.000835
136000,0.064000,-16.385041,1.000831
136000,0.065000,-16.370419,1.000828
136000,0.066000,-16.356206,1.000824
136000,0.067000,-16.342402,1.000821
136000,0.068000,-16.329008,1.000817
136000,0.069000,-16.316023,1.000814
136000,0.070000,-16.303448,1.000811
136000,0.071000,-16.291285,1.000808
136000,0.072000,-16.279532,1.000805
136000,0.073000,-16.268192,1.000802
136000,0.074000,-16.257263,1.000800
136000,0.075000,-16.246746,1.000797
136000,0.076000,-16.236641,1.000794
136000,0.077000,-16.226949,1.000792
136000,0.078000,-16.217670,1.000790
136000,0.079000,-16.208804,1.000787
136000,0.080000,-16.200352,1.000785
136000,0.081000,-16.192313,1.000783
136000,0.082000,-16.184687,1.000781
136000,0.083000,-16.177475,1.000779
136000,0.084000,-16.170678,1.000777
136000,0.085000,-16.164294,1.000776
136000,0.086000,-16.158324,1.000774
136000,0.087000,-16.152768,1.000773
136000,0.088000,-16.147627,1.000771
136000,0.089000,-16.142900,1.000770
136000,0.090000,-16.138588,1.000769
136000,0.091000,-16.134690,1.000768
136000,0.092000,-16.131207,1.000767
136000,0.093000,-16.128138,1.000766
136000,0.094000,-16.125484,1.000766
136000,0.095000,-16.123244,1.000765
136000,0.096000,-16.121419,1.000765
136000,0.097000,-16.120009,1.000764
136000,0.098000,-16.119014,1.000764
136000,0.099000,-16.118433,1.000764
138000,0.000000,-18.000000,1.001187
138000,0.001000,-17.982374,1.001180
138000,0.002000,-17.964797,1.001178
138000,0.003000,-17.947269,1.001175
138000,0.004000,-17.929791,1.001172
138000,0.005000,-17.911524,1.001172
138000,0.006000,-17.877226,1.001166
138000,0.007000,-17.843123,1.001161
138000,0.008000,-17.809224,1.001156
138000,0.009000,-17.775537,1.001151
138000,0.010000,-17.742070,1.001145
138000,0.011000,-17.708831,1.001140
138000,0.012000,-17.675828,1.001135
138000,0.013000,-17.643069,1.001129
138000,0.014000,-17.610560,1.001124
138000,0.015000,-17.578309,1.001118
138000,0.016000,-17.546322,1.001113
138000,0.017000,-17.514605,1.001108
138000,0.018000,-17.483166,1.001102
138000,0.019000,-17.452011,1.001097
138000,0.020000,-17.421144,1.001091
138000,0.021000,-17.390572,1.001086
138000,0.022000,-17.360299,1.001080
138000,0.023000,-17.330333,1.001075
138000,0.024000,-17.300676,1.001069
138000,0.025000,-17.271335,1.001064
138000,0.026000,-17.242313,1.001058
138000,0.027000,-17.213616,1.001053
138000,0.028000,-17.185247,1.001048
138000,0.029000,-17.157211,1.001042
138000,0.030000,-17.129511,1.001037
138000,0.031000,-17.102152,1.001032
138000,0.032000,-17.075137,1.001026
138000,0.033000,-17.048469,1.001021
138000,0.034000,-17.022152,1.001016
138000,0.035000,-16.996189,1.001010
138000,0.036000,-16.970582,1.001005
138000,0.037000,-16.945336,1.001000
138000,0.038000,-16.920453,1.000995
138000,0.039000,-16.895934,1.000990
138000,0.040000,-16.871784,1.000985
138000,0.041000,-16.848004,1.000980
138000,0.042000,-16.824596,1.000975
138000,0.043000,-16.801563,1.000970
138000,0.044000,-16.778907,1.000965
138000,0.045000,-16.756630,1.000960
138000,0.046000,-16.734734,1.000956
138000,0.047000,-16.713219,1.000951
138000,0.048000,-16.692090,1.000946
138000,0.049000,-16.671345,1.000942
138000,0.050000,-16.650988,1.000937
138000,0.051000,-16.631020,1.000933
138000,0.052000,-16.611442,1.000928
138000,0.053000,-16.592256,1.000924
138000,0.054000,-16.573462,1.000920
138000,0.055000,-16.555061,1.000915
138000,0.056000,-16.537056,1.000911
138000,0.057000,-16.519447,1.000907
138000,0.058000,-16.502234,1.000903
138000,0.059000,-16.485419,1.000899
138000,0.060000,-16.469003,1.000895
138000,0.061000,-16.452986,1.000892
138000,0.062000,-16.437369,1.000888
138000,0.063000,-16.422153,1.000884
138000,0.064000,-16.407338,1.000881
138000,0.065000,-16.392926,1.000877
138000,0.066000,-16.378916,1.000874
138000,0.067000,-16.365309,1.000871
138000,0.068000,-16.352106,1.000868
138000,0.069000,-16.339308,1.000864
138000,0.070000,-16.326913,1.000861
138000,0.071000,-16.314924,1.000858
138000,0.072000,-16.303340,1.000856
138000,0.073000,-16.292162,1.000853
138000,0.074000,-16.281390,1.000850
138000,0.075000,-16.271024,1.000848
138000,0.076000,-16.261064,1.000845
138000,0.077000,-16.251511,1.000843
138000,0.078000,-16.242366,1.000840
138000,0.079000,-16.233627,1.000838
138000,0.080000,-16.225296,1.000836
138000,0.081000,-16.217372,1.000834
138000,0.082000,-16.209856,1.000832
138000,0.083000,-16.202748,1.000830
138000,0.084000,-16.196048,1.000829
138000,0.085000,-16.189756,1.000827
138000,0.086000,-16.183872,1.000826
138000,0.087000,-16.178397,1.000824
138000,0.088000,-16.173329,1.000823
138000,0.089000,-16.168670,1.000822
138000,0.090000,-16.164420,1.000821
138000,0.091000,-16.160578,1.000820
138000,0.092000,-16.157145,1.000819
138000,0.093000,-16.154120,1.000818
138000,0.094000,-16.151504,1.000817
138000,0.095000,-16.149297,1.000817
138000,0.096000,-16.147498,1.000816
138000,0.097000,-16.146109,1.000816
138000,0.098000,-16.145128,1.000816
138000,0.099000,-16.144555,1.000816
140000,0.000000,-18.000000,1.001225
140000,0.001000,-17.982597,1.001219
140000,0.002000,-17.965243,1.001217
140000,0.003000,-17.947937,1.001214
140000,0.004000,-17.930681,1.001212
140000,0.005000,-17.912646,1.001211
140000,0.006000,-17.878786,1.001206
140000,0.007000,-17.845119,1.001201
140000,0.008000,-17.811655,1.001195
140000,0.009000,-17.778401,1.001190
140000,0.010000,-17.745366,1.001185
140000,0.011000,-17.712557,1.001180
140000,0.012000,-17.679982,1.001175
140000,0.013000,-17.647649,1.001170
140000,0.014000,-17.615563,1.001164
140000,0.015000,-17.583733,1.001159
140000,0.016000,-17.552165,1.001154
140000,0.017000,-17.520865,1.001149
140000,0.018000,-17.489839,1.001143
140000,0.019000,-17.459094,1.001138
140000,0.020000,-17.428634,1.001133
140000,0.021000,-17.398466,1.001127
140000,0.022000,-17.368595,1.001122
140000,0.023000,-17.339026,1.001117
140000,0.024000,-17.309763,1.001111
140000,0.025000,-17.280813,1.001106
140000,0.026000,-17.252178,1.001101
140000,0.027000,-17.223864,1.001096
140000,0.028000,-17.195875,1.001090
140000,0.029000,-17.168214,1.001085
140000,0.030000,-17.140886,1.001080
140000,0.031000,-17.113895,1.001075
140000,0.032000,-17.087243,1.001070
140000,0.033000,-17.060934,1.001064
140000,0.034000,-17.034972,1.001059
140000,0.035000,-17.009359,1.001054
140000,0.036000,-16.984100,1.001049
140000,0.037000,-16.959195,1.001044
140000,0.038000,-16.934649,1.001039
140000,0.039000,-16.910463,1.001034
140000,0.040000,-16.886641,1.001029
140000,0.041000,-16.863184,1.001025
140000,0.042000,-16.840095,1.001020
140000,0.043000,-16.817376,1.001015
140000,0.044000,-16.795028,1.001010
140000,0.045000,-16.773055,1.001006
140000,0.046000,-16.751458,1.001001
140000,0.047000,-16.730238,1.000997
140000,0.048000,-16.709397,1.000992
140000,0.049000,-16.688937,1.000988
140000,0.050000,-16.668859,1.000983
140000,0.051000,-16.649164,1.000979
140000,0.052000,-16.629855,1.000975
140000,0.053000,-16.610932,1.000970
140000,0.054000,-16.592396,1.000966
140000,0.055000,-16.574249,1.000962
140000,0.056000,-16.556491,1.000958
140000,0.057000,-16.539124,1.000954
140000,0.058000,-16.522148,1.000950
140000,0.059000,-16.505565,1.000947
140000,0.060000,-16.489375,1.000943
140000,0.061000,-16.473579,1.000939
140000,0.062000,-16.458177,1.000936
140000,0.063000,-16.443171,1.000932
140000,0.064000,-16.428561,1.000929
140000,0.065000,-16.414348,1.000925
140000,0.066000,-16.400532,1.000922
140000,0.067000,-16.387114,1.000919
140000,0.068000,-16.374093,1.000916
140000,0.069000,-16.361472,1.000913
140000,0.070000,-16.349249,1.000910
140000,0.071000,-16.337426,1.000907
140000,0.072000,-16.326002,1.000904
140000,0.073000,-16.314979,1.000902
140000,0.074000,-16.304356,1.000899
140000,0.075000,-16.294134,1.000896
140000,0.076000,-16.284313,1.000894
140000,0.077000,-16.274892,1.000892
140000,0.078000,-16.265874,1.000890
140000,0.079000,-16.257256,1.000887
140000,0.080000,-16.249041,1.000885
140000,0.081000,-16.241227,1.000883
140000,0.082000,-16.233816,1.000882
140000,0.083000,-16.226806,1.000880
140000,0.084000,-16.220199,1.000878
140000,0.085000,-16.213995,1.000877
140000,0.086000,-16.208192,1.000875
140000,0.087000,-16.202793,1.000874
140000,0.088000,-16.197796,1.000873
140000,0.089000,-16.193202,1.000871
140000,0.090000,-16.189011,1.000870
140000,0.091000,-16.185222,1.000869
140000,0.092000,-16.181837,1.000869
140000,0.093000,-16.178854,1.000868
140000,0.094000,-16.176275,1.000867
140000,0.095000,-16.174098,1.000867
140000,0.096000,-16.172325,1.000866
140000,0.097000,-16.170954,1.000866
140000,0.098000,-16.169987,1.000866
140000,0.099000,-16.169422,1.000865
142000,0.000000,-18.000000,1.001263
142000,0.001000,-17.982809,1.001257
142000,0.002000,-17.965667,1.001254
142000,0.003000,-17.948572,1.001252
142000,0.004000,-17.931527,1.001249
142000,0.005000,-17.913712,1.001248
142000,0.006000,-17.880269,1.001243
142000,0.007000,-17.847017,1.001238
142000,0.008000,-17.813967,1.001234
142000,0.009000,-17.781126,1.001229
142000,0.010000,-17.748501,1.001224
142000,0.011000,-17.716102,1.001219
142000,0.012000,-17.683934,1.001213
142000,0.013000,-17.652006,1.001208
142000,0.014000,-17.620323,1.001203
142000,0.015000,-17.588894,1.001198
142000,0.016000,-17.557725,1.001193
142000,0.017000,-17.526820,1.001188
142000,0.018000,-17.496188,1.001183
142000,0.019000,-17.465833,1.001178
142000,0.020000,-17.435762,1.001172
142000,0.021000,-17.405979,1.001167
142000,0.022000,-17.376489,1.001162
142000,0.023000,-17.347299,1.001157
142000,0.024000,-17.318412,1.001152
142000,0.025000,-17.289833,1.001147
142000,0.026000,-17.261567,1.001142
142000,0.027000,-17.233618,1.001137
142000,0.028000,-17.205991,1.001131
142000,0.029000,-17.178688,1.001126
142000,0.030000,-17.151714,1.001121
142000,0.031000,-17.125072,1.001116
142000,0.032000,-17.098767,1.001111
142000,0.033000,-17.072801,1.001106
142000,0.034000,-17.047177,1.001101
142000,0.035000,-17.021898,1.001096
142000,0.036000,-16.996968,1.001092
142000,0.037000,-16.972389,1.001087
142000,0.038000,-16.948164,1.001082
142000,0.039000,-16.924296,1.001077
142000,0.040000,-16.900786,1.001072
142000,0.041000,-16.877637,1.001068
142000,0.042000,-16.854851,1.001063
142000,0.043000,-16.832431,1.001058
142000,0.044000,-16.810378,1.001054
142000,0.045000,-16.788695,1.001049
142000,0.046000,-16.767382,1.001045
142000,0.047000,-16.746443,1.001040
142000,0.048000,-16.725877,1.001036
142000,0.049000,-16.705688,1.001032
142000,0.050000,-16.685875,1.001027
142000,0.051000,-16.666442,1.001023
142000,0.052000,-16.647389,1.001019
142000,0.053000,-16.628716,1.001015
142000,0.054000,-16.610427,1.001011
142000,0.055000,-16.592521,1.001007
142000,0.056000,-16.574999,1.001003
142000,0.057000,-16.557863,1.000999
142000,0.058000,-16.541113,1.000996
142000,0.059000,-16.524751,1.000992
142000,0.060000,-16.508776,1.000988
142000,0.061000,-16.493191,1.000985
142000,0.062000,-16.477995,1.000981
142000,0.063000,-16.463189,1.000978
142000,0.064000,-16.448774,1.000975
142000,0.065000,-16.434751,1.000971
142000,0.066000,-16.421119,1.000968
142000,0.067000,-16.407880,1.000965
142000,0.068000,-16.395034,1.000962
142000,0.069000,-16.382581,1.000959
142000,0.070000,-16.370522,1.000956
142000,0.071000,-16.358857,1.000954
142000,0.072000,-16.347587,1.000951
142000,0.073000,-16.336711,1.000948
142000,0.074000,-16.326231,1.000946
142000,0.075000,-16.316145,1.000943
142000,0.076000,-16.306456,1.000941
142000,0.077000,-16.297162,1.000939
142000,0.078000,-16.288264,1.000937
142000,0.079000,-16.279762,1.000935
142000,0.080000,-16.271657,1.000933
142000,0.081000,-16.263948,1.000931
142000,0.082000,-16.256636,1.000929
142000,0.083000,-16.249721,1.000927
142000,0.084000,-16.243203,1.000926
142000,0.085000,-16.237082,1.000924
142000,0.086000,-16.231357,1.000923
142000,0.087000,-16.226030,1.000922
142000,0.088000,-16.221101,1.000920
142000,0.089000,-16.216568,1.000919
142000,0.090000,-16.212434,1.000918
142000,0.091000,-16.208696,1.000917
142000,0.092000,-16.205356,1.000916
142000,0.093000,-16.202414,1.000916
142000,0.094000,-16.199869,1.000915
142000,0.095000,-16.197721,1.000915
142000,0.096000,-16.195972,1.000914
142000,0.097000,-16.194620,1.000914
142000,0.098000,-16.193665,1.000914
142000,0.099000,-16.193109,1.000913
144000,0.000000,-18.000000,1.001298
144000,0.001000,-17.983011,1.001293
144000,0.002000,-17.966069,1.001290
144000,0.003000,-17.949176,1.001288
144000,0.004000,-17.932332,1.001285
144000,0.005000,-17.914727,1.001285
144000,0.006000,-17.881679,1.001280
144000,0.007000,-17.848823,1.001275
144000,0.008000,-17.816167,1.001270
144000,0.009000,-17.783718,1.001265
144000,0.010000,-17.751485,1.001260
144000,0.011000,-17.719474,1.001256
144000,0.012000,-17.687695,1.001251
144000,0.013000,-17.656152,1.001246
144000,0.014000,-17.624854,1.001241
144000,0.015000,-17.593807,1.001236
144000,0.016000,-17.563017,1.001231
144000,0.017000,-17.532490,1.001226
144000,0.018000,-17.502232,1.001221
144000,0.019000,-17.472250,1.001216
144000,0.020000,-17.442547,1.001211
144000,0.021000,-17.413131,1.001206
144000,0.022000,-17.384006,1.001201
144000,0.023000,-17.355176,1.001196
144000,0.024000,-17.326647,1.001191
144000,0.025000,-17.298423,1.001186
144000,0.026000,-17.270508,1.001181
144000,0.027000,-17.242907,1.001176
144000,0.028000,-17.215624,1.001171
144000,0.029000,-17.188663,1.001166
144000,0.030000,-17.162026,1.001161
144000,0.031000,-17.135718,1.001156
144000,0.032000,-17.109743,1.001151
144000,0.033000,-17.084103,1.001147
144000,0.034000,-17.058801,1.001142
144000,0.035000,-17.033842,1.001137
144000,0.036000,-17.009226,1.001132
144000,0.037000,-16.984958,1.001128
144000,0.038000,-16.961039,1.001123
144000,0.039000,-16.937473,1.001118
144000,0.040000,-16.914261,1.001114
144000,0.041000,-16.891406,1.001109
144000,0.042000,-16.868909,1.001105
144000,0.043000,-16.846774,1.001100
144000,0.044000,-16.825002,1.001096
144000,0.045000,-16.803595,1.001091
144000,0.046000,-16.782554,1.001087
144000,0.047000,-16.761882,1.001083
144000,0.048000,-16.741579,1.001078
144000,0.049000,-16.721648,1.001074
144000,0.050000,-16.702089,1.001070
144000,0.051000,-16.682904,1.001066
144000,0.052000,-16.664095,1.001062
144000,0.053000,-16.645662,1.001058
144000,0.054000,-16.627607,1.001054
144000,0.055000,-16.609931,1.001050
144000,0.056000,-16.592634,1.001047
144000,0.057000,-16.575719,1.001043
144000,0.058000,-16.559184,1.001039
144000,0.059000,-16.543033,1.001036
144000,0.060000,-16.527264,1.001032
144000,0.061000,-16.511879,1.001029
144000,0.062000,-16.496879,1.001025
144000,0.063000,-16.482265,1.001022
144000,0.064000,-16.468036,1.001019
144000,0.065000,-16.454193,1.001016
144000,0.066000,-16.440738,1.001013
144000,0.067000,-16.427670,1.001010
144000,0.068000,-16.414990,1.001007
144000,0.069000,-16.402698,1.001004
144000,0.070000,-16.390795,1.001001
144000,0.071000,-16.379281,1.000999
144000,0.072000,-16.368157,1.000996
144000,0.073000,-16.357422,1.000994
144000,0.074000,-16.347077,1.000991
144000,0.075000,-16.337122,1.000989
144000,0.076000,-16.327558,1.000986
144000,0.077000,-16.318385,1.000984
144000,0.078000,-16.309603,1.000982
144000,0.079000,-16.301211,1.000980
144000,0.080000,-16.293211,1.000978
144000,0.081000,-16.285602,1.000977
144000,0.082000,-16.278385,1.000975
144000,0.083000,-16.271560,1.000973
144000,0.084000,-16.265126,1.000972
144000,0.085000,-16.259084,1.000970
144000,0.086000,-16.253435,1.000969
144000,0.087000,-16.248177,1.000968
144000,0.088000,-16.243311,1.000966
144000,0.089000,-16.238838,1.000965
144000,0.090000,-16.234757,1.000964
144000,0.091000,-16.231068,1.000963
144000,0.092000,-16.227771,1.000963
144000,0.093000,-16.224867,1.000962
144000,0.094000,-16.222355,1.000961
144000,0.095000,-16.220236,1.000961
144000,0.096000,-16.218509,1.000960
144000,0.097000,-16.217174,1.000960
144000,0.098000,-16.216232,1.000960
144000,0.099000,-16.215683,1.000960
146000,0.000000,-18.000000,1.001333
146000,0.001000,-17.983202,1.001327
146000,0.002000,-17.966453,1.001325
146000,0.003000,-17.949751,1.001323
146000,0.004000,-17.933098,1.001320
146000,0.005000,-17.915693,1.001319
146000,0.006000,-17.883022,1.001315
146000,0.007000,-17.850542,1.001310
146000,0.008000,-17.818260,1.001305
146000,0.009000,-17.786185,1.001301
146000,0.010000,-17.754325,1.001296
146000,0.011000,-17.722686,1.001291
146000,0.012000,-17.691275,1.001286
146000,0.013000,-17.660101,1.001282
146000,0.014000,-17.629168,1.001277
146000,0.015000,-17.598485,1.001272
146000,0.016000,-17.568056,1.001267
146000,0.017000,-17.537889,1.001262
146000,0.018000,-17.507989,1.001257
146000,0.019000,-17.478361,1.001253
146000,0.020000,-17.449011,1.001248
146000,0.021000,-17.419944,1.001243
146000,0.022000,-17.391166,1.001238
146000,0.023000,-17.362680,1.001233
146000,0.024000,-17.334492,1.001228
146000,0.025000,-17.306606,1.001223
146000,0.026000,-17.279027,1.001219
146000,0.027000,-17.251758,1.001214
146000,0.028000,-17.224803,1.001209
146000,0.029000,-17.198167,1.001204
146000,0.030000,-17.171852,1.001199
146000,0.031000,-17.145863,1.001195
146000,0.032000,-17.120202,1.001190
146000,0.033000,-17.094874,1.001185
146000,0.034000,-17.069880,1.001181
146000,0.035000,-17.045224,1.001176
146000,0.036000,-17.020908,1.001171
146000,0.037000,-16.996936,1.001167
146000,0.038000,-16.973310,1.001162
146000,0.039000,-16.950032,1.001158
146000,0.040000,-16.927104,1.001153
146000,0.041000,-16.904529,1.001149
146000,0.042000,-16.882309,1.001145
146000,0.043000,-16.860446,1.001140
146000,0.044000,-16.838942,1.001136
146000,0.045000,-16.817798,1.001132
146000,0.046000,-16.797017,1.001128
146000,0.047000,-16.776599,1.001123
146000,0.048000,-16.756547,1.001119
146000,0.049000,-16.736862,1.001115
146000,0.050000,-16.717545,1.001111
146000,0.051000,-16.698598,1.001107
146000,0.052000,-16.680022,1.001103
146000,0.053000,-16.661818,1.001100
146000,0.054000,-16.643986,1.001096
146000,0.055000,-16.626530,1.001092
146000,0.056000,-16.609448,1.001088
146000,0.057000,-16.592742,1.001085
146000,0.058000,-16.576414,1.001081
146000,0.059000,-16.560463,1.001078
146000,0.060000,-16.544891,1.001074
146000,0.061000,-16.529698,1.001071
146000,0.062000,-16.514885,1.001068
146000,0.063000,-16.500452,1.001065
146000,0.064000,-16.486401,1.001062
146000,0.065000,-16.472731,1.001059
146000,0.066000,-16.459444,1.001056
146000,0.067000,-16.446539,1.001053
146000,0.068000,-16.434018,1.001050
146000,0.069000,-16.421879,1.001047
146000,0.070000,-16.410125,1.001044
146000,0.071000,-16.398755,1.001042
146000,0.072000,-16.387770,1.001039
146000,0.073000,-16.377170,1.001037
146000,0.074000,-16.366955,1.001035
146000,0.075000,-16.357125,1.001032
146000,0.076000,-16.347680,1.001030
146000,0.077000,-16.338622,1.001028
146000,0.078000,-16.329950,1.001026
146000,0.079000,-16.321664,1.001024
146000,0.080000,-16.313764,1.001022
146000,0.081000,-16.306251,1.001020
146000,0.082000,-16.299124,1.001019
146000,0.083000,-16.292385,1.001017
146000,0.084000,-16.286032,1.001016
146000,0.085000,-16.280066,1.001014
146000,0.086000,-16.274487,1.001013
146000,0.087000,-16.269295,1.001012
146000,0.088000,-16.264491,1.001011
146000,0.089000,-16.260073,1.001010
146000,0.090000,-16.256043,1.001009
146000,0.091000,-16.252401,1.001008
146000,0.092000,-16.249146,1.001007
146000,0.093000,-16.246278,1.001006
146000,0.094000,-16.243798,1.001006
146000,0.095000,-16.241705,1.001005
146000,0.096000,-16.240000,1.001005
146000,0.097000,-16.238682,1.001004
146000,0.098000,-16.237752,1.001004
146000,0.099000,-16.237209,1.001004
148000,0.000000,-18.000000,1.001366
148000,0.001000,-17.983385,1.001361
148000,0.002000,-17.966818,1.001358
148000,0.003000,-17.950298,1.001356
148000,0.004000,-17.933827,1.001354
148000,0.005000,-17.916612,1.001353
148000,0.006000,-17.884300,1.001348
148000,0.007000,-17.852178,1.001344
148000,0.008000,-17.820254,1.001339
148000,0.009000,-17.788536,1.001335
148000,0.010000,-17.757030,1.001330
148000,0.011000,-17.725744,1.001325
148000,0.012000,-17.694686,1.001321
148000,0.013000,-17.663862,1.001316
148000,0.014000,-17.633278,1.001311
148000,0.015000,-17.602942,1.001307
148000,0.016000,-17.572858,1.001302
148000,0.017000,-17.543034,1.001297
148000,0.018000,-17.513474,1.001293
148000,0.019000,-17.484185,1.001288
148000,0.020000,-17.455171,1.001283
148000,0.021000,-17.426438,1.001278
148000,0.022000,-17.397990,1.001274
148000,0.023000,-17.369833,1.001269
148000,0.024000,-17.341970,1.001264
148000,0.025000,-17.314407,1.001260
148000,0.026000,-17.287147,1.001255
148000,0.027000,-17.260195,1.001250
148000,0.028000,-17.233554,1.001246
148000,0.029000,-17.207228,1.001241
148000,0.030000,-17.181220,1.001236
148000,0.031000,-17.155535,1.001232
148000,0.032000,-17.130175,1.001227
148000,0.033000,-17.105143,1.001223
148000,0.034000,-17.080443,1.001218
148000,0.035000,-17.056077,1.001214
148000,0.036000,-17.032048,1.001209
148000,0.037000,-17.008358,1.001205
148000,0.038000,-16.985011,1.001200
148000,0.039000,-16.962008,1.001196
148000,0.040000,-16.939352,1.001192
148000,0.041000,-16.917044,1.001187
148000,0.042000,-16.895088,1.001183
148000,0.043000,-16.873485,1.001179
148000,0.044000,-16.852236,1.001175
148000,0.045000,-16.831344,1.001171
148000,0.046000,-16.810810,1.001167
148000,0.047000,-16.790636,1.001162
148000,0.048000,-16.770823,1.001159
148000,0.049000,-16.751373,1.001155
148000,0.050000,-16.732287,1.001151
148000,0.051000,-16.713567,1.001147
148000,0.052000,-16.695213,1.001143
148000,0.053000,-16.677227,1.001139
148000,0.054000,-16.659610,1.001136
148000,0.055000,-16.642363,1.001132
148000,0.056000,-16.625486,1.001129
148000,0.057000,-16.608981,1.001125
148000,0.058000,-16.592849,1.001122
148000,0.059000,-16.577090,1.001118
148000,0.060000,-16.561705,1.001115
148000,0.061000,-16.546695,1.001112
148000,0.062000,-16.532061,1.001109
148000,0.063000,-16.517802,1.001106
148000,0.064000,-16.503921,1.001103
148000,0.065000,-16.490416,1.001100
148000,0.066000,-16.477289,1.001097
148000,0.067000,-16.464540,1.001094
148000,0.068000,-16.452170,1.001091
148000,0.069000,-16.440179,1.001089
148000,0.070000,-16.428567,1.001086
148000,0.071000,-16.417334,1.001083
148000,0.072000,-16.406482,1.001081
148000,0.073000,-16.396010,1.001079
148000,0.074000,-16.385919,1.001076
148000,0.075000,-16.376208,1.001074
148000,0.076000,-16.366878,1.001072
148000,0.077000,-16.357930,1.001070
148000,0.078000,-16.349362,1.001068
148000,0.079000,-16.341177,1.001066
148000,0.080000,-16.333373,1.001064
148000,0.081000,-16.325951,1.001063
148000,0.082000,-16.318911,1.001061
148000,0.083000,-16.312253,1.001060
148000,0.084000,-16.305977,1.001058
148000,0.085000,-16.300084,1.001057
148000,0.086000,-16.294573,1.001056
148000,0.087000,-16.289444,1.001054
148000,0.088000,-16.284698,1.001053
148000,0.089000,-16.280334,1.001052
148000,0.090000,-16.276353,1.001051
148000,0.091000,-16.272755,1.001050
148000,0.092000,-16.269540,1.001050
148000,0.093000,-16.266707,1.001049
148000,0.094000,-16.264257,1.001048
148000,0.095000,-16.262189,1.001048
148000,0.096000,-16.260505,1.001048
148000,0.097000,-16.259203,1.001047
148000,0.098000,-16.258284,1.001047
148000,0.099000,-16.257748,1.001047
150000,0.000000,-18.000000,1.001398
150000,0.001000,-17.983559,1.001393
150000,0.002000,-17.967165,1.001390
150000,0.003000,-17.950819,1.001388
150000,0.004000,-17.934522,1.001386
150000,0.005000,-17.917488,1.001385
150000,0.006000,-17.885518,1.001381
150000,0.007000,-17.853738,1.001376
150000,0.008000,-17.822154,1.001372
150000,0.009000,-17.790775,1.001367
150000,0.010000,-17.759607,1.001363
150000,0.011000,-17.728659,1.001358
150000,0.012000,-17.697936,1.001354
150000,0.013000,-17.667446,1.001349
150000,0.014000,-17.637195,1.001345
150000,0.015000,-17.607190,1.001340
150000,0.016000,-17.577435,1.001336
150000,0.017000,-17.547938,1.001331
150000,0.018000,-17.518703,1.001326
150000,0.019000,-17.489737,1.001322
150000,0.020000,-17.461044,1.001317
150000,0.021000,-17.432629,1.001313
150000,0.022000,-17.404497,1.001308
150000,0.023000,-17.376653,1.001304
150000,0.024000,-17.349101,1.001299
150000,0.025000,-17.321846,1.001294
150000,0.026000,-17.294891,1.001290
150000,0.027000,-17.268241,1.001285
150000,0.028000,-17.241899,1.001281
150000,0.029000,-17.215870,1.001276
150000,0.030000,-17.190156,1.001272
150000,0.031000,-17.164760,1.001267
150000,0.032000,-17.139687,1.001263
150000,0.033000,-17.114939,1.001259
150000,0.034000,-17.090519,1.001254
150000,0.035000,-17.066430,1.001250
150000,0.036000,-17.042675,1.001245
150000,0.037000,-17.019255,1.001241
150000,0.038000,-16.996174,1.001237
150000,0.039000,-16.973434,1.001233
150000,0.040000,-16.951037,1.001228
150000,0.041000,-16.928985,1.001224
150000,0.042000,-16.907281,1.001220
150000,0.043000,-16.885926,1.001216
150000,0.044000,-16.864921,1.001212
150000,0.045000,-16.844270,1.001208
150000,0.046000,-16.823972,1.001204
150000,0.047000,-16.804031,1.001200
150000,0.048000,-16.784447,1.001196
150000,0.049000,-16.765221,1.001192
150000,0.050000,-16.746356,1.001189
150000,0.051000,-16.727852,1.001185
150000,0.052000,-16.709711,1.001181
150000,0.053000,-16.691933,1.001178
150000,0.054000,-16.674520,1.001174
150000,0.055000,-16.657473,1.001171
150000,0.056000,-16.640793,1.001167
150000,0.057000,-16.624480,1.001164
150000,0.058000,-16.608535,1.001161
150000,0.059000,-16.592959,1.001157
150000,0.060000,-16.577754,1.001154
150000,0.061000,-16.562919,1.001151
150000,0.062000,-16.548455,1.001148
150000,0.063000,-16.534363,1.001145
150000,0.064000,-16.520643,1.001142
150000,0.065000,-16.507296,1.001139
150000,0.066000,-16.494322,1.001136
150000,0.067000,-16.481722,1.001134
150000,0.068000,-16.469497,1.001131
150000,0.069000,-16.457646,1.001128
150000,0.070000,-16.446170,1.001126
150000,0.071000,-16.435069,1.001124
150000,0.072000,-16.424343,1.001121
150000,0.073000,-16.413994,1.001119
150000,0.074000,-16.404021,1.001117
150000,0.075000,-16.394424,1.001115
150000,0.076000,-16.385203,1.001113
150000,0.077000,-16.376360,1.001111
150000,0.078000,-16.367893,1.001109
150000,0.079000,-16.359804,1.001107
150000,0.080000,-16.352091,1.001105
150000,0.081000,-16.344756,1.001103
150000,0.082000,-16.337799,1.001102
150000,0.083000,-16.331219,1.001100
150000,0.084000,-16.325017,1.001099
150000,0.085000,-16.319193,1.001098
150000,0.086000,-16.313747,1.001096
150000,0.087000,-16.308678,1.001095
150000,0.088000,-16.303988,1.001094
150000,0.089000,-16.299676,1.001093
150000,0.090000,-16.295742,1.001092
150000,0.091000,-16.292186,1.001092
150000,0.092000,-16.289008,1.001091
150000,0.093000,-16.286208,1.001090
150000,0.094000,-16.283787,1.001090
150000,0.095000,-16.281744,1.001089
150000,0.096000,-16.280079,1.001089
150000,0.097000,-16.278793,1.001088
150000,0.098000,-16.277885,1.001088
150000,0.099000,-16.277355,1.001088
152000,0.000000,-18.000000,1.001428
152000,0.001000,-17.983724,1.001424
152000,0.002000,-17.967496,1.001421
152000,0.003000,-17.951315,1.001419
152000,0.004000,-17.935183,1.001417
152000,0.005000,-17.918322,1.001416
152000,0.006000,-17.886679,1.001412
152000,0.007000,-17.855223,1.001407
152000,0.008000,-17.823964,1.001403
152000,0.009000,-17.792909,1.001399
152000,0.010000,-17.762064,1.001394
152000,0.011000,-17.731437,1.001390
152000,0.012000,-17.701035,1.001386
152000,0.013000,-17.670864,1.001381
152000,0.014000,-17.640931,1.001377
152000,0.015000,-17.611241,1.001372
152000,0.016000,-17.581800,1.001368
152000,0.017000,-17.552615,1.001364
152000,0.018000,-17.523691,1.001359
152000,0.019000,-17.495033,1.001355
152000,0.020000,-17.466645,1.001350
152000,0.021000,-17.438534,1.001346
152000,0.022000,-17.410704,1.001341
152000,0.023000,-17.383159,1.001337
152000,0.024000,-17.355904,1.001332
152000,0.025000,-17.328943,1.001328
152000,0.026000,-17.302280,1.001323
152000,0.027000,-17.275919,1.001319
152000,0.028000,-17.249863,1.001315
152000,0.029000,-17.224117,1.001310
152000,0.030000,-17.198683,1.001306
152000,0.031000,-17.173565,1.001302
152000,0.032000,-17.148766,1.001297
152000,0.033000,-17.124289,1.001293
152000,0.034000,-17.100136,1.001289
152000,0.035000,-17.076312,1.001285
152000,0.036000,-17.052818,1.001280
152000,0.037000,-17.029656,1.001276
152000,0.038000,-17.006830,1.001272
152000,0.039000,-16.984341,1.001268
152000,0.040000,-16.962192,1.001264
152000,0.041000,-16.940385,1.001260
152000,0.042000,-16.918921,1.001256
152000,0.043000,-16.897802,1.001252
152000,0.044000,-16.877031,1.001248
152000,0.045000,-16.856609,1.001244
152000,0.046000,-16.836538,1.001240
152000,0.047000,-16.816819,1.001236
152000,0.048000,-16.797453,1.001233
152000,0.049000,-16.778443,1.001229
152000,0.050000,-16.759789,1.001225
152000,0.051000,-16.741492,1.001222
152000,0.052000,-16.723554,1.001218
152000,0.053000,-16.705975,1.001215
152000,0.054000,-16.688758,1.001211
152000,0.055000,-16.671902,1.001208
152000,0.056000,-16.655409,1.001205
152000,0.057000,-16.639279,1.001201
152000,0.058000,-16.623514,1.001198
152000,0.059000,-16.608113,1.001195
152000,0.060000,-16.593079,1.001192
152000,0.061000,-16.578411,1.001189
152000,0.062000,-16.564110,1.001186
152000,0.063000,-16.550177,1.001183
152000,0.064000,-16.536612,1.001180
152000,0.065000,-16.523416,1.001177
152000,0.066000,-16.510589,1.001175
152000,0.067000,-16.498131,1.001172
152000,0.068000,-16.486044,1.001169
152000,0.069000,-16.474327,1.001167
152000,0.070000,-16.462981,1.001164
152000,0.071000,-16.452005,1.001162
152000,0.072000,-16.441402,1.001160
152000,0.073000,-16.431170,1.001158
152000,0.074000,-16.421309,1.001156
152000,0.075000,-16.411821,1.001153
152000,0.076000,-16.402705,1.001151
152000,0.077000,-16.393962,1.001150
152000,0.078000,-16.385591,1.001148
152000,0.079000,-16.377594,1.001146
152000,0.080000,-16.369969,1.001144
152000,0.081000,-16.362717,1.001143
152000,0.082000,-16.355839,1.001141
152000,0.083000,-16.349334,1.001140
152000,0.084000,-16.343202,1.001138
152000,0.085000,-16.337444,1.001137
152000,0.086000,-16.332060,1.001136
152000,0.087000,-16.327049,1.001135
152000,0.088000,-16.322412,1.001134
152000,0.089000,-16.318149,1.001133
152000,0.090000,-16.314260,1.001132
152000,0.091000,-16.310744,1.001131
152000,0.092000,-16.307602,1.001130
152000,0.093000,-16.304835,1.001130
152000,0.094000,-16.302441,1.001129
152000,0.095000,-16.300421,1.001129
152000,0.096000,-16.298775,1.001128
152000,0.097000,-16.297504,1.001128
152000,0.098000,-16.296606,1.001128
152000,0.099000,-16.296082,1.001128
154000,0.000000,-18.000000,1.001458
154000,0.001000,-17.983882,1.001453
154000,0.002000,-17.967812,1.001451
154000,0.003000,-17.951788,1.001449
154000,0.004000,-17.935814,1.001447
154000,0.005000,-17.919118,1.001446
154000,0.006000,-17.887785,1.001442
154000,0.007000,-17.856640,1.001438
154000,0.008000,-17.825691,1.001433
154000,0.009000,-17.794944,1.001429
154000,0.010000,-17.764407,1.001425
154000,0.011000,-17.734087,1.001421
154000,0.012000,-17.703991,1.001416
154000,0.013000,-17.674124,1.001412
154000,0.014000,-17.644494,1.001408
154000,0.015000,-17.615105,1.001403
154000,0.016000,-17.585965,1.001399
154000,0.017000,-17.557078,1.001395
154000,0.018000,-17.528450,1.001390
154000,0.019000,-17.500086,1.001386
154000,0.020000,-17.471991,1.001382
154000,0.021000,-17.444170,1.001377
154000,0.022000,-17.416628,1.001373
154000,0.023000,-17.389369,1.001369
154000,0.024000,-17.362398,1.001364
154000,0.025000,-17.335718,1.001360
154000,0.026000,-17.309333,1.001356
154000,0.027000,-17.283248,1.001352
154000,0.028000,-17.257465,1.001347
154000,0.029000,-17.231990,1.001343
154000,0.030000,-17.206823,1.001339
154000,0.031000,-17.181970,1.001335
154000,0.032000,-17.157433,1.001330
154000,0.033000,-17.133216,1.001326
154000,0.034000,-17.109320,1.001322
154000,0.035000,-17.085748,1.001318
154000,0.036000,-17.062504,1.001314
154000,0.037000,-17.039589,1.001310
154000,0.038000,-17.017006,1.001306
154000,0.039000,-16.994758,1.001302
154000,0.040000,-16.972845,1.001298
154000,0.041000,-16.951271,1.001294
154000,0.042000,-16.930038,1.001290
154000,0.043000,-16.909146,1.001286
154000,0.044000,-16.888598,1.001282
154000,0.045000,-16.868396,1.001279
154000,0.046000,-16.848541,1.001275
154000,0.047000,-16.829034,1.001271
154000,0.048000,-16.809878,1.001268
154000,0.049000,-16.791073,1.001264
154000,0.050000,-16.772620,1.001261
154000,0.051000,-16.754521,1.001257
154000,0.052000,-16.736777,1.001254
154000,0.053000,-16.719390,1.001250
154000,0.054000,-16.702359,1.001247
154000,0.055000,-16.685686,1.001244
154000,0.056000,-16.669372,1.001240
154000,0.057000,-16.653418,1.001237
154000,0.058000,-16.637824,1.001234
154000,0.059000,-16.622591,1.001231
154000,0.060000,-16.607721,1.001228
154000,0.061000,-16.593213,1.001225
154000,0.062000,-16.579068,1.001222
154000,0.063000,-16.565287,1.001219
154000,0.064000,-16.551870,1.001217
154000,0.065000,-16.538818,1.001214
154000,0.066000,-16.526131,1.001211
154000,0.067000,-16.513810,1.001209
154000,0.068000,-16.501854,1.001206
154000,0.069000,-16.490266,1.001204
154000,0.070000,-16.479044,1.001202
154000,0.071000,-16.468189,1.001199
154000,0.072000,-16.457701,1.001197
154000,0.073000,-16.447581,1.001195
154000,0.074000,-16.437829,1.001193
154000,0.075000,-16.428445,1.001191
154000,0.076000,-16.419429,1.001189
154000,0.077000,-16.410782,1.001187
154000,0.078000,-16.402503,1.001185
154000,0.079000,-16.394593,1.001184
154000,0.080000,-16.387052,1.001182
154000,0.081000,-16.379880,1.001180
154000,0.082000,-16.373078,1.001179
154000,0.083000,-16.366644,1.001178
154000,0.084000,-16.360580,1.001176
154000,0.085000,-16.354885,1.001175
154000,0.086000,-16.349560,1.001174
154000,0.087000,-16.344604,1.001173
154000,0.088000,-16.340018,1.001172
154000,0.089000,-16.335802,1.001171
154000,0.090000,-16.331955,1.001170
154000,0.091000,-16.328479,1.001169
154000,0.092000,-16.325371,1.001169
154000,0.093000,-16.322634,1.001168
154000,0.094000,-16.320267,1.001167
154000,0.095000,-16.318269,1.001167
154000,0.096000,-16.316642,1.001167
154000,0.097000,-16.315384,1.001166
154000,0.098000,-16.314496,1.001166
154000,0.099000,-16.313978,1.001166
156000,0.000000,-18.000000,1.001486
156000,0.001000,-17.984033,1.001482
156000,0.002000,-17.968113,1.001480
156000,0.003000,-17.952240,1.001477
156000,0.004000,-17.936415,1.001475
156000,0.005000,-17.919876,1.001475
156000,0.006000,-17.888840,1.001470
156000,0.007000,-17.857991,1.001466
156000,0.008000,-17.827337,1.001462
156000,0.009000,-17.796885,1.001458
156000,0.010000,-17.766642,1.001454
156000,0.011000,-17.736615,1.001450
156000,0.012000,-17.706811,1.001446
156000,0.013000,-17.677235,1.001442
156000,0.014000,-17.647894,1.001437
156000,0.015000,-17.618793,1.001433
156000,0.016000,-17.589939,1.001429
156000,0.017000,-17.561337,1.001425
156000,0.018000,-17.532992,1.001421
156000,0.019000,-17.504910,1.001416
156000,0.020000,-17.477095,1.001412
156000,0.021000,-17.449551,1.001408
156000,0.022000,-17.422285,1.001404
156000,0.023000,-17.395299,1.001400
156000,0.024000,-17.368598,1.001395
156000,0.025000,-17.342187,1.001391
156000,0.026000,-17.316069,1.001387
156000,0.027000,-17.290247,1.001383
156000,0.028000,-17.264726,1.001379
156000,0.029000,-17.239509,1.001375
156000,0.030000,-17.214599,1.001370
156000,0.031000,-17.190000,1.001366
156000,0.032000,-17.165713,1.001362
156000,0.033000,-17.141743,1.001358
156000,0.034000,-17.118092,1.001354
156000,0.035000,-17.094763,1.001350
156000,0.036000,-17.071757,1.001346
156000,0.037000,-17.049079,1.001342
156000,0.038000,-17.026729,1.001338
156000,0.039000,-17.004710,1.001335
156000,0.040000,-16.983024,1.001331
156000,0.041000,-16.961674,1.001327
156000,0.042000,-16.940660,1.001323
156000,0.043000,-16.919986,1.001319
156000,0.044000,-16.899652,1.001316
156000,0.045000,-16.879660,1.001312
156000,0.046000,-16.860011,1.001308
156000,0.047000,-16.840708,1.001305
156000,0.048000,-16.821752,1.001301
156000,0.049000,-16.803143,1.001298
156000,0.050000,-16.784883,1.001294
156000,0.051000,-16.766974,1.001291
156000,0.052000,-16.749416,1.001288
156000,0.053000,-16.732211,1.001284
156000,0.054000,-16.715359,1.001281
156000,0.055000,-16.698861,1.001278
156000,0.056000,-16.682718,1.001275
156000,0.057000,-16.666932,1.001272
156000,0.058000,-16.651502,1.001269
156000,0.059000,-16.636430,1.001266
156000,0.060000,-16.621716,1.001263
156000,0.061000,-16.607361,1.001260
156000,0.062000,-16.593366,1.001257
156000,0.063000,-16.579730,1.001255
156000,0.064000,-16.566455,1.001252
156000,0.065000,-16.553541,1.001249
156000,0.066000,-16.540988,1.001247
156000,0.067000,-16.528797,1.001244
156000,0.068000,-16.516969,1.001242
156000,0.069000,-16.505503,1.001240
156000,0.070000,-16.494400,1.001237
156000,0.071000,-16.483660,1.001235
156000,0.072000,-16.473283,1.001233
156000,0.073000,-16.463271,1.001231
156000,0.074000,-16.453622,1.001229
156000,0.075000,-16.444338,1.001227
156000,0.076000,-16.435418,1.001225
156000,0.077000,-16.426862,1.001223
156000,0.078000,-16.418671,1.001221
156000,0.079000,-16.410846,1.001220
156000,0.080000,-16.403385,1.001218
156000,0.081000,-16.396289,1.001217
156000,0.082000,-16.389559,1.001215
156000,0.083000,-16.383194,1.001214
156000,0.084000,-16.377194,1.001213
156000,0.085000,-16.371560,1.001211
156000,0.086000,-16.366291,1.001210
156000,0.087000,-16.361388,1.001209
156000,0.088000,-16.356851,1.001208
156000,0.089000,-16.352680,1.001207
156000,0.090000,-16.348874,1.001207
156000,0.091000,-16.345434,1.001206
156000,0.092000,-16.342360,1.001205
156000,0.093000,-16.339652,1.001205
156000,0.094000,-16.337310,1.001204
156000,0.095000,-16.335334,1.001204
156000,0.096000,-16.333724,1.001203
156000,0.097000,-16.332479,1.001203
156000,0.098000,-16.331601,1.001203
156000,0.099000,-16.331089,1.001203
158000,0.000000,-18.000000,1.001513
158000,0.001000,-17.984176,1.001509
158000,0.002000,-17.968400,1.001507
158000,0.003000,-17.952670,1.001505
158000,0.004000,-17.936989,1.001503
158000,0.005000,-17.920599,1.001502
158000,0.006000,-17.889846,1.001498
158000,0.007000,-17.859280,1.001494
158000,0.008000,-17.828908,1.001490
158000,0.009000,-17.798737,1.001486
158000,0.010000,-17.768775,1.001482
158000,0.011000,-17.739028,1.001478
158000,0.012000,-17.709502,1.001474
158000,0.013000,-17.680204,1.001470
158000,0.014000,-17.651140,1.001466
158000,0.015000,-17.622314,1.001462
158000,0.016000,-17.593734,1.001458
158000,0.017000,-17.565404,1.001454
158000,0.018000,-17.537330,1.001450
158000,0.019000,-17.509517,1.001445
158000,0.020000,-17.481969,1.001441
158000,0.021000,-17.454691,1.001437
158000,0.022000,-17.427687,1.001433
158000,0.023000,-17.400963,1.001429
158000,0.024000,-17.374522,1.001425
158000,0.025000,-17.348367,1.001421
158000,0.026000,-17.322504,1.001417
158000,0.027000,-17.296935,1.001413
158000,0.028000,-17.271664,1.001409
158000,0.029000,-17.246694,1.001405
158000,0.030000,-17.222030,1.001401
158000,0.031000,-17.197673,1.001397
158000,0.032000,-17.173626,1.001393
158000,0.033000,-17.149893,1.001389
158000,0.034000,-17.126477,1.001385
158000,0.035000,-17.103379,1.001381
158000,0.036000,-17.080602,1.001377
158000,0.037000,-17.058149,1.001374
158000,0.038000,-17.036022,1.001370
158000,0.039000,-17.014224,1.001366
158000,0.040000,-16.992755,1.001362
158000,0.041000,-16.971618,1.001359
158000,0.042000,-16.950816,1.001355
158000,0.043000,-16.930349,1.001351
158000,0.044000,-16.910219,1.001348
158000,0.045000,-16.890428,1.001344
158000,0.046000,-16.870978,1.001341
158000,0.047000,-16.851870,1.001337
158000,0.048000,-16.833105,1.001334
158000,0.049000,-16.814684,1.001330
158000,0.050000,-16.796609,1.001327
158000,0.051000,-16.778881,1.001324
158000,0.052000,-16.761501,1.001321
158000,0.053000,-16.744471,1.001317
158000,0.054000,-16.727790,1.001314
158000,0.055000,-16.711460,1.001311
158000,0.056000,-16.695481,1.001308
158000,0.057000,-16.679856,1.001305
158000,0.058000,-16.664583,1.001302
158000,0.059000,-16.649665,1.001299
158000,0.060000,-16.635101,1.001296
158000,0.061000,-16.620892,1.001294
158000,0.062000,-16.607040,1.001291
158000,0.063000,-16.593543,1.001288
158000,0.064000,-16.580404,1.001286
158000,0.065000,-16.567622,1.001283
158000,0.066000,-16.555198,1.001281
158000,0.067000,-16.543132,1.001278
158000,0.068000,-16.531425,1.001276
158000,0.069000,-16.520076,1.001274
158000,0.070000,-16.509087,1.001272
158000,0.071000,-16.498457,1.001269
158000,0.072000,-16.488187,1.001267
158000,0.073000,-16.478277,1.001265
158000,0.074000,-16.468728,1.001263
158000,0.075000,-16.459539,1.001262
158000,0.076000,-16.450710,1.001260
158000,0.077000,-16.442243,1.001258
158000,0.078000,-16.434136,1.001256
158000,0.079000,-16.426391,1.001255
158000,0.080000,-16.419007,1.001253
158000,0.081000,-16.411984,1.001252
158000,0.082000,-16.405323,1.001250
158000,0.083000,-16.399024,1.001249
158000,0.084000,-16.393086,1.001248
158000,0.085000,-16.387510,1.001247
158000,0.086000,-16.382295,1.001245
158000,0.087000,-16.377443,1.001244
158000,0.088000,-16.372953,1.001244
158000,0.089000,-16.368824,1.001243
158000,0.090000,-16.365058,1.001242
158000,0.091000,-16.361653,1.001241
158000,0.092000,-16.358611,1.001241
158000,0.093000,-16.355931,1.001240
158000,0.094000,-16.353613,1.001239
158000,0.095000,-16.351657,1.001239
158000,0.096000,-16.350063,1.001239
158000,0.097000,-16.348832,1.001238
158000,0.098000,-16.347963,1.001238
158000,0.099000,-16.347456,1.001238
160000,0.000000,-18.000000,1.001540
160000,0.001000,-17.984313,1.001535
160000,0.002000,-17.968673,1.001533
160000,0.003000,-17.953080,1.001531
160000,0.004000,-17.937536,1.001529
160000,0.005000,-17.921289,1.001529
160000,0.006000,-17.890806,1.001525
160000,0.007000,-17.860510,1.001521
160000,0.008000,-17.830407,1.001517
160000,0.009000,-17.800506,1.001513
160000,0.010000,-17.770812,1.001509
160000,0.011000,-17.741332,1.001505
160000,0.012000,-17.712072,1.001501
160000,0.013000,-17.683040,1.001497
160000,0.014000,-17.654239,1.001493
160000,0.015000,-17.625677,1.001489
160000,0.016000,-17.597359,1.001485
160000,0.017000,-17.569290,1.001482
160000,0.018000,-17.541474,1.001478
160000,0.019000,-17.513918,1.001474
160000,0.020000,-17.486626,1.001470
160000,0.021000,-17.459601,1.001466
160000,0.022000,-17.432850,1.001462
160000,0.023000,-17.406376,1.001458
160000,0.024000,-17.380183,1.001454
160000,0.025000,-17.354274,1.001450
160000,0.026000,-17.328655,1.001446
160000,0.027000,-17.303327,1.001442
160000,0.028000,-17.278296,1.001438
160000,0.029000,-17.253563,1.001434
160000,0.030000,-17.229133,1.001430
160000,0.031000,-17.205008,1.001426
160000,0.032000,-17.181191,1.001422
160000,0.033000,-17.157686,1.001419
160000,0.034000,-17.134493,1.001415
160000,0.035000,-17.111617,1.001411
160000,0.036000,-17.089060,1.001407
160000,0.037000,-17.066823,1.001404
160000,0.038000,-17.044910,1.001400
160000,0.039000,-17.023322,1.001396
160000,0.040000,-17.002061,1.001393
160000,0.041000,-16.981129,1.001389
160000,0.042000,-16.960528,1.001386
160000,0.043000,-16.940260,1.001382
160000,0.044000,-16.920326,1.001379
160000,0.045000,-16.900728,1.001375
160000,0.046000,-16.881468,1.001372
160000,0.047000,-16.862546,1.001368
160000,0.048000,-16.843964,1.001365
160000,0.049000,-16.825724,1.001362
160000,0.050000,-16.807826,1.001358
160000,0.051000,-16.790272,1.001355
160000,0.052000,-16.773063,1.001352
160000,0.053000,-16.756199,1.001349
160000,0.054000,-16.739682,1.001346
160000,0.055000,-16.723513,1.001343
160000,0.056000,-16.707692,1.001340
160000,0.057000,-16.692220,1.001337
160000,0.058000,-16.677098,1.001334
160000,0.059000,-16.662327,1.001332
160000,0.060000,-16.647907,1.001329
160000,0.061000,-16.633839,1.001326
160000,0.062000,-16.620123,1.001323
160000,0.063000,-16.606761,1.001321
160000,0.064000,-16.593751,1.001318
160000,0.065000,-16.581096,1.001316
160000,0.066000,-16.568795,1.001314
160000,0.067000,-16.556848,1.001311
160000,0.068000,-16.545257,1.001309
160000,0.069000,-16.534021,1.001307
160000,0.070000,-16.523141,1.001305
160000,0.071000,-16.512617,1.001303
160000,0.072000,-16.502449,1.001301
160000,0.073000,-16.492638,1.001299
160000,0.074000,-16.483183,1.001297
160000,0.075000,-16.474086,1.001295
160000,0.076000,-16.465345,1.001293
160000,0.077000,-16.456962,1.001291
160000,0.078000,-16.448936,1.001290
160000,0.079000,-16.441268,1.001288
160000,0.080000,-16.433957,1.001287
160000,0.081000,-16.427005,1.001285
160000,0.082000,-16.420410,1.001284
160000,0.083000,-16.414173,1.001283
160000,0.084000,-16.408294,1.001282
160000,0.085000,-16.402774,1.001280
160000,0.086000,-16.397612,1.001279
160000,0.087000,-16.392808,1.001278
160000,0.088000,-16.388362,1.001277
160000,0.089000,-16.384275,1.001277
160000,0.090000,-16.380546,1.001276
160000,0.091000,-16.377176,1.001275
160000,0.092000,-16.374164,1.001275
160000,0.093000,-16.371510,1.001274
160000,0.094000,-16.369215,1.001273
160000,0.095000,-16.367279,1.001273
160000,0.096000,-16.365701,1.001273
160000,0.097000,-16.364482,1.001272
160000,0.098000,-16.363621,1.001272
160000,0.099000,-16.363119,1.001272
162000,0.000000,-18.000000,1.001565
162000,0.001000,-17.984444,1.001561
162000,0.002000,-17.968934,1.001559
162000,0.003000,-17.953472,1.001557
162000,0.004000,-17.938058,1.001555
162000,0.005000,-17.921948,1.001554
162000,0.006000,-17.891723,1.001550
162000,0.007000,-17.861684,1.001547
162000,0.008000,-17.831839,1.001543
162000,0.009000,-17.802194,1.001539
162000,0.010000,-17.772756,1.001535
162000,0.011000,-17.743532,1.001531
162000,0.012000,-17.714527,1.001528
162000,0.013000,-17.685748,1.001524
162000,0.014000,-17.657201,1.001520
162000,0.015000,-17.628890,1.001516
162000,0.016000,-17.600823,1.001512
162000,0.017000,-17.573002,1.001508
162000,0.018000,-17.545435,1.001504
162000,0.019000,-17.518125,1.001501
162000,0.020000,-17.491077,1.001497
162000,0.021000,-17.464296,1.001493
162000,0.022000,-17.437786,1.001489
162000,0.023000,-17.411551,1.001485
162000,0.024000,-17.385595,1.001481
162000,0.025000,-17.359922,1.001477
162000,0.026000,-17.334536,1.001474
162000,0.027000,-17.309440,1.001470
162000,0.028000,-17.284638,1.001466
162000,0.029000,-17.260132,1.001462
162000,0.030000,-17.235927,1.001458
162000,0.031000,-17.212024,1.001455
162000,0.032000,-17.188427,1.001451
162000,0.033000,-17.165139,1.001447
162000,0.034000,-17.142162,1.001443
162000,0.035000,-17.119498,1.001440
162000,0.036000,-17.097151,1.001436
162000,0.037000,-17.075122,1.001433
162000,0.038000,-17.053413,1.001429
162000,0.039000,-17.032027,1.001425
162000,0.040000,-17.010965,1.001422
162000,0.041000,-16.990229,1.001418
162000,0.042000,-16.969822,1.001415
162000,0.043000,-16.949744,1.001412
162000,0.044000,-16.929998,1.001408
162000,0.045000,-16.910585,1.001405
162000,0.046000,-16.891506,1.001402
162000,0.047000,-16.872763,1.001398
162000,0.048000,-16.854357,1.001395
162000,0.049000,-16.836290,1.001392
162000,0.050000,-16.818562,1.001389
162000,0.051000,-16.801174,1.001386
162000,0.052000,-16.784128,1.001383
162000,0.053000,-16.767425,1.001380
162000,0.054000,-16.751065,1.001377
162000,0.055000,-16.735050,1.001374
162000,0.056000,-16.719380,1.001371
162000,0.057000,-16.704055,1.001368
162000,0.058000,-16.689078,1.001365
162000,0.059000,-16.674448,1.001363
162000,0.060000,-16.660166,1.001360
162000,0.061000,-16.646232,1.001357
162000,0.062000,-16.632648,1.001355
162000,0.063000,-16.619413,1.001352
162000,0.064000,-16.606528,1.001350
162000,0.065000,-16.593994,1.001347
162000,0.066000,-16.581811,1.001345
162000,0.067000,-16.569980,1.001343
162000,0.068000,-16.558500,1.001341
162000,0.069000,-16.547372,1.001339
162000,0.070000,-16.536596,1.001336
162000,0.071000,-16.526173,1.001334
162000,0.072000,-16.516103,1.001332
162000,0.073000,-16.506386,1.001331
162000,0.074000,-16.497023,1.001329
162000,0.075000,-16.488013,1.001327
162000,0.076000,-16.479356,1.001325
162000,0.077000,-16.471054,1.001324
162000,0.078000,-16.463105,1.001322
162000,0.079000,-16.455511,1.001321
162000,0.080000,-16.448271,1.001319
162000,0.081000,-16.441385,1.001318
162000,0.082000,-16.434854,1.001316
162000,0.083000,-16.428678,1.001315
162000,0.084000,-16.422856,1.001314
162000,0.085000,-16.417389,1.001313
162000,0.086000,-16.412276,1.001312
162000,0.087000,-16.407519,1.001311
162000,0.088000,-16.403116,1.001310
162000,0.089000,-16.399068,1.001309
162000,0.090000,-16.395375,1.001309
162000,0.091000,-16.392038,1.001308
162000,0.092000,-16.389055,1.001307
162000,0.093000,-16.386427,1.001307
162000,0.094000,-16.384154,1.001306
162000,0.095000,-16.382237,1.001306
162000,0.096000,-16.380674,1.001306
162000,0.097000,-16.379467,1.001305
162000,0.098000,-16.378615,1.001305
162000,0.099000,-16.378117,1.001305
164000,0.000000,-18.000000,1.001589
164000,0.001000,-17.984568,1.001585
164000,0.002000,-17.969183,1.001583
164000,0.003000,-17.953845,1.001581
164000,0.004000,-17.938556,1.001580
164000,0.005000,-17.922577,1.001579
164000,0.006000,-17.892598,1.001575
164000,0.007000,-17.862805,1.001571
164000,0.008000,-17.833206,1.001568
164000,0.009000,-17.803807,1.001564
164000,0.010000,-17.774614,1.001560
164000,0.011000,-17.745634,1.001557
164000,0.012000,-17.716873,1.001553
164000,0.013000,-17.688337,1.001549
164000,0.014000,-17.660031,1.001545
164000,0.015000,-17.631962,1.001542
164000,0.016000,-17.604133,1.001538
164000,0.017000,-17.576551,1.001534
164000,0.018000,-17.549221,1.001530
164000,0.019000,-17.522147,1.001526
164000,0.020000,-17.495333,1.001523
164000,0.021000,-17.468785,1.001519
164000,0.022000,-17.442506,1.001515
164000,0.023000,-17.416500,1.001511
164000,0.024000,-17.390772,1.001508
164000,0.025000,-17.365324,1.001504
164000,0.026000,-17.340162,1.001500
164000,0.027000,-17.315288,1.001496
164000,0.028000,-17.290705,1.001493
164000,0.029000,-17.266417,1.001489
164000,0.030000,-17.242427,1.001485
164000,0.031000,-17.218737,1.001482
164000,0.032000,-17.195351,1.001478
164000,0.033000,-17.172272,1.001475
164000,0.034000,-17.149501,1.001471
164000,0.035000,-17.127041,1.001467
164000,0.036000,-17.104894,1.001464
164000,0.037000,-17.083064,1.001460
164000,0.038000,-17.061551,1.001457
164000,0.039000,-17.040358,1.001453
164000,0.040000,-17.019487,1.001450
164000,0.041000,-16.998940,1.001447
164000,0.042000,-16.978718,1.001443
164000,0.043000,-16.958823,1.001440
164000,0.044000,-16.939257,1.001437
164000,0.045000,-16.920021,1.001433
164000,0.046000,-16.901117,1.001430
164000,0.047000,-16.882545,1.001427
164000,0.048000,-16.864308,1.001424
164000,0.049000,-16.846406,1.001421
164000,0.050000,-16.828841,1.001418
164000,0.051000,-16.811613,1.001415
164000,0.052000,-16.794724,1.001412
164000,0.053000,-16.778174,1.001409
164000,0.054000,-16.761965,1.001406
164000,0.055000,-16.746097,1.001403
164000,0.056000,-16.730572,1.001400
164000,0.057000,-16.715389,1.001398
164000,0.058000,-16.700550,1.001395
164000,0.059000,-16.686055,1.001392
164000,0.060000,-16.671905,1.001390
164000,0.061000,-16.658101,1.001387
164000,0.062000,-16.644642,1.001385
164000,0.063000,-16.631530,1.001382
164000,0.064000,-16.618765,1.001380
164000,0.065000,-16.606348,1.001378
164000,0.066000,-16.594278,1.001375
164000,0.067000,-16.582556,1.001373
164000,0.068000,-16.571183,1.001371
164000,0.069000,-16.560158,1.001369
164000,0.070000,-16.549483,1.001367
164000,0.071000,-16.539157,1.001365
164000,0.072000,-16.529181,1.001363
164000,0.073000,-16.519555,1.001361
164000,0.074000,-16.510278,1.001360
164000,0.075000,-16.501352,1.001358
164000,0.076000,-16.492777,1.001356
164000,0.077000,-16.484552,1.001355
164000,0.078000,-16.476678,1.001353
164000,0.079000,-16.469154,1.001352
164000,0.080000,-16.461982,1.001350
164000,0.081000,-16.455161,1.001349
164000,0.082000,-16.448691,1.001348
164000,0.083000,-16.442572,1.001346
164000,0.084000,-16.436804,1.001345
164000,0.085000,-16.431388,1.001344
164000,0.086000,-16.426324,1.001343
164000,0.087000,-16.421611,1.001342
164000,0.088000,-16.417249,1.001341
164000,0.089000,-16.413239,1.001341
164000,0.090000,-16.409581,1.001340
164000,0.091000,-16.406274,1.001339
164000,0.092000,-16.403319,1.001339
164000,0.093000,-16.400716,1.001338
164000,0.094000,-16.398465,1.001338
164000,0.095000,-16.396565,1.001337
164000,0.096000,-16.395017,1.001337
164000,0.097000,-16.393821,1.001337
164000,0.098000,-16.392977,1.001337
164000,0.099000,-16.392484,1.001337
166000,0.000000,-18.000000,1.001613
166000,0.001000,-17.984687,1.001609
166000,0.002000,-17.969421,1.001607
166000,0.003000,-17.954202,1.001605
166000,0.004000,-17.939032,1.001603
166000,0.005000,-17.923177,1.001602
166000,0.006000,-17.893433,1.001599
166000,0.007000,-17.863876,1.001595
166000,0.008000,-17.834512,1.001592
166000,0.009000,-17.805347,1.001588
166000,0.010000,-17.776389,1.001584
166000,0.011000,-17.747643,1.001581
166000,0.012000,-17.719115,1.001577
166000,0.013000,-17.690811,1.001573
166000,0.014000,-17.662737,1.001570
166000,0.015000,-17.634898,1.001566
166000,0.016000,-17.607299,1.001562
166000,0.017000,-17.579946,1.001559
166000,0.018000,-17.552842,1.001555
166000,0.019000,-17.525994,1.001551
166000,0.020000,-17.499404,1.001548
166000,0.021000,-17.473079,1.001544
166000,0.022000,-17.447021,1.001540
166000,0.023000,-17.421235,1.001537
166000,0.024000,-17.395725,1.001533
166000,0.025000,-17.370494,1.001529
166000,0.026000,-17.345546,1.001526
166000,0.027000,-17.320884,1.001522
166000,0.028000,-17.296512,1.001519
166000,0.029000,-17.272432,1.001515
166000,0.030000,-17.248649,1.001512
166000,0.031000,-17.225164,1.001508
166000,0.032000,-17.201980,1.001504
166000,0.033000,-17.179100,1.001501
166000,0.034000,-17.156527,1.001497
166000,0.035000,-17.134262,1.001494
166000,0.036000,-17.112309,1.001491
166000,0.037000,-17.090669,1.001487
166000,0.038000,-17.069344,1.001484
166000,0.039000,-17.048337,1.001480
166000,0.040000,-17.027649,1.001477
166000,0.041000,-17.007282,1.001474
166000,0.042000,-16.987238,1.001471
166000,0.043000,-16.967519,1.001467
166000,0.044000,-16.948125,1.001464
166000,0.045000,-16.929059,1.001461
166000,0.046000,-16.910322,1.001458
166000,0.047000,-16.891915,1.001455
166000,0.048000,-16.873839,1.001452
166000,0.049000,-16.856096,1.001449
166000,0.050000,-16.838687,1.001446
166000,0.051000,-16.821612,1.001443
166000,0.052000,-16.804874,1.001440
166000,0.053000,-16.788472,1.001437
166000,0.054000,-16.772407,1.001434
166000,0.055000,-16.756681,1.001432
166000,0.056000,-16.741294,1.001429
166000,0.057000,-16.726248,1.001426
166000,0.058000,-16.711541,1.001424
166000,0.059000,-16.697176,1.001421
166000,0.060000,-16.683153,1.001419
166000,0.061000,-16.669473,1.001416
166000,0.062000,-16.656135,1.001414
166000,0.063000,-16.643141,1.001411
166000,0.064000,-16.630490,1.001409
166000,0.065000,-16.618184,1.001407
166000,0.066000,-16.606223,1.001405
166000,0.067000,-16.594607,1.001403
166000,0.068000,-16.583336,1.001401
166000,0.069000,-16.572411,1.001398
166000,0.070000,-16.561832,1.001397
166000,0.071000,-16.551599,1.001395
166000,0.072000,-16.541713,1.001393
166000,0.073000,-16.532174,1.001391
166000,0.074000,-16.522981,1.001389
166000,0.075000,-16.514136,1.001388
166000,0.076000,-16.505638,1.001386
166000,0.077000,-16.497487,1.001384
166000,0.078000,-16.489684,1.001383
166000,0.079000,-16.482229,1.001382
166000,0.080000,-16.475121,1.001380
166000,0.081000,-16.468362,1.001379
166000,0.082000,-16.461950,1.001378
166000,0.083000,-16.455887,1.001377
166000,0.084000,-16.450172,1.001375
166000,0.085000,-16.444805,1.001374
166000,0.086000,-16.439786,1.001373
166000,0.087000,-16.435116,1.001373
166000,0.088000,-16.430794,1.001372
166000,0.089000,-16.426820,1.001371
166000,0.090000,-16.423195,1.001370
166000,0.091000,-16.419918,1.001370
166000,0.092000,-16.416990,1.001369
166000,0.093000,-16.414411,1.001369
166000,0.094000,-16.412180,1.001368
166000,0.095000,-16.410297,1.001368
166000,0.096000,-16.408764,1.001367
166000,0.097000,-16.407578,1.001367
166000,0.098000,-16.406742,1.001367
166000,0.099000,-16.406254,1.001367
168000,0.000000,-18.000000,1.001635
168000,0.001000,-17.984801,1.001631
168000,0.002000,-17.969649,1.001629
168000,0.003000,-17.954543,1.001628
168000,0.004000,-17.939486,1.001626
168000,0.005000,-17.923751,1.001625
168000,0.006000,-17.894232,1.001622
168000,0.007000,-17.864899,1.001618
168000,0.008000,-17.835760,1.001615
168000,0.009000,-17.806820,1.001611
168000,0.010000,-17.778086,1.001608
168000,0.011000,-17.749563,1.001604
168000,0.012000,-17.721259,1.001600
168000,0.013000,-17.693177,1.001597
168000,0.014000,-17.665325,1.001593
168000,0.015000,-17.637706,1.001590
168000,0.016000,-17.610327,1.001586
168000,0.017000,-17.583192,1.001583
168000,0.018000,-17.556307,1.001579
168000,0.019000,-17.529674,1.001575
168000,0.020000,-17.503300,1.001572
168000,0.021000,-17.477188,1.001568
168000,0.022000,-17.451343,1.001565
168000,0.023000,-17.425767,1.001561
168000,0.024000,-17.400466,1.001558
168000,0.025000,-17.375442,1.001554
168000,0.026000,-17.350700,1.001551
168000,0.027000,-17.326242,1.001547
168000,0.028000,-17.302072,1.001544
168000,0.029000,-17.278192,1.001540
168000,0.030000,-17.254607,1.001537
168000,0.031000,-17.231317,1.001533
168000,0.032000,-17.208328,1.001530
168000,0.033000,-17.185639,1.001526
168000,0.034000,-17.163256,1.001523
168000,0.035000,-17.141179,1.001520
168000,0.036000,-17.119410,1.001516
168000,0.037000,-17.097953,1.001513
168000,0.038000,-17.076809,1.001510
168000,0.039000,-17.055980,1.001506
168000,0.040000,-17.035468,1.001503
168000,0.041000,-17.015274,1.001500
168000,0.042000,-16.995401,1.001497
168000,0.043000,-16.975850,1.001494
168000,0.044000,-16.956622,1.001491
168000,0.045000,-16.937719,1.001487
168000,0.046000,-16.919142,1.001484
168000,0.047000,-16.900893,1.001481
168000,0.048000,-16.882973,1.001479
168000,0.049000,-16.865382,1.001476
168000,0.050000,-16.848123,1.001473
168000,0.051000,-16.831195,1.001470
168000,0.052000,-16.814601,1.001467
168000,0.053000,-16.798341,1.001464
168000,0.054000,-16.782415,1.001462
168000,0.055000,-16.766825,1.001459
168000,0.056000,-16.751571,1.001456
168000,0.057000,-16.736655,1.001454
168000,0.058000,-16.722076,1.001451
168000,0.059000,-16.707836,1.001449
168000,0.060000,-16.693935,1.001446
168000,0.061000,-16.680373,1.001444
168000,0.062000,-16.667151,1.001442
168000,0.063000,-16.654270,1.001439
168000,0.064000,-16.641730,1.001437
168000,0.065000,-16.629531,1.001435
168000,0.066000,-16.617674,1.001433
168000,0.067000,-16.606159,1.001431
168000,0.068000,-16.594987,1.001429
168000,0.069000,-16.584157,1.001427
168000,0.070000,-16.573671,1.001425
168000,0.071000,-16.563527,1.001423
168000,0.072000,-16.553728,1.001421
168000,0.073000,-16.544271,1.001420
168000,0.074000,-16.535159,1.001418
168000,0.075000,-16.526391,1.001416
168000,0.076000,-16.517968,1.001415
168000,0.077000,-16.509889,1.001413
168000,0.078000,-16.502154,1.001412
168000,0.079000,-16.494764,1.001410
168000,0.080000,-16.487719,1.001409
168000,0.081000,-16.481019,1.001408
168000,0.082000,-16.474663,1.001407
168000,0.083000,-16.468653,1.001405
168000,0.084000,-16.462988,1.001404
168000,0.085000,-16.457668,1.001403
168000,0.086000,-16.452693,1.001402
168000,0.087000,-16.448064,1.001402
168000,0.088000,-16.443780,1.001401
168000,0.089000,-16.439841,1.001400
168000,0.090000,-16.436248,1.001399
168000,0.091000,-16.433000,1.001399
168000,0.092000,-16.430098,1.001398
168000,0.093000,-16.427541,1.001398
168000,0.094000,-16.425330,1.001397
168000,0.095000,-16.423464,1.001397
168000,0.096000,-16.421943,1.001397
168000,0.097000,-16.420769,1.001396
168000,0.098000,-16.419939,1.001396
168000,0.099000,-16.419456,1.001396
170000,0.000000,-18.000000,1.001657
170000,0.001000,-17.984909,1.001653
170000,0.002000,-17.969865,1.001651
170000,0.003000,-17.954869,1.001649
170000,0.004000,-17.939921,1.001648
170000,0.005000,-17.924299,1.001647
170000,0.006000,-17.894995,1.001644
170000,0.007000,-17.865878,1.001640
170000,0.008000,-17.836953,1.001637
170000,0.009000,-17.808228,1.001633
170000,0.010000,-17.779708,1.001630
170000,0.011000,-17.751400,1.001626
170000,0.012000,-17.723309,1.001623
170000,0.013000,-17.695440,1.001619
170000,0.014000,-17.667800,1.001616
170000,0.015000,-17.640393,1.001612
170000,0.016000,-17.613225,1.001609
170000,0.017000,-17.586300,1.001606
170000,0.018000,-17.559622,1.001602
170000,0.019000,-17.533197,1.001599
170000,0.020000,-17.507029,1.001595
170000,0.021000,-17.481122,1.001592
170000,0.022000,-17.455480,1.001588
170000,0.023000,-17.430107,1.001585
170000,0.024000,-17.405006,1.001581
170000,0.025000,-17.380181,1.001578
170000,0.026000,-17.355636,1.001574
170000,0.027000,-17.331373,1.001571
170000,0.028000,-17.307397,1.001568
170000,0.029000,-17.283709,1.001564
170000,0.030000,-17.260314,1.001561
170000,0.031000,-17.237213,1.001557
170000,0.032000,-17.214409,1.001554
170000,0.033000,-17.191905,1.001551
170000,0.034000,-17.169703,1.001547
170000,0.035000,-17.147806,1.001544
170000,0.036000,-17.126215,1.001541
170000,0.037000,-17.104934,1.001538
170000,0.038000,-17.083963,1.001535
170000,0.039000,-17.063305,1.001531
170000,0.040000,-17.042961,1.001528
170000,0.041000,-17.022934,1.001525
170000,0.042000,-17.003225,1.001522
170000,0.043000,-16.983835,1.001519
170000,0.044000,-16.964766,1.001516
170000,0.045000,-16.946020,1.001513
170000,0.046000,-16.927598,1.001510
170000,0.047000,-16.909500,1.001507
170000,0.048000,-16.891729,1.001504
170000,0.049000,-16.874285,1.001501
170000,0.050000,-16.857169,1.001499
170000,0.051000,-16.840383,1.001496
170000,0.052000,-16.823927,1.001493
170000,0.053000,-16.807803,1.001491
170000,0.054000,-16.792011,1.001488
170000,0.055000,-16.776551,1.001485
170000,0.056000,-16.761426,1.001483
170000,0.057000,-16.746635,1.001480
170000,0.058000,-16.732178,1.001478
170000,0.059000,-16.718058,1.001475
170000,0.060000,-16.704273,1.001473
170000,0.061000,-16.690826,1.001471
170000,0.062000,-16.677716,1.001468
170000,0.063000,-16.664943,1.001466
170000,0.064000,-16.652509,1.001464
170000,0.065000,-16.640413,1.001462
170000,0.066000,-16.628656,1.001460
170000,0.067000,-16.617239,1.001458
170000,0.068000,-16.606161,1.001456
170000,0.069000,-16.595423,1.001454
170000,0.070000,-16.585025,1.001452
170000,0.071000,-16.574967,1.001450
170000,0.072000,-16.565251,1.001449
170000,0.073000,-16.555875,1.001447
170000,0.074000,-16.546840,1.001445
170000,0.075000,-16.538146,1.001444
170000,0.076000,-16.529794,1.001442
170000,0.077000,-16.521784,1.001441
170000,0.078000,-16.514115,1.001439
170000,0.079000,-16.506787,1.001438
170000,0.080000,-16.499802,1.001437
170000,0.081000,-16.493159,1.001436
170000,0.082000,-16.486857,1.001434
170000,0.083000,-16.480898,1.001433
170000,0.084000,-16.475281,1.001432
170000,0.085000,-16.470007,1.001431
170000,0.086000,-16.465074,1.001430
170000,0.087000,-16.460484,1.001430
170000,0.088000,-16.456237,1.001429
170000,0.089000,-16.452332,1.001428
170000,0.090000,-16.448769,1.001427
170000,0.091000,-16.445549,1.001427
170000,0.092000,-16.442671,1.001426
170000,0.093000,-16.440136,1.001426
170000,0.094000,-16.437944,1.001425
170000,0.095000,-16.436094,1.001425
170000,0.096000,-16.434586,1.001425
170000,0.097000,-16.433421,1.001425
170000,0.098000,-16.432599,1.001424
170000,0.099000,-16.432120,1.001424
172000,0.000000,-18.000000,1.001677
172000,0.001000,-17.985013,1.001674
172000,0.002000,-17.970073,1.001672
172000,0.003000,-17.955180,1.001670
172000,0.004000,-17.940335,1.001669
172000,0.005000,-17.924822,1.001668
172000,0.006000,-17.895724,1.001665
172000,0.007000,-17.866812,1.001661
172000,0.008000,-17.838094,1.001658
172000,0.009000,-17.809574,1.001655
172000,0.010000,-17.781260,1.001651
172000,0.011000,-17.753157,1.001648
172000,0.012000,-17.725270,1.001645
172000,0.013000,-17.697606,1.001641
172000,0.014000,-17.670169,1.001638
172000,0.015000,-17.642965,1.001634
172000,0.016000,-17.615998,1.001631
172000,0.017000,-17.589274,1.001628
172000,0.018000,-17.562797,1.001624
172000,0.019000,-17.536571,1.001621
172000,0.020000,-17.510600,1.001617
172000,0.021000,-17.484890,1.001614
172000,0.022000,-17.459443,1.001611
172000,0.023000,-17.434263,1.001607
172000,0.024000,-17.409355,1.001604
172000,0.025000,-17.384721,1.001601
172000,0.026000,-17.360365,1.001597
172000,0.027000,-17.336290,1.001594
172000,0.028000,-17.312500,1.001591
172000,0.029000,-17.288996,1.001587
172000,0.030000,-17.265783,1.001584
172000,0.031000,-17.242863,1.001581
172000,0.032000,-17.220238,1.001577
172000,0.033000,-17.197910,1.001574
172000,0.034000,-17.175883,1.001571
172000,0.035000,-17.154159,1.001568
172000,0.036000,-17.132739,1.001565
172000,0.037000,-17.111626,1.001562
172000,0.038000,-17.090822,1.001558
172000,0.039000,-17.070328,1.001555
172000,0.040000,-17.050146,1.001552
172000,0.041000,-17.030279,1.001549
172000,0.042000,-17.010727,1.001546
172000,0.043000,-16.991493,1.001543
172000,0.044000,-16.972577,1.001540
172000,0.045000,-16.953981,1.001538
172000,0.046000,-16.935706,1.001535
172000,0.047000,-16.917755,1.001532
172000,0.048000,-16.900127,1.001529
172000,0.049000,-16.882823,1.001526
172000,0.050000,-16.865846,1.001524
172000,0.051000,-16.849196,1.001521
172000,0.052000,-16.832873,1.001518
172000,0.053000,-16.816880,1.001516
172000,0.054000,-16.801215,1.001513
172000,0.055000,-16.785882,1.001511
172000,0.056000,-16.770879,1.001508
172000,0.057000,-16.756208,1.001506
172000,0.058000,-16.741870,1.001503
172000,0.059000,-16.727864,1.001501
172000,0.060000,-16.714192,1.001499
172000,0.061000,-16.700854,1.001496
172000,0.062000,-16.687851,1.001494
172000,0.063000,-16.675183,1.001492
172000,0.064000,-16.662850,1.001490
172000,0.065000,-16.650853,1.001488
172000,0.066000,-16.639193,1.001486
172000,0.067000,-16.627869,1.001484
172000,0.068000,-16.616882,1.001482
172000,0.069000,-16.606232,1.001480
172000,0.070000,-16.595919,1.001478
172000,0.071000,-16.585944,1.001477
172000,0.072000,-16.576307,1.001475
172000,0.073000,-16.567009,1.001473
172000,0.074000,-16.558048,1.001472
172000,0.075000,-16.549426,1.001470
172000,0.076000,-16.541142,1.001469
172000,0.077000,-16.533198,1.001467
172000,0.078000,-16.525592,1.001466
172000,0.079000,-16.518325,1.001465
172000,0.080000,-16.511397,1.001464
172000,0.081000,-16.504809,1.001462
172000,0.082000,-16.498559,1.001461
172000,0.083000,-16.492649,1.001460
172000,0.084000,-16.487079,1.001459
172000,0.085000,-16.481847,1.001458
172000,0.086000,-16.476956,1.001457
172000,0.087000,-16.472404,1.001457
172000,0.088000,-16.468191,1.001456
172000,0.089000,-16.464318,1.001455
172000,0.090000,-16.460785,1.001454
172000,0.091000,-16.457591,1.001454
172000,0.092000,-16.454737,1.001453
172000,0.093000,-16.452223,1.001453
172000,0.094000,-16.450049,1.001452
172000,0.095000,-16.448214,1.001452
172000,0.096000,-16.446719,1.001452
172000,0.097000,-16.445564,1.001452
172000,0.098000,-16.444749,1.001452
172000,0.099000,-16.444273,1.001451
174000,0.000000,-18.000000,1.001697
174000,0.001000,-17.985112,1.001694
174000,0.002000,-17.970271,1.001692
174000,0.003000,-17.955477,1.001691
174000,0.004000,-17.940732,1.001689
174000,0.005000,-17.925323,1.001688
174000,0.006000,-17.896421,1.001685
174000,0.007000,-17.867706,1.001682
174000,0.008000,-17.839185,1.001678
174000,0.009000,-17.810862,1.001675
174000,0.010000,-17.782744,1.001672
174000,0.011000,-17.754837,1.001669
174000,0.012000,-17.727147,1.001665
174000,0.013000,-17.699678,1.001662
174000,0.014000,-17.672436,1.001659
174000,0.015000,-17.645427,1.001655
174000,0.016000,-17.618654,1.001652
174000,0.017000,-17.592122,1.001649
174000,0.018000,-17.565837,1.001645
174000,0.019000,-17.539801,1.001642
174000,0.020000,-17.514021,1.001639
174000,0.021000,-17.488499,1.001636
174000,0.022000,-17.463239,1.001632
174000,0.023000,-17.438245,1.001629
174000,0.024000,-17.413522,1.001626
174000,0.025000,-17.389071,1.001622
174000,0.026000,-17.364897,1.001619
174000,0.027000,-17.341002,1.001616
174000,0.028000,-17.317390,1.001613
174000,0.029000,-17.294064,1.001610
174000,0.030000,-17.271026,1.001606
174000,0.031000,-17.248279,1.001603
174000,0.032000,-17.225826,1.001600
174000,0.033000,-17.203669,1.001597
174000,0.034000,-17.181809,1.001594
174000,0.035000,-17.160251,1.001591
174000,0.036000,-17.138995,1.001588
174000,0.037000,-17.118044,1.001585
174000,0.038000,-17.097400,1.001582
174000,0.039000,-17.077064,1.001579
174000,0.040000,-17.057038,1.001576
174000,0.041000,-17.037324,1.001573
174000,0.042000,-17.017924,1.001570
174000,0.043000,-16.998838,1.001567
174000,0.044000,-16.980069,1.001564
174000,0.045000,-16.961618,1.001561
174000,0.046000,-16.943486,1.001558
174000,0.047000,-16.925674,1.001556
174000,0.048000,-16.908184,1.001553
174000,0.049000,-16.891016,1.001550
174000,0.050000,-16.874172,1.001548
174000,0.051000,-16.857652,1.001545
174000,0.052000,-16.841458,1.001542
174000,0.053000,-16.825590,1.001540
174000,0.054000,-16.810049,1.001537
174000,0.055000,-16.794835,1.001535
174000,0.056000,-16.779951,1.001533
174000,0.057000,-16.765396,1.001530
174000,0.058000,-16.751170,1.001528
174000,0.059000,-16.737276,1.001526
174000,0.060000,-16.723712,1.001523
174000,0.061000,-16.710479,1.001521
174000,0.062000,-16.697579,1.001519
174000,0.063000,-16.685011,1.001517
174000,0.064000,-16.672776,1.001515
174000,0.065000,-16.660875,1.001513
174000,0.066000,-16.649307,1.001511
174000,0.067000,-16.638073,1.001509
174000,0.068000,-16.627173,1.001507
174000,0.069000,-16.616608,1.001506
174000,0.070000,-16.606377,1.001504
174000,0.071000,-16.596482,1.001502
174000,0.072000,-16.586921,1.001500
174000,0.073000,-16.577697,1.001499
174000,0.074000,-16.568807,1.001497
174000,0.075000,-16.560254,1.001496
174000,0.076000,-16.552037,1.001494
174000,0.077000,-16.544155,1.001493
174000,0.078000,-16.536610,1.001492
174000,0.079000,-16.529401,1.001490
174000,0.080000,-16.522529,1.001489
174000,0.081000,-16.515993,1.001488
174000,0.082000,-16.509793,1.001487
174000,0.083000,-16.503930,1.001486
174000,0.084000,-16.498404,1.001485
174000,0.085000,-16.493215,1.001484
174000,0.086000,-16.488362,1.001483
174000,0.087000,-16.483847,1.001482
174000,0.088000,-16.479668,1.001482
174000,0.089000,-16.475826,1.001481
174000,0.090000,-16.472321,1.001480
174000,0.091000,-16.469153,1.001480
174000,0.092000,-16.466322,1.001479
174000,0.093000,-16.463828,1.001479
174000,0.094000,-16.461671,1.001479
174000,0.095000,-16.459851,1.001478
174000,0.096000,-16.458368,1.001478
174000,0.097000,-16.457222,1.001478
174000,0.098000,-16.456413,1.001478
174000,0.099000,-16.455941,1.001478
176000,0.000000,-18.000000,1.001717
176000,0.001000,-17.985206,1.001713
176000,0.002000,-17.970460,1.001712
176000,0.003000,-17.955761,1.001710
176000,0.004000,-17.941111,1.001708
176000,0.005000,-17.925801,1.001708
176000,0.006000,-17.897088,1.001704
176000,0.007000,-17.868562,1.001701
176000,0.008000,-17.840228,1.001698
176000,0.009000,-17.812094,1.001695
176000,0.010000,-17.784165,1.001692
176000,0.011000,-17.756446,1.001689
176000,0.012000,-17.728944,1.001685
176000,0.013000,-17.701662,1.001682
176000,0.014000,-17.674608,1.001679
176000,0.015000,-17.647784,1.001676
176000,0.016000,-17.621197,1.001672
176000,0.017000,-17.594850,1.001669
176000,0.018000,-17.568749,1.001666
176000,0.019000,-17.542897,1.001663
176000,0.020000,-17.517298,1.001660
176000,0.021000,-17.491957,1.001656
176000,0.022000,-17.466877,1.001653
176000,0.023000,-17.442063,1.001650
176000,0.024000,-17.417516,1.001647
176000,0.025000,-17.393242,1.001644
176000,0.026000,-17.369242,1.001640
176000,0.027000,-17.345521,1.001637
176000,0.028000,-17.322080,1.001634
176000,0.029000,-17.298924,1.001631
176000,0.030000,-17.276055,1.001628
176000,0.031000,-17.253474,1.001625
176000,0.032000,-17.231186,1.001622
176000,0.033000,-17.209192,1.001619
176000,0.034000,-17.187494,1.001616
176000,0.035000,-17.166095,1.001613
176000,0.036000,-17.144997,1.001610
176000,0.037000,-17.124202,1.001607
176000,0.038000,-17.103711,1.001604
176000,0.039000,-17.083527,1.001601
176000,0.040000,-17.063651,1.001598
176000,0.041000,-17.044085,1.001595
176000,0.042000,-17.024830,1.001592
176000,0.043000,-17.005888,1.001589
176000,0.044000,-16.987260,1.001587
176000,0.045000,-16.968948,1.001584
176000,0.046000,-16.950953,1.001581
176000,0.047000,-16.933276,1.001579
176000,0.048000,-16.915918,1.001576
176000,0.049000,-16.898880,1.001573
176000,0.050000,-16.882164,1.001571
176000,0.051000,-16.865770,1.001568
176000,0.052000,-16.849698,1.001566
176000,0.053000,-16.833951,1.001563
176000,0.054000,-16.818529,1.001561
176000,0.055000,-16.803432,1.001558
176000,0.056000,-16.788661,1.001556
176000,0.057000,-16.774217,1.001554
176000,0.058000,-16.760100,1.001552
176000,0.059000,-16.746312,1.001549
176000,0.060000,-16.732852,1.001547
176000,0.061000,-16.719721,1.001545
176000,0.062000,-16.706920,1.001543
176000,0.063000,-16.694449,1.001541
176000,0.064000,-16.682308,1.001539
176000,0.065000,-16.670498,1.001537
176000,0.066000,-16.659019,1.001535
176000,0.067000,-16.647871,1.001533
176000,0.068000,-16.637055,1.001532
176000,0.069000,-16.626572,1.001530
176000,0.070000,-16.616420,1.001528
176000,0.071000,-16.606601,1.001526
176000,0.072000,-16.597114,1.001525
176000,0.073000,-16.587961,1.001523
176000,0.074000,-16.579140,1.001522
176000,0.075000,-16.570653,1.001520
176000,0.076000,-16.562499,1.001519
176000,0.077000,-16.554679,1.001518
176000,0.078000,-16.547192,1.001516
176000,0.079000,-16.540039,1.001515
176000,0.080000,-16.533220,1.001514
176000,0.081000,-16.526734,1.001513
176000,0.082000,-16.520583,1.001512
176000,0.083000,-16.514766,1.001511
176000,0.084000,-16.509282,1.001510
176000,0.085000,-16.504133,1.001509
176000,0.086000,-16.499318,1.001508
176000,0.087000,-16.494838,1.001507
176000,0.088000,-16.490691,1.001507
176000,0.089000,-16.486879,1.001506
176000,0.090000,-16.483401,1.001505
176000,0.091000,-16.480258,1.001505
176000,0.092000,-16.477449,1.001504
176000,0.093000,-16.474974,1.001504
176000,0.094000,-16.472834,1.001504
176000,0.095000,-16.471028,1.001503
176000,0.096000,-16.469556,1.001503
176000,0.097000,-16.468419,1.001503
176000,0.098000,-16.467617,1.001503
176000,0.099000,-16.467148,1.001503
178000,0.000000,-18.000000,1.001735
178000,0.001000,-17.985297,1.001732
178000,0.002000,-17.970641,1.001730
178000,0.003000,-17.956033,1.001729
178000,0.004000,-17.941473,1.001727
178000,0.005000,-17.926259,1.001726
178000,0.006000,-17.897725,1.001723
178000,0.007000,-17.869379,1.001720
178000,0.008000,-17.841227,1.001717
178000,0.009000,-17.813273,1.001714
178000,0.010000,-17.785525,1.001711
178000,0.011000,-17.757986,1.001708
178000,0.012000,-17.730664,1.001705
178000,0.013000,-17.703563,1.001701
178000,0.014000,-17.676687,1.001698
178000,0.015000,-17.650042,1.001695
178000,0.016000,-17.623633,1.001692
178000,0.017000,-17.597464,1.001689
178000,0.018000,-17.571540,1.001686
178000,0.019000,-17.545863,1.001683
178000,0.020000,-17.520440,1.001679
178000,0.021000,-17.495273,1.001676
178000,0.022000,-17.470366,1.001673
178000,0.023000,-17.445722,1.001670
178000,0.024000,-17.421346,1.001667
178000,0.025000,-17.397241,1.001664
178000,0.026000,-17.373409,1.001661
178000,0.027000,-17.349854,1.001658
178000,0.028000,-17.326579,1.001655
178000,0.029000,-17.303586,1.001652
178000,0.030000,-17.280879,1.001649
178000,0.031000,-17.258459,1.001646
178000,0.032000,-17.236329,1.001643
178000,0.033000,-17.214492,1.001640
178000,0.034000,-17.192949,1.001637
178000,0.035000,-17.171704,1.001634
178000,0.036000,-17.150758,1.001631
178000,0.037000,-17.130112,1.001628
178000,0.038000,-17.109769,1.001625
178000,0.039000,-17.089731,1.001622
178000,0.040000,-17.069999,1.001619
178000,0.041000,-17.050575,1.001617
178000,0.042000,-17.031460,1.001614
178000,0.043000,-17.012656,1.001611
178000,0.044000,-16.994165,1.001608
178000,0.045000,-16.975986,1.001606
178000,0.046000,-16.958123,1.001603
178000,0.047000,-16.940575,1.001601
178000,0.048000,-16.923345,1.001598
178000,0.049000,-16.906432,1.001595
178000,0.050000,-16.889839,1.001593
178000,0.051000,-16.873565,1.001591
178000,0.052000,-16.857613,1.001588
178000,0.053000,-16.841982,1.001586
178000,0.054000,-16.826673,1.001583
178000,0.055000,-16.811688,1.001581
178000,0.056000,-16.797027,1.001579
178000,0.057000,-16.782690,1.001577
178000,0.058000,-16.768678,1.001574
178000,0.059000,-16.754992,1.001572
178000,0.060000,-16.741632,1.001570
178000,0.061000,-16.728599,1.001568
178000,0.062000,-16.715893,1.001566
178000,0.063000,-16.703515,1.001564
178000,0.064000,-16.691464,1.001562
178000,0.065000,-16.679742,1.001560
178000,0.066000,-16.668349,1.001558
178000,0.067000,-16.657285,1.001557
178000,0.068000,-16.646550,1.001555
178000,0.069000,-16.636144,1.001553
178000,0.070000,-16.626069,1.001552
178000,0.071000,-16.616323,1.001550
178000,0.072000,-16.606908,1.001548
178000,0.073000,-16.597823,1.001547
178000,0.074000,-16.589068,1.001545
178000,0.075000,-16.580645,1.001544
178000,0.076000,-16.572552,1.001543
178000,0.077000,-16.564790,1.001541
178000,0.078000,-16.557360,1.001540
178000,0.079000,-16.550260,1.001539
178000,0.080000,-16.543492,1.001538
178000,0.081000,-16.537056,1.001537
178000,0.082000,-16.530950,1.001536
178000,0.083000,-16.525177,1.001535
178000,0.084000,-16.519735,1.001534
178000,0.085000,-16.514624,1.001533
178000,0.086000,-16.509846,1.001532
178000,0.087000,-16.505399,1.001531
178000,0.088000,-16.501283,1.001531
178000,0.089000,-16.497500,1.001530
178000,0.090000,-16.494048,1.001530
178000,0.091000,-16.490929,1.001529
178000,0.092000,-16.488141,1.001529
178000,0.093000,-16.485685,1.001528
178000,0.094000,-16.483560,1.001528
178000,0.095000,-16.481768,1.001527
178000,0.096000,-16.480308,1.001527
178000,0.097000,-16.479179,1.001527
178000,0.098000,-16.478383,1.001527
178000,0.099000,-16.477918,1.001527
180000,0.000000,-18.000000,1.001753
180000,0.001000,-17.985383,1.001750
180000,0.002000,-17.970814,1.001748
180000,0.003000,-17.956292,1.001747
180000,0.004000,-17.941820,1.001745
180000,0.005000,-17.926696,1.001744
180000,0.006000,-17.898335,1.001741
180000,0.007000,-17.870162,1.001738
180000,0.008000,-17.842182,1.001735
180000,0.009000,-17.814402,1.001732
180000,0.010000,-17.786826,1.001729
180000,0.011000,-17.759461,1.001726
180000,0.012000,-17.732312,1.001723
180000,0.013000,-17.705383,1.001720
180000,0.014000,-17.678679,1.001717
180000,0.015000,-17.652206,1.001714
180000,0.016000,-17.625968,1.001711
180000,0.017000,-17.599970,1.001708
180000,0.018000,-17.574215,1.001705
180000,0.019000,-17.548707,1.001702
180000,0.020000,-17.523452,1.001699
180000,0.021000,-17.498452,1.001695
180000,0.022000,-17.473711,1.001692
180000,0.023000,-17.449233,1.001689
180000,0.024000,-17.425021,1.001686
180000,0.025000,-17.401078,1.001683
180000,0.026000,-17.377407,1.001680
180000,0.027000,-17.354012,1.001677
180000,0.028000,-17.330896,1.001674
180000,0.029000,-17.308060,1.001671
180000,0.030000,-17.285508,1.001668
180000,0.031000,-17.263243,1.001666
180000,0.032000,-17.241266,1.001663
180000,0.033000,-17.219579,1.001660
180000,0.034000,-17.198186,1.001657
180000,0.035000,-17.177089,1.001654
180000,0.036000,-17.156288,1.001651
180000,0.037000,-17.135787,1.001648
180000,0.038000,-17.115586,1.001646
180000,0.039000,-17.095689,1.001643
180000,0.040000,-17.076095,1.001640
180000,0.041000,-17.056808,1.001637
180000,0.042000,-17.037828,1.001635
180000,0.043000,-17.019157,1.001632
180000,0.044000,-17.000796,1.001629
180000,0.045000,-16.982747,1.001627
180000,0.046000,-16.965010,1.001624
180000,0.047000,-16.947587,1.001622
180000,0.048000,-16.930479,1.001619
180000,0.049000,-16.913687,1.001617
180000,0.050000,-16.897212,1.001614
180000,0.051000,-16.881055,1.001612
180000,0.052000,-16.865217,1.001610
180000,0.053000,-16.849698,1.001607
180000,0.054000,-16.834499,1.001605
180000,0.055000,-16.819621,1.001603
180000,0.056000,-16.805065,1.001601
180000,0.057000,-16.790831,1.001598
180000,0.058000,-16.776920,1.001596
180000,0.059000,-16.763333,1.001594
180000,0.060000,-16.750070,1.001592
180000,0.061000,-16.737131,1.001590
180000,0.062000,-16.724516,1.001588
180000,0.063000,-16.712227,1.001586
180000,0.064000,-16.700264,1.001584
180000,0.065000,-16.688627,1.001583
180000,0.066000,-16.677316,1.001581
180000,0.067000,-16.666332,1.001579
180000,0.068000,-16.655675,1.001577
180000,0.069000,-16.645345,1.001576
180000,0.070000,-16.635342,1.001574
180000,0.071000,-16.625668,1.001573
180000,0.072000,-16.616321,1.001571
180000,0.073000,-16.607302,1.001570
180000,0.074000,-16.598611,1.001568
180000,0.075000,-16.590249,1.001567
180000,0.076000,-16.582215,1.001566
180000,0.077000,-16.574510,1.001564
180000,0.078000,-16.567133,1.001563
180000,0.079000,-16.560085,1.001562
180000,0.080000,-16.553367,1.001561
180000,0.081000,-16.546977,1.001560
180000,0.082000,-16.540916,1.001559
180000,0.083000,-16.535185,1.001558
180000,0.084000,-16.529782,1.001557
180000,0.085000,-16.524709,1.001556
180000,0.086000,-16.519965,1.001555
180000,0.087000,-16.515551,1.001555
180000,0.088000,-16.511466,1.001554
180000,0.089000,-16.507710,1.001553
180000,0.090000,-16.504283,1.001553
180000,0.091000,-16.501186,1.001552
180000,0.092000,-16.498419,1.001552
180000,0.093000,-16.495981,1.001551
180000,0.094000,-16.493872,1.001551
180000,0.095000,-16.492093,1.001551
180000,0.096000,-16.490643,1.001550
180000,0.097000,-16.489523,1.001550
180000,0.098000,-16.488732,1.001550
180000,0.099000,-16.488271,1.001550
182000,0.000000,-18.000000,1.001770
182000,0.001000,-17.985466,1.001767
182000,0.002000,-17.970979,1.001765
182000,0.003000,-17.956541,1.001764
182000,0.004000,-17.942151,1.001762
182000,0.005000,-17.927115,1.001762
182000,0.006000,-17.898919,1.001759
182000,0.007000,-17.870911,1.001756
182000,0.008000,-17.843097,1.001753
182000,0.009000,-17.815482,1.001750
182000,0.010000,-17.788073,1.001747
182000,0.011000,-17.760874,1.001744
182000,0.012000,-17.733890,1.001741
182000,0.013000,-17.707127,1.001738
182000,0.014000,-17.680588,1.001735
182000,0.015000,-17.654280,1.001732
182000,0.016000,-17.628207,1.001729
182000,0.017000,-17.602372,1.001726
182000,0.018000,-17.576780,1.001723
182000,0.019000,-17.551435,1.001720
182000,0.020000,-17.526341,1.001717
182000,0.021000,-17.501501,1.001714
182000,0.022000,-17.476920,1.001711
182000,0.023000,-17.452601,1.001708
182000,0.024000,-17.428546,1.001705
182000,0.025000,-17.404760,1.001702
182000,0.026000,-17.381244,1.001699
182000,0.027000,-17.358003,1.001696
182000,0.028000,-17.335039,1.001693
182000,0.029000,-17.312355,1.001691
182000,0.030000,-17.289953,1.001688
182000,0.031000,-17.267836,1.001685
182000,0.032000,-17.246006,1.001682
182000,0.033000,-17.224465,1.001679
182000,0.034000,-17.203216,1.001676
182000,0.035000,-17.182260,1.001674
182000,0.036000,-17.161600,1.001671
182000,0.037000,-17.141237,1.001668
182000,0.038000,-17.121174,1.001665
182000,0.039000,-17.101411,1.001663
182000,0.040000,-17.081952,1.001660
182000,0.041000,-17.062796,1.001657
182000,0.042000,-17.043946,1.001655
182000,0.043000,-17.025403,1.001652
182000,0.044000,-17.007168,1.001650
182000,0.045000,-16.989242,1.001647
182000,0.046000,-16.971628,1.001645
182000,0.047000,-16.954325,1.001642
182000,0.048000,-16.937335,1.001640
182000,0.049000,-16.920660,1.001637
182000,0.050000,-16.904299,1.001635
182000,0.051000,-16.888253,1.001633
182000,0.052000,-16.872525,1.001630
182000,0.053000,-16.857114,1.001628
182000,0.054000,-16.842021,1.001626
182000,0.055000,-16.827247,1.001624
182000,0.056000,-16.812792,1.001622
182000,0.057000,-16.798658,1.001619
182000,0.058000,-16.784844,1.001617
182000,0.059000,-16.771352,1.001615
182000,0.060000,-16.758181,1.001613
182000,0.061000,-16.745333,1.001611
182000,0.062000,-16.732807,1.001610
182000,0.063000,-16.720604,1.001608
182000,0.064000,-16.708725,1.001606
182000,0.065000,-16.697169,1.001604
182000,0.066000,-16.685938,1.001602
182000,0.067000,-16.675031,1.001601
182000,0.068000,-16.664449,1.001599
182000,0.069000,-16.654192,1.001597
182000,0.070000,-16.644260,1.001596
182000,0.071000,-16.634653,1.001594
182000,0.072000,-16.625372,1.001593
182000,0.073000,-16.616416,1.001591
182000,0.074000,-16.607787,1.001590
182000,0.075000,-16.599484,1.001589
182000,0.076000,-16.591507,1.001588
182000,0.077000,-16.583856,1.001586
182000,0.078000,-16.576531,1.001585
182000,0.079000,-16.569534,1.001584
182000,0.080000,-16.562862,1.001583
182000,0.081000,-16.556518,1.001582
182000,0.082000,-16.550500,1.001581
182000,0.083000,-16.544809,1.001580
182000,0.084000,-16.539445,1.001579
182000,0.085000,-16.534408,1.001578
182000,0.086000,-16.529697,1.001578
182000,0.087000,-16.525314,1.001577
182000,0.088000,-16.521258,1.001576
182000,0.089000,-16.517529,1.001576
182000,0.090000,-16.514127,1.001575
182000,0.091000,-16.511052,1.001575
182000,0.092000,-16.508304,1.001574
182000,0.093000,-16.505883,1.001574
182000,0.094000,-16.503789,1.001573
182000,0.095000,-16.502022,1.001573
182000,0.096000,-16.500583,1.001573
182000,0.097000,-16.499471,1.001573
182000,0.098000,-16.498685,1.001573
182000,0.099000,-16.498227,1.001572
184000,0.000000,-18.000000,1.001786
184000,0.001000,-17.985545,1.001783
184000,0.002000,-17.971138,1.001782
184000,0.003000,-17.956778,1.001780
184000,0.004000,-17.942468,1.001779
184000,0.005000,-17.927515,1.001778
184000,0.006000,-17.899477,1.001775
184000,0.007000,-17.871628,1.001772
184000,0.008000,-17.843973,1.001770
184000,0.009000,-17.816517,1.001767
184000,0.010000,-17.789267,1.001764
184000,0.011000,-17.762227,1.001761
184000,0.012000,-17.735402,1.001758
184000,0.013000,-17.708798,1.001755
184000,0.014000,-17.682418,1.001752
184000,0.015000,-17.656269,1.001749
184000,0.016000,-17.630353,1.001746
184000,0.017000,-17.604675,1.001743
184000,0.018000,-17.579240,1.001740
184000,0.019000,-17.554051,1.001738
184000,0.020000,-17.529113,1.001735
184000,0.021000,-17.504428,1.001732
184000,0.022000,-17.480000,1.001729
184000,0.023000,-17.455833,1.001726
184000,0.024000,-17.431930,1.001723
184000,0.025000,-17.408294,1.001720
184000,0.026000,-17.384928,1.001717
184000,0.027000,-17.361835,1.001715
184000,0.028000,-17.339018,1.001712
184000,0.029000,-17.316480,1.001709
184000,0.030000,-17.294222,1.001706
184000,0.031000,-17.272247,1.001703
184000,0.032000,-17.250559,1.001701
184000,0.033000,-17.229158,1.001698
184000,0.034000,-17.208047,1.001695
184000,0.035000,-17.187228,1.001692
184000,0.036000,-17.166704,1.001690
184000,0.037000,-17.146475,1.001687
184000,0.038000,-17.126543,1.001684
184000,0.039000,-17.106911,1.001682
184000,0.040000,-17.087580,1.001679
184000,0.041000,-17.068551,1.001677
184000,0.042000,-17.049826,1.001674
184000,0.043000,-17.031406,1.001672
184000,0.044000,-17.013293,1.001669
184000,0.045000,-16.995487,1.001667
184000,0.046000,-16.977990,1.001664
184000,0.047000,-16.960803,1.001662
184000,0.048000,-16.943927,1.001659
184000,0.049000,-16.927363,1.001657
184000,0.050000,-16.911112,1.001655
184000,0.051000,-16.895175,1.001653
184000,0.052000,-16.879552,1.001650
184000,0.053000,-16.864245,1.001648
184000,0.054000,-16.849254,1.001646
184000,0.055000,-16.834580,1.001644
184000,0.056000,-16.820223,1.001642
184000,0.057000,-16.806184,1.001640
184000,0.058000,-16.792464,1.001638
184000,0.059000,-16.779063,1.001636
184000,0.060000,-16.765982,1.001634
184000,0.061000,-16.753221,1.001632
184000,0.062000,-16.740780,1.001630
184000,0.063000,-16.728661,1.001628
184000,0.064000,-16.716862,1.001626
184000,0.065000,-16.705386,1.001625
184000,0.066000,-16.694231,1.001623
184000,0.067000,-16.683399,1.001621
184000,0.068000,-16.672889,1.001620
184000,0.069000,-16.662701,1.001618
184000,0.070000,-16.652837,1.001617
184000,0.071000,-16.643296,1.001615
184000,0.072000,-16.634079,1.001614
184000,0.073000,-16.625185,1.001612
184000,0.074000,-16.616614,1.001611
184000,0.075000,-16.608368,1.001610
184000,0.076000,-16.600446,1.001609
184000,0.077000,-16.592847,1.001607
184000,0.078000,-16.585573,1.001606
184000,0.079000,-16.578623,1.001605
184000,0.080000,-16.571998,1.001604
184000,0.081000,-16.565697,1.001603
184000,0.082000,-16.559720,1.001602
184000,0.083000,-16.554068,1.001601
184000,0.084000,-16.548741,1.001601
184000,0.085000,-16.543739,1.001600
184000,0.086000,-16.539061,1.001599
184000,0.087000,-16.534708,1.001598
184000,0.088000,-16.530679,1.001598
184000,0.089000,-16.526976,1.001597
184000,0.090000,-16.523597,1.001597
184000,0.091000,-16.520543,1.001596
184000,0.092000,-16.517814,1.001596
184000,0.093000,-16.515410,1.001595
184000,0.094000,-16.513330,1.001595
184000,0.095000,-16.511576,1.001595
184000,0.096000,-16.510146,1.001594
184000,0.097000,-16.509042,1.001594
184000,0.098000,-16.508262,1.001594
184000,0.099000,-16.507807,1.001594
186000,0.000000,-18.000000,1.001802
186000,0.001000,-17.985620,1.001799
186000,0.002000,-17.971289,1.001798
186000,0.003000,-17.957005,1.001796
186000,0.004000,-17.942771,1.001795
186000,0.005000,-17.927898,1.001794
186000,0.006000,-17.900012,1.001791
186000,0.007000,-17.872314,1.001789
186000,0.008000,-17.844811,1.001786
186000,0.009000,-17.817508,1.001783
186000,0.010000,-17.790411,1.001780
186000,0.011000,-17.763523,1.001777
186000,0.012000,-17.736852,1.001774
186000,0.013000,-17.710400,1.001772
186000,0.014000,-17.684173,1.001769
186000,0.015000,-17.658175,1.001766
186000,0.016000,-17.632411,1.001763
186000,0.017000,-17.606885,1.001760
186000,0.018000,-17.581601,1.001757
186000,0.019000,-17.556562,1.001755
186000,0.020000,-17.531773,1.001752
186000,0.021000,-17.507236,1.001749
186000,0.022000,-17.482956,1.001746
186000,0.023000,-17.458936,1.001743
186000,0.024000,-17.435179,1.001740
186000,0.025000,-17.411688,1.001738
186000,0.026000,-17.388466,1.001735
186000,0.027000,-17.365516,1.001732
186000,0.028000,-17.342840,1.001729
186000,0.029000,-17.320442,1.001727
186000,0.030000,-17.298323,1.001724
186000,0.031000,-17.276486,1.001721
186000,0.032000,-17.254934,1.001718
186000,0.033000,-17.233668,1.001716
186000,0.034000,-17.212690,1.001713
186000,0.035000,-17.192004,1.001710
186000,0.036000,-17.171609,1.001708
186000,0.037000,-17.151509,1.001705
186000,0.038000,-17.131705,1.001703
186000,0.039000,-17.112198,1.001700
186000,0.040000,-17.092991,1.001698
186000,0.041000,-17.074084,1.001695
186000,0.042000,-17.055480,1.001693
186000,0.043000,-17.037179,1.001690
186000,0.044000,-17.019182,1.001688
186000,0.045000,-17.001492,1.001685
186000,0.046000,-16.984108,1.001683
186000,0.047000,-16.967033,1.001681
186000,0.048000,-16.950267,1.001678
186000,0.049000,-16.933811,1.001676
186000,0.050000,-16.917666,1.001674
186000,0.051000,-16.901832,1.001672
186000,0.052000,-16.886312,1.001670
186000,0.053000,-16.871105,1.001667
186000,0.054000,-16.856212,1.001665
186000,0.055000,-16.841634,1.001663
186000,0.056000,-16.827372,1.001661
186000,0.057000,-16.813425,1.001659
186000,0.058000,-16.799795,1.001657
186000,0.059000,-16.786483,1.001655
186000,0.060000,-16.773488,1.001653
186000,0.061000,-16.760811,1.001652
186000,0.062000,-16.748452,1.001650
186000,0.063000,-16.736413,1.001648
186000,0.064000,-16.724693,1.001646
186000,0.065000,-16.713292,1.001645
186000,0.066000,-16.702211,1.001643
186000,0.067000,-16.691450,1.001641
186000,0.068000,-16.681010,1.001640
186000,0.069000,-16.670891,1.001638
186000,0.070000,-16.661092,1.001637
186000,0.071000,-16.651614,1.001635
186000,0.072000,-16.642458,1.001634
186000,0.073000,-16.633623,1.001633
186000,0.074000,-16.625110,1.001631
186000,0.075000,-16.616918,1.001630
186000,0.076000,-16.609048,1.001629
186000,0.077000,-16.601501,1.001628
186000,0.078000,-16.594275,1.001627
186000,0.079000,-16.587371,1.001626
186000,0.080000,-16.580790,1.001625
186000,0.081000,-16.574531,1.001624
186000,0.082000,-16.568594,1.001623
186000,0.083000,-16.562980,1.001622
186000,0.084000,-16.557689,1.001621
186000,0.085000,-16.552719,1.001620
186000,0.086000,-16.548073,1.001620
186000,0.087000,-16.543749,1.001619
186000,0.088000,-16.539747,1.001618
186000,0.089000,-16.536068,1.001618
186000,0.090000,-16.532712,1.001617
186000,0.091000,-16.529679,1.001617
186000,0.092000,-16.526968,1.001616
186000,0.093000,-16.524580,1.001616
186000,0.094000,-16.522514,1.001616
186000,0.095000,-16.520771,1.001615
186000,0.096000,-16.519351,1.001615
186000,0.097000,-16.518254,1.001615
186000,0.098000,-16.517480,1.001615
186000,0.099000,-16.517028,1.001615
188000,0.000000,-18.000000,1.001817
188000,0.001000,-17.985692,1.001815
188000,0.002000,-17.971434,1.001813
188000,0.003000,-17.957223,1.001812
188000,0.004000,-17.943061,1.001810
188000,0.005000,-17.928265,1.001810
188000,0.006000,-17.900523,1.001807
188000,0.007000,-17.872971,1.001804
188000,0.008000,-17.845614,1.001801
188000,0.009000,-17.818458,1.001799
188000,0.010000,-17.791507,1.001796
188000,0.011000,-17.764766,1.001793
188000,0.012000,-17.738241,1.001790
188000,0.013000,-17.711936,1.001788
188000,0.014000,-17.685856,1.001785
188000,0.015000,-17.660004,1.001782
188000,0.016000,-17.634386,1.001779
188000,0.017000,-17.609006,1.001776
188000,0.018000,-17.583866,1.001774
188000,0.019000,-17.558972,1.001771
188000,0.020000,-17.534326,1.001768
188000,0.021000,-17.509933,1.001765
188000,0.022000,-17.485795,1.001763
188000,0.023000,-17.461916,1.001760
188000,0.024000,-17.438300,1.001757
188000,0.025000,-17.414948,1.001754
188000,0.026000,-17.391865,1.001752
188000,0.027000,-17.369052,1.001749
188000,0.028000,-17.346513,1.001746
188000,0.029000,-17.324249,1.001744
188000,0.030000,-17.302265,1.001741
188000,0.031000,-17.280560,1.001738
188000,0.032000,-17.259139,1.001736
188000,0.033000,-17.238003,1.001733
188000,0.034000,-17.217154,1.001730
188000,0.035000,-17.196595,1.001728
188000,0.036000,-17.176326,1.001725
188000,0.037000,-17.156350,1.001723
188000,0.038000,-17.136669,1.001720
188000,0.039000,-17.117283,1.001718
188000,0.040000,-17.098195,1.001715
188000,0.041000,-17.079406,1.001713
188000,0.042000,-17.060918,1.001711
188000,0.043000,-17.042732,1.001708
188000,0.044000,-17.024848,1.001706
188000,0.045000,-17.007269,1.001703
188000,0.046000,-16.989994,1.001701
188000,0.047000,-16.973027,1.001699
188000,0.048000,-16.956366,1.001697
188000,0.049000,-16.940014,1.001694
188000,0.050000,-16.923971,1.001692
188000,0.051000,-16.908239,1.001690
188000,0.052000,-16.892817,1.001688
188000,0.053000,-16.877706,1.001686
188000,0.054000,-16.862908,1.001684
188000,0.055000,-16.848423,1.001682
188000,0.056000,-16.834252,1.001680
188000,0.057000,-16.820394,1.001678
188000,0.058000,-16.806852,1.001676
188000,0.059000,-16.793624,1.001674
188000,0.060000,-16.780712,1.001672
188000,0.061000,-16.768117,1.001671
188000,0.062000,-16.755837,1.001669
188000,0.063000,-16.743875,1.001667
188000,0.064000,-16.732230,1.001665
188000,0.065000,-16.720903,1.001664
188000,0.066000,-16.709893,1.001662
188000,0.067000,-16.699202,1.001661
188000,0.068000,-16.688829,1.001659
188000,0.069000,-16.678774,1.001658
188000,0.070000,-16.669039,1.001656
188000,0.071000,-16.659622,1.001655
188000,0.072000,-16.650525,1.001653
188000,0.073000,-16.641747,1.001652
188000,0.074000,-16.633289,1.001651
188000,0.075000,-16.625150,1.001650
188000,0.076000,-16.617331,1.001649
188000,0.077000,-16.609832,1.001647
188000,0.078000,-16.602653,1.001646
188000,0.079000,-16.595794,1.001645
188000,0.080000,-16.589256,1.001644
188000,0.081000,-16.583037,1.001643
188000,0.082000,-16.577139,1.001643
188000,0.083000,-16.571561,1.001642
188000,0.084000,-16.566304,1.001641
188000,0.085000,-16.561367,1.001640
188000,0.086000,-16.556750,1.001639
188000,0.087000,-16.552454,1.001639
188000,0.088000,-16.548479,1.001638
188000,0.089000,-16.544824,1.001638
188000,0.090000,-16.541489,1.001637
188000,0.091000,-16.538475,1.001637
188000,0.092000,-16.535782,1.001636
188000,0.093000,-16.533410,1.001636
188000,0.094000,-16.531357,1.001636
188000,0.095000,-16.529626,1.001635
188000,0.096000,-16.528215,1.001635
188000,0.097000,-16.527125,1.001635
188000,0.098000,-16.526356,1.001635
188000,0.099000,-16.525907,1.001635
190000,0.000000,-18.000000,1.001832
190000,0.001000,-17.985762,1.001829
190000,0.002000,-17.971572,1.001828
190000,0.003000,-17.957431,1.001827
190000,0.004000,-17.943339,1.001825
190000,0.005000,-17.928615,1.001824
190000,0.006000,-17.901013,1.001822
190000,0.007000,-17.873600,1.001819
190000,0.008000,-17.846384,1.001816
190000,0.009000,-17.819367,1.001814
190000,0.010000,-17.792557,1.001811
190000,0.011000,-17.765958,1.001808
190000,0.012000,-17.739574,1.001806
190000,0.013000,-17.713409,1.001803
190000,0.014000,-17.687470,1.001800
190000,0.015000,-17.661759,1.001797
190000,0.016000,-17.636281,1.001795
190000,0.017000,-17.611041,1.001792
190000,0.018000,-17.586041,1.001789
190000,0.019000,-17.561285,1.001787
190000,0.020000,-17.536778,1.001784
190000,0.021000,-17.512522,1.001781
190000,0.022000,-17.488522,1.001778
190000,0.023000,-17.464779,1.001776
190000,0.024000,-17.441298,1.001773
190000,0.025000,-17.418081,1.001770
190000,0.026000,-17.395131,1.001768
190000,0.027000,-17.372451,1.001765
190000,0.028000,-17.350043,1.001763
190000,0.029000,-17.327910,1.001760
190000,0.030000,-17.306054,1.001757
190000,0.031000,-17.284478,1.001755
190000,0.032000,-17.263183,1.001752
190000,0.033000,-17.242172,1.001750
190000,0.034000,-17.221448,1.001747
190000,0.035000,-17.201010,1.001745
190000,0.036000,-17.180863,1.001742
190000,0.037000,-17.161007,1.001740
190000,0.038000,-17.141444,1.001737
190000,0.039000,-17.122175,1.001735
190000,0.040000,-17.103202,1.001732
190000,0.041000,-17.084527,1.001730
190000,0.042000,-17.066151,1.001728
190000,0.043000,-17.048075,1.001725
190000,0.044000,-17.030300,1.001723
190000,0.045000,-17.012828,1.001721
190000,0.046000,-16.995660,1.001719
190000,0.047000,-16.978796,1.001716
190000,0.048000,-16.962237,1.001714
190000,0.049000,-16.945986,1.001712
190000,0.050000,-16.930042,1.001710
190000,0.051000,-16.914406,1.001708
190000,0.052000,-16.899079,1.001706
190000,0.053000,-16.884062,1.001704
190000,0.054000,-16.869355,1.001702
190000,0.055000,-16.854960,1.001700
190000,0.056000,-16.840876,1.001698
190000,0.057000,-16.827104,1.001696
190000,0.058000,-16.813646,1.001694
190000,0.059000,-16.800500,1.001692
190000,0.060000,-16.787669,1.001691
190000,0.061000,-16.775152,1.001689
190000,0.062000,-16.762949,1.001687
190000,0.063000,-16.751061,1.001685
190000,0.064000,-16.739489,1.001684
190000,0.065000,-16.728232,1.001682
190000,0.066000,-16.717291,1.001681
190000,0.067000,-16.706667,1.001679
190000,0.068000,-16.696358,1.001678
190000,0.069000,-16.686367,1.001676
190000,0.070000,-16.676692,1.001675
190000,0.071000,-16.667335,1.001674
190000,0.072000,-16.658295,1.001672
190000,0.073000,-16.649572,1.001671
190000,0.074000,-16.641166,1.001670
190000,0.075000,-16.633079,1.001669
190000,0.076000,-16.625309,1.001667
190000,0.077000,-16.617857,1.001666
190000,0.078000,-16.610723,1.001665
190000,0.079000,-16.603908,1.001664
190000,0.080000,-16.597410,1.001663
190000,0.081000,-16.591231,1.001662
190000,0.082000,-16.585370,1.001662
190000,0.083000,-16.579827,1.001661
190000,0.084000,-16.574603,1.001660
190000,0.085000,-16.569697,1.001659
190000,0.086000,-16.565109,1.001659
190000,0.087000,-16.560840,1.001658
190000,0.088000,-16.556890,1.001657
190000,0.089000,-16.553258,1.001657
190000,0.090000,-16.549944,1.001656
190000,0.091000,-16.546949,1.001656
190000,0.092000,-16.544273,1.001655
190000,0.093000,-16.541915,1.001655
190000,0.094000,-16.539876,1.001655
190000,0.095000,-16.538156,1.001654
190000,0.096000,-16.536754,1.001654
190000,0.097000,-16.535671,1.001654
190000,0.098000,-16.534906,1.001654
190000,0.099000,-16.534460,1.001654
192000,0.000000,-18.000000,1.001846
192000,0.001000,-17.985828,1.001843
192000,0.002000,-17.971704,1.001842
192000,0.003000,-17.957629,1.001841
192000,0.004000,-17.943605,1.001839
192000,0.005000,-17.928951,1.001839
192000,0.006000,-17.901482,1.001836
192000,0.007000,-17.874203,1.001833
192000,0.008000,-17.847121,1.001831
192000,0.009000,-17.820239,1.001828
192000,0.010000,-17.793564,1.001826
192000,0.011000,-17.767100,1.001823
192000,0.012000,-17.740851,1.001820
192000,0.013000,-17.714823,1.001818
192000,0.014000,-17.689019,1.001815
192000,0.015000,-17.663443,1.001812
192000,0.016000,-17.638101,1.001810
192000,0.017000,-17.612994,1.001807
192000,0.018000,-17.588129,1.001804
192000,0.019000,-17.563507,1.001802
192000,0.020000,-17.539133,1.001799
192000,0.021000,-17.515010,1.001796
192000,0.022000,-17.491142,1.001794
192000,0.023000,-17.467531,1.001791
192000,0.024000,-17.444180,1.001789
192000,0.025000,-17.421092,1.001786
192000,0.026000,-17.398271,1.001783
192000,0.027000,-17.375718,1.001781
192000,0.028000,-17.353437,1.001778
192000,0.029000,-17.331430,1.001776
192000,0.030000,-17.309698,1.001773
192000,0.031000,-17.288245,1.001771
192000,0.032000,-17.267073,1.001768
192000,0.033000,-17.246183,1.001766
192000,0.034000,-17.225578,1.001763
192000,0.035000,-17.205259,1.001761
192000,0.036000,-17.185228,1.001758
192000,0.037000,-17.165488,1.001756
192000,0.038000,-17.146039,1.001754
192000,0.039000,-17.126883,1.001751
192000,0.040000,-17.108022,1.001749
192000,0.041000,-17.089456,1.001747
192000,0.042000,-17.071188,1.001744
192000,0.043000,-17.053219,1.001742
192000,0.044000,-17.035549,1.001740
192000,0.045000,-17.018180,1.001738
192000,0.046000,-17.001114,1.001735
192000,0.047000,-16.984350,1.001733
192000,0.048000,-16.967891,1.001731
192000,0.049000,-16.951736,1.001729
192000,0.050000,-16.935887,1.001727
192000,0.051000,-16.920344,1.001725
192000,0.052000,-16.905109,1.001723
192000,0.053000,-16.890182,1.001721
192000,0.054000,-16.875564,1.001719
192000,0.055000,-16.861255,1.001717
192000,0.056000,-16.847256,1.001715
192000,0.057000,-16.833567,1.001713
192000,0.058000,-16.820190,1.001712
192000,0.059000,-16.807124,1.001710
192000,0.060000,-16.794370,1.001708
192000,0.061000,-16.781928,1.001706
192000,0.062000,-16.769800,1.001705
192000,0.063000,-16.757984,1.001703
192000,0.064000,-16.746482,1.001702
192000,0.065000,-16.735293,1.001700
192000,0.066000,-16.724419,1.001698
192000,0.067000,-16.713859,1.001697
192000,0.068000,-16.703613,1.001696
192000,0.069000,-16.693682,1.001694
192000,0.070000,-16.684067,1.001693
192000,0.071000,-16.674766,1.001691
192000,0.072000,-16.665781,1.001690
192000,0.073000,-16.657111,1.001689
192000,0.074000,-16.648757,1.001688
192000,0.075000,-16.640719,1.001687
192000,0.076000,-16.632997,1.001686
192000,0.077000,-16.625590,1.001684
192000,0.078000,-16.618500,1.001683
192000,0.079000,-16.611726,1.001682
192000,0.080000,-16.605268,1.001682
192000,0.081000,-16.599126,1.001681
192000,0.082000,-16.593301,1.001680
192000,0.083000,-16.587792,1.001679
192000,0.084000,-16.582600,1.001678
192000,0.085000,-16.577724,1.001678
192000,0.086000,-16.573164,1.001677
192000,0.087000,-16.568922,1.001676
192000,0.088000,-16.564995,1.001676
192000,0.089000,-16.561386,1.001675
192000,0.090000,-16.558092,1.001675
192000,0.091000,-16.555116,1.001674
192000,0.092000,-16.552456,1.001674
192000,0.093000,-16.550113,1.001674
192000,0.094000,-16.548086,1.001673
192000,0.095000,-16.546376,1.001673
192000,0.096000,-16.544983,1.001673
192000,0.097000,-16.543906,1.001673
192000,0.098000,-16.543146,1.001672
192000,0.099000,-16.542703,1.001672
194000,0.000000,-18.000000,1.001860
194000,0.001000,-17.985891,1.001857
194000,0.002000,-17.971831,1.001856
194000,0.003000,-17.957820,1.001854
194000,0.004000,-17.943859,1.001853
194000,0.005000,-17.929273,1.001852
194000,0.006000,-17.901931,1.001850
194000,0.007000,-17.874780,1.001847
194000,0.008000,-17.847827,1.001845
194000,0.009000,-17.821075,1.001842
194000,0.010000,-17.794530,1.001840
194000,0.011000,-17.768196,1.001837
194000,0.012000,-17.742077,1.001834
194000,0.013000,-17.716179,1.001832
194000,0.014000,-17.690505,1.001829
194000,0.015000,-17.665060,1.001827
194000,0.016000,-17.639847,1.001824
194000,0.017000,-17.614871,1.001821
194000,0.018000,-17.590134,1.001819
194000,0.019000,-17.565642,1.001816
194000,0.020000,-17.541396,1.001814
194000,0.021000,-17.517401,1.001811
194000,0.022000,-17.493660,1.001808
194000,0.023000,-17.470175,1.001806
194000,0.024000,-17.446950,1.001803
194000,0.025000,-17.423988,1.001801
194000,0.026000,-17.401290,1.001798
194000,0.027000,-17.378861,1.001796
194000,0.028000,-17.356702,1.001793
194000,0.029000,-17.334815,1.001791
194000,0.030000,-17.313204,1.001788
194000,0.031000,-17.291870,1.001786
194000,0.032000,-17.270816,1.001783
194000,0.033000,-17.250043,1.001781
194000,0.034000,-17.229553,1.001779
194000,0.035000,-17.209348,1.001776
194000,0.036000,-17.189431,1.001774
194000,0.037000,-17.169801,1.001772
194000,0.038000,-17.150463,1.001769
194000,0.039000,-17.131416,1.001767
194000,0.040000,-17.112662,1.001765
194000,0.041000,-17.094202,1.001762
194000,0.042000,-17.076039,1.001760
194000,0.043000,-17.058172,1.001758
194000,0.044000,-17.040604,1.001756
194000,0.045000,-17.023335,1.001754
194000,0.046000,-17.006367,1.001752
194000,0.047000,-16.989700,1.001749
194000,0.048000,-16.973336,1.001747
194000,0.049000,-16.957275,1.001745
194000,0.050000,-16.941518,1.001743
194000,0.051000,-16.926066,1.001741
194000,0.052000,-16.910919,1.001739
194000,0.053000,-16.896079,1.001737
194000,0.054000,-16.881546,1.001736
194000,0.055000,-16.867321,1.001734
194000,0.056000,-16.853404,1.001732
194000,0.057000,-16.839795,1.001730
194000,0.058000,-16.826496,1.001728
194000,0.059000,-16.813507,1.001727
194000,0.060000,-16.800828,1.001725
194000,0.061000,-16.788459,1.001723
194000,0.062000,-16.776402,1.001722
194000,0.063000,-16.764656,1.001720
194000,0.064000,-16.753221,1.001719
194000,0.065000,-16.742098,1.001717
194000,0.066000,-16.731288,1.001716
194000,0.067000,-16.720790,1.001714
194000,0.068000,-16.710605,1.001713
194000,0.069000,-16.700733,1.001711
194000,0.070000,-16.691175,1.001710
194000,0.071000,-16.681929,1.001709
194000,0.072000,-16.672997,1.001708
194000,0.073000,-16.664379,1.001706
194000,0.074000,-16.656074,1.001705
194000,0.075000,-16.648084,1.001704
194000,0.076000,-16.640407,1.001703
194000,0.077000,-16.633045,1.001702
194000,0.078000,-16.625996,1.001701
194000,0.079000,-16.619262,1.001700
194000,0.080000,-16.612843,1.001699
194000,0.081000,-16.606738,1.001698
194000,0.082000,-16.600947,1.001697
194000,0.083000,-16.595471,1.001697
194000,0.084000,-16.590309,1.001696
194000,0.085000,-16.585463,1.001695
194000,0.086000,-16.580930,1.001695
194000,0.087000,-16.576713,1.001694
194000,0.088000,-16.572810,1.001693
194000,0.089000,-16.569221,1.001693
194000,0.090000,-16.565948,1.001692
194000,0.091000,-16.562989,1.001692
194000,0.092000,-16.560345,1.001692
194000,0.093000,-16.558016,1.001691
194000,0.094000,-16.556001,1.001691
194000,0.095000,-16.554301,1.001691
194000,0.096000,-16.552916,1.001691
194000,0.097000,-16.551846,1.001690
194000,0.098000,-16.551091,1.001690
194000,0.099000,-16.550650,1.001690
196000,0.000000,-18.000000,1.001873
196000,0.001000,-17.985951,1.001870
196000,0.002000,-17.971952,1.001869
196000,0.003000,-17.958002,1.001868
196000,0.004000,-17.944102,1.001866
196000,0.005000,-17.929580,1.001866
196000,0.006000,-17.902361,1.001863
196000,0.007000,-17.875334,1.001861
196000,0.008000,-17.848504,1.001858
196000,0.009000,-17.821876,1.001856
196000,0.010000,-17.795455,1.001853
196000,0.011000,-17.769246,1.001850
196000,0.012000,-17.743253,1.001848
196000,0.013000,-17.717480,1.001845
196000,0.014000,-17.691932,1.001843
196000,0.015000,-17.666612,1.001840
196000,0.016000,-17.641524,1.001838
196000,0.017000,-17.616673,1.001835
196000,0.018000,-17.592061,1.001833
196000,0.019000,-17.567693,1.001830
196000,0.020000,-17.543571,1.001828
196000,0.021000,-17.519699,1.001825
196000,0.022000,-17.496081,1.001823
196000,0.023000,-17.472718,1.001820
196000,0.024000,-17.449614,1.001818
196000,0.025000,-17.426772,1.001815
196000,0.026000,-17.404195,1.001813
196000,0.027000,-17.381884,1.001810
196000,0.028000,-17.359843,1.001808
196000,0.029000,-17.338074,1.001805
196000,0.030000,-17.316578,1.001803
196000,0.031000,-17.295359,1.001801
196000,0.032000,-17.274418,1.001798
196000,0.033000,-17.253758,1.001796
196000,0.034000,-17.233380,1.001794
196000,0.035000,-17.213285,1.001791
196000,0.036000,-17.193477,1.001789
196000,0.037000,-17.173955,1.001787
196000,0.038000,-17.154723,1.001784
196000,0.039000,-17.135781,1.001782
196000,0.040000,-17.117131,1.001780
196000,0.041000,-17.098774,1.001778
196000,0.042000,-17.080711,1.001776
196000,0.043000,-17.062944,1.001773
196000,0.044000,-17.045474,1.001771
196000,0.045000,-17.028302,1.001769
196000,0.046000,-17.011429,1.001767
196000,0.047000,-16.994856,1.001765
196000,0.048000,-16.978583,1.001763
196000,0.049000,-16.962613,1.001761
196000,0.050000,-16.946944,1.001759
196000,0.051000,-16.931580,1.001757
196000,0.052000,-16.916519,1.001755
196000,0.053000,-16.901763,1.001753
196000,0.054000,-16.887312,1.001752
196000,0.055000,-16.873168,1.001750
196000,0.056000,-16.859330,1.001748
196000,0.057000,-16.845799,1.001746
196000,0.058000,-16.832575,1.001744
196000,0.059000,-16.819660,1.001743
196000,0.060000,-16.807053,1.001741
196000,0.061000,-16.794755,1.001740
196000,0.062000,-16.782767,1.001738
196000,0.063000,-16.771088,1.001736
196000,0.064000,-16.759719,1.001735
196000,0.065000,-16.748660,1.001733
196000,0.066000,-16.737912,1.001732
196000,0.067000,-16.727474,1.001731
196000,0.068000,-16.717348,1.001729
196000,0.069000,-16.707532,1.001728
196000,0.070000,-16.698029,1.001727
196000,0.071000,-16.688836,1.001725
196000,0.072000,-16.679956,1.001724
196000,0.073000,-16.671387,1.001723
196000,0.074000,-16.663130,1.001722
196000,0.075000,-16.655186,1.001721
196000,0.076000,-16.647553,1.001720
196000,0.077000,-16.640233,1.001719
196000,0.078000,-16.633226,1.001718
196000,0.079000,-16.626531,1.001717
196000,0.080000,-16.620148,1.001716
196000,0.081000,-16.614078,1.001715
196000,0.082000,-16.608321,1.001714
196000,0.083000,-16.602877,1.001714
196000,0.084000,-16.597745,1.001713
196000,0.085000,-16.592926,1.001712
196000,0.086000,-16.588420,1.001712
196000,0.087000,-16.584227,1.001711
196000,0.088000,-16.580346,1.001710
196000,0.089000,-16.576779,1.001710
196000,0.090000,-16.573524,1.001710
196000,0.091000,-16.570583,1.001709
196000,0.092000,-16.567954,1.001709
196000,0.093000,-16.565638,1.001708
196000,0.094000,-16.563635,1.001708
196000,0.095000,-16.561945,1.001708
196000,0.096000,-16.560568,1.001708
196000,0.097000,-16.559504,1.001708
196000,0.098000,-16.558753,1.001707
196000,0.099000,-16.558315,1.001707
198000,0.000000,-18.000000,1.001885
198000,0.001000,-17.986009,1.001883
198000,0.002000,-17.972068,1.001882
198000,0.003000,-17.958176,1.001880
198000,0.004000,-17.944335,1.001879
198000,0.005000,-17.929875,1.001878
198000,0.006000,-17.902773,1.001876
198000,0.007000,-17.875863,1.001873
198000,0.008000,-17.849152,1.001871
198000,0.009000,-17.822644,1.001868
198000,0.010000,-17.796343,1.001866
198000,0.011000,-17.770255,1.001863
198000,0.012000,-17.744382,1.001861
198000,0.013000,-17.718730,1.001858
198000,0.014000,-17.693302,1.001856
198000,0.015000,-17.668103,1.001854
198000,0.016000,-17.643136,1.001851
198000,0.017000,-17.618405,1.001849
198000,0.018000,-17.593913,1.001846
198000,0.019000,-17.569664,1.001844
198000,0.020000,-17.545662,1.001841
198000,0.021000,-17.521909,1.001839
198000,0.022000,-17.498409,1.001836
198000,0.023000,-17.475164,1.001834
198000,0.024000,-17.452177,1.001831
198000,0.025000,-17.429451,1.001829
198000,0.026000,-17.406989,1.001827
198000,0.027000,-17.384794,1.001824
198000,0.028000,-17.362866,1.001822
198000,0.029000,-17.341210,1.001819
198000,0.030000,-17.319827,1.001817
198000,0.031000,-17.298718,1.001815
198000,0.032000,-17.277888,1.001812
198000,0.033000,-17.257336,1.001810
198000,0.034000,-17.237065,1.001808
198000,0.035000,-17.217078,1.001806
198000,0.036000,-17.197374,1.001803
198000,0.037000,-17.177957,1.001801
198000,0.038000,-17.158828,1.001799
198000,0.039000,-17.139987,1.001797
198000,0.040000,-17.121437,1.001795
198000,0.041000,-17.103179,1.001792
198000,0.042000,-17.085214,1.001790
198000,0.043000,-17.067543,1.001788
198000,0.044000,-17.050168,1.001786
198000,0.045000,-17.033089,1.001784
198000,0.046000,-17.016308,1.001782
198000,0.047000,-16.999825,1.001780
198000,0.048000,-16.983642,1.001778
198000,0.049000,-16.967758,1.001776
198000,0.050000,-16.952176,1.001774
198000,0.051000,-16.936896,1.001772
198000,0.052000,-16.921918,1.001771
198000,0.053000,-16.907243,1.001769
198000,0.054000,-16.892872,1.001767
198000,0.055000,-16.878806,1.001765
198000,0.056000,-16.865044,1.001763
198000,0.057000,-16.851588,1.001762
198000,0.058000,-16.838438,1.001760
198000,0.059000,-16.825594,1.001758
198000,0.060000,-16.813057,1.001757
198000,0.061000,-16.800828,1.001755
198000,0.062000,-16.788906,1.001754
198000,0.063000,-16.777292,1.001752
198000,0.064000,-16.765986,1.001751
198000,0.065000,-16.754989,1.001749
198000,0.066000,-16.744301,1.001748
198000,0.067000,-16.733922,1.001747
198000,0.068000,-16.723852,1.001745
198000,0.069000,-16.714091,1.001744
198000,0.070000,-16.704640,1.001743
198000,0.071000,-16.695499,1.001741
198000,0.072000,-16.686669,1.001740
198000,0.073000,-16.678148,1.001739
198000,0.074000,-16.669937,1.001738
198000,0.075000,-16.662037,1.001737
198000,0.076000,-16.654448,1.001736
198000,0.077000,-16.647169,1.001735
198000,0.078000,-16.640201,1.001734
198000,0.079000,-16.633543,1.001733
198000,0.080000,-16.627196,1.001732
198000,0.081000,-16.621161,1.001731
198000,0.082000,-16.615436,1.001731
198000,0.083000,-16.610022,1.001730
198000,0.084000,-16.604919,1.001729
198000,0.085000,-16.600127,1.001729
198000,0.086000,-16.595647,1.001728
198000,0.087000,-16.591477,1.001727
198000,0.088000,-16.587618,1.001727
198000,0.089000,-16.584071,1.001726
198000,0.090000,-16.580835,1.001726
198000,0.091000,-16.577909,1.001726
198000,0.092000,-16.575296,1.001725
198000,0.093000,-16.572993,1.001725
198000,0.094000,-16.571001,1.001725
198000,0.095000,-16.569321,1.001724
198000,0.096000,-16.567951,1.001724
198000,0.097000,-16.566893,1.001724
198000,0.098000,-16.566147,1.001724
198000,0.099000,-16.565711,1.001724
200000,0.000000,-18.000000,1.001897
200000,0.001000,-17.986064,1.001895
200000,0.002000,-17.972179,1.001894
200000,0.003000,-17.958343,1.001892
200000,0.004000,-17.944558,1.001891
200000,0.005000,-17.930157,1.001890
200000,0.006000,-17.903167,1.001888
200000,0.007000,-17.876371,1.001886
200000,0.008000,-17.849774,1.001883
200000,0.009000,-17.823381,1.001881
200000,0.010000,-17.797195,1.001878
200000,0.011000,-17.771222,1.001876
200000,0.012000,-17.745465,1.001874
200000,0.013000,-17.719929,1.001871
200000,0.014000,-17.694618,1.001869
200000,0.015000,-17.669535,1.001866
200000,0.016000,-17.644684,1.001864
200000,0.017000,-17.620069,1.001861
200000,0.018000,-17.595693,1.001859
200000,0.019000,-17.571560,1.001857
200000,0.020000,-17.547673,1.001854
200000,0.021000,-17.524034,1.001852
200000,0.022000,-17.500648,1.001849
200000,0.023000,-17.477517,1.001847
200000,0.024000,-17.454643,1.001845
200000,0.025000,-17.432030,1.001842
200000,0.026000,-17.409679,1.001840
200000,0.027000,-17.387594,1.001838
200000,0.028000,-17.365777,1.001835
200000,0.029000,-17.344230,1.001833
200000,0.030000,-17.322955,1.001831
200000,0.031000,-17.301954,1.001828
200000,0.032000,-17.281229,1.001826
200000,0.033000,-17.260783,1.001824
200000,0.034000,-17.240616,1.001822
200000,0.035000,-17.220731,1.001819
200000,0.036000,-17.201130,1.001817
200000,0.037000,-17.181813,1.001815
200000,0.038000,-17.162783,1.001813
200000,0.039000,-17.144041,1.001811
200000,0.040000,-17.125588,1.001809
200000,0.041000,-17.107426,1.001807
200000,0.042000,-17.089555,1.001804
200000,0.043000,-17.071977,1.001802
200000,0.044000,-17.054694,1.001800
200000,0.045000,-17.037705,1.001798
200000,0.046000,-17.021013,1.001796
200000,0.047000,-17.004617,1.001795
200000,0.048000,-16.988520,1.001793
200000,0.049000,-16.972721,1.001791
200000,0.050000,-16.957222,1.001789
200000,0.051000,-16.942023,1.001787
200000,0.052000,-16.927125,1.001785
200000,0.053000,-16.912529,1.001783
200000,0.054000,-16.898235,1.001782
200000,0.055000,-16.884244,1.001780
200000,0.056000,-16.870557,1.001778
200000,0.057000,-16.857173,1.001777
200000,0.058000,-16.844094,1.001775
200000,0.059000,-16.831319,1.001773
200000,0.060000,-16.818850,1.001772
200000,0.061000,-16.806687,1.001770
200000,0.062000,-16.794829,1.001769
200000,0.063000,-16.783278,1.001767
200000,0.064000,-16.772034,1.001766
200000,0.065000,-16.761096,1.001765
200000,0.066000,-16.750466,1.001763
200000,0.067000,-16.740143,1.001762
200000,0.068000,-16.730128,1.001761
200000,0.069000,-16.720420,1.001759
200000,0.070000,-16.711021,1.001758
200000,0.071000,-16.701930,1.001757
200000,0.072000,-16.693147,1.001756
200000,0.073000,-16.684673,1.001755
200000,0.074000,-16.676507,1.001754
200000,0.075000,-16.668650,1.001753
200000,0.076000,-16.661102,1.001752
200000,0.077000,-16.653863,1.001751
200000,0.078000,-16.646932,1.001750
200000,0.079000,-16.640311,1.001749
200000,0.080000,-16.633999,1.001748
200000,0.081000,-16.627996,1.001747
200000,0.082000,-16.622303,1.001746
200000,0.083000,-16.616919,1.001746
200000,0.084000,-16.611844,1.001745
200000,0.085000,-16.607078,1.001744
200000,0.086000,-16.602622,1.001744
200000,0.087000,-16.598475,1.001743
200000,0.088000,-16.594637,1.001743
200000,0.089000,-16.591109,1.001742
200000,0.090000,-16.587891,1.001742
200000,0.091000,-16.584982,1.001741
200000,0.092000,-16.582382,1.001741
200000,0.093000,-16.580092,1.001741
200000,0.094000,-16.578111,1.001740
200000,0.095000,-16.576440,1.001740
200000,0.096000,-16.575078,1.001740
200000,0.097000,-16.574026,1.001740
200000,0.098000,-16.573283,1.001740
200000,0.099000,-16.572850,1.001740
202000,0.000000,-18.000000,1.001909
202000,0.001000,-17.986117,1.001907
202000,0.002000,-17.972285,1.001905
202000,0.003000,-17.958503,1.001904
202000,0.004000,-17.944771,1.001903
202000,0.005000,-17.930427,1.001902
202000,0.006000,-17.903545,1.001900
202000,0.007000,-17.876858,1.001897
202000,0.008000,-17.850370,1.001895
202000,0.009000,-17.824087,1.001893
202000,0.010000,-17.798012,1.001890
202000,0.011000,-17.772150,1.001888
202000,0.012000,-17.746505,1.001886
202000,0.013000,-17.721081,1.001883
202000,0.014000,-17.695881,1.001881
202000,0.015000,-17.670910,1.001878
202000,0.016000,-17.646172,1.001876
202000,0.017000,-17.621669,1.001874
202000,0.018000,-17.597405,1.001871
202000,0.019000,-17.573383,1.001869
202000,0.020000,-17.549607,1.001867
202000,0.021000,-17.526079,1.001864
202000,0.022000,-17.502803,1.001862
202000,0.023000,-17.479782,1.001860
202000,0.024000,-17.457017,1.001857
202000,0.025000,-17.434512,1.001855
202000,0.026000,-17.412270,1.001853
202000,0.027000,-17.390292,1.001850
202000,0.028000,-17.368581,1.001848
202000,0.029000,-17.347139,1.001846
202000,0.030000,-17.325968,1.001844
202000,0.031000,-17.305071,1.001841
202000,0.032000,-17.284449,1.001839
202000,0.033000,-17.264104,1.001837
202000,0.034000,-17.244038,1.001835
202000,0.035000,-17.224253,1.001833
202000,0.036000,-17.204750,1.001831
202000,0.037000,-17.185531,1.001828
202000,0.038000,-17.166597,1.001826
202000,0.039000,-17.147950,1.001824
202000,0.040000,-17.129590,1.001822
202000,0.041000,-17.111521,1.001820
202000,0.042000,-17.093741,1.001818
202000,0.043000,-17.076253,1.001816
202000,0.044000,-17.059058,1.001814
202000,0.045000,-17.042157,1.001812
202000,0.046000,-17.025551,1.001810
202000,0.047000,-17.009240,1.001808
202000,0.048000,-16.993226,1.001807
202000,0.049000,-16.977509,1.001805
202000,0.050000,-16.962090,1.001803
202000,0.051000,-16.946970,1.001801
202000,0.052000,-16.932150,1.001799
202000,0.053000,-16.917630,1.001798
202000,0.054000,-16.903410,1.001796
202000,0.055000,-16.889493,1.001794
202000,0.056000,-16.875877,1.001793
202000,0.057000,-16.862563,1.001791
202000,0.058000,-16.849552,1.001789
202000,0.059000,-16.836845,1.001788
202000,0.060000,-16.824441,1.001786
202000,0.061000,-16.812342,1.001785
202000,0.062000,-16.800547,1.001783
202000,0.063000,-16.789057,1.001782
202000,0.064000,-16.777871,1.001781
202000,0.065000,-16.766991,1.001779
202000,0.066000,-16.756417,1.001778
202000,0.067000,-16.746149,1.001777
202000,0.068000,-16.736187,1.001775
202000,0.069000,-16.726530,1.001774
202000,0.070000,-16.717181,1.001773
202000,0.071000,-16.708138,1.001772
202000,0.072000,-16.699402,1.001771
202000,0.073000,-16.690972,1.001770
202000,0.074000,-16.682850,1.001768
202000,0.075000,-16.675034,1.001767
202000,0.076000,-16.667526,1.001767
202000,0.077000,-16.660326,1.001766
202000,0.078000,-16.653432,1.001765
202000,0.079000,-16.646846,1.001764
202000,0.080000,-16.640568,1.001763
202000,0.081000,-16.634597,1.001762
202000,0.082000,-16.628934,1.001762
202000,0.083000,-16.623578,1.001761
202000,0.084000,-16.618530,1.001760
202000,0.085000,-16.613790,1.001760
202000,0.086000,-16.609357,1.001759
202000,0.087000,-16.605232,1.001758
202000,0.088000,-16.601415,1.001758
202000,0.089000,-16.597906,1.001757
202000,0.090000,-16.594705,1.001757
202000,0.091000,-16.591811,1.001757
202000,0.092000,-16.589225,1.001756
202000,0.093000,-16.586947,1.001756
202000,0.094000,-16.584977,1.001756
202000,0.095000,-16.583315,1.001756
202000,0.096000,-16.581960,1.001755
202000,0.097000,-16.580914,1.001755
202000,0.098000,-16.580175,1.001755
202000,0.099000,-16.579744,1.001755
204000,0.000000,-18.000000,1.001920
204000,0.001000,-17.986168,1.001918
204000,0.002000,-17.972387,1.001917
204000,0.003000,-17.958655,1.001915
204000,0.004000,-17.944976,1.001914
204000,0.005000,-17.930686,1.001913
204000,0.006000,-17.903907,1.001911
204000,0.007000,-17.877324,1.001909
204000,0.008000,-17.850942,1.001907
204000,0.009000,-17.824765,1.001904
204000,0.010000,-17.798797,1.001902
204000,0.011000,-17.773042,1.001900
204000,0.012000,-17.747504,1.001897
204000,0.013000,-17.722187,1.001895
204000,0.014000,-17.697096,1.001893
204000,0.015000,-17.672233,1.001890
204000,0.016000,-17.647602,1.001888
204000,0.017000,-17.623207,1.001886
204000,0.018000,-17.599050,1.001883
204000,0.019000,-17.575136,1.001881
204000,0.020000,-17.551468,1.001879
204000,0.021000,-17.528047,1.001876
204000,0.022000,-17.504877,1.001874
204000,0.023000,-17.481962,1.001872
204000,0.024000,-17.459303,1.001870
204000,0.025000,-17.436903,1.001867
204000,0.026000,-17.414764,1.001865
204000,0.027000,-17.392890,1.001863
204000,0.028000,-17.371281,1.001861
204000,0.029000,-17.349942,1.001858
204000,0.030000,-17.328872,1.001856
204000,0.031000,-17.308075,1.001854
204000,0.032000,-17.287552,1.001852
204000,0.033000,-17.267306,1.001850
204000,0.034000,-17.247337,1.001848
204000,0.035000,-17.227648,1.001846
204000,0.036000,-17.208241,1.001843
204000,0.037000,-17.189116,1.001841
204000,0.038000,-17.170275,1.001839
204000,0.039000,-17.151720,1.001837
204000,0.040000,-17.133451,1.001835
204000,0.041000,-17.115471,1.001833
204000,0.042000,-17.097780,1.001831
204000,0.043000,-17.080379,1.001829
204000,0.044000,-17.063270,1.001827
204000,0.045000,-17.046453,1.001826
204000,0.046000,-17.029930,1.001824
204000,0.047000,-17.013701,1.001822
204000,0.048000,-16.997767,1.001820
204000,0.049000,-16.982130,1.001818
204000,0.050000,-16.966789,1.001816
204000,0.051000,-16.951745,1.001815
204000,0.052000,-16.937000,1.001813
204000,0.053000,-16.922554,1.001811
204000,0.054000,-16.908406,1.001810
204000,0.055000,-16.894559,1.001808
204000,0.056000,-16.881013,1.001806
204000,0.057000,-16.867767,1.001805
204000,0.058000,-16.854823,1.001803
204000,0.059000,-16.842180,1.001802
204000,0.060000,-16.829840,1.001800
204000,0.061000,-16.817802,1.001799
204000,0.062000,-16.806068,1.001797
204000,0.063000,-16.794636,1.001796
204000,0.064000,-16.783509,1.001795
204000,0.065000,-16.772685,1.001793
204000,0.066000,-16.762165,1.001792
204000,0.067000,-16.751949,1.001791
204000,0.068000,-16.742038,1.001789
204000,0.069000,-16.732432,1.001788
204000,0.070000,-16.723130,1.001787
204000,0.071000,-16.714134,1.001786
204000,0.072000,-16.705443,1.001785
204000,0.073000,-16.697057,1.001784
204000,0.074000,-16.688976,1.001783
204000,0.075000,-16.681201,1.001782
204000,0.076000,-16.673732,1.001781
204000,0.077000,-16.666568,1.001780
204000,0.078000,-16.659711,1.001779
204000,0.079000,-16.653159,1.001778
204000,0.080000,-16.646913,1.001778
204000,0.081000,-16.640973,1.001777
204000,0.082000,-16.635339,1.001776
204000,0.083000,-16.630011,1.001775
204000,0.084000,-16.624989,1.001775
204000,0.085000,-16.620273,1.001774
204000,0.086000,-16.615864,1.001774
204000,0.087000,-16.611760,1.001773
204000,0.088000,-16.607963,1.001773
204000,0.089000,-16.604472,1.001772
204000,0.090000,-16.601287,1.001772
204000,0.091000,-16.598409,1.001771
204000,0.092000,-16.595836,1.001771
204000,0.093000,-16.593570,1.001771
204000,0.094000,-16.591610,1.001770
204000,0.095000,-16.589956,1.001770
204000,0.096000,-16.588609,1.001770
204000,0.097000,-16.587568,1.001770
204000,0.098000,-16.586833,1.001770
204000,0.099000,-16.586404,1.001770
206000,0.000000,-18.000000,1.001931
206000,0.001000,-17.986216,1.001929
206000,0.002000,-17.972484,1.001927
206000,0.003000,-17.958802,1.001926
206000,0.004000,-17.945171,1.001925
206000,0.005000,-17.930933,1.001924
206000,0.006000,-17.904254,1.001922
206000,0.007000,-17.877771,1.001920
206000,0.008000,-17.851490,1.001918
206000,0.009000,-17.825415,1.001915
206000,0.010000,-17.799549,1.001913
206000,0.011000,-17.773897,1.001911
206000,0.012000,-17.748463,1.001908
206000,0.013000,-17.723250,1.001906
206000,0.014000,-17.698263,1.001904
206000,0.015000,-17.673504,1.001902
206000,0.016000,-17.648977,1.001899
206000,0.017000,-17.624686,1.001897
206000,0.018000,-17.600634,1.001895
206000,0.019000,-17.576824,1.001893
206000,0.020000,-17.553258,1.001890
206000,0.021000,-17.529941,1.001888
206000,0.022000,-17.506874,1.001886
206000,0.023000,-17.484061,1.001884
206000,0.024000,-17.461504,1.001881
206000,0.025000,-17.439205,1.001879
206000,0.026000,-17.417168,1.001877
206000,0.027000,-17.395393,1.001875
206000,0.028000,-17.373884,1.001873
206000,0.029000,-17.352643,1.001870
206000,0.030000,-17.331671,1.001868
206000,0.031000,-17.310971,1.001866
206000,0.032000,-17.290545,1.001864
206000,0.033000,-17.270394,1.001862
206000,0.034000,-17.250519,1.001860
206000,0.035000,-17.230924,1.001858
206000,0.036000,-17.211608,1.001856
206000,0.037000,-17.192574,1.001854
206000,0.038000,-17.173823,1.001852
206000,0.039000,-17.155357,1.001850
206000,0.040000,-17.137177,1.001848
206000,0.041000,-17.119283,1.001846
206000,0.042000,-17.101677,1.001844
206000,0.043000,-17.084361,1.001842
206000,0.044000,-17.067335,1.001840
206000,0.045000,-17.050600,1.001838
206000,0.046000,-17.034157,1.001836
206000,0.047000,-17.018008,1.001835
206000,0.048000,-17.002152,1.001833
206000,0.049000,-16.986591,1.001831
206000,0.050000,-16.971326,1.001829
206000,0.051000,-16.956356,1.001828
206000,0.052000,-16.941684,1.001826
206000,0.053000,-16.927308,1.001824
206000,0.054000,-16.913231,1.001823
206000,0.055000,-16.899453,1.001821
206000,0.056000,-16.885973,1.001820
206000,0.057000,-16.872793,1.001818
206000,0.058000,-16.859913,1.001817
206000,0.059000,-16.847333,1.001815
206000,0.060000,-16.835055,1.001814
206000,0.061000,-16.823077,1.001812
206000,0.062000,-16.811401,1.001811
206000,0.063000,-16.800027,1.001809
206000,0.064000,-16.788954,1.001808
206000,0.065000,-16.778185,1.001807
206000,0.066000,-16.767717,1.001806
206000,0.067000,-16.757553,1.001804
206000,0.068000,-16.747691,1.001803
206000,0.069000,-16.738133,1.001802
206000,0.070000,-16.728878,1.001801
206000,0.071000,-16.719927,1.001800
206000,0.072000,-16.711280,1.001799
206000,0.073000,-16.702936,1.001798
206000,0.074000,-16.694896,1.001797
206000,0.075000,-16.687160,1.001796
206000,0.076000,-16.679728,1.001795
206000,0.077000,-16.672601,1.001794
206000,0.078000,-16.665778,1.001793
206000,0.079000,-16.659259,1.001792
206000,0.080000,-16.653044,1.001792
206000,0.081000,-16.647134,1.001791
206000,0.082000,-16.641528,1.001790
206000,0.083000,-16.636227,1.001789
206000,0.084000,-16.631231,1.001789
206000,0.085000,-16.626539,1.001788
206000,0.086000,-16.622152,1.001788
206000,0.087000,-16.618069,1.001787
206000,0.088000,-16.614291,1.001787
206000,0.089000,-16.610817,1.001786
206000,0.090000,-16.607649,1.001786
206000,0.091000,-16.604785,1.001785
206000,0.092000,-16.602225,1.001785
206000,0.093000,-16.599971,1.001785
206000,0.094000,-16.598020,1.001785
206000,0.095000,-16.596375,1.001784
206000,0.096000,-16.595034,1.001784
206000,0.097000,-16.593999,1.001784
206000,0.098000,-16.593267,1.001784
206000,0.099000,-16.592841,1.001784
208000,0.000000,-18.000000,1.001941
208000,0.001000,-17.986263,1.001939
208000,0.002000,-17.972577,1.001938
208000,0.003000,-17.958942,1.001937
208000,0.004000,-17.945359,1.001935
208000,0.005000,-17.931170,1.001935
208000,0.006000,-17.904586,1.001933
208000,0.007000,-17.878200,1.001930
208000,0.008000,-17.852016,1.001928
208000,0.009000,-17.826039,1.001926
208000,0.010000,-17.800272,1.001924
208000,0.011000,-17.774719,1.001921
208000,0.012000,-17.749384,1.001919
208000,0.013000,-17.724272,1.001917
208000,0.014000,-17.699384,1.001915
208000,0.015000,-17.674726,1.001912
208000,0.016000,-17.650300,1.001910
208000,0.017000,-17.626109,1.001908
208000,0.018000,-17.602158,1.001906
208000,0.019000,-17.578448,1.001904
208000,0.020000,-17.554982,1.001901
208000,0.021000,-17.531765,1.001899
208000,0.022000,-17.508798,1.001897
208000,0.023000,-17.486084,1.001895
208000,0.024000,-17.463625,1.001893
208000,0.025000,-17.441424,1.001891
208000,0.026000,-17.419484,1.001888
208000,0.027000,-17.397807,1.001886
208000,0.028000,-17.376394,1.001884
208000,0.029000,-17.355248,1.001882
208000,0.030000,-17.334371,1.001880
208000,0.031000,-17.313765,1.001878
208000,0.032000,-17.293431,1.001876
208000,0.033000,-17.273372,1.001874
208000,0.034000,-17.253589,1.001872
208000,0.035000,-17.234084,1.001870
208000,0.036000,-17.214857,1.001868
208000,0.037000,-17.195912,1.001866
208000,0.038000,-17.177248,1.001864
208000,0.039000,-17.158868,1.001862
208000,0.040000,-17.140773,1.001860
208000,0.041000,-17.122963,1.001858
208000,0.042000,-17.105440,1.001856
208000,0.043000,-17.088206,1.001854
208000,0.044000,-17.071260,1.001852
208000,0.045000,-17.054604,1.001851
208000,0.046000,-17.038240,1.001849
208000,0.047000,-17.022167,1.001847
208000,0.048000,-17.006387,1.001845
208000,0.049000,-16.990900,1.001844
208000,0.050000,-16.975708,1.001842
208000,0.051000,-16.960810,1.001840
208000,0.052000,-16.946208,1.001839
208000,0.053000,-16.931902,1.001837
208000,0.054000,-16.917892,1.001835
208000,0.055000,-16.904180,1.001834
208000,0.056000,-16.890766,1.001832
208000,0.057000,-16.877649,1.001831
208000,0.058000,-16.864832,1.001829
208000,0.059000,-16.852313,1.001828
208000,0.060000,-16.840094,1.001827
208000,0.061000,-16.828174,1.001825
208000,0.062000,-16.816555,1.001824
208000,0.063000,-16.805236,1.001822
208000,0.064000,-16.794218,1.001821
208000,0.065000,-16.783500,1.001820
208000,0.066000,-16.773084,1.001819
208000,0.067000,-16.762969,1.001817
208000,0.068000,-16.753156,1.001816
208000,0.069000,-16.743644,1.001815
208000,0.070000,-16.734434,1.001814
208000,0.071000,-16.725527,1.001813
208000,0.072000,-16.716922,1.001812
208000,0.073000,-16.708619,1.001811
208000,0.074000,-16.700618,1.001810
208000,0.075000,-16.692920,1.001809
208000,0.076000,-16.685525,1.001808
208000,0.077000,-16.678432,1.001807
208000,0.078000,-16.671642,1.001807
208000,0.079000,-16.665156,1.001806
208000,0.080000,-16.658972,1.001805
208000,0.081000,-16.653090,1.001804
208000,0.082000,-16.647512,1.001804
208000,0.083000,-16.642237,1.001803
208000,0.084000,-16.637265,1.001802
208000,0.085000,-16.632596,1.001802
208000,0.086000,-16.628231,1.001801
208000,0.087000,-16.624168,1.001801
208000,0.088000,-16.620409,1.001800
208000,0.089000,-16.616952,1.001800
208000,0.090000,-16.613799,1.001799
208000,0.091000,-16.610949,1.001799
208000,0.092000,-16.608402,1.001799
208000,0.093000,-16.606159,1.001798
208000,0.094000,-16.604218,1.001798
208000,0.095000,-16.602581,1.001798
208000,0.096000,-16.601247,1.001798
208000,0.097000,-16.600216,1.001798
208000,0.098000,-16.599488,1.001798
208000,0.099000,-16.599064,1.001798
210000,0.000000,-18.000000,1.001951
210000,0.001000,-17.986307,1.001949
210000,0.002000,-17.972666,1.001948
210000,0.003000,-17.959076,1.001947
210000,0.004000,-17.945538,1.001946
210000,0.005000,-17.931397,1.001945
210000,0.006000,-17.904904,1.001943
210000,0.007000,-17.878611,1.001940
210000,0.008000,-17.852520,1.001938
210000,0.009000,-17.826637,1.001936
210000,0.010000,-17.800965,1.001934
210000,0.011000,-17.775508,1.001932
210000,0.012000,-17.750269,1.001930
210000,0.013000,-17.725253,1.001927
210000,0.014000,-17.700463,1.001925
210000,0.015000,-17.675901,1.001923
210000,0.016000,-17.651572,1.001921
210000,0.017000,-17.627479,1.001919
210000,0.018000,-17.603624,1.001916
210000,0.019000,-17.580011,1.001914
210000,0.020000,-17.556643,1.001912
210000,0.021000,-17.533522,1.001910
210000,0.022000,-17.510651,1.001908
210000,0.023000,-17.488032,1.001906
210000,0.024000,-17.465669,1.001904
210000,0.025000,-17.443563,1.001901
210000,0.026000,-17.421717,1.001899
210000,0.027000,-17.400133,1.001897
210000,0.028000,-17.378814,1.001895
210000,0.029000,-17.357760,1.001893
210000,0.030000,-17.336975,1.001891
210000,0.031000,-17.316460,1.001889
210000,0.032000,-17.296216,1.001887
210000,0.033000,-17.276246,1.001885
210000,0.034000,-17.256552,1.001883
210000,0.035000,-17.237134,1.001881
210000,0.036000,-17.217994,1.001879
210000,0.037000,-17.199134,1.001877
210000,0.038000,-17.180555,1.001875
210000,0.039000,-17.162258,1.001873
210000,0.040000,-17.144245,1.001872
210000,0.041000,-17.126517,1.001870
210000,0.042000,-17.109075,1.001868
210000,0.043000,-17.091919,1.001866
210000,0.044000,-17.075051,1.001864
210000,0.045000,-17.058473,1.001862
210000,0.046000,-17.042184,1.001861
210000,0.047000,-17.026186,1.001859
210000,0.048000,-17.010479,1.001857
210000,0.049000,-16.995064,1.001856
210000,0.050000,-16.979942,1.001854
210000,0.051000,-16.965114,1.001852
210000,0.052000,-16.950580,1.001851
210000,0.053000,-16.936341,1.001849
210000,0.054000,-16.922397,1.001848
210000,0.055000,-16.908750,1.001846
210000,0.056000,-16.895398,1.001845
210000,0.057000,-16.882344,1.001843
210000,0.058000,-16.869586,1.001842
210000,0.059000,-16.857127,1.001840
210000,0.060000,-16.844965,1.001839
210000,0.061000,-16.833102,1.001838
210000,0.062000,-16.821538,1.001836
210000,0.063000,-16.810272,1.001835
210000,0.064000,-16.799306,1.001834
210000,0.065000,-16.788639,1.001832
210000,0.066000,-16.778273,1.001831
210000,0.067000,-16.768206,1.001830
210000,0.068000,-16.758439,1.001829
210000,0.069000,-16.748973,1.001828
210000,0.070000,-16.739807,1.001827
210000,0.071000,-16.730942,1.001826
210000,0.072000,-16.722378,1.001825
210000,0.073000,-16.714114,1.001824
210000,0.074000,-16.706152,1.001823
210000,0.075000,-16.698491,1.001822
210000,0.076000,-16.691131,1.001821
210000,0.077000,-16.684072,1.001820
210000,0.078000,-16.677314,1.001819
210000,0.079000,-16.670858,1.001819
210000,0.080000,-16.664704,1.001818
210000,0.081000,-16.658851,1.001817
210000,0.082000,-16.653300,1.001817
210000,0.083000,-16.648050,1.001816
210000,0.084000,-16.643102,1.001815
210000,0.085000,-16.638455,1.001815
210000,0.086000,-16.634110,1.001814
210000,0.087000,-16.630067,1.001814
210000,0.088000,-16.626326,1.001813
210000,0.089000,-16.622886,1.001813
210000,0.090000,-16.619748,1.001812
210000,0.091000,-16.616911,1.001812
210000,0.092000,-16.614377,1.001812
210000,0.093000,-16.612144,1.001812
210000,0.094000,-16.610213,1.001811
210000,0.095000,-16.608583,1.001811
210000,0.096000,-16.607256,1.001811
210000,0.097000,-16.606230,1.001811
210000,0.098000,-16.605505,1.001811
210000,0.099000,-16.605083,1.001811
212000,0.000000,-18.000000,1.001960
212000,0.001000,-17.986349,1.001958
212000,0.002000,-17.972751,1.001957
212000,0.003000,-17.959204,1.001956
212000,0.004000,-17.945709,1.001955
212000,0.005000,-17.931615,1.001954
212000,0.006000,-17.905209,1.001952
212000,0.007000,-17.879005,1.001950
212000,0.008000,-17.853004,1.001948
212000,0.009000,-17.827211,1.001946
212000,0.010000,-17.801631,1.001944
212000,0.011000,-17.776266,1.001942
212000,0.012000,-17.751120,1.001939
212000,0.013000,-17.726197,1.001937
212000,0.014000,-17.701499,1.001935
212000,0.015000,-17.677032,1.001933
212000,0.016000,-17.652796,1.001931
212000,0.017000,-17.628797,1.001929
212000,0.018000,-17.605036,1.001927
212000,0.019000,-17.581517,1.001925
212000,0.020000,-17.558242,1.001922
212000,0.021000,-17.535214,1.001920
212000,0.022000,-17.512436,1.001918
212000,0.023000,-17.489910,1.001916
212000,0.024000,-17.467639,1.001914
212000,0.025000,-17.445626,1.001912
212000,0.026000,-17.423871,1.001910
212000,0.027000,-17.402378,1.001908
212000,0.028000,-17.381148,1.001906
212000,0.029000,-17.360184,1.001904
212000,0.030000,-17.339488,1.001902
212000,0.031000,-17.319061,1.001900
212000,0.032000,-17.298904,1.001898
212000,0.033000,-17.279021,1.001896
212000,0.034000,-17.259412,1.001894
212000,0.035000,-17.240079,1.001892
212000,0.036000,-17.221023,1.001890
212000,0.037000,-17.202246,1.001888
212000,0.038000,-17.183749,1.001886
212000,0.039000,-17.165533,1.001885
212000,0.040000,-17.147600,1.001883
212000,0.041000,-17.129950,1.001881
212000,0.042000,-17.112586,1.001879
212000,0.043000,-17.095507,1.001877
212000,0.044000,-17.078715,1.001876
212000,0.045000,-17.062211,1.001874
212000,0.046000,-17.045995,1.001872
212000,0.047000,-17.030069,1.001870
212000,0.048000,-17.014434,1.001869
212000,0.049000,-16.999089,1.001867
212000,0.050000,-16.984036,1.001866
212000,0.051000,-16.969275,1.001864
212000,0.052000,-16.954807,1.001862
212000,0.053000,-16.940633,1.001861
212000,0.054000,-16.926753,1.001859
212000,0.055000,-16.913168,1.001858
212000,0.056000,-16.899877,1.001856
212000,0.057000,-16.886883,1.001855
212000,0.058000,-16.874184,1.001854
212000,0.059000,-16.861782,1.001852
212000,0.060000,-16.849676,1.001851
212000,0.061000,-16.837868,1.001850
212000,0.062000,-16.826356,1.001848
212000,0.063000,-16.815143,1.001847
212000,0.064000,-16.804228,1.001846
212000,0.065000,-16.793610,1.001845
212000,0.066000,-16.783291,1.001843
212000,0.067000,-16.773271,1.001842
212000,0.068000,-16.763550,1.001841
212000,0.069000,-16.754127,1.001840
212000,0.070000,-16.745004,1.001839
212000,0.071000,-16.736180,1.001838
212000,0.072000,-16.727655,1.001837
212000,0.073000,-16.719430,1.001836
212000,0.074000,-16.711505,1.001835
212000,0.075000,-16.703879,1.001834
212000,0.076000,-16.696554,1.001833
212000,0.077000,-16.689528,1.001833
212000,0.078000,-16.682802,1.001832
212000,0.079000,-16.676376,1.001831
212000,0.080000,-16.670250,1.001830
212000,0.081000,-16.664424,1.001830
212000,0.082000,-16.658899,1.001829
212000,0.083000,-16.653674,1.001828
212000,0.084000,-16.648748,1.001828
212000,0.085000,-16.644124,1.001827
212000,0.086000,-16.639799,1.001827
212000,0.087000,-16.635775,1.001826
212000,0.088000,-16.632051,1.001826
212000,0.089000,-16.628627,1.001825
212000,0.090000,-16.625503,1.001825
212000,0.091000,-16.622680,1.001825
212000,0.092000,-16.620158,1.001824
212000,0.093000,-16.617935,1.001824
212000,0.094000,-16.616013,1.001824
212000,0.095000,-16.614391,1.001824
212000,0.096000,-16.613070,1.001824
212000,0.097000,-16.612049,1.001823
212000,0.098000,-16.611328,1.001823
212000,0.099000,-16.610907,1.001823
214000,0.000000,-18.000000,1.001970
214000,0.001000,-17.986390,1.001968
214000,0.002000,-17.972832,1.001967
214000,0.003000,-17.959326,1.001966
214000,0.004000,-17.945874,1.001964
214000,0.005000,-17.931823,1.001964
214000,0.006000,-17.905502,1.001962
214000,0.007000,-17.879382,1.001960
214000,0.008000,-17.853468,1.001957
214000,0.009000,-17.827763,1.001955
214000,0.010000,-17.802270,1.001953
214000,0.011000,-17.776994,1.001951
214000,0.012000,-17.751937,1.001949
214000,0.013000,-17.727104,1.001947
214000,0.014000,-17.702497,1.001945
214000,0.015000,-17.678119,1.001943
214000,0.016000,-17.653975,1.001941
214000,0.017000,-17.630066,1.001939
214000,0.018000,-17.606396,1.001936
214000,0.019000,-17.582967,1.001934
214000,0.020000,-17.559783,1.001932
214000,0.021000,-17.536845,1.001930
214000,0.022000,-17.514157,1.001928
214000,0.023000,-17.491721,1.001926
214000,0.024000,-17.469540,1.001924
214000,0.025000,-17.447615,1.001922
214000,0.026000,-17.425949,1.001920
214000,0.027000,-17.404543,1.001918
214000,0.028000,-17.383401,1.001916
214000,0.029000,-17.362524,1.001914
214000,0.030000,-17.341913,1.001912
214000,0.031000,-17.321571,1.001910
214000,0.032000,-17.301500,1.001908
214000,0.033000,-17.281700,1.001906
214000,0.034000,-17.262174,1.001905
214000,0.035000,-17.242923,1.001903
214000,0.036000,-17.223949,1.001901
214000,0.037000,-17.205252,1.001899
214000,0.038000,-17.186834,1.001897
214000,0.039000,-17.168697,1.001895
214000,0.040000,-17.150842,1.001893
214000,0.041000,-17.133269,1.001892
214000,0.042000,-17.115980,1.001890
214000,0.043000,-17.098975,1.001888
214000,0.044000,-17.082257,1.001887
214000,0.045000,-17.065825,1.001885
214000,0.046000,-17.049681,1.001883
214000,0.047000,-17.033825,1.001882
214000,0.048000,-17.018258,1.001880
214000,0.049000,-17.002981,1.001878
214000,0.050000,-16.987994,1.001877
214000,0.051000,-16.973299,1.001875
214000,0.052000,-16.958895,1.001874
214000,0.053000,-16.944784,1.001872
214000,0.054000,-16.930966,1.001871
214000,0.055000,-16.917441,1.001869
214000,0.056000,-16.904210,1.001868
214000,0.057000,-16.891274,1.001866
214000,0.058000,-16.878632,1.001865
214000,0.059000,-16.866285,1.001864
214000,0.060000,-16.854234,1.001862
214000,0.061000,-16.842478,1.001861
214000,0.062000,-16.831019,1.001860
214000,0.063000,-16.819856,1.001859
214000,0.064000,-16.808990,1.001857
214000,0.065000,-16.798420,1.001856
214000,0.066000,-16.788148,1.001855
214000,0.067000,-16.778173,1.001854
214000,0.068000,-16.768495,1.001853
214000,0.069000,-16.759115,1.001852
214000,0.070000,-16.750033,1.001851
214000,0.071000,-16.741249,1.001850
214000,0.072000,-16.732763,1.001849
214000,0.073000,-16.724576,1.001848
214000,0.074000,-16.716686,1.001847
214000,0.075000,-16.709095,1.001846
214000,0.076000,-16.701802,1.001845
214000,0.077000,-16.694808,1.001845
214000,0.078000,-16.688113,1.001844
214000,0.079000,-16.681716,1.001843
214000,0.080000,-16.675618,1.001842
214000,0.081000,-16.669819,1.001842
214000,0.082000,-16.664319,1.001841
214000,0.083000,-16.659117,1.001840
214000,0.084000,-16.654214,1.001840
214000,0.085000,-16.649610,1.001839
214000,0.086000,-16.645305,1.001839
214000,0.087000,-16.641299,1.001838
214000,0.088000,-16.637592,1.001838
214000,0.089000,-16.634184,1.001838
214000,0.090000,-16.631075,1.001837
214000,0.091000,-16.628265,1.001837
214000,0.092000,-16.625753,1.001837
214000,0.093000,-16.623541,1.001836
214000,0.094000,-16.621628,1.001836
214000,0.095000,-16.620013,1.001836
214000,0.096000,-16.618698,1.001836
214000,0.097000,-16.617681,1.001836
214000,0.098000,-16.616964,1.001836
214000,0.099000,-16.616545,1.001836
216000,0.000000,-18.000000,1.001978
216000,0.001000,-17.986429,1.001977
216000,0.002000,-17.972910,1.001976
216000,0.003000,-17.959444,1.001974
216000,0.004000,-17.946031,1.001973
216000,0.005000,-17.932022,1.001973
216000,0.006000,-17.905782,1.001971
216000,0.007000,-17.879744,1.001969
216000,0.008000,-17.853913,1.001967
216000,0.009000,-17.828292,1.001964
216000,0.010000,-17.802884,1.001962
216000,0.011000,-17.777694,1.001960
216000,0.012000,-17.752723,1.001958
216000,0.013000,-17.727976,1.001956
216000,0.014000,-17.703456,1.001954
216000,0.015000,-17.679166,1.001952
216000,0.016000,-17.655109,1.001950
216000,0.017000,-17.631288,1.001948
216000,0.018000,-17.607705,1.001946
216000,0.019000,-17.584364,1.001944
216000,0.020000,-17.561268,1.001942
216000,0.021000,-17.538418,1.001940
216000,0.022000,-17.515817,1.001938
216000,0.023000,-17.493468,1.001936
216000,0.024000,-17.471373,1.001934
216000,0.025000,-17.449534,1.001932
216000,0.026000,-17.427953,1.001930
216000,0.027000,-17.406633,1.001928
216000,0.028000,-17.385576,1.001926
216000,0.029000,-17.364783,1.001924
216000,0.030000,-17.344256,1.001922
216000,0.031000,-17.323996,1.001920
216000,0.032000,-17.304007,1.001918
216000,0.033000,-17.284289,1.001917
216000,0.034000,-17.264843,1.001915
216000,0.035000,-17.245672,1.001913
216000,0.036000,-17.226776,1.001911
216000,0.037000,-17.208157,1.001909
216000,0.038000,-17.189817,1.001907
216000,0.039000,-17.171756,1.001906
216000,0.040000,-17.153976,1.001904
216000,0.041000,-17.136477,1.001902
216000,0.042000,-17.119261,1.001900
216000,0.043000,-17.102329,1.001899
216000,0.044000,-17.085682,1.001897
216000,0.045000,-17.069320,1.001895
216000,0.046000,-17.053245,1.001894
216000,0.047000,-17.037457,1.001892
216000,0.048000,-17.021957,1.001891
216000,0.049000,-17.006746,1.001889
216000,0.050000,-16.991824,1.001887
216000,0.051000,-16.977192,1.001886
216000,0.052000,-16.962851,1.001884
216000,0.053000,-16.948801,1.001883
216000,0.054000,-16.935043,1.001882
216000,0.055000,-16.921577,1.001880
216000,0.056000,-16.908403,1.001879
216000,0.057000,-16.895523,1.001877
216000,0.058000,-16.882936,1.001876
216000,0.059000,-16.870644,1.001875
216000,0.060000,-16.858645,1.001873
216000,0.061000,-16.846941,1.001872
216000,0.062000,-16.835532,1.001871
216000,0.063000,-16.824418,1.001870
216000,0.064000,-16.813599,1.001869
216000,0.065000,-16.803076,1.001867
216000,0.066000,-16.792849,1.001866
216000,0.067000,-16.782918,1.001865
216000,0.068000,-16.773283,1.001864
216000,0.069000,-16.763944,1.001863
216000,0.070000,-16.754902,1.001862
216000,0.071000,-16.746157,1.001861
216000,0.072000,-16.737708,1.001860
216000,0.073000,-16.729557,1.001859
216000,0.074000,-16.721702,1.001858
216000,0.075000,-16.714145,1.001858
216000,0.076000,-16.706884,1.001857
216000,0.077000,-16.699921,1.001856
216000,0.078000,-16.693256,1.001855
216000,0.079000,-16.686887,1.001855
216000,0.080000,-16.680816,1.001854
216000,0.081000,-16.675043,1.001853
216000,0.082000,-16.669567,1.001853
216000,0.083000,-16.664388,1.001852
216000,0.084000,-16.659507,1.001851
216000,0.085000,-16.654924,1.001851
216000,0.086000,-16.650638,1.001850
216000,0.087000,-16.646649,1.001850
216000,0.088000,-16.642959,1.001850
216000,0.089000,-16.639566,1.001849
216000,0.090000,-16.636470,1.001849
216000,0.091000,-16.633672,1.001849
216000,0.092000,-16.631172,1.001848
216000,0.093000,-16.628970,1.001848
216000,0.094000,-16.627065,1.001848
216000,0.095000,-16.625458,1.001848
216000,0.096000,-16.624148,1.001847
216000,0.097000,-16.623136,1.001847
216000,0.098000,-16.622422,1.001847
216000,0.099000,-16.622005,1.001847
218000,0.000000,-18.000000,1.001987
218000,0.001000,-17.986466,1.001985
218000,0.002000,-17.972985,1.001984
218000,0.003000,-17.959556,1.001983
218000,0.004000,-17.946181,1.001982
218000,0.005000,-17.932213,1.001981
218000,0.006000,-17.906050,1.001979
218000,0.007000,-17.880092,1.001977
218000,0.008000,-17.854340,1.001975
218000,0.009000,-17.828800,1.001973
218000,0.010000,-17.803474,1.001971
218000,0.011000,-17.778366,1.001969
218000,0.012000,-17.753479,1.001967
218000,0.013000,-17.728815,1.001965
218000,0.014000,-17.704379,1.001963
218000,0.015000,-17.680174,1.001961
218000,0.016000,-17.656201,1.001959
218000,0.017000,-17.632465,1.001957
218000,0.018000,-17.608967,1.001955
218000,0.019000,-17.585711,1.001953
218000,0.020000,-17.562699,1.001951
218000,0.021000,-17.539934,1.001949
218000,0.022000,-17.517417,1.001947
218000,0.023000,-17.495153,1.001945
218000,0.024000,-17.473141,1.001943
218000,0.025000,-17.451386,1.001941
218000,0.026000,-17.429889,1.001939
218000,0.027000,-17.408651,1.001937
218000,0.028000,-17.387676,1.001936
218000,0.029000,-17.366964,1.001934
218000,0.030000,-17.346518,1.001932
218000,0.031000,-17.326339,1.001930
218000,0.032000,-17.306429,1.001928
218000,0.033000,-17.286790,1.001926
218000,0.034000,-17.267422,1.001924
218000,0.035000,-17.248328,1.001923
218000,0.036000,-17.229509,1.001921
218000,0.037000,-17.210966,1.001919
218000,0.038000,-17.192701,1.001917
218000,0.039000,-17.174714,1.001916
218000,0.040000,-17.157006,1.001914
218000,0.041000,-17.139580,1.001912
218000,0.042000,-17.122435,1.001910
218000,0.043000,-17.105573,1.001909
218000,0.044000,-17.088995,1.001907
218000,0.045000,-17.072701,1.001906
218000,0.046000,-17.056693,1.001904
218000,0.047000,-17.040971,1.001902
218000,0.048000,-17.025536,1.001901
218000,0.049000,-17.010389,1.001899
218000,0.050000,-16.995530,1.001898
218000,0.051000,-16.980960,1.001896
218000,0.052000,-16.966679,1.001895
218000,0.053000,-16.952689,1.001893
218000,0.054000,-16.938989,1.001892
218000,0.055000,-16.925580,1.001891
218000,0.056000,-16.912462,1.001889
218000,0.057000,-16.899637,1.001888
218000,0.058000,-16.887104,1.001887
218000,0.059000,-16.874863,1.001885
218000,0.060000,-16.862916,1.001884
218000,0.061000,-16.851262,1.001883
218000,0.062000,-16.839901,1.001882
218000,0.063000,-16.828835,1.001881
218000,0.064000,-16.818063,1.001879
218000,0.065000,-16.807585,1.001878
218000,0.066000,-16.797401,1.001877
218000,0.067000,-16.787513,1.001876
218000,0.068000,-16.777919,1.001875
218000,0.069000,-16.768621,1.001874
218000,0.070000,-16.759618,1.001873
218000,0.071000,-16.750910,1.001872
218000,0.072000,-16.742498,1.001871
218000,0.073000,-16.734382,1.001870
218000,0.074000,-16.726561,1.001869
218000,0.075000,-16.719036,1.001869
218000,0.076000,-16.711807,1.001868
218000,0.077000,-16.704874,1.001867
218000,0.078000,-16.698237,1.001866
218000,0.079000,-16.691896,1.001866
218000,0.080000,-16.685851,1.001865
218000,0.081000,-16.680103,1.001864
218000,0.082000,-16.674650,1.001864
218000,0.083000,-16.669494,1.001863
218000,0.084000,-16.664634,1.001863
218000,0.085000,-16.660070,1.001862
218000,0.086000,-16.655803,1.001862
218000,0.087000,-16.651832,1.001861
218000,0.088000,-16.648157,1.001861
218000,0.089000,-16.644779,1.001860
218000,0.090000,-16.641697,1.001860
218000,0.091000,-16.638911,1.001860
218000,0.092000,-16.636422,1.001860
218000,0.093000,-16.634229,1.001859
218000,0.094000,-16.632332,1.001859
218000,0.095000,-16.630732,1.001859
218000,0.096000,-16.629428,1.001859
218000,0.097000,-16.628421,1.001859
218000,0.098000,-16.627709,1.001859
218000,0.099000,-16.627294,1.001858
220000,0.000000,-18.000000,1.001995
220000,0.001000,-17.986501,1.001993
220000,0.002000,-17.973056,1.001992
220000,0.003000,-17.959664,1.001991
220000,0.004000,-17.946325,1.001990
220000,0.005000,-17.932396,1.001990
220000,0.006000,-17.906308,1.001988
220000,0.007000,-17.880425,1.001986
220000,0.008000,-17.854750,1.001984
220000,0.009000,-17.829288,1.001982
220000,0.010000,-17.804041,1.001980
220000,0.011000,-17.779012,1.001978
220000,0.012000,-17.754205,1.001976
220000,0.013000,-17.729623,1.001974
220000,0.014000,-17.705268,1.001972
220000,0.015000,-17.681144,1.001970
220000,0.016000,-17.657253,1.001968
220000,0.017000,-17.633599,1.001966
220000,0.018000,-17.610183,1.001964
220000,0.019000,-17.587009,1.001962
220000,0.020000,-17.564079,1.001960
220000,0.021000,-17.541396,1.001958
220000,0.022000,-17.518962,1.001956
220000,0.023000,-17.496778,1.001954
220000,0.024000,-17.474849,1.001952
220000,0.025000,-17.453174,1.001950
220000,0.026000,-17.431757,1.001948
220000,0.027000,-17.410600,1.001947
220000,0.028000,-17.389704,1.001945
220000,0.029000,-17.369072,1.001943
220000,0.030000,-17.348704,1.001941
220000,0.031000,-17.328603,1.001939
220000,0.032000,-17.308771,1.001937
220000,0.033000,-17.289208,1.001936
220000,0.034000,-17.269916,1.001934
220000,0.035000,-17.250897,1.001932
220000,0.036000,-17.232152,1.001930
220000,0.037000,-17.213683,1.001929
220000,0.038000,-17.195490,1.001927
220000,0.039000,-17.177575,1.001925
220000,0.040000,-17.159938,1.001923
220000,0.041000,-17.142582,1.001922
220000,0.042000,-17.125506,1.001920
220000,0.043000,-17.108712,1.001919
220000,0.044000,-17.092201,1.001917
220000,0.045000,-17.075974,1.001915
220000,0.046000,-17.060031,1.001914
220000,0.047000,-17.044373,1.001912
220000,0.048000,-17.029001,1.001911
220000,0.049000,-17.013916,1.001909
220000,0.050000,-16.999118,1.001908
220000,0.051000,-16.984608,1.001906
220000,0.052000,-16.970386,1.001905
220000,0.053000,-16.956453,1.001903
220000,0.054000,-16.942810,1.001902
220000,0.055000,-16.929456,1.001901
220000,0.056000,-16.916393,1.001899
220000,0.057000,-16.903621,1.001898
220000,0.058000,-16.891140,1.001897
220000,0.059000,-16.878950,1.001896
220000,0.060000,-16.867053,1.001894
220000,0.061000,-16.855447,1.001893
220000,0.062000,-16.844134,1.001892
220000,0.063000,-16.833114,1.001891
220000,0.064000,-16.822387,1.001890
220000,0.065000,-16.811953,1.001889
220000,0.066000,-16.801812,1.001888
220000,0.067000,-16.791965,1.001887
220000,0.068000,-16.782412,1.001886
220000,0.069000,-16.773152,1.001885
220000,0.070000,-16.764187,1.001884
220000,0.071000,-16.755516,1.001883
220000,0.072000,-16.747139,1.001882
220000,0.073000,-16.739057,1.001881
220000,0.074000,-16.731269,1.001880
220000,0.075000,-16.723775,1.001879
220000,0.076000,-16.716577,1.001879
220000,0.077000,-16.709673,1.001878
220000,0.078000,-16.703064,1.001877
220000,0.079000,-16.696750,1.001876
220000,0.080000,-16.690730,1.001876
220000,0.081000,-16.685006,1.001875
220000,0.082000,-16.679577,1.001875
220000,0.083000,-16.674442,1.001874
220000,0.084000,-16.669603,1.001873
220000,0.085000,-16.665058,1.001873
220000,0.086000,-16.660809,1.001872
220000,0.087000,-16.656855,1.001872
220000,0.088000,-16.653196,1.001872
220000,0.089000,-16.649832,1.001871
220000,0.090000,-16.646763,1.001871
220000,0.091000,-16.643989,1.001871
220000,0.092000,-16.641510,1.001870
220000,0.093000,-16.639326,1.001870
220000,0.094000,-16.637437,1.001870
220000,0.095000,-16.635844,1.001870
220000,0.096000,-16.634545,1.001870
220000,0.097000,-16.633542,1.001869
220000,0.098000,-16.632834,1.001869
220000,0.099000,-16.632421,1.001869
222000,0.000000,-18.000000,1.002003
222000,0.001000,-17.986535,1.002001
222000,0.002000,-17.973124,1.002000
222000,0.003000,-17.959766,1.001999
222000,0.004000,-17.946463,1.001998
222000,0.005000,-17.932571,1.001998
222000,0.006000,-17.906554,1.001996
222000,0.007000,-17.880744,1.001994
222000,0.008000,-17.855144,1.001992
222000,0.009000,-17.829756,1.001990
222000,0.010000,-17.804585,1.001988
222000,0.011000,-17.779633,1.001986
222000,0.012000,-17.754904,1.001984
222000,0.013000,-17.730399,1.001982
222000,0.014000,-17.706123,1.001980
222000,0.015000,-17.682078,1.001978
222000,0.016000,-17.658266,1.001976
222000,0.017000,-17.634691,1.001974
222000,0.018000,-17.611356,1.001972
222000,0.019000,-17.588261,1.001970
222000,0.020000,-17.565411,1.001968
222000,0.021000,-17.542807,1.001967
222000,0.022000,-17.520452,1.001965
222000,0.023000,-17.498348,1.001963
222000,0.024000,-17.476497,1.001961
222000,0.025000,-17.454901,1.001959
222000,0.026000,-17.433563,1.001957
222000,0.027000,-17.412483,1.001955
222000,0.028000,-17.391665,1.001953
222000,0.029000,-17.371109,1.001952
222000,0.030000,-17.350817,1.001950
222000,0.031000,-17.330792,1.001948
222000,0.032000,-17.311034,1.001946
222000,0.033000,-17.291546,1.001945
222000,0.034000,-17.272328,1.001943
222000,0.035000,-17.253382,1.001941
222000,0.036000,-17.234709,1.001939
222000,0.037000,-17.216311,1.001938
222000,0.038000,-17.198189,1.001936
222000,0.039000,-17.180344,1.001934
222000,0.040000,-17.162776,1.001933
222000,0.041000,-17.145488,1.001931
222000,0.042000,-17.128479,1.001929
222000,0.043000,-17.111752,1.001928
222000,0.044000,-17.095306,1.001926
222000,0.045000,-17.079143,1.001925
222000,0.046000,-17.063263,1.001923
222000,0.047000,-17.047667,1.001922
222000,0.048000,-17.032357,1.001920
222000,0.049000,-17.017332,1.001919
222000,0.050000,-17.002593,1.001917
222000,0.051000,-16.988141,1.001916
222000,0.052000,-16.973977,1.001915
222000,0.053000,-16.960100,1.001913
222000,0.054000,-16.946512,1.001912
222000,0.055000,-16.933212,1.001910
222000,0.056000,-16.920202,1.001909
222000,0.057000,-16.907481,1.001908
222000,0.058000,-16.895051,1.001907
222000,0.059000,-16.882911,1.001905
222000,0.060000,-16.871061,1.001904
222000,0.061000,-16.859503,1.001903
222000,0.062000,-16.848236,1.001902
222000,0.063000,-16.837261,1.001901
222000,0.064000,-16.826577,1.001900
222000,0.065000,-16.816186,1.001899
222000,0.066000,-16.806087,1.001898
222000,0.067000,-16.796280,1.001897
222000,0.068000,-16.786766,1.001896
222000,0.069000,-16.777544,1.001895
222000,0.070000,-16.768615,1.001894
222000,0.071000,-16.759980,1.001893
222000,0.072000,-16.751637,1.001892
222000,0.073000,-16.743588,1.001891
222000,0.074000,-16.735832,1.001890
222000,0.075000,-16.728370,1.001889
222000,0.076000,-16.721201,1.001889
222000,0.077000,-16.714325,1.001888
222000,0.078000,-16.707743,1.001887
222000,0.079000,-16.701455,1.001887
222000,0.080000,-16.695461,1.001886
222000,0.081000,-16.689760,1.001885
222000,0.082000,-16.684353,1.001885
222000,0.083000,-16.679239,1.001884
222000,0.084000,-16.674420,1.001884
222000,0.085000,-16.669894,1.001883
222000,0.086000,-16.665662,1.001883
222000,0.087000,-16.661725,1.001882
222000,0.088000,-16.658080,1.001882
222000,0.089000,-16.654730,1.001882
222000,0.090000,-16.651674,1.001881
222000,0.091000,-16.648911,1.001881
222000,0.092000,-16.646443,1.001881
222000,0.093000,-16.644268,1.001881
222000,0.094000,-16.642387,1.001880
222000,0.095000,-16.640800,1.001880
222000,0.096000,-16.639507,1.001880
222000,0.097000,-16.638508,1.001880
222000,0.098000,-16.637803,1.001880
222000,0.099000,-16.637391,1.001880
224000,0.000000,-18.000000,1.002010
224000,0.001000,-17.986567,1.002009
224000,0.002000,-17.973189,1.002008
224000,0.003000,-17.959865,1.002007
224000,0.004000,-17.946595,1.002006
224000,0.005000,-17.932739,1.002005
224000,0.006000,-17.906791,1.002003
224000,0.007000,-17.881050,1.002001
224000,0.008000,-17.855521,1.001999
224000,0.009000,-17.830206,1.001998
224000,0.010000,-17.805108,1.001996
224000,0.011000,-17.780231,1.001994
224000,0.012000,-17.755576,1.001992
224000,0.013000,-17.731147,1.001990
224000,0.014000,-17.706947,1.001988
224000,0.015000,-17.682978,1.001986
224000,0.016000,-17.659243,1.001984
224000,0.017000,-17.635745,1.001982
224000,0.018000,-17.612486,1.001980
224000,0.019000,-17.589469,1.001978
224000,0.020000,-17.566696,1.001977
224000,0.021000,-17.544169,1.001975
224000,0.022000,-17.521891,1.001973
224000,0.023000,-17.499864,1.001971
224000,0.024000,-17.478089,1.001969
224000,0.025000,-17.456570,1.001967
224000,0.026000,-17.435307,1.001966
224000,0.027000,-17.414303,1.001964
224000,0.028000,-17.393559,1.001962
224000,0.029000,-17.373078,1.001960
224000,0.030000,-17.352861,1.001958
224000,0.031000,-17.332909,1.001957
224000,0.032000,-17.313224,1.001955
224000,0.033000,-17.293808,1.001953
224000,0.034000,-17.274662,1.001951
224000,0.035000,-17.255787,1.001950
224000,0.036000,-17.237184,1.001948
224000,0.037000,-17.218855,1.001946
224000,0.038000,-17.200802,1.001945
224000,0.039000,-17.183024,1.001943
224000,0.040000,-17.165524,1.001942
224000,0.041000,-17.148301,1.001940
224000,0.042000,-17.131358,1.001938
224000,0.043000,-17.114695,1.001937
224000,0.044000,-17.098312,1.001935
224000,0.045000,-17.082212,1.001934
224000,0.046000,-17.066394,1.001932
224000,0.047000,-17.050859,1.001931
224000,0.048000,-17.035608,1.001929
224000,0.049000,-17.020642,1.001928
224000,0.050000,-17.005960,1.001927
224000,0.051000,-16.991565,1.001925
224000,0.052000,-16.977456,1.001924
224000,0.053000,-16.963634,1.001922
224000,0.054000,-16.950099,1.001921
224000,0.055000,-16.936852,1.001920
224000,0.056000,-16.923893,1.001919
224000,0.057000,-16.911223,1.001917
224000,0.058000,-16.898842,1.001916
224000,0.059000,-16.886750,1.001915
224000,0.060000,-16.874947,1.001914
224000,0.061000,-16.863435,1.001913
224000,0.062000,-16.852213,1.001911
224000,0.063000,-16.841281,1.001910
224000,0.064000,-16.830640,1.001909
224000,0.065000,-16.820290,1.001908
224000,0.066000,-16.810231,1.001907
224000,0.067000,-16.800464,1.001906
224000,0.068000,-16.790987,1.001905
224000,0.069000,-16.781803,1.001904
224000,0.070000,-16.772910,1.001903
224000,0.071000,-16.764309,1.001903
224000,0.072000,-16.756000,1.001902
224000,0.073000,-16.747983,1.001901
224000,0.074000,-16.740258,1.001900
224000,0.075000,-16.732825,1.001899
224000,0.076000,-16.725685,1.001899
224000,0.077000,-16.718837,1.001898
224000,0.078000,-16.712282,1.001897
224000,0.079000,-16.706019,1.001897
224000,0.080000,-16.700048,1.001896
224000,0.081000,-16.694370,1.001895
224000,0.082000,-16.688985,1.001895
224000,0.083000,-16.683892,1.001894
224000,0.084000,-16.679092,1.001894
224000,0.085000,-16.674585,1.001893
224000,0.086000,-16.670370,1.001893
224000,0.087000,-16.666448,1.001892
224000,0.088000,-16.662818,1.001892
224000,0.089000,-16.659481,1.001892
224000,0.090000,-16.656437,1.001891
224000,0.091000,-16.653686,1.001891
224000,0.092000,-16.651227,1.001891
224000,0.093000,-16.649061,1.001891
224000,0.094000,-16.647188,1.001890
224000,0.095000,-16.645608,1.001890
224000,0.096000,-16.644320,1.001890
224000,0.097000,-16.643325,1.001890
224000,0.098000,-16.642622,1.001890
224000,0.099000,-16.642212,1.001890
226000,0.000000,-18.000000,1.002018
226000,0.001000,-17.986598,1.002016
226000,0.002000,-17.973251,1.002015
226000,0.003000,-17.959959,1.002014
226000,0.004000,-17.946722,1.002013
226000,0.005000,-17.932899,1.002013
226000,0.006000,-17.907017,1.002011
226000,0.007000,-17.881344,1.002009
226000,0.008000,-17.855884,1.002007
226000,0.009000,-17.830638,1.002005
226000,0.010000,-17.805611,1.002003
226000,0.011000,-17.780805,1.002001
226000,0.012000,-17.756222,1.001999
226000,0.013000,-17.731866,1.001997
226000,0.014000,-17.707740,1.001996
226000,0.015000,-17.683845,1.001994
226000,0.016000,-17.660184,1.001992
226000,0.017000,-17.636761,1.001990
226000,0.018000,-17.613576,1.001988
226000,0.019000,-17.590634,1.001986
226000,0.020000,-17.567936,1.001984
226000,0.021000,-17.545484,1.001983
226000,0.022000,-17.523280,1.001981
226000,0.023000,-17.501327,1.001979
226000,0.024000,-17.479627,1.001977
226000,0.025000,-17.458182,1.001975
226000,0.026000,-17.436993,1.001974
226000,0.027000,-17.416062,1.001972
226000,0.028000,-17.395391,1.001970
226000,0.029000,-17.374983,1.001968
226000,0.030000,-17.354837,1.001967
226000,0.031000,-17.334957,1.001965
226000,0.032000,-17.315343,1.001963
226000,0.033000,-17.295997,1.001961
226000,0.034000,-17.276920,1.001960
226000,0.035000,-17.258114,1.001958
226000,0.036000,-17.239580,1.001957
226000,0.037000,-17.221319,1.001955
226000,0.038000,-17.203332,1.001953
226000,0.039000,-17.185620,1.001952
226000,0.040000,-17.168185,1.001950
226000,0.041000,-17.151026,1.001949
226000,0.042000,-17.134147,1.001947
226000,0.043000,-17.117546,1.001945
226000,0.044000,-17.101225,1.001944
226000,0.045000,-17.085186,1.001943
226000,0.046000,-17.069427,1.001941
226000,0.047000,-17.053952,1.001940
226000,0.048000,-17.038759,1.001938
226000,0.049000,-17.023849,1.001937
226000,0.050000,-17.009224,1.001935
226000,0.051000,-16.994884,1.001934
226000,0.052000,-16.980829,1.001933
226000,0.053000,-16.967060,1.001931
226000,0.054000,-16.953577,1.001930
226000,0.055000,-16.940381,1.001929
226000,0.056000,-16.927472,1.001928
226000,0.057000,-16.914851,1.001926
226000,0.058000,-16.902518,1.001925
226000,0.059000,-16.890472,1.001924
226000,0.060000,-16.878716,1.001923
226000,0.061000,-16.867248,1.001922
226000,0.062000,-16.856070,1.001921
226000,0.063000,-16.845180,1.001920
226000,0.064000,-16.834581,1.001919
226000,0.065000,-16.824271,1.001918
226000,0.066000,-16.814251,1.001917
226000,0.067000,-16.804522,1.001916
226000,0.068000,-16.795082,1.001915
226000,0.069000,-16.785934,1.001914
226000,0.070000,-16.777075,1.001913
226000,0.071000,-16.768508,1.001912
226000,0.072000,-16.760232,1.001911
226000,0.073000,-16.752246,1.001910
226000,0.074000,-16.744551,1.001910
226000,0.075000,-16.737148,1.001909
226000,0.076000,-16.730036,1.001908
226000,0.077000,-16.723214,1.001907
226000,0.078000,-16.716685,1.001907
226000,0.079000,-16.710446,1.001906
226000,0.080000,-16.704499,1.001905
226000,0.081000,-16.698844,1.001905
226000,0.082000,-16.693479,1.001904
226000,0.083000,-16.688407,1.001904
226000,0.084000,-16.683625,1.001903
226000,0.085000,-16.679136,1.001903
226000,0.086000,-16.674937,1.001902
226000,0.087000,-16.671031,1.001902
226000,0.088000,-16.667415,1.001902
226000,0.089000,-16.664092,1.001901
226000,0.090000,-16.661060,1.001901
226000,0.091000,-16.658319,1.001901
226000,0.092000,-16.655870,1.001900
226000,0.093000,-16.653713,1.001900
226000,0.094000,-16.651847,1.001900
226000,0.095000,-16.650272,1.001900
226000,0.096000,-16.648990,1.001900
226000,0.097000,-16.647998,1.001900
226000,0.098000,-16.647299,1.001900
226000,0.099000,-16.646891,1.001900
228000,0.000000,-18.000000,1.002025
228000,0.001000,-17.986628,1.002023
228000,0.002000,-17.973311,1.002022
228000,0.003000,-17.960049,1.002021
228000,0.004000,-17.946843,1.002020
228000,0.005000,-17.933053,1.002020
228000,0.006000,-17.907234,1.002018
228000,0.007000,-17.881626,1.002016
228000,0.008000,-17.856232,1.002014
228000,0.009000,-17.831053,1.002012
228000,0.010000,-17.806094,1.002010
228000,0.011000,-17.781357,1.002008
228000,0.012000,-17.756845,1.002007
228000,0.013000,-17.732559,1.002005
228000,0.014000,-17.708504,1.002003
228000,0.015000,-17.684680,1.002001
228000,0.016000,-17.661092,1.001999
228000,0.017000,-17.637740,1.001997
228000,0.018000,-17.614628,1.001996
228000,0.019000,-17.591759,1.001994
228000,0.020000,-17.569133,1.001992
228000,0.021000,-17.546753,1.001990
228000,0.022000,-17.524622,1.001988
228000,0.023000,-17.502742,1.001987
228000,0.024000,-17.481114,1.001985
228000,0.025000,-17.459740,1.001983
228000,0.026000,-17.438623,1.001981
228000,0.027000,-17.417763,1.001980
228000,0.028000,-17.397164,1.001978
228000,0.029000,-17.376825,1.001976
228000,0.030000,-17.356750,1.001975
228000,0.031000,-17.336939,1.001973
228000,0.032000,-17.317394,1.001971
228000,0.033000,-17.298116,1.001970
228000,0.034000,-17.279107,1.001968
228000,0.035000,-17.260368,1.001966
228000,0.036000,-17.241900,1.001965
228000,0.037000,-17.223704,1.001963
228000,0.038000,-17.205782,1.001961
228000,0.039000,-17.188135,1.001960
228000,0.040000,-17.170763,1.001958
228000,0.041000,-17.153667,1.001957
228000,0.042000,-17.136849,1.001955
228000,0.043000,-17.120310,1.001954
228000,0.044000,-17.104049,1.001952
228000,0.045000,-17.088068,1.001951
228000,0.046000,-17.072368,1.001949
228000,0.047000,-17.056950,1.001948
228000,0.048000,-17.041813,1.001947
228000,0.049000,-17.026960,1.001945
228000,0.050000,-17.012389,1.001944
228000,0.051000,-16.998102,1.001943
228000,0.052000,-16.984100,1.001941
228000,0.053000,-16.970383,1.001940
228000,0.054000,-16.956951,1.001939
228000,0.055000,-16.943804,1.001938
228000,0.056000,-16.930944,1.001936
228000,0.057000,-16.918370,1.001935
228000,0.058000,-16.906083,1.001934
228000,0.059000,-16.894084,1.001933
228000,0.060000,-16.882372,1.001932
228000,0.061000,-16.870948,1.001931
228000,0.062000,-16.859812,1.001930
228000,0.063000,-16.848964,1.001928
228000,0.064000,-16.838404,1.001927
228000,0.065000,-16.828134,1.001926
228000,0.066000,-16.818152,1.001925
228000,0.067000,-16.808460,1.001925
228000,0.068000,-16.799056,1.001924
228000,0.069000,-16.789942,1.001923
228000,0.070000,-16.781118,1.001922
228000,0.071000,-16.772583,1.001921
228000,0.072000,-16.764339,1.001920
228000,0.073000,-16.756383,1.001919
228000,0.074000,-16.748718,1.001919
228000,0.075000,-16.741343,1.001918
228000,0.076000,-16.734258,1.001917
228000,0.077000,-16.727463,1.001917
228000,0.078000,-16.720958,1.001916
228000,0.079000,-16.714744,1.001915
228000,0.080000,-16.708820,1.001915
228000,0.081000,-16.703186,1.001914
228000,0.082000,-16.697842,1.001914
228000,0.083000,-16.692789,1.001913
228000,0.084000,-16.688026,1.001913
228000,0.085000,-16.683553,1.001912
228000,0.086000,-16.679371,1.001912
228000,0.087000,-16.675479,1.001911
228000,0.088000,-16.671878,1.001911
228000,0.089000,-16.668567,1.001911
228000,0.090000,-16.665547,1.001910
228000,0.091000,-16.662817,1.001910
228000,0.092000,-16.660377,1.001910
228000,0.093000,-16.658228,1.001910
228000,0.094000,-16.656369,1.001909
228000,0.095000,-16.654801,1.001909
228000,0.096000,-16.653523,1.001909
228000,0.097000,-16.652536,1.001909
228000,0.098000,-16.651839,1.001909
228000,0.099000,-16.651432,1.001909
230000,0.000000,-18.000000,1.002031
230000,0.001000,-17.986656,1.002030
230000,0.002000,-17.973368,1.002029
230000,0.003000,-17.960135,1.002028
230000,0.004000,-17.946958,1.002027
230000,0.005000,-17.933200,1.002026
230000,0.006000,-17.907442,1.002025
230000,0.007000,-17.881896,1.002023
230000,0.008000,-17.856565,1.002021
230000,0.009000,-17.831452,1.002019
230000,0.010000,-17.806559,1.002017
230000,0.011000,-17.781889,1.002015
230000,0.012000,-17.757444,1.002014
230000,0.013000,-17.733226,1.002012
230000,0.014000,-17.709240,1.002010
230000,0.015000,-17.685486,1.002008
230000,0.016000,-17.661967,1.002006
230000,0.017000,-17.638685,1.002005
230000,0.018000,-17.615644,1.002003
230000,0.019000,-17.592844,1.002001
230000,0.020000,-17.570289,1.001999
230000,0.021000,-17.547980,1.001998
230000,0.022000,-17.525919,1.001996
230000,0.023000,-17.504109,1.001994
230000,0.024000,-17.482551,1.001992
230000,0.025000,-17.461247,1.001991
230000,0.026000,-17.440200,1.001989
230000,0.027000,-17.419409,1.001987
230000,0.028000,-17.398879,1.001985
230000,0.029000,-17.378609,1.001984
230000,0.030000,-17.358601,1.001982
230000,0.031000,-17.338858,1.001980
230000,0.032000,-17.319380,1.001979
230000,0.033000,-17.300168,1.001977
230000,0.034000,-17.281225,1.001976
230000,0.035000,-17.262551,1.001974
230000,0.036000,-17.244148,1.001972
230000,0.037000,-17.226016,1.001971
230000,0.038000,-17.208157,1.001969
230000,0.039000,-17.190572,1.001968
230000,0.040000,-17.173262,1.001966
230000,0.041000,-17.156227,1.001965
230000,0.042000,-17.139469,1.001963
230000,0.043000,-17.122989,1.001962
230000,0.044000,-17.106787,1.001960
230000,0.045000,-17.090864,1.001959
230000,0.046000,-17.075221,1.001958
230000,0.047000,-17.059858,1.001956
230000,0.048000,-17.044776,1.001955
230000,0.049000,-17.029977,1.001953
230000,0.050000,-17.015459,1.001952
230000,0.051000,-17.001225,1.001951
230000,0.052000,-16.987274,1.001950
230000,0.053000,-16.973607,1.001948
230000,0.054000,-16.960224,1.001947
230000,0.055000,-16.947126,1.001946
230000,0.056000,-16.934313,1.001945
230000,0.057000,-16.921786,1.001944
230000,0.058000,-16.909544,1.001942
230000,0.059000,-16.897589,1.001941
230000,0.060000,-16.885920,1.001940
230000,0.061000,-16.874538,1.001939
230000,0.062000,-16.863443,1.001938
230000,0.063000,-16.852636,1.001937
230000,0.064000,-16.842116,1.001936
230000,0.065000,-16.831883,1.001935
230000,0.066000,-16.821939,1.001934
230000,0.067000,-16.812283,1.001933
230000,0.068000,-16.802914,1.001932
230000,0.069000,-16.793834,1.001931
230000,0.070000,-16.785043,1.001931
230000,0.071000,-16.776540,1.001930
230000,0.072000,-16.768326,1.001929
230000,0.073000,-16.760401,1.001928
230000,0.074000,-16.752764,1.001927
230000,0.075000,-16.745417,1.001927
230000,0.076000,-16.738358,1.001926
230000,0.077000,-16.731588,1.001925
230000,0.078000,-16.725108,1.001925
230000,0.079000,-16.718917,1.001924
230000,0.080000,-16.713015,1.001923
230000,0.081000,-16.707402,1.001923
230000,0.082000,-16.702078,1.001922
230000,0.083000,-16.697044,1.001922
230000,0.084000,-16.692299,1.001921
230000,0.085000,-16.687843,1.001921
230000,0.086000,-16.683677,1.001921
230000,0.087000,-16.679800,1.001920
230000,0.088000,-16.676212,1.001920
230000,0.089000,-16.672913,1.001920
230000,0.090000,-16.669904,1.001919
230000,0.091000,-16.667184,1.001919
230000,0.092000,-16.664754,1.001919
230000,0.093000,-16.662613,1.001918
230000,0.094000,-16.660761,1.001918
230000,0.095000,-16.659199,1.001918
230000,0.096000,-16.657926,1.001918
230000,0.097000,-16.656942,1.001918
230000,0.098000,-16.656247,1.001918
230000,0.099000,-16.655842,1.001918
232000,0.000000,-18.000000,1.002038
232000,0.001000,-17.986683,1.002036
232000,0.002000,-17.973422,1.002036
232000,0.003000,-17.960217,1.002035
232000,0.004000,-17.947069,1.002034
232000,0.005000,-17.933341,1.002033
232000,0.006000,-17.907641,1.002031
232000,0.007000,-17.882156,1.002029
232000,0.008000,-17.856886,1.002028
232000,0.009000,-17.831835,1.002026
232000,0.010000,-17.807006,1.002024
232000,0.011000,-17.782400,1.002022
232000,0.012000,-17.758020,1.002020
232000,0.013000,-17.733869,1.002019
232000,0.014000,-17.709949,1.002017
232000,0.015000,-17.686262,1.002015
232000,0.016000,-17.662811,1.002013
232000,0.017000,-17.639597,1.002012
232000,0.018000,-17.616624,1.002010
232000,0.019000,-17.593893,1.002008
232000,0.020000,-17.571406,1.002006
232000,0.021000,-17.549165,1.002005
232000,0.022000,-17.527173,1.002003
232000,0.023000,-17.505431,1.002001
232000,0.024000,-17.483941,1.001999
232000,0.025000,-17.462705,1.001998
232000,0.026000,-17.441725,1.001996
232000,0.027000,-17.421002,1.001994
232000,0.028000,-17.400539,1.001993
232000,0.029000,-17.380335,1.001991
232000,0.030000,-17.360394,1.001989
232000,0.031000,-17.340716,1.001988
232000,0.032000,-17.321303,1.001986
232000,0.033000,-17.302157,1.001985
232000,0.034000,-17.283278,1.001983
232000,0.035000,-17.264667,1.001981
232000,0.036000,-17.246327,1.001980
232000,0.037000,-17.228257,1.001978
232000,0.038000,-17.210460,1.001977
232000,0.039000,-17.192935,1.001975
232000,0.040000,-17.175685,1.001974
232000,0.041000,-17.158710,1.001972
232000,0.042000,-17.142011,1.001971
232000,0.043000,-17.125588,1.001970
232000,0.044000,-17.109443,1.001968
232000,0.045000,-17.093576,1.001967
232000,0.046000,-17.077988,1.001965
232000,0.047000,-17.062680,1.001964
232000,0.048000,-17.047652,1.001963
232000,0.049000,-17.032904,1.001961
232000,0.050000,-17.018439,1.001960
232000,0.051000,-17.004255,1.001959
232000,0.052000,-16.990354,1.001958
232000,0.053000,-16.976736,1.001956
232000,0.054000,-16.963401,1.001955
232000,0.055000,-16.950350,1.001954
232000,0.056000,-16.937583,1.001953
232000,0.057000,-16.925101,1.001952
232000,0.058000,-16.912904,1.001950
232000,0.059000,-16.900992,1.001949
232000,0.060000,-16.889365,1.001948
232000,0.061000,-16.878025,1.001947
232000,0.062000,-16.866970,1.001946
232000,0.063000,-16.856202,1.001945
232000,0.064000,-16.845720,1.001944
232000,0.065000,-16.835525,1.001943
232000,0.066000,-16.825616,1.001942
232000,0.067000,-16.815995,1.001941
232000,0.068000,-16.806661,1.001941
232000,0.069000,-16.797614,1.001940
232000,0.070000,-16.788855,1.001939
232000,0.071000,-16.780383,1.001938
232000,0.072000,-16.772199,1.001937
232000,0.073000,-16.764303,1.001937
232000,0.074000,-16.756694,1.001936
232000,0.075000,-16.749373,1.001935
232000,0.076000,-16.742341,1.001934
232000,0.077000,-16.735596,1.001934
232000,0.078000,-16.729139,1.001933
232000,0.079000,-16.722971,1.001933
232000,0.080000,-16.717090,1.001932
232000,0.081000,-16.711498,1.001931
232000,0.082000,-16.706194,1.001931
232000,0.083000,-16.701178,1.001930
232000,0.084000,-16.696450,1.001930
232000,0.085000,-16.692011,1.001930
232000,0.086000,-16.687860,1.001929
232000,0.087000,-16.683997,1.001929
232000,0.088000,-16.680422,1.001928
232000,0.089000,-16.677136,1.001928
232000,0.090000,-16.674138,1.001928
232000,0.091000,-16.671428,1.001928
232000,0.092000,-16.669006,1.001927
232000,0.093000,-16.666873,1.001927
232000,0.094000,-16.665028,1.001927
232000,0.095000,-16.663471,1.001927
232000,0.096000,-16.662203,1.001927
232000,0.097000,-16.661223,1.001927
232000,0.098000,-16.660531,1.001926
232000,0.099000,-16.660127,1.001926
234000,0.000000,-18.000000,1.002044
234000,0.001000,-17.986709,1.002043
234000,0.002000,-17.973474,1.002042
234000,0.003000,-17.960296,1.002041
234000,0.004000,-17.947175,1.002040
234000,0.005000,-17.933476,1.002039
234000,0.006000,-17.907833,1.002038
234000,0.007000,-17.882404,1.002036
234000,0.008000,-17.857194,1.002034
234000,0.009000,-17.832204,1.002032
234000,0.010000,-17.807435,1.002030
234000,0.011000,-17.782892,1.002029
234000,0.012000,-17.758576,1.002027
234000,0.013000,-17.734488,1.002025
234000,0.014000,-17.710633,1.002023
234000,0.015000,-17.687011,1.002022
234000,0.016000,-17.663625,1.002020
234000,0.017000,-17.640477,1.002018
234000,0.018000,-17.617570,1.002016
234000,0.019000,-17.594905,1.002015
234000,0.020000,-17.572485,1.002013
234000,0.021000,-17.550311,1.002011
234000,0.022000,-17.528385,1.002010
234000,0.023000,-17.506710,1.002008
234000,0.024000,-17.485286,1.002006
234000,0.025000,-17.464116,1.002005
234000,0.026000,-17.443202,1.002003
234000,0.027000,-17.422545,1.002001
234000,0.028000,-17.402146,1.002000
234000,0.029000,-17.382008,1.001998
234000,0.030000,-17.362131,1.001996
234000,0.031000,-17.342517,1.001995
234000,0.032000,-17.323168,1.001993
234000,0.033000,-17.304084,1.001992
234000,0.034000,-17.285267,1.001990
234000,0.035000,-17.266719,1.001989
234000,0.036000,-17.248439,1.001987
234000,0.037000,-17.230430,1.001986
234000,0.038000,-17.212693,1.001984
234000,0.039000,-17.195228,1.001983
234000,0.040000,-17.178036,1.001981
234000,0.041000,-17.161118,1.001980
234000,0.042000,-17.144476,1.001978
234000,0.043000,-17.128110,1.001977
234000,0.044000,-17.112020,1.001976
234000,0.045000,-17.096208,1.001974
234000,0.046000,-17.080674,1.001973
234000,0.047000,-17.065418,1.001972
234000,0.048000,-17.050442,1.001970
234000,0.049000,-17.035747,1.001969
234000,0.050000,-17.021331,1.001968
234000,0.051000,-17.007197,1.001966
234000,0.052000,-16.993345,1.001965
234000,0.053000,-16.979774,1.001964
234000,0.054000,-16.966486,1.001963
234000,0.055000,-16.953481,1.001962
234000,0.056000,-16.940760,1.001961
234000,0.057000,-16.928321,1.001959
234000,0.058000,-16.916167,1.001958
234000,0.059000,-16.904297,1.001957
234000,0.060000,-16.892712,1.001956
234000,0.061000,-16.881411,1.001955
234000,0.062000,-16.870396,1.001954
234000,0.063000,-16.859666,1.001953
234000,0.064000,-16.849221,1.001952
234000,0.065000,-16.839062,1.001951
234000,0.066000,-16.829189,1.001950
234000,0.067000,-16.819602,1.001949
234000,0.068000,-16.810301,1.001949
234000,0.069000,-16.801287,1.001948
234000,0.070000,-16.792559,1.001947
234000,0.071000,-16.784117,1.001946
234000,0.072000,-16.775962,1.001945
234000,0.073000,-16.768094,1.001945
234000,0.074000,-16.760513,1.001944
234000,0.075000,-16.753218,1.001943
234000,0.076000,-16.746211,1.001943
234000,0.077000,-16.739490,1.001942
234000,0.078000,-16.733056,1.001941
234000,0.079000,-16.726910,1.001941
234000,0.080000,-16.721051,1.001940
234000,0.081000,-16.715478,1.001940
234000,0.082000,-16.710193,1.001939
234000,0.083000,-16.705195,1.001939
234000,0.084000,-16.700485,1.001938
234000,0.085000,-16.696061,1.001938
234000,0.086000,-16.691925,1.001937
234000,0.087000,-16.688076,1.001937
234000,0.088000,-16.684514,1.001937
234000,0.089000,-16.681239,1.001936
234000,0.090000,-16.678252,1.001936
234000,0.091000,-16.675552,1.001936
234000,0.092000,-16.673139,1.001936
234000,0.093000,-16.671014,1.001935
234000,0.094000,-16.669175,1.001935
234000,0.095000,-16.667624,1.001935
234000,0.096000,-16.666360,1.001935
234000,0.097000,-16.665384,1.001935
234000,0.098000,-16.664694,1.001935
234000,0.099000,-16.664292,1.001935
236000,0.000000,-18.000000,1.002050
236000,0.001000,-17.986733,1.002049
236000,0.002000,-17.973524,1.002048
236000,0.003000,-17.960372,1.002047
236000,0.004000,-17.947276,1.002046
236000,0.005000,-17.933605,1.002045
236000,0.006000,-17.908016,1.002044
236000,0.007000,-17.882643,1.002042
236000,0.008000,-17.857490,1.002040
236000,0.009000,-17.832558,1.002038
236000,0.010000,-17.807849,1.002037
236000,0.011000,-17.783366,1.002035
236000,0.012000,-17.759110,1.002033
236000,0.013000,-17.735085,1.002031
236000,0.014000,-17.711292,1.002030
236000,0.015000,-17.687733,1.002028
236000,0.016000,-17.664411,1.002026
236000,0.017000,-17.641327,1.002025
236000,0.018000,-17.618484,1.002023
236000,0.019000,-17.595884,1.002021
236000,0.020000,-17.573528,1.002020
236000,0.021000,-17.551419,1.002018
236000,0.022000,-17.529558,1.002016
236000,0.023000,-17.507947,1.002015
236000,0.024000,-17.486588,1.002013
236000,0.025000,-17.465482,1.002011
236000,0.026000,-17.444632,1.002010
236000,0.027000,-17.424038,1.002008
236000,0.028000,-17.403703,1.002006
236000,0.029000,-17.383628,1.002005
236000,0.030000,-17.363814,1.002003
236000,0.031000,-17.344262,1.002002
236000,0.032000,-17.324975,1.002000
236000,0.033000,-17.305952,1.001999
236000,0.034000,-17.287196,1.001997
236000,0.035000,-17.268708,1.001996
236000,0.036000,-17.250488,1.001994
236000,0.037000,-17.232538,1.001993
236000,0.038000,-17.214859,1.001991
236000,0.039000,-17.197452,1.001990
236000,0.040000,-17.180317,1.001988
236000,0.041000,-17.163456,1.001987
236000,0.042000,-17.146869,1.001985
236000,0.043000,-17.130557,1.001984
236000,0.044000,-17.114522,1.001983
236000,0.045000,-17.098763,1.001981
236000,0.046000,-17.083281,1.001980
236000,0.047000,-17.068078,1.001979
236000,0.048000,-17.053153,1.001978
236000,0.049000,-17.038507,1.001976
236000,0.050000,-17.024141,1.001975
236000,0.051000,-17.010055,1.001974
236000,0.052000,-16.996250,1.001973
236000,0.053000,-16.982726,1.001971
236000,0.054000,-16.969484,1.001970
236000,0.055000,-16.956523,1.001969
236000,0.056000,-16.943845,1.001968
236000,0.057000,-16.931450,1.001967
236000,0.058000,-16.919338,1.001966
236000,0.059000,-16.907509,1.001965
236000,0.060000,-16.895964,1.001964
236000,0.061000,-16.884703,1.001963
236000,0.062000,-16.873725,1.001962
236000,0.063000,-16.863032,1.001961
236000,0.064000,-16.852624,1.001960
236000,0.065000,-16.842501,1.001959
236000,0.066000,-16.832662,1.001958
236000,0.067000,-16.823108,1.001957
236000,0.068000,-16.813840,1.001956
236000,0.069000,-16.804857,1.001955
236000,0.070000,-16.796159,1.001955
236000,0.071000,-16.787747,1.001954
236000,0.072000,-16.779621,1.001953
236000,0.073000,-16.771780,1.001952
236000,0.074000,-16.764225,1.001952
236000,0.075000,-16.756956,1.001951
236000,0.076000,-16.749973,1.001950
236000,0.077000,-16.743276,1.001950
236000,0.078000,-16.736865,1.001949
236000,0.079000,-16.730740,1.001949
236000,0.080000,-16.724901,1.001948
236000,0.081000,-16.719348,1.001948
236000,0.082000,-16.714082,1.001947
236000,0.083000,-16.709101,1.001947
236000,0.084000,-16.704407,1.001946
236000,0.085000,-16.699999,1.001946
236000,0.086000,-16.695878,1.001945
236000,0.087000,-16.692042,1.001945
236000,0.088000,-16.688493,1.001945
236000,0.089000,-16.685230,1.001944
236000,0.090000,-16.682253,1.001944
236000,0.091000,-16.679562,1.001944
236000,0.092000,-16.677158,1.001944
236000,0.093000,-16.675040,1.001943
236000,0.094000,-16.673208,1.001943
236000,0.095000,-16.671662,1.001943
236000,0.096000,-16.670403,1.001943
236000,0.097000,-16.669430,1.001943
236000,0.098000,-16.668743,1.001943
236000,0.099000,-16.668342,1.001943
238000,0.000000,-18.000000,1.002056
238000,0.001000,-17.986757,1.002054
238000,0.002000,-17.973572,1.002054
238000,0.003000,-17.960444,1.002053
238000,0.004000,-17.947373,1.002052
238000,0.005000,-17.933729,1.002051
238000,0.006000,-17.908191,1.002049
238000,0.007000,-17.882872,1.002048
238000,0.008000,-17.857774,1.002046
238000,0.009000,-17.832898,1.002044
238000,0.010000,-17.808246,1.002043
238000,0.011000,-17.783821,1.002041
238000,0.012000,-17.759625,1.002039
238000,0.013000,-17.735660,1.002037
238000,0.014000,-17.711928,1.002036
238000,0.015000,-17.688430,1.002034
238000,0.016000,-17.665170,1.002032
238000,0.017000,-17.642148,1.002031
238000,0.018000,-17.619368,1.002029
238000,0.019000,-17.596830,1.002027
238000,0.020000,-17.574537,1.002026
238000,0.021000,-17.552490,1.002024
238000,0.022000,-17.530692,1.002022
238000,0.023000,-17.509144,1.002021
238000,0.024000,-17.487848,1.002019
238000,0.025000,-17.466805,1.002018
238000,0.026000,-17.446017,1.002016
238000,0.027000,-17.425485,1.002014
238000,0.028000,-17.405212,1.002013
238000,0.029000,-17.385198,1.002011
238000,0.030000,-17.365445,1.002010
238000,0.031000,-17.345954,1.002008
238000,0.032000,-17.326727,1.002007
238000,0.033000,-17.307765,1.002005
238000,0.034000,-17.289068,1.002004
238000,0.035000,-17.270638,1.002002
238000,0.036000,-17.252477,1.002001
238000,0.037000,-17.234584,1.001999
238000,0.038000,-17.216962,1.001998
238000,0.039000,-17.199611,1.001996
238000,0.040000,-17.182532,1.001995
238000,0.041000,-17.165725,1.001994
238000,0.042000,-17.149193,1.001992
238000,0.043000,-17.132935,1.001991
238000,0.044000,-17.116952,1.001990
238000,0.045000,-17.101245,1.001988
238000,0.046000,-17.085814,1.001987
238000,0.047000,-17.070661,1.001986
238000,0.048000,-17.055786,1.001985
238000,0.049000,-17.041189,1.001983
238000,0.050000,-17.026870,1.001982
238000,0.051000,-17.012832,1.001981
238000,0.052000,-16.999073,1.001980
238000,0.053000,-16.985594,1.001979
238000,0.054000,-16.972397,1.001977
238000,0.055000,-16.959480,1.001976
238000,0.056000,-16.946845,1.001975
238000,0.057000,-16.934491,1.001974
238000,0.058000,-16.922420,1.001973
238000,0.059000,-16.910631,1.001972
238000,0.060000,-16.899125,1.001971
238000,0.061000,-16.887902,1.001970
238000,0.062000,-16.876962,1.001969
238000,0.063000,-16.866306,1.001968
238000,0.064000,-16.855933,1.001967
238000,0.065000,-16.845844,1.001966
238000,0.066000,-16.836038,1.001965
238000,0.067000,-16.826517,1.001965
238000,0.068000,-16.817281,1.001964
238000,0.069000,-16.808328,1.001963
238000,0.070000,-16.799660,1.001962
238000,0.071000,-16.791277,1.001961
238000,0.072000,-16.783178,1.001961
238000,0.073000,-16.775364,1.001960
238000,0.074000,-16.767835,1.001959
238000,0.075000,-16.760591,1.001959
238000,0.076000,-16.753632,1.001958
238000,0.077000,-16.746958,1.001957
238000,0.078000,-16.740569,1.001957
238000,0.079000,-16.734465,1.001956
238000,0.080000,-16.728646,1.001956
238000,0.081000,-16.723112,1.001955
238000,0.082000,-16.717864,1.001955
238000,0.083000,-16.712901,1.001954
238000,0.084000,-16.708223,1.001954
238000,0.085000,-16.703830,1.001953
238000,0.086000,-16.699722,1.001953
238000,0.087000,-16.695900,1.001953
238000,0.088000,-16.692363,1.001952
238000,0.089000,-16.689111,1.001952
238000,0.090000,-16.686144,1.001952
238000,0.091000,-16.683463,1.001951
238000,0.092000,-16.681067,1.001951
238000,0.093000,-16.678956,1.001951
238000,0.094000,-16.677130,1.001951
238000,0.095000,-16.675590,1.001951
238000,0.096000,-16.674335,1.001951
238000,0.097000,-16.673365,1.001951
238000,0.098000,-16.672680,1.001950
238000,0.099000,-16.672281,1.001950
240000,0.000000,-18.000000,1.002061
240000,0.001000,-17.986779,1.002060
240000,0.002000,-17.973617,1.002059
240000,0.003000,-17.960512,1.002058
240000,0.004000,-17.947466,1.002057
240000,0.005000,-17.933847,1.002057
240000,0.006000,-17.908359,1.002055
240000,0.007000,-17.883092,1.002053
240000,0.008000,-17.858046,1.002052
240000,0.009000,-17.833225,1.002050
240000,0.010000,-17.808629,1.002048
240000,0.011000,-17.784260,1.002047
240000,0.012000,-17.760122,1.002045
240000,0.013000,-17.736215,1.002043
240000,0.014000,-17.712541,1.002042
240000,0.015000,-17.689103,1.002040
240000,0.016000,-17.665903,1.002038
240000,0.017000,-17.642941,1.002037
240000,0.018000,-17.620221,1.002035
240000,0.019000,-17.597745,1.002033
240000,0.020000,-17.575512,1.002032
240000,0.021000,-17.553527,1.002030
240000,0.022000,-17.531790,1.002029
240000,0.023000,-17.510303,1.002027
240000,0.024000,-17.489068,1.002025
240000,0.025000,-17.468086,1.002024
240000,0.026000,-17.447359,1.002022
240000,0.027000,-17.426888,1.002021
240000,0.028000,-17.406675,1.002019
240000,0.029000,-17.386721,1.002018
240000,0.030000,-17.367027,1.002016
240000,0.031000,-17.347596,1.002015
240000,0.032000,-17.328427,1.002013
240000,0.033000,-17.309523,1.002012
240000,0.034000,-17.290884,1.002010
240000,0.035000,-17.272512,1.002009
240000,0.036000,-17.254407,1.002007
240000,0.037000,-17.236570,1.002006
240000,0.038000,-17.219004,1.002004
240000,0.039000,-17.201707,1.002003
240000,0.040000,-17.184682,1.002002
240000,0.041000,-17.167930,1.002000
240000,0.042000,-17.151450,1.001999
240000,0.043000,-17.135244,1.001998
240000,0.044000,-17.119312,1.001996
240000,0.045000,-17.103656,1.001995
240000,0.046000,-17.088276,1.001994
240000,0.047000,-17.073172,1.001992
240000,0.048000,-17.058345,1.001991
240000,0.049000,-17.043795,1.001990
240000,0.050000,-17.029524,1.001989
240000,0.051000,-17.015531,1.001988
240000,0.052000,-17.001817,1.001987
240000,0.053000,-16.988383,1.001985
240000,0.054000,-16.975229,1.001984
240000,0.055000,-16.962355,1.001983
240000,0.056000,-16.949761,1.001982
240000,0.057000,-16.937449,1.001981
240000,0.058000,-16.925417,1.001980
240000,0.059000,-16.913667,1.001979
240000,0.060000,-16.902200,1.001978
240000,0.061000,-16.891014,1.001977
240000,0.062000,-16.880110,1.001976
240000,0.063000,-16.869489,1.001975
240000,0.064000,-16.859151,1.001974
240000,0.065000,-16.849095,1.001973
240000,0.066000,-16.839323,1.001973
240000,0.067000,-16.829834,1.001972
240000,0.068000,-16.820628,1.001971
240000,0.069000,-16.811705,1.001970
240000,0.070000,-16.803066,1.001969
240000,0.071000,-16.794711,1.001969
240000,0.072000,-16.786639,1.001968
240000,0.073000,-16.778852,1.001967
240000,0.074000,-16.771348,1.001966
240000,0.075000,-16.764128,1.001966
240000,0.076000,-16.757192,1.001965
240000,0.077000,-16.750541,1.001965
240000,0.078000,-16.744173,1.001964
240000,0.079000,-16.738089,1.001963
240000,0.080000,-16.732290,1.001963
240000,0.081000,-16.726775,1.001962
240000,0.082000,-16.721544,1.001962
240000,0.083000,-16.716598,1.001962
240000,0.084000,-16.711935,1.001961
240000,0.085000,-16.707557,1.001961
240000,0.086000,-16.703463,1.001960
240000,0.087000,-16.699654,1.001960
240000,0.088000,-16.696129,1.001960
240000,0.089000,-16.692888,1.001959
240000,0.090000,-16.689931,1.001959
240000,0.091000,-16.687259,1.001959
240000,0.092000,-16.684871,1.001959
240000,0.093000,-16.682767,1.001958
240000,0.094000,-16.680948,1.001958
240000,0.095000,-16.679412,1.001958
240000,0.096000,-16.678161,1.001958
240000,0.097000,-16.677195,1.001958
240000,0.098000,-16.676513,1.001958
240000,0.099000,-16.676115,1.001958
242000,0.000000,-18.000000,1.002067
242000,0.001000,-17.986801,1.002065
242000,0.002000,-17.973660,1.002065
242000,0.003000,-17.960578,1.002064
242000,0.004000,-17.947555,1.002063
242000,0.005000,-17.933960,1.002062
242000,0.006000,-17.908521,1.002061
242000,0.007000,-17.883303,1.002059
242000,0.008000,-17.858308,1.002057
242000,0.009000,-17.833539,1.002056
242000,0.010000,-17.808997,1.002054
242000,0.011000,-17.784683,1.002052
242000,0.012000,-17.760600,1.002051
242000,0.013000,-17.736749,1.002049
242000,0.014000,-17.713133,1.002047
242000,0.015000,-17.689753,1.002046
242000,0.016000,-17.666610,1.002044
242000,0.017000,-17.643708,1.002042
242000,0.018000,-17.621047,1.002041
242000,0.019000,-17.598629,1.002039
242000,0.020000,-17.576457,1.002038
242000,0.021000,-17.554531,1.002036
242000,0.022000,-17.532853,1.002034
242000,0.023000,-17.511426,1.002033
242000,0.024000,-17.490250,1.002031
242000,0.025000,-17.469327,1.002030
242000,0.026000,-17.448659,1.002028
242000,0.027000,-17.428248,1.002027
242000,0.028000,-17.408093,1.002025
242000,0.029000,-17.388198,1.002024
242000,0.030000,-17.368562,1.002022
242000,0.031000,-17.349189,1.002021
242000,0.032000,-17.330077,1.002019
242000,0.033000,-17.311230,1.002018
242000,0.034000,-17.292647,1.002016
242000,0.035000,-17.274331,1.002015
242000,0.036000,-17.256281,1.002013
242000,0.037000,-17.238499,1.002012
242000,0.038000,-17.220987,1.002011
242000,0.039000,-17.203744,1.002009
242000,0.040000,-17.186772,1.002008
242000,0.041000,-17.170072,1.002007
242000,0.042000,-17.153643,1.002005
242000,0.043000,-17.137488,1.002004
242000,0.044000,-17.121607,1.002003
242000,0.045000,-17.106000,1.002001
242000,0.046000,-17.090668,1.002000
242000,0.047000,-17.075612,1.001999
242000,0.048000,-17.060833,1.001998
242000,0.049000,-17.046330,1.001997
242000,0.050000,-17.032104,1.001995
242000,0.051000,-17.018156,1.001994
242000,0.052000,-17.004486,1.001993
242000,0.053000,-16.991095,1.001992
242000,0.054000,-16.977983,1.001991
242000,0.055000,-16.965151,1.001990
242000,0.056000,-16.952598,1.001989
242000,0.057000,-16.940325,1.001988
242000,0.058000,-16.928333,1.001987
242000,0.059000,-16.916621,1.001986
242000,0.060000,-16.905191,1.001985
242000,0.061000,-16.894041,1.001984
242000,0.062000,-16.883173,1.001983
242000,0.063000,-16.872587,1.001982
242000,0.064000,-16.862282,1.001981
242000,0.065000,-16.852259,1.001980
242000,0.066000,-16.842519,1.001979
242000,0.067000,-16.833061,1.001979
242000,0.068000,-16.823885,1.001978
242000,0.069000,-16.814992,1.001977
242000,0.070000,-16.806381,1.001976
242000,0.071000,-16.798053,1.001975
242000,0.072000,-16.790008,1.001975
242000,0.073000,-16.782246,1.001974
242000,0.074000,-16.774767,1.001973
242000,0.075000,-16.767571,1.001973
242000,0.076000,-16.760658,1.001972
242000,0.077000,-16.754028,1.001972
242000,0.078000,-16.747681,1.001971
242000,0.079000,-16.741618,1.001971
242000,0.080000,-16.735837,1.001970
242000,0.081000,-16.730340,1.001970
242000,0.082000,-16.725127,1.001969
242000,0.083000,-16.720196,1.001969
242000,0.084000,-16.715549,1.001968
242000,0.085000,-16.711186,1.001968
242000,0.086000,-16.707105,1.001967
242000,0.087000,-16.703308,1.001967
242000,0.088000,-16.699795,1.001967
242000,0.089000,-16.696565,1.001966
242000,0.090000,-16.693618,1.001966
242000,0.091000,-16.690954,1.001966
242000,0.092000,-16.688574,1.001966
242000,0.093000,-16.686477,1.001966
242000,0.094000,-16.684664,1.001965
242000,0.095000,-16.683134,1.001965
242000,0.096000,-16.681887,1.001965
242000,0.097000,-16.680923,1.001965
242000,0.098000,-16.680243,1.001965
242000,0.099000,-16.679847,1.001965
244000,0.000000,-18.000000,1.002072
244000,0.001000,-17.986821,1.002071
244000,0.002000,-17.973702,1.002070
244000,0.003000,-17.960641,1.002069
244000,0.004000,-17.947640,1.002068
244000,0.005000,-17.934069,1.002067
244000,0.006000,-17.908675,1.002066
244000,0.007000,-17.883505,1.002064
244000,0.008000,-17.858560,1.002062
244000,0.009000,-17.833842,1.002061
244000,0.010000,-17.809351,1.002059
244000,0.011000,-17.785090,1.002058
244000,0.012000,-17.761061,1.002056
244000,0.013000,-17.737265,1.002054
244000,0.014000,-17.713704,1.002053
244000,0.015000,-17.690380,1.002051
244000,0.016000,-17.667294,1.002049
244000,0.017000,-17.644449,1.002048
244000,0.018000,-17.621845,1.002046
244000,0.019000,-17.599485,1.002045
244000,0.020000,-17.577370,1.002043
244000,0.021000,-17.555502,1.002042
244000,0.022000,-17.533883,1.002040
244000,0.023000,-17.512514,1.002038
244000,0.024000,-17.491396,1.002037
244000,0.025000,-17.470531,1.002035
244000,0.026000,-17.449921,1.002034
244000,0.027000,-17.429567,1.002032
244000,0.028000,-17.409469,1.002031
244000,0.029000,-17.389631,1.002029
244000,0.030000,-17.370052,1.002028
244000,0.031000,-17.350735,1.002026
244000,0.032000,-17.331679,1.002025
244000,0.033000,-17.312887,1.002024
244000,0.034000,-17.294360,1.002022
244000,0.035000,-17.276097,1.002021
244000,0.036000,-17.258102,1.002019
244000,0.037000,-17.240374,1.002018
244000,0.038000,-17.222914,1.002017
244000,0.039000,-17.205724,1.002015
244000,0.040000,-17.188803,1.002014
244000,0.041000,-17.172154,1.002013
244000,0.042000,-17.155776,1.002011
244000,0.043000,-17.139671,1.002010
244000,0.044000,-17.123838,1.002009
244000,0.045000,-17.108280,1.002008
244000,0.046000,-17.092996,1.002006
244000,0.047000,-17.077986,1.002005
244000,0.048000,-17.063253,1.002004
244000,0.049000,-17.048795,1.002003
244000,0.050000,-17.034614,1.002002
244000,0.051000,-17.020710,1.002001
244000,0.052000,-17.007083,1.001999
244000,0.053000,-16.993734,1.001998
244000,0.054000,-16.980664,1.001997
244000,0.055000,-16.967872,1.001996
244000,0.056000,-16.955359,1.001995
244000,0.057000,-16.943125,1.001994
244000,0.058000,-16.931171,1.001993
244000,0.059000,-16.919496,1.001992
244000,0.060000,-16.908102,1.001991
244000,0.061000,-16.896988,1.001990
244000,0.062000,-16.886155,1.001989
244000,0.063000,-16.875602,1.001988
244000,0.064000,-16.865330,1.001988
244000,0.065000,-16.855340,1.001987
244000,0.066000,-16.845631,1.001986
244000,0.067000,-16.836203,1.001985
244000,0.068000,-16.827056,1.001984
244000,0.069000,-16.818191,1.001984
244000,0.070000,-16.809608,1.001983
244000,0.071000,-16.801307,1.001982
244000,0.072000,-16.793288,1.001981
244000,0.073000,-16.785551,1.001981
244000,0.074000,-16.778096,1.001980
244000,0.075000,-16.770923,1.001980
244000,0.076000,-16.764032,1.001979
244000,0.077000,-16.757423,1.001978
244000,0.078000,-16.751097,1.001978
244000,0.079000,-16.745053,1.001977
244000,0.080000,-16.739292,1.001977
244000,0.081000,-16.733812,1.001976
244000,0.082000,-16.728616,1.001976
244000,0.083000,-16.723701,1.001975
244000,0.084000,-16.719069,1.001975
244000,0.085000,-16.714720,1.001975
244000,0.086000,-16.710652,1.001974
244000,0.087000,-16.706868,1.001974
244000,0.088000,-16.703365,1.001974
244000,0.089000,-16.700146,1.001973
244000,0.090000,-16.697208,1.001973
244000,0.091000,-16.694553,1.001973
244000,0.092000,-16.692181,1.001973
244000,0.093000,-16.690091,1.001972
244000,0.094000,-16.688283,1.001972
244000,0.095000,-16.686758,1.001972
244000,0.096000,-16.685515,1.001972
244000,0.097000,-16.684555,1.001972
244000,0.098000,-16.683877,1.001972
244000,0.099000,-16.683482,1.001972
246000,0.000000,-18.000000,1.002077
246000,0.001000,-17.986841,1.002076
246000,0.002000,-17.973741,1.002075
246000,0.003000,-17.960701,1.002074
246000,0.004000,-17.947721,1.002073
246000,0.005000,-17.934173,1.002072
246000,0.006000,-17.908824,1.002071
246000,0.007000,-17.883700,1.002069
246000,0.008000,-17.858802,1.002067
246000,0.009000,-17.834132,1.002066
246000,0.010000,-17.809692,1.002064
246000,0.011000,-17.785483,1.002063
246000,0.012000,-17.761506,1.002061
246000,0.013000,-17.737763,1.002059
246000,0.014000,-17.714256,1.002058
246000,0.015000,-17.690986,1.002056
246000,0.016000,-17.667955,1.002055
246000,0.017000,-17.645165,1.002053
246000,0.018000,-17.622618,1.002052
246000,0.019000,-17.600314,1.002050
246000,0.020000,-17.578255,1.002048
246000,0.021000,-17.556444,1.002047
246000,0.022000,-17.534881,1.002045
246000,0.023000,-17.513568,1.002044
246000,0.024000,-17.492507,1.002042
246000,0.025000,-17.471698,1.002041
246000,0.026000,-17.451144,1.002039
246000,0.027000,-17.430846,1.002038
246000,0.028000,-17.410805,1.002036
246000,0.029000,-17.391022,1.002035
246000,0.030000,-17.371499,1.002033
246000,0.031000,-17.352236,1.002032
246000,0.032000,-17.333235,1.002031
246000,0.033000,-17.314497,1.002029
246000,0.034000,-17.296023,1.002028
246000,0.035000,-17.277814,1.002026
246000,0.036000,-17.259872,1.002025
246000,0.037000,-17.242196,1.002024
246000,0.038000,-17.224787,1.002022
246000,0.039000,-17.207648,1.002021
246000,0.040000,-17.190778,1.002020
246000,0.041000,-17.174179,1.002019
246000,0.042000,-17.157850,1.002017
246000,0.043000,-17.141793,1.002016
246000,0.044000,-17.126009,1.002015
246000,0.045000,-17.110497,1.002014
246000,0.046000,-17.095260,1.002012
246000,0.047000,-17.080296,1.002011
246000,0.048000,-17.065608,1.002010
246000,0.049000,-17.051194,1.002009
246000,0.050000,-17.037057,1.002008
246000,0.051000,-17.023195,1.002007
246000,0.052000,-17.009611,1.002006
246000,0.053000,-16.996303,1.002004
246000,0.054000,-16.983273,1.002003
246000,0.055000,-16.970521,1.002002
246000,0.056000,-16.958046,1.002001
246000,0.057000,-16.945851,1.002000
246000,0.058000,-16.933934,1.001999
246000,0.059000,-16.922296,1.001998
246000,0.060000,-16.910937,1.001997
246000,0.061000,-16.899858,1.001997
246000,0.062000,-16.889058,1.001996
246000,0.063000,-16.878539,1.001995
246000,0.064000,-16.868299,1.001994
246000,0.065000,-16.858340,1.001993
246000,0.066000,-16.848661,1.001992
246000,0.067000,-16.839263,1.001991
246000,0.068000,-16.830145,1.001991
246000,0.069000,-16.821308,1.001990
246000,0.070000,-16.812752,1.001989
246000,0.071000,-16.804477,1.001989
246000,0.072000,-16.796483,1.001988
246000,0.073000,-16.788770,1.001987
246000,0.074000,-16.781339,1.001987
246000,0.075000,-16.774188,1.001986
246000,0.076000,-16.767319,1.001985
246000,0.077000,-16.760732,1.001985
246000,0.078000,-16.754425,1.001984
246000,0.079000,-16.748400,1.001984
246000,0.080000,-16.742657,1.001983
246000,0.081000,-16.737195,1.001983
246000,0.082000,-16.732015,1.001982
246000,0.083000,-16.727116,1.001982
246000,0.084000,-16.722498,1.001982
246000,0.085000,-16.718162,1.001981
246000,0.086000,-16.714108,1.001981
246000,0.087000,-16.710335,1.001981
246000,0.088000,-16.706844,1.001980
246000,0.089000,-16.703635,1.001980
246000,0.090000,-16.700706,1.001980
246000,0.091000,-16.698060,1.001979
246000,0.092000,-16.695695,1.001979
246000,0.093000,-16.693611,1.001979
246000,0.094000,-16.691810,1.001979
246000,0.095000,-16.690289,1.001979
246000,0.096000,-16.689050,1.001979
246000,0.097000,-16.688093,1.001979
246000,0.098000,-16.687417,1.001979
246000,0.099000,-16.687023,1.001978
248000,0.000000,-18.000000,1.002082
248000,0.001000,-17.986859,1.002080
248000,0.002000,-17.973779,1.002079
248000,0.003000,-17.960759,1.002079
248000,0.004000,-17.947799,1.002078
248000,0.005000,-17.934272,1.002077
248000,0.006000,-17.908966,1.002076
248000,0.007000,-17.883886,1.002074
248000,0.008000,-17.859035,1.002072
248000,0.009000,-17.834412,1.002071
248000,0.010000,-17.810021,1.002069
248000,0.011000,-17.785861,1.002068
248000,0.012000,-17.761935,1.002066
248000,0.013000,-17.738243,1.002064
248000,0.014000,-17.714789,1.002063
248000,0.015000,-17.691572,1.002061
248000,0.016000,-17.668595,1.002060
248000,0.017000,-17.645858,1.002058
248000,0.018000,-17.623365,1.002057
248000,0.019000,-17.601116,1.002055
248000,0.020000,-17.579112,1.002054
248000,0.021000,-17.557356,1.002052
248000,0.022000,-17.535848,1.002051
248000,0.023000,-17.514590,1.002049
248000,0.024000,-17.493584,1.002048
248000,0.025000,-17.472831,1.002046
248000,0.026000,-17.452332,1.002045
248000,0.027000,-17.432088,1.002043
248000,0.028000,-17.412102,1.002042
248000,0.029000,-17.392373,1.002040
248000,0.030000,-17.372904,1.002039
248000,0.031000,-17.353695,1.002037
248000,0.032000,-17.334747,1.002036
248000,0.033000,-17.316062,1.002035
248000,0.034000,-17.297640,1.002033
248000,0.035000,-17.279483,1.002032
248000,0.036000,-17.261592,1.002031
248000,0.037000,-17.243967,1.002029
248000,0.038000,-17.226609,1.002028
248000,0.039000,-17.209520,1.002027
248000,0.040000,-17.192699,1.002025
248000,0.041000,-17.176148,1.002024
248000,0.042000,-17.159868,1.002023
248000,0.043000,-17.143858,1.002022
248000,0.044000,-17.128121,1.002020
248000,0.045000,-17.112656,1.002019
248000,0.046000,-17.097463,1.002018
248000,0.047000,-17.082545,1.002017
248000,0.048000,-17.067900,1.002016
248000,0.049000,-17.053530,1.002015
248000,0.050000,-17.039435,1.002014
248000,0.051000,-17.025615,1.002012
248000,0.052000,-17.012072,1.002011
248000,0.053000,-16.998804,1.002010
248000,0.054000,-16.985814,1.002009
248000,0.055000,-16.973100,1.002008
248000,0.056000,-16.960664,1.002007
248000,0.057000,-16.948506,1.002006
248000,0.058000,-16.936625,1.002005
248000,0.059000,-16.925022,1.002004
248000,0.060000,-16.913699,1.002003
248000,0.061000,-16.902653,1.002003
248000,0.062000,-16.891887,1.002002
248000,0.063000,-16.881399,1.002001
248000,0.064000,-16.871191,1.002000
248000,0.065000,-16.861263,1.001999
248000,0.066000,-16.851614,1.001998
248000,0.067000,-16.842244,1.001998
248000,0.068000,-16.833155,1.001997
248000,0.069000,-16.824345,1.001996
248000,0.070000,-16.815815,1.001995
248000,0.071000,-16.807566,1.001995
248000,0.072000,-16.799597,1.001994
248000,0.073000,-16.791908,1.001993
248000,0.074000,-16.784499,1.001993
248000,0.075000,-16.777371,1.001992
248000,0.076000,-16.770523,1.001992
248000,0.077000,-16.763956,1.001991
248000,0.078000,-16.757669,1.001991
248000,0.079000,-16.751662,1.001990
248000,0.080000,-16.745937,1.001990
248000,0.081000,-16.740492,1.001989
248000,0.082000,-16.735327,1.001989
248000,0.083000,-16.730444,1.001988
248000,0.084000,-16.725841,1.001988
248000,0.085000,-16.721518,1.001988
248000,0.086000,-16.717476,1.001987
248000,0.087000,-16.713715,1.001987
248000,0.088000,-16.710235,1.001987
248000,0.089000,-16.707035,1.001986
248000,0.090000,-16.704116,1.001986
248000,0.091000,-16.701478,1.001986
248000,0.092000,-16.699120,1.001986
248000,0.093000,-16.697043,1.001985
248000,0.094000,-16.695247,1.001985
248000,0.095000,-16.693731,1.001985
248000,0.096000,-16.692496,1.001985
248000,0.097000,-16.691542,1.001985
248000,0.098000,-16.690868,1.001985
248000,0.099000,-16.690476,1.001985
250000,0.000000,-18.000000,1.002086
250000,0.001000,-17.986877,1.002085
250000,0.002000,-17.973815,1.002084
250000,0.003000,-17.960814,1.002083
250000,0.004000,-17.947873,1.002082
250000,0.005000,-17.934367,1.002082
250000,0.006000,-17.909102,1.002080
250000,0.007000,-17.884065,1.002079
250000,0.008000,-17.859258,1.002077
250000,0.009000,-17.834682,1.002075
250000,0.010000,-17.810337,1.002074
250000,0.011000,-17.786226,1.002072
250000,0.012000,-17.762349,1.002071
250000,0.013000,-17.738707,1.002069
250000,0.014000,-17.715303,1.002068
250000,0.015000,-17.692138,1.002066
250000,0.016000,-17.669213,1.002065
250000,0.017000,-17.646529,1.002063
250000,0.018000,-17.624089,1.002062
250000,0.019000,-17.601893,1.002060
250000,0.020000,-17.579942,1.002059
250000,0.021000,-17.558240,1.002057
250000,0.022000,-17.536786,1.002056
250000,0.023000,-17.515582,1.002054
250000,0.024000,-17.494630,1.002053
250000,0.025000,-17.473930,1.002051
250000,0.026000,-17.453485,1.002050
250000,0.027000,-17.433295,1.002048
250000,0.028000,-17.413361,1.002047
250000,0.029000,-17.393685,1.002045
250000,0.030000,-17.374269,1.002044
250000,0.031000,-17.355112,1.002043
250000,0.032000,-17.336217,1.002041
250000,0.033000,-17.317583,1.002040
250000,0.034000,-17.299213,1.002039
250000,0.035000,-17.281107,1.002037
250000,0.036000,-17.263266,1.002036
250000,0.037000,-17.245691,1.002035
250000,0.038000,-17.228382,1.002033
250000,0.039000,-17.211341,1.002032
250000,0.040000,-17.194569,1.002031
250000,0.041000,-17.178066,1.002030
250000,0.042000,-17.161832,1.002028
250000,0.043000,-17.145869,1.002027
250000,0.044000,-17.130177,1.002026
250000,0.045000,-17.114757,1.002025
250000,0.046000,-17.099609,1.002024
250000,0.047000,-17.084734,1.002022
250000,0.048000,-17.070132,1.002021
250000,0.049000,-17.055805,1.002020
250000,0.050000,-17.041751,1.002019
250000,0.051000,-17.027973,1.002018
250000,0.052000,-17.014469,1.002017
250000,0.053000,-17.001241,1.002016
250000,0.054000,-16.988289,1.002015
250000,0.055000,-16.975614,1.002014
250000,0.056000,-16.963215,1.002013
250000,0.057000,-16.951092,1.002012
250000,0.058000,-16.939247,1.002011
250000,0.059000,-16.927680,1.002010
250000,0.060000,-16.916390,1.002009
250000,0.061000,-16.905378,1.002008
250000,0.062000,-16.894644,1.002008
250000,0.063000,-16.884188,1.002007
250000,0.064000,-16.874010,1.002006
250000,0.065000,-16.864112,1.002005
250000,0.066000,-16.854492,1.002004
250000,0.067000,-16.845151,1.002004
250000,0.068000,-16.836088,1.002003
250000,0.069000,-16.827305,1.002002
250000,0.070000,-16.818802,1.002001
250000,0.071000,-16.810577,1.002001
250000,0.072000,-16.802632,1.002000
250000,0.073000,-16.794966,1.001999
250000,0.074000,-16.787580,1.001999
250000,0.075000,-16.780473,1.001998
250000,0.076000,-16.773646,1.001998
250000,0.077000,-16.767099,1.001997
250000,0.078000,-16.760831,1.001997
250000,0.079000,-16.754843,1.001996
250000,0.080000,-16.749135,1.001996
250000,0.081000,-16.743706,1.001995
250000,0.082000,-16.738558,1.001995
250000,0.083000,-16.733689,1.001994
250000,0.084000,-16.729100,1.001994
250000,0.085000,-16.724790,1.001994
250000,0.086000,-16.720761,1.001993
250000,0.087000,-16.717011,1.001993
250000,0.088000,-16.713541,1.001993
250000,0.089000,-16.710351,1.001992
250000,0.090000,-16.707441,1.001992
250000,0.091000,-16.704811,1.001992
250000,0.092000,-16.702460,1.001992
250000,0.093000,-16.700390,1.001992
250000,0.094000,-16.698599,1.001991
250000,0.095000,-16.697088,1.001991
250000,0.096000,-16.695857,1.001991
250000,0.097000,-16.694905,1.001991
250000,0.098000,-16.694234,1.001991
250000,0.099000,-16.693842,1.001991
