t,Ti_20C,Ti_40C,Ti_60C,Ti_80C
0.000000000000000000e+00,0.000000000000000000e+00,0.000000000000000000e+00,0.000000000000000000e+00,0.000000000000000000e+00
5.000000000000000000e-01,-2.583141421362995516e-01,-5.166282842725991031e-01,-7.749424264089341818e-01,-1.033256568545198206e+00
1.000000000000000000e+00,-2.437432228205871354e-01,-4.874864456411742708e-01,-7.312296684617507481e-01,-9.749728912823485416e-01
1.500000000000000000e+00,-3.645208127747459059e-01,-7.290416255494918119e-01,-1.093562438324326536e+00,-1.458083251098983624e+00
2.000000000000000000e+00,-3.506667534941279030e-01,-7.013335069882558059e-01,-1.052000260482451210e+00,-1.402667013976511612e+00
2.500000000000000000e+00,-4.366155729092504600e-01,-8.732311458185009201e-01,-1.309846718727918358e+00,-1.746462291637001840e+00
3.000000000000000000e+00,-4.230546959570027354e-01,-8.461093919140054709e-01,-1.269164087871203606e+00,-1.692218783828010942e+00
3.500000000000000000e+00,-4.914435098892866449e-01,-9.828870197785732898e-01,-1.474330529668094414e+00,-1.965774039557146580e+00
4.000000000000000000e+00,-4.782052396193421373e-01,-9.564104792386842746e-01,-1.434615718858296418e+00,-1.912820958477368549e+00
4.500000000000000000e+00,-5.356218939837447124e-01,-1.071243787967489425e+00,-1.606865681951461511e+00,-2.142487575934978850e+00
5.000000000000000000e+00,-5.227232596885755811e-01,-1.045446519377151162e+00,-1.568169779066018066e+00,-2.090893038754302324e+00
5.500000000000000000e+00,-5.724561993490198120e-01,-1.144912398698039624e+00,-1.717368598047301020e+00,-2.289824797396079248e+00
6.000000000000000000e+00,-5.598581855980135913e-01,-1.119716371196027183e+00,-1.679574556794300122e+00,-2.239432742392054365e+00
6.500000000000000000e+00,-6.037736757968872325e-01,-1.207547351593774465e+00,-1.811321027391002758e+00,-2.415094703187548930e+00
7.000000000000000000e+00,-5.913814969634145768e-01,-1.182762993926829154e+00,-1.774144490890478210e+00,-2.365525987853658307e+00
7.500000000000000000e+00,-6.306150828521275287e-01,-1.261230165704255057e+00,-1.891845248556677461e+00,-2.522460331408510115e+00
8.000000000000000000e+00,-6.182983781611319785e-01,-1.236596756322263957e+00,-1.854895134483655283e+00,-2.473193512644527914e+00
8.500000000000000000e+00,-6.535769896041934146e-01,-1.307153979208386829e+00,-1.960730968812910646e+00,-2.614307958416773658e+00
9.000000000000000000e+00,-6.411943577764702695e-01,-1.282388715552940539e+00,-1.923583073329723447e+00,-2.564777431105881078e+00
9.500000000000000000e+00,-6.730077087790888868e-01,-1.346015417558177774e+00,-2.019023126337522456e+00,-2.692030835116355547e+00
1.000000000000000000e+01,-6.604252835114259312e-01,-1.320850567022851862e+00,-1.981275850534522931e+00,-2.641701134045703725e+00
1.050000000000000000e+01,-6.891225693636933158e-01,-1.378245138727386632e+00,-2.067367708091197187e+00,-2.756490277454773263e+00
1.100000000000000000e+01,-6.762245772249251274e-01,-1.352449154449850255e+00,-2.028673731674864200e+00,-2.704898308899700510e+00
1.150000000000000000e+01,-7.020702709658870333e-01,-1.404140541931774067e+00,-2.106210812897643336e+00,-2.808281083863548133e+00
1.200000000000000000e+01,-6.887632636438354439e-01,-1.377526527287670888e+00,-2.066289790931456594e+00,-2.755053054575341775e+00
1.250000000000000000e+01,-7.119695980209854724e-01,-1.423939196041970945e+00,-2.135908794062856941e+00,-2.847878392083941890e+00
1.300000000000000000e+01,-6.981827021127990918e-01,-1.396365404225598184e+00,-2.094548106338272930e+00,-2.792730808451196367e+00
1.350000000000000000e+01,-7.189286766062252809e-01,-1.437857353212450562e+00,-2.156786029818640316e+00,-2.875714706424901124e+00
1.400000000000000000e+01,-7.046117350608440688e-01,-1.409223470121688138e+00,-2.113835205182553523e+00,-2.818446940243376275e+00
1.450000000000000000e+01,-7.230543098838104754e-01,-1.446108619767620951e+00,-2.169162929651413663e+00,-2.892217239535241902e+00
1.500000000000000000e+01,-7.081751458750282779e-01,-1.416350291750056556e+00,-2.124525437625095492e+00,-2.832700583500113112e+00
1.550000000000000000e+01,-7.244559100022378573e-01,-1.448911820004475715e+00,-2.173367730006901866e+00,-2.897823640008951429e+00
1.600000000000000000e+01,-7.089974263037355229e-01,-1.417994852607471046e+00,-2.126992278911295386e+00,-2.835989705214942092e+00
1.650000000000000000e+01,-7.232466481677377601e-01,-1.446493296335475520e+00,-2.169739944503348283e+00,-2.892986592670951040e+00
1.700000000000000000e+01,-7.072041257158367955e-01,-1.414408251431673591e+00,-2.121612377147556572e+00,-2.828816502863347182e+00
1.750000000000000000e+01,-7.195432893367978977e-01,-1.439086578673595795e+00,-2.158629868010450537e+00,-2.878173157347191591e+00
1.800000000000000000e+01,-7.029220353803431465e-01,-1.405844070760686293e+00,-2.108766106140969043e+00,-2.811688141521372586e+00
1.850000000000000000e+01,-7.134654936532278668e-01,-1.426930987306455734e+00,-2.140396480959658732e+00,-2.853861974612911467e+00
1.900000000000000000e+01,-6.962788705553428770e-01,-1.392557741110685754e+00,-2.088836611665954024e+00,-2.785115482221371508e+00
1.950000000000000000e+01,-7.051349738367491682e-01,-1.410269947673498336e+00,-2.115404921510304348e+00,-2.820539895346996673e+00
2.000000000000000000e+01,-6.874027799454651699e-01,-1.374805559890930340e+00,-2.062208339836416826e+00,-2.749611119781860680e+00
2.050000000000000000e+01,-6.946746811495891905e-01,-1.389349362299178381e+00,-2.084024043448877705e+00,-2.778698724598356762e+00
2.100000000000000000e+01,-6.764218310230170061e-01,-1.352843662046034012e+00,-2.029265493069217996e+00,-2.705687324092068025e+00
2.150000000000000000e+01,-6.822080800531296063e-01,-1.364416160106259213e+00,-2.046624240159594876e+00,-2.728832320212518425e+00
2.200000000000000000e+01,-6.634635268189761348e-01,-1.326927053637952270e+00,-1.990390580457010117e+00,-2.653854107275904539e+00
2.250000000000000000e+01,-6.678585185435998994e-01,-1.335717037087199799e+00,-2.003575555630987992e+00,-2.671434074174399598e+00
2.300000000000000000e+01,-6.486543663624715350e-01,-1.297308732724943070e+00,-1.945963099087713033e+00,-2.594617465449886140e+00
2.350000000000000000e+01,-6.517486803206331558e-01,-1.303497360641266312e+00,-1.955246040962229870e+00,-2.606994721282532623e+00
2.400000000000000000e+01,-6.321194439452035851e-01,-1.264238887890407170e+00,-1.896358331835969580e+00,-2.528477775780814341e+00
2.450000000000000000e+01,-6.340001003882491659e-01,-1.268000200776498332e+00,-1.902000301165202245e+00,-2.536000401552996664e+00
2.500000000000000000e+01,-6.139820784269929277e-01,-1.227964156853985855e+00,-1.841946235281177735e+00,-2.455928313707971711e+00
2.550000000000000000e+01,-6.147327283100771922e-01,-1.229465456620154384e+00,-1.844198184930604612e+00,-2.458930913240308769e+00
2.600000000000000000e+01,-5.943634654358724845e-01,-1.188726930871744969e+00,-1.783090396307962067e+00,-2.377453861743489938e+00
2.650000000000000000e+01,-5.940645282627841084e-01,-1.188129056525568217e+00,-1.782193584788686280e+00,-2.376258113051136434e+00
2.700000000000000000e+01,-5.733823486331637298e-01,-1.146764697266327460e+00,-1.720147045899786065e+00,-2.293529394532654919e+00
2.750000000000000000e+01,-5.721111098637585712e-01,-1.144222219727517142e+00,-1.716333329591414270e+00,-2.288444439455034285e+00
2.800000000000000000e+01,-5.511547093626489868e-01,-1.102309418725297974e+00,-1.653464128088081964e+00,-2.204618837450595947e+00
2.850000000000000000e+01,-5.489853875186909704e-01,-1.097970775037381941e+00,-1.646956162556236336e+00,-2.195941550074763882e+00
2.900000000000000000e+01,-5.277934762727447549e-01,-1.055586952545489510e+00,-1.583380428818330188e+00,-2.111173905090979019e+00
2.950000000000000000e+01,-5.247972685167354712e-01,-1.049594537033470942e+00,-1.574391805550412471e+00,-2.099189074066941885e+00
3.000000000000000000e+01,-5.034082577578438134e-01,-1.006816515515687627e+00,-1.510224773273712628e+00,-2.013633031031375253e+00
3.050000000000000000e+01,-4.996533714192104014e-01,-9.993067428384208029e-01,-1.498960114257954501e+00,-1.998613485676841606e+00
3.100000000000000000e+01,-4.781051004578067420e-01,-9.562102009156134841e-01,-1.434315301373828788e+00,-1.912420401831226968e+00
3.150000000000000000e+01,-4.736567767141295349e-01,-9.473135534282590697e-01,-1.420970330142893090e+00,-1.894627106856518139e+00
3.200000000000000000e+01,-4.519862768122457908e-01,-9.039725536244915816e-01,-1.355958830436989615e+00,-1.807945107248983163e+00
3.250000000000000000e+01,-4.469068115160403920e-01,-8.938136230320807840e-01,-1.340720434548515527e+00,-1.787627246064161568e+00
3.300000000000000000e+01,-4.251501040198384374e-01,-8.503002080396768747e-01,-1.275450312059696500e+00,-1.700600416079353749e+00
3.350000000000000000e+01,-4.194988695308055071e-01,-8.389977390616110142e-01,-1.258496608592679422e+00,-1.677995478123222028e+00
3.400000000000000000e+01,-3.976907959048823216e-01,-7.953815918097646431e-01,-1.193072387714735783e+00,-1.590763183619529286e+00
3.450000000000000000e+01,-3.915242667693732415e-01,-7.830485335387464829e-01,-1.174572800308318676e+00,-1.566097067077492966e+00
3.500000000000000000e+01,-3.696983482861675441e-01,-7.393966965723350881e-01,-1.109095044858513290e+00,-1.478793393144670176e+00
3.550000000000000000e+01,-3.630701327193541772e-01,-7.261402654387083544e-01,-1.089210398158300563e+00,-1.452280530877416709e+00
3.600000000000000000e+01,-3.412584575802384279e-01,-6.825169151604768558e-01,-1.023775372740807654e+00,-1.365033830320953712e+00
3.650000000000000000e+01,-3.342193359585614587e-01,-6.684386719171229174e-01,-1.002658007875858459e+00,-1.336877343834245835e+00
3.700000000000000000e+01,-3.124524716145877790e-01,-6.249049432291755579e-01,-9.373574148439729470e-01,-1.249809886458351116e+00
3.750000000000000000e+01,-3.050504425736093594e-01,-6.101008851472187189e-01,-9.151513277210980846e-01,-1.220201770294437438e+00
3.800000000000000000e+01,-2.833573710030101722e-01,-5.667147420060203444e-01,-8.500721130091974942e-01,-1.133429484012040689e+00
3.850000000000000000e+01,-2.756377052537715144e-01,-5.512754105075430289e-01,-8.269131157615063898e-01,-1.102550821015086058e+00
3.900000000000000000e+01,-2.540457789607728500e-01,-5.080915579215457001e-01,-7.621373368824180261e-01,-1.016183115843091400e+00
3.950000000000000000e+01,-2.460510805669358092e-01,-4.921021611338716184e-01,-7.381532417009921687e-01,-9.842043222677432368e-01
4.000000000000000000e+01,-2.245859971007355682e-01,-4.491719942014711364e-01,-6.737579913020965705e-01,-8.983439884029422728e-01
4.050000000000000000e+01,-2.163562716905786942e-01,-4.327125433811573885e-01,-6.490688150717360827e-01,-8.654250867623147769e-01
4.100000000000000000e+01,-1.950420645439230327e-01,-3.900841290878460654e-01,-5.851261936317797563e-01,-7.801682581756921309e-01
4.150000000000000000e+01,-1.866147937465356677e-01,-3.732295874930713353e-01,-5.598443812395501595e-01,-7.464591749861426706e-01
4.200000000000000000e+01,-1.654738375802757844e-01,-3.309476751605515688e-01,-4.964215127406603756e-01,-6.618953503211031375e-01
4.250000000000000000e+01,-1.568840588593722885e-01,-3.137681177187445769e-01,-4.706521765779569932e-01,-6.275362354374891538e-01
4.300000000000000000e+01,-1.359370871060541219e-01,-2.718741742121082439e-01,-4.078112613177893309e-01,-5.437483484242164877e-01
4.350000000000000000e+01,-1.272174781062247462e-01,-2.544349562124494923e-01,-3.816524343184539703e-01,-5.088699124248989847e-01
4.400000000000000000e+01,-1.064836111309048761e-01,-2.129672222618097521e-01,-3.194508333924019894e-01,-4.259344445236195043e-01
4.450000000000000000e+01,-9.766457763298319605e-02,-1.953291552659663921e-01,-2.929937328987364253e-01,-3.906583105319327842e-01
4.500000000000000000e+01,-7.716135976309246303e-02,-1.543227195261849261e-01,-2.314840792890251464e-01,-3.086454390523698521e-01
4.550000000000000000e+01,-6.827112636261034595e-02,-1.365422527252206919e-01,-2.048133790876818239e-01,-2.730845054504413838e-01
4.600000000000000000e+01,-4.801457023946653635e-02,-9.602914047893307270e-02,-1.440437107181722354e-01,-1.920582809578661454e-01
4.650000000000000000e+01,-3.907927290240920115e-02,-7.815854580481840230e-02,-1.172378187070677313e-01,-1.563170916096368046e-01
4.700000000000000000e+01,-1.908390975031082348e-02,-3.816781950062164697e-02,-5.725172925077259833e-02,-7.633563900124329393e-02
4.750000000000000000e+01,-1.012768945525621689e-02,-2.025537891051243378e-02,-3.038306836581483594e-02,-4.051075782102486755e-02
4.800000000000000000e+01,9.593375994707997734e-03,1.918675198941599547e-02,2.878012798418438933e-02,3.837350397883199093e-02
4.850000000000000000e+01,1.854827925027180413e-02,3.709655850054360826e-02,5.564483775089001938e-02,7.419311700108721652e-02
4.900000000000000000e+01,3.798331030774093620e-02,7.596662061548187239e-02,1.139499309234466295e-01,1.519332412309637448e-01
4.950000000000000000e+01,4.691646378791602956e-02,9.383292757583205912e-02,1.407493913638546701e-01,1.876658551516641182e-01
5.000000000000000000e+01,6.605503081611274752e-02,1.321100616322254950e-01,1.981650924485123255e-01,2.642201232644509901e-01
5.050000000000000000e+01,7.494771618864248808e-02,1.498954323772849762e-01,2.248431485660091766e-01,2.997908647545699523e-01
5.100000000000000000e+01,9.378063395363156474e-02,1.875612679072631295e-01,2.813419018610474609e-01,3.751225358145262589e-01
5.150000000000000000e+01,1.026157557949467503e-01,2.052315115898935005e-01,3.078472673848864360e-01,4.104630231797870010e-01
5.200000000000000000e+01,1.211350199075376111e-01,2.422700398150752221e-01,3.634050597225808588e-01,4.845400796301504442e-01
5.250000000000000000e+01,1.298970159989778494e-01,2.597940319979556989e-01,3.896910479969122321e-01,5.195880639959113978e-01
5.300000000000000000e+01,1.480957390982418076e-01,2.961914781964836152e-01,4.442872172947929243e-01,5.923829563929672304e-01
5.350000000000000000e+01,1.567704928741981973e-01,3.135409857483963947e-01,4.703114786226763044e-01,6.270819714967927894e-01
5.400000000000000000e+01,1.746428411069373965e-01,3.492856822138747930e-01,5.239285233209471926e-01,6.985713644277495860e-01
5.450000000000000000e+01,1.832175965512625737e-01,3.664351931025251474e-01,5.496527896538694336e-01,7.328703862050502948e-01
5.500000000000000000e+01,2.007587268117383417e-01,4.015174536234766833e-01,6.022761804354530568e-01,8.030349072469533667e-01
5.550000000000000000e+01,2.092220060411769111e-01,4.184440120823538223e-01,6.276660181236124458e-01,8.368880241647076446e-01
5.600000000000000000e+01,2.264280043588797753e-01,4.528560087177595506e-01,6.792840130767388018e-01,9.057120174355191011e-01
5.650000000000000000e+01,2.347695280786048500e-01,4.695390561572096999e-01,7.043085842359033677e-01,9.390781123144193998e-01
5.700000000000000000e+01,2.516373494703820768e-01,5.032746989407641536e-01,7.549120484112705753e-01,1.006549397881528307e+00
5.750000000000000000e+01,2.598479604396075615e-01,5.196959208792151230e-01,7.795438813189932148e-01,1.039391841758430246e+00
5.800000000000000000e+01,2.763753704809204237e-01,5.527507409618408474e-01,8.291261114430383827e-01,1.105501481923681695e+00
5.850000000000000000e+01,2.844469600843417822e-01,5.688939201686835645e-01,8.533408802531994297e-01,1.137787840337367129e+00
5.900000000000000000e+01,3.006324783996845440e-01,6.012649567993690880e-01,9.018974351993875871e-01,1.202529913598738176e+00
5.950000000000000000e+01,3.085579163837586236e-01,6.171158327675172472e-01,9.256737491515352190e-01,1.234231665535034494e+00
6.000000000000000000e+01,3.244007622083096010e-01,6.488015244166192019e-01,9.732022866251384130e-01,1.297603048833238404e+00
6.050000000000000000e+01,3.321738296089904452e-01,6.643476592179808904e-01,9.965214888270992333e-01,1.328695318435961781e+00
6.100000000000000000e+01,3.476738695324144146e-01,6.953477390648288292e-01,1.043021608597477723e+00,1.390695478129657658e+00
6.150000000000000000e+01,3.552891947935314931e-01,7.105783895870629863e-01,1.065867584380590927e+00,1.421156779174125973e+00
6.200000000000000000e+01,3.704468927613078222e-01,7.408937855226156444e-01,1.111340678283987415e+00,1.481787571045231289e+00
6.250000000000000000e+01,3.778998910191617711e-01,7.557997820383235421e-01,1.133699673057499524e+00,1.511599564076647084e+00
6.300000000000000000e+01,3.927162606352716523e-01,7.854325212705433046e-01,1.178148781905903775e+00,1.570865042541086609e+00
6.350000000000000000e+01,4.000030761257455936e-01,8.000061522514911871e-01,1.200009228377119541e+00,1.600012304502982374e+00
6.400000000000000000e+01,4.144796352755939495e-01,8.289592705511878989e-01,1.243438905826820928e+00,1.657918541102375798e+00
6.450000000000000000e+01,4.215970868026701623e-01,8.431941736053403247e-01,1.264791260407896800e+00,1.686388347210680649e+00
6.500000000000000000e+01,4.357358145930732007e-01,8.714716291861464015e-01,1.307207443779262235e+00,1.742943258372292803e+00
6.550000000000000000e+01,4.426813439854875298e-01,8.853626879709750597e-01,1.328044031956309823e+00,1.770725375941950119e+00
6.600000000000000000e+01,4.564846399795357001e-01,9.129692799590714003e-01,1.369453919938578679e+00,1.825938559918142801e+00
6.650000000000000000e+01,4.632562634507273458e-01,9.265125269014546916e-01,1.389768790352015060e+00,1.853025053802909383e+00
6.700000000000000000e+01,4.767269091613925980e-01,9.534538183227851960e-01,1.430180727484227532e+00,1.906907636645570392e+00
6.750000000000000000e+01,4.833231714800199086e-01,9.666463429600398172e-01,1.449969514439921170e+00,1.933292685920079634e+00
6.800000000000000000e+01,4.964642940733305920e-01,9.929285881466611841e-01,1.489392882220080594e+00,1.985857176293322368e+00
6.850000000000000000e+01,5.028842254450651694e-01,1.005768450890130339e+00,1.508652676335096032e+00,2.011536901780260678e+00
6.900000000000000000e+01,5.156992635941257674e-01,1.031398527188251535e+00,1.547097790782565596e+00,2.062797054376503070e+00
6.950000000000000000e+01,5.219423391510957799e-01,1.043884678302191560e+00,1.565827017453280234e+00,2.087769356604383120e+00
7.000000000000000000e+01,5.344350109749065325e-01,1.068870021949813065e+00,1.603305032924787099e+00,2.137740043899626130e+00
7.050000000000000000e+01,5.405011127662184833e-01,1.081002225532436967e+00,1.621503338298573738e+00,2.162004451064873933e+00
7.100000000000000000e+01,5.526753857805992709e-01,1.105350771561198542e+00,1.658026157341794260e+00,2.210701543122397084e+00
7.150000000000000000e+01,5.585647671552464999e-01,1.117129534310493000e+00,1.675694301465625813e+00,2.234259068620986000e+00
7.200000000000000000e+01,5.704248301601033688e-01,1.140849660320206738e+00,1.711274490480320765e+00,2.281699320640413475e+00
7.250000000000000000e+01,5.761380824336477247e-01,1.152276164867295449e+00,1.728414247300783302e+00,2.304552329734590899e+00
7.300000000000000000e+01,5.876883192566246805e-01,1.175376638513249361e+00,1.763064957769756802e+00,2.350753277026498722e+00
7.350000000000000000e+01,5.932263405531585931e-01,1.186452681106317186e+00,1.779679021659262617e+00,2.372905362212634373e+00
7.400000000000000000e+01,6.044713055688575309e-01,1.208942611137715062e+00,1.813413916706636542e+00,2.417885222275430124e+00
7.450000000000000000e+01,6.098352717305388637e-01,1.219670543461077727e+00,1.829505815191588169e+00,2.439341086922155455e+00
7.500000000000000000e+01,6.207796670735170608e-01,1.241559334147034122e+00,1.862339001220661316e+00,2.483118668294068243e+00
7.550000000000000000e+01,6.259710045324275995e-01,1.251942009064855199e+00,1.877913013597279246e+00,2.503884018129710398e+00
7.600000000000000000e+01,6.366196589217132384e-01,1.273239317843426477e+00,1.909858976765171690e+00,2.546478635686852954e+00
7.650000000000000000e+01,6.416400194305467153e-01,1.283280038861093431e+00,1.924920058291554881e+00,2.566560077722186861e+00
7.700000000000000000e+01,6.519978685246456962e-01,1.303995737049291392e+00,1.955993605573880245e+00,2.607991474098582785e+00
7.750000000000000000e+01,6.568491056460139532e-01,1.313698211292027906e+00,1.970547316937988569e+00,2.627396422584055813e+00
7.800000000000000000e+01,6.669211738484079888e-01,1.333842347696815978e+00,2.000763521545337653e+00,2.667684695393631955e+00
7.850000000000000000e+01,6.716053211049199945e-01,1.343210642209839989e+00,2.014815963314738667e+00,2.686421284419679978e+00
7.900000000000000000e+01,6.813967047416511491e-01,1.362793409483302298e+00,2.044190114225081345e+00,2.725586818966604596e+00
7.950000000000000000e+01,6.859159553327778269e-01,1.371831910665555654e+00,2.057747865998386771e+00,2.743663821331111308e+00
8.000000000000000000e+01,6.954318071256118117e-01,1.390863614251223623e+00,2.086295421377023729e+00,2.781727228502447247e+00
8.050000000000000000e+01,6.997884951208419579e-01,1.399576990241683916e+00,2.099365485362532979e+00,2.799153980483367832e+00
8.100000000000000000e+01,7.090340098819964965e-01,1.418068019763992993e+00,2.127102029646081860e+00,2.836136039527985986e+00
8.150000000000000000e+01,7.132305928029794018e-01,1.426461185605958804e+00,2.139691778408945311e+00,2.852922371211917607e+00
8.200000000000000000e+01,7.222109942799797011e-01,1.444421988559959402e+00,2.166632982840042132e+00,2.888843977119918804e+00
8.250000000000000000e+01,7.262500369883326812e-01,1.452500073976665362e+00,2.178750110964955411e+00,2.905000147953330725e+00
8.300000000000000000e+01,7.349705657898901734e-01,1.469941131579780347e+00,2.204911697369681178e+00,2.939882263159560694e+00
8.350000000000000000e+01,7.388547256009125874e-01,1.477709451201825175e+00,2.216564176802684472e+00,2.955418902403650350e+00
8.400000000000000000e+01,7.473206281374906723e-01,1.494641256274981345e+00,2.241961884412447148e+00,2.989282512549962689e+00
8.450000000000000000e+01,7.510526410840618894e-01,1.502105282168123779e+00,2.253157923252082639e+00,3.004210564336247558e+00
8.500000000000000000e+01,7.592691594602847260e-01,1.518538318920569452e+00,2.277807478380921680e+00,3.037076637841138904e+00
8.550000000000000000e+01,7.628518276342113325e-01,1.525703655268422665e+00,2.288555482902488336e+00,3.051407310536845330e+00
8.600000000000000000e+01,7.708241904318846593e-01,1.541648380863769319e+00,2.312472571295657531e+00,3.083296761727538637e+00
8.650000000000000000e+01,7.742603703343888810e-01,1.548520740668777762e+00,2.322781111003095589e+00,3.097041481337555524e+00
8.700000000000000000e+01,7.819937842288133822e-01,1.563987568457626764e+00,2.345981352686500543e+00,3.127975136915253529e+00
8.750000000000000000e+01,7.852863760646755509e-01,1.570572752129351102e+00,2.355859128193912966e+00,3.141145504258702204e+00
8.800000000000000000e+01,7.927860182195480832e-01,1.585572036439096166e+00,2.378358054658711751e+00,3.171144072878192333e+00
8.850000000000000000e+01,7.959379560732813275e-01,1.591875912146562655e+00,2.387813868219758717e+00,3.183751824293125310e+00
8.900000000000000000e+01,8.032089672616748999e-01,1.606417934523349800e+00,2.409626901785060227e+00,3.212835869046699599e+00
8.950000000000000000e+01,8.062232100974640048e-01,1.612446420194928010e+00,2.418669630292377803e+00,3.224892840389856019e+00
9.000000000000000000e+01,8.132706884997844554e-01,1.626541376999568911e+00,2.439812065499452842e+00,3.253082753999137822e+00
9.050000000000000000e+01,8.161502119297594504e-01,1.632300423859518901e+00,2.448450635789349406e+00,3.264600847719037802e+00
9.100000000000000000e+01,8.229792075619144498e-01,1.645958415123828900e+00,2.468937622685878353e+00,3.291916830247657799e+00
9.150000000000000000e+01,8.257269963309639138e-01,1.651453992661927828e+00,2.477180988992934374e+00,3.302907985323855655e+00
9.200000000000000000e+01,8.323425060586373547e-01,1.664685012117274709e+00,2.497027518176054173e+00,3.329370024234549419e+00
9.250000000000000000e+01,8.349615471963360847e-01,1.669923094392672169e+00,2.504884641589107730e+00,3.339846188785344339e+00
9.300000000000000000e+01,8.413685102937300542e-01,1.682737020587460108e+00,2.524105530881314507e+00,3.365474041174920217e+00
9.350000000000000000e+01,8.438617868877713590e-01,1.687723573775542718e+00,2.531585360663456186e+00,3.375447147551085436e+00
9.400000000000000000e+01,8.500650811013663599e-01,1.700130162202732720e+00,2.550195243304294479e+00,3.400260324405465440e+00
9.450000000000000000e+01,8.524355666484701999e-01,1.704871133296940400e+00,2.557306699945513628e+00,3.409742266593880800e+00
9.500000000000000000e+01,8.584400047293101466e-01,1.716880009458620293e+00,2.575320014188093865e+00,3.433760018917240586e+00
9.550000000000000000e+01,8.606906580229320980e-01,1.721381316045864196e+00,2.582071974068824716e+00,3.442762632091728392e+00
9.600000000000000000e+01,8.665009846921520875e-01,1.733001969384304175e+00,2.599502954076562844e+00,3.466003938768608350e+00
9.650000000000000000e+01,8.686347452088050147e-01,1.737269490417610029e+00,2.605904235626503862e+00,3.474538980835220059e+00
9.700000000000000000e+01,8.742556345243812643e-01,1.748511269048762529e+00,2.622766903573293007e+00,3.497022538097525057e+00
9.750000000000000000e+01,8.762754182725487340e-01,1.752550836545097468e+00,2.628826254817724362e+00,3.505101673090194936e+00
9.800000000000000000e+01,8.817114713660920700e-01,1.763422942732184140e+00,2.645134414098386344e+00,3.526845885464368280e+00
9.850000000000000000e+01,8.836201671636878530e-01,1.767240334327375706e+00,2.650860501491038690e+00,3.534480668654751412e+00
9.900000000000000000e+01,8.888759103190366773e-01,1.777751820638073355e+00,2.666627730957131348e+00,3.555503641276146709e+00
9.950000000000000000e+01,8.906763764681961959e-01,1.781352752936392392e+00,2.672029129404577930e+00,3.562705505872784784e+00
1.000000000000000000e+02,8.957562595145951434e-01,1.791512519029190287e+00,2.687268778543838721e+00,3.583025038058380574e+00
1.005000000000000000e+02,8.974513208440200174e-01,1.794902641688040035e+00,2.692353962532038736e+00,3.589805283376080070e+00
1.010000000000000000e+02,9.023597158393030782e-01,1.804719431678606156e+00,2.707079147517902129e+00,3.609438863357212313e+00
1.015000000000000000e+02,9.039521610863872070e-01,1.807904322172774414e+00,2.711856483259012407e+00,3.615808644345548828e+00
1.020000000000000000e+02,9.086933612658469883e-01,1.817386722531693977e+00,2.726080083797533860e+00,3.634773445063387953e+00
1.025000000000000000e+02,9.101859407728625229e-01,1.820371881545725046e+00,2.730557822318552041e+00,3.640743763091450091e+00
1.030000000000000000e+02,9.147641597426350302e-01,1.829528319485270060e+00,2.744292479227979697e+00,3.659056638970540121e+00
1.035000000000000000e+02,9.161595834427416207e-01,1.832319166885483241e+00,2.748478750328068543e+00,3.664638333770966483e+00
1.040000000000000000e+02,9.205789545968237064e-01,1.841157909193647413e+00,2.761736863790488883e+00,3.682315818387294826e+00
1.045000000000000000e+02,9.218798902672524775e-01,1.843759780534504955e+00,2.765639670801697036e+00,3.687519561069009910e+00
1.050000000000000000e+02,9.261444664088891443e-01,1.852288932817778289e+00,2.778433399226784672e+00,3.704577865635556577e+00
1.055000000000000000e+02,9.273535381702942004e-01,1.854707076340588401e+00,2.782060614510882601e+00,3.709414152681176802e+00
1.060000000000000000e+02,9.314672913204766758e-01,1.862934582640953352e+00,2.794401873961653848e+00,3.725869165281906703e+00
1.065000000000000000e+02,9.325870783627721039e-01,1.865174156725544208e+00,2.797761235088429999e+00,3.730348313451088416e+00
1.070000000000000000e+02,9.365538997388824782e-01,1.873107799477764956e+00,2.809661699216945863e+00,3.746215598955529913e+00
1.075000000000000000e+02,9.375869352550481040e-01,1.875173870510096208e+00,2.812760805765279315e+00,3.750347741020192416e+00
1.080000000000000000e+02,9.414106354040185920e-01,1.882821270808037184e+00,2.824231906212183674e+00,3.765642541616074368e+00
1.085000000000000000e+02,9.423594057152264725e-01,1.884718811430452945e+00,2.827078217145704286e+00,3.769437622860905890e+00
1.090000000000000000e+02,9.460437147874358743e-01,1.892087429574871749e+00,2.838131144362392888e+00,3.784174859149743497e+00
1.095000000000000000e+02,9.469106586431479400e-01,1.893821317286295880e+00,2.840731975929550401e+00,3.787642634572591760e+00
1.100000000000000000e+02,9.504592267933524852e-01,1.900918453586704970e+00,2.851377680380345225e+00,3.801836907173409941e+00
1.105000000000000000e+02,9.512467348319653127e-01,1.902493469663930625e+00,2.853740204496006072e+00,3.804986939327861251e+00
1.110000000000000000e+02,9.546631327349324181e-01,1.909326265469864836e+00,2.863989398204957126e+00,3.818652530939729672e+00
1.115000000000000000e+02,9.553735470908257810e-01,1.910747094181651562e+00,2.866120641272644320e+00,3.821494188363303124e+00
1.120000000000000000e+02,9.586612665601634831e-01,1.917322533120326966e+00,2.875983799680639663e+00,3.834645066240653932e+00
1.125000000000000000e+02,9.592968806046719976e-01,1.918593761209343995e+00,2.877890641814119022e+00,3.837187522418687990e+00
1.130000000000000000e+02,9.624593353044836874e-01,1.924918670608967375e+00,2.887378005913554091e+00,3.849837341217934750e+00
1.135000000000000000e+02,9.630223935087407483e-01,1.926044787017481497e+00,2.889067180526382117e+00,3.852089574034962993e+00
1.140000000000000000e+02,9.660629197478236563e-01,1.932125839495647313e+00,2.898188759243609525e+00,3.864251678991294625e+00
1.145000000000000000e+02,9.665556176566081348e-01,1.933111235313216270e+00,2.899666852969751574e+00,3.866222470626432539e+00
1.150000000000000000e+02,9.694774752565482601e-01,1.938954950513096520e+00,2.908432425769611029e+00,3.877909901026193040e+00
1.155000000000000000e+02,9.699019595625308909e-01,1.939803919125061782e+00,2.909705878687667280e+00,3.879607838250123564e+00
1.160000000000000000e+02,9.727083327907362076e-01,1.945416665581472415e+00,2.918124998372299217e+00,3.890833331162944830e+00
1.165000000000000000e+02,9.730667015002794074e-01,1.946133403000558815e+00,2.919200104500973225e+00,3.892266806001117629e+00
1.170000000000000000e+02,9.757607000607482206e-01,1.951521400121496441e+00,2.927282100182523550e+00,3.903042800242992882e+00
1.175000000000000000e+02,9.760550027416350360e-01,1.952110005483270072e+00,2.928165008225178667e+00,3.904220010966540144e+00
1.180000000000000000e+02,9.786396628158016142e-01,1.957279325631603228e+00,2.935918988447731692e+00,3.914558651263206457e+00
1.185000000000000000e+02,9.788719009193886933e-01,1.957743801838777387e+00,2.936615702758594182e+00,3.915487603677554773e+00
1.190000000000000000e+02,9.813501862505695783e-01,1.962700372501139157e+00,2.944050558752017821e+00,3.925400745002278313e+00
1.195000000000000000e+02,9.815223135006228006e-01,1.963044627001245601e+00,2.944566940502127750e+00,3.926089254002491202e+00
1.200000000000000000e+02,9.838971165160437238e-01,1.967794233032087448e+00,2.951691349548362098e+00,3.935588466064174895e+00
1.205000000000000000e+02,9.840110393570942193e-01,1.968022078714188439e+00,2.952033118071483386e+00,3.936044157428376877e+00
1.210000000000000000e+02,9.862851823219234149e-01,1.972570364643846830e+00,2.958855546965985184e+00,3.945140729287693659e+00
1.215000000000000000e+02,9.863427604209018540e-01,1.972685520841803708e+00,2.959028281263023530e+00,3.945371041683607416e+00
1.220000000000000000e+02,9.885189966187315491e-01,1.977037993237463098e+00,2.965556989856409587e+00,3.954075986474926196e+00
1.225000000000000000e+02,9.885220434139387891e-01,1.977044086827877578e+00,2.965566130241938936e+00,3.954088173655755156e+00
1.230000000000000000e+02,9.906030583495812891e-01,1.981206116699162578e+00,2.971809175049045848e+00,3.962412233398325156e+00
1.235000000000000000e+02,9.905533416413625503e-01,1.981106683282725101e+00,2.971660024924268839e+00,3.962213366565450201e+00
1.240000000000000000e+02,9.925417542611629784e-01,1.985083508522325957e+00,2.977625262783881510e+00,3.970167017044651914e+00
1.245000000000000000e+02,9.924409968391039172e-01,1.984881993678207834e+00,2.977322990517535573e+00,3.969763987356415669e+00
1.250000000000000000e+02,9.943393607648296495e-01,1.988678721529659299e+00,2.983018082294812245e+00,3.977357443059318598e+00
1.255000000000000000e+02,9.941892410673354163e-01,1.988378482134670833e+00,2.982567723202251386e+00,3.976756964269341665e+00
1.260000000000000000e+02,9.960000458402173962e-01,1.992000091680434792e+00,2.988000137520856470e+00,3.984000183360869585e+00
1.265000000000000000e+02,9.958021986413552185e-01,1.991604397282710437e+00,2.987406595924120722e+00,3.983208794565420874e+00
1.270000000000000000e+02,9.975278709727373183e-01,1.995055741945474637e+00,2.992583612918153335e+00,3.990111483890949273e+00
1.275000000000000000e+02,9.972838880931718109e-01,1.994567776186343622e+00,2.991851664279636225e+00,3.989135552372687243e+00
1.280000000000000000e+02,9.989267931189509397e-01,1.997853586237901879e+00,2.996780379356856372e+00,3.995707172475803759e+00
1.285000000000000000e+02,9.986382241569504714e-01,1.997276448313900943e+00,2.995914672471052143e+00,3.994552896627801886e+00
1.290000000000000000e+02,1.000200666692871110e+00,2.000401333385742220e+00,3.000602000078714582e+00,4.000802666771484439e+00
1.295000000000000000e+02,9.998690197717721162e-01,1.999738039543544232e+00,2.999607059315493984e+00,3.999476079087088465e+00
1.300000000000000000e+02,1.001353245567115025e+00,2.002706491134230049e+00,3.004059736701414352e+00,4.005412982268460098e+00
1.305000000000000000e+02,1.000979988096883488e+00,2.001959976193766977e+00,3.002939964290803232e+00,4.003919952387533954e+00
1.310000000000000000e+02,1.002388185084335248e+00,2.004776370168670496e+00,3.007164555253226013e+00,4.009552740337340992e+00
1.315000000000000000e+02,1.001974744533784545e+00,2.003949489067569090e+00,3.005924233601533047e+00,4.007898978135138179e+00
1.320000000000000000e+02,1.003309044073461109e+00,2.006618088146922219e+00,3.009927132220553858e+00,4.013236176293844437e+00
1.325000000000000000e+02,1.002856808750976825e+00,2.005713617501953649e+00,3.008570426253093899e+00,4.011427235003907299e+00
1.330000000000000000e+02,1.004119286866492544e+00,2.008238573732985088e+00,3.012357860599713888e+00,4.016477147465970177e+00
1.335000000000000000e+02,1.003629606706592625e+00,2.007259213413185250e+00,3.010888820119980380e+00,4.014518426826370501e+00
1.340000000000000000e+02,1.004822285311997021e+00,2.009644570623994042e+00,3.014466855936355216e+00,4.019289141247988084e+00
1.345000000000000000e+02,1.004296472666016626e+00,2.008592945332033253e+00,3.012889417998145802e+00,4.017185890664066505e+00
1.350000000000000000e+02,1.005421320781659134e+00,2.010842641563318267e+00,3.016263962345114180e+00,4.021685283126636534e+00
1.355000000000000000e+02,1.004860651210037759e+00,2.009721302420075517e+00,3.014581953630312228e+00,4.019442604840151034e+00
1.360000000000000000e+02,1.005919586166085011e+00,2.011839172332170023e+00,3.017758758498366944e+00,4.023678344664340045e+00
1.365000000000000000e+02,1.005325299231094149e+00,2.010650598462188299e+00,3.015975897693472518e+00,4.021301196924376598e+00
1.370000000000000000e+02,1.006320187857951964e+00,2.012640375715903929e+00,3.018960563574005107e+00,4.025280751431807857e+00
1.375000000000000000e+02,1.005693487914935957e+00,2.011386975829871915e+00,3.017080463744875374e+00,4.022773951659743830e+00
1.380000000000000000e+02,1.006626147718931108e+00,2.013252295437862216e+00,3.019878443156841286e+00,4.026504590875724432e+00
1.385000000000000000e+02,1.005968204704446478e+00,2.011936409408892956e+00,3.017904614113362527e+00,4.023872818817785912e+00
1.390000000000000000e+02,1.006840405028279761e+00,2.013680810056559523e+00,3.020521215084791322e+00,4.027361620113119045e+00
1.395000000000000000e+02,1.006152355244319452e+00,2.012304710488638904e+00,3.018457065732874867e+00,4.024609420977277807e+00
1.400000000000000000e+02,1.006965818411314828e+00,2.013931636822629656e+00,3.020897455233871653e+00,4.027863273645259312e+00
1.405000000000000000e+02,1.006248765304077253e+00,2.012497530608154506e+00,3.018746295912158928e+00,4.024995061216309011e+00
1.410000000000000000e+02,1.007005167745315788e+00,2.014010335490631576e+00,3.021015503236021971e+00,4.028020670981263152e+00
1.415000000000000000e+02,1.006260182677538140e+00,2.012520365355076279e+00,3.018780548032623301e+00,4.025040730710152559e+00
1.420000000000000000e+02,1.006961156042004646e+00,2.013922312084009292e+00,3.020883468126029925e+00,4.027844624168018584e+00
1.425000000000000000e+02,1.006189279057798203e+00,2.012378558115596405e+00,3.018567837173414148e+00,4.024757116231192811e+00
1.430000000000000000e+02,1.006836411303966727e+00,2.013672822607933455e+00,3.020509233912015645e+00,4.027345645215866909e+00
1.435000000000000000e+02,1.006038651885770463e+00,2.012077303771540926e+00,3.018115955657336258e+00,4.024154607543081852e+00
1.440000000000000000e+02,1.006633488355157979e+00,2.013266976710315959e+00,3.019900465065497031e+00,4.026533953420631917e+00
1.445000000000000000e+02,1.005810826171396499e+00,2.011621652342792999e+00,3.017432478514180616e+00,4.023243304685585997e+00
1.450000000000000000e+02,1.006354870643145105e+00,2.012709741286290210e+00,3.019064611929550779e+00,4.025419482572580421e+00
1.455000000000000000e+02,1.005508256286526958e+00,2.011016512573053916e+00,3.016524768859639494e+00,4.022033025146107832e+00
1.460000000000000000e+02,1.006002972013028796e+00,2.012005944026057591e+00,3.018008916039214284e+00,4.024011888052115182e+00
1.465000000000000000e+02,1.005133327728486847e+00,2.010266655456973695e+00,3.015399983185602650e+00,4.020533310913947389e+00
1.470000000000000000e+02,1.005580138451687588e+00,2.011160276903375177e+00,3.016740415355130267e+00,4.022320553806750354e+00
1.475000000000000000e+02,1.004688358853828234e+00,2.009376717707656468e+00,3.014065076561472267e+00,4.018753435415312936e+00
1.480000000000000000e+02,1.005088649801963996e+00,2.010177299603927992e+00,3.015265949405858237e+00,4.020354599207855983e+00
1.485000000000000000e+02,1.004175602581076632e+00,2.008351205162153263e+00,3.012526807743149959e+00,4.016702410324306527e+00
1.490000000000000000e+02,1.004530721446206698e+00,2.009061442892413396e+00,3.013592164338504631e+00,4.018122885784826792e+00
1.495000000000000000e+02,1.003597248063057279e+00,2.007194496126114558e+00,3.010791744189106112e+00,4.014388992252229116e+00
1.500000000000000000e+02,1.003908505958603925e+00,2.007817011917207850e+00,3.011725517875781577e+00,4.015634023834415700e+00
1.505000000000000000e+02,1.002955422327412194e+00,2.005910844654824388e+00,3.008866266982280990e+00,4.011821689309648775e+00
1.510000000000000000e+02,1.003224094726315130e+00,2.006448189452630260e+00,3.009672284178954271e+00,4.012896378905260519e+00
1.515000000000000000e+02,1.002252191885494526e+00,2.004504383770989051e+00,3.006756575656552855e+00,4.009008767541978102e+00
1.520000000000000000e+02,1.002479519538576724e+00,2.004959039077153449e+00,3.007438558615803004e+00,4.009918078154306897e+00
1.525000000000000000e+02,1.001489564309219205e+00,2.002979128618438409e+00,3.004468692927694917e+00,4.005958257236876818e+00
1.530000000000000000e+02,1.001676754144311232e+00,2.003353508288622464e+00,3.005030262432960342e+00,4.006707016577244929e+00
1.535000000000000000e+02,1.000669489776331744e+00,2.001338979552663488e+00,3.002008469329020102e+00,4.002677959105326977e+00
1.540000000000000000e+02,1.000817715777589711e+00,2.001635431555179423e+00,3.002453147332651895e+00,4.003270863110358846e+00
1.545000000000000000e+02,9.997938625832070159e-01,1.999587725166414032e+00,2.999381587749638811e+00,3.999175450332828063e+00
1.550000000000000000e+02,9.999042666513133781e-01,1.999808533302626756e+00,2.999712799953776710e+00,3.999617066605253513e+00
1.555000000000000000e+02,9.988645226258920928e-01,1.997729045251784186e+00,2.996593567877596342e+00,3.995458090503568371e+00
1.560000000000000000e+02,9.989382154190344920e-01,1.997876430838068984e+00,2.996814646256872550e+00,3.995752861676137968e+00
1.565000000000000000e+02,9.978832568491604604e-01,1.995766513698320921e+00,2.993649770547435196e+00,3.991533027396641842e+00
1.570000000000000000e+02,9.979213186049644690e-01,1.995842637209928938e+00,2.993763955814813471e+00,3.991685274419857876e+00
1.575000000000000000e+02,9.968518006638458218e-01,1.993703601327691644e+00,2.990555401991500162e+00,3.987407202655383287e+00
1.580000000000000000e+02,9.968552820025813332e-01,1.993710564005162666e+00,2.990565846007775974e+00,3.987421128010325333e+00
1.585000000000000000e+02,9.957718393325318829e-01,1.991543678665063766e+00,2.987315517997451764e+00,3.983087357330127531e+00
1.590000000000000000e+02,9.957417620415789372e-01,1.991483524083157874e+00,2.987225286124605361e+00,3.982967048166315749e+00
1.595000000000000000e+02,9.946450093239125323e-01,1.989290018647825065e+00,2.983935027971604370e+00,3.978580037295650129e+00
1.600000000000000000e+02,9.945823671239537589e-01,1.989164734247907518e+00,2.983747101371683641e+00,3.978329468495815036e+00
1.605000000000000000e+02,9.934728996361990028e-01,1.986945799272398006e+00,2.980418698908465558e+00,3.973891598544796011e+00
1.610000000000000000e+02,9.933786589291582203e-01,1.986757317858316441e+00,2.980135976787316565e+00,3.973514635716632881e+00
1.615000000000000000e+02,9.922570530896326346e-01,1.984514106179265269e+00,2.976771159268793099e+00,3.969028212358530538e+00
1.620000000000000000e+02,9.921321536888729753e-01,1.984264307377745951e+00,2.976396461066570964e+00,3.968528614755491901e+00
1.625000000000000000e+02,9.909989675886983207e-01,1.981997935177396641e+00,2.972996902766134042e+00,3.963995870354793283e+00
1.630000000000000000e+02,9.908443234315633674e-01,1.981688646863126735e+00,2.972532970294544441e+00,3.963377293726253470e+00
1.635000000000000000e+02,9.897000973543548241e-01,1.979400194708709648e+00,2.969100292063004076e+00,3.958800389417419296e+00
1.640000000000000000e+02,9.895165971971149332e-01,1.979033194394229866e+00,2.968549791591243547e+00,3.958066388788459733e+00
1.645000000000000000e+02,9.883618541263246016e-01,1.976723708252649203e+00,2.965085562378845907e+00,3.953447416505298406e+00
1.650000000000000000e+02,9.881503622225711325e-01,1.976300724445142265e+00,2.964451086667587276e+00,3.952601448890284530e+00
1.655000000000000000e+02,9.869856083365835531e-01,1.973971216673167106e+00,2.960956825009674276e+00,3.947942433346334212e+00
1.660000000000000000e+02,9.867469650983746732e-01,1.973493930196749346e+00,2.960240895295008556e+00,3.946987860393498693e+00
1.665000000000000000e+02,9.855726902537753631e-01,1.971145380507550726e+00,2.956718070761176875e+00,3.942290761015101452e+00
1.670000000000000000e+02,9.853077128964731202e-01,1.970615425792946240e+00,2.955923138689257712e+00,3.941230851585892481e+00
1.675000000000000000e+02,9.841243910992893973e-01,1.968248782198578795e+00,2.952373173297772269e+00,3.936497564397157589e+00
1.680000000000000000e+02,9.838338742703314210e-01,1.967667748540662842e+00,2.951501622810845049e+00,3.935335497081325684e+00
1.685000000000000000e+02,9.826419641357393431e-01,1.965283928271478686e+00,2.947925892407091908e+00,3.930567856542957372e+00
1.690000000000000000e+02,9.823266805273647151e-01,1.964653361054729430e+00,2.946980041581980458e+00,3.929306722109458860e+00
1.695000000000000000e+02,9.811266257277218017e-01,1.962253251455443603e+00,2.943379877183097904e+00,3.924506502910887207e+00
1.700000000000000000e+02,9.807873266742301865e-01,1.961574653348460373e+00,2.942361980022610624e+00,3.923149306696920746e+00
1.705000000000000000e+02,9.795795563757643265e-01,1.959159112751528653e+00,2.938738669127076264e+00,3.918318225503057306e+00
1.710000000000000000e+02,9.792169724354771176e-01,1.958433944870954235e+00,2.937650917306243059e+00,3.916867889741908471e+00
1.715000000000000000e+02,9.780019017239549584e-01,1.956003803447909917e+00,2.934005705171777834e+00,3.912007606895819833e+00
1.720000000000000000e+02,9.776167432462408158e-01,1.955233486492481632e+00,2.932850229738562575e+00,3.910466972984963263e+00
1.725000000000000000e+02,9.763947735416067530e-01,1.952789547083213506e+00,2.929184320624635518e+00,3.905579094166427012e+00
1.730000000000000000e+02,9.759877312191633791e-01,1.951975462438326758e+00,2.927963193657390661e+00,3.903950924876653517e+00
1.735000000000000000e+02,9.747592506792805978e-01,1.949518501358561196e+00,2.924277752037681921e+00,3.899037002717122391e+00
1.740000000000000000e+02,9.743309960863193453e-01,1.948661992172638691e+00,2.922992988258798164e+00,3.897323984345277381e+00
1.745000000000000000e+02,9.730963800002694342e-01,1.946192760000538868e+00,2.919289140000756788e+00,3.892385520001077737e+00
1.750000000000000000e+02,9.726475661163735964e-01,1.945295132232747193e+00,2.917942698349058617e+00,3.890590264465494386e+00
1.755000000000000000e+02,9.714071772874515176e-01,1.942814354574903035e+00,2.914221531862196457e+00,3.885628709149806070e+00
1.760000000000000000e+02,9.709384390078774629e-01,1.941876878015754926e+00,2.912815317023543571e+00,3.883753756031509852e+00
1.765000000000000000e+02,9.696926281260829228e-01,1.939385256252165846e+00,2.909077884378227452e+00,3.878770512504331691e+00
1.770000000000000000e+02,9.692045827587278950e-01,1.938409165517455790e+00,2.907613748276233423e+00,3.876818331034911580e+00
1.775000000000000000e+02,9.679536887636857045e-01,1.935907377527371409e+00,2.903861066291085535e+00,3.871814755054742818e+00
1.780000000000000000e+02,9.674469365126938669e-01,1.934893873025387734e+00,2.902340809538074495e+00,3.869787746050775468e+00
1.785000000000000000e+02,9.661912869465556497e-01,1.932382573893111299e+00,2.898573860839690042e+00,3.864765147786222599e+00
1.790000000000000000e+02,9.656664113832125196e-01,1.931332822766425039e+00,2.896999234149660651e+00,3.862665645532850078e+00
1.795000000000000000e+02,9.644063227340566868e-01,1.928812645468113374e+00,2.893218968202084795e+00,3.857625290936226747e+00
1.800000000000000000e+02,9.638638912552117688e-01,1.927727782510423538e+00,2.891591673765596227e+00,3.855455565020847075e+00
1.805000000000000000e+02,9.625996692910092634e-01,1.925199338582018527e+00,2.887799007872978052e+00,3.850398677164037053e+00
1.810000000000000000e+02,9.620402335653270853e-01,1.924080467130654171e+00,2.886120700695776975e+00,3.848160934261308341e+00
1.815000000000000000e+02,9.607721736588814565e-01,1.921544347317762913e+00,2.882316520976459628e+00,3.843088694635525826e+00
1.820000000000000000e+02,9.601962700608410728e-01,1.920392540121682146e+00,2.880588810182388215e+00,3.840785080243364291e+00
1.825000000000000000e+02,9.589246575057597255e-01,1.917849315011519451e+00,2.876773972517142397e+00,3.835698630023038902e+00
1.830000000000000000e+02,9.583328075383619193e-01,1.916665615076723839e+00,2.874998422614936544e+00,3.833331230153447677e+00
1.835000000000000000e+02,9.570579178561082756e-01,1.914115835712216551e+00,2.871173753568179166e+00,3.828231671424433102e+00
1.840000000000000000e+02,9.564506285619440717e-01,1.912901257123888143e+00,2.869351885685645698e+00,3.825802514247776287e+00
1.845000000000000000e+02,9.551727278005621713e-01,1.910345455601124343e+00,2.865518183401484009e+00,3.820690911202248685e+00
1.850000000000000000e+02,9.545504921618910288e-01,1.909100984323782058e+00,2.863651476485394198e+00,3.818201968647564115e+00
1.855000000000000000e+02,9.532698371861876296e-01,1.906539674372375259e+00,2.859809511558260908e+00,3.813079348744750519e+00
1.860000000000000000e+02,9.526331345141354490e-01,1.905266269028270898e+00,2.857899403542113248e+00,3.810532538056541796e+00
1.865000000000000000e+02,9.513499732877743753e-01,1.902699946575548751e+00,2.854049919863122398e+00,3.805399893151097501e+00
1.870000000000000000e+02,9.506992696010421184e-01,1.901398539202084237e+00,2.852097808802888323e+00,3.802797078404168474e+00
1.875000000000000000e+02,9.494138414608315202e-01,1.898827682921663040e+00,2.848241524382274292e+00,3.797655365843326081e+00
1.880000000000000000e+02,9.487495898539393124e-01,1.897499179707878625e+00,2.846248769561697145e+00,3.794998359415757250e+00
1.885000000000000000e+02,9.474621257759743287e-01,1.894924251551948657e+00,2.842386377327812852e+00,3.789848503103897315e+00
1.890000000000000000e+02,9.467847667777196108e-01,1.893569533555439222e+00,2.840354300332968762e+00,3.787139067110878443e+00
1.895000000000000000e+02,9.454954896363130246e-01,1.890990979272626049e+00,2.836486468908844927e+00,3.781981958545252098e+00
1.900000000000000000e+02,9.448054515581514323e-01,1.889610903116302865e+00,2.834416354674253569e+00,3.779221806232605729e+00
1.905000000000000000e+02,9.435145763772538885e-01,1.887029152754507777e+00,2.830543729131512976e+00,3.774058305509015554e+00
1.910000000000000000e+02,9.428122756523222847e-01,1.885624551304644569e+00,2.828436826956668426e+00,3.771249102609289139e+00
1.915000000000000000e+02,9.415200098495493108e-01,1.883040019699098622e+00,2.824560029548351281e+00,3.766080039398197243e+00
1.920000000000000000e+02,9.408058513623505092e-01,1.881611702724701018e+00,2.822417554086825930e+00,3.763223405449402037e+00
1.925000000000000000e+02,9.395123949863126711e-01,1.879024789972625342e+00,2.818537184958742614e+00,3.758049579945250684e+00
1.930000000000000000e+02,9.387867723933336350e-01,1.877573544786667270e+00,2.816360317179849915e+00,3.755147089573334540e+00
1.935000000000000000e+02,9.374923183538168558e-01,1.874984636707633712e+00,2.812476955061356421e+00,3.749969273415267423e+00
1.940000000000000000e+02,9.367556143953361669e-01,1.873511228790672334e+00,2.810266843185900143e+00,3.747022457581344668e+00
1.945000000000000000e+02,9.354603486869148554e-01,1.870920697373829711e+00,2.806381046060778317e+00,3.741841394747659422e+00
1.950000000000000000e+02,9.347129354901291265e-01,1.869425870980258253e+00,2.804138806470284351e+00,3.738851741960516506e+00
1.955000000000000000e+02,9.334170374094945544e-01,1.866834074818989109e+00,2.800251112228394845e+00,3.733668149637978217e+00
1.960000000000000000e+02,9.326592767833670194e-01,1.865318553566734039e+00,2.797977830349950068e+00,3.730637107133468078e+00
1.965000000000000000e+02,9.313629191397847507e-01,1.862725838279569501e+00,2.794088757419345370e+00,3.725451676559139003e+00
1.970000000000000000e+02,9.305951628618203131e-01,1.861190325723640626e+00,2.791785488585375674e+00,3.722380651447281252e+00
1.975000000000000000e+02,9.292985121820507288e-01,1.858597024364101458e+00,2.787895536546116659e+00,3.717194048728202915e+00
1.980000000000000000e+02,9.285211022769193079e-01,1.857042204553838616e+00,2.785563306830667329e+00,3.714084409107677232e+00
1.985000000000000000e+02,9.272243190036704164e-01,1.854448638007340833e+00,2.781672957010897562e+00,3.708897276014681665e+00
1.990000000000000000e+02,9.264375880142434738e-01,1.852875176028486948e+00,2.779312764042558115e+00,3.705750352056973895e+00
1.995000000000000000e+02,9.251408266989606943e-01,1.850281653397921389e+00,2.775422480096708000e+00,3.700563306795842777e+00
2.000000000000000000e+02,9.243450979498497588e-01,1.848690195899699518e+00,2.773035293849353877e+00,3.697380391799399035e+00
2.005000000000000000e+02,9.230485074399084056e-01,1.846097014879816811e+00,2.769145522319561792e+00,3.692194029759633622e+00
2.010000000000000000e+02,9.222440952935908598e-01,1.844488190587181720e+00,2.766732285880500797e+00,3.688976381174363439e+00
2.015000000000000000e+02,9.209478189136728332e-01,1.841895637827345666e+00,2.762843456740874615e+00,3.683791275654691333e+00
2.020000000000000000e+02,9.201350290195424719e-01,1.840270058039084944e+00,2.760405087058366291e+00,3.680540116078169888e+00
2.025000000000000000e+02,9.188392047478828317e-01,1.837678409495765663e+00,2.756517614243577441e+00,3.675356818991531327e+00
2.030000000000000000e+02,9.180183342844223660e-01,1.836036668568844732e+00,2.754055002853192491e+00,3.672073337137689464e+00
2.035000000000000000e+02,9.167230949238298621e-01,1.833446189847659724e+00,2.750169284771345701e+00,3.666892379695319448e+00
2.040000000000000000e+02,9.158944328338840535e-01,1.831788865667768107e+00,2.747683298501506499e+00,3.663577731335536214e+00
2.045000000000000000e+02,9.145999061772567273e-01,1.829199812354513455e+00,2.743799718531590770e+00,3.658399624709026909e+00
2.050000000000000000e+02,9.137637333969692577e-01,1.827527466793938515e+00,2.741291200190644872e+00,3.655054933587877031e+00
2.055000000000000000e+02,9.124700423885254708e-01,1.824940084777050942e+00,2.737410127165318841e+00,3.649880169554101883e+00
2.060000000000000000e+02,9.116266320696588821e-01,1.823253264139317764e+00,2.734879896208553873e+00,3.646506528278635528e+00
2.065000000000000000e+02,9.103338949607344688e-01,1.820667789921468938e+00,2.731001684881839253e+00,3.641335579842937875e+00
2.070000000000000000e+02,9.094835126868598962e-01,1.818967025373719792e+00,2.728450538060094743e+00,3.637934050747439585e+00
2.075000000000000000e+02,9.081918431873496900e-01,1.816383686374699380e+00,2.724575529561661824e+00,3.632767372749398760e+00
2.080000000000000000e+02,9.073347471840893519e-01,1.814669494368178704e+00,2.722004241551850612e+00,3.629338988736357408e+00
2.085000000000000000e+02,9.060442546092204452e-01,1.812088509218440890e+00,2.718132763827426857e+00,3.624177018436881781e+00
2.090000000000000000e+02,9.051806959486032866e-01,1.810361391897206573e+00,2.715542087845356889e+00,3.620722783794413147e+00
2.095000000000000000e+02,9.038914853613935207e-01,1.807782970722787041e+00,2.711674456083926543e+00,3.615565941445574083e+00
2.100000000000000000e+02,9.030217081601783491e-01,1.806043416320356698e+00,2.709065124480233067e+00,3.612086832640713396e+00
2.105000000000000000e+02,9.017338805093864096e-01,1.803467761018772819e+00,2.705201641527906986e+00,3.606935522037545638e+00
2.110000000000000000e+02,9.008581221224396529e-01,1.801716244244879306e+00,2.702574366366917502e+00,3.603432488489758612e+00
2.115000000000000000e+02,8.995717743764615193e-01,1.799143548752923039e+00,2.698715323129064814e+00,3.598287097505846077e+00
2.120000000000000000e+02,8.986902655840474097e-01,1.797380531168094819e+00,2.696070796751790510e+00,3.594761062336189639e+00
2.125000000000000000e+02,8.974054908608231074e-01,1.794810981721646215e+00,2.692216472582195763e+00,3.589621963443292429e+00
2.130000000000000000e+02,8.965184560511048062e-01,1.793036912102209612e+00,2.689555368152987569e+00,3.586073824204419225e+00
2.135000000000000000e+02,8.952353437439324324e-01,1.790470687487864865e+00,2.685706031231511304e+00,3.580941374975729730e+00
2.140000000000000000e+02,8.943430010902346794e-01,1.788686002180469359e+00,2.683029003270377189e+00,3.577372004360938718e+00
2.145000000000000000e+02,8.930616369897776963e-01,1.786123273979555393e+00,2.679184910969013345e+00,3.572246547959110785e+00
2.150000000000000000e+02,8.921641986227921706e-01,1.784328397245584341e+00,2.676492595867969726e+00,3.568656794491168682e+00
2.155000000000000000e+02,8.908846650354291796e-01,1.781769330070858359e+00,2.672653995105847002e+00,3.563538660141716718e+00
2.160000000000000000e+02,8.899823372106663300e-01,1.779964674421332660e+00,2.669947011631585099e+00,3.559929348842665320e+00
2.165000000000000000e+02,8.887047130731886568e-01,1.777409426146377314e+00,2.666114139219168067e+00,3.554818852292754627e+00
2.170000000000000000e+02,8.877976963338021221e-01,1.775595392667604244e+00,2.663393089001033331e+00,3.551190785335208489e+00
2.175000000000000000e+02,8.865220573245071733e-01,1.773044114649014347e+00,2.659566171973168025e+00,3.546088229298028693e+00
2.180000000000000000e+02,8.856105466593575670e-01,1.771221093318715134e+00,2.656831639977816906e+00,3.542442186637430268e+00
2.185000000000000000e+02,8.843369653059252045e-01,1.768673930611850409e+00,2.653010895917397249e+00,3.537347861223700818e+00
2.190000000000000000e+02,8.834211503034268276e-01,1.766842300606853655e+00,2.650263450909875473e+00,3.533684601213707310e+00
2.195000000000000000e+02,8.821496960871915149e-01,1.764299392174383030e+00,2.646449088261299210e+00,3.528598784348766060e+00
2.200000000000000000e+02,8.812297610845654106e-01,1.762459522169130821e+00,2.643689283253415567e+00,3.524919044338261642e+00
2.205000000000000000e+02,8.799605005419515180e-01,1.759921001083903036e+00,2.639881501625609417e+00,3.519842002167806072e+00
2.210000000000000000e+02,8.790366247706487002e-01,1.758073249541297400e+00,2.637109874311654778e+00,3.516146499082594801e+00
2.215000000000000000e+02,8.777696215911134914e-01,1.755539243182226983e+00,2.633308864773105995e+00,3.511078486364453966e+00
2.220000000000000000e+02,8.768419793178008348e-01,1.753683958635601670e+00,2.630525937953215987e+00,3.507367917271203339e+00
2.225000000000000000e+02,8.755772944389175194e-01,1.751154588877835039e+00,2.626731883316594462e+00,3.502309177755670078e+00
2.230000000000000000e+02,8.746460551027901431e-01,1.749292110205580286e+00,2.623938165308167925e+00,3.498584220411160572e+00
2.235000000000000000e+02,8.733837468023519790e-01,1.746767493604703958e+00,2.620151240406897841e+00,3.493534987209407916e+00
2.240000000000000000e+02,8.724490751483333639e-01,1.744898150296666728e+00,2.617347225444859760e+00,3.489796300593333456e+00
2.245000000000000000e+02,8.711891991336866425e-01,1.742378398267373285e+00,2.613567597400930254e+00,3.484756796534746570e+00
2.250000000000000000e+02,8.702512553421577479e-01,1.740502510684315496e+00,2.610753766026292055e+00,3.481005021368630992e+00
2.255000000000000000e+02,8.689938648365735929e-01,1.737987729673147186e+00,2.606981594509569788e+00,3.475975459346294372e+00
2.260000000000000000e+02,8.680528046491300387e-01,1.736105609298260077e+00,2.604158413947239126e+00,3.472211218596520155e+00
2.265000000000000000e+02,8.667979504756893050e-01,1.733595900951378610e+00,2.600393851426936465e+00,3.467191801902757220e+00
2.270000000000000000e+02,8.658539253177650608e-01,1.731707850635530122e+00,2.597561775953025176e+00,3.463415701271060243e+00
2.275000000000000000e+02,8.646016559803975099e-01,1.729203311960795020e+00,2.593804967941096606e+00,3.458406623921590040e+00
2.280000000000000000e+02,8.636548130799965861e-01,1.727309626159993172e+00,2.590964439239897388e+00,3.454619252319986344e+00
2.285000000000000000e+02,8.624051748423777752e-01,1.724810349684755550e+00,2.587215524527124444e+00,3.449620699369511101e+00
2.290000000000000000e+02,8.614556573459601907e-01,1.722911314691920381e+00,2.584366972037862809e+00,3.445822629383840763e+00
2.295000000000000000e+02,8.602086943073476988e-01,1.720417388614695398e+00,2.580626082922030662e+00,3.440834777229390795e+00
2.300000000000000000e+02,8.592566413919779933e-01,1.718513282783955987e+00,2.577769924175960625e+00,3.437026565567911973e+00
2.305000000000000000e+02,8.580123955612126707e-01,1.716024791122425341e+00,2.574037186683661105e+00,3.432049582244850683e+00
2.310000000000000000e+02,8.570579425439568411e-01,1.714115885087913682e+00,2.571173827631902498e+00,3.428231770175827364e+00
2.315000000000000000e+02,8.558164539108421565e-01,1.711632907821684313e+00,2.567449361732599300e+00,3.423265815643368626e+00
2.320000000000000000e+02,8.548597323548641214e-01,1.709719464709728243e+00,2.564579197064553284e+00,3.419438929419456485e+00
2.325000000000000000e+02,8.536210389594423020e-01,1.707242077918884604e+00,2.560863116878380197e+00,3.414484155837769208e+00
2.330000000000000000e+02,8.526621767771072058e-01,1.705324353554214412e+00,2.557986530331305630e+00,3.410648707108428823e+00
2.335000000000000000e+02,8.514263147766669704e-01,1.702852629553333941e+00,2.554278944330043544e+00,3.405705259106667881e+00
2.340000000000000000e+02,8.504654363299763986e-01,1.700930872659952797e+00,2.551396308989886563e+00,3.401861745319905594e+00
2.345000000000000000e+02,8.492324400639681414e-01,1.698464880127936283e+00,2.547697320191950610e+00,3.396929760255872566e+00
2.350000000000000000e+02,8.482696662618831596e-01,1.696539332523766319e+00,2.544808998785683229e+00,3.393078665047532638e+00
2.355000000000000000e+02,8.470395683148375099e-01,1.694079136629675020e+00,2.541118704944608453e+00,3.388158273259350040e+00
2.360000000000000000e+02,8.460750167081592110e-01,1.692150033416318422e+00,2.538225050124530924e+00,3.384300066832636844e+00
2.365000000000000000e+02,8.448478479704650823e-01,1.689695695940930165e+00,2.534543543911496499e+00,3.379391391881860329e+00
2.370000000000000000e+02,8.438816328438480951e-01,1.687763265687696190e+00,2.531644898531531851e+00,3.375526531375392381e+00
2.375000000000000000e+02,8.426574225707721411e-01,1.685314845141544282e+00,2.527972267712407017e+00,3.370629690283088564e+00
2.380000000000000000e+02,8.416896550321393278e-01,1.683379310064278656e+00,2.525068965096480156e+00,3.366758620128557311e+00
2.385000000000000000e+02,8.404684309009500254e-01,1.680936861801900051e+00,2.521405292702930012e+00,3.361873723603800102e+00
2.390000000000000000e+02,8.394992189686387718e-01,1.678998437937277544e+00,2.518497656905992699e+00,3.357996875874555087e+00
2.395000000000000000e+02,8.382810071337125635e-01,1.676562014267425127e+00,2.514843021401240719e+00,3.353124028534850254e+00
2.400000000000000000e+02,8.373104558209512049e-01,1.674620911641902410e+00,2.511931367462949538e+00,3.349241823283804820e+00
2.405000000000000000e+02,8.360952809674415676e-01,1.672190561934883135e+00,2.508285842902374441e+00,3.344381123869766270e+00
2.410000000000000000e+02,8.351234923645236563e-01,1.670246984729047313e+00,2.505370477093613601e+00,3.340493969458094625e+00
2.415000000000000000e+02,8.339113777600193345e-01,1.667822755520038669e+00,2.501734133280130834e+00,3.335645511040077338e+00
2.420000000000000000e+02,8.329384511142148284e-01,1.665876902228429657e+00,2.498815353342685341e+00,3.331753804456859314e+00
2.425000000000000000e+02,8.317294186589361260e-01,1.663458837317872252e+00,2.495188255976877656e+00,3.326917674635744504e+00
2.430000000000000000e+02,8.307554504521252881e-01,1.661510900904250576e+00,2.492266351356455800e+00,3.323021801808501152e+00
2.435000000000000000e+02,8.295495207274807825e-01,1.659099041454961565e+00,2.488648562182461887e+00,3.318198082909923130e+00
2.440000000000000000e+02,8.285746047516937551e-01,1.657149209503387510e+00,2.485723814255067055e+00,3.314298419006775021e+00
2.445000000000000000e+02,8.273717970671352617e-01,1.654743594134270523e+00,2.482115391201439536e+00,3.309487188268541047e+00
2.450000000000000000e+02,8.263960244978001413e-01,1.652792048995600283e+00,2.479188073493432398e+00,3.305584097991200565e+00
2.455000000000000000e+02,8.251963569364235696e-01,1.650392713872847139e+00,2.475589070809348868e+00,3.300785427745694278e+00
2.460000000000000000e+02,8.242198164037635166e-01,1.648439632807527033e+00,2.472659449211370486e+00,3.296879265615054067e+00
2.465000000000000000e+02,8.230233058662896894e-01,1.646046611732579379e+00,2.469069917598858410e+00,3.292093223465158758e+00
2.470000000000000000e+02,8.220460835246417020e-01,1.644092167049283404e+00,2.466138250573941093e+00,3.288184334098566808e+00
2.475000000000000000e+02,8.208527457718215459e-01,1.641705491543643092e+00,2.462558237315455756e+00,3.283410983087286183e+00
2.480000000000000000e+02,8.198749253670332138e-01,1.639749850734066428e+00,2.459624776101058785e+00,3.279499701468132855e+00
2.485000000000000000e+02,8.186847750610688479e-01,1.637369550122137696e+00,2.456054325183188780e+00,3.274739100244275392e+00
2.490000000000000000e+02,8.177064379959215756e-01,1.635412875991843151e+00,2.453119313987826899e+00,3.270825751983686303e+00
2.495000000000000000e+02,8.165194887402602575e-01,1.633038977480520515e+00,2.449558466220906894e+00,3.266077954961041030e+00
2.500000000000000000e+02,8.155407141382848835e-01,1.631081428276569767e+00,2.446622142414980772e+00,3.262162856553139534e+00
2.505000000000000000e+02,8.143569785162494412e-01,1.628713957032498882e+00,2.443070935548789180e+00,3.257427914064997765e+00
2.510000000000000000e+02,8.133778432834368743e-01,1.626755686566873749e+00,2.440133529850434968e+00,3.253511373133747497e+00
2.515000000000000000e+02,8.121973328953568938e-01,1.624394665790713788e+00,2.436591998686161276e+00,3.248789331581427575e+00
2.520000000000000000e+02,8.112179117806022077e-01,1.622435823561204415e+00,2.433653735341856361e+00,3.244871647122408831e+00
2.525000000000000000e+02,8.100406372801476351e-01,1.620081274560295270e+00,2.430121911840458893e+00,3.240162549120590540e+00
2.530000000000000000e+02,8.090610029334577291e-01,1.618122005866915458e+00,2.427183008800405162e+00,3.236244011733830916e+00
2.535000000000000000e+02,8.078869740625584939e-01,1.615773948125116988e+00,2.423660922187700351e+00,3.231547896250233975e+00
2.540000000000000000e+02,8.069071970920731474e-01,1.613814394184146295e+00,2.420721591276340234e+00,3.227628788368292589e+00
2.545000000000000000e+02,8.057364227145615843e-01,1.611472845429123169e+00,2.417209268143700740e+00,3.222945690858246337e+00
2.550000000000000000e+02,8.047565717419384868e-01,1.609513143483876974e+00,2.414269715225842106e+00,3.219026286967753947e+00
2.555000000000000000e+02,8.035890598763764103e-01,1.607178119752752821e+00,2.410767179629026202e+00,3.214356239505505641e+00
2.560000000000000000e+02,8.026092015903110166e-01,1.605218403180622033e+00,2.407827604770879759e+00,3.210436806361244066e+00
2.565000000000000000e+02,8.014449594414863043e-01,1.602889918882972609e+00,2.404334878324462466e+00,3.205779837765945217e+00
2.570000000000000000e+02,8.004651586501463356e-01,1.600930317300292671e+00,2.401395475950472758e+00,3.201860634600585342e+00
2.575000000000000000e+02,7.993041926399246933e-01,1.598608385279849387e+00,2.397912577919761645e+00,3.197216770559698773e+00
2.580000000000000000e+02,7.983245123216491379e-01,1.596649024643298276e+00,2.394973536965004257e+00,3.193298049286596552e+00
2.585000000000000000e+02,7.971668281182324733e-01,1.594333656236464947e+00,2.391500484354665446e+00,3.188667312472929893e+00
2.590000000000000000e+02,7.961873294710244409e-01,1.592374658942048882e+00,2.388561988413066217e+00,3.184749317884097763e+00
2.595000000000000000e+02,7.950329320176905412e-01,1.590065864035381082e+00,2.385098796053057413e+00,3.180131728070762165e+00
2.600000000000000000e+02,7.940536745071096192e-01,1.588107349014219238e+00,2.382161023521426557e+00,3.176214698028438477e+00
2.605000000000000000e+02,7.929025680500050299e-01,1.585805136100010060e+00,2.378707704149974234e+00,3.171610272200020120e+00
2.610000000000000000e+02,7.919236094559600758e-01,1.583847218911920152e+00,2.375770828367969045e+00,3.167694437823840303e+00
2.615000000000000000e+02,7.907757975705926867e-01,1.581551595141185373e+00,2.372327392711671479e+00,3.163103190282370747e+00
2.620000000000000000e+02,7.897971940327312979e-01,1.579594388065462596e+00,2.369391582098199223e+00,3.159188776130925191e+00
2.625000000000000000e+02,7.886526796499335745e-01,1.577305359299867149e+00,2.365958038949731446e+00,3.154610718599734298e+00
2.630000000000000000e+02,7.876744857117579102e-01,1.575348971423515820e+00,2.363023457135316363e+00,3.150697942847031641e+00
2.635000000000000000e+02,7.865332711428241197e-01,1.573066542285648239e+00,2.359599813428442161e+00,3.146133084571296479e+00
2.640000000000000000e+02,7.855555397945650498e-01,1.571111079589130100e+00,2.356666619383688044e+00,3.142222159178260199e+00
2.645000000000000000e+02,7.844176267552480653e-01,1.568835253510496131e+00,2.353252880265657154e+00,3.137670507020992261e+00
2.650000000000000000e+02,7.834404094756166614e-01,1.566880818951233323e+00,2.350321228426842879e+00,3.133761637902466646e+00
2.655000000000000000e+02,7.823057991095474506e-01,1.564611598219094901e+00,2.346917397328606825e+00,3.129223196438189802e+00
2.660000000000000000e+02,7.813291459064135580e-01,1.562658291812827116e+00,2.343987437719217581e+00,3.125316583625654232e+00
2.665000000000000000e+02,7.801978388077159821e-01,1.560395677615431964e+00,2.340593516423073339e+00,3.120791355230863928e+00
2.670000000000000000e+02,7.792217982573532709e-01,1.558443596514706542e+00,2.337665394772027838e+00,3.116887193029413083e+00
2.675000000000000000e+02,7.780937944924399829e-01,1.556187588984879966e+00,2.334281383477332383e+00,3.112375177969759932e+00
2.680000000000000000e+02,7.771184137781386170e-01,1.554236827556277234e+00,2.331355241334389206e+00,3.108473655112554468e+00
2.685000000000000000e+02,7.759937129068426032e-01,1.551987425813685206e+00,2.327981138720499388e+00,3.103974851627370413e+00
2.690000000000000000e+02,7.750190378559445037e-01,1.550038075711889007e+00,2.325057113567915223e+00,3.100076151423778015e+00
2.695000000000000000e+02,7.738976389518441579e-01,1.547795277903688316e+00,2.321692916855603528e+00,3.095590555807376631e+00
2.700000000000000000e+02,7.729237140723128618e-01,1.545847428144625724e+00,2.318771142217066483e+00,3.091694856289251447e+00
2.705000000000000000e+02,7.718056157425312591e-01,1.543611231485062518e+00,2.315416847227652397e+00,3.087222462970125036e+00
2.710000000000000000e+02,7.708324842580065450e-01,1.541664968516013090e+00,2.312497452774159967e+00,3.083329937032026180e+00
2.715000000000000000e+02,7.697176846620958912e-01,1.539435369324191782e+00,2.309153053986495507e+00,3.078870738648383565e+00
2.720000000000000000e+02,7.687453885463693126e-01,1.537490777092738625e+00,2.306236165639202085e+00,3.074981554185477250e+00
2.725000000000000000e+02,7.676338854148987423e-01,1.535267770829797485e+00,2.302901656244806361e+00,3.070535541659594969e+00
2.730000000000000000e+02,7.666624654249911686e-01,1.533324930849982337e+00,2.299987396275074758e+00,3.066649861699964674e+00
2.735000000000000000e+02,7.655542560771841920e-01,1.531108512154368384e+00,2.296662768231577445e+00,3.062217024308736768e+00
2.740000000000000000e+02,7.645837517861959753e-01,1.529167503572391951e+00,2.293751255358536412e+00,3.058335007144783901e+00
2.745000000000000000e+02,7.634788331470403477e-01,1.526957666294080695e+00,2.290436499441184992e+00,3.053915332588161391e+00
2.750000000000000000e+02,7.625092829753707946e-01,1.525018565950741589e+00,2.287527848926071528e+00,3.050037131901483178e+00
2.755000000000000000e+02,7.614076515924139699e-01,1.522815303184827940e+00,2.284222954777259673e+00,3.045630606369655879e+00
2.760000000000000000e+02,7.604390928386042248e-01,1.520878185677208450e+00,2.281317278515892610e+00,3.041756371354416899e+00
2.765000000000000000e+02,7.593407448977966823e-01,1.518681489795593365e+00,2.278022234693448667e+00,3.037362979591186729e+00
2.770000000000000000e+02,7.583732137684098262e-01,1.516746427536819652e+00,2.275119641305288098e+00,3.033492855073639305e+00
2.775000000000000000e+02,7.572781451095913496e-01,1.514556290219182699e+00,2.271834435328749180e+00,3.029112580438365399e+00
2.780000000000000000e+02,7.563116767480995151e-01,1.512623353496199030e+00,2.268935030244303874e+00,3.025246706992398060e+00
2.785000000000000000e+02,7.552198828799223662e-01,1.510439765759844732e+00,2.265659648639694268e+00,3.020879531519689465e+00
2.790000000000000000e+02,7.542545113951408808e-01,1.508509022790281762e+00,2.262763534185289416e+00,3.017018045580563523e+00
2.795000000000000000e+02,7.531659875095648715e-01,1.506331975019129743e+00,2.259497962528516979e+00,3.012663950038259486e+00
2.800000000000000000e+02,7.522017460028429525e-01,1.504403492005685905e+00,2.256605238008429382e+00,3.008806984011371810e+00
2.805000000000000000e+02,7.511164869890301077e-01,1.502232973978060215e+00,2.253349460966891371e+00,3.004465947956120431e+00
2.810000000000000000e+02,7.501534075812656965e-01,1.500306815162531393e+00,2.250460222743623007e+00,3.000613630325062786e+00
2.815000000000000000e+02,7.490714080389597740e-01,1.498142816077919548e+00,2.247214224116714121e+00,2.996285632155839096e+00
2.820000000000000000e+02,7.481095218963460525e-01,1.496219043792692105e+00,2.244328565688856969e+00,2.992438087585384210e+00
2.825000000000000000e+02,7.470307761489554110e-01,1.494061552297910822e+00,2.241092328446715243e+00,2.988123104595821644e+00
2.830000000000000000e+02,7.460701135083933622e-01,1.492140227016786724e+00,2.238210340524961595e+00,2.984280454033573449e+00
2.835000000000000000e+02,7.449946156154201304e-01,1.489989231230840261e+00,2.234983846846073874e+00,2.979978462461680522e+00
2.840000000000000000e+02,7.440352058089771958e-01,1.488070411617954392e+00,2.232105617426746846e+00,2.976140823235908783e+00
2.845000000000000000e+02,7.429629495781675530e-01,1.485925899156335106e+00,2.228888848734268180e+00,2.971851798312670212e+00
2.850000000000000000e+02,7.420048210571152936e-01,1.484009642114230587e+00,2.226014463171129165e+00,2.968019284228461174e+00
2.855000000000000000e+02,7.409358000560679613e-01,1.481871600112135923e+00,2.222807400168115066e+00,2.963743200224271845e+00
2.860000000000000000e+02,7.399789804141025940e-01,1.479957960828205188e+00,2.219936941242217188e+00,2.959915921656410376e+00
2.865000000000000000e+02,7.389131879816250859e-01,1.477826375963250172e+00,2.216739563944742031e+00,2.955652751926500343e+00
2.870000000000000000e+02,7.379577039774698477e-01,1.475915407954939695e+00,2.213873111932223026e+00,2.951830815909879391e+00
2.875000000000000000e+02,7.368951332342685845e-01,1.473790266468537169e+00,2.210685399702605025e+00,2.947580532937074338e+00
2.880000000000000000e+02,7.359410108136863471e-01,1.471882021627372694e+00,2.207823032440956013e+00,2.943764043254745388e+00
2.885000000000000000e+02,7.348816546730265742e-01,1.469763309346053148e+00,2.204644964018896758e+00,2.939526618692106297e+00
2.890000000000000000e+02,7.339289189903066557e-01,1.467857837980613311e+00,2.201786756970800951e+00,2.935715675961226623e+00
2.895000000000000000e+02,7.328727701679653705e-01,1.465745540335930741e+00,2.198618310503796636e+00,2.931491080671861482e+00
2.900000000000000000e+02,7.319214456067157926e-01,1.463842891213431585e+00,2.195764336820030138e+00,2.927685782426863170e+00
2.905000000000000000e+02,7.308684966308458542e-01,1.461736993261691708e+00,2.192605489892450521e+00,2.923473986523383417e+00
2.910000000000000000e+02,7.299186068242224934e-01,1.459837213648444987e+00,2.189755820472573333e+00,2.919674427296889974e+00
2.915000000000000000e+02,7.288688500447033647e-01,1.457737700089406729e+00,2.186606550133983973e+00,2.915475400178813459e+00
2.920000000000000000e+02,7.279204178951683701e-01,1.455840835790336740e+00,2.183761253685489123e+00,2.911681671580673481e+00
2.925000000000000000e+02,7.268738454926708670e-01,1.453747690985341734e+00,2.180621536477882927e+00,2.907495381970683468e+00
2.930000000000000000e+02,7.259268931912075118e-01,1.451853786382415024e+00,2.177780679573555034e+00,2.903707572764830047e+00
2.935000000000000000e+02,7.248834971858872933e-01,1.449766994371774587e+00,2.174650491557645893e+00,2.899533988743549173e+00
2.940000000000000000e+02,7.239380462306552744e-01,1.447876092461310549e+00,2.171814138691903651e+00,2.895752184922621097e+00
2.945000000000000000e+02,7.228978184906882376e-01,1.445795636981376475e+00,2.168693455471942144e+00,2.891591273962752950e+00
2.950000000000000000e+02,7.219538897051229753e-01,1.443907779410245951e+00,2.165861669115415111e+00,2.887815558820491901e+00
2.955000000000000000e+02,7.209168219546864265e-01,1.441833643909372853e+00,2.162750465864032634e+00,2.883667287818745706e+00
2.960000000000000000e+02,7.199744355053301348e-01,1.439948871010660270e+00,2.159923306516031261e+00,2.879897742021320539e+00
2.965000000000000000e+02,7.189405193325484333e-01,1.437881038665096867e+00,2.156821557997677274e+00,2.875762077330193733e+00
2.970000000000000000e+02,7.179996947460889345e-01,1.435999389492177869e+00,2.153999084238396478e+00,2.871998778984355738e+00
2.975000000000000000e+02,7.169689216105368246e-01,1.433937843221073649e+00,2.150906764831596263e+00,2.867875686442147298e+00
2.980000000000000000e+02,7.160296777906491883e-01,1.432059355581298377e+00,2.148089033372045265e+00,2.864118711162596753e+00
2.985000000000000000e+02,7.150020390305247275e-01,1.430004078061049455e+00,2.145006117091675435e+00,2.860008156122098910e+00
2.990000000000000000e+02,7.140643942741018435e-01,1.428128788548203687e+00,2.142193182822385467e+00,2.856257577096407374e+00
2.995000000000000000e+02,7.130398811133744630e-01,1.426079762226748926e+00,2.139119643340226418e+00,2.852159524453497852e+00
3.000000000000000000e+02,7.121038531263543803e-01,1.424207706252708761e+00,2.136311559379201697e+00,2.848415412505417521e+00
3.005000000000000000e+02,7.110824566814422099e-01,1.422164913362884420e+00,2.133247370044454527e+00,2.844329826725768839e+00
3.010000000000000000e+02,7.101480625943210612e-01,1.420296125188642122e+00,2.130444187783105292e+00,2.840592250377284245e+00
3.015000000000000000e+02,7.091297738805462103e-01,1.418259547761092421e+00,2.127389321641750541e+00,2.836519095522184841e+00
3.020000000000000000e+02,7.081970302633440184e-01,1.416394060526688037e+00,2.124591090790175940e+00,2.832788121053376074e+00
3.025000000000000000e+02,7.071818402012617355e-01,1.414363680402523471e+00,2.121545520603827839e+00,2.828727360805046942e+00
3.030000000000000000e+02,7.062507630780405776e-01,1.412501526156081155e+00,2.118752289234269170e+00,2.825003052312162310e+00
3.035000000000000000e+02,7.052386624993438602e-01,1.410477324998687720e+00,2.115715987498049344e+00,2.820954649997375441e+00
3.040000000000000000e+02,7.043092673626230038e-01,1.408618534725246008e+00,2.112927802087902762e+00,2.817237069450492015e+00
3.045000000000000000e+02,7.033002470160116815e-01,1.406600494032023363e+00,2.109900741047979977e+00,2.813200988064046726e+00
3.050000000000000000e+02,7.023725488404028994e-01,1.404745097680805799e+00,2.107117646521242449e+00,2.809490195361611597e+00
3.055000000000000000e+02,7.013665993971738288e-01,1.402733198794347658e+00,2.104099798191484183e+00,2.805466397588695315e+00
3.060000000000000000e+02,7.004406126530362542e-01,1.400881225306072508e+00,2.101321837958984418e+00,2.801762450612145017e+00
3.065000000000000000e+02,6.994377247124390351e-01,1.398875449424878070e+00,2.098313174137150128e+00,2.797750898849756140e+00
3.070000000000000000e+02,6.985134633787204450e-01,1.397026926757440890e+00,2.095540390136086728e+00,2.794053853514881780e+00
3.075000000000000000e+02,6.975136274730555641e-01,1.395027254946111128e+00,2.092540882419058335e+00,2.790054509892222256e+00
3.080000000000000000e+02,6.965911050503610369e-01,1.393182210100722074e+00,2.089773315151020938e+00,2.786364420201444148e+00
3.085000000000000000e+02,6.955943116500549195e-01,1.391188623300109839e+00,2.086782934950129231e+00,2.782377246600219678e+00
3.090000000000000000e+02,6.946735411728486298e-01,1.389347082345697260e+00,2.084020623518483717e+00,2.778694164691394519e+00
3.095000000000000000e+02,6.936797806911325637e-01,1.387359561382265127e+00,2.081039342073321308e+00,2.774719122764530255e+00
3.100000000000000000e+02,6.927607747398862870e-01,1.385521549479772574e+00,2.078282324219685506e+00,2.771043098959545148e+00
3.105000000000000000e+02,6.917700375374131738e-01,1.383540075074826348e+00,2.075310112612257285e+00,2.767080150149652695e+00
3.110000000000000000e+02,6.908528082504705736e-01,1.381705616500941147e+00,2.072558424751434814e+00,2.763411233001882295e+00
3.115000000000000000e+02,6.898650846397060832e-01,1.379730169279412166e+00,2.069595253919199962e+00,2.759460338558824333e+00
3.120000000000000000e+02,6.889496437245448135e-01,1.377899287449089627e+00,2.066848931173705495e+00,2.755798574898179254e+00
3.125000000000000000e+02,6.879649239741052469e-01,1.375929847948210494e+00,2.063894771922452520e+00,2.751859695896420988e+00
3.130000000000000000e+02,6.870512827186399107e-01,1.374102565437279821e+00,2.061153848156092039e+00,2.748205130874559643e+00
3.135000000000000000e+02,6.860695570572357127e-01,1.372139114114471425e+00,2.058208671171861681e+00,2.744278228228942851e+00
3.140000000000000000e+02,6.851577263406127827e-01,1.370315452681225565e+00,2.055473179022033747e+00,2.740630905362451131e+00
3.145000000000000000e+02,6.841789849610968588e-01,1.368357969922193718e+00,2.052536954883379394e+00,2.736715939844387435e+00
3.150000000000000000e+02,6.832689752643279490e-01,1.366537950528655898e+00,2.049806925793067336e+00,2.733075901057311796e+00
3.155000000000000000e+02,6.822932083272412740e-01,1.364586416654482548e+00,2.046879624981698953e+00,2.729172833308965096e+00
3.160000000000000000e+02,6.813850297433337033e-01,1.362770059486667407e+00,2.044155089230045519e+00,2.725540118973334813e+00
3.165000000000000000e+02,6.804122273807653443e-01,1.360824454761530689e+00,2.041236682142319125e+00,2.721648909523061377e+00
3.170000000000000000e+02,6.795058896249344116e-01,1.359011779249868823e+00,2.038517668874874289e+00,2.718023558499737646e+00
3.175000000000000000e+02,6.785360419438308810e-01,1.357072083887661762e+00,2.035608125831647186e+00,2.714144167775323524e+00
3.180000000000000000e+02,6.776315543631650229e-01,1.355263108726330046e+00,2.032894663089560794e+00,2.710526217452660092e+00
3.185000000000000000e+02,6.766646514487675290e-01,1.353329302897535058e+00,2.029993954346391405e+00,2.706658605795070116e+00
3.190000000000000000e+02,6.757620230316465637e-01,1.351524046063293127e+00,2.027286069095044496e+00,2.703048092126586255e+00
3.195000000000000000e+02,6.747980549505818715e-01,1.349596109901163743e+00,2.024394164851834432e+00,2.699192219802327486e+00
3.200000000000000000e+02,6.738972943360828083e-01,1.347794588672165617e+00,2.021691883008326585e+00,2.695589177344331233e+00
3.205000000000000000e+02,6.729362511393990331e-01,1.345872502278798066e+00,2.018808753418273483e+00,2.691745004557596133e+00
3.210000000000000000e+02,6.720373666261831858e-01,1.344074733252366372e+00,2.016112099878615282e+00,2.688149466504732743e+00
3.215000000000000000e+02,6.710792383524228910e-01,1.342158476704845782e+00,2.013237715057229593e+00,2.684316953409691564e+00
3.220000000000000000e+02,6.701822379074933167e-01,1.340364475814986633e+00,2.010546713722519030e+00,2.680728951629973267e+00
3.225000000000000000e+02,6.692270145853491670e-01,1.338454029170698334e+00,2.007681043756097239e+00,2.676908058341396668e+00
3.230000000000000000e+02,6.683319058527050771e-01,1.336663811705410154e+00,2.004995717558180957e+00,2.673327623410820308e+00
3.235000000000000000e+02,6.673795775038513511e-01,1.334759155007702702e+00,2.002138732511607344e+00,2.669518310015405405e+00
3.240000000000000000e+02,6.664863678126984325e-01,1.332972735625396865e+00,1.999459103438187668e+00,2.665945471250793730e+00
3.245000000000000000e+02,6.655369244543027918e-01,1.331073848908605584e+00,1.996610773362959890e+00,2.662147697817211167e+00
3.250000000000000000e+02,6.646456208271676047e-01,1.329291241654335209e+00,1.993936862481607619e+00,2.658582483308670419e+00
3.255000000000000000e+02,6.636990524743282549e-01,1.327398104948656510e+00,1.991097157423045161e+00,2.654796209897313020e+00
3.260000000000000000e+02,6.628096616349594683e-01,1.325619323269918937e+00,1.988428984904924590e+00,2.651238646539837873e+00
3.265000000000000000e+02,6.618659583031405447e-01,1.323731916606281089e+00,1.985597874909501570e+00,2.647463833212562179e+00
3.270000000000000000e+02,6.609784866842112194e-01,1.321956973368422439e+00,1.982935460052697607e+00,2.643913946736844878e+00
3.275000000000000000e+02,6.600376383915023126e-01,1.320075276783004625e+00,1.980112915174611743e+00,2.640150553566009251e+00
3.280000000000000000e+02,6.591520921420066514e-01,1.318304184284013303e+00,1.977456276426089232e+00,2.636608368568026606e+00
3.285000000000000000e+02,6.582140889112633175e-01,1.316428177822526635e+00,1.974642266733862783e+00,2.632856355645053270e+00
3.290000000000000000e+02,6.573304739038619005e-01,1.314660947807723801e+00,1.971991421711628334e+00,2.629321895615447602e+00
3.295000000000000000e+02,6.563953057647697875e-01,1.312790611529539575e+00,1.969185917294382193e+00,2.625581223059079150e+00
3.300000000000000000e+02,6.555136276029074338e-01,1.311027255205814868e+00,1.966540882808754276e+00,2.622054510411629735e+00
3.305000000000000000e+02,6.545812845939913416e-01,1.309162569187982683e+00,1.963743853782013105e+00,2.618325138375965366e+00
3.310000000000000000e+02,6.537015486187076618e-01,1.307403097237415324e+00,1.961104645856178053e+00,2.614806194474830647e+00
3.315000000000000000e+02,6.527720207892144799e-01,1.305544041578428960e+00,1.958316062367604360e+00,2.611088083156857920e+00
3.320000000000000000e+02,6.518942320860166006e-01,1.303788464172033201e+00,1.955682696257998288e+00,2.607576928344066403e+00
3.325000000000000000e+02,6.509675094976703491e-01,1.301935018995340698e+00,1.952902528492941769e+00,2.603870037990681396e+00
3.330000000000000000e+02,6.500916729029579955e-01,1.300183345805915991e+00,1.950275018708833130e+00,2.600366691611831982e+00
3.335000000000000000e+02,6.491677456317646033e-01,1.298335491263529207e+00,1.947503236895236967e+00,2.596670982527058413e+00
3.340000000000000000e+02,6.482938657393031434e-01,1.296587731478606287e+00,1.944881597217865021e+00,2.593175462957212574e+00
3.345000000000000000e+02,6.473727238771456172e-01,1.294745447754291234e+00,1.942118171631459944e+00,2.589490895508582469e+00
3.350000000000000000e+02,6.465008050442389020e-01,1.293001610088477804e+00,1.939502415132619006e+00,2.586003220176955608e+00
3.355000000000000000e+02,6.455824387004813758e-01,1.291164877400962752e+00,1.936747316101396166e+00,2.582329754801925503e+00
3.360000000000000000e+02,6.447124850540291163e-01,1.289424970108058233e+00,1.934137455162105113e+00,2.578849940216116465e+00
3.365000000000000000e+02,6.437968843569539246e-01,1.287593768713907849e+00,1.931390653070916841e+00,2.575187537427815698e+00
3.370000000000000000e+02,6.429288997994024868e-01,1.285857799598804974e+00,1.928786699398248317e+00,2.571715599197609947e+00
3.375000000000000000e+02,6.420160548977094095e-01,1.284032109795418819e+00,1.926048164693181519e+00,2.568064219590837638e+00
3.380000000000000000e+02,6.411500431127592492e-01,1.282300086225518498e+00,1.923450129338377224e+00,2.564600172451036997e+00
3.385000000000000000e+02,6.402399441768285016e-01,1.280479888353657003e+00,1.920719832530579652e+00,2.560959776707314006e+00
3.390000000000000000e+02,6.393759086350865317e-01,1.278751817270173063e+00,1.918127725905378611e+00,2.557503634540346127e+00
3.395000000000000000e+02,6.384685458583447826e-01,1.276937091716689565e+00,1.915405637575144482e+00,2.553874183433379130e+00
3.400000000000000000e+02,6.376064898227085109e-01,1.275212979645417022e+00,1.912819469468239220e+00,2.550425959290834044e+00
3.405000000000000000e+02,6.367018534228190418e-01,1.273403706845638084e+00,1.910105560268554825e+00,2.546807413691276167e+00
3.410000000000000000e+02,6.358417799538731430e-01,1.271683559907746286e+00,1.907525339861724234e+00,2.543367119815492572e+00
3.415000000000000000e+02,6.349398601738585057e-01,1.269879720347717011e+00,1.904819580521703415e+00,2.539759440695434023e+00
3.420000000000000000e+02,6.340817721349942815e-01,1.268163544269988563e+00,1.902245316405135611e+00,2.536327088539977126e+00
3.425000000000000000e+02,6.331825592445028406e-01,1.266365118489005681e+00,1.899547677733579576e+00,2.532730236978011362e+00
3.430000000000000000e+02,6.323264593070199169e-01,1.264652918614039834e+00,1.896979377921237386e+00,2.529305837228079668e+00
3.435000000000000000e+02,6.314299436031038937e-01,1.262859887206207787e+00,1.894289830809530173e+00,2.525719774412415575e+00
3.440000000000000000e+02,6.305758342511396108e-01,1.261151668502279222e+00,1.891727502753592915e+00,2.522303337004558443e+00
3.445000000000000000e+02,6.296820060595056390e-01,1.259364012119011278e+00,1.889046018178682118e+00,2.518728024238022556e+00
3.450000000000000000e+02,6.288298895947637135e-01,1.257659779189527427e+00,1.886489668784413709e+00,2.515319558379054854e+00
3.455000000000000000e+02,6.279387392705562121e-01,1.255877478541112424e+00,1.883816217811784099e+00,2.511754957082224848e+00
3.460000000000000000e+02,6.270886178170229641e-01,1.254177235634045928e+00,1.881265853451225212e+00,2.508354471268091856e+00
3.465000000000000000e+02,6.262001357457815942e-01,1.252400271491563188e+00,1.878600407237481562e+00,2.504800542983126377e+00
3.470000000000000000e+02,6.253520112543196063e-01,1.250704022508639213e+00,1.876056033763081388e+00,2.501408045017278425e+00
3.475000000000000000e+02,6.244661878527608678e-01,1.248932375705521736e+00,1.873398563558346552e+00,2.497864751411043471e+00
3.480000000000000000e+02,6.236200621054450721e-01,1.247240124210890144e+00,1.870860186316459561e+00,2.494480248421780288e+00
3.485000000000000000e+02,6.227368878223291659e-01,1.245473775644658332e+00,1.868210663467039012e+00,2.490947551289316664e+00
3.490000000000000000e+02,6.218927624368948415e-01,1.243785524873789683e+00,1.865678287310750250e+00,2.487571049747579366e+00
3.495000000000000000e+02,6.210122277536811453e-01,1.242024455507362291e+00,1.863036683261100279e+00,2.484048911014724581e+00
3.500000000000000000e+02,6.201701041876219733e-01,1.240340208375243947e+00,1.860510312562951185e+00,2.480680416750487893e+00
3.505000000000000000e+02,6.192921996192488621e-01,1.238584399238497724e+00,1.857876598857870931e+00,2.477168798476995448e+00
3.510000000000000000e+02,6.184520791740411028e-01,1.236904158348082206e+00,1.855356237522254759e+00,2.473808316696164411e+00
3.515000000000000000e+02,6.175767952695814245e-01,1.235153590539162849e+00,1.852730385808825986e+00,2.470307181078325698e+00
3.520000000000000000e+02,6.167386790946061126e-01,1.233477358189212225e+00,1.850216037283907156e+00,2.466954716378424450e+00
3.525000000000000000e+02,6.158660064377947663e-01,1.231732012875589533e+00,1.847598019313473117e+00,2.463464025751179065e+00
3.530000000000000000e+02,6.150298955342652363e-01,1.230059791068530473e+00,1.845089686602914725e+00,2.460119582137060945e+00
3.535000000000000000e+02,6.141598247442114911e-01,1.228319649488422982e+00,1.842479474232753489e+00,2.456639298976845964e+00
3.540000000000000000e+02,6.133257199689658989e-01,1.226651439937931798e+00,1.839977159906997173e+00,2.453302879875863596e+00
3.545000000000000000e+02,6.124582417005868251e-01,1.224916483401173650e+00,1.837374725101891926e+00,2.449832966802347300e+00
3.550000000000000000e+02,6.116261437698451431e-01,1.223252287539690286e+00,1.834878431309657998e+00,2.446504575079380572e+00
3.555000000000000000e+02,6.107612487144482571e-01,1.221522497428896514e+00,1.832283746143449576e+00,2.443044994857793029e+00
3.560000000000000000e+02,6.099311582073649873e-01,1.219862316414729975e+00,1.829793474622253058e+00,2.439724632829459949e+00
3.565000000000000000e+02,6.090688370930763540e-01,1.218137674186152708e+00,1.827206511279360512e+00,2.436275348372305416e+00
3.570000000000000000e+02,6.082407544553394274e-01,1.216481508910678855e+00,1.824722263366140851e+00,2.432963017821357710e+00
3.575000000000000000e+02,6.073809980475211034e-01,1.214761996095042207e+00,1.822142994142662786e+00,2.429523992190084414e+00
3.580000000000000000e+02,6.065549235947180762e-01,1.213109847189436152e+00,1.819664770784246599e+00,2.426219694378872305e+00
3.585000000000000000e+02,6.056977226964370686e-01,1.211395445392874137e+00,1.817093168089424893e+00,2.422790890785748275e+00
3.590000000000000000e+02,6.048736566174266471e-01,1.209747313234853294e+00,1.814620969852416721e+00,2.419494626469706589e+00
3.595000000000000000e+02,6.040190020698261719e-01,1.208038004139652344e+00,1.812057006209546017e+00,2.416076008279304688e+00
3.600000000000000000e+02,6.031969444300262495e-01,1.206393888860052499e+00,1.809590833290155132e+00,2.412787777720104998e+00
3.605000000000000000e+02,6.023448271125939613e-01,1.204689654225187923e+00,1.807034481337858267e+00,2.409379308450375845e+00
3.610000000000000000e+02,6.015247778571168880e-01,1.203049555714233776e+00,1.804574333571487443e+00,2.406099111428467552e+00
3.615000000000000000e+02,6.006751886881041003e-01,1.201350377376208201e+00,1.802025566064454409e+00,2.402700754752416401e+00
3.620000000000000000e+02,5.998571476449665596e-01,1.199714295289933119e+00,1.799571442935103960e+00,2.399428590579866238e+00
3.625000000000000000e+02,5.990100775816049605e-01,1.198020155163209921e+00,1.797030232745004952e+00,2.396040310326419842e+00
3.630000000000000000e+02,5.981940444646269839e-01,1.196388088929253968e+00,1.794582133394030166e+00,2.392776177858507936e+00
3.635000000000000000e+02,5.973494845034306167e-01,1.194698969006861233e+00,1.792048453510425077e+00,2.389397938013722467e+00
3.640000000000000000e+02,5.965354589152678244e-01,1.193070917830535649e+00,1.789606376745972227e+00,2.386141835661071298e+00
3.645000000000000000e+02,5.956934000922453620e-01,1.191386800184490724e+00,1.787080200276911057e+00,2.382773600368981448e+00
3.650000000000000000e+02,5.948813815272364636e-01,1.189762763054472927e+00,1.784644144581857717e+00,2.379525526108945854e+00
3.655000000000000000e+02,5.940418149181621033e-01,1.188083629836324207e+00,1.782125444754601773e+00,2.376167259672648413e+00
3.660000000000000000e+02,5.932318027651355408e-01,1.186463605530271082e+00,1.779695408295577153e+00,2.372927211060542163e+00
3.665000000000000000e+02,5.923947194856671317e-01,1.184789438971334263e+00,1.777184158457096430e+00,2.369578877942668527e+00
3.670000000000000000e+02,5.915867130307113086e-01,1.183173426061422617e+00,1.774760139092254718e+00,2.366346852122845235e+00
3.675000000000000000e+02,5.907521042365964092e-01,1.181504208473192818e+00,1.772256312709885151e+00,2.363008416946385637e+00
3.680000000000000000e+02,5.899461026657046858e-01,1.179892205331409372e+00,1.769838307997243732e+00,2.359784410662818743e+00
3.685000000000000000e+02,5.891139595529422124e-01,1.178227919105884425e+00,1.767341878658903909e+00,2.356455838211768850e+00
3.690000000000000000e+02,5.883099619546063863e-01,1.176619923909212773e+00,1.764929885863949721e+00,2.353239847818425545e+00
3.695000000000000000e+02,5.874802757595531943e-01,1.174960551519106389e+00,1.762440827278791033e+00,2.349921103038212777e+00
3.700000000000000000e+02,5.866782811273107967e-01,1.173356562254621593e+00,1.760034843382051406e+00,2.346713124509243187e+00
3.705000000000000000e+02,5.858510431268069141e-01,1.171702086253613828e+00,1.757553129380532653e+00,2.343404172507227656e+00
3.710000000000000000e+02,5.850510503617352143e-01,1.170102100723470429e+00,1.755153151085320218e+00,2.340204201446940857e+00
3.715000000000000000e+02,5.842262518731846654e-01,1.168452503746369331e+00,1.752678755619704987e+00,2.336905007492738662e+00
3.720000000000000000e+02,5.834282597862792130e-01,1.166856519572558426e+00,1.750284779359020604e+00,2.333713039145116852e+00
3.725000000000000000e+02,5.826058921677601532e-01,1.165211784335520306e+00,1.747817676503316875e+00,2.330423568671040613e+00
3.730000000000000000e+02,5.818098994823310832e-01,1.163619798964662166e+00,1.745429698447079403e+00,2.327239597929324333e+00
3.735000000000000000e+02,5.809899541325291850e-01,1.161979908265058370e+00,1.742969862397668379e+00,2.323959816530116740e+00
3.740000000000000000e+02,5.801959594865033765e-01,1.160391918973006753e+00,1.740587878459539439e+00,2.320783837946013506e+00
3.745000000000000000e+02,5.793784278449143343e-01,1.158756855689828669e+00,1.738135283534781195e+00,2.317513711379657337e+00
3.750000000000000000e+02,5.785864297929990130e-01,1.157172859585998026e+00,1.735759289379043224e+00,2.314345719171996052e+00
3.755000000000000000e+02,5.777713033398743647e-01,1.155542606679748729e+00,1.733313910019582238e+00,2.311085213359497459e+00
3.760000000000000000e+02,5.769813003558192932e-01,1.153962600711638586e+00,1.730943901067483637e+00,2.307925201423277173e+00
3.765000000000000000e+02,5.761685706121273398e-01,1.152337141224254680e+00,1.728505711836390901e+00,2.304674282448509359e+00
3.770000000000000000e+02,5.753805610908564461e-01,1.150761122181712892e+00,1.726141683272619076e+00,2.301522244363425784e+00
3.775000000000000000e+02,5.745702196183888333e-01,1.149140439236777667e+00,1.723710658855200251e+00,2.298280878473555333e+00
3.780000000000000000e+02,5.737842018780314746e-01,1.147568403756062949e+00,1.721352605634237420e+00,2.295136807512125898e+00
3.785000000000000000e+02,5.729762402792948350e-01,1.145952480558589670e+00,1.718928720837940460e+00,2.291904961117179340e+00
3.790000000000000000e+02,5.721922125632818990e-01,1.144384425126563798e+00,1.716576637689929186e+00,2.288768850253127596e+00
3.795000000000000000e+02,5.713866224814738715e-01,1.142773244962947743e+00,1.714159867444479346e+00,2.285546489925895486e+00
3.800000000000000000e+02,5.706045829604384778e-01,1.141209165920876956e+00,1.711813748881386488e+00,2.282418331841753911e+00
3.805000000000000000e+02,5.698013560794459309e-01,1.139602712158891862e+00,1.709404068238370655e+00,2.279205424317783724e+00
3.810000000000000000e+02,5.690213028532342676e-01,1.138042605706468535e+00,1.707063908559764087e+00,2.276085211412937070e+00
3.815000000000000000e+02,5.682204308975506990e-01,1.136440861795101398e+00,1.704661292692655650e+00,2.272881723590202796e+00
3.820000000000000000e+02,5.674423619970347943e-01,1.134884723994069589e+00,1.702327085991178990e+00,2.269769447988139177e+00
3.825000000000000000e+02,5.666438367317212510e-01,1.133287673463442502e+00,1.699931510195156648e+00,2.266575346926885004e+00
3.830000000000000000e+02,5.658677501206943461e-01,1.131735500241388692e+00,1.697603250362135441e+00,2.263471000482777384e+00
3.835000000000000000e+02,5.650715633512266578e-01,1.130143126702453316e+00,1.695214690053695961e+00,2.260286253404906631e+00
3.840000000000000000e+02,5.642974569281768993e-01,1.128594913856353799e+00,1.692892370784615963e+00,2.257189827712707597e+00
3.845000000000000000e+02,5.635036005004447901e-01,1.127007201000889580e+00,1.690510801501314830e+00,2.254014402001779160e+00
3.850000000000000000e+02,5.627314721003040532e-01,1.125462944200608106e+00,1.688194416300994760e+00,2.250925888401216213e+00
3.855000000000000000e+02,5.619399379004548223e-01,1.123879875800909645e+00,1.685819813701353809e+00,2.247759751601819289e+00
3.860000000000000000e+02,5.611697852963057898e-01,1.122339570592611580e+00,1.683509355888954673e+00,2.244679141185223159e+00
3.865000000000000000e+02,5.603805652506563817e-01,1.120761130501312763e+00,1.681141695752028653e+00,2.241522261002625527e+00
3.870000000000000000e+02,5.596123861554129775e-01,1.119224772310825955e+00,1.678837158466343737e+00,2.238449544621651910e+00
3.875000000000000000e+02,5.588254722303602762e-01,1.117650944460720552e+00,1.676476416691166094e+00,2.235301888921441105e+00
3.880000000000000000e+02,5.580592642983521756e-01,1.116118528596704351e+00,1.674177792895079619e+00,2.232237057193408702e+00
3.885000000000000000e+02,5.572746485002255667e-01,1.114549297000451133e+00,1.671823945500701569e+00,2.229098594000902267e+00
3.890000000000000000e+02,5.565104093288271159e-01,1.113020818657654232e+00,1.669531227986475130e+00,2.226041637315308463e+00
3.895000000000000000e+02,5.557280837037135157e-01,1.111456167407427031e+00,1.667184251111162752e+00,2.222912334814854063e+00
3.900000000000000000e+02,5.549658108349042607e-01,1.109931621669808521e+00,1.664897432504695018e+00,2.219863243339617043e+00
3.905000000000000000e+02,5.541857674685779500e-01,1.108371534937155900e+00,1.662557302405737403e+00,2.216743069874311800e+00
3.910000000000000000e+02,5.534254583904090197e-01,1.106850916780818039e+00,1.660276375171246599e+00,2.213701833561636079e+00
3.915000000000000000e+02,5.526476894081566726e-01,1.105295378816313345e+00,1.657943068224515315e+00,2.210590757632626691e+00
3.920000000000000000e+02,5.518893415562695637e-01,1.103778683112539127e+00,1.655668024668880633e+00,2.207557366225078255e+00
3.925000000000000000e+02,5.511138391227339284e-01,1.102227678245467857e+00,1.653341517368279057e+00,2.204455356490935714e+00
3.930000000000000000e+02,5.503574498817691563e-01,1.100714899763538313e+00,1.651072349645389181e+00,2.201429799527076625e+00
3.935000000000000000e+02,5.495842062007847417e-01,1.099168412401569483e+00,1.648752618602404851e+00,2.198336824803138967e+00
3.940000000000000000e+02,5.488297729057975971e-01,1.097659545811595194e+00,1.646489318717492267e+00,2.195319091623190388e+00
3.945000000000000000e+02,5.480587802202387948e-01,1.096117560440477590e+00,1.644176340660791880e+00,2.192235120880955179e+00
3.950000000000000000e+02,5.473063001580857900e-01,1.094612600316171580e+00,1.641918900474294674e+00,2.189225200632343160e+00
3.955000000000000000e+02,5.465375507496599283e-01,1.093075101499319857e+00,1.639612652249084590e+00,2.186150202998639713e+00
3.960000000000000000e+02,5.457870211602964261e-01,1.091574042320592852e+00,1.637361063481019841e+00,2.183148084641185704e+00
3.965000000000000000e+02,5.450205073494611696e-01,1.090041014698922339e+00,1.635061522048470550e+00,2.180082029397844678e+00
3.970000000000000000e+02,5.442719254273162832e-01,1.088543850854632566e+00,1.632815776282026121e+00,2.177087701709265133e+00
3.975000000000000000e+02,5.435076395729723231e-01,1.087015279145944646e+00,1.630522918719030656e+00,2.174030558291889292e+00
3.980000000000000000e+02,5.427610024681506218e-01,1.085522004936301244e+00,1.628283007404537130e+00,2.171044009872602487e+00
3.985000000000000000e+02,5.419989369675413116e-01,1.083997873935082623e+00,1.625996810902712753e+00,2.167995747870165246e+00
3.990000000000000000e+02,5.412542417871177847e-01,1.082508483574235569e+00,1.623762725361405757e+00,2.165016967148471139e+00
3.995000000000000000e+02,5.404943890756070957e-01,1.080988778151214191e+00,1.621483167226916322e+00,2.161977556302428383e+00
4.000000000000000000e+02,5.397516328848288580e-01,1.079503265769657716e+00,1.619254898654510555e+00,2.159006531539315432e+00
4.005000000000000000e+02,5.389939854357086446e-01,1.077987970871417289e+00,1.616981956307181889e+00,2.155975941742834578e+00
4.010000000000000000e+02,5.382531652591495686e-01,1.076506330518299137e+00,1.614759495777541076e+00,2.153012661036598274e+00
4.015000000000000000e+02,5.374977155834592679e-01,1.074995431166918536e+00,1.612493146750519912e+00,2.149990862333837072e+00
4.020000000000000000e+02,5.367588284062652093e-01,1.073517656812530419e+00,1.610276485218918197e+00,2.147035313625060837e+00
4.025000000000000000e+02,5.360055690525520333e-01,1.072011138105104067e+00,1.608016707157727154e+00,2.144022276210208133e+00
4.030000000000000000e+02,5.352686118214817768e-01,1.070537223642963554e+00,1.605805835464465758e+00,2.141074447285927107e+00
4.035000000000000000e+02,5.345175353756337344e-01,1.069035070751267469e+00,1.603552606126957158e+00,2.138070141502534938e+00
4.040000000000000000e+02,5.337825050001923088e-01,1.067565010000384618e+00,1.601347515000597355e+00,2.135130020000769235e+00
4.045000000000000000e+02,5.330336040851966217e-01,1.066067208170393243e+00,1.599100812255670689e+00,2.132134416340786487e+00
4.050000000000000000e+02,5.323004974387384181e-01,1.064600994877476836e+00,1.596901492316280979e+00,2.129201989754953672e+00
4.055000000000000000e+02,5.315537647145198719e-01,1.063107529429039744e+00,1.594661294143680408e+00,2.126215058858079487e+00
4.060000000000000000e+02,5.308225786352496200e-01,1.061645157270499240e+00,1.592467735905845672e+00,2.123290314540998480e+00
4.065000000000000000e+02,5.300780067984147692e-01,1.060156013596829538e+00,1.590234020395314474e+00,2.120312027193659077e+00
4.070000000000000000e+02,5.293487380904711159e-01,1.058697476180942232e+00,1.588046214271471968e+00,2.117394952361884464e+00
4.075000000000000000e+02,5.286063198740720281e-01,1.057212639748144056e+00,1.585818959622251612e+00,2.114425279496288113e+00
4.080000000000000000e+02,5.278789653085187439e-01,1.055757930617037488e+00,1.583636895925572219e+00,2.111515861234074976e+00
4.085000000000000000e+02,5.271386934818833581e-01,1.054277386963766716e+00,1.581416080445610106e+00,2.108554773927533432e+00
4.090000000000000000e+02,5.264132497976437008e-01,1.052826499595287402e+00,1.579239749392908010e+00,2.105652999190574803e+00
4.095000000000000000e+02,5.256751171661235844e-01,1.051350234332247169e+00,1.577025351498384964e+00,2.102700468664494338e+00
4.100000000000000000e+02,5.249515810710043695e-01,1.049903162142008739e+00,1.574854743212991792e+00,2.099806324284017478e+00
4.105000000000000000e+02,5.242155804757917537e-01,1.048431160951583507e+00,1.572646741427348616e+00,2.096862321903167015e+00
4.110000000000000000e+02,5.234939486473457748e-01,1.046987897294691550e+00,1.570481845941994692e+00,2.093975794589383099e+00
4.115000000000000000e+02,5.227600729651964429e-01,1.045520145930392886e+00,1.568280218895505840e+00,2.091040291860785771e+00
4.120000000000000000e+02,5.220403420516896986e-01,1.044080684103379397e+00,1.566121026155002482e+00,2.088161368206758794e+00
4.125000000000000000e+02,5.213085841947284749e-01,1.042617168389456950e+00,1.563925752584111706e+00,2.085234336778913899e+00
4.130000000000000000e+02,5.205907508160310115e-01,1.041181501632062023e+00,1.561772252448047738e+00,2.082363003264124046e+00
4.135000000000000000e+02,5.198611037315110650e-01,1.039722207463022130e+00,1.559583311194494115e+00,2.079444414926044260e+00
4.140000000000000000e+02,5.191451644799283116e-01,1.038290328959856623e+00,1.557435493439708551e+00,2.076580657919713246e+00
4.145000000000000000e+02,5.184176211500268749e-01,1.036835242300053750e+00,1.555252863450061085e+00,2.073670484600107500e+00
4.150000000000000000e+02,5.177035725911602881e-01,1.035407145182320576e+00,1.553110717773424909e+00,2.070814290364641153e+00
4.155000000000000000e+02,5.169781260327344086e-01,1.033956252065468817e+00,1.550934378098126842e+00,2.067912504130937634e+00
4.160000000000000000e+02,5.162659647063447821e-01,1.032531929412689564e+00,1.548797894119019247e+00,2.065063858825379128e+00
4.165000000000000000e+02,5.155426079706630915e-01,1.031085215941326183e+00,1.546627823911972399e+00,2.062170431882652366e+00
4.170000000000000000e+02,5.148323303914503768e-01,1.029664660782900754e+00,1.544496991174327150e+00,2.059329321565801507e+00
4.175000000000000000e+02,5.141110565640527597e-01,1.028222113128105519e+00,1.542333169692096106e+00,2.056444226256211039e+00
4.180000000000000000e+02,5.134026592224429919e-01,1.026805318444885984e+00,1.540207977667257921e+00,2.053610636889771968e+00
4.185000000000000000e+02,5.126834614227933073e-01,1.025366922845586615e+00,1.538050384268384363e+00,2.050733845691173229e+00
4.190000000000000000e+02,5.119769407857370780e-01,1.023953881571474156e+00,1.535930822357176595e+00,2.047907763142948312e+00
4.195000000000000000e+02,5.112598121671183549e-01,1.022519624334236710e+00,1.533779436501330196e+00,2.045039248668473419e+00
4.200000000000000000e+02,5.105551646788022424e-01,1.021110329357604485e+00,1.531665494036403175e+00,2.042220658715208970e+00
4.205000000000000000e+02,5.098400984279987114e-01,1.019680196855997423e+00,1.529520295283994358e+00,2.039360393711994845e+00
4.210000000000000000e+02,5.091373205106384248e-01,1.018274641021276850e+00,1.527411961531935702e+00,2.036549282042553699e+00
4.215000000000000000e+02,5.084243098476983747e-01,1.016848619695396749e+00,1.525272929543103118e+00,2.033697239390793499e+00
4.220000000000000000e+02,5.077233979022306443e-01,1.015446795804461289e+00,1.523170193706707920e+00,2.030893591608922577e+00
4.225000000000000000e+02,5.070124360802710228e-01,1.014024872160542046e+00,1.521037308240892116e+00,2.028049744321084091e+00
4.230000000000000000e+02,5.063133864870508205e-01,1.012626772974101641e+00,1.518940159461170225e+00,2.025253545948203282e+00
4.235000000000000000e+02,5.056044667920387425e-01,1.011208933584077485e+00,1.516813400376186394e+00,2.022417867168154970e+00
4.240000000000000000e+02,5.049072759115089681e-01,1.009814551823017936e+00,1.514721827734611281e+00,2.019629103646035873e+00
4.245000000000000000e+02,5.042003916619961501e-01,1.008400783323992300e+00,1.512601174986023977e+00,2.016801566647984600e+00
4.250000000000000000e+02,5.035050558354114969e-01,1.007010111670822994e+00,1.510515167506294887e+00,2.014020223341645988e+00
4.255000000000000000e+02,5.028002003822820143e-01,1.005600400764564029e+00,1.508400601146892228e+00,2.011200801529128057e+00
4.260000000000000000e+02,5.021067159323102658e-01,1.004213431864620532e+00,1.506320147796987641e+00,2.008426863729241063e+00
4.265000000000000000e+02,5.014038826586011410e-01,1.002807765317202282e+00,1.504211647975903787e+00,2.005615530634404564e+00
4.270000000000000000e+02,5.007122458900177264e-01,1.001424491780035453e+00,1.502136737670120681e+00,2.002848983560070906e+00
4.275000000000000000e+02,5.000114282106791208e-01,1.000022856421358242e+00,1.500034284632100423e+00,2.000045712842716483e+00
4.280000000000000000e+02,4.993216354109408783e-01,9.986432708218817567e-01,1.497964906232883919e+00,1.997286541643763513e+00
4.285000000000000000e+02,4.986228267725563157e-01,9.972456535451126314e-01,1.495868480317749771e+00,1.994491307090225263e+00
4.290000000000000000e+02,4.979348742124471983e-01,9.958697484248943965e-01,1.493804622637377122e+00,1.991739496849788793e+00
4.295000000000000000e+02,4.972380680930621466e-01,9.944761361861242932e-01,1.491714204279254830e+00,1.988952272372248586e+00
4.300000000000000000e+02,4.965519520272545506e-01,9.931039040545091012e-01,1.489655856081792962e+00,1.986207808109018202e+00
4.305000000000000000e+02,4.958571419360850996e-01,9.917142838721701992e-01,1.487571425808344117e+00,1.983428567744340398e+00
4.310000000000000000e+02,4.951728586037749125e-01,9.903457172075498249e-01,1.485518575811294539e+00,1.980691434415099650e+00
4.315000000000000000e+02,4.944800380810567830e-01,9.889600761621135661e-01,1.483440114243215646e+00,1.977920152324227132e+00
4.320000000000000000e+02,4.937975837064518814e-01,9.875951674129037627e-01,1.481392751119397388e+00,1.975190334825807525e+00
4.325000000000000000e+02,4.931067463231499914e-01,9.862134926462999829e-01,1.479320238969549450e+00,1.972426985292599966e+00
4.330000000000000000e+02,4.924261171161354866e-01,9.848522342322709733e-01,1.477278351348491725e+00,1.969704468464541947e+00
4.335000000000000000e+02,4.917372564737352292e-01,9.834745129474704584e-01,1.475211769421335362e+00,1.966949025894940917e+00
4.340000000000000000e+02,4.910584486303362084e-01,9.821168972606724168e-01,1.473175345891057475e+00,1.964233794521344834e+00
4.345000000000000000e+02,4.903715583606436113e-01,9.807431167212872225e-01,1.471114675082009882e+00,1.961486233442574445e+00
4.350000000000000000e+02,4.896945680635429454e-01,9.793891361270858908e-01,1.469083704190687456e+00,1.958778272254171782e+00
4.355000000000000000e+02,4.890096418283951252e-01,9.780192836567902503e-01,1.467028925485251989e+00,1.956038567313580501e+00
4.360000000000000000e+02,4.883344652475374303e-01,9.766689304950748607e-01,1.465003395742638048e+00,1.953337860990149721e+00
4.365000000000000000e+02,4.876514967386169630e-01,9.753029934772339260e-01,1.462954490215910397e+00,1.950605986954467852e+00
4.370000000000000000e+02,4.869781300316438077e-01,9.739562600632876155e-01,1.460934390094973168e+00,1.947912520126575231e+00
4.375000000000000000e+02,4.862971129702762241e-01,9.725942259405524482e-01,1.458891338910781599e+00,1.945188451881104896e+00
4.380000000000000000e+02,4.856255522830403848e-01,9.712511045660807696e-01,1.456876656849114937e+00,1.942502209132161539e+00
4.385000000000000000e+02,4.849464804199294932e-01,9.698929608398589863e-01,1.454839441259828448e+00,1.939785921679717973e+00
4.390000000000000000e+02,4.842767218869887813e-01,9.685534437739775626e-01,1.452830165661026740e+00,1.937106887547955125e+00
4.395000000000000000e+02,4.835995890020550192e-01,9.671991780041100384e-01,1.450798767006123313e+00,1.934398356008220077e+00
4.400000000000000000e+02,4.829316287471305813e-01,9.658632574942611626e-01,1.448794886241394408e+00,1.931726514988522325e+00
4.405000000000000000e+02,4.822564286491628494e-01,9.645128572983256987e-01,1.446769285947532069e+00,1.929025714596651397e+00
4.410000000000000000e+02,4.815902627856116780e-01,9.631805255712233560e-01,1.444770788356848357e+00,1.926361051142446712e+00
4.415000000000000000e+02,4.809169893122238193e-01,9.618339786244476386e-01,1.442750967936689221e+00,1.923667957248895277e+00
4.420000000000000000e+02,4.802526139434641905e-01,9.605052278869283811e-01,1.440757841830425434e+00,1.921010455773856762e+00
4.425000000000000000e+02,4.795812609607414956e-01,9.591625219214829912e-01,1.438743782882280442e+00,1.918325043842965982e+00
4.430000000000000000e+02,4.789186721807459080e-01,9.578373443614918159e-01,1.436756016542279468e+00,1.915674688722983632e+00
4.435000000000000000e+02,4.782492335830870189e-01,9.564984671661740379e-01,1.434747700749351651e+00,1.912996934332348076e+00
4.440000000000000000e+02,4.775884274767534521e-01,9.551768549535069042e-01,1.432765282430409570e+00,1.910353709907013808e+00
4.445000000000000000e+02,4.769208971866527591e-01,9.538417943733055182e-01,1.430762691560001798e+00,1.907683588746611036e+00
4.450000000000000000e+02,4.762618698303056064e-01,9.525237396606112128e-01,1.428785609490894615e+00,1.905047479321222426e+00
4.455000000000000000e+02,4.755962417980912349e-01,9.511924835961824698e-01,1.426788725394288804e+00,1.902384967192364940e+00
4.460000000000000000e+02,4.749389892597477569e-01,9.498779785194955139e-01,1.424816967779314325e+00,1.899755957038991028e+00
4.465000000000000000e+02,4.742752574634536700e-01,9.485505149269073399e-01,1.422825772390428511e+00,1.897101029853814680e+00
4.470000000000000000e+02,4.736197758033977578e-01,9.472395516067955157e-01,1.420859327410191497e+00,1.894479103213591031e+00
4.475000000000000000e+02,4.729579342484839799e-01,9.459158684969679598e-01,1.418873802745522994e+00,1.891831736993935920e+00
4.480000000000000000e+02,4.723042195195343851e-01,9.446084390390687702e-01,1.416912658558608484e+00,1.889216878078137540e+00
4.485000000000000000e+02,4.716442622387093664e-01,9.432885244774187328e-01,1.414932786716128987e+00,1.886577048954837466e+00
4.490000000000000000e+02,4.709923104866629018e-01,9.419846209733258036e-01,1.412976931459983376e+00,1.883969241946651607e+00
4.495000000000000000e+02,4.703342315396392692e-01,9.406684630792785384e-01,1.411002694618982645e+00,1.881336926158557077e+00
4.500000000000000000e+02,4.696840388036305214e-01,9.393680776072610428e-01,1.409052116410865807e+00,1.878736155214522086e+00
4.505000000000000000e+02,4.690278322769829700e-01,9.380556645539659399e-01,1.407083496831045721e+00,1.876111329107931880e+00
4.510000000000000000e+02,4.683793945898360178e-01,9.367587891796720356e-01,1.405138183769548021e+00,1.873517578359344071e+00
4.515000000000000000e+02,4.677250545967588380e-01,9.354501091935176760e-01,1.403175163790290725e+00,1.870900218387035352e+00
4.520000000000000000e+02,4.670783679853718340e-01,9.341567359707436680e-01,1.401235103956100403e+00,1.868313471941487336e+00
4.525000000000000000e+02,4.664258886654319980e-01,9.328517773308639960e-01,1.399277665996287112e+00,1.865703554661727992e+00
4.530000000000000000e+02,4.657809491510889188e-01,9.315618983021778376e-01,1.397342847453288073e+00,1.863123796604355675e+00
4.535000000000000000e+02,4.651303246700768668e-01,9.302606493401537335e-01,1.395390974010290108e+00,1.860521298680307467e+00
4.540000000000000000e+02,4.644871282688702863e-01,9.289742565377405725e-01,1.393461384806588654e+00,1.857948513075481145e+00
4.545000000000000000e+02,4.638383528185991977e-01,9.276767056371983955e-01,1.391515058455834009e+00,1.855353411274396791e+00
4.550000000000000000e+02,4.631968955416372324e-01,9.263937910832744649e-01,1.389590686624885052e+00,1.852787582166548930e+00
4.555000000000000000e+02,4.625499633397440746e-01,9.250999266794881493e-01,1.387649890019279297e+00,1.850199853358976299e+00
4.560000000000000000e+02,4.619102411935456232e-01,9.238204823870912463e-01,1.385730723580746115e+00,1.847640964774182493e+00
4.565000000000000000e+02,4.612651464832637771e-01,9.225302929665275542e-01,1.383795439449951203e+00,1.845060585933055108e+00
4.570000000000000000e+02,4.606271554701351079e-01,9.212543109402702157e-01,1.381881466410533221e+00,1.842508621880540431e+00
4.575000000000000000e+02,4.599838925201531481e-01,9.199677850403062962e-01,1.379951677560566026e+00,1.839935570080612592e+00
4.580000000000000000e+02,4.593476286383992857e-01,9.186952572767985714e-01,1.378042885915327531e+00,1.837390514553597143e+00
4.585000000000000000e+02,4.587061917425785396e-01,9.174123834851570791e-01,1.376118575227845753e+00,1.834824766970314158e+00
4.590000000000000000e+02,4.580716509868425490e-01,9.161433019736850980e-01,1.374214952960699065e+00,1.832286603947370196e+00
4.595000000000000000e+02,4.574320344640900871e-01,9.148640689281801741e-01,1.372296103392439903e+00,1.829728137856360348e+00
4.600000000000000000e+02,4.567992128256932460e-01,9.135984256513864921e-01,1.370397638477189872e+00,1.827196851302772984e+00
4.605000000000000000e+02,4.561614110197718119e-01,9.123228220395436239e-01,1.368484233059408695e+00,1.824645644079087248e+00
4.610000000000000000e+02,4.555303044869232210e-01,9.110606089738464419e-01,1.366590913460914436e+00,1.822121217947692884e+00
4.615000000000000000e+02,4.548943117662336277e-01,9.097886235324672555e-01,1.364682935298823452e+00,1.819577247064934511e+00
4.620000000000000000e+02,4.542649163243783761e-01,9.085298326487567522e-01,1.362794748973247039e+00,1.817059665297513504e+00
4.625000000000000000e+02,4.536307270818085158e-01,9.072614541636170316e-01,1.360892181245521471e+00,1.814522908327234063e+00
4.630000000000000000e+02,4.530030387138754833e-01,9.060060774277509665e-01,1.359009116141720597e+00,1.812012154855501933e+00
4.635000000000000000e+02,4.523706473665587424e-01,9.047412947331174848e-01,1.357111942099759716e+00,1.809482589466234970e+00
4.640000000000000000e+02,4.517446620532243884e-01,9.034893241064487768e-01,1.355233986159770865e+00,1.806978648212897554e+00
4.645000000000000000e+02,4.511140630424108622e-01,9.022281260848217244e-01,1.353342189127300088e+00,1.804456252169643449e+00
4.650000000000000000e+02,4.504897767624047589e-01,9.009795535248095177e-01,1.351469330287272896e+00,1.801959107049619035e+00
4.655000000000000000e+02,4.498609645532658519e-01,8.997219291065317037e-01,1.349582893659803773e+00,1.799443858213063407e+00
4.660000000000000000e+02,4.492383732835678600e-01,8.984767465671357201e-01,1.347715119850771970e+00,1.796953493134271440e+00
4.665000000000000000e+02,4.486113423649449317e-01,8.972226847298898633e-01,1.345834027094916507e+00,1.794445369459779727e+00
4.670000000000000000e+02,4.479904420811218202e-01,8.959808841622436404e-01,1.343971326243437403e+00,1.791961768324487281e+00
4.675000000000000000e+02,4.473651869654737823e-01,8.947303739309475645e-01,1.342095560896449769e+00,1.789460747861895129e+00
4.680000000000000000e+02,4.467459736418115668e-01,8.934919472836231336e-01,1.340237920925499537e+00,1.786983894567246267e+00
4.685000000000000000e+02,4.461224888649271136e-01,8.922449777298542273e-01,1.338367466594828414e+00,1.784489955459708455e+00
4.690000000000000000e+02,4.455049584748023150e-01,8.910099169496046301e-01,1.336514875424494875e+00,1.782019833899209260e+00
4.695000000000000000e+02,4.448832385956738023e-01,8.897664771913476045e-01,1.334649715787119106e+00,1.779532954382695209e+00
4.700000000000000000e+02,4.442673871116635809e-01,8.885347742233271617e-01,1.332802161335081337e+00,1.777069548446654323e+00
4.705000000000000000e+02,4.436474267123298176e-01,8.872948534246596353e-01,1.330942280137058731e+00,1.774589706849319271e+00
4.710000000000000000e+02,4.430332501065343820e-01,8.860665002130687640e-01,1.329099750319720386e+00,1.772133000426137528e+00
4.715000000000000000e+02,4.424150437918372702e-01,8.848300875836745405e-01,1.327245131375587306e+00,1.769660175167349081e+00
4.720000000000000000e+02,4.418025380360521837e-01,8.836050760721043673e-01,1.325407614108261356e+00,1.767210152144208735e+00
4.725000000000000000e+02,4.411860804335407948e-01,8.823721608670815897e-01,1.323558241300720084e+00,1.764744321734163179e+00
4.730000000000000000e+02,4.405752414995056654e-01,8.811504829990113308e-01,1.321725724498666210e+00,1.762300965998022662e+00
4.735000000000000000e+02,4.399605272592221894e-01,8.799210545184443788e-01,1.319881581777803348e+00,1.759842109036888758e+00
4.740000000000000000e+02,4.393513511188320564e-01,8.787027022376641128e-01,1.318054053356657818e+00,1.757405404475328226e+00
4.745000000000000000e+02,4.387383749131608113e-01,8.774767498263216225e-01,1.316215124739578357e+00,1.754953499652643245e+00
4.750000000000000000e+02,4.381308575386464454e-01,8.762617150772928909e-01,1.314392572616053911e+00,1.752523430154585782e+00
4.755000000000000000e+02,4.375196140621291363e-01,8.750392281242582726e-01,1.312558842186465569e+00,1.750078456248516545e+00
4.760000000000000000e+02,4.369137514262977362e-01,8.738275028525954724e-01,1.310741254278983803e+00,1.747655005705190945e+00
4.765000000000000000e+02,4.363042353954877939e-01,8.726084707909755878e-01,1.308912706186553976e+00,1.745216941581951176e+00
4.770000000000000000e+02,4.357000234718864107e-01,8.714000469437728214e-01,1.307100070415799564e+00,1.742800093887545643e+00
4.775000000000000000e+02,4.350922296252059951e-01,8.701844592504119902e-01,1.305276688875736113e+00,1.740368918500823980e+00
4.780000000000000000e+02,4.344896643883657816e-01,8.689793287767315633e-01,1.303468993165221690e+00,1.737958657553463127e+00
4.785000000000000000e+02,4.338835874858917308e-01,8.677671749717834615e-01,1.301650762457750687e+00,1.735534349943566923e+00
4.790000000000000000e+02,4.332826649114700501e-01,8.665653298229401003e-01,1.299847994734509626e+00,1.733130659645880201e+00
4.795000000000000000e+02,4.326782997347944359e-01,8.653565994695888719e-01,1.298034899204434822e+00,1.730713198939177744e+00
4.800000000000000000e+02,4.320790157997924652e-01,8.641580315995849304e-01,1.296237047399444009e+00,1.728316063199169861e+00
4.805000000000000000e+02,4.314763571518813734e-01,8.629527143037627468e-01,1.294429071455699187e+00,1.725905428607525494e+00
4.810000000000000000e+02,4.308787078348057520e-01,8.617574156696115040e-01,1.292636123504518508e+00,1.723514831339223008e+00
4.815000000000000000e+02,4.302777505398402980e-01,8.605555010796805959e-01,1.290833251619581290e+00,1.721111002159361192e+00
4.820000000000000000e+02,4.296817318209038561e-01,8.593634636418077122e-01,1.289045195462787063e+00,1.718726927283615424e+00
4.825000000000000000e+02,4.290824707240821212e-01,8.581649414481642424e-01,1.287247412172316530e+00,1.716329882896328485e+00
4.830000000000000000e+02,4.284880785853601992e-01,8.569761571707203984e-01,1.285464235756165863e+00,1.713952314341440797e+00
4.835000000000000000e+02,4.278905085528323937e-01,8.557810171056647874e-01,1.283671525658498069e+00,1.711562034211329575e+00
4.840000000000000000e+02,4.272977389784111679e-01,8.545954779568223358e-01,1.281893216935266366e+00,1.709190955913644672e+00
4.845000000000000000e+02,4.267018548970007430e-01,8.534037097940014860e-01,1.280105564691030651e+00,1.706807419588002972e+00
4.850000000000000000e+02,4.261107038731921648e-01,8.522214077463843296e-01,1.278332111619636891e+00,1.704442815492768659e+00
4.855000000000000000e+02,4.255165006503700553e-01,8.510330013007401107e-01,1.276549501951151910e+00,1.702066002601480221e+00
4.860000000000000000e+02,4.249269641658504071e-01,8.498539283317008142e-01,1.274780892497577867e+00,1.699707856663401628e+00
4.865000000000000000e+02,4.243344367295192043e-01,8.486688734590384087e-01,1.273003310188560278e+00,1.697337746918076817e+00
4.870000000000000000e+02,4.237465107754534444e-01,8.474930215509068887e-01,1.271239532326369215e+00,1.694986043101813777e+00
4.875000000000000000e+02,4.231556540737795302e-01,8.463113081475590604e-01,1.269466962221361683e+00,1.692622616295118121e+00
4.880000000000000000e+02,4.225693346440468900e-01,8.451386692880937801e-01,1.267708003932177974e+00,1.690277338576187560e+00
4.885000000000000000e+02,4.219801436453911592e-01,8.439602872907823183e-01,1.265940430936240091e+00,1.687920574581564637e+00
4.890000000000000000e+02,4.213954267366766260e-01,8.427908534733532520e-01,1.264186280210097379e+00,1.685581706946706504e+00
4.895000000000000000e+02,4.208078964293910929e-01,8.416157928587821857e-01,1.262423689288230122e+00,1.683231585717564371e+00
4.900000000000000000e+02,4.202247780413319589e-01,8.404495560826639178e-01,1.260674334124033180e+00,1.680899112165327836e+00
4.905000000000000000e+02,4.196389034336194257e-01,8.392778068672388514e-01,1.258916710300891140e+00,1.678555613734477703e+00
4.910000000000000000e+02,4.190573795689997993e-01,8.381147591379995987e-01,1.257172138707030484e+00,1.676229518275999197e+00
4.915000000000000000e+02,4.184731556887975046e-01,8.369463113775950092e-01,1.255419467066381856e+00,1.673892622755190018e+00
4.920000000000000000e+02,4.178932223536104829e-01,8.357864447072209657e-01,1.253679667060868752e+00,1.671572889414441931e+00
4.925000000000000000e+02,4.173106442484249001e-01,8.346212884968498003e-01,1.251931932745268483e+00,1.669242576993699601e+00
4.930000000000000000e+02,4.167322974521168177e-01,8.334645949042336355e-01,1.250196892356349565e+00,1.666929189808467271e+00
4.935000000000000000e+02,4.161513601888797709e-01,8.323027203777595417e-01,1.248454080566649083e+00,1.664605440755519083e+00
4.940000000000000000e+02,4.155745959443759574e-01,8.311491918887519148e-01,1.246723787833104780e+00,1.662298383777503830e+00
4.945000000000000000e+02,4.149952946093691253e-01,8.299905892187382506e-01,1.244985883828100270e+00,1.659981178437476501e+00
4.950000000000000000e+02,4.144201089332320009e-01,8.288402178664640019e-01,1.243260326799731530e+00,1.657680435732928004e+00
4.955000000000000000e+02,4.138424386318773074e-01,8.276848772637546148e-01,1.241527315895648798e+00,1.655369754527509230e+00
4.960000000000000000e+02,4.132688275445124404e-01,8.265376550890248808e-01,1.239806482633582618e+00,1.653075310178049762e+00
4.965000000000000000e+02,4.126927834012654728e-01,8.253855668025309456e-01,1.238078350203835498e+00,1.650771133605061891e+00
4.970000000000000000e+02,4.121207429269411193e-01,8.242414858538822386e-01,1.236362228780858885e+00,1.648482971707764477e+00
4.975000000000000000e+02,4.115463200851383618e-01,8.230926401702767237e-01,1.234638960255480811e+00,1.646185280340553447e+00
4.980000000000000000e+02,4.109758462521604372e-01,8.219516925043208744e-01,1.232927538756552366e+00,1.643903385008641749e+00
4.985000000000000000e+02,4.104030398739704211e-01,8.208060797479408421e-01,1.231209119621961889e+00,1.641612159495881684e+00
4.990000000000000000e+02,4.098341287147748702e-01,8.196682574295497403e-01,1.229502386144396553e+00,1.639336514859099481e+00
4.995000000000000000e+02,4.092629339809370492e-01,8.185258679618740985e-01,1.227788801942860886e+00,1.637051735923748197e+00
5.000000000000000000e+02,4.086955815322355079e-01,8.173911630644710158e-01,1.226086744596795342e+00,1.634782326128942032e+00
5.005000000000000000e+02,4.081259936420345014e-01,8.162519872840690027e-01,1.224377980926149689e+00,1.632503974568138005e+00
5.010000000000000000e+02,4.075601959449111078e-01,8.151203918898222156e-01,1.222680587834812371e+00,1.630240783779644431e+00
5.015000000000000000e+02,4.069922101160177164e-01,8.139844202320354327e-01,1.220976630348086900e+00,1.627968840464070865e+00
5.020000000000000000e+02,4.064279632160303635e-01,8.128559264320607269e-01,1.219283889648142605e+00,1.625711852864121454e+00
5.025000000000000000e+02,4.058615746843470262e-01,8.117231493686940524e-01,1.217584724053072165e+00,1.623446298737388105e+00
5.030000000000000000e+02,4.052988746316437130e-01,8.105977492632874259e-01,1.215896623894945350e+00,1.621195498526574852e+00
5.035000000000000000e+02,4.047340786512112487e-01,8.094681573024224974e-01,1.214202235953685260e+00,1.618936314604844995e+00
5.040000000000000000e+02,4.041729215006313325e-01,8.083458430012626650e-01,1.212518764501954394e+00,1.616691686002525330e+00
5.045000000000000000e+02,4.036097133435365691e-01,8.072194266870731383e-01,1.210829140030639905e+00,1.614438853374146277e+00
5.050000000000000000e+02,4.030500951547129063e-01,8.061001903094258125e-01,1.209150285464172470e+00,1.612200380618851625e+00
5.055000000000000000e+02,4.024884701108968343e-01,8.049769402217936687e-01,1.207465410332680733e+00,1.609953880443587337e+00
5.060000000000000000e+02,4.019303869483588088e-01,8.038607738967176175e-01,1.205791160845077314e+00,1.607721547793435235e+00
5.065000000000000000e+02,4.013703403255215463e-01,8.027406806510430926e-01,1.204111020976522894e+00,1.605481361302086185e+00
5.070000000000000000e+02,4.008137882587927692e-01,8.016275765175855383e-01,1.202441364776348109e+00,1.603255153035171077e+00
5.075000000000000000e+02,4.002553153822869803e-01,8.005106307645739605e-01,1.200765946146795216e+00,1.601021261529147921e+00
5.080000000000000000e+02,3.997002904859607852e-01,7.994005809719215705e-01,1.199100871457915218e+00,1.598801161943843141e+00
5.085000000000000000e+02,3.991433866986620060e-01,7.982867733973240121e-01,1.197430160096004670e+00,1.596573546794648024e+00
5.090000000000000000e+02,3.985898850525568804e-01,7.971797701051137608e-01,1.195769655157665312e+00,1.594359540210227522e+00
5.095000000000000000e+02,3.980345457147524968e-01,7.960690914295049936e-01,1.194103637144280583e+00,1.592138182859009987e+00
5.100000000000000000e+02,3.974825634038854361e-01,7.949651268077708721e-01,1.192447690211748679e+00,1.589930253615541744e+00
5.105000000000000000e+02,3.969287838931894186e-01,7.938575677863788371e-01,1.190786351679649968e+00,1.587715135572757674e+00
5.110000000000000000e+02,3.963783170079935303e-01,7.927566340159870606e-01,1.189134951024080067e+00,1.585513268031974121e+00
5.115000000000000000e+02,3.958260927191812328e-01,7.916521854383624657e-01,1.187478278157595213e+00,1.583304370876724931e+00
5.120000000000000000e+02,3.952771373554995193e-01,7.905542747109990387e-01,1.185831412066526980e+00,1.581108549421998077e+00
5.125000000000000000e+02,3.947264637003797816e-01,7.894529274007595632e-01,1.184179391101165990e+00,1.578905854801519126e+00
5.130000000000000000e+02,3.941790159595770504e-01,7.883580319191541008e-01,1.182537047878714276e+00,1.576716063838308202e+00
5.135000000000000000e+02,3.936298883669726578e-01,7.872597767339453156e-01,1.180889665100872676e+00,1.574519553467890631e+00
5.140000000000000000e+02,3.930839443559905888e-01,7.861678887119811776e-01,1.179251833067960220e+00,1.572335777423962355e+00
5.145000000000000000e+02,3.925363582715055699e-01,7.850727165430111398e-01,1.177609074814501611e+00,1.570145433086022280e+00
5.150000000000000000e+02,3.919919141030554499e-01,7.839838282061108998e-01,1.175975742309116612e+00,1.567967656412221800e+00
5.155000000000000000e+02,3.914458649890795172e-01,7.828917299781590344e-01,1.174337594967171938e+00,1.565783459956318069e+00
5.160000000000000000e+02,3.909029167815454286e-01,7.818058335630908573e-01,1.172708750344559903e+00,1.563611667126181715e+00
5.165000000000000000e+02,3.903584001170656848e-01,7.807168002341313695e-01,1.171075200351124224e+00,1.561433600468262739e+00
5.170000000000000000e+02,3.898169439947078985e-01,7.796338879894157969e-01,1.169450831984041983e+00,1.559267775978831594e+00
5.175000000000000000e+02,3.892739552752564336e-01,7.785479105505128672e-01,1.167821865825690253e+00,1.557095821101025734e+00
5.180000000000000000e+02,3.887339873682513769e-01,7.774679747365027538e-01,1.166201962104643997e+00,1.554935949473005508e+00
5.185000000000000000e+02,3.881925221057374031e-01,7.763850442114748063e-01,1.164577566317168689e+00,1.552770088422949613e+00
5.190000000000000000e+02,3.876540385502016406e-01,7.753080771004032812e-01,1.162962115650554296e+00,1.550616154200806562e+00
5.195000000000000000e+02,3.871140922728937284e-01,7.742281845457874567e-01,1.161342276818643882e+00,1.548456369091574913e+00
5.200000000000000000e+02,3.865770892110242940e-01,7.731541784220485880e-01,1.159731267633063112e+00,1.546308356844097176e+00
5.205000000000000000e+02,3.860386574633416501e-01,7.720773149266833002e-01,1.158115972389996529e+00,1.544154629853366600e+00
5.210000000000000000e+02,3.855031310434613445e-01,7.710062620869226890e-01,1.156509393130333407e+00,1.542012524173845378e+00
5.215000000000000000e+02,3.849662093859365086e-01,7.699324187718730172e-01,1.154898628157795315e+00,1.539864837543746034e+00
5.220000000000000000e+02,3.844321557625116625e-01,7.688643115250233251e-01,1.153296467287537652e+00,1.537728623050046650e+00
5.225000000000000000e+02,3.838967397717087948e-01,7.677934795434175896e-01,1.151690219315113950e+00,1.535586959086835179e+00
5.230000000000000000e+02,3.833641551054896013e-01,7.667283102109792026e-01,1.150092465316451040e+00,1.533456620421958405e+00
5.235000000000000000e+02,3.828302403738339521e-01,7.656604807476679042e-01,1.148490721121484981e+00,1.531320961495335808e+00
5.240000000000000000e+02,3.822991208318500256e-01,7.645982416637000512e-01,1.146897362495543859e+00,1.529196483327400102e+00
5.245000000000000000e+02,3.817667029675879675e-01,7.635334059351759350e-01,1.145300108902757685e+00,1.527066811870351870e+00
5.250000000000000000e+02,3.812370447232558135e-01,7.624740894465116270e-01,1.143711134169784316e+00,1.524948178893023254e+00
5.255000000000000000e+02,3.807061193503304963e-01,7.614122387006609927e-01,1.142118358050991489e+00,1.522824477401321985e+00
5.260000000000000000e+02,3.801779185834819330e-01,7.603558371669638660e-01,1.140533755750473333e+00,1.520711674333927732e+00
5.265000000000000000e+02,3.796484813414258142e-01,7.592969626828516283e-01,1.138945444024310305e+00,1.518593925365703257e+00
5.270000000000000000e+02,3.791217342384012312e-01,7.582434684768024624e-01,1.137365202715226786e+00,1.516486936953604925e+00
5.275000000000000000e+02,3.785937807822712386e-01,7.571875615645424773e-01,1.135781342346858125e+00,1.514375123129084955e+00
5.280000000000000000e+02,3.780684835359346962e-01,7.561369670718693925e-01,1.134205450607808530e+00,1.512273934143738785e+00
5.285000000000000000e+02,3.775420095361736728e-01,7.550840190723473455e-01,1.132626028608541446e+00,1.510168038144694691e+00
5.290000000000000000e+02,3.770181583459626395e-01,7.540363166919252791e-01,1.131054475037924334e+00,1.508072633383850558e+00
5.295000000000000000e+02,3.764931594883842436e-01,7.529863189767684872e-01,1.129479478465189146e+00,1.505972637953536974e+00
5.300000000000000000e+02,3.759707505604117372e-01,7.519415011208234745e-01,1.127912251681268074e+00,1.503883002241646949e+00
5.305000000000000000e+02,3.754472225460041557e-01,7.508944450920083113e-01,1.126341667638051547e+00,1.501788890184016623e+00
5.310000000000000000e+02,3.749262520930791709e-01,7.498525041861583418e-01,1.124778756279260605e+00,1.499705008372316684e+00
5.315000000000000000e+02,3.744041906379900198e-01,7.488083812759800395e-01,1.123212571913976277e+00,1.497616762551960079e+00
5.320000000000000000e+02,3.738846548796503910e-01,7.477693097593007820e-01,1.121653964638966272e+00,1.495538619518601564e+00
5.325000000000000000e+02,3.733640557150330608e-01,7.467281114300661216e-01,1.120092167145092077e+00,1.493456222860132243e+00
5.330000000000000000e+02,3.728459508776404974e-01,7.456919017552809947e-01,1.118537852632902840e+00,1.491383803510561989e+00
5.335000000000000000e+02,3.723268097496399420e-01,7.446536194992798841e-01,1.116980429248869200e+00,1.489307238998559768e+00
5.340000000000000000e+02,3.718101320663853571e-01,7.436202641327707141e-01,1.115430396199124985e+00,1.487240528265541428e+00
5.345000000000000000e+02,3.712924447359782221e-01,7.425848894719564441e-01,1.113877334207916903e+00,1.485169778943912888e+00
5.350000000000000000e+02,3.707771904469314705e-01,7.415543808938629411e-01,1.112331571340792635e+00,1.483108761787725882e+00
5.355000000000000000e+02,3.702609526898710257e-01,7.405219053797420514e-01,1.110782858069645940e+00,1.481043810759484103e+00
5.360000000000000000e+02,3.697471180420714987e-01,7.394942360841429974e-01,1.109241354126226042e+00,1.478988472168285995e+00
5.365000000000000000e+02,3.692323256488094785e-01,7.384646512976189570e-01,1.107696976946460410e+00,1.476929302595237914e+00
5.370000000000000000e+02,3.687199068962216941e-01,7.374398137924433883e-01,1.106159720688685510e+00,1.474879627584886777e+00
5.375000000000000000e+02,3.682065556718034927e-01,7.364131113436069853e-01,1.104619667015453999e+00,1.472826222687213971e+00
5.380000000000000000e+02,3.676955490754565403e-01,7.353910981509130806e-01,1.103086647226355410e+00,1.470782196301826161e+00
5.385000000000000000e+02,3.671836348394466043e-01,7.343672696788932086e-01,1.101550904518338925e+00,1.468734539357786417e+00
5.390000000000000000e+02,3.666740366673746365e-01,7.333480733347492730e-01,1.100022110002116804e+00,1.466696146669498546e+00
5.395000000000000000e+02,3.661635552537356730e-01,7.323271105074713461e-01,1.098490665761225671e+00,1.464654221014942692e+00
5.400000000000000000e+02,3.656553617811493240e-01,7.313107235622986479e-01,1.096966085343401787e+00,1.462621447124597296e+00
5.405000000000000000e+02,3.651463090382138788e-01,7.302926180764277575e-01,1.095438927114644301e+00,1.460585236152855515e+00
5.410000000000000000e+02,3.646395165473723665e-01,7.292790330947447330e-01,1.093918549642106441e+00,1.458558066189489466e+00
5.415000000000000000e+02,3.641318883377335780e-01,7.282637766754671560e-01,1.092395665013196293e+00,1.456527553350934312e+00
5.420000000000000000e+02,3.636264931181401039e-01,7.272529862362802078e-01,1.090879479354391890e+00,1.454505972472560416e+00
5.425000000000000000e+02,3.631202853185619972e-01,7.262405706371239944e-01,1.089360855955634477e+00,1.452481141274247989e+00
5.430000000000000000e+02,3.626162836668616052e-01,7.252325673337232104e-01,1.087848851000574157e+00,1.450465134667446421e+00
5.435000000000000000e+02,3.621114921681938270e-01,7.242229843363876540e-01,1.086334476504616120e+00,1.448445968672775308e+00
5.440000000000000000e+02,3.616088803883483749e-01,7.232177607766967498e-01,1.084826641165044236e+00,1.446435521553393500e+00
5.445000000000000000e+02,3.611055010954924427e-01,7.222110021909848854e-01,1.083316503286471999e+00,1.444422004381969771e+00
5.450000000000000000e+02,3.606042754986793497e-01,7.212085509973586994e-01,1.081812826496037161e+00,1.442417101994717399e+00
5.455000000000000000e+02,3.601023043304403259e-01,7.202046086608806519e-01,1.080306912991307655e+00,1.440409217321761304e+00
5.460000000000000000e+02,3.596024612351760297e-01,7.192049224703520593e-01,1.078807383705521872e+00,1.438409844940704119e+00
5.465000000000000000e+02,3.591018941242190010e-01,7.182037882484380020e-01,1.077305682372667661e+00,1.436407576496876004e+00
5.470000000000000000e+02,3.586034298563589573e-01,7.172068597127179146e-01,1.075810289569062661e+00,1.434413719425435829e+00
5.475000000000000000e+02,3.581042627491619612e-01,7.162085254983239224e-01,1.074312788247462791e+00,1.432417050996647845e+00
5.480000000000000000e+02,3.576071736419041969e-01,7.152143472838083937e-01,1.072821520925684169e+00,1.430428694567616787e+00
5.485000000000000000e+02,3.571094024986187776e-01,7.142188049972375552e-01,1.071328207495826135e+00,1.428437609994475110e+00
5.490000000000000000e+02,3.566136848925971492e-01,7.132273697851942984e-01,1.069841054677773684e+00,1.426454739570388597e+00
5.495000000000000000e+02,3.561173056870012843e-01,7.122346113740025686e-01,1.068351917060979872e+00,1.424469222748005137e+00
5.500000000000000000e+02,3.556229559302472865e-01,7.112459118604945729e-01,1.066868867790743636e+00,1.422491823720989146e+00
5.505000000000000000e+02,3.551279646496823261e-01,7.102559292993646523e-01,1.065383893949070071e+00,1.420511858598729305e+00
5.510000000000000000e+02,3.546349790976988103e-01,7.092699581953976207e-01,1.063904937293154163e+00,1.418539916390795241e+00
5.515000000000000000e+02,3.541413717430046404e-01,7.082827434860092808e-01,1.062424115229024579e+00,1.416565486972018562e+00
5.520000000000000000e+02,3.536497467587826904e-01,7.072994935175653808e-01,1.060949240276391592e+00,1.414598987035130762e+00
5.525000000000000000e+02,3.531575193441547356e-01,7.063150386883094711e-01,1.059472558032444667e+00,1.412630077376618942e+00
5.530000000000000000e+02,3.526672512981905427e-01,7.053345025963810855e-01,1.058001753894561858e+00,1.410669005192762171e+00
5.535000000000000000e+02,3.521763998511628913e-01,7.043527997023257825e-01,1.056529199553503773e+00,1.408705599404651565e+00
5.540000000000000000e+02,3.516874851214728537e-01,7.033749702429457074e-01,1.055062455364414120e+00,1.406749940485891415e+00
5.545000000000000000e+02,3.511980056828747365e-01,7.023960113657494730e-01,1.053594017048601117e+00,1.404792022731498946e+00
5.550000000000000000e+02,3.507104406550247688e-01,7.014208813100495377e-01,1.052131321965052990e+00,1.402841762620099075e+00
5.555000000000000000e+02,3.502223292788322340e-01,7.004446585576644679e-01,1.050666987836464727e+00,1.400889317115328936e+00
5.560000000000000000e+02,3.497361103459786236e-01,6.994722206919572471e-01,1.049208331037929653e+00,1.398944441383914494e+00
5.565000000000000000e+02,3.492493630992967724e-01,6.984987261985935447e-01,1.047748089297911633e+00,1.396997452397187089e+00
5.570000000000000000e+02,3.487644866622039430e-01,6.975289733244078860e-01,1.046293459986626928e+00,1.395057946648815772e+00
5.575000000000000000e+02,3.482790996251763360e-01,6.965581992503526720e-01,1.044837298875561871e+00,1.393116398500705344e+00
5.580000000000000000e+02,3.477955620922070779e-01,6.955911241844141557e-01,1.043386686276633668e+00,1.391182248368828311e+00
5.585000000000000000e+02,3.473115313579642205e-01,6.946230627159284410e-01,1.041934594073898879e+00,1.389246125431856882e+00
5.590000000000000000e+02,3.468293291451454152e-01,6.936586582902908305e-01,1.040487987435389172e+00,1.387317316580581661e+00
5.595000000000000000e+02,3.463466508197123872e-01,6.926933016394247744e-01,1.039039952459129168e+00,1.385386603278849549e+00
5.600000000000000000e+02,3.458657803507101391e-01,6.917315607014202783e-01,1.037597341052078903e+00,1.383463121402840557e+00
5.605000000000000000e+02,3.453844505529399811e-01,6.907689011058799622e-01,1.036153351658809285e+00,1.381537802211759924e+00
5.610000000000000000e+02,3.449049082590915916e-01,6.898098165181831831e-01,1.034714724777273887e+00,1.379619633036366366e+00
5.615000000000000000e+02,3.444249231206324424e-01,6.888498462412648848e-01,1.033274769361931078e+00,1.377699692482529770e+00
5.620000000000000000e+02,3.439467054410272340e-01,6.878934108820544679e-01,1.031840116323056833e+00,1.375786821764108936e+00
5.625000000000000000e+02,3.434680611062175259e-01,6.869361222124350519e-01,1.030404183318601952e+00,1.373872244424870104e+00
5.630000000000000000e+02,3.429911644875858201e-01,6.859823289751716402e-01,1.028973493462684630e+00,1.371964657950343280e+00
5.635000000000000000e+02,3.425138571133885534e-01,6.850277142267771069e-01,1.027541571340085724e+00,1.370055428453554214e+00
5.640000000000000000e+02,3.420382780102286802e-01,6.840765560204573603e-01,1.026114834030646961e+00,1.368153112040914721e+00
5.645000000000000000e+02,3.415623037661852379e-01,6.831246075323704758e-01,1.024686911298491765e+00,1.366249215064740952e+00
5.650000000000000000e+02,3.410880386407493248e-01,6.821760772814986495e-01,1.023264115922238204e+00,1.364352154562997299e+00
5.655000000000000000e+02,3.406133937089101948e-01,6.812267874178203897e-01,1.021840181126727032e+00,1.362453574835640779e+00
5.660000000000000000e+02,3.401404390312068315e-01,6.802808780624136631e-01,1.020421317093623159e+00,1.360561756124827326e+00
5.665000000000000000e+02,3.396671196060605524e-01,6.793342392121211049e-01,1.019001358818194092e+00,1.358668478424242210e+00
5.670000000000000000e+02,3.391954718538690017e-01,6.783909437077380034e-01,1.017586415561609670e+00,1.356781887415476007e+00
5.675000000000000000e+02,3.387234741422879836e-01,6.774469482845759671e-01,1.016170422426863951e+00,1.354893896569151934e+00
5.680000000000000000e+02,3.382531298011546284e-01,6.765062596023092567e-01,1.014759389403490530e+00,1.353012519204618513e+00
5.685000000000000000e+02,3.377824500223214343e-01,6.755649000446428687e-01,1.013347350066986507e+00,1.351129800089285737e+00
5.690000000000000000e+02,3.373134055856432667e-01,6.746268111712865334e-01,1.011940216756933353e+00,1.349253622342573067e+00
5.695000000000000000e+02,3.368440399709884403e-01,6.736880799419768806e-01,1.010532119912980420e+00,1.347376159883953761e+00
5.700000000000000000e+02,3.363762919399331253e-01,6.727525838798662505e-01,1.009128875819790494e+00,1.345505167759732501e+00
5.705000000000000000e+02,3.359082367330943342e-01,6.718164734661886683e-01,1.007724710199271456e+00,1.343632946932377337e+00
5.710000000000000000e+02,3.354417816166552768e-01,6.708835632333105536e-01,1.006325344849972936e+00,1.341767126466621107e+00
5.715000000000000000e+02,3.349750330733760606e-01,6.699500661467521212e-01,1.004925099220171703e+00,1.339900132293504242e+00
5.720000000000000000e+02,3.345098673884265850e-01,6.690197347768531699e-01,1.003529602165333046e+00,1.338039469553706340e+00
5.725000000000000000e+02,3.340444217765341506e-01,6.680888435530683012e-01,1.002133265329646861e+00,1.336177687106136602e+00
5.730000000000000000e+02,3.335805420477369054e-01,6.671610840954738109e-01,1.000741626143263119e+00,1.334322168190947622e+00
5.735000000000000000e+02,3.331163956470808429e-01,6.662327912941616859e-01,9.993491869412647333e-01,1.332465582588323372e+00
5.740000000000000000e+02,3.326537984070032650e-01,6.653075968140065299e-01,9.979613952210435457e-01,1.330615193628013060e+00
5.745000000000000000e+02,3.321909475093542952e-01,6.643818950187085903e-01,9.965728425280762082e-01,1.328763790037417181e+00
5.750000000000000000e+02,3.317296292983922257e-01,6.634592585967844514e-01,9.951888878952068751e-01,1.326918517193568903e+00
5.755000000000000000e+02,3.312680702074235484e-01,6.625361404148470967e-01,9.938042106222848560e-01,1.325072280829694193e+00
5.760000000000000000e+02,3.308080275738811693e-01,6.616160551477623386e-01,9.924240827216266325e-01,1.323232110295524677e+00
5.765000000000000000e+02,3.303477566050965208e-01,6.606955132101930417e-01,9.910432698152948916e-01,1.321391026420386083e+00
5.770000000000000000e+02,3.298889861051215178e-01,6.597779722102430355e-01,9.896669583153787642e-01,1.319555944420486071e+00
5.775000000000000000e+02,3.294299995858223085e-01,6.588599991716446169e-01,9.882899987574749190e-01,1.317719998343289234e+00
5.780000000000000000e+02,3.289724977834778130e-01,6.579449955669556260e-01,9.869174933504822889e-01,1.315889991133911252e+00
5.785000000000000000e+02,3.285147920526476639e-01,6.570295841052953278e-01,9.855443761579909534e-01,1.314059168210590656e+00
5.790000000000000000e+02,3.280585555199060366e-01,6.561171110398120732e-01,9.841756665597714004e-01,1.312234222079624146e+00
5.795000000000000000e+02,3.276021269282027859e-01,6.552042538564055718e-01,9.828063807846607602e-01,1.310408507712811144e+00
5.800000000000000000e+02,3.271471522449216351e-01,6.542943044898432703e-01,9.814414567347800045e-01,1.308588608979686541e+00
5.805000000000000000e+02,3.266919971546053958e-01,6.533839943092107916e-01,9.800759914638526027e-01,1.306767988618421583e+00
5.810000000000000000e+02,3.262382809085311308e-01,6.524765618170622616e-01,9.787148427256440186e-01,1.304953123634124523e+00
5.815000000000000000e+02,3.257843956934225460e-01,6.515687913868450920e-01,9.773531870803360277e-01,1.303137582773690184e+00
5.820000000000000000e+02,3.253319344802481083e-01,6.506638689604962167e-01,9.759958034408029448e-01,1.301327737920992433e+00
5.825000000000000000e+02,3.248793155256644027e-01,6.497586310513288055e-01,9.746379465770385053e-01,1.299517262102657611e+00
5.830000000000000000e+02,3.244281059489821928e-01,6.488562118979643856e-01,9.732843178469874346e-01,1.297712423795928771e+00
5.835000000000000000e+02,3.239767496516625656e-01,6.479534993033251311e-01,9.719302489550027957e-01,1.295906998606650262e+00
5.840000000000000000e+02,3.235267883230026342e-01,6.470535766460052685e-01,9.705803649690061263e-01,1.294107153292010537e+00
5.845000000000000000e+02,3.230766910910709555e-01,6.461533821821419110e-01,9.692300732732146429e-01,1.292306764364283822e+00
5.850000000000000000e+02,3.226279746298761353e-01,6.452559492597522706e-01,9.678839238896301822e-01,1.290511898519504541e+00
5.855000000000000000e+02,3.221791328828000900e-01,6.443582657656001800e-01,9.665373986484269153e-01,1.288716531531200360e+00
5.860000000000000000e+02,3.217316579164526402e-01,6.434633158329052804e-01,9.651949737493552561e-01,1.286926631665810561e+00
5.865000000000000000e+02,3.212840680849851083e-01,6.425681361699702165e-01,9.638522042549428903e-01,1.285136272339940433e+00
5.870000000000000000e+02,3.208378312488013862e-01,6.416756624976027723e-01,9.625134937463570850e-01,1.283351324995205545e+00
5.875000000000000000e+02,3.203914897748951773e-01,6.407829795497903547e-01,9.611744693247050719e-01,1.281565959099580709e+00
5.880000000000000000e+02,3.199464877121247497e-01,6.398929754242494994e-01,9.598394631363724727e-01,1.279785950848498999e+00
5.885000000000000000e+02,3.195013910489414855e-01,6.390027820978829709e-01,9.585041731468226800e-01,1.278005564195765942e+00
5.890000000000000000e+02,3.190576204107644642e-01,6.381152408215289284e-01,9.571728612322853991e-01,1.276230481643057857e+00
5.895000000000000000e+02,3.186137650225475682e-01,6.372275300450951363e-01,9.558412950676800079e-01,1.274455060090190273e+00
5.900000000000000000e+02,3.181712224681030321e-01,6.363424449362060642e-01,9.545136674043384062e-01,1.272684889872412128e+00
5.905000000000000000e+02,3.177286048301963817e-01,6.354572096603927633e-01,9.531858144906184549e-01,1.270914419320785527e+00
5.910000000000000000e+02,3.172872870265504019e-01,6.345745740531008039e-01,9.518618610796583113e-01,1.269149148106201608e+00
5.915000000000000000e+02,3.168459036253103989e-01,6.336918072506207977e-01,9.505377108759791582e-01,1.267383614501241595e+00
5.920000000000000000e+02,3.164058072474675853e-01,6.328116144949351707e-01,9.492174217424143023e-01,1.265623228989870341e+00
5.925000000000000000e+02,3.159656545802231875e-01,6.319313091604463750e-01,9.478969637407068660e-01,1.263862618320892750e+00
5.930000000000000000e+02,3.155267763111355706e-01,6.310535526222711411e-01,9.465803289334555615e-01,1.262107105244542282e+00
5.935000000000000000e+02,3.150878508861261196e-01,6.301757017722522392e-01,9.452635526584263204e-01,1.260351403544504478e+00
5.940000000000000000e+02,3.146501874166975909e-01,6.293003748333951819e-01,9.439505622501069837e-01,1.258600749666790364e+00
5.945000000000000000e+02,3.142124857530355087e-01,6.284249715060710173e-01,9.426374572591615930e-01,1.256849943012142035e+00
5.950000000000000000e+02,3.137760337820925116e-01,6.275520675641850232e-01,9.413281013463290492e-01,1.255104135128370046e+00
5.955000000000000000e+02,3.133395524097357665e-01,6.266791048194715330e-01,9.400186572292579257e-01,1.253358209638943066e+00
5.960000000000000000e+02,3.129043086440601584e-01,6.258086172881203169e-01,9.387129259322222197e-01,1.251617234576240634e+00
5.965000000000000000e+02,3.124690441037021316e-01,6.249380882074042631e-01,9.374071323111508036e-01,1.249876176414808526e+00
5.970000000000000000e+02,3.120350052580143085e-01,6.240700105160286171e-01,9.361050157740571365e-01,1.248140021032057234e+00
5.975000000000000000e+02,3.116009541010891226e-01,6.232019082021782452e-01,9.348028623033073359e-01,1.246403816404356490e+00
5.980000000000000000e+02,3.111681168980462431e-01,6.223362337960924862e-01,9.335043506941609337e-01,1.244672467592184972e+00
5.985000000000000000e+02,3.107352756866825771e-01,6.214705513733651543e-01,9.322058270600646068e-01,1.242941102746730309e+00
5.990000000000000000e+02,3.103036368568732328e-01,6.206072737137464657e-01,9.309109105705868359e-01,1.241214547427492931e+00
5.995000000000000000e+02,3.098720021638117217e-01,6.197440043276234434e-01,9.296160064914200660e-01,1.239488008655246887e+00
6.000000000000000000e+02,3.094415584457594903e-01,6.188831168915189807e-01,9.283246753372367266e-01,1.237766233783037961e+00
6.005000000000000000e+02,3.090111268543171974e-01,6.180222537086343948e-01,9.270333805629604740e-01,1.236044507417268790e+00
6.010000000000000000e+02,3.085818749944859718e-01,6.171637499889719436e-01,9.257456249834312700e-01,1.234327499977943887e+00
6.015000000000000000e+02,3.081526430985510601e-01,6.163052861971021201e-01,9.244579292956345284e-01,1.232610572394204240e+00
6.020000000000000000e+02,3.077245798513130737e-01,6.154491597026261474e-01,9.231737395539223456e-01,1.230898319405252295e+00
6.025000000000000000e+02,3.072965442552249016e-01,6.145930885104498032e-01,9.218896327656569412e-01,1.229186177020899606e+00
6.030000000000000000e+02,3.068696663829015847e-01,6.137393327658031694e-01,9.206089991487083068e-01,1.227478665531606339e+00
6.035000000000000000e+02,3.064428237014835688e-01,6.128856474029671375e-01,9.193284711044125146e-01,1.225771294805934275e+00
6.040000000000000000e+02,3.060171279743038042e-01,6.120342559486076084e-01,9.180513839228936490e-01,1.224068511897215217e+00
6.045000000000000000e+02,3.055914748327390740e-01,6.111829496654781479e-01,9.167744244982181101e-01,1.222365899330956296e+00
6.050000000000000000e+02,3.051669580288738359e-01,6.103339160577476719e-01,9.155008740866019679e-01,1.220667832115495344e+00
6.055000000000000000e+02,3.047424910627114514e-01,6.094849821254229028e-01,9.142274731881343541e-01,1.218969964250845806e+00
6.060000000000000000e+02,3.043191499682134094e-01,6.086382999364268187e-01,9.129574499046331226e-01,1.217276599872853637e+00
6.065000000000000000e+02,3.038958658233434917e-01,6.077917316466869835e-01,9.116875974700349161e-01,1.215583463293373967e+00
6.070000000000000000e+02,3.034736972321967485e-01,6.069473944643934971e-01,9.104210916965946865e-01,1.213894788928786994e+00
6.075000000000000000e+02,3.030515925647438991e-01,6.061031851294877981e-01,9.091547776942459080e-01,1.212206370258975596e+00
6.080000000000000000e+02,3.026305932788266873e-01,6.052611865576533745e-01,9.078917798364702918e-01,1.210522373115306749e+00
6.085000000000000000e+02,3.022096647551464343e-01,6.044193295102928687e-01,9.066289942654250922e-01,1.208838659020585737e+00
6.090000000000000000e+02,3.017898315842373336e-01,6.035796631684746671e-01,9.053694947526960135e-01,1.207159326336949334e+00
6.095000000000000000e+02,3.013700758808708358e-01,6.027401517617416715e-01,9.041102276426009610e-01,1.205480303523483343e+00
6.100000000000000000e+02,3.009514056426452200e-01,6.019028112852904400e-01,9.028542169279454299e-01,1.203805622570580880e+00
6.105000000000000000e+02,3.005328194462668634e-01,6.010656388925337268e-01,9.015984583388085838e-01,1.202131277785067454e+00
6.110000000000000000e+02,3.001153089662986773e-01,6.002306179325973545e-01,9.003459268988986963e-01,1.200461235865194709e+00
6.115000000000000000e+02,2.996978889736725549e-01,5.993957779473451097e-01,8.990936669210327636e-01,1.198791555894690219e+00
6.120000000000000000e+02,2.992815350854005629e-01,5.985630701708011259e-01,8.978446052562247814e-01,1.197126140341602252e+00
6.125000000000000000e+02,2.988652780033520528e-01,5.977305560067041057e-01,8.965958340100765867e-01,1.195461112013408211e+00
6.130000000000000000e+02,2.984500775481091495e-01,5.969001550962182989e-01,8.953502326443487647e-01,1.193800310192436598e+00
6.135000000000000000e+02,2.980349800934591897e-01,5.960699601869183795e-01,8.941049402804068791e-01,1.192139920373836759e+00
6.140000000000000000e+02,2.976209299204448655e-01,5.952418598408897310e-01,8.928627897613292674e-01,1.190483719681779462e+00
6.145000000000000000e+02,2.972069888200019605e-01,5.944139776400039210e-01,8.916209664600067697e-01,1.188827955280007842e+00
6.150000000000000000e+02,2.967940857862698678e-01,5.935881715725397356e-01,8.903822573588069389e-01,1.187176343145079471e+00
6.155000000000000000e+02,2.963812977767434909e-01,5.927625955534869817e-01,8.891438933302300285e-01,1.185525191106973963e+00
6.160000000000000000e+02,2.959695387472116579e-01,5.919390774944233158e-01,8.879086162416509609e-01,1.183878154988846632e+00
6.165000000000000000e+02,2.955579005752122512e-01,5.911158011504245025e-01,8.866737017256749454e-01,1.182231602300849005e+00
6.170000000000000000e+02,2.951472824226564207e-01,5.902945648453128413e-01,8.854418472679750352e-01,1.180589129690625683e+00
6.175000000000000000e+02,2.947367908446345552e-01,5.894735816892691105e-01,8.842103725339587328e-01,1.178947163378538221e+00
6.180000000000000000e+02,2.943273104496619830e-01,5.886546208993239659e-01,8.829819313490041566e-01,1.177309241798647932e+00
6.185000000000000000e+02,2.939179622318852658e-01,5.878359244637705316e-01,8.817538866956855514e-01,1.175671848927541063e+00
6.190000000000000000e+02,2.935096164829356091e-01,5.870192329658712183e-01,8.805288494488134887e-01,1.174038465931742437e+00
6.195000000000000000e+02,2.931014084014234022e-01,5.862028168028468045e-01,8.793042252043026252e-01,1.172405633605693609e+00
6.200000000000000000e+02,2.926941941947709402e-01,5.853883883895418805e-01,8.780825825842999421e-01,1.170776776779083761e+00
6.205000000000000000e+02,2.922871230352663829e-01,5.845742460705327659e-01,8.768613691058124715e-01,1.169148492141065532e+00
6.210000000000000000e+02,2.918810372750146875e-01,5.837620745500293751e-01,8.756431118250507240e-01,1.167524149100058750e+00
6.215000000000000000e+02,2.914750998329451726e-01,5.829501996658903451e-01,8.744252994988617189e-01,1.165900399331780690e+00
6.220000000000000000e+02,2.910701394309938017e-01,5.821402788619876034e-01,8.732104182930218172e-01,1.164280557723975207e+00
6.225000000000000000e+02,2.906653325114403330e-01,5.813306650228806660e-01,8.719959975343627434e-01,1.162661330045761332e+00
6.230000000000000000e+02,2.902614943874968212e-01,5.805229887749936424e-01,8.707844831625131121e-01,1.161045977549987285e+00
6.235000000000000000e+02,2.898578148051500492e-01,5.797156296103000983e-01,8.695734444155078791e-01,1.159431259220600197e+00
6.240000000000000000e+02,2.894550958867188051e-01,5.789101917734376102e-01,8.683652876602003801e-01,1.157820383546875220e+00
6.245000000000000000e+02,2.890525404658337294e-01,5.781050809316674588e-01,8.671576213975562553e-01,1.156210161863334918e+00
6.250000000000000000e+02,2.886509376881987166e-01,5.773018753763974331e-01,8.659528130646041433e-01,1.154603750752794866e+00
6.255000000000000000e+02,2.882495032625556064e-01,5.764990065251112128e-01,8.647485097876987936e-01,1.152998013050222426e+00
6.260000000000000000e+02,2.878490135687767904e-01,5.756980271375535807e-01,8.635470407063490228e-01,1.151396054275107161e+00
6.265000000000000000e+02,2.874486969816629767e-01,5.748973939633259533e-01,8.623460909450120226e-01,1.149794787926651907e+00
6.270000000000000000e+02,2.870493173225829864e-01,5.740986346451659728e-01,8.611479519677569527e-01,1.148197269290331946e+00
6.275000000000000000e+02,2.866501154267191431e-01,5.733002308534382863e-01,8.599503462801632026e-01,1.146600461706876573e+00
6.280000000000000000e+02,2.862518427609215266e-01,5.725036855218430532e-01,8.587555282827672443e-01,1.145007371043686106e+00
6.285000000000000000e+02,2.858537524184647793e-01,5.717075048369295587e-01,8.575612572554209834e-01,1.143415009673859117e+00
6.290000000000000000e+02,2.854565837122837735e-01,5.709131674245675470e-01,8.563697511368975057e-01,1.141826334849135094e+00
6.295000000000000000e+02,2.850596017947650829e-01,5.701192035895301657e-01,8.551788053843285553e-01,1.140238407179060331e+00
6.300000000000000000e+02,2.846635340222896104e-01,5.693270680445792209e-01,8.539906020668741604e-01,1.138654136089158442e+00
6.305000000000000000e+02,2.842676574105866827e-01,5.685353148211733654e-01,8.528029722317711503e-01,1.137070629642346731e+00
6.310000000000000000e+02,2.838726875536079497e-01,5.677453751072158994e-01,8.516180626608171877e-01,1.135490750214431799e+00
6.315000000000000000e+02,2.834779131379061567e-01,5.669558262758123135e-01,8.504337394136989303e-01,1.133911652551624627e+00
6.320000000000000000e+02,2.830840381859442978e-01,5.661680763718885956e-01,8.492521145578066921e-01,1.132336152743777191e+00
6.325000000000000000e+02,2.826903628657024825e-01,5.653807257314049650e-01,8.480710885970967894e-01,1.130761451462809930e+00
6.330000000000000000e+02,2.822975798159919059e-01,5.645951596319838117e-01,8.468927394479575099e-01,1.129190319263967623e+00
6.335000000000000000e+02,2.819050004999019698e-01,5.638100009998039397e-01,8.457150014997090182e-01,1.127620001999607879e+00
6.340000000000000000e+02,2.815133063573718175e-01,5.630266127147436350e-01,8.445399190721136762e-01,1.126053225429487270e+00
6.345000000000000000e+02,2.811218199633280790e-01,5.622436399266561580e-01,8.433654598899718025e-01,1.124487279853312316e+00
6.350000000000000000e+02,2.807312117405902363e-01,5.614624234811804726e-01,8.421936352217347377e-01,1.122924846962360945e+00
6.355000000000000000e+02,2.803408151956388039e-01,5.606816303912776078e-01,8.410224455869066418e-01,1.121363260782555216e+00
6.360000000000000000e+02,2.799512899129878996e-01,5.599025798259757991e-01,8.398538697389312802e-01,1.119805159651951598e+00
6.365000000000000000e+02,2.795619801533302251e-01,5.591239603066604502e-01,8.386859404599480428e-01,1.118247920613320900e+00
6.370000000000000000e+02,2.791735348387192062e-01,5.583470696774384123e-01,8.375206045161167623e-01,1.116694139354876825e+00
6.375000000000000000e+02,2.787853088096152732e-01,5.575706176192305463e-01,8.363559264288333850e-01,1.115141235238461093e+00
6.380000000000000000e+02,2.783979404986554052e-01,5.567958809973108103e-01,8.351938214959471196e-01,1.113591761994621621e+00
6.385000000000000000e+02,2.780107951544650291e-01,5.560215903089300582e-01,8.340323854633577838e-01,1.112043180617860116e+00
6.390000000000000000e+02,2.776245008904085765e-01,5.552490017808171530e-01,8.328735026711875378e-01,1.110498003561634306e+00
6.395000000000000000e+02,2.772384331944817148e-01,5.544768663889634297e-01,8.317152995834113938e-01,1.108953732777926859e+00
6.400000000000000000e+02,2.768532100282232733e-01,5.537064200564465466e-01,8.305596300846200819e-01,1.107412840112893093e+00
6.405000000000000000e+02,2.764682169529244504e-01,5.529364339058489008e-01,8.294046508586987443e-01,1.105872867811697802e+00
6.410000000000000000e+02,2.760840619429543175e-01,5.521681238859086349e-01,8.282521858288269812e-01,1.104336247771817270e+00
6.415000000000000000e+02,2.757001404695871294e-01,5.514002809391742588e-01,8.271004214087085415e-01,1.102800561878348518e+00
6.420000000000000000e+02,2.753170506820383778e-01,5.506341013640767557e-01,8.259511520460520728e-01,1.101268202728153511e+00
6.425000000000000000e+02,2.749341978008392751e-01,5.498683956016785501e-01,8.248025934024596495e-01,1.099736791203357100e+00
6.430000000000000000e+02,2.745521703094140342e-01,5.491043406188280684e-01,8.236565109282114605e-01,1.098208681237656137e+00
6.435000000000000000e+02,2.741703830195167946e-01,5.483407660390335892e-01,8.225111490585330642e-01,1.096681532078067178e+00
6.440000000000000000e+02,2.737894149055177806e-01,5.475788298110355612e-01,8.213682447165471245e-01,1.095157659622071122e+00
6.445000000000000000e+02,2.734086902148891163e-01,5.468173804297782326e-01,8.202260706447130900e-01,1.093634760859556465e+00
6.450000000000000000e+02,2.730287785671894341e-01,5.460575571343788681e-01,8.190863357016233692e-01,1.092115114268757736e+00
6.455000000000000000e+02,2.726491134926551929e-01,5.452982269853103858e-01,8.179473404780104318e-01,1.090596453970620772e+00
6.460000000000000000e+02,2.722702554076712467e-01,5.445405108153424933e-01,8.168107662230674748e-01,1.089081021630684987e+00
6.465000000000000000e+02,2.718916469748267062e-01,5.437832939496534124e-01,8.156749409244881122e-01,1.087566587899306825e+00
6.470000000000000000e+02,2.715138395565541707e-01,5.430276791131083414e-01,8.145415186696833842e-01,1.086055358226216683e+00
6.475000000000000000e+02,2.711362847997431658e-01,5.422725695994863315e-01,8.134088543992525899e-01,1.084545139198972663e+00
6.480000000000000000e+02,2.707595251596939256e-01,5.415190503193878513e-01,8.122785754791141954e-01,1.083038100638775703e+00
6.485000000000000000e+02,2.703830211220008550e-01,5.407660422440017101e-01,8.111490633660203287e-01,1.081532084488003420e+00
6.490000000000000000e+02,2.700073063792212125e-01,5.400146127584424249e-01,8.100219191376627492e-01,1.080029225516884850e+00
6.495000000000000000e+02,2.696318501124230771e-01,5.392637002248461542e-01,8.088955503372687872e-01,1.078527400449692308e+00
6.500000000000000000e+02,2.692571773934457902e-01,5.385143547868915803e-01,8.077715321803413673e-01,1.077028709573783161e+00
6.505000000000000000e+02,2.688827659579784424e-01,5.377655319159568847e-01,8.066482978739735188e-01,1.075531063831913769e+00
6.510000000000000000e+02,2.685091323968715749e-01,5.370182647937431497e-01,8.055273971906089514e-01,1.074036529587486299e+00
6.515000000000000000e+02,2.681357628618075140e-01,5.362715257236150279e-01,8.044072885854376409e-01,1.072543051447230056e+00
6.520000000000000000e+02,2.677631656000958316e-01,5.355263312001916631e-01,8.032894968002928238e-01,1.071052662400383326e+00
6.525000000000000000e+02,2.673908350430993508e-01,5.347816700861987016e-01,8.021725051292865061e-01,1.069563340172397403e+00
6.530000000000000000e+02,2.670192712298051774e-01,5.340385424596103547e-01,8.010578136894110912e-01,1.068077084919220709e+00
6.535000000000000000e+02,2.666479767371154885e-01,5.332959534742309771e-01,7.999439302113326988e-01,1.066591906948461954e+00
6.540000000000000000e+02,2.662774435286956454e-01,5.325548870573912907e-01,7.988323305860731693e-01,1.065109774114782581e+00
6.545000000000000000e+02,2.659071821950731440e-01,5.318143643901462880e-01,7.977215465851923426e-01,1.063628728780292576e+00
6.550000000000000000e+02,2.655376767554424866e-01,5.310753535108849732e-01,7.966130302663412266e-01,1.062150707021769946e+00
6.555000000000000000e+02,2.651684456841811866e-01,5.303368913683623731e-01,7.955053370525106970e-01,1.060673782736724746e+00
6.560000000000000000e+02,2.647999651847019464e-01,5.295999303694038929e-01,7.943998955541022866e-01,1.059199860738807786e+00
6.565000000000000000e+02,2.644317614875402178e-01,5.288635229750804356e-01,7.932952844625891231e-01,1.057727045950160871e+00
6.570000000000000000e+02,2.640643031069780378e-01,5.281286062139560755e-01,7.921929093209012507e-01,1.056257212427912151e+00
6.575000000000000000e+02,2.636971239041159265e-01,5.273942478082318530e-01,7.910913717122802780e-01,1.054788495616463706e+00
6.580000000000000000e+02,2.633306848286571800e-01,5.266613696573143599e-01,7.899920544859249105e-01,1.053322739314628720e+00
6.585000000000000000e+02,2.629645272487004526e-01,5.259290544974009052e-01,7.888935817460378530e-01,1.051858108994801810e+00
6.590000000000000000e+02,2.625991046719007294e-01,5.251982093438014587e-01,7.877973140156733223e-01,1.050396418687602917e+00
6.595000000000000000e+02,2.622339658518457739e-01,5.244679317036915478e-01,7.867018975554795901e-01,1.048935863407383096e+00
6.600000000000000000e+02,2.618695569746680718e-01,5.237391139493361436e-01,7.856086709239669119e-01,1.047478227898672287e+00
6.605000000000000000e+02,2.615054340598645943e-01,5.230108681197291887e-01,7.845163021795755753e-01,1.046021736239458377e+00
6.610000000000000000e+02,2.611420360906291371e-01,5.222840721812582743e-01,7.834261082718665392e-01,1.044568144362516549e+00
6.615000000000000000e+02,2.607789262347508519e-01,5.215578524695017038e-01,7.823367787042343480e-01,1.043115704939003408e+00
6.620000000000000000e+02,2.604165363891266516e-01,5.208330727782533032e-01,7.812496091673821752e-01,1.041666145556506606e+00
6.625000000000000000e+02,2.600544367541357538e-01,5.201088735082715075e-01,7.801633102624254690e-01,1.040217747016543015e+00
6.630000000000000000e+02,2.596930522551379461e-01,5.193861045102758922e-01,7.790791567654515859e-01,1.038772209020551784e+00
6.635000000000000000e+02,2.593319600112820034e-01,5.186639200225640067e-01,7.779958800338757641e-01,1.037327840045128013e+00
6.640000000000000000e+02,2.589715780892585251e-01,5.179431561785170501e-01,7.769147342677893420e-01,1.035886312357034100e+00
6.645000000000000000e+02,2.586114904149958704e-01,5.172229808299917408e-01,7.758344712450035985e-01,1.034445961659983482e+00
6.650000000000000000e+02,2.582521083075786095e-01,5.165042166151572189e-01,7.747563249227429338e-01,1.033008433230314438e+00
6.655000000000000000e+02,2.578930223895978813e-01,5.157860447791957625e-01,7.736790671688105192e-01,1.031572089558391525e+00
6.660000000000000000e+02,2.575346373417355395e-01,5.150692746834710789e-01,7.726039120252128356e-01,1.030138549366942158e+00
6.665000000000000000e+02,2.571765503748912884e-01,5.143531007497825769e-01,7.715296511246840794e-01,1.028706201499565154e+00
6.670000000000000000e+02,2.568191596388174069e-01,5.136383192776348139e-01,7.704574789164873039e-01,1.027276638555269628e+00
6.675000000000000000e+02,2.564620688261216586e-01,5.129241376522433171e-01,7.693862064783996146e-01,1.025848275304486634e+00
6.680000000000000000e+02,2.561056696613315253e-01,5.122113393226630507e-01,7.683170089840221095e-01,1.024422678645326101e+00
6.685000000000000000e+02,2.557495722139120353e-01,5.114991444278240706e-01,7.672487166417667481e-01,1.022998288855648141e+00
6.690000000000000000e+02,2.553941618871613528e-01,5.107883237743227056e-01,7.661824856615471191e-01,1.021576647548645411e+00
6.695000000000000000e+02,2.550390550242500609e-01,5.100781100485001218e-01,7.651171650727892626e-01,1.020156220097000244e+00
6.700000000000000000e+02,2.546846308095251921e-01,5.093692616190503841e-01,7.640538924286399691e-01,1.018738523238100768e+00
6.705000000000000000e+02,2.543305117584013786e-01,5.086610235168027572e-01,7.629915352752423274e-01,1.017322047033605514e+00
6.710000000000000000e+02,2.539770709369508772e-01,5.079541418739017544e-01,7.619312128108877147e-01,1.015908283747803509e+00
6.715000000000000000e+02,2.536239369329451598e-01,5.072478738658903197e-01,7.608718107988892143e-01,1.014495747731780639e+00
6.720000000000000000e+02,2.532714767931851796e-01,5.065429535863703592e-01,7.598144303796310339e-01,1.013085907172740718e+00
6.725000000000000000e+02,2.529193250796293313e-01,5.058386501592586626e-01,7.587579752389430610e-01,1.011677300318517325e+00
6.730000000000000000e+02,2.525678429172124595e-01,5.051356858344249190e-01,7.577035287516835638e-01,1.010271371668849838e+00
6.735000000000000000e+02,2.522166707454265300e-01,5.044333414908530600e-01,7.566500122363191139e-01,1.008866682981706120e+00
6.740000000000000000e+02,2.518661638631449762e-01,5.037323277262899524e-01,7.555984915894633502e-01,1.007464655452579905e+00
6.745000000000000000e+02,2.515159684924128669e-01,5.030319369848257338e-01,7.545479054772510352e-01,1.006063873969651468e+00
6.750000000000000000e+02,2.511664342002726258e-01,5.023328684005452516e-01,7.534993026008205419e-01,1.004665736801090503e+00
6.755000000000000000e+02,2.508172128977927962e-01,5.016344257955855923e-01,7.524516386933779444e-01,1.003268851591171185e+00
6.760000000000000000e+02,2.504686485129248297e-01,5.009372970258496593e-01,7.514059455387691600e-01,1.001874594051699319e+00
6.765000000000000000e+02,2.501203985537934216e-01,5.002407971075868431e-01,7.503611956613998046e-01,1.000481594215173686e+00
6.770000000000000000e+02,2.497728014004789721e-01,4.995456028009579441e-01,7.493184042014657820e-01,9.990912056019158882e-01
6.775000000000000000e+02,2.494255200676831485e-01,4.988510401353662971e-01,7.482765602030685415e-01,9.977020802707325942e-01
6.780000000000000000e+02,2.490788874773235406e-01,4.981577749546470812e-01,7.472366624320176953e-01,9.963155499092941625e-01
6.785000000000000000e+02,2.487325720616779812e-01,4.974651441233559623e-01,7.461977161850832374e-01,9.949302882467119247e-01
6.790000000000000000e+02,2.483869013728008390e-01,4.967738027456016781e-01,7.451607041184686864e-01,9.935476054912033561e-01
6.795000000000000000e+02,2.480415491729583977e-01,4.960830983459167953e-01,7.441246475189355891e-01,9.921661966918335906e-01
6.800000000000000000e+02,2.476968377311665748e-01,4.953936754623331495e-01,7.430905131935592323e-01,9.907873509246662991e-01
6.805000000000000000e+02,2.473524460535596603e-01,4.947048921071193206e-01,7.420573381607074026e-01,9.894097842142386412e-01
6.810000000000000000e+02,2.470086912115565525e-01,4.940173824231131050e-01,7.410260736346696575e-01,9.880347648462262100e-01
6.815000000000000000e+02,2.466652573703882467e-01,4.933305147407764935e-01,7.399957721111665165e-01,9.866610294815529869e-01
6.820000000000000000e+02,2.463224564879196166e-01,4.926449129758392331e-01,7.389673694637721724e-01,9.852898259516784663e-01
6.825000000000000000e+02,2.459799778051525720e-01,4.919599556103051441e-01,7.379399334154168599e-01,9.839199112206102882e-01
6.830000000000000000e+02,2.456381282490385232e-01,4.912762564980770463e-01,7.369143847470951414e-01,9.825525129961540927e-01
6.835000000000000000e+02,2.452966020543083658e-01,4.905932041086167317e-01,7.358898061629375320e-01,9.811864082172334633e-01
6.840000000000000000e+02,2.449557011984015986e-01,4.899114023968031972e-01,7.348671035951852559e-01,9.798228047936063945e-01
6.845000000000000000e+02,2.446151248290724389e-01,4.892302496581448779e-01,7.338453744871884510e-01,9.784604993162897557e-01
6.850000000000000000e+02,2.442751700542267201e-01,4.885503401084534403e-01,7.328255101626446333e-01,9.771006802169068806e-01
6.855000000000000000e+02,2.439355408553134374e-01,4.878710817106268749e-01,7.318066225659070057e-01,9.757421634212537498e-01
6.860000000000000000e+02,2.435965295494111338e-01,4.871930590988222676e-01,7.307895886482054237e-01,9.743861181976445351e-01
6.865000000000000000e+02,2.432578448735696064e-01,4.865156897471392128e-01,7.297735346206657425e-01,9.730313794942784256e-01
6.870000000000000000e+02,2.429197744314715024e-01,4.858395488629430048e-01,7.287593232943994082e-01,9.716790977258860096e-01
6.875000000000000000e+02,2.425820316389559750e-01,4.851640632779119500e-01,7.277460949168510496e-01,9.703281265558238999e-01
6.880000000000000000e+02,2.422448994625159280e-01,4.844897989250318560e-01,7.267346983875455635e-01,9.689795978500637119e-01
6.885000000000000000e+02,2.419080959211883375e-01,4.838161918423766750e-01,7.257242877635743383e-01,9.676323836847533499e-01
6.890000000000000000e+02,2.415718994192093128e-01,4.831437988384186255e-01,7.247156982576576922e-01,9.662875976768372510e-01
6.895000000000000000e+02,2.412360325044771159e-01,4.824720650089542318e-01,7.237080975134642102e-01,9.649441300179084635e-01
6.900000000000000000e+02,2.409007690927165157e-01,4.818015381854330315e-01,7.227023072781477708e-01,9.636030763708660629e-01
6.905000000000000000e+02,2.405658361875349094e-01,4.811316723750698188e-01,7.216975085625705333e-01,9.622633447501396375e-01
6.910000000000000000e+02,2.402315032886570556e-01,4.804630065773141112e-01,7.206945098659396365e-01,9.609260131546282224e-01
6.915000000000000000e+02,2.398975017834796830e-01,4.797950035669593660e-01,7.196925053503999692e-01,9.595900071339187321e-01
6.920000000000000000e+02,2.395640968270966731e-01,4.791281936541933462e-01,7.186922904812735879e-01,9.582563873083866923e-01
6.925000000000000000e+02,2.392310241198840615e-01,4.784620482397681229e-01,7.176930723596441908e-01,9.569240964795362459e-01
6.930000000000000000e+02,2.388985445424971488e-01,4.777970890849942975e-01,7.166956336274825645e-01,9.555941781699885951e-01
6.935000000000000000e+02,2.385663980386576455e-01,4.771327960773152910e-01,7.156991941159507320e-01,9.542655921546305819e-01
6.940000000000000000e+02,2.382348412836354790e-01,4.764696825672709579e-01,7.147045238509104337e-01,9.529393651345419158e-01
6.945000000000000000e+02,2.379036183960199224e-01,4.758072367920398449e-01,7.137108551880828600e-01,9.516144735840796898e-01
6.950000000000000000e+02,2.375729819136265242e-01,4.751459638272530484e-01,7.127189457408995565e-01,9.502919276545060967e-01
6.955000000000000000e+02,2.372426800625095922e-01,4.744853601250191844e-01,7.117280401875554219e-01,9.489707202500383687e-01
6.960000000000000000e+02,2.369129613098506226e-01,4.738259226197012453e-01,7.107388839295882832e-01,9.476518452394024905e-01
6.965000000000000000e+02,2.365835779228748770e-01,4.731671558457497540e-01,7.097507337686685958e-01,9.463343116914995079e-01
6.970000000000000000e+02,2.362547743639060727e-01,4.725095487278121453e-01,7.087643230917848314e-01,9.450190974556242907e-01
6.975000000000000000e+02,2.359263068760908411e-01,4.718526137521816821e-01,7.077789206283604528e-01,9.437052275043633642e-01
6.980000000000000000e+02,2.355984159815904810e-01,4.711968319631809621e-01,7.067952479448180725e-01,9.423936639263619242e-01
6.985000000000000000e+02,2.352708618353056558e-01,4.705417236706113115e-01,7.058125855059920184e-01,9.410834473412226231e-01
6.990000000000000000e+02,2.349438810828403668e-01,4.698877621656807335e-01,7.048316432485908223e-01,9.397755243313614670e-01
6.995000000000000000e+02,2.346172377277633281e-01,4.692344754555266562e-01,7.038517131833561535e-01,9.384689509110533123e-01
7.000000000000000000e+02,2.342911646017169502e-01,4.685823292034339005e-01,7.028734938052387804e-01,9.371646584068678010e-01
7.005000000000000000e+02,2.339654294948134705e-01,4.679308589896269410e-01,7.018962884845247885e-01,9.358617179792538820e-01
7.010000000000000000e+02,2.336402614863422045e-01,4.672805229726844090e-01,7.009207844591074377e-01,9.345610459453688179e-01
7.015000000000000000e+02,2.333154320918588986e-01,4.666308641837177973e-01,6.999462962756375362e-01,9.332617283674355946e-01
7.020000000000000000e+02,2.329911666988895291e-01,4.659823333977790583e-01,6.989735000967147727e-01,9.319646667955581165e-01
7.025000000000000000e+02,2.326672404883098899e-01,4.653344809766197798e-01,6.980017214649638646e-01,9.306689619532395596e-01
7.030000000000000000e+02,2.323438752154989295e-01,4.646877504309978590e-01,6.970316256465203253e-01,9.293755008619957181e-01
7.035000000000000000e+02,2.320208496675433274e-01,4.640416993350866548e-01,6.960625490026508544e-01,9.280833986701733096e-01
7.040000000000000000e+02,2.316983820262858984e-01,4.633967640525717968e-01,6.950951460788949987e-01,9.267935281051435936e-01
7.045000000000000000e+02,2.313762546268534059e-01,4.627525092537068119e-01,6.941287638806112881e-01,9.255050185074136238e-01
7.050000000000000000e+02,2.310546821352703617e-01,4.621093642705407234e-01,6.931640464058652640e-01,9.242187285410814468e-01
7.055000000000000000e+02,2.307334503774565171e-01,4.614669007549130342e-01,6.922003511323993052e-01,9.229338015098260684e-01
7.060000000000000000e+02,2.304127705603673526e-01,4.608255411207347052e-01,6.912383116811451345e-01,9.216510822414694104e-01
7.065000000000000000e+02,2.300924319444139776e-01,4.601848638888279552e-01,6.902772958332672459e-01,9.203697277776559105e-01
7.070000000000000000e+02,2.297726423333092960e-01,4.595452846666185920e-01,6.893179269999709646e-01,9.190905693332371840e-01
7.075000000000000000e+02,2.294531943665867324e-01,4.589063887331734648e-01,6.883595830997908394e-01,9.178127774663469296e-01
7.080000000000000000e+02,2.291342924996553343e-01,4.582685849993106686e-01,6.874028774990161850e-01,9.165371699986213372e-01
7.085000000000000000e+02,2.288157326966566707e-01,4.576314653933133414e-01,6.864471980899988779e-01,9.152629307866266828e-01
7.090000000000000000e+02,2.284977161187073946e-01,4.569954322374147893e-01,6.854931483561959027e-01,9.139908644748295785e-01
7.095000000000000000e+02,2.281800420009765240e-01,4.563600840019530480e-01,6.845401260029877477e-01,9.127201680039060960e-01
7.100000000000000000e+02,2.278629082634910930e-01,4.557258165269821859e-01,6.835887247905603203e-01,9.114516330539643718e-01
7.105000000000000000e+02,2.275461173596760034e-01,4.550922347193520068e-01,6.826383520790884063e-01,9.101844694387040136e-01
7.110000000000000000e+02,2.272298640207441878e-01,4.544597280414883755e-01,6.816895920623018412e-01,9.089194560829767511e-01
7.115000000000000000e+02,2.269139538664992628e-01,4.538279077329985256e-01,6.807418615995377564e-01,9.076558154659970512e-01
7.120000000000000000e+02,2.265985784908273182e-01,4.531971569816546364e-01,6.797957354725454593e-01,9.063943139633092727e-01
7.125000000000000000e+02,2.262835466288461994e-01,4.525670932576923988e-01,6.788506398865603586e-01,9.051341865153847976e-01
7.130000000000000000e+02,2.259690467877151221e-01,4.519380935754302442e-01,6.779071403632048742e-01,9.038761871508604884e-01
7.135000000000000000e+02,2.256548907676712012e-01,4.513097815353424025e-01,6.769646723030611213e-01,9.026195630706848050e-01
7.140000000000000000e+02,2.253412640389691468e-01,4.506825280779382936e-01,6.760237921169309772e-01,9.013650561558765872e-01
7.145000000000000000e+02,2.250279814175146775e-01,4.500559628350293551e-01,6.750839442525773393e-01,9.001119256700587101e-01
7.150000000000000000e+02,2.247152253856596893e-01,4.494304507713193786e-01,6.741456761570177036e-01,8.988609015426387572e-01
7.155000000000000000e+02,2.244028137264177936e-01,4.488056274528355871e-01,6.732084411792644829e-01,8.976112549056711742e-01
7.160000000000000000e+02,2.240909259823888888e-01,4.481818519647777777e-01,6.722727779472137399e-01,8.963637039295555553e-01
7.165000000000000000e+02,2.237793828558776177e-01,4.475587657117552354e-01,6.713381485676563898e-01,8.951175314235104707e-01
7.170000000000000000e+02,2.234683609971956919e-01,4.469367219943913838e-01,6.704050829916408105e-01,8.938734439887827676e-01
7.175000000000000000e+02,2.231576839808688817e-01,4.463153679617377634e-01,6.694730519426244086e-01,8.926307359234755268e-01
7.180000000000000000e+02,2.228475256115554082e-01,4.456950512231108164e-01,6.685425768347261766e-01,8.913901024462216327e-01
7.185000000000000000e+02,2.225377122897307380e-01,4.450754245794614761e-01,6.676131368692370671e-01,8.901508491589229521e-01
7.190000000000000000e+02,2.222284150203202024e-01,4.444568300406404049e-01,6.666852450610232239e-01,8.889136600812808098e-01
7.195000000000000000e+02,2.219194629841991784e-01,4.438389259683983568e-01,6.657583889526215160e-01,8.876778519367967135e-01
7.200000000000000000e+02,2.216110244316911171e-01,4.432220488633822342e-01,6.648330732951261979e-01,8.864440977267644683e-01
7.205000000000000000e+02,2.213029312793093339e-01,4.426058625586186679e-01,6.639087938379404363e-01,8.852117251172373358e-01
7.210000000000000000e+02,2.209953490672003085e-01,4.419906981344006169e-01,6.629860472016115835e-01,8.839813962688012339e-01
7.215000000000000000e+02,2.206881124033981401e-01,4.413762248067962801e-01,6.620643372101966406e-01,8.827524496135925602e-01
7.220000000000000000e+02,2.203813841616155678e-01,4.407627683232311355e-01,6.611441524848764573e-01,8.815255366464622711e-01
7.225000000000000000e+02,2.200750015980625918e-01,4.401500031961251835e-01,6.602250047942082034e-01,8.803000063922503671e-01
7.230000000000000000e+02,2.197691249629851740e-01,4.395382499259703479e-01,6.593073748889768382e-01,8.790764998519406959e-01
7.235000000000000000e+02,2.194635941181029004e-01,4.389271882362058008e-01,6.583907823543349025e-01,8.778543764724116016e-01
7.240000000000000000e+02,2.191585667325255393e-01,4.383171334650510786e-01,6.574757001975903847e-01,8.766342669301021573e-01
7.245000000000000000e+02,2.188538852315149441e-01,4.377077704630298882e-01,6.565616556945634841e-01,8.754155409260597764e-01
7.250000000000000000e+02,2.185497047446314234e-01,4.370994094892628468e-01,6.556491142339133660e-01,8.741988189785256935e-01
7.255000000000000000e+02,2.182458702194183253e-01,4.364917404388366506e-01,6.547376106582625255e-01,8.729834808776733013e-01
7.260000000000000000e+02,2.179425342868386295e-01,4.358850685736772590e-01,6.538276028605078949e-01,8.717701371473545180e-01
7.265000000000000000e+02,2.176395443760581472e-01,4.352790887521162944e-01,6.529186331281824351e-01,8.705581775042325887e-01
7.270000000000000000e+02,2.173370506597382956e-01,4.346741013194765912e-01,6.520111519792219923e-01,8.693482026389531825e-01
7.275000000000000000e+02,2.170349030087397324e-01,4.340698060174794648e-01,6.511047090262174208e-01,8.681396120349589296e-01
7.280000000000000000e+02,2.167332491770150860e-01,4.334664983540301719e-01,6.501997475310474783e-01,8.669329967080603438e-01
7.285000000000000000e+02,2.164319414378033102e-01,4.328638828756066204e-01,6.492958243134054896e-01,8.657277657512132407e-01
7.290000000000000000e+02,2.161311251653468268e-01,4.322622503306936537e-01,6.483933754960506946e-01,8.645245006613873073e-01
7.295000000000000000e+02,2.158306549965884891e-01,4.316613099931769781e-01,6.474919649897667995e-01,8.633226199863539563e-01
7.300000000000000000e+02,2.155306739644222702e-01,4.310613479288445404e-01,6.465920218932659225e-01,8.621226958576890809e-01
7.305000000000000000e+02,2.152310390314049471e-01,4.304620780628098942e-01,6.456931170942237230e-01,8.609241561256197883e-01
7.310000000000000000e+02,2.149318909268354005e-01,4.298637818536708011e-01,6.447956727805319588e-01,8.597275637073416021e-01
7.315000000000000000e+02,2.146330889014786969e-01,4.292661778029573938e-01,6.438992667044427520e-01,8.585323556059147876e-01
7.320000000000000000e+02,2.143347714181329522e-01,4.286695428362659044e-01,6.430043142544228374e-01,8.573390856725318088e-01
7.325000000000000000e+02,2.140367999789241082e-01,4.280735999578482165e-01,6.421103999367971937e-01,8.561471999156964330e-01
7.330000000000000000e+02,2.137393108167016109e-01,4.274786216334032218e-01,6.412179324501536826e-01,8.549572432668064437e-01
7.335000000000000000e+02,2.134421676487194830e-01,4.268843352974389660e-01,6.403265029462072988e-01,8.537686705948779320e-01
7.340000000000000000e+02,2.131455045138070936e-01,4.262910090276141872e-01,6.394365135414670220e-01,8.525820180552283745e-01
7.345000000000000000e+02,2.128491873086697517e-01,4.256983746173395033e-01,6.385475619260443381e-01,8.513967492346790067e-01
7.350000000000000000e+02,2.125533479134840142e-01,4.251066958269680285e-01,6.376600437404800203e-01,8.502133916539360570e-01
7.355000000000000000e+02,2.122578543693443009e-01,4.245157087386886019e-01,6.367735631080382319e-01,8.490314174773772038e-01
7.360000000000000000e+02,2.119628364325385483e-01,4.239256728650770967e-01,6.358885092976294118e-01,8.478513457301541933e-01
7.365000000000000000e+02,2.116681642540556574e-01,4.233363285081113148e-01,6.350044927621762980e-01,8.466726570162226295e-01
7.370000000000000000e+02,2.113739655005280049e-01,4.227479310010560098e-01,6.341218965015862352e-01,8.454958620021120197e-01
7.375000000000000000e+02,2.110801123988532702e-01,4.221602247977065403e-01,6.332403371965735772e-01,8.443204495954130806e-01
7.380000000000000000e+02,2.107867305596879959e-01,4.215734611193759918e-01,6.323601916790639876e-01,8.431469222387519835e-01
7.385000000000000000e+02,2.104936942524502363e-01,4.209873885049004727e-01,6.314810827573662522e-01,8.419747770098009454e-01
7.390000000000000000e+02,2.102011270649257746e-01,4.204022541298515492e-01,6.306033811947724388e-01,8.408045082597030984e-01
7.395000000000000000e+02,2.099089052762015406e-01,4.198178105524030812e-01,6.297267158286334876e-01,8.396356211048061624e-01
7.400000000000000000e+02,2.096171504837807120e-01,4.192343009675614240e-01,6.288514514513412479e-01,8.384686019351228481e-01
7.405000000000000000e+02,2.093257409440769656e-01,4.186514818881539313e-01,6.279772228322553218e-01,8.373029637763078625e-01
7.410000000000000000e+02,2.090347962963670092e-01,4.180695925927340184e-01,6.271043888891245643e-01,8.361391851854680368e-01
7.415000000000000000e+02,2.087441967426060252e-01,4.174883934852120504e-01,6.262325902278611522e-01,8.349767869704241008e-01
7.420000000000000000e+02,2.084540599953750295e-01,4.169081199907500590e-01,6.253621799861548425e-01,8.338162399815001180e-01
7.425000000000000000e+02,2.081642681708686382e-01,4.163285363417372764e-01,6.244928045126307836e-01,8.326570726834745528e-01
7.430000000000000000e+02,2.078749370860117907e-01,4.157498741720235813e-01,6.236248112580664582e-01,8.314997483440471626e-01
7.435000000000000000e+02,2.075859507404413939e-01,4.151719014808827879e-01,6.227578522213299550e-01,8.303438029617655758e-01
7.440000000000000000e+02,2.072974230859649936e-01,4.145948461719299871e-01,6.218922692579020861e-01,8.291896923438599742e-01
7.445000000000000000e+02,2.070092399753580281e-01,4.140184799507160562e-01,6.210277199260900716e-01,8.280369599014321125e-01
7.450000000000000000e+02,2.067215135253617220e-01,4.134430270507234439e-01,6.201645405761020413e-01,8.268860541014468879e-01
7.455000000000000000e+02,2.064341314121009852e-01,4.128682628242019703e-01,6.193023942363318213e-01,8.257365256484039406e-01
7.460000000000000000e+02,2.061472039467791006e-01,4.122944078935582013e-01,6.184416118403568419e-01,8.245888157871164026e-01
7.465000000000000000e+02,2.058606205995512362e-01,4.117212411991024723e-01,6.175818617986763570e-01,8.234424823982049446e-01
7.470000000000000000e+02,2.055744899051683561e-01,4.111489798103367121e-01,6.167234697155148382e-01,8.222979596206734243e-01
7.475000000000000000e+02,2.052887030989545281e-01,4.105774061979090561e-01,6.158661092968689132e-01,8.211548123958181122e-01
7.480000000000000000e+02,2.050033669678121839e-01,4.100067339356243679e-01,6.150101009034312227e-01,8.200134678712487357e-01
7.485000000000000000e+02,2.047183744838614317e-01,4.094367489677228633e-01,6.141551234516047231e-01,8.188734979354457266e-01
7.490000000000000000e+02,2.044338307143154232e-01,4.088676614286308464e-01,6.133014921429307265e-01,8.177353228572616928e-01
7.495000000000000000e+02,2.041496303401544310e-01,4.082992606803088620e-01,6.124488910204739511e-01,8.165985213606177240e-01
7.500000000000000000e+02,2.038658767365699731e-01,4.077317534731399462e-01,6.115976302097010375e-01,8.154635069462798924e-01
7.505000000000000000e+02,2.035824662659577733e-01,4.071649325319155466e-01,6.107473987978639940e-01,8.143298650638310932e-01
7.510000000000000000e+02,2.032995006387174897e-01,4.065990012774349793e-01,6.098985019161329291e-01,8.131980025548699587e-01
7.515000000000000000e+02,2.030168778716263667e-01,4.060337557432527333e-01,6.090506336148617805e-01,8.120675114865054667e-01
7.520000000000000000e+02,2.027346980370952068e-01,4.054693960741904135e-01,6.082040941112634158e-01,8.109387921483808270e-01
7.525000000000000000e+02,2.024528607796960422e-01,4.049057215593920844e-01,6.073585823390654781e-01,8.098114431187841689e-01
7.530000000000000000e+02,2.021714645602368243e-01,4.043429291204736487e-01,6.065143936806922653e-01,8.086858582409472973e-01
7.535000000000000000e+02,2.018904106248924357e-01,4.037808212497848714e-01,6.056712318746519941e-01,8.075616424995697429e-01
7.540000000000000000e+02,2.016097958488112241e-01,4.032195916976224481e-01,6.048293875463972569e-01,8.064391833952448962e-01
7.545000000000000000e+02,2.013295230540430580e-01,4.026590461080861161e-01,6.039885691621069697e-01,8.053180922161722322e-01
7.550000000000000000e+02,2.010496875556029295e-01,4.020993751112058590e-01,6.031490626667750377e-01,8.041987502224117179e-01
7.555000000000000000e+02,2.007701937260764069e-01,4.015403874521528138e-01,6.023105811782052399e-01,8.030807749043056276e-01
7.560000000000000000e+02,2.004911353454628120e-01,4.009822706909256240e-01,6.014734060363569057e-01,8.019645413818512480e-01
7.565000000000000000e+02,2.002124183119815548e-01,4.004248366239631096e-01,6.006372549359308977e-01,8.008496732479262192e-01
7.570000000000000000e+02,1.999341348953014297e-01,3.998682697906028594e-01,5.998024046858763114e-01,7.997365395812057187e-01
7.575000000000000000e+02,1.996561924947624078e-01,3.993123849895248156e-01,5.989685774842783417e-01,7.986247699790496313e-01
7.580000000000000000e+02,1.993786818940335159e-01,3.987573637880670319e-01,5.981360456820663529e-01,7.975147275761340637e-01
7.585000000000000000e+02,1.991015119694341529e-01,3.982030239388683057e-01,5.973045359083162253e-01,7.964060478777366114e-01
7.590000000000000000e+02,1.988247720425402321e-01,3.976495440850804641e-01,5.964743161275993799e-01,7.952990881701609283e-01
7.595000000000000000e+02,1.985483724429655261e-01,3.970967448859310522e-01,5.956451173288721535e-01,7.941934897718621045e-01
7.600000000000000000e+02,1.982724010536713877e-01,3.965448021073427753e-01,5.948172031609990640e-01,7.930896042146855507e-01
7.605000000000000000e+02,1.979967696342153083e-01,3.959935392684306166e-01,5.939903089026499217e-01,7.919870785368612331e-01
7.610000000000000000e+02,1.977215646521566228e-01,3.954431293043132456e-01,5.931646939564583221e-01,7.908862586086264912e-01
7.615000000000000000e+02,1.974466992739905002e-01,3.948933985479810005e-01,5.923400978219719448e-01,7.897867970959620010e-01
7.620000000000000000e+02,1.971722585746236156e-01,3.943445171492472312e-01,5.915167757238721791e-01,7.886890342984944624e-01
7.625000000000000000e+02,1.968981571049237544e-01,3.937963142098475089e-01,5.906944713147872505e-01,7.875926284196950178e-01
7.630000000000000000e+02,1.966244785695425712e-01,3.932489571390851424e-01,5.898734357086325986e-01,7.864979142781702848e-01
7.635000000000000000e+02,1.963511388814809244e-01,3.927022777629618489e-01,5.890534166444503228e-01,7.854045555259236977e-01
7.640000000000000000e+02,1.960782203971911386e-01,3.921564407943822772e-01,5.882346611915671986e-01,7.843128815887645544e-01
7.645000000000000000e+02,1.958056403699202086e-01,3.916112807398404172e-01,5.874169211097486354e-01,7.832225614796808344e-01
7.650000000000000000e+02,1.955334798296237686e-01,3.910669596592475372e-01,5.866004394888548745e-01,7.821339193184950744e-01
7.655000000000000000e+02,1.952616573482743867e-01,3.905233146965487734e-01,5.857849720447916297e-01,7.810466293930975468e-01
7.660000000000000000e+02,1.949902526506592793e-01,3.899805053013185585e-01,5.849707579519280998e-01,7.799610106026371170e-01
7.665000000000000000e+02,1.947191856062753246e-01,3.894383712125506491e-01,5.841575568188011047e-01,7.788767424251012983e-01
7.670000000000000000e+02,1.944485346557809358e-01,3.888970693115618715e-01,5.833456039672988425e-01,7.777941386231237431e-01
7.675000000000000000e+02,1.941782209453837282e-01,3.883564418907674565e-01,5.825346628361138812e-01,7.767128837815349129e-01
7.680000000000000000e+02,1.939083216522110575e-01,3.878166433044221151e-01,5.817249649565878755e-01,7.756332866088442302e-01
7.685000000000000000e+02,1.936387591786998819e-01,3.872775183573997637e-01,5.809162775360610098e-01,7.745550367147995274e-01
7.690000000000000000e+02,1.933696094587871173e-01,3.867392189175742345e-01,5.801088283763133902e-01,7.734784378351484690e-01
7.695000000000000000e+02,1.931007961309578747e-01,3.862015922619157493e-01,5.793023883928389850e-01,7.724031845238314986e-01
7.700000000000000000e+02,1.928323939059621850e-01,3.856647878119243700e-01,5.784971817178430342e-01,7.713295756238487400e-01
7.705000000000000000e+02,1.925643276385060609e-01,3.851286552770121219e-01,5.776929829154662244e-01,7.702573105540242437e-01
7.710000000000000000e+02,1.922966708358013754e-01,3.845933416716027509e-01,5.768900125073619378e-01,7.691866833432055017e-01
7.715000000000000000e+02,1.920293495492479963e-01,3.840586990984959925e-01,5.760880486476755991e-01,7.681173981969919851e-01
7.720000000000000000e+02,1.917624361018916979e-01,3.835248722037833957e-01,5.752873083056186942e-01,7.670497444075667914e-01
7.725000000000000000e+02,1.914958577226055780e-01,3.829917154452111561e-01,5.744875731677758779e-01,7.659834308904223121e-01
7.730000000000000000e+02,1.912296855693385034e-01,3.824593711386770067e-01,5.736890567079830916e-01,7.649187422773540135e-01
7.735000000000000000e+02,1.909638480295332563e-01,3.819276960590665126e-01,5.728915440885886667e-01,7.638553921181330253e-01
7.740000000000000000e+02,1.906984151147712581e-01,3.813968302295425161e-01,5.720952453442729180e-01,7.627936604590850322e-01
7.745000000000000000e+02,1.904333163524576378e-01,3.808666327049152756e-01,5.712999490573391626e-01,7.617332654098305511e-01
7.750000000000000000e+02,1.901686206262307444e-01,3.803372412524614887e-01,5.705058618786509328e-01,7.606744825049229775e-01
7.755000000000000000e+02,1.899042585852122045e-01,3.798085171704244090e-01,5.697127757555966454e-01,7.596170343408488179e-01
7.760000000000000000e+02,1.896402980032103613e-01,3.792805960064207227e-01,5.689208940096008860e-01,7.585611920128414454e-01
7.765000000000000000e+02,1.893766706330550775e-01,3.787533412661101551e-01,5.681300118991181591e-01,7.575066825322203101e-01
7.770000000000000000e+02,1.891134431565948404e-01,3.782268863131896808e-01,5.673403294697392241e-01,7.564537726263793616e-01
7.775000000000000000e+02,1.888505484126228318e-01,3.777010968252456635e-01,5.665516452378218659e-01,7.554021936504913270e-01
7.780000000000000000e+02,1.885880520086029577e-01,3.771761040172059154e-01,5.657641560257689051e-01,7.543522080344118308e-01
7.785000000000000000e+02,1.883258878518905277e-01,3.766517757037810554e-01,5.649776635556360560e-01,7.533035514075621109e-01
7.790000000000000000e+02,1.880641204928079624e-01,3.761282409856159248e-01,5.641923614783745933e-01,7.522564819712318496e-01
7.795000000000000000e+02,1.878026848901406254e-01,3.756053697802812508e-01,5.634080546703668091e-01,7.512107395605625015e-01
7.800000000000000000e+02,1.875416445540691868e-01,3.750832891081383735e-01,5.626249336621542696e-01,7.501665782162767471e-01
7.805000000000000000e+02,1.872809354779301216e-01,3.745618709558602433e-01,5.618428064337468442e-01,7.491237419117204865e-01
7.810000000000000000e+02,1.870206201485102859e-01,3.740412402970205719e-01,5.610618604454762348e-01,7.480824805940411437e-01
7.815000000000000000e+02,1.867606355770976556e-01,3.735212711541953112e-01,5.602819067312383439e-01,7.470425423083906225e-01
7.820000000000000000e+02,1.865010432435032506e-01,3.730020864870065012e-01,5.595031297304622342e-01,7.460041729740130023e-01
7.825000000000000000e+02,1.862417811606640328e-01,3.724835623213280655e-01,5.587253434819379194e-01,7.449671246426561311e-01
7.830000000000000000e+02,1.859829098176173368e-01,3.719658196352346735e-01,5.579487294528089336e-01,7.439316392704693470e-01
7.835000000000000000e+02,1.857243682128633111e-01,3.714487364257266222e-01,5.571731046385304253e-01,7.428974728514532444e-01
7.840000000000000000e+02,1.854662158605919764e-01,3.709324317211839528e-01,5.563986475817213062e-01,7.418648634423679056e-01
7.845000000000000000e+02,1.852083927290628651e-01,3.704167854581257302e-01,5.556251781871406337e-01,7.408335709162514604e-01
7.850000000000000000e+02,1.849509573732976975e-01,3.699019147465953949e-01,5.548528721198353608e-01,7.398038294931907899e-01
7.855000000000000000e+02,1.846938507157669385e-01,3.693877014315338769e-01,5.540815521472524097e-01,7.387754028630677539e-01
7.860000000000000000e+02,1.844371303677245777e-01,3.688742607354491554e-01,5.533113911031506404e-01,7.377485214708983108e-01
7.865000000000000000e+02,1.841807381905700147e-01,3.683614763811400294e-01,5.525422145716794020e-01,7.367229527622800589e-01
7.870000000000000000e+02,1.839247308669578196e-01,3.678494617339156392e-01,5.517741926008641329e-01,7.356989234678312783e-01
7.875000000000000000e+02,1.836690511821412741e-01,3.673381023642825483e-01,5.510071535464149406e-01,7.346762047285650965e-01
7.880000000000000000e+02,1.834137549051173544e-01,3.668275098102347087e-01,5.502412647153365199e-01,7.336550196204694174e-01
7.885000000000000000e+02,1.831587857301748556e-01,3.663175714603497113e-01,5.494763571904988098e-01,7.326351429206994226e-01
7.890000000000000000e+02,1.829041985273245352e-01,3.658083970546490704e-01,5.487125955819722734e-01,7.316167941092981408e-01
7.895000000000000000e+02,1.826499378853418953e-01,3.652998757706837907e-01,5.479498136560199129e-01,7.305997515413675814e-01
7.900000000000000000e+02,1.823960577897136837e-01,3.647921155794273673e-01,5.471881733691414951e-01,7.295842311588547346e-01
7.905000000000000000e+02,1.821425037093309385e-01,3.642850074186618770e-01,5.464275111280016972e-01,7.285700148373237539e-01
7.910000000000000000e+02,1.818893287593690289e-01,3.637786575187380578e-01,5.456679862781257384e-01,7.275573150374761155e-01
7.915000000000000000e+02,1.816364792747506840e-01,3.632729585495013680e-01,5.449094378242405057e-01,7.265459170990027360e-01
7.920000000000000000e+02,1.813840075143025032e-01,3.627680150286050065e-01,5.441520225428924107e-01,7.255360300572100130e-01
7.925000000000000000e+02,1.811318606651073360e-01,3.622637213302146719e-01,5.433955819952842603e-01,7.245274426604293438e-01
7.930000000000000000e+02,1.808800901434124420e-01,3.617601802868248839e-01,5.426402704302200064e-01,7.235203605736497678e-01
7.935000000000000000e+02,1.806286439747899486e-01,3.612572879495798972e-01,5.418859319243480854e-01,7.225145758991597944e-01
7.940000000000000000e+02,1.803775727464671519e-01,3.607551454929343038e-01,5.411327182393916857e-01,7.215102909858686075e-01
7.945000000000000000e+02,1.801268253090562155e-01,3.602536506181124309e-01,5.403804759271491065e-01,7.205073012362248619e-01
7.950000000000000000e+02,1.798764514340716048e-01,3.597529028681432095e-01,5.396293543022050443e-01,7.195058057362864190e-01
7.955000000000000000e+02,1.796264007839689647e-01,3.592528015679379294e-01,5.388792023518798047e-01,7.185056031358758588e-01
7.960000000000000000e+02,1.793767223276456768e-01,3.587534446552913536e-01,5.381301669829268164e-01,7.175068893105827073e-01
7.965000000000000000e+02,1.791273665263783954e-01,3.582547330527567908e-01,5.373820995791183108e-01,7.165094661055135816e-01
7.970000000000000000e+02,1.788783815593664173e-01,3.577567631187328345e-01,5.366351446780930345e-01,7.155135262374656691e-01
7.975000000000000000e+02,1.786297186739074228e-01,3.572594373478148455e-01,5.358891560217085015e-01,7.145188746956296910e-01
7.980000000000000000e+02,1.783814252721773741e-01,3.567628505443547482e-01,5.351442758165267932e-01,7.135257010887094964e-01
7.985000000000000000e+02,1.781334533749050486e-01,3.562669067498100972e-01,5.344003601247049318e-01,7.125338134996201944e-01
7.990000000000000000e+02,1.778858496197246453e-01,3.557716992394492905e-01,5.336575488591659422e-01,7.115433984788985811e-01
7.995000000000000000e+02,1.776385667884117225e-01,3.552771335768234451e-01,5.329157003652165159e-01,7.105542671536468902e-01
8.000000000000000000e+02,1.773916507663431119e-01,3.547833015326862238e-01,5.321749522989964731e-01,7.095666030653724476e-01
8.005000000000000000e+02,1.771450550841455751e-01,3.542901101682911502e-01,5.314351652524047509e-01,7.085802203365823004e-01
8.010000000000000000e+02,1.768988248870257962e-01,3.537976497740515924e-01,5.306964746610214334e-01,7.075952995481031849e-01
8.015000000000000000e+02,1.766529144424566766e-01,3.533058288849133532e-01,5.299587433273220682e-01,7.066116577698267065e-01
8.020000000000000000e+02,1.764073681673723470e-01,3.528147363347446941e-01,5.292221045020610859e-01,7.056294726694893882e-01
8.025000000000000000e+02,1.761621410543172672e-01,3.523242821086345344e-01,5.284864231628940701e-01,7.046485642172690689e-01
8.030000000000000000e+02,1.759172768036183498e-01,3.518345536072366997e-01,5.277518304107919889e-01,7.036691072144733994e-01
8.035000000000000000e+02,1.756727311212764597e-01,3.513454622425529195e-01,5.270181933637676508e-01,7.026909244851058389e-01
8.040000000000000000e+02,1.754285470025402915e-01,3.508570940050805831e-01,5.262856410075578140e-01,7.017141880101611662e-01
8.045000000000000000e+02,1.751846808554264889e-01,3.503693617108529779e-01,5.255540425662337256e-01,7.007387234217059557e-01
8.050000000000000000e+02,1.749411749814502315e-01,3.498823499629004630e-01,5.248235249443071737e-01,6.997646999258009259e-01
8.055000000000000000e+02,1.746979864794049320e-01,3.493959729588098639e-01,5.240939594381730515e-01,6.987919459176197279e-01
8.060000000000000000e+02,1.744551569681904724e-01,3.489103139363809447e-01,5.233654709045287845e-01,6.978206278727618894e-01
8.065000000000000000e+02,1.742126442263254305e-01,3.484252884526508609e-01,5.226379326789540869e-01,6.968505769053017218e-01
8.070000000000000000e+02,1.739704892010700554e-01,3.479409784021401109e-01,5.219114676031724187e-01,6.958819568042802217e-01
8.075000000000000000e+02,1.737286503397794668e-01,3.474573006795589336e-01,5.211859510193024292e-01,6.949146013591178672e-01
8.080000000000000000e+02,1.734871679288461088e-01,3.469743358576922176e-01,5.204615037865014671e-01,6.939486717153844353e-01
8.085000000000000000e+02,1.732460010737710832e-01,3.464920021475421663e-01,5.197380032212839396e-01,6.929840042950843326e-01
8.090000000000000000e+02,1.730051894107034194e-01,3.460103788214068388e-01,5.190155682320662933e-01,6.920207576428136775e-01
8.095000000000000000e+02,1.727646926927346449e-01,3.455293853854692898e-01,5.182940780781812862e-01,6.910587707709385796e-01
8.100000000000000000e+02,1.725245499162175733e-01,3.450490998324351466e-01,5.175736497486251864e-01,6.900981996648702932e-01
8.105000000000000000e+02,1.722847214714766650e-01,3.445694429429533301e-01,5.168541644144060143e-01,6.891388858859066602e-01
8.110000000000000000e+02,1.720452457253265344e-01,3.440904914506530687e-01,5.161357371759569546e-01,6.881809829013061375e-01
8.115000000000000000e+02,1.718060836951371684e-01,3.436121673902743368e-01,5.154182510853795307e-01,6.872243347805486735e-01
8.120000000000000000e+02,1.715672731283097718e-01,3.431345462566195437e-01,5.147018193848920120e-01,6.862690925132390873e-01
8.125000000000000000e+02,1.713287756592021260e-01,3.426575513184042521e-01,5.139863269775730714e-01,6.853151026368085041e-01
8.130000000000000000e+02,1.710906284257416310e-01,3.421812568514832620e-01,5.132718852771853690e-01,6.843625137029665240e-01
8.135000000000000000e+02,1.708527936694133054e-01,3.417055873388266107e-01,5.125583810082137148e-01,6.834111746776532215e-01
8.140000000000000000e+02,1.706153079284784546e-01,3.412306158569569092e-01,5.118459237854011690e-01,6.824612317139138185e-01
8.145000000000000000e+02,1.703781340418153434e-01,3.407562680836306868e-01,5.111344021254256020e-01,6.815125361672613735e-01
8.150000000000000000e+02,1.701413079576328258e-01,3.402826159152656516e-01,5.104239238728851547e-01,6.805652318305313031e-01
8.155000000000000000e+02,1.699047931026682612e-01,3.398095862053365224e-01,5.097143793079874641e-01,6.796191724106730447e-01
8.160000000000000000e+02,1.696686248445335998e-01,3.393372496890671997e-01,5.090058745335772628e-01,6.786744993781343993e-01
8.165000000000000000e+02,1.694327671884305886e-01,3.388655343768611772e-01,5.082983015652677850e-01,6.777310687537223544e-01
8.170000000000000000e+02,1.691972549307050322e-01,3.383945098614100644e-01,5.075917647920951126e-01,6.767890197228201288e-01
8.175000000000000000e+02,1.689620526457527028e-01,3.379241052915054055e-01,5.068861579372327952e-01,6.758482105830108111e-01
8.180000000000000000e+02,1.687271945678276985e-01,3.374543891356553971e-01,5.061815837034737697e-01,6.749087782713107941e-01
8.185000000000000000e+02,1.684926458314199849e-01,3.369852916628399697e-01,5.054779374942439674e-01,6.739705833256799394e-01
8.190000000000000000e+02,1.682584401177282807e-01,3.365168802354565614e-01,5.047753203531648580e-01,6.730337604709131227e-01
8.195000000000000000e+02,1.680245431123528199e-01,3.360490862247056398e-01,5.040736293370580157e-01,6.720981724494112797e-01
8.200000000000000000e+02,1.677909879523213910e-01,3.355819759046427819e-01,5.033729638569583997e-01,6.711639518092855639e-01
8.205000000000000000e+02,1.675577408655599676e-01,3.351154817311199352e-01,5.026732225966705769e-01,6.702309634622398704e-01
8.210000000000000000e+02,1.673248344536308885e-01,3.346496689072617770e-01,5.019745033608780105e-01,6.692993378145235539e-01
8.215000000000000000e+02,1.670922354781114727e-01,3.341844709562229454e-01,5.012767064343384149e-01,6.683689419124458908e-01
8.220000000000000000e+02,1.668599760137086108e-01,3.337199520274172215e-01,5.005799280411284968e-01,6.674399040548344431e-01
8.225000000000000000e+02,1.666280233471164607e-01,3.332560466942329214e-01,4.998840700413493821e-01,6.665120933884658427e-01
8.230000000000000000e+02,1.663964090346450320e-01,3.327928180692900639e-01,4.991892271039413131e-01,6.655856361385801279e-01
8.235000000000000000e+02,1.661651008796942719e-01,3.323302017593885438e-01,4.984953026390881448e-01,6.646604035187770876e-01
8.240000000000000000e+02,1.659341299285159721e-01,3.318682598570319442e-01,4.978023897855328173e-01,6.637365197140638884e-01
8.245000000000000000e+02,1.657034644929504807e-01,3.314069289859009615e-01,4.971103934788292378e-01,6.628138579718019230e-01
8.250000000000000000e+02,1.654731351173657217e-01,3.309462702347314433e-01,4.964194053520714078e-01,6.618925404694628867e-01
8.255000000000000000e+02,1.652431106139307104e-01,3.304862212278614209e-01,4.957293318417779204e-01,6.609724424557228417e-01
8.260000000000000000e+02,1.650134210331803963e-01,3.300268420663607927e-01,4.950402630995274222e-01,6.600536841327215853e-01
8.265000000000000000e+02,1.647840356796166361e-01,3.295680713592332722e-01,4.943521070388303684e-01,6.591361427184665445e-01
8.270000000000000000e+02,1.645549841178679529e-01,3.291099682357359058e-01,4.936649523535763251e-01,6.582199364714718115e-01
8.275000000000000000e+02,1.643262361368860169e-01,3.286524722737720339e-01,4.929787084106234119e-01,6.573049445475440677e-01
8.280000000000000000e+02,1.640978208232057867e-01,3.281956416464115733e-01,4.922934624695809447e-01,6.563912832928231467e-01
8.285000000000000000e+02,1.638697084424904915e-01,3.277394168849809830e-01,4.916091253274421646e-01,6.554788337699619660e-01
8.290000000000000000e+02,1.636419276108442844e-01,3.272838552216885688e-01,4.909257828324840034e-01,6.545677104433771376e-01
8.295000000000000000e+02,1.634144490630227153e-01,3.268288981260454307e-01,4.902433471890308425e-01,6.536577962520908613e-01
8.300000000000000000e+02,1.631873009522522011e-01,3.263746019045044022e-01,4.895619028567175235e-01,6.527492038090088045e-01
8.305000000000000000e+02,1.629604544748826100e-01,3.259209089497652201e-01,4.888813634246327311e-01,6.518418178995304402e-01
8.310000000000000000e+02,1.627339373287046698e-01,3.254678746574093395e-01,4.882018119860838112e-01,6.509357493148186791e-01
8.315000000000000000e+02,1.625077211642795838e-01,3.250154423285591676e-01,4.875231634928329782e-01,6.500308846571183352e-01
8.320000000000000000e+02,1.622818332312601086e-01,3.245636664625202172e-01,4.868454996937430224e-01,6.491273329250404345e-01
8.325000000000000000e+02,1.620562456271708029e-01,3.241124912543416059e-01,4.861687368814928689e-01,6.482249825086832118e-01
8.330000000000000000e+02,1.618309851607135919e-01,3.236619703214271837e-01,4.854929554821163507e-01,6.473239406428543674e-01
8.335000000000000000e+02,1.616060243692420961e-01,3.232120487384841923e-01,4.848180731077160743e-01,6.464240974769683845e-01
8.340000000000000000e+02,1.613813896275924087e-01,3.227627792551848174e-01,4.841441688827412548e-01,6.455255585103696347e-01
8.345000000000000000e+02,1.611570539059039575e-01,3.223141078118079150e-01,4.834711617176790099e-01,6.446282156236158301e-01
8.350000000000000000e+02,1.609330431521081017e-01,3.218660863042162035e-01,4.827991294562767877e-01,6.437321726084324069e-01
8.355000000000000000e+02,1.607093307622333711e-01,3.214186615244667422e-01,4.821279922866601453e-01,6.428373230489334844e-01
8.360000000000000000e+02,1.604859422641493616e-01,3.209718845282987232e-01,4.814578267924094490e-01,6.419437690565974464e-01
8.365000000000000000e+02,1.602628514729671494e-01,3.205257029459342988e-01,4.807885544188756910e-01,6.410514058918685976e-01
8.370000000000000000e+02,1.600400835032442792e-01,3.200801670064885585e-01,4.801202505096942019e-01,6.401603340129771169e-01
8.375000000000000000e+02,1.598176125824672944e-01,3.196352251649345888e-01,4.794528377473881164e-01,6.392704503298691776e-01
8.380000000000000000e+02,1.595954634185261511e-01,3.191909268370523023e-01,4.787863902555420381e-01,6.383818536741046046e-01
8.385000000000000000e+02,1.593736106447045664e-01,3.187472212894091328e-01,4.781208319340723989e-01,6.374944425788182656e-01
8.390000000000000000e+02,1.591520785687245976e-01,3.183041571374491951e-01,4.774562357061418183e-01,6.366083142748983903e-01
8.395000000000000000e+02,1.589308422231989759e-01,3.178616844463979518e-01,4.767925266695609565e-01,6.357233688927959037e-01
8.400000000000000000e+02,1.587099255221238181e-01,3.174198510442476362e-01,4.761297765663421444e-01,6.348397020884952724e-01
8.405000000000000000e+02,1.584893038910406560e-01,3.169786077820813119e-01,4.754679116731184152e-01,6.339572155641626239e-01
8.410000000000000000e+02,1.582690008565452722e-01,3.165380017130905443e-01,4.748070025695989571e-01,6.330760034261810887e-01
8.415000000000000000e+02,1.580489922308405681e-01,3.160979844616811363e-01,4.741469766925039409e-01,6.321959689233622726e-01
8.420000000000000000e+02,1.578293011593192574e-01,3.156586023186385148e-01,4.734879034779408968e-01,6.313172046372770296e-01
8.425000000000000000e+02,1.576099038346856496e-01,3.152198076693712991e-01,4.728297115040538401e-01,6.304396153387425983e-01
8.430000000000000000e+02,1.573908230272551556e-01,3.147816460545103112e-01,4.721724690817534764e-01,6.295632921090206224e-01
8.435000000000000000e+02,1.571720353041503593e-01,3.143440706083007186e-01,4.715161059124275411e-01,6.286881412166014371e-01
8.440000000000000000e+02,1.569535630666201165e-01,3.139071261332402329e-01,4.708606891998341482e-01,6.278142522664804659e-01
8.445000000000000000e+02,1.567353832502345057e-01,3.134707665004690114e-01,4.702061497506715426e-01,6.269415330009380227e-01
8.450000000000000000e+02,1.565175178931021982e-01,3.130350357862043964e-01,4.695525536792990451e-01,6.260700715724087928e-01
8.455000000000000000e+02,1.562999442933574734e-01,3.125998885867149468e-01,4.688998328800559889e-01,6.251997771734298937e-01
8.460000000000000000e+02,1.560826841317966007e-01,3.121653682635932014e-01,4.682480523953902463e-01,6.243307365271864029e-01
8.465000000000000000e+02,1.558657150633360189e-01,3.117314301266720378e-01,4.675971451899858522e-01,6.234628602533440755e-01
8.470000000000000000e+02,1.556490584171847935e-01,3.112981168343695870e-01,4.669471752515468310e-01,6.225962336687391740e-01
8.475000000000000000e+02,1.554326921993407495e-01,3.108653843986814991e-01,4.662980765980098141e-01,6.217307687973629982e-01
8.480000000000000000e+02,1.552166373930803367e-01,3.104332747861606734e-01,4.656499121792352369e-01,6.208665495723213468e-01
8.485000000000000000e+02,1.550008723498792484e-01,3.100017446997584969e-01,4.650026170496177613e-01,6.200034893995169938e-01
8.490000000000000000e+02,1.547854177126333219e-01,3.095708354252666439e-01,4.643562531378755409e-01,6.191416708505332878e-01
8.495000000000000000e+02,1.545702521727738699e-01,3.091405043455477397e-01,4.637107565182967406e-01,6.182810086910954794e-01
8.500000000000000000e+02,1.543553960382775259e-01,3.087107920765550517e-01,4.630661881148068204e-01,6.174215841531101034e-01
8.505000000000000000e+02,1.541408283351253239e-01,3.082816566702506478e-01,4.624224850053488822e-01,6.165633133405012956e-01
8.510000000000000000e+02,1.539265690417397359e-01,3.078531380834794717e-01,4.617797071251903418e-01,6.157062761669589435e-01
8.515000000000000000e+02,1.537125975133020184e-01,3.074251950266040367e-01,4.611377925398887356e-01,6.148503900532080735e-01
8.520000000000000000e+02,1.534989334039829068e-01,3.069978668079658135e-01,4.604968002119180781e-01,6.139957336159316270e-01
8.525000000000000000e+02,1.532855563929054199e-01,3.065711127858108398e-01,4.598566691786940552e-01,6.131422255716216796e-01
8.530000000000000000e+02,1.530724858151857326e-01,3.061449716303714652e-01,4.592174574455247793e-01,6.122899432607429304e-01
8.535000000000000000e+02,1.528597016687354149e-01,3.057194033374708297e-01,4.585791050061756025e-01,6.114388066749416595e-01
8.540000000000000000e+02,1.526472229747302123e-01,3.052944459494604246e-01,4.579416689241586624e-01,6.105888918989208491e-01
8.545000000000000000e+02,1.524350300447849804e-01,3.048700600895699608e-01,4.573050901343211905e-01,6.097401201791399217e-01
8.550000000000000000e+02,1.522231415911665664e-01,3.044462831823331328e-01,4.566694247734686130e-01,6.088925663646662656e-01
8.555000000000000000e+02,1.520115382341984400e-01,3.040230764683968800e-01,4.560346147025384766e-01,6.080461529367937601e-01
8.560000000000000000e+02,1.518002383821923651e-01,3.036004767643847302e-01,4.554007151465278014e-01,6.072009535287694604e-01
8.565000000000000000e+02,1.515892229592465945e-01,3.031784459184931890e-01,4.547676688776771670e-01,6.063568918369863781e-01
8.570000000000000000e+02,1.513785100746103396e-01,3.027570201492206792e-01,4.541355302237830571e-01,6.055140402984413583e-01
8.575000000000000000e+02,1.511680809513129553e-01,3.023361619026259106e-01,4.535042428538877957e-01,6.046723238052518212e-01
8.580000000000000000e+02,1.509579534043354876e-01,3.019159068086709752e-01,4.528738602129598334e-01,6.038318136173419504e-01
8.585000000000000000e+02,1.507481089508666550e-01,3.014962179017333099e-01,4.522443268525480065e-01,6.029924358034666199e-01
8.590000000000000000e+02,1.505385651163391181e-01,3.010771302326782362e-01,4.516156953489636194e-01,6.021542604653564723e-01
8.595000000000000000e+02,1.503293037074215910e-01,3.006586074148431820e-01,4.509879111222270254e-01,6.013172148296863639e-01
8.600000000000000000e+02,1.501203419646413018e-01,3.002406839292826035e-01,4.503610258938781641e-01,6.004813678585652070e-01
8.605000000000000000e+02,1.499116619795284322e-01,2.998233239590568644e-01,4.497349859385488813e-01,5.996466479181137288e-01
8.610000000000000000e+02,1.497032807122740117e-01,2.994065614245480234e-01,4.491098421367860638e-01,5.988131228490960467e-01
8.615000000000000000e+02,1.494951805347364271e-01,2.989903610694728542e-01,4.484855416041728660e-01,5.979807221389457084e-01
8.620000000000000000e+02,1.492873781312691328e-01,2.985747562625382656e-01,4.478621343937803090e-01,5.971495125250765312e-01
8.625000000000000000e+02,1.490798561495825236e-01,2.981597122991650473e-01,4.472395684487224798e-01,5.963194245983300945e-01
8.630000000000000000e+02,1.488726310026247113e-01,2.977452620052494225e-01,4.466178930078381626e-01,5.954905240104988451e-01
8.635000000000000000e+02,1.486656856095560642e-01,2.973313712191121283e-01,4.459970568286379944e-01,5.946627424382242566e-01
8.640000000000000000e+02,1.484590361162771988e-01,2.969180722325543975e-01,4.453771083487971794e-01,5.938361444651087950e-01
8.645000000000000000e+02,1.482526657090788014e-01,2.965053314181576027e-01,4.447579971272155319e-01,5.930106628363152055e-01
8.650000000000000000e+02,1.480465902710879078e-01,2.960931805421758156e-01,4.441397708132317490e-01,5.921863610843516312e-01
8.655000000000000000e+02,1.478407932514742562e-01,2.956815865029485124e-01,4.435223797543876856e-01,5.913631730058970248e-01
8.660000000000000000e+02,1.476352902748079288e-01,2.952705805496158575e-01,4.429058708243758247e-01,5.905411610992317151e-01
8.665000000000000000e+02,1.474300650489430708e-01,2.948601300978861417e-01,4.422901951467901327e-01,5.897202601957722834e-01
8.670000000000000000e+02,1.472251329440499301e-01,2.944502658880998602e-01,4.416753988321078239e-01,5.889005317761997205e-01
8.675000000000000000e+02,1.470204779225532388e-01,2.940409558451064775e-01,4.410614337676159735e-01,5.880819116902129551e-01
8.680000000000000000e+02,1.468161151042870483e-01,2.936322302085740965e-01,4.404483453128422710e-01,5.872644604171481930e-01
8.685000000000000000e+02,1.466120287021965840e-01,2.932240574043931680e-01,4.398360861065508942e-01,5.864481148087863360e-01
8.690000000000000000e+02,1.464082335897987086e-01,2.928164671795974172e-01,4.392247007693859118e-01,5.856329343591948344e-01
8.695000000000000000e+02,1.462047142265692212e-01,2.924094284531384424e-01,4.386141426796879017e-01,5.848188569062768849e-01
8.700000000000000000e+02,1.460014852436664068e-01,2.920029704873328136e-01,4.380044557309910047e-01,5.840059409746656272e-01
8.705000000000000000e+02,1.457985313431591212e-01,2.915970626863182424e-01,4.373955940294544931e-01,5.831941253726364849e-01
8.710000000000000000e+02,1.455958669177410680e-01,2.911917338354821361e-01,4.367876007532256466e-01,5.823834676709642721e-01
8.715000000000000000e+02,1.453934769082059209e-01,2.907869538164118417e-01,4.361804307246064383e-01,5.815739076328236834e-01
8.720000000000000000e+02,1.451913754726121830e-01,2.903827509452243660e-01,4.355741264178405459e-01,5.807655018904487321e-01
8.725000000000000000e+02,1.449895477866851579e-01,2.899790955733703157e-01,4.349686433600519209e-01,5.799581911467406314e-01
8.730000000000000000e+02,1.447880077776046992e-01,2.895760155552093984e-01,4.343640233328098788e-01,5.791520311104187968e-01
8.735000000000000000e+02,1.445867408522802933e-01,2.891734817045605865e-01,4.337602225568142345e-01,5.783469634091211731e-01
8.740000000000000000e+02,1.443857607107263963e-01,2.887715214214527926e-01,4.331572821321634237e-01,5.775430428429055851e-01
8.745000000000000000e+02,1.441850529873596187e-01,2.883701059747192375e-01,4.325551589620495463e-01,5.767402119494384749e-01
8.750000000000000000e+02,1.439846311586658878e-01,2.879692623173317756e-01,4.319538934759723503e-01,5.759385246346635512e-01
8.755000000000000000e+02,1.437844810829602693e-01,2.875689621659205386e-01,4.313534432488399517e-01,5.751379243318410772e-01
8.760000000000000000e+02,1.435846160167713048e-01,2.871692320335426096e-01,4.307538480502914879e-01,5.743384640670852193e-01
8.765000000000000000e+02,1.433850220387440366e-01,2.867700440774880732e-01,4.301550661162085731e-01,5.735400881549761465e-01
8.770000000000000000e+02,1.431857121889972273e-01,2.863714243779944546e-01,4.295571365669870190e-01,5.727428487559889092e-01
8.775000000000000000e+02,1.429866727629931500e-01,2.859733455259863000e-01,4.289600182889685698e-01,5.719466910519726000e-01
8.780000000000000000e+02,1.427879165879135659e-01,2.855758331758271318e-01,4.283637497637382552e-01,5.711516663516542636e-01
8.785000000000000000e+02,1.425894301725791902e-01,2.851788603451583803e-01,4.277682905177329076e-01,5.703577206903167607e-01
8.790000000000000000e+02,1.423912261346580443e-01,2.847824522693160887e-01,4.271736784039728008e-01,5.695649045386321774e-01
8.795000000000000000e+02,1.421932911929386645e-01,2.843865823858773290e-01,4.265798735788086660e-01,5.687731647717546579e-01
8.800000000000000000e+02,1.419956377589302043e-01,2.839912755178604087e-01,4.259869132767786226e-01,5.679825510357208174e-01
8.805000000000000000e+02,1.417982527580545771e-01,2.835965055161091541e-01,4.253947582741384181e-01,5.671930110322183083e-01
8.810000000000000000e+02,1.416011483989583208e-01,2.832022967979166417e-01,4.248034451968454306e-01,5.664045935958332834e-01
8.815000000000000000e+02,1.414043118104115759e-01,2.828086236208231519e-01,4.242129354312043077e-01,5.656172472416463037e-01
8.820000000000000000e+02,1.412077550014638749e-01,2.824155100029277499e-01,4.236232650043723069e-01,5.648310200058554997e-01
8.825000000000000000e+02,1.410114653009986174e-01,2.820229306019972348e-01,4.230343959029863043e-01,5.640458612039944697e-01
8.830000000000000000e+02,1.408154545216682152e-01,2.816309090433364304e-01,4.224463635649984283e-01,5.632618180866728608e-01
8.835000000000000000e+02,1.406197101892827650e-01,2.812394203785655300e-01,4.218591305678422998e-01,5.624788407571310600e-01
8.840000000000000000e+02,1.404242439232479267e-01,2.808484878464958534e-01,4.212727317697435581e-01,5.616969756929917068e-01
8.845000000000000000e+02,1.402290434431689992e-01,2.804580868863379983e-01,4.206871303295072195e-01,5.609161737726759966e-01
8.850000000000000000e+02,1.400341201783117384e-01,2.800682403566234768e-01,4.201023605349432088e-01,5.601364807132469537e-01
8.855000000000000000e+02,1.398394620389897813e-01,2.796789240779795627e-01,4.195183861169615724e-01,5.593578481559591253e-01
8.860000000000000000e+02,1.396450802673827596e-01,2.792901605347655192e-01,4.189352408021429497e-01,5.585803210695310383e-01
8.865000000000000000e+02,1.394509629614770763e-01,2.789019259229541525e-01,4.183528888844216809e-01,5.578038518459083051e-01
8.870000000000000000e+02,1.392571211793662833e-01,2.785142423587325666e-01,4.177713635380992940e-01,5.570284847174651333e-01
8.875000000000000000e+02,1.390635432037337083e-01,2.781270864074674165e-01,4.171906296111957957e-01,5.562541728149348330e-01
8.880000000000000000e+02,1.388702399115389063e-01,2.777404798230778127e-01,4.166107197346144986e-01,5.554809596461556254e-01
8.885000000000000000e+02,1.386771997672266998e-01,2.773543995344533997e-01,4.160315993016672209e-01,5.547087990689067993e-01
8.890000000000000000e+02,1.384844334695203294e-01,2.769688669390406588e-01,4.154533004085481096e-01,5.539377338780813176e-01
8.895000000000000000e+02,1.382919296617426408e-01,2.765838593234852816e-01,4.148757889852081604e-01,5.531677186469705632e-01
8.900000000000000000e+02,1.380996988672458237e-01,2.761993977344916473e-01,4.142990966017228160e-01,5.523987954689832947e-01
8.905000000000000000e+02,1.379077299053828032e-01,2.758154598107656064e-01,4.137231897161282035e-01,5.516309196215312127e-01
8.910000000000000000e+02,1.377160331269520199e-01,2.754320662539040399e-01,4.131480993808436253e-01,5.508641325078080797e-01
8.915000000000000000e+02,1.375245975245333874e-01,2.750491950490667747e-01,4.125737925735917244e-01,5.500983900981335495e-01
8.920000000000000000e+02,1.373334332791447121e-01,2.746668665582894242e-01,4.120002998374205916e-01,5.493337331165788484e-01
8.925000000000000000e+02,1.371425295538371003e-01,2.742850591076742006e-01,4.114275886615077482e-01,5.485701182153484012e-01
8.930000000000000000e+02,1.369518963625722119e-01,2.739037927251444238e-01,4.108556890877084200e-01,5.478075854502888475e-01
8.935000000000000000e+02,1.367615230361747258e-01,2.735230460723494517e-01,4.102845691084997526e-01,5.470460921446989033e-01
8.940000000000000000e+02,1.365714194242186874e-01,2.731428388484373748e-01,4.097142582726389648e-01,5.462856776968747496e-01
8.945000000000000000e+02,1.363815750226384793e-01,2.727631500452769586e-01,4.091447250679038916e-01,5.455263000905539172e-01
8.950000000000000000e+02,1.361919995192748534e-01,2.723839990385497067e-01,4.085759985578159004e-01,5.447679980770994135e-01
8.955000000000000000e+02,1.360026825725297872e-01,2.720053651450595744e-01,4.080080477175949127e-01,5.440107302901191488e-01
8.960000000000000000e+02,1.358136337111053304e-01,2.716272674222106609e-01,4.074409011333131048e-01,5.432545348444213218e-01
8.965000000000000000e+02,1.356248427533039980e-01,2.712496855066079959e-01,4.068745282599133262e-01,5.424993710132159919e-01
8.970000000000000000e+02,1.354363190712339904e-01,2.708726381424679808e-01,4.063089572137092986e-01,5.417452762849359615e-01
8.975000000000000000e+02,1.352480526405692718e-01,2.704961052811385436e-01,4.057441579217107019e-01,5.409922105622770871e-01
8.980000000000000000e+02,1.350600526793359624e-01,2.701201053586719247e-01,4.051801580380054446e-01,5.402402107173438495e-01
8.985000000000000000e+02,1.348723093180603794e-01,2.697446186361207587e-01,4.046169279541942387e-01,5.394892372722415175e-01
8.990000000000000000e+02,1.346848316231701315e-01,2.693696632463402629e-01,4.040544948695332650e-01,5.387393264926805259e-01
8.995000000000000000e+02,1.344976098776033968e-01,2.689952197552067936e-01,4.034928296328192943e-01,5.379904395104135872e-01
9.000000000000000000e+02,1.343106529986175524e-01,2.686213059972351047e-01,4.029319589958406667e-01,5.372426119944702094e-01
9.005000000000000000e+02,1.341239514191172599e-01,2.682479028382345199e-01,4.023718542573533341e-01,5.364958056764690397e-01
9.010000000000000000e+02,1.339375139095975165e-01,2.678750278191950329e-01,4.018125417287921053e-01,5.357500556383900658e-01
9.015000000000000000e+02,1.337513310505709097e-01,2.675026621011418193e-01,4.012539931516991842e-01,5.350053242022836386e-01
9.020000000000000000e+02,1.335654114680986382e-01,2.671308229361972764e-01,4.006962344042905855e-01,5.342616458723945527e-01
9.025000000000000000e+02,1.333797458879646403e-01,2.667594917759292805e-01,4.001392376638888138e-01,5.335189835518585610e-01
9.030000000000000000e+02,1.331943427941280067e-01,2.663886855882560134e-01,3.995830283823629259e-01,5.327773711765120268e-01
9.035000000000000000e+02,1.330091930553178869e-01,2.660183861106357739e-01,3.990275791659421145e-01,5.320367722212715478e-01
9.040000000000000000e+02,1.328243050156792116e-01,2.656486100313584231e-01,3.984729150470149861e-01,5.312972200627168462e-01
9.045000000000000000e+02,1.326396696846361412e-01,2.652793393692722823e-01,3.979190090538864411e-01,5.305586787385445646e-01
9.050000000000000000e+02,1.324552952687465535e-01,2.649105905374931069e-01,3.973658858062307786e-01,5.298211810749862138e-01
9.055000000000000000e+02,1.322711729158922989e-01,2.645423458317845977e-01,3.968135187476553583e-01,5.290846916635691954e-01
9.060000000000000000e+02,1.320873106972684230e-01,2.641746213945368460e-01,3.962619320917850629e-01,5.283492427890736920e-01
9.065000000000000000e+02,1.319036998970033459e-01,2.638073997940066917e-01,3.957110996909865008e-01,5.276147995880133834e-01
9.070000000000000000e+02,1.317203484531128677e-01,2.634406969062257353e-01,3.951610453593144001e-01,5.268813938124514706e-01
9.075000000000000000e+02,1.315372477838208098e-01,2.630744955676416197e-01,3.946117433514491069e-01,5.261489911352832394e-01
9.080000000000000000e+02,1.313544056960824769e-01,2.627088113921649537e-01,3.940632170882247820e-01,5.254176227843299074e-01
9.085000000000000000e+02,1.311718137400874618e-01,2.623436274801749235e-01,3.935154412202530594e-01,5.246872549603498470e-01
9.090000000000000000e+02,1.309894795938426615e-01,2.619789591876853230e-01,3.929684387815113311e-01,5.239579183753706459e-01
9.095000000000000000e+02,1.308073949374184419e-01,2.616147898748368839e-01,3.924221848122506628e-01,5.232295797496737677e-01
9.100000000000000000e+02,1.306255673219467450e-01,2.612511346438934901e-01,3.918767019658311312e-01,5.225022692877869801e-01
9.105000000000000000e+02,1.304439885553076994e-01,2.608879771106153989e-01,3.913319656659268730e-01,5.217759542212307977e-01
9.110000000000000000e+02,1.302626660637864475e-01,2.605253321275728950e-01,3.907879981913682244e-01,5.210506642551457901e-01
9.115000000000000000e+02,1.300815917810596023e-01,2.601631835621192046e-01,3.902447753432012334e-01,5.203263671242384092e-01
9.120000000000000000e+02,1.299007730105838920e-01,2.598015460211677841e-01,3.897023190317536745e-01,5.196030920423355681e-01
9.125000000000000000e+02,1.297202018098200238e-01,2.594404036196400476e-01,3.891606054294802775e-01,5.188808072392800952e-01
9.130000000000000000e+02,1.295398853613602963e-01,2.590797707227205926e-01,3.886196560840904368e-01,5.181595414454411852e-01
9.135000000000000000e+02,1.293598158445108393e-01,2.587196316890216785e-01,3.880794475335260785e-01,5.174392633780433570e-01
9.140000000000000000e+02,1.291800003229279792e-01,2.583600006458559584e-01,3.875400009687561820e-01,5.167200012917119167e-01
9.145000000000000000e+02,1.290004310958197120e-01,2.580008621916394240e-01,3.870012932874358214e-01,5.160017243832788481e-01
9.150000000000000000e+02,1.288211151098401785e-01,2.576422302196803571e-01,3.864633453295036603e-01,5.152844604393607142e-01
9.155000000000000000e+02,1.286420447821947644e-01,2.572840895643895287e-01,3.859261343465654193e-01,5.145681791287790574e-01
9.160000000000000000e+02,1.284632269444032637e-01,2.569264538888065275e-01,3.853896808331738200e-01,5.138529077776130549e-01
9.165000000000000000e+02,1.282846541298052756e-01,2.565693082596105512e-01,3.848539623893909578e-01,5.131386165192211024e-01
9.170000000000000000e+02,1.281063330566352132e-01,2.562126661132704264e-01,3.843189991698912067e-01,5.124253322265408528e-01
9.175000000000000000e+02,1.279282563725274713e-01,2.558565127450549426e-01,3.837847691175761966e-01,5.117130254901098851e-01
9.180000000000000000e+02,1.277504306842565107e-01,2.555008613685130214e-01,3.832512920527539890e-01,5.110017227370260429e-01
9.185000000000000000e+02,1.275728487519294241e-01,2.551456975038588482e-01,3.827185462557807227e-01,5.102913950077176963e-01
9.190000000000000000e+02,1.273955170726528419e-01,2.547910341453056837e-01,3.821865512179423163e-01,5.095820682906113674e-01
9.195000000000000000e+02,1.272184285172373031e-01,2.544368570344746061e-01,3.816552855517176823e-01,5.088737140689492122e-01
9.200000000000000000e+02,1.270415894748686547e-01,2.540831789497373094e-01,3.811247684246072964e-01,5.081663578994746189e-01
9.205000000000000000e+02,1.268649929253116149e-01,2.537299858506232297e-01,3.805949787759557168e-01,5.074599717012464595e-01
9.210000000000000000e+02,1.266886451515767398e-01,2.533772903031534796e-01,3.800659354547422097e-01,5.067545806063069591e-01
9.215000000000000000e+02,1.265125392406529770e-01,2.530250784813059539e-01,3.795376177219624836e-01,5.060501569626119078e-01
9.220000000000000000e+02,1.263366813710680159e-01,2.526733627421360318e-01,3.790100441132029374e-01,5.053467254842720635e-01
9.225000000000000000e+02,1.261610647353395009e-01,2.523221294706790019e-01,3.784831942060131738e-01,5.046442589413580038e-01
9.230000000000000000e+02,1.259856954092080095e-01,2.519713908184160189e-01,3.779570862276155907e-01,5.039427816368320379e-01
9.235000000000000000e+02,1.258105666890441121e-01,2.516211333780882242e-01,3.774317000671256750e-01,5.032422667561764484e-01
9.240000000000000000e+02,1.256356845494435159e-01,2.512713690988870319e-01,3.769070536483223322e-01,5.025427381977740637e-01
9.245000000000000000e+02,1.254610423889856996e-01,2.509220847779713992e-01,3.763831271669637601e-01,5.018441695559427984e-01
9.250000000000000000e+02,1.252866460827593009e-01,2.505732921655186018e-01,3.758599382482863405e-01,5.011465843310372037e-01
9.255000000000000000e+02,1.251124891299302266e-01,2.502249782598604533e-01,3.753374673898015601e-01,5.004499565197209066e-01
9.260000000000000000e+02,1.249385773076723272e-01,2.498771546153446543e-01,3.748157319230251971e-01,4.997543092306893087e-01
9.265000000000000000e+02,1.247649042141558695e-01,2.495298084283117390e-01,3.742947126424658322e-01,4.990596168566234780e-01
9.270000000000000000e+02,1.245914755302075516e-01,2.491829510604151032e-01,3.737744265906188801e-01,4.983659021208302065e-01
9.275000000000000000e+02,1.244182849514305911e-01,2.488365699028611822e-01,3.732548548542959921e-01,4.976731398057223643e-01
9.280000000000000000e+02,1.242453380638648408e-01,2.484906761277296816e-01,3.727360141915960767e-01,4.969813522554593632e-01
9.285000000000000000e+02,1.240726286590030369e-01,2.481452573180060739e-01,3.722178859770233217e-01,4.962905146360121478e-01
9.290000000000000000e+02,1.239001622296125316e-01,2.478003244592250631e-01,3.717004866888364845e-01,4.956006489184501262e-01
9.295000000000000000e+02,1.237279326615638997e-01,2.474558653231277994e-01,3.711837979847096847e-01,4.949117306462555987e-01
9.300000000000000000e+02,1.235559453558578991e-01,2.471118907117157981e-01,3.706678360675725870e-01,4.942237814234315962e-01
9.305000000000000000e+02,1.233841942912472511e-01,2.467683885824945023e-01,3.701525828737537438e-01,4.935367771649890045e-01
9.310000000000000000e+02,1.232126847784418278e-01,2.464253695568836555e-01,3.696380543353194881e-01,4.928507391137673110e-01
9.315000000000000000e+02,1.230414108876061174e-01,2.460828217752122349e-01,3.691242326628136894e-01,4.921656435504244698e-01
9.320000000000000000e+02,1.228703778405977332e-01,2.457407556811954663e-01,3.686111335217843177e-01,4.914815113623909326e-01
9.325000000000000000e+02,1.226995797975647395e-01,2.453991595951294791e-01,3.680987393926820062e-01,4.907983191902589581e-01
9.330000000000000000e+02,1.225290218929424579e-01,2.450580437858849159e-01,3.675870656788120527e-01,4.901160875717698318e-01
9.335000000000000000e+02,1.223586983754274549e-01,2.447173967508549097e-01,3.670760951262606042e-01,4.894347935017098195e-01
9.340000000000000000e+02,1.221886142934469621e-01,2.443772285868939242e-01,3.665658428803286739e-01,4.887544571737878485e-01
9.345000000000000000e+02,1.220187639828516080e-01,2.440375279657032159e-01,3.660562919485474964e-01,4.880750559314064319e-01
9.350000000000000000e+02,1.218491524074376553e-01,2.436983048148753106e-01,3.655474572222932039e-01,4.873966096297506212e-01
9.355000000000000000e+02,1.216797739888195728e-01,2.433595479776391457e-01,3.650393219664556099e-01,4.867190959552782914e-01
9.360000000000000000e+02,1.215106336075379989e-01,2.430212672150759978e-01,3.645319008226159951e-01,4.860425344301519957e-01
9.365000000000000000e+02,1.213417257696243201e-01,2.426834515392486402e-01,3.640251773088731824e-01,4.853669030784972804e-01
9.370000000000000000e+02,1.211730552736924871e-01,2.423461105473849742e-01,3.635191658210823462e-01,4.846922210947699483e-01
9.375000000000000000e+02,1.210046167088507651e-01,2.420092334177015303e-01,3.630138501265651740e-01,4.840184668354030606e-01
9.380000000000000000e+02,1.208364147931106913e-01,2.416728295862213827e-01,3.625092443793347385e-01,4.833456591724427653e-01
9.385000000000000000e+02,1.206684441973531197e-01,2.413368883947062393e-01,3.620053325920657983e-01,4.826737767894124786e-01
9.390000000000000000e+02,1.205007095602723677e-01,2.410014191205447354e-01,3.615021286808195455e-01,4.820028382410894707e-01
9.395000000000000000e+02,1.203332056332289124e-01,2.406664112664578248e-01,3.609996168996971733e-01,4.813328225329156496e-01
9.400000000000000000e+02,1.201659369768852681e-01,2.403318739537705362e-01,3.604978109306680167e-01,4.806637479075410724e-01
9.405000000000000000e+02,1.199988984218116617e-01,2.399977968436233233e-01,3.599966952654458652e-01,4.799955936872466467e-01
9.410000000000000000e+02,1.198320944518813658e-01,2.396641889037627315e-01,3.594962833556509807e-01,4.793283778075254631e-01
9.415000000000000000e+02,1.196655199756322396e-01,2.393310399512644793e-01,3.589965599269024921e-01,4.786620799025289585e-01
9.420000000000000000e+02,1.194991794013893216e-01,2.389983588027786432e-01,3.584975382041815095e-01,4.779967176055572864e-01
9.425000000000000000e+02,1.193330677144182062e-01,2.386661354288364123e-01,3.579992031432492894e-01,4.773322708576728246e-01
9.430000000000000000e+02,1.191671892487227158e-01,2.383343784974454316e-01,3.575015677461523822e-01,4.766687569948908632e-01
9.435000000000000000e+02,1.190015390650711602e-01,2.380030781301423204e-01,3.570046171951961611e-01,4.760061562602846408e-01
9.440000000000000000e+02,1.188361214243323083e-01,2.376722428486646166e-01,3.565083642729893754e-01,4.753444856973292332e-01
9.445000000000000000e+02,1.186709314616187783e-01,2.373418629232375565e-01,3.560127943848332421e-01,4.746837258464751130e-01
9.450000000000000000e+02,1.185059733658373471e-01,2.370119467316746942e-01,3.555179200974842857e-01,4.740238934633493884e-01
9.455000000000000000e+02,1.183412423452447904e-01,2.366824846904895807e-01,3.550237270357179398e-01,4.733649693809791614e-01
9.460000000000000000e+02,1.181767425179522935e-01,2.363534850359045869e-01,3.545302275538535497e-01,4.727069700718091738e-01
9.465000000000000000e+02,1.180124691642219226e-01,2.360249383284438451e-01,3.540374074926617709e-01,4.720498766568876903e-01
9.470000000000000000e+02,1.178484263325090264e-01,2.356968526650180529e-01,3.535452789975108701e-01,4.713937053300361057e-01
9.475000000000000000e+02,1.176846093739292165e-01,2.353692187478584330e-01,3.530538281217747709e-01,4.707384374957168660e-01
9.480000000000000000e+02,1.175210222684042183e-01,2.350420445368084366e-01,3.525630668051897842e-01,4.700840890736168731e-01
9.485000000000000000e+02,1.173576604367922993e-01,2.347153208735845986e-01,3.520729813103731232e-01,4.694306417471691972e-01
9.490000000000000000e+02,1.171945277915922290e-01,2.343890555831844580e-01,3.515835833747740224e-01,4.687781111663689160e-01
9.495000000000000000e+02,1.170316198223093629e-01,2.340632396446187258e-01,3.510948594669249800e-01,4.681264792892374516e-01
9.500000000000000000e+02,1.168689403750837741e-01,2.337378807501675482e-01,3.506068211252442168e-01,4.674757615003350963e-01
9.505000000000000000e+02,1.167064850069952087e-01,2.334129700139904173e-01,3.501194550209865142e-01,4.668259400279808347e-01
9.510000000000000000e+02,1.165442574989055124e-01,2.330885149978110249e-01,3.496327724966947770e-01,4.661770299956220498e-01
9.515000000000000000e+02,1.163822534743828019e-01,2.327645069487656038e-01,3.491467604231424104e-01,4.655290138975312075e-01
9.520000000000000000e+02,1.162204766500702924e-01,2.324409533001405848e-01,3.486614299502015513e-01,4.648819066002811695e-01
9.525000000000000000e+02,1.160589227149881886e-01,2.321178454299763771e-01,3.481767681449507990e-01,4.642356908599527543e-01
9.530000000000000000e+02,1.158975953225824806e-01,2.317951906451649613e-01,3.476927859677427790e-01,4.635903812903299226e-01
9.535000000000000000e+02,1.157364902263045003e-01,2.314729804526090007e-01,3.472094706789112806e-01,4.629459609052180014e-01
9.540000000000000000e+02,1.155756110174182005e-01,2.311512220348364011e-01,3.467268330522461639e-01,4.623024440696728021e-01
9.545000000000000000e+02,1.154149535127768633e-01,2.308299070255537266e-01,3.462448605383272593e-01,4.616598140511074533e-01
9.550000000000000000e+02,1.152545212424822552e-01,2.305090424849645103e-01,3.457635637274485418e-01,4.610180849699290206e-01
9.555000000000000000e+02,1.150943100857868551e-01,2.301886201715737101e-01,3.452829302573734438e-01,4.603772403431474203e-01
9.560000000000000000e+02,1.149343235126083496e-01,2.298686470252166991e-01,3.448029705378266030e-01,4.597372940504333982e-01
9.565000000000000000e+02,1.147745574636214183e-01,2.295491149272428366e-01,3.443236723908755792e-01,4.590982298544856732e-01
9.570000000000000000e+02,1.146150153495275603e-01,2.292300306990551206e-01,3.438450460485960036e-01,4.584600613981102413e-01
9.575000000000000000e+02,1.144556931714681980e-01,2.289113863429363960e-01,3.433670795144152521e-01,4.578227726858727920e-01
9.580000000000000000e+02,1.142965942818696679e-01,2.285931885637393357e-01,3.428897828456287655e-01,4.571863771274786714e-01
9.585000000000000000e+02,1.141377147413875637e-01,2.282754294827751274e-01,3.424131442241593604e-01,4.565508589655502547e-01
9.590000000000000000e+02,1.139790578451238545e-01,2.279581156902477090e-01,3.419371735353786690e-01,4.559162313804954181e-01
9.595000000000000000e+02,1.138206197123015073e-01,2.276412394246030146e-01,3.414618591369098510e-01,4.552824788492060293e-01
9.600000000000000000e+02,1.136624035816258260e-01,2.273248071632516520e-01,3.409872107448759238e-01,4.546496143265033041e-01
9.605000000000000000e+02,1.135044056299632231e-01,2.270088112599264463e-01,3.405132168898816758e-01,4.540176225198528925e-01
9.610000000000000000e+02,1.133466290405342747e-01,2.266932580810685494e-01,3.400398871215930541e-01,4.533865161621370987e-01
9.615000000000000000e+02,1.131890700469400102e-01,2.263781400938800203e-01,3.395672101408209187e-01,4.527562801877600407e-01
9.620000000000000000e+02,1.130317317778131159e-01,2.260634635556262317e-01,3.390951953334520041e-01,4.521269271112524635e-01
9.625000000000000000e+02,1.128746105226112739e-01,2.257492210452225478e-01,3.386238315678440358e-01,4.514984420904450957e-01
9.630000000000000000e+02,1.127177093562399257e-01,2.254354187124798514e-01,3.381531280687335439e-01,4.508708374249597028e-01
9.635000000000000000e+02,1.125610246231267819e-01,2.251220492462535638e-01,3.376830738693969991e-01,4.502440984925071277e-01
9.640000000000000000e+02,1.124045593453415481e-01,2.248091186906830963e-01,3.372136780360328601e-01,4.496182373813661926e-01
9.645000000000000000e+02,1.122483099214075519e-01,2.244966198428151039e-01,3.367449297642455264e-01,4.489932396856302077e-01
9.650000000000000000e+02,1.120922793214027546e-01,2.241845586428055093e-01,3.362768379642311345e-01,4.483691172856110185e-01
9.655000000000000000e+02,1.119364639971078823e-01,2.238729279942157646e-01,3.358093919913320846e-01,4.477458559884315292e-01
9.660000000000000000e+02,1.117808668674395989e-01,2.235617337348791978e-01,3.353426006023347838e-01,4.471234674697583955e-01
9.665000000000000000e+02,1.116254844366080246e-01,2.232509688732160491e-01,3.348764533098425034e-01,4.465019377464320982e-01
9.670000000000000000e+02,1.114703195731931995e-01,2.229406391463863990e-01,3.344109587195953637e-01,4.458812782927727980e-01
9.675000000000000000e+02,1.113153688329977520e-01,2.226307376659955040e-01,3.339461064990079109e-01,4.452614753319910079e-01
9.680000000000000000e+02,1.111606350350884398e-01,2.223212700701768796e-01,3.334819051052848593e-01,4.446425401403537592e-01
9.685000000000000000e+02,1.110061147860512687e-01,2.220122295721025374e-01,3.330183443581660185e-01,4.440244591442050748e-01
9.690000000000000000e+02,1.108518108562370763e-01,2.217036217124741526e-01,3.325554325687170021e-01,4.434072434249483052e-01
9.695000000000000000e+02,1.106977199022110003e-01,2.213954398044220007e-01,3.320931597066385521e-01,4.427908796088440013e-01
9.700000000000000000e+02,1.105438446463979929e-01,2.210876892927959858e-01,3.316315339391904260e-01,4.421753785855919716e-01
9.705000000000000000e+02,1.103901817945716068e-01,2.207803635891432137e-01,3.311705453837019419e-01,4.415607271782864274e-01
9.710000000000000000e+02,1.102367340219854164e-01,2.204734680439708328e-01,3.307102020659398178e-01,4.409469360879416655e-01
9.715000000000000000e+02,1.100834980828500065e-01,2.201669961657000130e-01,3.302504942485322559e-01,4.403339923314000259e-01
9.720000000000000000e+02,1.099304766060207328e-01,2.198609532120414656e-01,3.297914298180506520e-01,4.397219064240829312e-01
9.725000000000000000e+02,1.097776663933804908e-01,2.195553327867609816e-01,3.293329991801376977e-01,4.391106655735219633e-01
9.730000000000000000e+02,1.096250700281422574e-01,2.192501400562845149e-01,3.288752100844085646e-01,4.385002801125690297e-01
9.735000000000000000e+02,1.094726843591018461e-01,2.189453687182036923e-01,3.284180530772964346e-01,4.378907374364073846e-01
9.740000000000000000e+02,1.093205119245632684e-01,2.186410238491265368e-01,3.279615357736895831e-01,4.372820476982530735e-01
9.745000000000000000e+02,1.091685496195184957e-01,2.183370992390369913e-01,3.275056488585468273e-01,4.366741984780739827e-01
9.750000000000000000e+02,1.090167999380791120e-01,2.180335998761582239e-01,3.270503998142286761e-01,4.360671997523164478e-01
9.755000000000000000e+02,1.088652598206940603e-01,2.177305196413881205e-01,3.265957794620826249e-01,4.354610392827762411e-01
9.760000000000000000e+02,1.087139317180159104e-01,2.174278634360318208e-01,3.261417951540419580e-01,4.348557268720636415e-01
9.765000000000000000e+02,1.085628126152344830e-01,2.171256252304689660e-01,3.256884378457067797e-01,4.342512504609379320e-01
9.770000000000000000e+02,1.084119049202409979e-01,2.168238098404819958e-01,3.252357147607103371e-01,4.336476196809639916e-01
9.775000000000000000e+02,1.082612056622709318e-01,2.165224113245418636e-01,3.247836169868003608e-01,4.330448226490837271e-01
9.780000000000000000e+02,1.081107172071280598e-01,2.162214344142561195e-01,3.243321516213688582e-01,4.324428688285122391e-01
9.785000000000000000e+02,1.079604366274193872e-01,2.159208732548387744e-01,3.238813098822497238e-01,4.318417465096775487e-01
9.790000000000000000e+02,1.078103662475511371e-01,2.156207324951022741e-01,3.234310987426383122e-01,4.312414649902045483e-01
9.795000000000000000e+02,1.076605031828026249e-01,2.153210063656052498e-01,3.229815095484021015e-01,4.306420127312104995e-01
9.800000000000000000e+02,1.075108497168573152e-01,2.150216994337146303e-01,3.225325491505515174e-01,4.300433988674292607e-01
9.805000000000000000e+02,1.073614030070031422e-01,2.147228060140062844e-01,3.220842090209918851e-01,4.294456120280125688e-01
9.810000000000000000e+02,1.072121652968478500e-01,2.144243305936957000e-01,3.216364958905248983e-01,4.288486611873914001e-01
9.815000000000000000e+02,1.070631337850436182e-01,2.141262675700872364e-01,3.211894013551148674e-01,4.282525351401744729e-01
9.820000000000000000e+02,1.069143106757788342e-01,2.138286213515576684e-01,3.207429320273114115e-01,4.276572427031153367e-01
9.825000000000000000e+02,1.067656932083969057e-01,2.135313864167938114e-01,3.202970796251651819e-01,4.270627728335876228e-01
9.830000000000000000e+02,1.066172835483105708e-01,2.132345670966211415e-01,3.198518506449099519e-01,4.264691341932422830e-01
9.835000000000000000e+02,1.064690789749296318e-01,2.129381579498592636e-01,3.194072369247731302e-01,4.258763158997185272e-01
9.840000000000000000e+02,1.063210816155206739e-01,2.126421632310413479e-01,3.189632448465253844e-01,4.252843264620826957e-01
9.845000000000000000e+02,1.061732887889248467e-01,2.123465775778496933e-01,3.185198663667430097e-01,4.246931551556993867e-01
9.850000000000000000e+02,1.060257025848645451e-01,2.120514051697290903e-01,3.180771077545641035e-01,4.241028103394581805e-01
9.855000000000000000e+02,1.058783203610187407e-01,2.117566407220374813e-01,3.176349610830291326e-01,4.235132814440749627e-01
9.860000000000000000e+02,1.057311441701753729e-01,2.114622883403507458e-01,3.171934325105025820e-01,4.229245766807014917e-01
9.865000000000000000e+02,1.055841714082264016e-01,2.111683428164528031e-01,3.167525142246594427e-01,4.223366856329056063e-01
9.870000000000000000e+02,1.054374040916314925e-01,2.108748081832629850e-01,3.163122122748713849e-01,4.217496163665259701e-01
9.875000000000000000e+02,1.052908396539034008e-01,2.105816793078068017e-01,3.158725189616822249e-01,4.211633586156136033e-01
9.880000000000000000e+02,1.051444800757510567e-01,2.102889601515021134e-01,3.154334402272347404e-01,4.205779203030042268e-01
9.885000000000000000e+02,1.049983228277227010e-01,2.099966456554454020e-01,3.149949684831456764e-01,4.199932913108908039e-01
9.890000000000000000e+02,1.048523698553607275e-01,2.097047397107214550e-01,3.145571095660653071e-01,4.194094794214429101e-01
9.895000000000000000e+02,1.047066186656699927e-01,2.094132373313399853e-01,3.141198559969886617e-01,4.188264746626799706e-01
9.900000000000000000e+02,1.045610711695961204e-01,2.091221423391922407e-01,3.136832135087681550e-01,4.182442846783844814e-01
9.905000000000000000e+02,1.044157249100188256e-01,2.088314498200376512e-01,3.132471747300380471e-01,4.176628996400753024e-01
9.910000000000000000e+02,1.042705817638591714e-01,2.085411635277183429e-01,3.128117452915679664e-01,4.170823270554366857e-01
9.915000000000000000e+02,1.041256393093190624e-01,2.082512786186381248e-01,3.123769179279394237e-01,4.165025572372762497e-01
9.920000000000000000e+02,1.039808993898347911e-01,2.079617987796695822e-01,3.119426981694806145e-01,4.159235975593391643e-01
9.925000000000000000e+02,1.038363596183755622e-01,2.076727192367511243e-01,3.115090788550958223e-01,4.153454384735022487e-01
9.930000000000000000e+02,1.036920218054366849e-01,2.073840436108733698e-01,3.110760654162811889e-01,4.147680872217467396e-01
9.935000000000000000e+02,1.035478835982139856e-01,2.070957671964279712e-01,3.106436507946241932e-01,4.141915343928559423e-01
9.940000000000000000e+02,1.034039467748073537e-01,2.068078935496147075e-01,3.102118403244116251e-01,4.136157870992294150e-01
9.945000000000000000e+02,1.032602090161016672e-01,2.065204180322033345e-01,3.097806270482958979e-01,4.130408360644066690e-01
9.950000000000000000e+02,1.031166720683196480e-01,2.062333441366392961e-01,3.093500162049425128e-01,4.124666882732785922e-01
9.955000000000000000e+02,1.029733336455047610e-01,2.059466672910095220e-01,3.089200009364985178e-01,4.118933345820190439e-01
9.960000000000000000e+02,1.028301954625201464e-01,2.056603909250402928e-01,3.084905863875464505e-01,4.113207818500805857e-01
9.965000000000000000e+02,1.026872552660680338e-01,2.053745105321360676e-01,3.080617657981825630e-01,4.107490210642721351e-01
9.970000000000000000e+02,1.025445147401464752e-01,2.050890294802929503e-01,3.076335442204181092e-01,4.101780589605859006e-01
9.975000000000000000e+02,1.024019716636062061e-01,2.048039433272124121e-01,3.072059149907939712e-01,4.096078866544248243e-01
9.980000000000000000e+02,1.022596276900853418e-01,2.045192553801706836e-01,3.067788830702475877e-01,4.090385107603413672e-01
9.985000000000000000e+02,1.021174806300828575e-01,2.042349612601657149e-01,3.063524418902368041e-01,4.084699225203314299e-01
9.990000000000000000e+02,1.019755321073807508e-01,2.039510642147615016e-01,3.059265963221289297e-01,4.079021284295230032e-01
9.995000000000000000e+02,1.018337799636119811e-01,2.036675599272239623e-01,3.055013398908252853e-01,4.073351198544479246e-01
1.000000000000000000e+03,1.016922257931889284e-01,2.033844515863778568e-01,3.050766773795547948e-01,4.067689031727557136e-01
1.000500000000000000e+03,1.015508674684064694e-01,2.031017349368129388e-01,3.046526024052109705e-01,4.062034698736258775e-01
1.001000000000000000e+03,1.014097065547814314e-01,2.028194131095628627e-01,3.042291196643249762e-01,4.056388262191257255e-01
1.001500000000000000e+03,1.012687409547856632e-01,2.025374819095713264e-01,3.038062228643481077e-01,4.050749638191426527e-01
1.002000000000000000e+03,1.011279722055156149e-01,2.022559444110312299e-01,3.033839166165321899e-01,4.045118888220624598e-01
1.002500000000000000e+03,1.009873982391544800e-01,2.019747964783089600e-01,3.029621947174598873e-01,4.039495929566179200e-01
1.003000000000000000e+03,1.008470205648333007e-01,2.016940411296666014e-01,3.025410616944848030e-01,4.033880822593332027e-01
1.003500000000000000e+03,1.007068371439849841e-01,2.014136742879699682e-01,3.021205114319380769e-01,4.028273485759399364e-01
1.004000000000000000e+03,1.005668494582221406e-01,2.011336989164442812e-01,3.017005483746482142e-01,4.022673978328885624e-01
1.004500000000000000e+03,1.004270554977841901e-01,2.008541109955683801e-01,3.012811664933483513e-01,4.017082219911367602e-01
1.005000000000000000e+03,1.002874567172231668e-01,2.005749134344463336e-01,3.008623701516519588e-01,4.011498268688926672e-01
1.005500000000000000e+03,1.001480511351149350e-01,2.002961022702298699e-01,3.004441534053432505e-01,4.005922045404597398e-01
1.006000000000000000e+03,1.000088401793892690e-01,2.000176803587785379e-01,3.000265205381786870e-01,4.000353607175570758e-01
1.006500000000000000e+03,9.986982189654081132e-02,1.997396437930816226e-01,2.996094656896310937e-01,3.994792875861632453e-01
1.007000000000000000e+03,9.973099768830406830e-02,1.994619953766081366e-01,2.991929930649037672e-01,3.989239907532162732e-01
1.007500000000000000e+03,9.959236562863549302e-02,1.991847312572709860e-01,2.987770968859049248e-01,3.983694625145419721e-01
1.008000000000000000e+03,9.945392709350597826e-02,1.989078541870119565e-01,2.983617812805228198e-01,3.978157083740239131e-01
1.008500000000000000e+03,9.931568018393410746e-02,1.986313603678682149e-01,2.979470405518154230e-01,3.972627207357364298e-01
1.009000000000000000e+03,9.917762625054415970e-02,1.983552525010883194e-01,2.975328787516429152e-01,3.967105050021766388e-01
1.009500000000000000e+03,9.903976342096676433e-02,1.980795268419335287e-01,2.971192902629207211e-01,3.961590536838670573e-01
1.010000000000000000e+03,9.890209302090391397e-02,1.978041860418078279e-01,2.967062790627146285e-01,3.956083720836156559e-01
1.010500000000000000e+03,9.876461320419394063e-02,1.975292264083878813e-01,2.962938396125962548e-01,3.950584528167757625e-01
1.011000000000000000e+03,9.862732527201156785e-02,1.972546505440231357e-01,2.958819758160444735e-01,3.945093010880462714e-01
1.011500000000000000e+03,9.849022740401269793e-02,1.969804548080253959e-01,2.954706822120467535e-01,3.939609096160507917e-01
1.012000000000000000e+03,9.835332087723558381e-02,1.967066417544711676e-01,2.950599626317056412e-01,3.934132835089423352e-01
1.012500000000000000e+03,9.821660389674025105e-02,1.964332077934805021e-01,2.946498116902160902e-01,3.928664155869610042e-01
1.013000000000000000e+03,9.808007771583349133e-02,1.961601554316669827e-01,2.942402331474824884e-01,3.923203108633339653e-01
1.013500000000000000e+03,9.794374056458332589e-02,1.958874811291666518e-01,2.938312216937477572e-01,3.917749622583333036e-01
1.014000000000000000e+03,9.780759367295832618e-02,1.956151873459166524e-01,2.934227810188612118e-01,3.912303746918333047e-01
1.014500000000000000e+03,9.767163529564437674e-02,1.953432705912887535e-01,2.930149058869342404e-01,3.906865411825775070e-01
1.015000000000000000e+03,9.753586663964819437e-02,1.950717332792963887e-01,2.926075999189285959e-01,3.901434665585927775e-01
1.015500000000000000e+03,9.740028598388961179e-02,1.948005719677792236e-01,2.922008579516730542e-01,3.896011439355584471e-01
1.016000000000000000e+03,9.726489451278852449e-02,1.945297890255770490e-01,2.917946835383578019e-01,3.890595780511540980e-01
1.016500000000000000e+03,9.712969052913322798e-02,1.942593810582664560e-01,2.913890715874098980e-01,3.885187621165329119e-01
1.017000000000000000e+03,9.699467519511562053e-02,1.939893503902312411e-01,2.909840255853497482e-01,3.879787007804624821e-01
1.017500000000000000e+03,9.685984683702764109e-02,1.937196936740552822e-01,2.905795405110955798e-01,3.874393873481105643e-01
1.018000000000000000e+03,9.672520659519490138e-02,1.934504131903898028e-01,2.901756197855847041e-01,3.869008263807796055e-01
1.018500000000000000e+03,9.659075281904239141e-02,1.931815056380847828e-01,2.897722584571336135e-01,3.863630112761695656e-01
1.019000000000000000e+03,9.645648662739514378e-02,1.929129732547902876e-01,2.893694598821743291e-01,3.858259465095805751e-01
1.019500000000000000e+03,9.632240639244660230e-02,1.926448127848932046e-01,2.889672191773438037e-01,3.852896255697864092e-01
1.020000000000000000e+03,9.618851321187582570e-02,1.923770264237516514e-01,2.885655396356332503e-01,3.847540528475033028e-01
1.020500000000000000e+03,9.605480548029965426e-02,1.921096109605993085e-01,2.881644164409036257e-01,3.842192219211986171e-01
1.021000000000000000e+03,9.592128427458623818e-02,1.918425685491724764e-01,2.877638528237578264e-01,3.836851370983449527e-01
1.021500000000000000e+03,9.578794801143364346e-02,1.915758960228672869e-01,2.873638440342913825e-01,3.831517920457345738e-01
1.022000000000000000e+03,9.565479774723706363e-02,1.913095954944741273e-01,2.869643932416949816e-01,3.826191909889482545e-01
1.022500000000000000e+03,9.552183192042007498e-02,1.910436638408401500e-01,2.865654957612644438e-01,3.820873276816802999e-01
1.023000000000000000e+03,9.538905156726062984e-02,1.907781031345212597e-01,2.861671547017814454e-01,3.815562062690425194e-01
1.023500000000000000e+03,9.525645514758607213e-02,1.905129102951721443e-01,2.857693654427526653e-01,3.810258205903442885e-01
1.024000000000000000e+03,9.512404367785642911e-02,1.902480873557128582e-01,2.853721310335601835e-01,3.804961747114257165e-01
1.024500000000000000e+03,9.499181563897352021e-02,1.899836312779470404e-01,2.849754469169019089e-01,3.799672625558940808e-01
1.025000000000000000e+03,9.485977202791340268e-02,1.897195440558268054e-01,2.845793160837279956e-01,3.794390881116536107e-01
1.025500000000000000e+03,9.472791134632485566e-02,1.894558226926497113e-01,2.841837340389674615e-01,3.789116453852994226e-01
1.026000000000000000e+03,9.459623457202659402e-02,1.891924691440531880e-01,2.837887037160760073e-01,3.783849382881063761e-01
1.026500000000000000e+03,9.446474022708462037e-02,1.889294804541692407e-01,2.833942206812416487e-01,3.778589609083384815e-01
1.027000000000000000e+03,9.433342927047516646e-02,1.886668585409503329e-01,2.830002878114195042e-01,3.773337170819006658e-01
1.027500000000000000e+03,9.420230024436659910e-02,1.884046004887331982e-01,2.826069007330871408e-01,3.768092009774663964e-01
1.028000000000000000e+03,9.407135408919886643e-02,1.881427081783977329e-01,2.822140622675961552e-01,3.762854163567954657e-01
1.028500000000000000e+03,9.394058936693561179e-02,1.878811787338712236e-01,2.818217681008050590e-01,3.757623574677424472e-01
1.029000000000000000e+03,9.381000699979114010e-02,1.876200139995822802e-01,2.814300209993825241e-01,3.752400279991645604e-01
1.029500000000000000e+03,9.367960556921706150e-02,1.873592111384341230e-01,2.810388167076487420e-01,3.747184222768682460e-01
1.030000000000000000e+03,9.354938597948758705e-02,1.870987719589751741e-01,2.806481579384683123e-01,3.741975439179503482e-01
1.030500000000000000e+03,9.341934683124719641e-02,1.868386936624943928e-01,2.802580404937469183e-01,3.736773873249887856e-01
1.031000000000000000e+03,9.328948901113554015e-02,1.865789780222710803e-01,2.798684670334119495e-01,3.731579560445421606e-01
1.031500000000000000e+03,9.315981113868732066e-02,1.863196222773746413e-01,2.794794334160544125e-01,3.726392445547492827e-01
1.032000000000000000e+03,9.303031408318673812e-02,1.860606281663734762e-01,2.790909422495571057e-01,3.721212563327469525e-01
1.032500000000000000e+03,9.290099648278249411e-02,1.858019929655649882e-01,2.787029894483303849e-01,3.716039859311299764e-01
1.033000000000000000e+03,9.277185918968511302e-02,1.855437183793702260e-01,2.783155775690535627e-01,3.710874367587404521e-01
1.033500000000000000e+03,9.264290086036086613e-02,1.852858017207217323e-01,2.779287025810686096e-01,3.705716034414434645e-01
1.034000000000000000e+03,9.251412233024325360e-02,1.850282446604865072e-01,2.775423669907253199e-01,3.700564893209730144e-01
1.034500000000000000e+03,9.238552227382501592e-02,1.847710445476500318e-01,2.771565668214672762e-01,3.695420890953000637e-01
1.035000000000000000e+03,9.225710151003418957e-02,1.845142030200683791e-01,2.767713045300959074e-01,3.690284060401367583e-01
1.035500000000000000e+03,9.212885873112020008e-02,1.842577174622404002e-01,2.763865761933450571e-01,3.685154349244808003e-01
1.036000000000000000e+03,9.200079473977007538e-02,1.840015894795401508e-01,2.760023842193013444e-01,3.680031789590803015e-01
1.036500000000000000e+03,9.187290824571903158e-02,1.837458164914380632e-01,2.756187247371553184e-01,3.674916329828761263e-01
1.037000000000000000e+03,9.174520003568842341e-02,1.834904000713768468e-01,2.752356001070754843e-01,3.669808001427536936e-01
1.037500000000000000e+03,9.161766883663080563e-02,1.832353376732616113e-01,2.748530065098959696e-01,3.664706753465232225e-01
1.038000000000000000e+03,9.149031541955454649e-02,1.829806308391090930e-01,2.744709462586696347e-01,3.659612616782181860e-01
1.038500000000000000e+03,9.136313852835709071e-02,1.827262770567141814e-01,2.740894155850770453e-01,3.654525541134283628e-01
1.039000000000000000e+03,9.123613891860760106e-02,1.824722778372152021e-01,2.737084167558214709e-01,3.649445556744304042e-01
1.039500000000000000e+03,9.110931535088839794e-02,1.822186307017767959e-01,2.733279460526647497e-01,3.644372614035535918e-01
1.040000000000000000e+03,9.098266856557502003e-02,1.819653371311500401e-01,2.729480056967203971e-01,3.639306742623000801e-01
1.040500000000000000e+03,9.085619733969196865e-02,1.817123946793839373e-01,2.725685920190579203e-01,3.634247893587678746e-01
1.041000000000000000e+03,9.072990239865652562e-02,1.814598047973130512e-01,2.721897071959564762e-01,3.629196095946261025e-01
1.041500000000000000e+03,9.060378253568424078e-02,1.812075650713684816e-01,2.718113476070294077e-01,3.624151301427369631e-01
1.042000000000000000e+03,9.047783846149282105e-02,1.809556769229856421e-01,2.714335153844587012e-01,3.619113538459712842e-01
1.042500000000000000e+03,9.035206898522485375e-02,1.807041379704497075e-01,2.710562069556643472e-01,3.614082759408994150e-01
1.043000000000000000e+03,9.022647480315471036e-02,1.804529496063094207e-01,2.706794244094581359e-01,3.609058992126188414e-01
1.043500000000000000e+03,9.010105474011820270e-02,1.802021094802364054e-01,2.703031642203428397e-01,3.604042189604728108e-01
1.044000000000000000e+03,8.997580947815864150e-02,1.799516189563172830e-01,2.699274284344639341e-01,3.599032379126345660e-01
1.044500000000000000e+03,8.985073785756436671e-02,1.797014757151287334e-01,2.695522135726728941e-01,3.594029514302574668e-01
1.045000000000000000e+03,8.972584054639853868e-02,1.794516810927970774e-01,2.691775216391736336e-01,3.589033621855941547e-01
1.045500000000000000e+03,8.960111640016354961e-02,1.792022328003270992e-01,2.688033492004677782e-01,3.584044656006541985e-01
1.046000000000000000e+03,8.947656607316867294e-02,1.789531321463373459e-01,2.684296982194904757e-01,3.579062642926746918e-01
1.046500000000000000e+03,8.935218843589742832e-02,1.787043768717948566e-01,2.680565653076834032e-01,3.574087537435897133e-01
1.047000000000000000e+03,8.922798412914145771e-02,1.784559682582829154e-01,2.676839523874128268e-01,3.569119365165658309e-01
1.047500000000000000e+03,8.910395203813004095e-02,1.782079040762600819e-01,2.673118561143743577e-01,3.564158081525201638e-01
1.048000000000000000e+03,8.898009279034324592e-02,1.779601855806864918e-01,2.669402783710239646e-01,3.559203711613729837e-01
1.048500000000000000e+03,8.885640528555294182e-02,1.777128105711058836e-01,2.665692158566499437e-01,3.554256211422117673e-01
1.049000000000000000e+03,8.873289013815344184e-02,1.774657802763068837e-01,2.661986704144467808e-01,3.549315605526137674e-01
1.049500000000000000e+03,8.860954626221317909e-02,1.772190925244263582e-01,2.658286387866324318e-01,3.544381850488527164e-01
1.050000000000000000e+03,8.848637425927297073e-02,1.769727485185459415e-01,2.654591227778007045e-01,3.539454970370918829e-01
1.050500000000000000e+03,8.836337305748487303e-02,1.767267461149697461e-01,2.650901191724250872e-01,3.534534922299394921e-01
1.051000000000000000e+03,8.824054324572605523e-02,1.764810864914521105e-01,2.647216297371488558e-01,3.529621729829042209e-01
1.051500000000000000e+03,8.811788376602747164e-02,1.762357675320549433e-01,2.643536512980588782e-01,3.524715350641098865e-01
1.052000000000000000e+03,8.799539519482424410e-02,1.759907903896484882e-01,2.639861855844638505e-01,3.519815807792969764e-01
1.052500000000000000e+03,8.787307648780862124e-02,1.757461529756172425e-01,2.636192294634214228e-01,3.514923059512344850e-01
1.053000000000000000e+03,8.775092820918262149e-02,1.755018564183652430e-01,2.632527846275398709e-01,3.510037128367304859e-01
1.053500000000000000e+03,8.762894932808773518e-02,1.752578986561754704e-01,2.628868479842449979e-01,3.505157973123509407e-01
1.054000000000000000e+03,8.750714039668072708e-02,1.750142807933614542e-01,2.625214211900299688e-01,3.500285615867229083e-01
1.054500000000000000e+03,8.738550039735715202e-02,1.747710007947143040e-01,2.621565011920683475e-01,3.495420015894286081e-01
1.055000000000000000e+03,8.726402987044745707e-02,1.745280597408949141e-01,2.617920896113394846e-01,3.490561194817898283e-01
1.055500000000000000e+03,8.714272781138698853e-02,1.742854556227739771e-01,2.614281834341598554e-01,3.485709112455479541e-01
1.056000000000000000e+03,8.702159474886195234e-02,1.740431894977239047e-01,2.610647842465900759e-01,3.480863789954478094e-01
1.056500000000000000e+03,8.690062969116207903e-02,1.738012593823241581e-01,2.607018890734966732e-01,3.476025187646483161e-01
1.057000000000000000e+03,8.677983315553072785e-02,1.735596663110614557e-01,2.603394994666023976e-01,3.471193326221229114e-01
1.057500000000000000e+03,8.665920416290284756e-02,1.733184083258056951e-01,2.599776124887163142e-01,3.466368166516113902e-01
1.058000000000000000e+03,8.653874321927079727e-02,1.730774864385415945e-01,2.596162296578250483e-01,3.461549728770831891e-01
1.058500000000000000e+03,8.641844935803133509e-02,1.728368987160626702e-01,2.592553480740940053e-01,3.456737974321253404e-01
1.059000000000000000e+03,8.629832307410434389e-02,1.725966461482086878e-01,2.588949692223065924e-01,3.451932922964173756e-01
1.059500000000000000e+03,8.617836341315210369e-02,1.723567268263042074e-01,2.585350902394476513e-01,3.447134536526084148e-01
1.060000000000000000e+03,8.605857085921475580e-02,1.721171417184295116e-01,2.581757125776529271e-01,3.442342834368590232e-01
1.060500000000000000e+03,8.593894447004868375e-02,1.718778889400973675e-01,2.578168334101520465e-01,3.437557778801947350e-01
1.061000000000000000e+03,8.581948471898614983e-02,1.716389694379722997e-01,2.574584541569602258e-01,3.432779388759445993e-01
1.061500000000000000e+03,8.570019067567669069e-02,1.714003813513533814e-01,2.571005720270358452e-01,3.428007627027067628e-01
1.062000000000000000e+03,8.558106280293920065e-02,1.711621256058784013e-01,2.567431884088149374e-01,3.423242512117568026e-01
1.062500000000000000e+03,8.546210018213340476e-02,1.709242003642668095e-01,2.563863005464037670e-01,3.418484007285336190e-01
1.063000000000000000e+03,8.534330326573669190e-02,1.706866065314733838e-01,2.560299097972071891e-01,3.413732130629467676e-01
1.063500000000000000e+03,8.522467114664777910e-02,1.704493422932955582e-01,2.556740134399548836e-01,3.408986845865911164e-01
1.064000000000000000e+03,8.510620426717085962e-02,1.702124085343417192e-01,2.553186128015103584e-01,3.404248170686834385e-01
1.064500000000000000e+03,8.498790173157821926e-02,1.699758034631564385e-01,2.549637051947297728e-01,3.399516069263128770e-01
1.065000000000000000e+03,8.486976397215317824e-02,1.697395279443063565e-01,2.546092919164553159e-01,3.394790558886127130e-01
1.065500000000000000e+03,8.475179010437128291e-02,1.695035802087425658e-01,2.542553703131185117e-01,3.390071604174851316e-01
1.066000000000000000e+03,8.463398055068283021e-02,1.692679611013656604e-01,2.539019416520433836e-01,3.385359222027313209e-01
1.066500000000000000e+03,8.451633443758366226e-02,1.690326688751673245e-01,2.535490033127496545e-01,3.380653377503346491e-01
1.067000000000000000e+03,8.439885217784626192e-02,1.687977043556925238e-01,2.531965565335396739e-01,3.375954087113850477e-01
1.067500000000000000e+03,8.428153290883222404e-02,1.685630658176644481e-01,2.528445987265035555e-01,3.371261316353288962e-01
1.068000000000000000e+03,8.416437703380119650e-02,1.683287540676023930e-01,2.524931311014046997e-01,3.366575081352047860e-01
1.068500000000000000e+03,8.404738370081021870e-02,1.680947674016204374e-01,2.521421511024275475e-01,3.361895348032408748e-01
1.069000000000000000e+03,8.393055330376353318e-02,1.678611066075270664e-01,2.517916599112903775e-01,3.357222132150541327e-01
1.069500000000000000e+03,8.381388500125153129e-02,1.676277700025030626e-01,2.514416550037514853e-01,3.352555400050061252e-01
1.070000000000000000e+03,8.369737917798469873e-02,1.673947583559693975e-01,2.510921375339560946e-01,3.347895167119387949e-01
1.070500000000000000e+03,8.358103500292646260e-02,1.671620700058529252e-01,2.507431050087820523e-01,3.343241400117058504e-01
1.071000000000000000e+03,8.346485285174520818e-02,1.669297057034904164e-01,2.503945585552420638e-01,3.338594114069808327e-01
1.071500000000000000e+03,8.334883190362907257e-02,1.666976638072581451e-01,2.500464957108845532e-01,3.333953276145162903e-01
1.072000000000000000e+03,8.323297252535089008e-02,1.664659450507017802e-01,2.496989175760448987e-01,3.329318901014035603e-01
1.072500000000000000e+03,8.311727390615608613e-02,1.662345478123121723e-01,2.493518217184695906e-01,3.324690956246243445e-01
1.073000000000000000e+03,8.300173640408803344e-02,1.660034728081760669e-01,2.490052092122549965e-01,3.320069456163521338e-01
1.073500000000000000e+03,8.288635921830134201e-02,1.657727184366026840e-01,2.486590776549020276e-01,3.315454368732053680e-01
1.074000000000000000e+03,8.277114269824226156e-02,1.655422853964845231e-01,2.483134280947232320e-01,3.310845707929690462e-01
1.074500000000000000e+03,8.265608605283425447e-02,1.653121721056685089e-01,2.479682581585018752e-01,3.306243442113370179e-01
1.075000000000000000e+03,8.254118962306988827e-02,1.650823792461397765e-01,2.476235688692014492e-01,3.301647584922795531e-01
1.075500000000000000e+03,8.242645262749159762e-02,1.648529052549831952e-01,2.472793578824683536e-01,3.297058105099663905e-01
1.076000000000000000e+03,8.231187539878392911e-02,1.646237507975678582e-01,2.469356261963397969e-01,3.292475015951357165e-01
1.076500000000000000e+03,8.219745716495974186e-02,1.643949143299194837e-01,2.465923714948754508e-01,3.287898286598389674e-01
1.077000000000000000e+03,8.208319825053944641e-02,1.641663965010788928e-01,2.462495947516067929e-01,3.283327930021577856e-01
1.077500000000000000e+03,8.196909789286510595e-02,1.639381957857302119e-01,2.459072936785808849e-01,3.278763915714604238e-01
1.078000000000000000e+03,8.185515640842599971e-02,1.637103128168519994e-01,2.455654692252595694e-01,3.274206256337039989e-01
1.078500000000000000e+03,8.174137304375395097e-02,1.634827460875079019e-01,2.452241191312460877e-01,3.269654921750158039e-01
1.079000000000000000e+03,8.162774810744699572e-02,1.632554962148939914e-01,2.448832443223243338e-01,3.265109924297879829e-01
1.079500000000000000e+03,8.151428085508838350e-02,1.630285617101767670e-01,2.445428425652584892e-01,3.260571234203535340e-01
1.080000000000000000e+03,8.140097158751369300e-02,1.628019431750273860e-01,2.442029147625350838e-01,3.256038863500547720e-01
1.080500000000000000e+03,8.128781956922481733e-02,1.625756391384496347e-01,2.438634587076715654e-01,3.251512782768992693e-01
1.081000000000000000e+03,8.117482509342432984e-02,1.623496501868486597e-01,2.435244752802683266e-01,3.246993003736973193e-01
1.081500000000000000e+03,8.106198743340309321e-02,1.621239748668061864e-01,2.431859623002052828e-01,3.242479497336123728e-01
1.082000000000000000e+03,8.094930687485590859e-02,1.618986137497118172e-01,2.428479206245612865e-01,3.237972274994236344e-01
1.082500000000000000e+03,8.083678269972938146e-02,1.616735653994587629e-01,2.425103480991794846e-01,3.233471307989175259e-01
1.083000000000000000e+03,8.072441518634421165e-02,1.614488303726884233e-01,2.421732455590239752e-01,3.228976607453768466e-01
1.083500000000000000e+03,8.061220362516907656e-02,1.612244072503381531e-01,2.418366108755045651e-01,3.224488145006763062e-01
1.084000000000000000e+03,8.050014828727714011e-02,1.610002965745542802e-01,2.415004448618227606e-01,3.220005931491085605e-01
1.084500000000000000e+03,8.038824847152947761e-02,1.607764969430589552e-01,2.411647454145828817e-01,3.215529938861179104e-01
1.085000000000000000e+03,8.027650444187539591e-02,1.605530088837507918e-01,2.408295133256195264e-01,3.211060177675015836e-01
1.085500000000000000e+03,8.016491550544402322e-02,1.603298310108880464e-01,2.404947465163322917e-01,3.206596620217760929e-01
1.086000000000000000e+03,8.005348191918137957e-02,1.601069638383627591e-01,2.401604457575441387e-01,3.202139276767255183e-01
1.086500000000000000e+03,7.994220299836829469e-02,1.598844059967365894e-01,2.398266089951071045e-01,3.197688119934731787e-01
1.087000000000000000e+03,7.983107899305763588e-02,1.596621579861152718e-01,2.394932369791664684e-01,3.193243159722305435e-01
1.087500000000000000e+03,7.972010922655492493e-02,1.594402184531098499e-01,2.391603276796594457e-01,3.188804369062196997e-01
1.088000000000000000e+03,7.960929394214888433e-02,1.592185878842977687e-01,2.388278818264395476e-01,3.184371757685955373e-01
1.088500000000000000e+03,7.949863247104782538e-02,1.589972649420956508e-01,2.384958974131383691e-01,3.179945298841913015e-01
1.089000000000000000e+03,7.938812504988490559e-02,1.587762500997698112e-01,2.381643751496436145e-01,3.175525001995396224e-01
1.089500000000000000e+03,7.927777101766197987e-02,1.585555420353239597e-01,2.378333130529739492e-01,3.171110840706479195e-01
1.090000000000000000e+03,7.916757060446832917e-02,1.583351412089366583e-01,2.375027118133905546e-01,3.166702824178733167e-01
1.090500000000000000e+03,7.905752315698033605e-02,1.581150463139606721e-01,2.371725694709305721e-01,3.162300926279213442e-01
1.091000000000000000e+03,7.894762889885598156e-02,1.578952577977119631e-01,2.368428866965537338e-01,3.157905155954239262e-01
1.091500000000000000e+03,7.883788718433071274e-02,1.576757743686614255e-01,2.365136615529817021e-01,3.153515487373228510e-01
1.092000000000000000e+03,7.872829823074489752e-02,1.574565964614897950e-01,2.361848946922235903e-01,3.149131929229795901e-01
1.092500000000000000e+03,7.861886139977936061e-02,1.572377227995587212e-01,2.358565841993338630e-01,3.144754455991174424e-01
1.093000000000000000e+03,7.850957690256410437e-02,1.570191538051282087e-01,2.355287307076814329e-01,3.140383076102564175e-01
1.093500000000000000e+03,7.840044410811630726e-02,1.568008882162326145e-01,2.352013323243382636e-01,3.136017764324652290e-01
1.094000000000000000e+03,7.829146322145796866e-02,1.565829264429159373e-01,2.348743896643674667e-01,3.131658528858318746e-01
1.094500000000000000e+03,7.818263361883781570e-02,1.563652672376756314e-01,2.345479008565103385e-01,3.127305344753512628e-01
1.095000000000000000e+03,7.807395549927509393e-02,1.561479109985501879e-01,2.342218664978146236e-01,3.122958219971003757e-01
1.095500000000000000e+03,7.796542824613927891e-02,1.559308564922785578e-01,2.338962847384111754e-01,3.118617129845571156e-01
1.096000000000000000e+03,7.785705205255077921e-02,1.557141041051015584e-01,2.335711561576436779e-01,3.114282082102031168e-01
1.096500000000000000e+03,7.774882630889634605e-02,1.554976526177926921e-01,2.332464789266874838e-01,3.109953052355853842e-01
1.097000000000000000e+03,7.764075120250035766e-02,1.552815024050007153e-01,2.329222536074921912e-01,3.105630048100014307e-01
1.097500000000000000e+03,7.753282613066025952e-02,1.550656522613205190e-01,2.325984783919765597e-01,3.101313045226410381e-01
1.098000000000000000e+03,7.742505127500121098e-02,1.548501025500024220e-01,2.322751538249971937e-01,3.097002051000048439e-01
1.098500000000000000e+03,7.731742603963320803e-02,1.546348520792664161e-01,2.319522781188991800e-01,3.092697041585328321e-01
1.099000000000000000e+03,7.720995060058433168e-02,1.544199012011686634e-01,2.316298518017445573e-01,3.088398024023373267e-01
1.099500000000000000e+03,7.710262436867010294e-02,1.542052487373402059e-01,2.313078731060094206e-01,3.084104974746804118e-01
1.100000000000000000e+03,7.699544751441456114e-02,1.539908950288291223e-01,2.309863425432405748e-01,3.079817900576582446e-01
1.100500000000000000e+03,7.688841945524726995e-02,1.537768389104945399e-01,2.306652583657502475e-01,3.075536778209890798e-01
1.101000000000000000e+03,7.678154035628659280e-02,1.535630807125731856e-01,2.303446210688617768e-01,3.071261614251463712e-01
1.101500000000000000e+03,7.667480964147221911e-02,1.533496192829444382e-01,2.300244289244171014e-01,3.066992385658888765e-01
1.102000000000000000e+03,7.656822747060343382e-02,1.531364549412068676e-01,2.297046824118154085e-01,3.062729098824137353e-01
1.102500000000000000e+03,7.646179327404434289e-02,1.529235865480886858e-01,2.293853798221383578e-01,3.058471730961773716e-01
1.103000000000000000e+03,7.635550720636952171e-02,1.527110144127390434e-01,2.290665216191136722e-01,3.054220288254780868e-01
1.103500000000000000e+03,7.624936870426868296e-02,1.524987374085373659e-01,2.287481061128113780e-01,3.049974748170747318e-01
1.104000000000000000e+03,7.614337791718073234e-02,1.522867558343614647e-01,2.284301337515324271e-01,3.045735116687229294e-01
1.104500000000000000e+03,7.603753428802417780e-02,1.520750685760483556e-01,2.281126028640731995e-01,3.041501371520967112e-01
1.105000000000000000e+03,7.593183796119662432e-02,1.518636759223932486e-01,2.277955138835894289e-01,3.037273518447864973e-01
1.105500000000000000e+03,7.582628838575722341e-02,1.516525767715144468e-01,2.274788651572747789e-01,3.033051535430288936e-01
1.106000000000000000e+03,7.572088570114554607e-02,1.514417714022910921e-01,2.271626571034408570e-01,3.028835428045821843e-01
1.106500000000000000e+03,7.561562936247012701e-02,1.512312587249402540e-01,2.268468880874143778e-01,3.024625174498805080e-01
1.107000000000000000e+03,7.551051950430198723e-02,1.510210390086039745e-01,2.265315585129079601e-01,3.020420780172079489e-01
1.107500000000000000e+03,7.540555558771111500e-02,1.508111111754222300e-01,2.262166667631340111e-01,3.016222223508444600e-01
1.108000000000000000e+03,7.530073774247769691e-02,1.506014754849553938e-01,2.259022132274401962e-01,3.012029509699107876e-01
1.108500000000000000e+03,7.519606543555190648e-02,1.503921308711038130e-01,2.255881963066679319e-01,3.007842617422076259e-01
1.109000000000000000e+03,7.509153879201102555e-02,1.501830775840220511e-01,2.252746163760392939e-01,3.003661551680441022e-01
1.109500000000000000e+03,7.498715728458682506e-02,1.499743145691736501e-01,2.249614718537702451e-01,2.999486291383473002e-01
1.110000000000000000e+03,7.488292103374094566e-02,1.497658420674818913e-01,2.246487631012326069e-01,2.995316841349637826e-01
1.110500000000000000e+03,7.477882951791214872e-02,1.495576590358242974e-01,2.243364885537402209e-01,2.991153180716485949e-01
1.111000000000000000e+03,7.467488285301593365e-02,1.493497657060318673e-01,2.240246485590509096e-01,2.986995314120637346e-01
1.111500000000000000e+03,7.457108052311245405e-02,1.491421610462249081e-01,2.237132415693512399e-01,2.982843220924498162e-01
1.112000000000000000e+03,7.446742263966288355e-02,1.489348452793257671e-01,2.234022679189986427e-01,2.978696905586515342e-01
1.112500000000000000e+03,7.436390869226161549e-02,1.487278173845232310e-01,2.230917260768019439e-01,2.974556347690464619e-01
1.113000000000000000e+03,7.426053878798466457e-02,1.485210775759693291e-01,2.227816163639668723e-01,2.970421551519386583e-01
1.113500000000000000e+03,7.415731242189205208e-02,1.483146248437841042e-01,2.224719372656873695e-01,2.966292496875682083e-01
1.114000000000000000e+03,7.405422969674835265e-02,1.481084593934967053e-01,2.221626890902546059e-01,2.962169187869934106e-01
1.114500000000000000e+03,7.395129011299417243e-02,1.479025802259883449e-01,2.218538703389856259e-01,2.958051604519766897e-01
1.115000000000000000e+03,7.384849376916458041e-02,1.476969875383291608e-01,2.215454813074884122e-01,2.953939750766583217e-01
1.115500000000000000e+03,7.374584017099905520e-02,1.474916803419981104e-01,2.212375205130006073e-01,2.949833606839962208e-01
1.116000000000000000e+03,7.364332941287876633e-02,1.472866588257575327e-01,2.209299882386361880e-01,2.945733176515150653e-01
1.116500000000000000e+03,7.354096100576912320e-02,1.470819220115382464e-01,2.206228830173100341e-01,2.941638440230764928e-01
1.117000000000000000e+03,7.343873503996567464e-02,1.468774700799313493e-01,2.203162051198992444e-01,2.937549401598626986e-01
1.117500000000000000e+03,7.333665103158559795e-02,1.466733020631711959e-01,2.200099530947610127e-01,2.933466041263423918e-01
1.118000000000000000e+03,7.323470906691154081e-02,1.464694181338230816e-01,2.197041272007367319e-01,2.929388362676461632e-01
1.118500000000000000e+03,7.313290866713206828e-02,1.462658173342641366e-01,2.193987260014109708e-01,2.925316346685282731e-01
1.119000000000000000e+03,7.303124991459586379e-02,1.460624998291917276e-01,2.190937497437901449e-01,2.921249996583834552e-01
1.119500000000000000e+03,7.292973233549115974e-02,1.458594646709823195e-01,2.187891970064805847e-01,2.917189293419646390e-01
1.120000000000000000e+03,7.282835600829051792e-02,1.456567120165810358e-01,2.184850680248704435e-01,2.913134240331620717e-01
1.120500000000000000e+03,7.272712046411744513e-02,1.454542409282348903e-01,2.181813613923533346e-01,2.909084818564697805e-01
1.121000000000000000e+03,7.262602577764043499e-02,1.452520515552808700e-01,2.178780773329211939e-01,2.905041031105617400e-01
1.121500000000000000e+03,7.252507148483966493e-02,1.450501429696793299e-01,2.175752144545342048e-01,2.901002859393586597e-01
1.122000000000000000e+03,7.242425765665161386e-02,1.448485153133032277e-01,2.172727729699523991e-01,2.896970306266064554e-01
1.122500000000000000e+03,7.232358383384729361e-02,1.446471676676945872e-01,2.169707515015439903e-01,2.892943353353891744e-01
1.123000000000000000e+03,7.222305008368556933e-02,1.444461001673711387e-01,2.166691502510547096e-01,2.888922003347422773e-01
1.123500000000000000e+03,7.212265595166522658e-02,1.442453119033304532e-01,2.163679678549961238e-01,2.884906238066609063e-01
1.124000000000000000e+03,7.202240150144034736e-02,1.440448030028806947e-01,2.160672045043163791e-01,2.880896060057613894e-01
1.124500000000000000e+03,7.192228628315544547e-02,1.438445725663108909e-01,2.157668588494763284e-01,2.876891451326217819e-01
1.125000000000000000e+03,7.182231035693398269e-02,1.436446207138679654e-01,2.154669310708015040e-01,2.872892414277359308e-01
1.125500000000000000e+03,7.172247327750358448e-02,1.434449465550071690e-01,2.151674198325173037e-01,2.868898931100143379e-01
1.126000000000000000e+03,7.162277510150971693e-02,1.432455502030194339e-01,2.148683253045291508e-01,2.864911004060388677e-01
1.126500000000000000e+03,7.152321538820038960e-02,1.430464307764007792e-01,2.145696461646022790e-01,2.860928615528015584e-01
1.127000000000000000e+03,7.142379419080557845e-02,1.428475883816111569e-01,2.142713825724080756e-01,2.856951767632223138e-01
1.127500000000000000e+03,7.132451107303017235e-02,1.426490221460603447e-01,2.139735332190850770e-01,2.852980442921206894e-01
1.128000000000000000e+03,7.122536608475049658e-02,1.424507321695009932e-01,2.136760982542402765e-01,2.849014643390019863e-01
1.128500000000000000e+03,7.112635879406448147e-02,1.422527175881289629e-01,2.133790763821927783e-01,2.845054351762579259e-01
1.129000000000000000e+03,7.102748924755597493e-02,1.420549784951119499e-01,2.130824677426623737e-01,2.841099569902238997e-01
1.129500000000000000e+03,7.092875701765088969e-02,1.418575140353017794e-01,2.127862710529515589e-01,2.837150280706035588e-01
1.130000000000000000e+03,7.083016214769799479e-02,1.416603242953959896e-01,2.124904864430856577e-01,2.833206485907919792e-01
1.130500000000000000e+03,7.073170421439445299e-02,1.414634084287889060e-01,2.121951126431751433e-01,2.829268168575778120e-01
1.131000000000000000e+03,7.063338325790924355e-02,1.412667665158184871e-01,2.119001497737169615e-01,2.825335330316369742e-01
1.131500000000000000e+03,7.053519885914782961e-02,1.410703977182956592e-01,2.116055965774368275e-01,2.821407954365913184e-01
1.132000000000000000e+03,7.043715105516212827e-02,1.408743021103242565e-01,2.113114531654747275e-01,2.817486042206485131e-01
1.132500000000000000e+03,7.033923943100184317e-02,1.406784788620036863e-01,2.110177182930028650e-01,2.813569577240073727e-01
1.133000000000000000e+03,7.024146402066033801e-02,1.404829280413206760e-01,2.107243920619694677e-01,2.809658560826413520e-01
1.133500000000000000e+03,7.014382441327648987e-02,1.402876488265529797e-01,2.104314732398262500e-01,2.805752976531059595e-01
1.134000000000000000e+03,7.004632063983196044e-02,1.400926412796639209e-01,2.101389619194824476e-01,2.801852825593278418e-01
1.134500000000000000e+03,6.994895229350028831e-02,1.398979045870005766e-01,2.098468568805031964e-01,2.797958091740011533e-01
1.135000000000000000e+03,6.985171940230749943e-02,1.397034388046149989e-01,2.095551582069168361e-01,2.794068776092299977e-01
1.135500000000000000e+03,6.975462156340273001e-02,1.395092431268054600e-01,2.092638646902154065e-01,2.790184862536109200e-01
1.136000000000000000e+03,6.965765880191454595e-02,1.393153176038290919e-01,2.089729764057475236e-01,2.786306352076581838e-01
1.136500000000000000e+03,6.956083071891150382e-02,1.391216614378230076e-01,2.086824921567371760e-01,2.782433228756460153e-01
1.137000000000000000e+03,6.946413733667011758e-02,1.389282746733402352e-01,2.083924120100131283e-01,2.778565493466804703e-01
1.137500000000000000e+03,6.936757826012418526e-02,1.387351565202483705e-01,2.081027347803763305e-01,2.774703130404967411e-01
1.138000000000000000e+03,6.927115350875834299e-02,1.385423070175166860e-01,2.078134605262738077e-01,2.770846140350333719e-01
1.138500000000000000e+03,6.917486269131034593e-02,1.383497253826206919e-01,2.075245880739320370e-01,2.766994507652413837e-01
1.139000000000000000e+03,6.907870582452046992e-02,1.381574116490409398e-01,2.072361174735637412e-01,2.763148232980818797e-01
1.139500000000000000e+03,6.898268252089068131e-02,1.379653650417813626e-01,2.069480475626725990e-01,2.759307300835627252e-01
1.140000000000000000e+03,6.888679279446385806e-02,1.377735855889277161e-01,2.066603783833902419e-01,2.755471711778554322e-01
1.140500000000000000e+03,6.879103626143590056e-02,1.375820725228718011e-01,2.063731087843132528e-01,2.751641450457436022e-01
1.141000000000000000e+03,6.869541293321435038e-02,1.373908258664287008e-01,2.060862387996467149e-01,2.747816517328574015e-01
1.141500000000000000e+03,6.859992242964552123e-02,1.371998448592910425e-01,2.057997672889411156e-01,2.743996897185820849e-01
1.142000000000000000e+03,6.850456475953647928e-02,1.370091295190729586e-01,2.055136942786193188e-01,2.740182590381459171e-01
1.142500000000000000e+03,6.840933954633954261e-02,1.368186790926790852e-01,2.052280186390187389e-01,2.736373581853581705e-01
1.143000000000000000e+03,6.831424679631192820e-02,1.366284935926238564e-01,2.049427403889265698e-01,2.732569871852477128e-01
1.143500000000000000e+03,6.821928613644623329e-02,1.364385722728924666e-01,2.046578584093365905e-01,2.728771445457849332e-01
1.144000000000000000e+03,6.812445757050988870e-02,1.362489151410197774e-01,2.043733727115251142e-01,2.724978302820395548e-01
1.144500000000000000e+03,6.802976072899569182e-02,1.360595214579913836e-01,2.040892821869868534e-01,2.721190429159827673e-01
1.145000000000000000e+03,6.793519561321148537e-02,1.358703912264229707e-01,2.038055868396368986e-01,2.717407824528459415e-01
1.145500000000000000e+03,6.784076185710175011e-02,1.356815237142035002e-01,2.035222855713105794e-01,2.713630474284070004e-01
1.146000000000000000e+03,6.774645945956603299e-02,1.354929189191320660e-01,2.032393783787069808e-01,2.709858378382641320e-01
1.146500000000000000e+03,6.765228805795420186e-02,1.353045761159084037e-01,2.029568641738683787e-01,2.706091522318168074e-01
1.147000000000000000e+03,6.755824764879980737e-02,1.351164952975996147e-01,2.026747429464030859e-01,2.702329905951992295e-01
1.147500000000000000e+03,6.746433787280570193e-02,1.349286757456114039e-01,2.023930136184284301e-01,2.698573514912228077e-01
1.148000000000000000e+03,6.737055872419173141e-02,1.347411174483834628e-01,2.021116761725809674e-01,2.694822348967669257e-01
1.148500000000000000e+03,6.727690984696743648e-02,1.345538196939348730e-01,2.018307295409007551e-01,2.691076393878697459e-01
1.149000000000000000e+03,6.718339123307148775e-02,1.343667824661429755e-01,2.015501736992160176e-01,2.687335649322859510e-01
1.149500000000000000e+03,6.709000252978081225e-02,1.341800050595616245e-01,2.012700075893496532e-01,2.683600101191232490e-01
1.150000000000000000e+03,6.699674372680253231e-02,1.339934874536050646e-01,2.009902311804094843e-01,2.679869749072101293e-01
1.150500000000000000e+03,6.690361447462800371e-02,1.338072289492560074e-01,2.007108434238817907e-01,2.676144578985120148e-01
1.151000000000000000e+03,6.681061476077265748e-02,1.336212295215453150e-01,2.004318442823218582e-01,2.672424590430906299e-01
1.151500000000000000e+03,6.671774423890386441e-02,1.334354884778077288e-01,2.001532327167159231e-01,2.668709769556154576e-01
1.152000000000000000e+03,6.662500289438522127e-02,1.332500057887704425e-01,1.998750086831648787e-01,2.665000115775408851e-01
1.152500000000000000e+03,6.653239038401581595e-02,1.330647807680316319e-01,1.995971711520492242e-01,2.661295615360632638e-01
1.153000000000000000e+03,6.643990669104571367e-02,1.328798133820914273e-01,1.993197200731415819e-01,2.657596267641828547e-01
1.153500000000000000e+03,6.634755147536275377e-02,1.326951029507255075e-01,1.990426544260892605e-01,2.653902059014510151e-01
1.154000000000000000e+03,6.625532471814932212e-02,1.325106494362986442e-01,1.987659741544489655e-01,2.650212988725972885e-01
1.154500000000000000e+03,6.616322608233415892e-02,1.323264521646683178e-01,1.984896782470153553e-01,2.646529043293366357e-01
1.155000000000000000e+03,6.607125554707171666e-02,1.321425110941434333e-01,1.982137666412175925e-01,2.642850221882868667e-01
1.155500000000000000e+03,6.597941277829044715e-02,1.319588255565808943e-01,1.979382383348755603e-01,2.639176511131617886e-01
1.156000000000000000e+03,6.588769775315406196e-02,1.317753955063081239e-01,1.976630932594649614e-01,2.635507910126162479e-01
1.156500000000000000e+03,6.579611014055641860e-02,1.315922202811128372e-01,1.973883304216732526e-01,2.631844405622256744e-01
1.157000000000000000e+03,6.570464991570268420e-02,1.314092998314053684e-01,1.971139497471123825e-01,2.628185996628107368e-01
1.157500000000000000e+03,6.561331675041004452e-02,1.312266335008200890e-01,1.968399502512325761e-01,2.624532670016401781e-01
1.158000000000000000e+03,6.552211061796753278e-02,1.310442212359350656e-01,1.965663318539032645e-01,2.620884424718701311e-01
1.158500000000000000e+03,6.543103119307103199e-02,1.308620623861420640e-01,1.962930935792122078e-01,2.617241247722841280e-01
1.159000000000000000e+03,6.534007844713318747e-02,1.306801568942663749e-01,1.960202353413946774e-01,2.613603137885327499e-01
1.159500000000000000e+03,6.524925205769005476e-02,1.304985041153801095e-01,1.957477561730631699e-01,2.609970082307602190e-01
1.160000000000000000e+03,6.515855199430720113e-02,1.303171039886144023e-01,1.954756559829151641e-01,2.606342079772288045e-01
1.160500000000000000e+03,6.506797793733098967e-02,1.301359558746619793e-01,1.952039338119830880e-01,2.602719117493239587e-01
1.161000000000000000e+03,6.497752985451632490e-02,1.299550597090326498e-01,1.949325895635385386e-01,2.599101194180652996e-01
1.161500000000000000e+03,6.488720742897369220e-02,1.297744148579473844e-01,1.946616222869081980e-01,2.595488297158947688e-01
1.162000000000000000e+03,6.479701062668852263e-02,1.295940212533770453e-01,1.943910318800585735e-01,2.591880425067540905e-01
1.162500000000000000e+03,6.470693913349601090e-02,1.294138782669920218e-01,1.941208174004818154e-01,2.588277565339840436e-01
1.163000000000000000e+03,6.461699291364353392e-02,1.292339858272870678e-01,1.938509787409352647e-01,2.584679716545741357e-01
1.163500000000000000e+03,6.452717165565924340e-02,1.290543433113184868e-01,1.935815149669783963e-01,2.581086866226369736e-01
1.164000000000000000e+03,6.443747532208465856e-02,1.288749506441693171e-01,1.933124259662539757e-01,2.577499012883386342e-01
1.164500000000000000e+03,6.434790360410347354e-02,1.286958072082069471e-01,1.930437108123119749e-01,2.573916144164138942e-01
1.165000000000000000e+03,6.425845646258354638e-02,1.285169129251670928e-01,1.927753693877520824e-01,2.570338258503341855e-01
1.165500000000000000e+03,6.416913359132991879e-02,1.283382671826598376e-01,1.925074007739855375e-01,2.566765343653196751e-01
1.166000000000000000e+03,6.407993494957286984e-02,1.281598698991457397e-01,1.922398048487190536e-01,2.563197397982914794e-01
1.166500000000000000e+03,6.399086023370181842e-02,1.279817204674036368e-01,1.919725807011083418e-01,2.559634409348072737e-01
1.167000000000000000e+03,6.390190940133577691e-02,1.278038188026715538e-01,1.917057282040124377e-01,2.556076376053431076e-01
1.167500000000000000e+03,6.381308215142067475e-02,1.276261643028413495e-01,1.914392464542626904e-01,2.552523286056826990e-01
1.168000000000000000e+03,6.372437843999634310e-02,1.274487568799926862e-01,1.911731353199881411e-01,2.548975137599853724e-01
1.168500000000000000e+03,6.363579796852247839e-02,1.272715959370449568e-01,1.909073939055585534e-01,2.545431918740899135e-01
1.169000000000000000e+03,6.354734069149847731e-02,1.270946813829969546e-01,1.906420220744879934e-01,2.541893627659939092e-01
1.169500000000000000e+03,6.345900631286338633e-02,1.269180126257267727e-01,1.903770189385882716e-01,2.538360252514535453e-01
1.170000000000000000e+03,6.337079478560758705e-02,1.267415895712151741e-01,1.901123843568184313e-01,2.534831791424303482e-01
1.170500000000000000e+03,6.328270581611561418e-02,1.265654116322312284e-01,1.898481174483479528e-01,2.531308232644624567e-01
1.171000000000000000e+03,6.319473935590047553e-02,1.263894787118009511e-01,1.895842180676940991e-01,2.527789574236019021e-01
1.171500000000000000e+03,6.310689511375711103e-02,1.262137902275142221e-01,1.893206853412610080e-01,2.524275804550284441e-01
1.172000000000000000e+03,6.301917303974402529e-02,1.260383460794880506e-01,1.890575191192240823e-01,2.520766921589761012e-01
1.172500000000000000e+03,6.293157284504657945e-02,1.258631456900931589e-01,1.887947185351355195e-01,2.517262913801863178e-01
1.173000000000000000e+03,6.284409447829575335e-02,1.256881889565915067e-01,1.885322834348741594e-01,2.513763779131830134e-01
1.173500000000000000e+03,6.275673765302713925e-02,1.255134753060542785e-01,1.882702129590798634e-01,2.510269506121085570e-01
1.174000000000000000e+03,6.266950231648160674e-02,1.253390046329632135e-01,1.880085069494361605e-01,2.506780092659264270e-01
1.174500000000000000e+03,6.258238818451455909e-02,1.251647763690291182e-01,1.877471645535373490e-01,2.503295527380582364e-01
1.175000000000000000e+03,6.249539520299685069e-02,1.249907904059937014e-01,1.874861856089831136e-01,2.499815808119874028e-01
1.175500000000000000e+03,6.240852309007960397e-02,1.248170461801592079e-01,1.872255692702395891e-01,2.496340923603184159e-01
1.176000000000000000e+03,6.232177179029307901e-02,1.246435435805861580e-01,1.869653153708696891e-01,2.492870871611723160e-01
1.176500000000000000e+03,6.223514102404636983e-02,1.244702820480927397e-01,1.867054230721425512e-01,2.489405640961854793e-01
1.177000000000000000e+03,6.214863073456100562e-02,1.242972614691220112e-01,1.864458922036758004e-01,2.485945229382440225e-01
1.177500000000000000e+03,6.206224064447829480e-02,1.241244812889565896e-01,1.861867219334265577e-01,2.482489625779131792e-01
1.178000000000000000e+03,6.197597069572846618e-02,1.239519413914569324e-01,1.859279120871710766e-01,2.479038827829138647e-01
1.178500000000000000e+03,6.188982061315861927e-02,1.237796412263172385e-01,1.856694618394607588e-01,2.475592824526344771e-01
1.179000000000000000e+03,6.180379033744021200e-02,1.236075806748804240e-01,1.854113710122993197e-01,2.472151613497608480e-01
1.179500000000000000e+03,6.171787959559249526e-02,1.234357591911849905e-01,1.851536387867738220e-01,2.468715183823699810e-01
1.180000000000000000e+03,6.163208832705924234e-02,1.232641766541184847e-01,1.848962649811674019e-01,2.465283533082369694e-01
1.180500000000000000e+03,6.154641626099988105e-02,1.230928325219997621e-01,1.846392487829993101e-01,2.461856650439995242e-01
1.181000000000000000e+03,6.146086333565015103e-02,1.229217266713003021e-01,1.843825900069511192e-01,2.458434533426006041e-01
1.181500000000000000e+03,6.137542928228945094e-02,1.227508585645789019e-01,1.841262878468761244e-01,2.455017171291578038e-01
1.182000000000000000e+03,6.129011403797035573e-02,1.225802280759407115e-01,1.838703421139031846e-01,2.451604561518814229e-01
1.182500000000000000e+03,6.120491733605937235e-02,1.224098346721187447e-01,1.836147520081743423e-01,2.448196693442374894e-01
1.183000000000000000e+03,6.111983911245300050e-02,1.222396782249060010e-01,1.833595173373554488e-01,2.444793564498120020e-01
1.183500000000000000e+03,6.103487910258298399e-02,1.220697582051659680e-01,1.831046373077565015e-01,2.441395164103319360e-01
1.184000000000000000e+03,6.095003724121117461e-02,1.219000744824223492e-01,1.828501117236256412e-01,2.438001489648446984e-01
1.184500000000000000e+03,6.086531326580557621e-02,1.217306265316111524e-01,1.825959397974163956e-01,2.434612530632223049e-01
1.185000000000000000e+03,6.078070711001348769e-02,1.215614142200269754e-01,1.823421213300395749e-01,2.431228284400539508e-01
1.185500000000000000e+03,6.069621851331807871e-02,1.213924370266361574e-01,1.820886555399563456e-01,2.427848740532723149e-01
1.186000000000000000e+03,6.061184740828073902e-02,1.212236948165614780e-01,1.818355422248378872e-01,2.424473896331229561e-01
1.186500000000000000e+03,6.052759353636427697e-02,1.210551870727285539e-01,1.815827806091085961e-01,2.421103741454571079e-01
1.187000000000000000e+03,6.044345682907470430e-02,1.208869136581494086e-01,1.813303704872288868e-01,2.417738273162988172e-01
1.187500000000000000e+03,6.035943702983204151e-02,1.207188740596640830e-01,1.810783110895037851e-01,2.414377481193281660e-01
1.188000000000000000e+03,6.027553406909313960e-02,1.205510681381862792e-01,1.808266022072850809e-01,2.411021362763725584e-01
1.188500000000000000e+03,6.019174769221924404e-02,1.203834953844384881e-01,1.805752430766691674e-01,2.407669907688769761e-01
1.189000000000000000e+03,6.010807782864902027e-02,1.202161556572980405e-01,1.803242334859533891e-01,2.404323113145960811e-01
1.189500000000000000e+03,6.002452422564741319e-02,1.200490484512948264e-01,1.800735726769553402e-01,2.400980969025896528e-01
1.190000000000000000e+03,5.994108681166410157e-02,1.198821736233282031e-01,1.798232604349925268e-01,2.397643472466564063e-01
1.190500000000000000e+03,5.985776533584619141e-02,1.197155306716923828e-01,1.795732960075406837e-01,2.394310613433847656e-01
1.191000000000000000e+03,5.977455972566780851e-02,1.195491194513356170e-01,1.793236791770000949e-01,2.390982389026712340e-01
1.191500000000000000e+03,5.969146973213546037e-02,1.193829394642709207e-01,1.790744091964109330e-01,2.387658789285418415e-01
1.192000000000000000e+03,5.960849528177170065e-02,1.192169905635434013e-01,1.788254858453188767e-01,2.384339811270868026e-01
1.192500000000000000e+03,5.952563612742389765e-02,1.190512722548477953e-01,1.785769083822770220e-01,2.381025445096955906e-01
1.193000000000000000e+03,5.944289219467735474e-02,1.188857843893547095e-01,1.783286765840381705e-01,2.377715687787094190e-01
1.193500000000000000e+03,5.936026323819421080e-02,1.187205264763884216e-01,1.780807897145981755e-01,2.374410529527768432e-01
1.194000000000000000e+03,5.927774918265094062e-02,1.185554983653018812e-01,1.778332475479671437e-01,2.371109967306037625e-01
1.194500000000000000e+03,5.919534978449880747e-02,1.183906995689976149e-01,1.775860493535144080e-01,2.367813991379952299e-01
1.195000000000000000e+03,5.911306496752410933e-02,1.182261299350482187e-01,1.773391949025846515e-01,2.364522598700964373e-01
1.195500000000000000e+03,5.903089448994469635e-02,1.180617889798893927e-01,1.770926834698474117e-01,2.361235779597787854e-01
1.196000000000000000e+03,5.894883827467545245e-02,1.178976765493509049e-01,1.768465148240356832e-01,2.357953530987018098e-01
1.196500000000000000e+03,5.886689608168138577e-02,1.177337921633627715e-01,1.766006882450499305e-01,2.354675843267255431e-01
1.197000000000000000e+03,5.878506783302317462e-02,1.175701356660463492e-01,1.763552034990816253e-01,2.351402713320926985e-01
1.197500000000000000e+03,5.870335329039555461e-02,1.174067065807911092e-01,1.761100598711924370e-01,2.348134131615822184e-01
1.198000000000000000e+03,5.862175237502276204e-02,1.172435047500455241e-01,1.758652571250767238e-01,2.344870095000910482e-01
1.198500000000000000e+03,5.854026485030272564e-02,1.170805297006054513e-01,1.756207945509178359e-01,2.341610594012109026e-01
1.199000000000000000e+03,5.845889063664810870e-02,1.169177812732962174e-01,1.753766719099503213e-01,2.338355625465924348e-01
1.199500000000000000e+03,5.837762949913460897e-02,1.167552589982692179e-01,1.751328884974108213e-01,2.335105179965384359e-01
1.200000000000000000e+03,5.829648135738407788e-02,1.165929627147681558e-01,1.748894440721584509e-01,2.331859254295363115e-01
1.200500000000000000e+03,5.821544597813166355e-02,1.164308919562633271e-01,1.746463379343921041e-01,2.328617839125266542e-01
1.201000000000000000e+03,5.813452328021717630e-02,1.162690465604343526e-01,1.744035698406523061e-01,2.325380931208687052e-01
1.201500000000000000e+03,5.805371303201956046e-02,1.161074260640391209e-01,1.741611390960691175e-01,2.322148521280782418e-01
1.202000000000000000e+03,5.797301515162422980e-02,1.159460303032484596e-01,1.739190454548853459e-01,2.318920606064969192e-01
1.202500000000000000e+03,5.789242940902994405e-02,1.157848588180598881e-01,1.736772882270916085e-01,2.315697176361197762e-01
1.203000000000000000e+03,5.781195572157404872e-02,1.156239114431480974e-01,1.734358671647333594e-01,2.312478228862961949e-01
1.203500000000000000e+03,5.773159386085835454e-02,1.154631877217167091e-01,1.731947815825836123e-01,2.309263754434334182e-01
1.204000000000000000e+03,5.765134374349900614e-02,1.153026874869980123e-01,1.729540312305046790e-01,2.306053749739960246e-01
1.204500000000000000e+03,5.757120514267377587e-02,1.151424102853475517e-01,1.727136154280284330e-01,2.302848205706951035e-01
1.205000000000000000e+03,5.749117797429492693e-02,1.149823559485898539e-01,1.724735339228922193e-01,2.299647118971797077e-01
1.205500000000000000e+03,5.741126201310409183e-02,1.148225240262081837e-01,1.722337860393112763e-01,2.296450480524163673e-01
1.206000000000000000e+03,5.733145717431797905e-02,1.146629143486359581e-01,1.719943715229494963e-01,2.293258286972719162e-01
1.206500000000000000e+03,5.725176323422032088e-02,1.145035264684406418e-01,1.717552897026624059e-01,2.290070529368812835e-01
1.207000000000000000e+03,5.717218010735924949e-02,1.143443602147184990e-01,1.715165403220795248e-01,2.286887204294369980e-01
1.207500000000000000e+03,5.709270757153939169e-02,1.141854151430787834e-01,1.712781227146153995e-01,2.283708302861575667e-01
1.208000000000000000e+03,5.701334554064996230e-02,1.140266910812999246e-01,1.710400366219473334e-01,2.280533821625998492e-01
1.208500000000000000e+03,5.693409379400327097e-02,1.138681875880065419e-01,1.708022813820071484e-01,2.277363751760130839e-01
1.209000000000000000e+03,5.685495224484615751e-02,1.137099044896923150e-01,1.705648567345425803e-01,2.274198089793846300e-01
1.209500000000000000e+03,5.677592067397929654e-02,1.135518413479585931e-01,1.703277620219294519e-01,2.271036826959171862e-01
1.210000000000000000e+03,5.669699899401825505e-02,1.133939979880365101e-01,1.700909969820574297e-01,2.267879959760730202e-01
1.210500000000000000e+03,5.661818698723586341e-02,1.132363739744717268e-01,1.698545609617085894e-01,2.264727479489434536e-01
1.211000000000000000e+03,5.653948456564217295e-02,1.130789691312843459e-01,1.696184536969322920e-01,2.261579382625686918e-01
1.211500000000000000e+03,5.646089151295607955e-02,1.129217830259121591e-01,1.693826745388600230e-01,2.258435660518243182e-01
1.212000000000000000e+03,5.638240774059088967e-02,1.127648154811817793e-01,1.691472232217736682e-01,2.255296309623635587e-01
1.212500000000000000e+03,5.630403303370246082e-02,1.126080660674049216e-01,1.689120991010990558e-01,2.252161321348098433e-01
1.213000000000000000e+03,5.622576730312189852e-02,1.124515346062437970e-01,1.686773019093705805e-01,2.249030692124875941e-01
1.213500000000000000e+03,5.614761033542248203e-02,1.122952206708449641e-01,1.684428310062693335e-01,2.245904413416899281e-01
1.214000000000000000e+03,5.606956204087332196e-02,1.121391240817466439e-01,1.682086861226266272e-01,2.242782481634932878e-01
1.214500000000000000e+03,5.599162220744557938e-02,1.119832444148911588e-01,1.679748666223344067e-01,2.239664888297823175e-01
1.215000000000000000e+03,5.591379074485314238e-02,1.118275814897062848e-01,1.677413722345653113e-01,2.236551629794125695e-01
1.215500000000000000e+03,5.583606744245050990e-02,1.116721348849010198e-01,1.675082023273479770e-01,2.233442697698020396e-01
1.216000000000000000e+03,5.575845220941999525e-02,1.115169044188399905e-01,1.672753566282612070e-01,2.230338088376799810e-01
1.216500000000000000e+03,5.568094483648011739e-02,1.113618896729602348e-01,1.670428345094339129e-01,2.227237793459204696e-01
1.217000000000000000e+03,5.560354523229127377e-02,1.112070904645825475e-01,1.668106356968777071e-01,2.224141809291650951e-01
1.217500000000000000e+03,5.552625318892101536e-02,1.110525063778420307e-01,1.665787595667600485e-01,2.221050127556840614e-01
1.218000000000000000e+03,5.544906861451825986e-02,1.108981372290365197e-01,1.663472058435586654e-01,2.217962744580730394e-01
1.218500000000000000e+03,5.537199130249104151e-02,1.107439826049820830e-01,1.661159739074657971e-01,2.214879652099641660e-01
1.219000000000000000e+03,5.529502116048634619e-02,1.105900423209726924e-01,1.658850634814661440e-01,2.211800846419453848e-01
1.219500000000000000e+03,5.521815798323592706e-02,1.104363159664718541e-01,1.656544739497038954e-01,2.208726319329437082e-01
1.220000000000000000e+03,5.514140167790360092e-02,1.102828033558072018e-01,1.654242050337182413e-01,2.205656067116144037e-01
1.220500000000000000e+03,5.506475204051997085e-02,1.101295040810399417e-01,1.651942561215569150e-01,2.202590081620798834e-01
1.221000000000000000e+03,5.498820897778788908e-02,1.099764179555757782e-01,1.649646269333624460e-01,2.199528359111515563e-01
1.221500000000000000e+03,5.491177228701848989e-02,1.098235445740369798e-01,1.647353168610474761e-01,2.196470891480739596e-01
1.222000000000000000e+03,5.483544187445721363e-02,1.096708837489144273e-01,1.645063256233734172e-01,2.193417674978288545e-01
1.222500000000000000e+03,5.475921753869472663e-02,1.095184350773894533e-01,1.642776526160822925e-01,2.190368701547789065e-01
1.223000000000000000e+03,5.468309918553049265e-02,1.093661983710609853e-01,1.640492975565948086e-01,2.187323967421219706e-01
1.223500000000000000e+03,5.460708661481272763e-02,1.092141732296254553e-01,1.638212598444357404e-01,2.184283464592509105e-01
1.224000000000000000e+03,5.453117973191023982e-02,1.090623594638204796e-01,1.635935391957352714e-01,2.181247189276409593e-01
1.224500000000000000e+03,5.445537833791114224e-02,1.089107566758222845e-01,1.633661350137320944e-01,2.178215133516445690e-01
1.225000000000000000e+03,5.437968233776813154e-02,1.087593646755362631e-01,1.631390470133120552e-01,2.175187293510725262e-01
1.225500000000000000e+03,5.430409153379966991e-02,1.086081830675993398e-01,1.629122746014015632e-01,2.172163661351986796e-01
1.226000000000000000e+03,5.422860583055244543e-02,1.084572116611048909e-01,1.626858174916581135e-01,2.169144233222097817e-01
1.226500000000000000e+03,5.415322503155517442e-02,1.083064500631103488e-01,1.624596750946634138e-01,2.166129001262206977e-01
1.227000000000000000e+03,5.407794904095997168e-02,1.081558980819199434e-01,1.622338471228799150e-01,2.163117961638398867e-01
1.227500000000000000e+03,5.400277766349925734e-02,1.080055553269985147e-01,1.620083329904962177e-01,2.160111106539970294e-01
1.228000000000000000e+03,5.392771080294112007e-02,1.078554216058822401e-01,1.617831324088245815e-01,2.157108432117644803e-01
1.228500000000000000e+03,5.385274826520336511e-02,1.077054965304067302e-01,1.615582447956125378e-01,2.154109930608134604e-01
1.229000000000000000e+03,5.377788995368293357e-02,1.075557799073658671e-01,1.613336698610545739e-01,2.151115598147317343e-01
1.229500000000000000e+03,5.370313567547257971e-02,1.074062713509451594e-01,1.611094070264265099e-01,2.148125427018903189e-01
1.230000000000000000e+03,5.362848533360686787e-02,1.072569706672137357e-01,1.608854560008303736e-01,2.145139413344274715e-01
1.230500000000000000e+03,5.355393873634106683e-02,1.071078774726821337e-01,1.606618162090303059e-01,2.142157549453642673e-01
1.231000000000000000e+03,5.347949578635569079e-02,1.069589915727113816e-01,1.604384873590727345e-01,2.139179831454227632e-01
1.231500000000000000e+03,5.340515629305297995e-02,1.068103125861059599e-01,1.602154688791657122e-01,2.136206251722119198e-01
1.232000000000000000e+03,5.333092015877927139e-02,1.066618403175585428e-01,1.599927604763404787e-01,2.133236806351170856e-01
1.232500000000000000e+03,5.325678719406612416e-02,1.065135743881322483e-01,1.597703615822076983e-01,2.130271487762644966e-01
1.233000000000000000e+03,5.318275730093369180e-02,1.063655146018673836e-01,1.595482719028100682e-01,2.127310292037347672e-01
1.233500000000000000e+03,5.310883029103685704e-02,1.062176605820737141e-01,1.593264908731191198e-01,2.124353211641474282e-01
1.234000000000000000e+03,5.303500606607280954e-02,1.060700121321456191e-01,1.591050181982271994e-01,2.121400242642912382e-01
1.234500000000000000e+03,5.296128443880832037e-02,1.059225688776166407e-01,1.588838533164356193e-01,2.118451377552332815e-01
1.235000000000000000e+03,5.288766531063282539e-02,1.057753306212656508e-01,1.586629959319081351e-01,2.115506612425313016e-01
1.235500000000000000e+03,5.281414849541155032e-02,1.056282969908231006e-01,1.584424454862420895e-01,2.112565939816462013e-01
1.236000000000000000e+03,5.274073389422906377e-02,1.054814677884581275e-01,1.582222016826970723e-01,2.109629355769162551e-01
1.236500000000000000e+03,5.266742132204260685e-02,1.053348426440852137e-01,1.580022639661309292e-01,2.106696852881704274e-01
1.237000000000000000e+03,5.259421067964775709e-02,1.051884213592955142e-01,1.577826320389426051e-01,2.103768427185910284e-01
1.237500000000000000e+03,5.252110178306668153e-02,1.050422035661333631e-01,1.575633053492029312e-01,2.100844071322667261e-01
1.238000000000000000e+03,5.244809453282184286e-02,1.048961890656436857e-01,1.573442835984746324e-01,2.097923781312873714e-01
1.238500000000000000e+03,5.237518874600111118e-02,1.047503774920022224e-01,1.571255662380108831e-01,2.095007549840044447e-01
1.239000000000000000e+03,5.230238432285383432e-02,1.046047686457076686e-01,1.569071529685626132e-01,2.092095372914153373e-01
1.239500000000000000e+03,5.222968108151382349e-02,1.044593621630276470e-01,1.566890432445426917e-01,2.089187243260552940e-01
1.240000000000000000e+03,5.215707892197363194e-02,1.043141578439472639e-01,1.564712367659186754e-01,2.086283156878945277e-01
1.240500000000000000e+03,5.208457766340457429e-02,1.041691553268091486e-01,1.562537329902116134e-01,2.083383106536182972e-01
1.241000000000000000e+03,5.201217720554918156e-02,1.040243544110983631e-01,1.560365316166456573e-01,2.080487088221967262e-01
1.241500000000000000e+03,5.193987736860594673e-02,1.038797547372118935e-01,1.558196321058096245e-01,2.077595094744237869e-01
1.242000000000000000e+03,5.186767805207259663e-02,1.037353561041451933e-01,1.556030341562135710e-01,2.074707122082903865e-01
1.242500000000000000e+03,5.179557907716669796e-02,1.035911581543333959e-01,1.553867372314958750e-01,2.071823163086667918e-01
1.243000000000000000e+03,5.172358034315271968e-02,1.034471606863054394e-01,1.551707410294524969e-01,2.068943213726108787e-01
1.243500000000000000e+03,5.165168167225098195e-02,1.033033633445019639e-01,1.549550450167473947e-01,2.066067266890039278e-01
1.244000000000000000e+03,5.157988296350390911e-02,1.031597659270078182e-01,1.547396488905059542e-01,2.063195318540156364e-01
1.244500000000000000e+03,5.150818404012369456e-02,1.030163680802473891e-01,1.545245521203635342e-01,2.060327361604947782e-01
1.245000000000000000e+03,5.143658480093682428e-02,1.028731696018736486e-01,1.543097544028135815e-01,2.057463392037472971e-01
1.245500000000000000e+03,5.136508507014192482e-02,1.027301701402838496e-01,1.540952552104295492e-01,2.054603402805676993e-01
1.246000000000000000e+03,5.129368474635809250e-02,1.025873694927161850e-01,1.538810542390831593e-01,2.051747389854323700e-01
1.246500000000000000e+03,5.122238365475728639e-02,1.024447673095145728e-01,1.536671509642757449e-01,2.048895346190291455e-01
1.247000000000000000e+03,5.115118169375554302e-02,1.023023633875110860e-01,1.534535450812719581e-01,2.046047267750221721e-01
1.247500000000000000e+03,5.108007868948827301e-02,1.021601573789765460e-01,1.532402360684690379e-01,2.043203147579530921e-01
1.248000000000000000e+03,5.100907454018266396e-02,1.020181490803653279e-01,1.530272236205529879e-01,2.040362981607306558e-01
1.248500000000000000e+03,5.093816907292503249e-02,1.018763381458500650e-01,1.528145072187783171e-01,2.037526762917001300e-01
1.249000000000000000e+03,5.086736218576060065e-02,1.017347243715212013e-01,1.526020865572879082e-01,2.034694487430424026e-01
1.249500000000000000e+03,5.079665370671893054e-02,1.015933074134378611e-01,1.523899611201580129e-01,2.031866148268757222e-01
1.250000000000000000e+03,5.072604353366916285e-02,1.014520870673383257e-01,1.521781306010066004e-01,2.029041741346766514e-01
1.250500000000000000e+03,5.065553149557022738e-02,1.013110629911404548e-01,1.519665944867103491e-01,2.026221259822809095e-01
1.251000000000000000e+03,5.058511749013150371e-02,1.011702349802630074e-01,1.517553524703885159e-01,2.023404699605260149e-01
1.251500000000000000e+03,5.051480134722718951e-02,1.010296026944543790e-01,1.515444040416764615e-01,2.020592053889087580e-01
1.252000000000000000e+03,5.044458296440812450e-02,1.008891659288162490e-01,1.513337488932187114e-01,2.017783318576324980e-01
1.252500000000000000e+03,5.037446217246577262e-02,1.007489243449315452e-01,1.511233865173853275e-01,2.014978486898630905e-01
1.253000000000000000e+03,5.030443886879365500e-02,1.006088777375873100e-01,1.509133166063745257e-01,2.012177554751746200e-01
1.253500000000000000e+03,5.023451288508817836e-02,1.004690257701763567e-01,1.507035386552670886e-01,2.009380515403527134e-01
1.254000000000000000e+03,5.016468411860064425e-02,1.003293682372012885e-01,1.504940523558087051e-01,2.006587364744025770e-01
1.254500000000000000e+03,5.009495240192418652e-02,1.001899048038483730e-01,1.502848572057731147e-01,2.003798096076967461e-01
1.255000000000000000e+03,5.002531763216566674e-02,1.000506352643313335e-01,1.500759528964930034e-01,2.001012705286626669e-01
1.255500000000000000e+03,4.995577964280339955e-02,9.991155928560679911e-02,1.498673389284035373e-01,1.998231185712135982e-01
1.256000000000000000e+03,4.988633833081501656e-02,9.977267666163003312e-02,1.496590149924448276e-01,1.995453533232600662e-01
1.256500000000000000e+03,4.981699353055624169e-02,9.963398706111248337e-02,1.494509805916681700e-01,1.992679741222249667e-01
1.257000000000000000e+03,4.974774513888047256e-02,9.949549027776094512e-02,1.492432354166450814e-01,1.989909805555218902e-01
1.257500000000000000e+03,4.967859299101196058e-02,9.935718598202392116e-02,1.490357789730356597e-01,1.987143719640478423e-01
1.258000000000000000e+03,4.960953698368597564e-02,9.921907396737195128e-02,1.488286109510563726e-01,1.984381479347439026e-01
1.258500000000000000e+03,4.954057695297908737e-02,9.908115390595817473e-02,1.486217308589399266e-01,1.981623078119163495e-01
1.259000000000000000e+03,4.947171279552309286e-02,9.894342559104618573e-02,1.484151383865734974e-01,1.978868511820923715e-01
1.259500000000000000e+03,4.940294434824310521e-02,9.880588869648621042e-02,1.482088330447350888e-01,1.976117773929724208e-01
1.260000000000000000e+03,4.933427150766678260e-02,9.866854301533356519e-02,1.480028145230032344e-01,1.973370860306671304e-01
1.260500000000000000e+03,4.926569411155945488e-02,9.853138822311890976e-02,1.477970823346801410e-01,1.970627764462378195e-01
1.261000000000000000e+03,4.919721205635085859e-02,9.839442411270171718e-02,1.475916361690534639e-01,1.967888482254034344e-01
1.261500000000000000e+03,4.912882518063788062e-02,9.825765036127576124e-02,1.473864755419163064e-01,1.965153007225515225e-01
1.262000000000000000e+03,4.906053338076288295e-02,9.812106676152576590e-02,1.471816001422918685e-01,1.962421335230515318e-01
1.262500000000000000e+03,4.899233649614531672e-02,9.798467299229063343e-02,1.469770094884377265e-01,1.959693459845812669e-01
1.263000000000000000e+03,4.892423442304161263e-02,9.784846884608322526e-02,1.467727032691266142e-01,1.956969376921664505e-01
1.263500000000000000e+03,4.885622700168834598e-02,9.771245400337669196e-02,1.465686810050708111e-01,1.954249080067533839e-01
1.264000000000000000e+03,4.878831412826445391e-02,9.757662825652890781e-02,1.463649423847965814e-01,1.951532565130578156e-01
1.264500000000000000e+03,4.872049564380931397e-02,9.744099128761862794e-02,1.461614869314344922e-01,1.948819825752372559e-01
1.265000000000000000e+03,4.865277144443314050e-02,9.730554288886628100e-02,1.459583143333054167e-01,1.946110857777325620e-01
1.265500000000000000e+03,4.858514137197755822e-02,9.717028274395511644e-02,1.457554241159397801e-01,1.943405654879102329e-01
1.266000000000000000e+03,4.851760532248294844e-02,9.703521064496589688e-02,1.455528159674492894e-01,1.940704212899317938e-01
1.266500000000000000e+03,4.845016313858108159e-02,9.690032627716216318e-02,1.453504894157440219e-01,1.938006525543243264e-01
1.267000000000000000e+03,4.838281471625216490e-02,9.676562943250432980e-02,1.451484441487553845e-01,1.935312588650086596e-01
1.267500000000000000e+03,4.831555989891367364e-02,9.663111979782734728e-02,1.449466796967469051e-01,1.932622395956546946e-01
1.268000000000000000e+03,4.824839858249263536e-02,9.649679716498527071e-02,1.447451957474763518e-01,1.929935943299705414e-01
1.268500000000000000e+03,4.818133061117890747e-02,9.636266122235781495e-02,1.445439918335380547e-01,1.927253224447156299e-01
1.269000000000000000e+03,4.811435588084855830e-02,9.622871176169711660e-02,1.443430676425536685e-01,1.924574235233942332e-01
1.269500000000000000e+03,4.804747423646626991e-02,9.609494847293253983e-02,1.441424227094116883e-01,1.921898969458650797e-01
1.270000000000000000e+03,4.798068557386447885e-02,9.596137114772895771e-02,1.439420567216047608e-01,1.919227422954579154e-01
1.270500000000000000e+03,4.791398973876459522e-02,9.582797947752919043e-02,1.437419692163066642e-01,1.916559589550583809e-01
1.271000000000000000e+03,4.784738662695886546e-02,9.569477325391773093e-02,1.435421598808925836e-01,1.913895465078354619e-01
1.271500000000000000e+03,4.778087608492775917e-02,9.556175216985551835e-02,1.433426282548009301e-01,1.911235043397110367e-01
1.272000000000000000e+03,4.771445800842954998e-02,9.542891601685909997e-02,1.431433740253058584e-01,1.908578320337181999e-01
1.272500000000000000e+03,4.764813224468922304e-02,9.529626448937844607e-02,1.429443967340791044e-01,1.905925289787568921e-01
1.273000000000000000e+03,4.758189868943685230e-02,9.516379737887370460e-02,1.427456960683179954e-01,1.903275947577474092e-01
1.273500000000000000e+03,4.751575719063749759e-02,9.503151438127499517e-02,1.425472715719220407e-01,1.900630287625499903e-01
1.274000000000000000e+03,4.744970764399814023e-02,9.489941528799628045e-02,1.423491229319990836e-01,1.897988305759925609e-01
1.274500000000000000e+03,4.738374989821603211e-02,9.476749979643206423e-02,1.421512496946579773e-01,1.895349995928641285e-01
1.275000000000000000e+03,4.731788384898416577e-02,9.463576769796833155e-02,1.419536515469563831e-01,1.892715353959366631e-01
1.275500000000000000e+03,4.725210934572077193e-02,9.450421869144154385e-02,1.417563280371734180e-01,1.890084373828830877e-01
1.276000000000000000e+03,4.718642628410751882e-02,9.437285256821503765e-02,1.415592788523269974e-01,1.887457051364300753e-01
1.276500000000000000e+03,4.712083451428139558e-02,9.424166902856279115e-02,1.413625035428525134e-01,1.884833380571255823e-01
1.277000000000000000e+03,4.705533393191441149e-02,9.411066786382882299e-02,1.411660017957483415e-01,1.882213357276576460e-01
1.277500000000000000e+03,4.698992438785865033e-02,9.397984877571730067e-02,1.409697731635810580e-01,1.879596975514346013e-01
1.278000000000000000e+03,4.692460577778190256e-02,9.384921155556380512e-02,1.407738173333479281e-01,1.876984231111276102e-01
1.278500000000000000e+03,4.685937795323724675e-02,9.371875590647449350e-02,1.405781338597194008e-01,1.874375118129489870e-01
1.279000000000000000e+03,4.679424080989558199e-02,9.358848161979116398e-02,1.403827224296942955e-01,1.871769632395823280e-01
1.279500000000000000e+03,4.672919420001542257e-02,9.345838840003084513e-02,1.401875826000531511e-01,1.869167768000616903e-01
1.280000000000000000e+03,4.666423801926666837e-02,9.332847603853333673e-02,1.399927140578081097e-01,1.866569520770666735e-01
1.280500000000000000e+03,4.659937212059961364e-02,9.319874424119922729e-02,1.397981163618082778e-01,1.863974884823984546e-01
1.281000000000000000e+03,4.653459639969736994e-02,9.306919279939473988e-02,1.396037891991017688e-01,1.861383855987894798e-01
1.281500000000000000e+03,4.646991071019457298e-02,9.293982142038914596e-02,1.394097321305971526e-01,1.858796428407782919e-01
1.282000000000000000e+03,4.640531494779087662e-02,9.281062989558175325e-02,1.392159448433807345e-01,1.856212597911635065e-01
1.282500000000000000e+03,4.634080896680092820e-02,9.268161793360185641e-02,1.390224269004078916e-01,1.853632358672037128e-01
1.283000000000000000e+03,4.627639266293870346e-02,9.255278532587740692e-02,1.388291779888193300e-01,1.851055706517548138e-01
1.283500000000000000e+03,4.621206589119453145e-02,9.242413178238906291e-02,1.386361976735905888e-01,1.848482635647781258e-01
1.284000000000000000e+03,4.614782854730714590e-02,9.229565709461429179e-02,1.384434856419289872e-01,1.845913141892285836e-01
1.284500000000000000e+03,4.608368048693334273e-02,9.216736097386668547e-02,1.382510414608104643e-01,1.843347219477333709e-01
1.285000000000000000e+03,4.601962160584005535e-02,9.203924321168011069e-02,1.380588648175289368e-01,1.840784864233602214e-01
1.285500000000000000e+03,4.595565176034288601e-02,9.191130352068577203e-02,1.378669552810389831e-01,1.838226070413715441e-01
1.286000000000000000e+03,4.589177084624185277e-02,9.178354169248370553e-02,1.376753125387319976e-01,1.835670833849674111e-01
1.286500000000000000e+03,4.582797872050803356e-02,9.165595744101606712e-02,1.374839361615303179e-01,1.833119148820321342e-01
1.287000000000000000e+03,4.576427527897586334e-02,9.152855055795172667e-02,1.372928258369374710e-01,1.830571011159034533e-01
1.287500000000000000e+03,4.570066037926934222e-02,9.140132075853868443e-02,1.371019811378115794e-01,1.828026415170773689e-01
1.288000000000000000e+03,4.563713391725621182e-02,9.127426783451242365e-02,1.369114017517749637e-01,1.825485356690248473e-01
1.288500000000000000e+03,4.557369575120651106e-02,9.114739150241302212e-02,1.367210872536235300e-01,1.822947830048260442e-01
1.289000000000000000e+03,4.551034577703516604e-02,9.102069155407033207e-02,1.365310373311074965e-01,1.820413831081406641e-01
1.289500000000000000e+03,4.544708385364393255e-02,9.089416770728786510e-02,1.363412515609361275e-01,1.817883354145757302e-01
1.290000000000000000e+03,4.538390987699791879e-02,9.076781975399583757e-02,1.361517296309955327e-01,1.815356395079916751e-01
1.290500000000000000e+03,4.532082370663259585e-02,9.064164741326519170e-02,1.359624711199016733e-01,1.812832948265303834e-01
1.291000000000000000e+03,4.525782523856192174e-02,9.051565047712384349e-02,1.357734757156825456e-01,1.810313009542476870e-01
1.291500000000000000e+03,4.519491433294609006e-02,9.038982866589218013e-02,1.355847429988406017e-01,1.807796573317843603e-01
1.292000000000000000e+03,4.513209088585456996e-02,9.026418177170913992e-02,1.353962726575661524e-01,1.805283635434182798e-01
1.292500000000000000e+03,4.506935475807305469e-02,9.013870951614610938e-02,1.352080642742190530e-01,1.802774190322922188e-01
1.293000000000000000e+03,4.500670584572552535e-02,9.001341169145105070e-02,1.350201175371759099e-01,1.800268233829021014e-01
1.293500000000000000e+03,4.494414401021140648e-02,8.988828802042281296e-02,1.348324320306324431e-01,1.797765760408456259e-01
1.294000000000000000e+03,4.488166914771685168e-02,8.976333829543370335e-02,1.346450074431484456e-01,1.795266765908674067e-01
1.294500000000000000e+03,4.481928112025346245e-02,8.963856224050692489e-02,1.344578433607610535e-01,1.792771244810138498e-01
1.295000000000000000e+03,4.475697982407111919e-02,8.951395964814223838e-02,1.342709394722165772e-01,1.790279192962844768e-01
1.295500000000000000e+03,4.469476512178882643e-02,8.938953024357765287e-02,1.340842953653686997e-01,1.787790604871553057e-01
1.296000000000000000e+03,4.463263690972318898e-02,8.926527381944637796e-02,1.338979107291711212e-01,1.785305476388927559e-01
1.296500000000000000e+03,4.457059505109217667e-02,8.914119010218435335e-02,1.337117851532785284e-01,1.782823802043687067e-01
1.297000000000000000e+03,4.450863944228322655e-02,8.901727888456645310e-02,1.335259183268586725e-01,1.780345577691329062e-01
1.297500000000000000e+03,4.444676994711294071e-02,8.889353989422588143e-02,1.333403098413425969e-01,1.777870797884517629e-01
1.298000000000000000e+03,4.438498646204336318e-02,8.876997292408672635e-02,1.331549593861314218e-01,1.775399458481734527e-01
1.298500000000000000e+03,4.432328885147485131e-02,8.864657770294970263e-02,1.329698665544274405e-01,1.772931554058994053e-01
1.299000000000000000e+03,4.426167701195171666e-02,8.852335402390343333e-02,1.327850310358555941e-01,1.770467080478068667e-01
1.299500000000000000e+03,4.420015080845862698e-02,8.840030161691725397e-02,1.326004524253747707e-01,1.768006032338345079e-01
1.300000000000000000e+03,4.413871013762016293e-02,8.827742027524032586e-02,1.324161304128561589e-01,1.765548405504806517e-01
1.300500000000000000e+03,4.407735486500197197e-02,8.815470973000394395e-02,1.322320645950010309e-01,1.763094194600078879e-01
1.301000000000000000e+03,4.401608488731112434e-02,8.803216977462224868e-02,1.320482546619319297e-01,1.760643395492444974e-01
1.301500000000000000e+03,4.395490007069247085e-02,8.790980014138494170e-02,1.318647002120720835e-01,1.758196002827698834e-01
1.302000000000000000e+03,4.389380031193501619e-02,8.778760062387003238e-02,1.316814009358013848e-01,1.755752012477400648e-01
1.302500000000000000e+03,4.383278547775437683e-02,8.766557095550875367e-02,1.314983564332603549e-01,1.753311419110175073e-01
1.303000000000000000e+03,4.377185546503115088e-02,8.754371093006230176e-02,1.313155663950922314e-01,1.750874218601246035e-01
1.303500000000000000e+03,4.371101014104783467e-02,8.742202028209566933e-02,1.311330304231432820e-01,1.748440405641913387e-01
1.304000000000000000e+03,4.365024940277817400e-02,8.730049880555634800e-02,1.309507482083323016e-01,1.746009976111126960e-01
1.304500000000000000e+03,4.358957311806210821e-02,8.717914623612421643e-02,1.307687193541777759e-01,1.743582924722484329e-01
1.305000000000000000e+03,4.352898118396886229e-02,8.705796236793772458e-02,1.305869435518964838e-01,1.741159247358754492e-01
1.305500000000000000e+03,4.346847346889604058e-02,8.693694693779208116e-02,1.304054204066813494e-01,1.738738938755841623e-01
1.306000000000000000e+03,4.340804987001245507e-02,8.681609974002491015e-02,1.302241496100267071e-01,1.736321994800498203e-01
1.306500000000000000e+03,4.334771025626615870e-02,8.669542051253231740e-02,1.300431307687899274e-01,1.733908410250646348e-01
1.307000000000000000e+03,4.328745452492810397e-02,8.657490904985620794e-02,1.298623635747706562e-01,1.731498180997124159e-01
1.307500000000000000e+03,4.322728254549224047e-02,8.645456509098448095e-02,1.296818476364693939e-01,1.729091301819689619e-01
1.308000000000000000e+03,4.316719421533221634e-02,8.633438843066443269e-02,1.295015826459879893e-01,1.726687768613288654e-01
1.308500000000000000e+03,4.310718940448754477e-02,8.621437880897508954e-02,1.293215682134616351e-01,1.724287576179501791e-01
1.309000000000000000e+03,4.304726801043712303e-02,8.609453602087424606e-02,1.291418040313152549e-01,1.721890720417484921e-01
1.309500000000000000e+03,4.298742990376225315e-02,8.597485980752450629e-02,1.289622897112852051e-01,1.719497196150490126e-01
1.310000000000000000e+03,4.292767498204408394e-02,8.585534996408816788e-02,1.287830249461345833e-01,1.717106999281763358e-01
1.310500000000000000e+03,4.286800311640159844e-02,8.573600623280319688e-02,1.286040093492031300e-01,1.714720124656063938e-01
1.311000000000000000e+03,4.280841420452674573e-02,8.561682840905349146e-02,1.284252426135796821e-01,1.712336568181069829e-01
1.311500000000000000e+03,4.274890811806619784e-02,8.549781623613239567e-02,1.282467243541995927e-01,1.709956324722647913e-01
1.312000000000000000e+03,4.268948475482892135e-02,8.537896950965784271e-02,1.280684542644889845e-01,1.707579390193156854e-01
1.312500000000000000e+03,4.263014398698861118e-02,8.526028797397722236e-02,1.278904319609646123e-01,1.705205759479544447e-01
1.313000000000000000e+03,4.257088571246769870e-02,8.514177142493539741e-02,1.277126571374025410e-01,1.702835428498707948e-01
1.313500000000000000e+03,4.251170980395813093e-02,8.502341960791626185e-02,1.275351294118773904e-01,1.700468392158325237e-01
1.314000000000000000e+03,4.245261615950801648e-02,8.490523231901603296e-02,1.273578484785209408e-01,1.698104646380320659e-01
1.314500000000000000e+03,4.239360465232344666e-02,8.478720930464689332e-02,1.271808139569690077e-01,1.695744186092937866e-01
1.315000000000000000e+03,4.233467518057110190e-02,8.466935036114220381e-02,1.270040255417093089e-01,1.693387007222844076e-01
1.315500000000000000e+03,4.227582761797366029e-02,8.455165523594732058e-02,1.268274828539177612e-01,1.691033104718946412e-01
1.316000000000000000e+03,4.221706186281992679e-02,8.443412372563985357e-02,1.266511855884555615e-01,1.688682474512797071e-01
1.316500000000000000e+03,4.215837778934106161e-02,8.431675557868212323e-02,1.264751333680218526e-01,1.686335111573642465e-01
1.317000000000000000e+03,4.209977529595232415e-02,8.419955059190464830e-02,1.262993258878526426e-01,1.683991011838092966e-01
1.317500000000000000e+03,4.204125425739058119e-02,8.408250851478116239e-02,1.261237627721671917e-01,1.681650170295623248e-01
1.318000000000000000e+03,4.198281457219676938e-02,8.396562914439353875e-02,1.259484437165825366e-01,1.679312582887870775e-01
1.318500000000000000e+03,4.192445611561002039e-02,8.384891223122004078e-02,1.257733683468231778e-01,1.676978244624400816e-01
1.319000000000000000e+03,4.186617878630050082e-02,8.373235757260100165e-02,1.255985363588925097e-01,1.674647151452020033e-01
1.319500000000000000e+03,4.180798246000871909e-02,8.361596492001743819e-02,1.254239473800144999e-01,1.672319298400348764e-01
1.320000000000000000e+03,4.174986703552951983e-02,8.349973407105903966e-02,1.252496011065806769e-01,1.669994681421180793e-01
1.320500000000000000e+03,4.169183238910134648e-02,8.338366477820269296e-02,1.250754971672987104e-01,1.667673295564053859e-01
1.321000000000000000e+03,4.163387841965482394e-02,8.326775683930964789e-02,1.249016352589555900e-01,1.665355136786192958e-01
1.321500000000000000e+03,4.157600500391445131e-02,8.315201000782890262e-02,1.247280150117413555e-01,1.663040200156578052e-01
1.322000000000000000e+03,4.151821204095040851e-02,8.303642408190081703e-02,1.245546361228422327e-01,1.660728481638016341e-01
1.322500000000000000e+03,4.146049940797136291e-02,8.292099881594272581e-02,1.243814982239064282e-01,1.658419976318854516e-01
1.323000000000000000e+03,4.140286700418482901e-02,8.280573400836965803e-02,1.242086010125478257e-01,1.656114680167393161e-01
1.323500000000000000e+03,4.134531470728375346e-02,8.269062941456750693e-02,1.240359441218479297e-01,1.653812588291350139e-01
1.324000000000000000e+03,4.128784241661265231e-02,8.257568483322530462e-02,1.238635272498305184e-01,1.651513696664506092e-01
1.324500000000000000e+03,4.123045001034497670e-02,8.246090002068995339e-02,1.236913500310292680e-01,1.649218000413799068e-01
1.325000000000000000e+03,4.117313738796557487e-02,8.234627477593114975e-02,1.235194121638893971e-01,1.646925495518622995e-01
1.325500000000000000e+03,4.111590442812718127e-02,8.223180885625436254e-02,1.233477132843749935e-01,1.644636177125087251e-01
1.326000000000000000e+03,4.105875103045353303e-02,8.211750206090706605e-02,1.231762530913573794e-01,1.642350041218141321e-01
1.326500000000000000e+03,4.100167707407187390e-02,8.200335414814374779e-02,1.230050312222108477e-01,1.640067082962874956e-01
1.327000000000000000e+03,4.094468245875071410e-02,8.188936491750142821e-02,1.228340473762485896e-01,1.637787298350028564e-01
1.327500000000000000e+03,4.088776706408636663e-02,8.177553412817273326e-02,1.226633011922515504e-01,1.635510682563454665e-01
1.328000000000000000e+03,4.083093078999300296e-02,8.166186157998600592e-02,1.224927923699736798e-01,1.633237231599720118e-01
1.328500000000000000e+03,4.077417351653067623e-02,8.154834703306135246e-02,1.223225205495894752e-01,1.630966940661227049e-01
1.329000000000000000e+03,4.071749514376543644e-02,8.143499028753087288e-02,1.221524854312956432e-01,1.628699805750617458e-01
1.329500000000000000e+03,4.066089555221674701e-02,8.132179110443349401e-02,1.219826866566515733e-01,1.626435822088669880e-01
1.330000000000000000e+03,4.060437464209998293e-02,8.120874928419996586e-02,1.218131239263002819e-01,1.624174985683999317e-01
1.330500000000000000e+03,4.054793229439723756e-02,8.109586458879447513e-02,1.216437968831858285e-01,1.621917291775889503e-01
1.331000000000000000e+03,4.049156840946999125e-02,8.098313681893998250e-02,1.214747052284086415e-01,1.619662736378799650e-01
1.331500000000000000e+03,4.043528286875952560e-02,8.087056573751905120e-02,1.213058486062743579e-01,1.617411314750381024e-01
1.332000000000000000e+03,4.037907557277975457e-02,8.075815114555950913e-02,1.211372267183379314e-01,1.615163022911190183e-01
1.332500000000000000e+03,4.032294640342182213e-02,8.064589280684364425e-02,1.209688392102652443e-01,1.612917856136872885e-01
1.333000000000000000e+03,4.026689526135729391e-02,8.053379052271458782e-02,1.208006857840728809e-01,1.610675810454291756e-01
1.333500000000000000e+03,4.021092202892551093e-02,8.042184405785102186e-02,1.206327660867771989e-01,1.608436881157020437e-01
1.334000000000000000e+03,4.015502660695324799e-02,8.031005321390649598e-02,1.204650798208604101e-01,1.606201064278129920e-01
1.334500000000000000e+03,4.009920887822648883e-02,8.019841775645297766e-02,1.202976266346822420e-01,1.603968355129059553e-01
1.335000000000000000e+03,4.004346874372777254e-02,8.008693748745554508e-02,1.201304062311880916e-01,1.601738749749110902e-01
1.335500000000000000e+03,3.998780608668806025e-02,7.997561217337612050e-02,1.199634182600677335e-01,1.599512243467522410e-01
1.336000000000000000e+03,3.993222080824898601e-02,7.986444161649797202e-02,1.197966624247479572e-01,1.597288832329959440e-01
1.336500000000000000e+03,3.987671279207805064e-02,7.975342558415610128e-02,1.196301383762368165e-01,1.595068511683122026e-01
1.337000000000000000e+03,3.982128193947964689e-02,7.964256387895929379e-02,1.194638458184409391e-01,1.592851277579185876e-01
1.337500000000000000e+03,3.976592813455825937e-02,7.953185626911651873e-02,1.192977844036724466e-01,1.590637125382330375e-01
1.338000000000000000e+03,3.971065127877770884e-02,7.942130255755541768e-02,1.191319538363357911e-01,1.588426051151108354e-01
1.338500000000000000e+03,3.965545125667879756e-02,7.931090251335759511e-02,1.189663537700373919e-01,1.586218050267151902e-01
1.339000000000000000e+03,3.960032796988732784e-02,7.920065593977465568e-02,1.188009839096648701e-01,1.584013118795493114e-01
1.339500000000000000e+03,3.954528130337386926e-02,7.909056260674773853e-02,1.186358439101209417e-01,1.581811252134954771e-01
1.340000000000000000e+03,3.949031115892809307e-02,7.898062231785618614e-02,1.184709334767886091e-01,1.579612446357123723e-01
1.340500000000000000e+03,3.943541742195011413e-02,7.887083484390022825e-02,1.183062522658524518e-01,1.577416696878004565e-01
1.341000000000000000e+03,3.938059999439424974e-02,7.876119998878849948e-02,1.181417999831846366e-01,1.575223999775769990e-01
1.341500000000000000e+03,3.932585876208538611e-02,7.865171752417077222e-02,1.179775762862556032e-01,1.573034350483415444e-01
1.342000000000000000e+03,3.927119362714492912e-02,7.854238725428985823e-02,1.178135808814353425e-01,1.570847745085797165e-01
1.342500000000000000e+03,3.921660447582064890e-02,7.843320895164129780e-02,1.176498134274586160e-01,1.568664179032825956e-01
1.343000000000000000e+03,3.916209121040081786e-02,7.832418242080163573e-02,1.174862736312012323e-01,1.566483648416032715e-01
1.343500000000000000e+03,3.910765371755120512e-02,7.821530743510241024e-02,1.173229611526516170e-01,1.564306148702048205e-01
1.344000000000000000e+03,3.905329189973061332e-02,7.810658379946122665e-02,1.171598756991898416e-01,1.562131675989224533e-01
1.344500000000000000e+03,3.899900564402170033e-02,7.799801128804340067e-02,1.169970169320573294e-01,1.559960225760868013e-01
1.345000000000000000e+03,3.894479485305157862e-02,7.788958970610315724e-02,1.168343845591537367e-01,1.557791794122063145e-01
1.345500000000000000e+03,3.889065941431835149e-02,7.778131882863670299e-02,1.166719782429537222e-01,1.555626376572734060e-01
1.346000000000000000e+03,3.883659923061988373e-02,7.767319846123976745e-02,1.165097976918634259e-01,1.553463969224795349e-01
1.346500000000000000e+03,3.878261418986683751e-02,7.756522837973367501e-02,1.163478425695994023e-01,1.551304567594673500e-01
1.347000000000000000e+03,3.872870419502749684e-02,7.745740839005499367e-02,1.161861125850833787e-01,1.549148167801099873e-01
1.347500000000000000e+03,3.867486913442075291e-02,7.734973826884150583e-02,1.160246074032567076e-01,1.546994765376830117e-01
1.348000000000000000e+03,3.862110891118730738e-02,7.724221782237461476e-02,1.158633267335655859e-01,1.544844356447492295e-01
1.348500000000000000e+03,3.856742341405450247e-02,7.713484682810900495e-02,1.157022702421630633e-01,1.542696936562180099e-01
1.349000000000000000e+03,3.851381254633712281e-02,7.702762509267424562e-02,1.155414376390087039e-01,1.540552501853484912e-01
1.349500000000000000e+03,3.846027619716263501e-02,7.692055239432527003e-02,1.153808285914823539e-01,1.538411047886505401e-01
1.350000000000000000e+03,3.840681427002456960e-02,7.681362854004913920e-02,1.152204428100718214e-01,1.536272570800982784e-01
1.350500000000000000e+03,3.835342665445051757e-02,7.670685330890103515e-02,1.150602799633484441e-01,1.534137066178020703e-01
1.351000000000000000e+03,3.830011325410809242e-02,7.660022650821618484e-02,1.149003397623231670e-01,1.532004530164323697e-01
1.351500000000000000e+03,3.824687395892356623e-02,7.649374791784713246e-02,1.147406218767679231e-01,1.529874958356942649e-01
1.352000000000000000e+03,3.819370867274440862e-02,7.638741734548881723e-02,1.145811260182276747e-01,1.527748346909776345e-01
1.352500000000000000e+03,3.814061728588957756e-02,7.628123457177915512e-02,1.144218518576627375e-01,1.525624691435583102e-01
1.353000000000000000e+03,3.808759970238473347e-02,7.617519940476946694e-02,1.142627991071489824e-01,1.523503988095389339e-01
1.353500000000000000e+03,3.803465581294318554e-02,7.606931162588637108e-02,1.141039674388224512e-01,1.521386232517727422e-01
1.354000000000000000e+03,3.798178552176778577e-02,7.596357104353557155e-02,1.139453565653028022e-01,1.519271420870711431e-01
1.354500000000000000e+03,3.792898871996419619e-02,7.585797743992839237e-02,1.137869661598915894e-01,1.517159548798567847e-01
1.355000000000000000e+03,3.787626531191656820e-02,7.575253062383313640e-02,1.136287959357500377e-01,1.515050612476662728e-01
1.355500000000000000e+03,3.782361518911570020e-02,7.564723037823140039e-02,1.134708455673454353e-01,1.512944607564628008e-01
1.356000000000000000e+03,3.777103825612704302e-02,7.554207651225408604e-02,1.133131147683819062e-01,1.510841530245081721e-01
1.356500000000000000e+03,3.771853440482764164e-02,7.543706880965528327e-02,1.131556032144802604e-01,1.508741376193105665e-01
1.357000000000000000e+03,3.766610353996369120e-02,7.533220707992738241e-02,1.129983106198952925e-01,1.506644141598547648e-01
1.357500000000000000e+03,3.761374555379726203e-02,7.522749110759452407e-02,1.128412366613944506e-01,1.504549822151890481e-01
1.358000000000000000e+03,3.756146035125595972e-02,7.512292070251191944e-02,1.126843810537756507e-01,1.502458414050238389e-01
1.358500000000000000e+03,3.750924782498277210e-02,7.501849564996554420e-02,1.125277434749527572e-01,1.500369912999310884e-01
1.359000000000000000e+03,3.745710788008904668e-02,7.491421576017809336e-02,1.123713236402699156e-01,1.498284315203561867e-01
1.359500000000000000e+03,3.740504040959446996e-02,7.481008081918893993e-02,1.122151212287836319e-01,1.496201616383778799e-01
1.360000000000000000e+03,3.735304531879501955e-02,7.470609063759003909e-02,1.120591359563916090e-01,1.494121812751800782e-01
1.360500000000000000e+03,3.730112250108885696e-02,7.460224500217771393e-02,1.119033675032685693e-01,1.492044900043554279e-01
1.361000000000000000e+03,3.724927186195498008e-02,7.449854372390996016e-02,1.117478155858671052e-01,1.489970874478199203e-01
1.361500000000000000e+03,3.719749329516325309e-02,7.439498659032650618e-02,1.115924798854919242e-01,1.487899731806530124e-01
1.362000000000000000e+03,3.714578670638102320e-02,7.429157341276204640e-02,1.114373601191496199e-01,1.485831468255240928e-01
1.362500000000000000e+03,3.709415198975168915e-02,7.418830397950337829e-02,1.112824559692575654e-01,1.483766079590067566e-01
1.363000000000000000e+03,3.704258905112417510e-02,7.408517810224835021e-02,1.111277671533810185e-01,1.481703562044967004e-01
1.363500000000000000e+03,3.699109778501363799e-02,7.398219557002727598e-02,1.109732933550438005e-01,1.479643911400545520e-01
1.364000000000000000e+03,3.693967809745651865e-02,7.387935619491303729e-02,1.108190342923742744e-01,1.477587123898260746e-01
1.364500000000000000e+03,3.688832988333273777e-02,7.377665976666547554e-02,1.106649896500042640e-01,1.475533195333309511e-01
1.365000000000000000e+03,3.683705304886808474e-02,7.367410609773616947e-02,1.105111591466085841e-01,1.473482121954723389e-01
1.365500000000000000e+03,3.678584748930768811e-02,7.357169497861537621e-02,1.103575424679223982e-01,1.471433899572307524e-01
1.366000000000000000e+03,3.673471311106463189e-02,7.346942622212926377e-02,1.102041393331947283e-01,1.469388524442585275e-01
1.366500000000000000e+03,3.668364980974681000e-02,7.336729961949362000e-02,1.100509494292409851e-01,1.467345992389872400e-01
1.367000000000000000e+03,3.663265749195637744e-02,7.326531498391275488e-02,1.098979724758737397e-01,1.465306299678255098e-01
1.367500000000000000e+03,3.658173605366243919e-02,7.316347210732487838e-02,1.097452081609875396e-01,1.463269442146497568e-01
1.368000000000000000e+03,3.653088540165627673e-02,7.306177080331255347e-02,1.095926562049709396e-01,1.461235416066251069e-01
1.368500000000000000e+03,3.648010543226437585e-02,7.296021086452875171e-02,1.094403162967907406e-01,1.459204217290575034e-01
1.369000000000000000e+03,3.642939605246869883e-02,7.285879210493739766e-02,1.092881881574079284e-01,1.457175842098747953e-01
1.369500000000000000e+03,3.637875715895361184e-02,7.275751431790722368e-02,1.091362714768595588e-01,1.455150286358144474e-01
1.370000000000000000e+03,3.632818865889037019e-02,7.265637731778074038e-02,1.089845659766710551e-01,1.453127546355614808e-01
1.370500000000000000e+03,3.627769044931639097e-02,7.255538089863278195e-02,1.088330713479455092e-01,1.451107617972655639e-01
1.371000000000000000e+03,3.622726243759549769e-02,7.245452487519099538e-02,1.086817873127849943e-01,1.449090497503819908e-01
1.371500000000000000e+03,3.617690452111843591e-02,7.235380904223687182e-02,1.085307135633510889e-01,1.447076180844737436e-01
1.372000000000000000e+03,3.612661660743959890e-02,7.225323321487919781e-02,1.083798498223167428e-01,1.445064664297583956e-01
1.372500000000000000e+03,3.607639859429911944e-02,7.215279718859823888e-02,1.082291957828922513e-01,1.443055943771964778e-01
1.373000000000000000e+03,3.602625038944334834e-02,7.205250077888669669e-02,1.080787511683307667e-01,1.441050015577733934e-01
1.373500000000000000e+03,3.597617189096286028e-02,7.195234378192572056e-02,1.079285156728841955e-01,1.439046875638514411e-01
1.374000000000000000e+03,3.592616300679507546e-02,7.185232601359015092e-02,1.077784890203861146e-01,1.437046520271803018e-01
1.374500000000000000e+03,3.587622363537751324e-02,7.175244727075502649e-02,1.076286709061335944e-01,1.435048945415100530e-01
1.375000000000000000e+03,3.582635368484049510e-02,7.165270736968099019e-02,1.074790610545279801e-01,1.433054147393619804e-01
1.375500000000000000e+03,3.577655305396604257e-02,7.155310610793208514e-02,1.073296591619019580e-01,1.431062122158641703e-01
1.376000000000000000e+03,3.572682165107748942e-02,7.145364330215497883e-02,1.071804649532390741e-01,1.429072866043099577e-01
1.376500000000000000e+03,3.567715937529963854e-02,7.135431875059927709e-02,1.070314781259020798e-01,1.427086375011985542e-01
1.377000000000000000e+03,3.562756613515011272e-02,7.125513227030022545e-02,1.068826984054553897e-01,1.425102645406004509e-01
1.377500000000000000e+03,3.557804183009249943e-02,7.115608366018499886e-02,1.067341254902829384e-01,1.423121673203699977e-01
1.378000000000000000e+03,3.552858636883976517e-02,7.105717273767953035e-02,1.065857591065311194e-01,1.421143454753590607e-01
1.378500000000000000e+03,3.547919965119500363e-02,7.095839930239000726e-02,1.064375989535923939e-01,1.419167986047800145e-01
1.379000000000000000e+03,3.542988158606735771e-02,7.085976317213471543e-02,1.062896447582071247e-01,1.417195263442694309e-01
1.379500000000000000e+03,3.538063207359309903e-02,7.076126414718619806e-02,1.061418962207836270e-01,1.415225282943723961e-01
1.380000000000000000e+03,3.533145102287693629e-02,7.066290204575387257e-02,1.059943530686406898e-01,1.413258040915077451e-01
1.380500000000000000e+03,3.528233833439303746e-02,7.056467666878607492e-02,1.058470150031856072e-01,1.411293533375721498e-01
1.381000000000000000e+03,3.523329391743940109e-02,7.046658783487880218e-02,1.056998817523269185e-01,1.409331756697576044e-01
1.381500000000000000e+03,3.518431767282415024e-02,7.036863534564830047e-02,1.055529530184764475e-01,1.407372706912966009e-01
1.382000000000000000e+03,3.513540951003946144e-02,7.027081902007892289e-02,1.054062285301251567e-01,1.405416380401578458e-01
1.382500000000000000e+03,3.508656933022502589e-02,7.017313866045005177e-02,1.052597079906796296e-01,1.403462773209001035e-01
1.383000000000000000e+03,3.503779704307280474e-02,7.007559408614560947e-02,1.051133911292254641e-01,1.401511881722912189e-01
1.383500000000000000e+03,3.498909255004845065e-02,6.997818510009690129e-02,1.049672776501482385e-01,1.399563702001938026e-01
1.384000000000000000e+03,3.494045576104010120e-02,6.988091152208020240e-02,1.048213672831241894e-01,1.397618230441604048e-01
1.384500000000000000e+03,3.489188657784342285e-02,6.978377315568684569e-02,1.046756597335303240e-01,1.395675463113736914e-01
1.385000000000000000e+03,3.484338491054128628e-02,6.968676982108257256e-02,1.045301547316277446e-01,1.393735396421651451e-01
1.385500000000000000e+03,3.479495066125570801e-02,6.958990132251141603e-02,1.043848519837664579e-01,1.391798026450228321e-01
1.386000000000000000e+03,3.474658374026723395e-02,6.949316748053446791e-02,1.042397512208073085e-01,1.389863349610689358e-01
1.386500000000000000e+03,3.469828405002273186e-02,6.939656810004546372e-02,1.040948521500715263e-01,1.387931362000909274e-01
1.387000000000000000e+03,3.465005150100053388e-02,6.930010300200106776e-02,1.039501545030090401e-01,1.386002060040021355e-01
1.387500000000000000e+03,3.460188599596769610e-02,6.920377199193539219e-02,1.038056579879071961e-01,1.384075439838707844e-01
1.388000000000000000e+03,3.455378744560355653e-02,6.910757489120711305e-02,1.036613623368143333e-01,1.382151497824142261e-01
1.388500000000000000e+03,3.450575575299102971e-02,6.901151150598205941e-02,1.035172672589723675e-01,1.380230230119641188e-01
1.389000000000000000e+03,3.445779082900929380e-02,6.891558165801858760e-02,1.033733724870329329e-01,1.378311633160371752e-01
1.389500000000000000e+03,3.440989257706289495e-02,6.881978515412578989e-02,1.032296777311927372e-01,1.376395703082515798e-01
1.390000000000000000e+03,3.436206090822691017e-02,6.872412181645382034e-02,1.030861827246873919e-01,1.374482436329076407e-01
1.390500000000000000e+03,3.431429572622607393e-02,6.862859145245214787e-02,1.029428871786792765e-01,1.372571829049042957e-01
1.391000000000000000e+03,3.426659694232836451e-02,6.853319388465672901e-02,1.027997908269930871e-01,1.370663877693134580e-01
1.391500000000000000e+03,3.421896446057831609e-02,6.843792892115663218e-02,1.026568933817397777e-01,1.368758578423132644e-01
1.392000000000000000e+03,3.417139819244302545e-02,6.834279638488605091e-02,1.025141945773391239e-01,1.366855927697721018e-01
1.392500000000000000e+03,3.412389804227827783e-02,6.824779608455655566e-02,1.023716941268428826e-01,1.364955921691131113e-01
1.393000000000000000e+03,3.407646392175284200e-02,6.815292784350568400e-02,1.022293917652665751e-01,1.363058556870113680e-01
1.393500000000000000e+03,3.402909573553364320e-02,6.805819147106728639e-02,1.020872872066054260e-01,1.361163829421345728e-01
1.394000000000000000e+03,3.398179339548701439e-02,6.796358679097402877e-02,1.019453801864704801e-01,1.359271735819480575e-01
1.394500000000000000e+03,3.393455680659240858e-02,6.786911361318481717e-02,1.018036704197864406e-01,1.357382272263696343e-01
1.395000000000000000e+03,3.388738588091688708e-02,6.777477176183377416e-02,1.016621576427563234e-01,1.355495435236675483e-01
1.395500000000000000e+03,3.384028052374660200e-02,6.768056104749320401e-02,1.015208415712418599e-01,1.353611220949864080e-01
1.396000000000000000e+03,3.379324064734867683e-02,6.758648129469735366e-02,1.013797219420482509e-01,1.351729625893947073e-01
1.396500000000000000e+03,3.374626615731629586e-02,6.749253231463259173e-02,1.012387984719507195e-01,1.349850646292651835e-01
1.397000000000000000e+03,3.369935696611731091e-02,6.739871393223462182e-02,1.010980708983593157e-01,1.347974278644692436e-01
1.397500000000000000e+03,3.365251297965166088e-02,6.730502595930332177e-02,1.009575389389574251e-01,1.346100519186066435e-01
1.398000000000000000e+03,3.360573411058459525e-02,6.721146822116919051e-02,1.008172023317619459e-01,1.344229364423383810e-01
1.398500000000000000e+03,3.355902026512275205e-02,6.711804053024550409e-02,1.006770607953733077e-01,1.342360810604910082e-01
1.399000000000000000e+03,3.351237135613110985e-02,6.702474271226221969e-02,1.005371140683983811e-01,1.340494854245244394e-01
1.399500000000000000e+03,3.346578729011678854e-02,6.693157458023357709e-02,1.003973618703568604e-01,1.338631491604671542e-01
1.400000000000000000e+03,3.341926798014699385e-02,6.683853596029398769e-02,1.002578039404493637e-01,1.336770719205879754e-01
1.400500000000000000e+03,3.337281333303077080e-02,6.674562666606154160e-02,1.001184399991021934e-01,1.334912533321230832e-01
1.401000000000000000e+03,3.332642326203449912e-02,6.665284652406899824e-02,9.997926978611104687e-02,1.333056930481379965e-01
1.401500000000000000e+03,3.328009767426676202e-02,6.656019534853352404e-02,9.984029302280483797e-02,1.331203906970670481e-01
1.402000000000000000e+03,3.323383648319416794e-02,6.646767296638833589e-02,9.970150944958877659e-02,1.329353459327766718e-01
1.402500000000000000e+03,3.318763959622594850e-02,6.637527919245189700e-02,9.956291878867684630e-02,1.327505583849037940e-01
1.403000000000000000e+03,3.314150692702666490e-02,6.628301385405332979e-02,9.942452078108177105e-02,1.325660277081066596e-01
1.403500000000000000e+03,3.309543838330236687e-02,6.619087676660473374e-02,9.928631514991037577e-02,1.323817535332094675e-01
1.404000000000000000e+03,3.304943387891906559e-02,6.609886775783813118e-02,9.914830163676202623e-02,1.321977355156762624e-01
1.404500000000000000e+03,3.300349332187835216e-02,6.600698664375670432e-02,9.901047996563705489e-02,1.320139732875134086e-01
1.405000000000000000e+03,3.295761662624718813e-02,6.591523325249437626e-02,9.887284987874433995e-02,1.318304665049887525e-01
1.405500000000000000e+03,3.291180370032020797e-02,6.582360740064041593e-02,9.873541110095795936e-02,1.316472148012808319e-01
1.406000000000000000e+03,3.286605445836460193e-02,6.573210891672920386e-02,9.859816337509208495e-02,1.314642178334584077e-01
1.406500000000000000e+03,3.282036880896965769e-02,6.564073761793931538e-02,9.846110642690097947e-02,1.312814752358786308e-01
1.407000000000000000e+03,3.277474666660129543e-02,6.554949333320259086e-02,9.832423999979877927e-02,1.310989866664051817e-01
1.407500000000000000e+03,3.272918794014001431e-02,6.545837588028002862e-02,9.818756382041127218e-02,1.309167517605600572e-01
1.408000000000000000e+03,3.268369254425218529e-02,6.536738508850437057e-02,9.805107763275144883e-02,1.307347701770087411e-01
1.408500000000000000e+03,3.263826038811068475e-02,6.527652077622136950e-02,9.791478116432550394e-02,1.305530415524427390e-01
1.409000000000000000e+03,3.259289138658016949e-02,6.518578277316033898e-02,9.777867415974261789e-02,1.303715655463206780e-01
1.409500000000000000e+03,3.254758544912278451e-02,6.509517089824556901e-02,9.764275634736252485e-02,1.301903417964911380e-01
1.410000000000000000e+03,3.250234249080452553e-02,6.500468498160905106e-02,9.750702747241146717e-02,1.300093699632181021e-01
1.410500000000000000e+03,3.245716242137242080e-02,6.491432484274484160e-02,9.737148726411248845e-02,1.298286496854896832e-01
1.411000000000000000e+03,3.241204515609530379e-02,6.482409031219060758e-02,9.723613546828202558e-02,1.296481806243812152e-01
1.411500000000000000e+03,3.236699060500525249e-02,6.473398121001050498e-02,9.710097181501220476e-02,1.294679624200210100e-01
1.412000000000000000e+03,3.232199868357138461e-02,6.464399736714276923e-02,9.696599605071609673e-02,1.292879947342855385e-01
1.412500000000000000e+03,3.227706930211077241e-02,6.455413860422154482e-02,9.683120790633070740e-02,1.291082772084430896e-01
1.413000000000000000e+03,3.223220237629276230e-02,6.446440475258552461e-02,9.669660712888039633e-02,1.289288095051710492e-01
1.413500000000000000e+03,3.218739781671658973e-02,6.437479563343317945e-02,9.656219345014926958e-02,1.287495912668663589e-01
1.414000000000000000e+03,3.214265553925477192e-02,6.428531107850954385e-02,9.642796661776542599e-02,1.285706221570190877e-01
1.414500000000000000e+03,3.209797545478715319e-02,6.419595090957430639e-02,9.629392636435629704e-02,1.283919018191486128e-01
1.415000000000000000e+03,3.205335747938459212e-02,6.410671495876918424e-02,9.616007243815660743e-02,1.282134299175383685e-01
1.415500000000000000e+03,3.200880152420998437e-02,6.401760304841996874e-02,9.602640457262845430e-02,1.280352060968399375e-01
1.416000000000000000e+03,3.196430750553452826e-02,6.392861501106905653e-02,9.589292251660652688e-02,1.278572300221381131e-01
1.416500000000000000e+03,3.191987533480045158e-02,6.383975066960090317e-02,9.575962600440002248e-02,1.276795013392018063e-01
1.417000000000000000e+03,3.187550492847890382e-02,6.375100985695780764e-02,9.562651478543737760e-02,1.275020197139156153e-01
1.417500000000000000e+03,3.183119619828866931e-02,6.366239239657733862e-02,9.549358859486645201e-02,1.273247847931546772e-01
1.418000000000000000e+03,3.178694906090251404e-02,6.357389812180502808e-02,9.536084718271231608e-02,1.271477962436100562e-01
1.418500000000000000e+03,3.174276342831577891e-02,6.348552685663155781e-02,9.522829028495083392e-02,1.269710537132631156e-01
1.419000000000000000e+03,3.169863921740262436e-02,6.339727843480524871e-02,9.509591765221347970e-02,1.267945568696104974e-01
1.419500000000000000e+03,3.165457634043333801e-02,6.330915268086667602e-02,9.496372902130145732e-02,1.266183053617333520e-01
1.420000000000000000e+03,3.161057471448180944e-02,6.322114942896361889e-02,9.483172414344842593e-02,1.264422988579272378e-01
1.420500000000000000e+03,3.156663425209249585e-02,6.313326850418499170e-02,9.469990275627737653e-02,1.262665370083699834e-01
1.421000000000000000e+03,3.152275487053929348e-02,6.304550974107858696e-02,9.456826461161904618e-02,1.260910194821571739e-01
1.421500000000000000e+03,3.147893648263910826e-02,6.295787296527821653e-02,9.443680944791865706e-02,1.259157459305564331e-01
1.422000000000000000e+03,3.143517900586767500e-02,6.287035801173534999e-02,9.430553701760291396e-02,1.257407160234707000e-01
1.422500000000000000e+03,3.139148235331395975e-02,6.278296470662791950e-02,9.417444705993482934e-02,1.255659294132558390e-01
1.423000000000000000e+03,3.134784644265059539e-02,6.269569288530119078e-02,9.404353932794795590e-02,1.253913857706023816e-01
1.423500000000000000e+03,3.130427118723860813e-02,6.260854237447721626e-02,9.391281356170755323e-02,1.252170847489544325e-01
1.424000000000000000e+03,3.126075650495135916e-02,6.252151300990271832e-02,9.378226951484802676e-02,1.250430260198054366e-01
1.424500000000000000e+03,3.121730230941782702e-02,6.243460461883565404e-02,9.365190692824887364e-02,1.248692092376713081e-01
1.425000000000000000e+03,3.117390851871226776e-02,6.234781703742453551e-02,9.352172555613225136e-02,1.246956340748490710e-01
1.425500000000000000e+03,3.113057504673194531e-02,6.226115009346389062e-02,9.339172514019122850e-02,1.245223001869277812e-01
1.426000000000000000e+03,3.108730181175034524e-02,6.217460362350069047e-02,9.326190543524925936e-02,1.243492072470013809e-01
1.426500000000000000e+03,3.104408872793062990e-02,6.208817745586125980e-02,9.313226618379100152e-02,1.241763549117225196e-01
1.427000000000000000e+03,3.100093571374706869e-02,6.200187142749413738e-02,9.300280714124098402e-02,1.240037428549882748e-01
1.427500000000000000e+03,3.095784268363005465e-02,6.191568536726010930e-02,9.287352805088455732e-02,1.238313707345202186e-01
1.428000000000000000e+03,3.091480955624964500e-02,6.182961911249928999e-02,9.274442866874732516e-02,1.236592382249985800e-01
1.428500000000000000e+03,3.087183624630251977e-02,6.174367249260503954e-02,9.261550873890245228e-02,1.234873449852100791e-01
1.429000000000000000e+03,3.082892267265918695e-02,6.165784534531837391e-02,9.248676801797794944e-02,1.233156906906367478e-01
1.429500000000000000e+03,3.078606875027817269e-02,6.157213750055634538e-02,9.235820625083013269e-02,1.231442750011126908e-01
1.430000000000000000e+03,3.074327439822904795e-02,6.148654879645809590e-02,9.222982319468786550e-02,1.229730975929161918e-01
1.430500000000000000e+03,3.070053953173407235e-02,6.140107906346814470e-02,9.210161859520105132e-02,1.228021581269362894e-01
1.431000000000000000e+03,3.065786407006115821e-02,6.131572814012231643e-02,9.197359221018674980e-02,1.226314562802446329e-01
1.431500000000000000e+03,3.061524792869296796e-02,6.123049585738593592e-02,9.184574378608001410e-02,1.224609917147718718e-01
1.432000000000000000e+03,3.057269102709780917e-02,6.114538205419561834e-02,9.171807308129409364e-02,1.222907641083912367e-01
1.432500000000000000e+03,3.053019328101796992e-02,6.106038656203593984e-02,9.159057984305096767e-02,1.221207731240718797e-01
1.433000000000000000e+03,3.048775461011954402e-02,6.097550922023908804e-02,9.146326383036007535e-02,1.219510184404781761e-01
1.433500000000000000e+03,3.044537493040350151e-02,6.089074986080700302e-02,9.133612479120767347e-02,1.217814997216140060e-01
1.434000000000000000e+03,3.040305416173549879e-02,6.080610832347099759e-02,9.120916248520560821e-02,1.216122166469419952e-01
1.434500000000000000e+03,3.036079222037274539e-02,6.072158444074549077e-02,9.108237666111707043e-02,1.214431688814909815e-01
1.435000000000000000e+03,3.031858902638179254e-02,6.063717805276358508e-02,9.095576707914765358e-02,1.212743561055271702e-01
1.435500000000000000e+03,3.027644449627581169e-02,6.055288899255162338e-02,9.082933348882860081e-02,1.211057779851032468e-01
1.436000000000000000e+03,3.023435855031736397e-02,6.046871710063472793e-02,9.070307565095636626e-02,1.209374342012694559e-01
1.436500000000000000e+03,3.019233110527785868e-02,6.038466221055571737e-02,9.057699331583579649e-02,1.207693244211114347e-01
1.437000000000000000e+03,3.015036208161764320e-02,6.030072416323528639e-02,9.045108624485798110e-02,1.206014483264705728e-01
1.437500000000000000e+03,3.010845139636098011e-02,6.021690279272196022e-02,9.032535418908582692e-02,1.204338055854439204e-01
1.438000000000000000e+03,3.006659897016827898e-02,6.013319794033655796e-02,9.019979691050772352e-02,1.202663958806731159e-01
1.438500000000000000e+03,3.002480472031565650e-02,6.004960944063131301e-02,9.007441416094663644e-02,1.200992188812626260e-01
1.439000000000000000e+03,2.998306856766036477e-02,5.996613713532072953e-02,8.994920570298381435e-02,1.199322742706414591e-01
1.439500000000000000e+03,2.994139042973126275e-02,5.988278085946252549e-02,8.982417128919695237e-02,1.197655617189250510e-01
1.440000000000000000e+03,2.989977022758533165e-02,5.979954045517066330e-02,8.969931068275904806e-02,1.195990809103413266e-01
1.440500000000000000e+03,2.985820787900184126e-02,5.971641575800368251e-02,8.957462363700519070e-02,1.194328315160073650e-01
1.441000000000000000e+03,2.981670330523328305e-02,5.963340661046656610e-02,8.945010991570190306e-02,1.192668132209331322e-01
1.441500000000000000e+03,2.977525642431155806e-02,5.955051284862311611e-02,8.932576927293345292e-02,1.191010256972462322e-01
1.442000000000000000e+03,2.973386715768511213e-02,5.946773431537022425e-02,8.920160147305344900e-02,1.189354686307404485e-01
1.442500000000000000e+03,2.969253542363498033e-02,5.938507084726996066e-02,8.907760627090310912e-02,1.187701416945399213e-01
1.443000000000000000e+03,2.965126114380667310e-02,5.930252228761334621e-02,8.895378343142024136e-02,1.186050445752266924e-01
1.443500000000000000e+03,2.961004423672941588e-02,5.922008847345883176e-02,8.883013271018702639e-02,1.184401769469176635e-01
1.444000000000000000e+03,2.956888462424533959e-02,5.913776924849067917e-02,8.870665387273324320e-02,1.182755384969813583e-01
1.444500000000000000e+03,2.952778222512958406e-02,5.905556445025916812e-02,8.858334667538758644e-02,1.181111289005183362e-01
1.445000000000000000e+03,2.948673696142356526e-02,5.897347392284713052e-02,8.846021088427025170e-02,1.179469478456942610e-01
1.445500000000000000e+03,2.944574875214772680e-02,5.889149750429545360e-02,8.833724625644268080e-02,1.177829950085909072e-01
1.446000000000000000e+03,2.940481751953860634e-02,5.880963503907721268e-02,8.821445255861193324e-02,1.176192700781544254e-01
1.446500000000000000e+03,2.936394318286206229e-02,5.872788636572412457e-02,8.809182954858041370e-02,1.174557727314482491e-01
1.447000000000000000e+03,2.932312566454953195e-02,5.864625132909906391e-02,8.796937699364848484e-02,1.172925026581981278e-01
1.447500000000000000e+03,2.928236488411262162e-02,5.856472976822524323e-02,8.784709465233841996e-02,1.171294595364504865e-01
1.448000000000000000e+03,2.924166076417900051e-02,5.848332152835800102e-02,8.772498229253855584e-02,1.169666430567160020e-01
1.448500000000000000e+03,2.920101322450324721e-02,5.840202644900649442e-02,8.760303967351124044e-02,1.168040528980129888e-01
1.449000000000000000e+03,2.916042218790809715e-02,5.832084437581619429e-02,8.748126656372723353e-02,1.166416887516323886e-01
1.449500000000000000e+03,2.911988757438999098e-02,5.823977514877998196e-02,8.735966272317341463e-02,1.164795502975599639e-01
1.450000000000000000e+03,2.907940930696767401e-02,5.815881861393534802e-02,8.723822792090785150e-02,1.163176372278706960e-01
1.450500000000000000e+03,2.903898730587795018e-02,5.807797461175590037e-02,8.711696191763418362e-02,1.161559492235118007e-01
1.451000000000000000e+03,2.899862149433518610e-02,5.799724298867037220e-02,8.699586448300888897e-02,1.159944859773407444e-01
1.451500000000000000e+03,2.895831179281588286e-02,5.791662358563176571e-02,8.687493537844703795e-02,1.158332471712635314e-01
1.452000000000000000e+03,2.891805812472908466e-02,5.783611624945816931e-02,8.675417437419064015e-02,1.156722324989163386e-01
1.452500000000000000e+03,2.887786041079237753e-02,5.775572082158475506e-02,8.663358123237907549e-02,1.155114416431695101e-01
1.453000000000000000e+03,2.883771857460876165e-02,5.767543714921752329e-02,8.651315572383033725e-02,1.153508742984350466e-01
1.453500000000000000e+03,2.879763253713324422e-02,5.759526507426648845e-02,8.639289761139989920e-02,1.151905301485329769e-01
1.454000000000000000e+03,2.875760222216267037e-02,5.751520444432534074e-02,8.627280666649017604e-02,1.150304088886506815e-01
1.454500000000000000e+03,2.871762755089035668e-02,5.743525510178071336e-02,8.615288265267206924e-02,1.148705102035614267e-01
1.455000000000000000e+03,2.867770844730799240e-02,5.735541689461598480e-02,8.603312534192442129e-02,1.147108337892319696e-01
1.455500000000000000e+03,2.863784483284403937e-02,5.727568966568807873e-02,8.591353449853178503e-02,1.145513793313761575e-01
1.456000000000000000e+03,2.859803663168342114e-02,5.719607326336684228e-02,8.579410989505364959e-02,1.143921465267336846e-01
1.456500000000000000e+03,2.855828376549168768e-02,5.711656753098337536e-02,8.567485129647356423e-02,1.142331350619667507e-01
1.457000000000000000e+03,2.851858615864627522e-02,5.703717231729255044e-02,8.555575847594165673e-02,1.140743446345851009e-01
1.457500000000000000e+03,2.847894373304793447e-02,5.695788746609586894e-02,8.543683119914335933e-02,1.139157749321917379e-01
1.458000000000000000e+03,2.843935641326822417e-02,5.687871282653644833e-02,8.531806923980878032e-02,1.137574256530728967e-01
1.458500000000000000e+03,2.839982412143982060e-02,5.679964824287964120e-02,8.519947236432012794e-02,1.135992964857592824e-01
1.459000000000000000e+03,2.836034678232796091e-02,5.672069356465592183e-02,8.508104034698926732e-02,1.134413871293118437e-01
1.459500000000000000e+03,2.832092431829791312e-02,5.664184863659582625e-02,8.496277295489540471e-02,1.132836972731916525e-01
1.460000000000000000e+03,2.828155665430731602e-02,5.656311330861463205e-02,8.484466996292705510e-02,1.131262266172292641e-01
1.460500000000000000e+03,2.824224371295358527e-02,5.648448742590717053e-02,8.472673113886730611e-02,1.129689748518143411e-01
1.461000000000000000e+03,2.820298541938937031e-02,5.640597083877874063e-02,8.460895625817044241e-02,1.128119416775574813e-01
1.461500000000000000e+03,2.816378169643912743e-02,5.632756339287825487e-02,8.449134508932032439e-02,1.126551267857565097e-01
1.462000000000000000e+03,2.812463246944774120e-02,5.624926493889548240e-02,8.437389740835099516e-02,1.124985298777909648e-01
1.462500000000000000e+03,2.808553766147303676e-02,5.617107532294607353e-02,8.425661298442399527e-02,1.123421506458921471e-01
1.463000000000000000e+03,2.804649719804874763e-02,5.609299439609749527e-02,8.413949159415334833e-02,1.121859887921949905e-01
1.463500000000000000e+03,2.800751100246440251e-02,5.601502200492880501e-02,8.402253300739559450e-02,1.120300440098576100e-01
1.464000000000000000e+03,2.796857900044374956e-02,5.593715800088749912e-02,8.390573700133430179e-02,1.118743160017749982e-01
1.464500000000000000e+03,2.792970111550308054e-02,5.585940223100616109e-02,8.378910334651301639e-02,1.117188044620123222e-01
1.465000000000000000e+03,2.789087727355976654e-02,5.578175454711953307e-02,8.367263182068462868e-02,1.115635090942390661e-01
1.465500000000000000e+03,2.785210739835797256e-02,5.570421479671594511e-02,8.355632219507858061e-02,1.114084295934318902e-01
1.466000000000000000e+03,2.781339141600558396e-02,5.562678283201116791e-02,8.344017424802263605e-02,1.112535656640223358e-01
1.466500000000000000e+03,2.777472925047197450e-02,5.554945850094394899e-02,8.332418775141947620e-02,1.110989170018878980e-01
1.467000000000000000e+03,2.773612082805543277e-02,5.547224165611086555e-02,8.320836248417218250e-02,1.109444833122217311e-01
1.467500000000000000e+03,2.769756607295242867e-02,5.539513214590485735e-02,8.309269821886355878e-02,1.107902642918097147e-01
1.468000000000000000e+03,2.765906491165248671e-02,5.531812982330497341e-02,8.297719473496445453e-02,1.106362596466099468e-01
1.468500000000000000e+03,2.762061726857573118e-02,5.524123453715146237e-02,8.286185180573202302e-02,1.104824690743029247e-01
1.469000000000000000e+03,2.758222307040147925e-02,5.516444614080295850e-02,8.274666921120754637e-02,1.103288922816059170e-01
1.469500000000000000e+03,2.754388224177334310e-02,5.508776448354668620e-02,8.263164672532252730e-02,1.101755289670933724e-01
1.470000000000000000e+03,2.750559470956065455e-02,5.501118941912130911e-02,8.251678412868601598e-02,1.100223788382426182e-01
1.470500000000000000e+03,2.746736039863234558e-02,5.493472079726469115e-02,8.240208119589875757e-02,1.098694415945293823e-01
1.471000000000000000e+03,2.742917923604526464e-02,5.485835847209052929e-02,8.228753770814045687e-02,1.097167169441810586e-01
1.471500000000000000e+03,2.739105114689138754e-02,5.478210229378277507e-02,8.217315344067399607e-02,1.095642045875655501e-01
1.472000000000000000e+03,2.735297605841602309e-02,5.470595211683204617e-02,8.205892817524995664e-02,1.094119042336640923e-01
1.472500000000000000e+03,2.731495389593180390e-02,5.462990779186360779e-02,8.194486168779779867e-02,1.092598155837272156e-01
1.473000000000000000e+03,2.727698458687638494e-02,5.455396917375276988e-02,8.183095376063187487e-02,1.091079383475055398e-01
1.473500000000000000e+03,2.723906805677994702e-02,5.447813611355989405e-02,8.171720417034133987e-02,1.089562722271197881e-01
1.474000000000000000e+03,2.720120423326854997e-02,5.440240846653709994e-02,8.160361269980720422e-02,1.088048169330741999e-01
1.474500000000000000e+03,2.716339304209414163e-02,5.432678608418828325e-02,8.149017912628253590e-02,1.086535721683765665e-01
1.475000000000000000e+03,2.712563441106935480e-02,5.425126882213870960e-02,8.137690323320923014e-02,1.085025376442774192e-01
1.475500000000000000e+03,2.708792826616673866e-02,5.417585653233347731e-02,8.126378479849960534e-02,1.083517130646669546e-01
1.476000000000000000e+03,2.705027453538522142e-02,5.410054907077044284e-02,8.115082360615955004e-02,1.082010981415408857e-01
1.476500000000000000e+03,2.701267314491551108e-02,5.402534628983102216e-02,8.103801943474997493e-02,1.080506925796620443e-01
1.477000000000000000e+03,2.697512402294616196e-02,5.395024804589232392e-02,8.092537206884409251e-02,1.079004960917846478e-01
1.477500000000000000e+03,2.693762709588415349e-02,5.387525419176830699e-02,8.081288128765851120e-02,1.077505083835366140e-01
1.478000000000000000e+03,2.690018229210522360e-02,5.380036458421044721e-02,8.070054687632155499e-02,1.076007291684208944e-01
1.478500000000000000e+03,2.686278953823240112e-02,5.372557907646480224e-02,8.058836861470242141e-02,1.074511581529296045e-01
1.479000000000000000e+03,2.682544876282827451e-02,5.365089752565654901e-02,8.047634628849142935e-02,1.073017950513130980e-01
1.479500000000000000e+03,2.678815989273297671e-02,5.357631978546595342e-02,8.036447967820237182e-02,1.071526395709319068e-01
1.480000000000000000e+03,2.675092285669478098e-02,5.350184571338956196e-02,8.025276857009111531e-02,1.070036914267791239e-01
1.480500000000000000e+03,2.671373758176848190e-02,5.342747516353696380e-02,8.014121274531227357e-02,1.068549503270739276e-01
1.481000000000000000e+03,2.667660399689103512e-02,5.335320799378207024e-02,8.002981199067971119e-02,1.067064159875641405e-01
1.481500000000000000e+03,2.663952202932801105e-02,5.327904405865602211e-02,7.991856608799019490e-02,1.065580881173120442e-01
1.482000000000000000e+03,2.660249160820293834e-02,5.320498321640587669e-02,7.980747482461714171e-02,1.064099664328117534e-01
1.482500000000000000e+03,2.656551266099754782e-02,5.313102532199509564e-02,7.969653798299813907e-02,1.062620506439901913e-01
1.483000000000000000e+03,2.652858511701905453e-02,5.305717023403810906e-02,7.958575535106482413e-02,1.061143404680762181e-01
1.483500000000000000e+03,2.649170890396085332e-02,5.298341780792170663e-02,7.947512671189005395e-02,1.059668356158434133e-01
1.484000000000000000e+03,2.645488395131767589e-02,5.290976790263535179e-02,7.936465185395946698e-02,1.058195358052707036e-01
1.484500000000000000e+03,2.641811018699424807e-02,5.283622037398849614e-02,7.925433056098674101e-02,1.056724407479769923e-01
1.485000000000000000e+03,2.638138754066876590e-02,5.276277508133753180e-02,7.914416262200929530e-02,1.055255501626750636e-01
1.485500000000000000e+03,2.634471594045795229e-02,5.268943188091590457e-02,7.903414782137696548e-02,1.053788637618318091e-01
1.486000000000000000e+03,2.630809531622452235e-02,5.261619063244904471e-02,7.892428594867872960e-02,1.052323812648980894e-01
1.486500000000000000e+03,2.627152559629697404e-02,5.254305119259394807e-02,7.881457678889325358e-02,1.050861023851878961e-01
1.487000000000000000e+03,2.623500671072154233e-02,5.247001342144308467e-02,7.870502013216817971e-02,1.049400268428861693e-01
1.487500000000000000e+03,2.619853858803572466e-02,5.239707717607144932e-02,7.859561576410767358e-02,1.047941543521428986e-01
1.488000000000000000e+03,2.616212115846844322e-02,5.232424231693688643e-02,7.848636347540716152e-02,1.046484846338737729e-01
1.488500000000000000e+03,2.612575435076736063e-02,5.225150870153472127e-02,7.837726305230319213e-02,1.045030174030694425e-01
1.489000000000000000e+03,2.608943809534597369e-02,5.217887619069194738e-02,7.826831428604164032e-02,1.043577523813838948e-01
1.489500000000000000e+03,2.605317232115950121e-02,5.210634464231900242e-02,7.815951696348166777e-02,1.042126892846380048e-01
1.490000000000000000e+03,2.601695695880473780e-02,5.203391391760947560e-02,7.805087087641848775e-02,1.040678278352189512e-01
1.490500000000000000e+03,2.598079193744368132e-02,5.196158387488736263e-02,7.794237581233387502e-02,1.039231677497747253e-01
1.491000000000000000e+03,2.594467718785586907e-02,5.188935437571173814e-02,7.783403156357171504e-02,1.037787087514234763e-01
1.491500000000000000e+03,2.590861263941068859e-02,5.181722527882137719e-02,7.772583791823572952e-02,1.036344505576427544e-01
1.492000000000000000e+03,2.587259822306964274e-02,5.174519644613928548e-02,7.761779466921225890e-02,1.034903928922785710e-01
1.492500000000000000e+03,2.583663386840812093e-02,5.167326773681624186e-02,7.750990160522630568e-02,1.033465354736324837e-01
1.493000000000000000e+03,2.580071950657081281e-02,5.160143901314162562e-02,7.740215851971266048e-02,1.032028780262832512e-01
1.493500000000000000e+03,2.576485506733644515e-02,5.152971013467289030e-02,7.729456520200961300e-02,1.030594202693457806e-01
1.494000000000000000e+03,2.572904048203183969e-02,5.145808096406367937e-02,7.718712144609818360e-02,1.029161619281273587e-01
1.494500000000000000e+03,2.569327568064305733e-02,5.138655136128611467e-02,7.707982704192817280e-02,1.027731027225722293e-01
1.495000000000000000e+03,2.565756059467583228e-02,5.131512118935166455e-02,7.697268178402749683e-02,1.026302423787033291e-01
1.495500000000000000e+03,2.562189515431917419e-02,5.124379030863834839e-02,7.686568546295591275e-02,1.024875806172766968e-01
1.496000000000000000e+03,2.558627929126155998e-02,5.117255858252311995e-02,7.675883787378690037e-02,1.023451171650462399e-01
1.496500000000000000e+03,2.555071293589566972e-02,5.110142587179133944e-02,7.665213880768462218e-02,1.022028517435826789e-01
1.497000000000000000e+03,2.551519602008905929e-02,5.103039204017811858e-02,7.654558806026656725e-02,1.020607840803562372e-01
1.497500000000000000e+03,2.547972847443646938e-02,5.095945694887293875e-02,7.643918542330729871e-02,1.019189138977458775e-01
1.498000000000000000e+03,2.544431023098731037e-02,5.088862046197462075e-02,7.633293069296120947e-02,1.017772409239492415e-01
1.498500000000000000e+03,2.540894122053799498e-02,5.081788244107598995e-02,7.622682366160860035e-02,1.016357648821519799e-01
1.499000000000000000e+03,2.537362137531695705e-02,5.074724275063391410e-02,7.612086412594698537e-02,1.014944855012678282e-01
1.499500000000000000e+03,2.533835062632094903e-02,5.067670125264189807e-02,7.601505187896062665e-02,1.013534025052837961e-01
1.500000000000000000e+03,2.530312890596070341e-02,5.060625781192140682e-02,7.590938671788016734e-02,1.012125156238428136e-01
1.500500000000000000e+03,2.526795614543142499e-02,5.053591229086284997e-02,7.580386843629161042e-02,1.010718245817256999e-01
1.501000000000000000e+03,2.523283227732309175e-02,5.046566455464618350e-02,7.569849683196738788e-02,1.009313291092923670e-01
1.501500000000000000e+03,2.519775723303030457e-02,5.039551446606060914e-02,7.559327169909169086e-02,1.007910289321212183e-01
1.502000000000000000e+03,2.516273094532206489e-02,5.032546189064412978e-02,7.548819283597030250e-02,1.006509237812882596e-01
1.502500000000000000e+03,2.512775334579442355e-02,5.025550669158884709e-02,7.538326003738249348e-02,1.005110133831776942e-01
1.503000000000000000e+03,2.509282436739185274e-02,5.018564873478370547e-02,7.527847310217494758e-02,1.003712974695674109e-01
1.503500000000000000e+03,2.505794394190813401e-02,5.011588788381626802e-02,7.517383182572290323e-02,1.002317757676325360e-01
1.504000000000000000e+03,2.502311200246665202e-02,5.004622400493330403e-02,7.506933600740151036e-02,1.000924480098666081e-01
1.504500000000000000e+03,2.498832848106069537e-02,4.997665696212139075e-02,7.496498544317953261e-02,9.995331392424278150e-02
1.505000000000000000e+03,2.495359331099056277e-02,4.990718662198112554e-02,7.486077993297191036e-02,9.981437324396225108e-02
1.505500000000000000e+03,2.491890642444533066e-02,4.983781284889066132e-02,7.475671927333582545e-02,9.967562569778132264e-02
1.506000000000000000e+03,2.488426775490376608e-02,4.976853550980753216e-02,7.465280326471024352e-02,9.953707101961506432e-02
1.506500000000000000e+03,2.484967723474929002e-02,4.969935446949858004e-02,7.454903170424720393e-02,9.939870893899716009e-02
1.507000000000000000e+03,2.481513479763952645e-02,4.963026959527905291e-02,7.444540439291991163e-02,9.926053919055810582e-02
1.507500000000000000e+03,2.478064037615496096e-02,4.956128075230992192e-02,7.434192112846416123e-02,9.912256150461984383e-02
1.508000000000000000e+03,2.474619390412646780e-02,4.949238780825293560e-02,7.423858171237995851e-02,9.898477561650587120e-02
1.508500000000000000e+03,2.471179531433104204e-02,4.942359062866208408e-02,7.413538594299007300e-02,9.884718125732416816e-02
1.509000000000000000e+03,2.467744454077624994e-02,4.935488908155249987e-02,7.403233362232741754e-02,9.870977816310499975e-02
1.509500000000000000e+03,2.464314151643115514e-02,4.928628303286231027e-02,7.392942454929363194e-02,9.857256606572462054e-02
1.510000000000000000e+03,2.460888617548245838e-02,4.921777235096491676e-02,7.382665852644754167e-02,9.843554470192983352e-02
1.510500000000000000e+03,2.457467845109179150e-02,4.914935690218358300e-02,7.372403535327298751e-02,9.829871380436716599e-02
1.511000000000000000e+03,2.454051827761977167e-02,4.908103655523954334e-02,7.362155483285670599e-02,9.816207311047908668e-02
1.511500000000000000e+03,2.450640558842065442e-02,4.901281117684130884e-02,7.351921676526340654e-02,9.802562235368261767e-02
1.512000000000000000e+03,2.447234031803335874e-02,4.894468063606671748e-02,7.341702095410296280e-02,9.788936127213343497e-02
1.512500000000000000e+03,2.443832240000304301e-02,4.887664480000608602e-02,7.331496720001318135e-02,9.775328960001217204e-02
1.513000000000000000e+03,2.440435176904276471e-02,4.880870353808552942e-02,7.321305530713373422e-02,9.761740707617105883e-02
1.513500000000000000e+03,2.437042835889019488e-02,4.874085671778038975e-02,7.311128507667374876e-02,9.748171343556077950e-02
1.514000000000000000e+03,2.433655210443108619e-02,4.867310420886217237e-02,7.300965631329792149e-02,9.734620841772434474e-02
1.514500000000000000e+03,2.430272293959645502e-02,4.860544587919291004e-02,7.290816881879025324e-02,9.721089175838582008e-02
1.515000000000000000e+03,2.426894079944419413e-02,4.853788159888838827e-02,7.280682239833469183e-02,9.707576319777677654e-02
1.515500000000000000e+03,2.423520561809622276e-02,4.847041123619244551e-02,7.270561685428700294e-02,9.694082247238489103e-02
1.516000000000000000e+03,2.420151733078429457e-02,4.840303466156858914e-02,7.260455199235316126e-02,9.680606932313717827e-02
1.516500000000000000e+03,2.416787587181973285e-02,4.833575174363946569e-02,7.250362761545747770e-02,9.667150348727893139e-02
1.517000000000000000e+03,2.413428117660765260e-02,4.826856235321530519e-02,7.240284352982351290e-02,9.653712470643061039e-02
1.517500000000000000e+03,2.410073317964817052e-02,4.820146635929634105e-02,7.230219953894678753e-02,9.640293271859268209e-02
1.518000000000000000e+03,2.406723181652231647e-02,4.813446363304463294e-02,7.220169544956800411e-02,9.626892726608926587e-02
1.518500000000000000e+03,2.403377702191528131e-02,4.806755404383056263e-02,7.210133106574589945e-02,9.613510808766112525e-02
1.519000000000000000e+03,2.400036873158034600e-02,4.800073746316069201e-02,7.200110619474231477e-02,9.600147492632138402e-02
1.519500000000000000e+03,2.396700688039243854e-02,4.793401376078487708e-02,7.190102064117809277e-02,9.586802752156975416e-02
1.520000000000000000e+03,2.393369140427636932e-02,4.786738280855273864e-02,7.180107421282821978e-02,9.573476561710547728e-02
1.520500000000000000e+03,2.390042223829358381e-02,4.780084447658716762e-02,7.170126671488130654e-02,9.560168895317433524e-02
1.521000000000000000e+03,2.386719931854192067e-02,4.773439863708384134e-02,7.160159795562648366e-02,9.546879727416768269e-02
1.521500000000000000e+03,2.383402258026934284e-02,4.766804516053868568e-02,7.150206774080569705e-02,9.533609032107737136e-02
1.522000000000000000e+03,2.380089195974288696e-02,4.760178391948577392e-02,7.140267587922832782e-02,9.520356783897154784e-02
1.522500000000000000e+03,2.376780739239814366e-02,4.753561478479628732e-02,7.130342217719232156e-02,9.507122956959257465e-02
1.523000000000000000e+03,2.373476881467379007e-02,4.746953762934758014e-02,7.120430644402186982e-02,9.493907525869516029e-02
1.523500000000000000e+03,2.370177616219076855e-02,4.740355232438153710e-02,7.110532848657236116e-02,9.480710464876307420e-02
1.524000000000000000e+03,2.366882937155684319e-02,4.733765874311368638e-02,7.100648811467402677e-02,9.467531748622737275e-02
1.524500000000000000e+03,2.363592837857964035e-02,4.727185675715928070e-02,7.090778513573847697e-02,9.454371351431856141e-02
1.525000000000000000e+03,2.360307312003612212e-02,4.720614624007224425e-02,7.080921936011086437e-02,9.441229248014448849e-02
1.525500000000000000e+03,2.357026353191760126e-02,4.714052706383520253e-02,7.071079059575136050e-02,9.428105412767040505e-02
1.526000000000000000e+03,2.353749955117157011e-02,4.707499910234314022e-02,7.061249865351415522e-02,9.414999820468628045e-02
1.526500000000000000e+03,2.350478111397125147e-02,4.700956222794250294e-02,7.051434334191364339e-02,9.401912445588500589e-02
1.527000000000000000e+03,2.347210815743666634e-02,4.694421631487333268e-02,7.041632447231194192e-02,9.388843262974666537e-02
1.527500000000000000e+03,2.343948061792267001e-02,4.687896123584534003e-02,7.031844185376945333e-02,9.375792247169068006e-02
1.528000000000000000e+03,2.340689843271775983e-02,4.681379686543551966e-02,7.022069529815599953e-02,9.362759373087103931e-02
1.528500000000000000e+03,2.337436153835958930e-02,4.674872307671917859e-02,7.012308461508176549e-02,9.349744615343835719e-02
1.529000000000000000e+03,2.334186987230596477e-02,4.668373974461192955e-02,7.002560961691928210e-02,9.336747948922385909e-02
1.529500000000000000e+03,2.330942337127517305e-02,4.661884674255034611e-02,6.992827011382629632e-02,9.323769348510069221e-02
1.530000000000000000e+03,2.327702197289338581e-02,4.655404394578677163e-02,6.983106591868082358e-02,9.310808789157354326e-02
1.530500000000000000e+03,2.324466561406024478e-02,4.648933122812048957e-02,6.973399684218362093e-02,9.297866245624097914e-02
1.531000000000000000e+03,2.321235423257150821e-02,4.642470846514301641e-02,6.963706269771852142e-02,9.284941693028603282e-02
1.531500000000000000e+03,2.318008776550656291e-02,4.636017553101312583e-02,6.954026329652274185e-02,9.272035106202625165e-02
1.532000000000000000e+03,2.314786615082681243e-02,4.629573230165362485e-02,6.944359845248404550e-02,9.259146460330724970e-02
1.532500000000000000e+03,2.311568932579405322e-02,4.623137865158810644e-02,6.934706797738332540e-02,9.246275730317621289e-02
1.533000000000000000e+03,2.308355722853577818e-02,4.616711445707155637e-02,6.925067168560750108e-02,9.233422891414311273e-02
1.533500000000000000e+03,2.305146979649258521e-02,4.610293959298517041e-02,6.915440938947714500e-02,9.220587918597034083e-02
1.534000000000000000e+03,2.301942696795972187e-02,4.603885393591944375e-02,6.905828090388177465e-02,9.207770787183888750e-02
1.534500000000000000e+03,2.298742868055708710e-02,4.597485736111417420e-02,6.896228604167298215e-02,9.194971472222834841e-02
1.535000000000000000e+03,2.295547487274623988e-02,4.591094974549247976e-02,6.886642461823799799e-02,9.182189949098495951e-02
1.535500000000000000e+03,2.292356548232360458e-02,4.584713096464720916e-02,6.877069644696942596e-02,9.169426192929441832e-02
1.536000000000000000e+03,2.289170044791866143e-02,4.578340089583732286e-02,6.867510134375398589e-02,9.156680179167464573e-02
1.536500000000000000e+03,2.285987970750580356e-02,4.571975941501160712e-02,6.857963912251197058e-02,9.143951883002321424e-02
1.537000000000000000e+03,2.282810319987743641e-02,4.565620639975487283e-02,6.848430959962936715e-02,9.131241279950974565e-02
1.537500000000000000e+03,2.279637086318719863e-02,4.559274172637439726e-02,6.838911258955504557e-02,9.118548345274879452e-02
1.538000000000000000e+03,2.276468263639241929e-02,4.552936527278483858e-02,6.829404790917503743e-02,9.105873054556967716e-02
1.538500000000000000e+03,2.273303845782326249e-02,4.546607691564652498e-02,6.819911537346790009e-02,9.093215383129304996e-02
1.539000000000000000e+03,2.270143826660392383e-02,4.540287653320784766e-02,6.810431479981060576e-02,9.080575306641569533e-02
1.539500000000000000e+03,2.266988200123765118e-02,4.533976400247530236e-02,6.800964600371084412e-02,9.067952800495060472e-02
1.540000000000000000e+03,2.263836960101311968e-02,4.527673920202623936e-02,6.791510880303952558e-02,9.055347840405247872e-02
1.540500000000000000e+03,2.260690100461154595e-02,4.521380200922309189e-02,6.782070301383213984e-02,9.042760401844618379e-02
1.541000000000000000e+03,2.257547615148358666e-02,4.515095230296717332e-02,6.772642845445064896e-02,9.030190460593434665e-02
1.541500000000000000e+03,2.254409498048648430e-02,4.508818996097296861e-02,6.763228494145367975e-02,9.017637992194593721e-02
1.542000000000000000e+03,2.251275743123309914e-02,4.502551486246619827e-02,6.753827229369713248e-02,9.005102972493239655e-02
1.542500000000000000e+03,2.248146344275575581e-02,4.496292688551151162e-02,6.744439032826177183e-02,8.992585377102302324e-02
1.543000000000000000e+03,2.245021295483284884e-02,4.490042590966569769e-02,6.735063886449221826e-02,8.980085181933139538e-02
1.543500000000000000e+03,2.241900590666656701e-02,4.483801181333313401e-02,6.725701771999215151e-02,8.967602362666626803e-02
1.544000000000000000e+03,2.238784223820011743e-02,4.477568447640023486e-02,6.716352671459535628e-02,8.955136895280046971e-02
1.544500000000000000e+03,2.235672188880916122e-02,4.471344377761832245e-02,6.707016566642354238e-02,8.942688755523664490e-02
1.545000000000000000e+03,2.232564479860055240e-02,4.465128959720110480e-02,6.697693439579788244e-02,8.930257919440220959e-02
1.545500000000000000e+03,2.229461090712192561e-02,4.458922181424385123e-02,6.688383272135889346e-02,8.917844362848770245e-02
1.546000000000000000e+03,2.226362015464039557e-02,4.452724030928079113e-02,6.679086046391513598e-02,8.905448061856158226e-02
1.546500000000000000e+03,2.223267248087590353e-02,4.446534496175180706e-02,6.669801744262149334e-02,8.893068992350361412e-02
1.547000000000000000e+03,2.220176782626015477e-02,4.440353565252030954e-02,6.660530347877335888e-02,8.880707130504061908e-02
1.547500000000000000e+03,2.217090613068328775e-02,4.434181226136657550e-02,6.651271839204198066e-02,8.868362452273315100e-02
1.548000000000000000e+03,2.214008733473749047e-02,4.428017466947498093e-02,6.642026200420836357e-02,8.856034933894996186e-02
1.548500000000000000e+03,2.210931137848537453e-02,4.421862275697074907e-02,6.632793413545268191e-02,8.843724551394149813e-02
1.549000000000000000e+03,2.207857820267894455e-02,4.415715640535788911e-02,6.623573460803222623e-02,8.831431281071577821e-02
1.549500000000000000e+03,2.204788774755289671e-02,4.409577549510579342e-02,6.614366324265052999e-02,8.819155099021158684e-02
1.550000000000000000e+03,2.201723995401744238e-02,4.403447990803488477e-02,6.605171986204783074e-02,8.806895981606976953e-02
1.550500000000000000e+03,2.198663476247791904e-02,4.397326952495583807e-02,6.595990428742948275e-02,8.794653904991167614e-02
1.551000000000000000e+03,2.195607211400724124e-02,4.391214422801448247e-02,6.586821634201911468e-02,8.782428845602896494e-02
1.551500000000000000e+03,2.192555194917861217e-02,4.385110389835722433e-02,6.577665584753156214e-02,8.770220779671444866e-02
1.552000000000000000e+03,2.189507420922393033e-02,4.379014841844786066e-02,6.568522262766851583e-02,8.758029683689572131e-02
1.552500000000000000e+03,2.186463883488592996e-02,4.372927766977185993e-02,6.559391650465173917e-02,8.745855533954371985e-02
1.553000000000000000e+03,2.183424576755660373e-02,4.366849153511320747e-02,6.550273730266586991e-02,8.733698307022641494e-02
1.553500000000000000e+03,2.180389494814582996e-02,4.360778989629165991e-02,6.541168484443071751e-02,8.721557979258331983e-02
1.554000000000000000e+03,2.177358631820452972e-02,4.354717263640905944e-02,6.532075895461186832e-02,8.709434527281811889e-02
1.554500000000000000e+03,2.174331981881388876e-02,4.348663963762777751e-02,6.522995945643483839e-02,8.697327927525555502e-02
1.555000000000000000e+03,2.171309539168020386e-02,4.342619078336040772e-02,6.513928617503583762e-02,8.685238156672081544e-02
1.555500000000000000e+03,2.168291297805119422e-02,4.336582595610238844e-02,6.504873893414420127e-02,8.673165191220477688e-02
1.556000000000000000e+03,2.165277251979397244e-02,4.330554503958794488e-02,6.495831755937531149e-02,8.661109007917588976e-02
1.556500000000000000e+03,2.162267395832173644e-02,4.324534791664347289e-02,6.486802187495821492e-02,8.649069583328694577e-02
1.557000000000000000e+03,2.159261723566041624e-02,4.318523447132083248e-02,6.477785170697891726e-02,8.637046894264166497e-02
1.557500000000000000e+03,2.156260229338957668e-02,4.312520458677915336e-02,6.468780688016395608e-02,8.625040917355830672e-02
1.558000000000000000e+03,2.153262907369274393e-02,4.306525814738548785e-02,6.459788722107495662e-02,8.613051629477097570e-02
1.558500000000000000e+03,2.150269751831274112e-02,4.300539503662548224e-02,6.450809255493539229e-02,8.601079007325096448e-02
1.559000000000000000e+03,2.147280756959324410e-02,4.294561513918648821e-02,6.441842270877751186e-02,8.589123027837297641e-02
1.559500000000000000e+03,2.144295916944088942e-02,4.288591833888177884e-02,6.432887750832039231e-02,8.577183667776355769e-02
1.560000000000000000e+03,2.141315226035667152e-02,4.282630452071334304e-02,6.423945678106968149e-02,8.565260904142668608e-02
1.560500000000000000e+03,2.138338678441309426e-02,4.276677356882618852e-02,6.415016035323839461e-02,8.553354713765237705e-02
1.561000000000000000e+03,2.135366268426591718e-02,4.270732536853183436e-02,6.406098805279547559e-02,8.541465073706366873e-02
1.561500000000000000e+03,2.132397990215184613e-02,4.264795980430369227e-02,6.397193970645276284e-02,8.529591960860738453e-02
1.562000000000000000e+03,2.129433838088229392e-02,4.258867676176458783e-02,6.388301514264693726e-02,8.517735352352917566e-02
1.562500000000000000e+03,2.126473806286033330e-02,4.252947612572066660e-02,6.379421418857555981e-02,8.505895225144133320e-02
1.563000000000000000e+03,2.123517889105019929e-02,4.247035778210039858e-02,6.370553667314871049e-02,8.494071556420079716e-02
1.563500000000000000e+03,2.120566080801883357e-02,4.241132161603766715e-02,6.361698242405322556e-02,8.482264323207533430e-02
1.564000000000000000e+03,2.117618375688734567e-02,4.235236751377469133e-02,6.352855127065937246e-02,8.470473502754938266e-02
1.564500000000000000e+03,2.114674768038377062e-02,4.229349536076754124e-02,6.344024304114637136e-02,8.458699072153508247e-02
1.565000000000000000e+03,2.111735252178431610e-02,4.223470504356863220e-02,6.335205756535122745e-02,8.446941008713726440e-02
1.565500000000000000e+03,2.108799822397927626e-02,4.217599644795855252e-02,6.326399467193433157e-02,8.435199289591710503e-02
1.566000000000000000e+03,2.105868473040012345e-02,4.211736946080024691e-02,6.317605419119731724e-02,8.423473892160049381e-02
1.566500000000000000e+03,2.102941198409841173e-02,4.205882396819682345e-02,6.308823595229129388e-02,8.411764793639364690e-02
1.567000000000000000e+03,2.100017992865871319e-02,4.200035985731742638e-02,6.300053978597530691e-02,8.400071971463485276e-02
1.567500000000000000e+03,2.097098850729517405e-02,4.194197701459034811e-02,6.291296552188363478e-02,8.388395402918069621e-02
1.568000000000000000e+03,2.094183766374552169e-02,4.188367532749104338e-02,6.282551299123695365e-02,8.376735065498208677e-02
1.568500000000000000e+03,2.091272734138521772e-02,4.182545468277043543e-02,6.273818202415226697e-02,8.365090936554087087e-02
1.569000000000000000e+03,2.088365748410481171e-02,4.176731496820962342e-02,6.265097245231310286e-02,8.353462993641924683e-02
1.569500000000000000e+03,2.085462803543963739e-02,4.170925607087927478e-02,6.256388410631641417e-02,8.341851214175854956e-02
1.570000000000000000e+03,2.082563893943384370e-02,4.165127787886768740e-02,6.247691681830058741e-02,8.330255575773537480e-02
1.570500000000000000e+03,2.079669013978241443e-02,4.159338027956482886e-02,6.239007041934296893e-02,8.318676055912965772e-02
1.571000000000000000e+03,2.076778158068254276e-02,4.153556316136508553e-02,6.230334474204490824e-02,8.307112632273017105e-02
1.571500000000000000e+03,2.073891320598753030e-02,4.147782641197506059e-02,6.221673961795670671e-02,8.295565282395012119e-02
1.572000000000000000e+03,2.071008496004700383e-02,4.142016992009400767e-02,6.213025488013801390e-02,8.284033984018801533e-02
1.572500000000000000e+03,2.068129678687330442e-02,4.136259357374660883e-02,6.204389036061352947e-02,8.272518714749321767e-02
1.573000000000000000e+03,2.065254863096788185e-02,4.130509726193576370e-02,6.195764589289798341e-02,8.261019452387152739e-02
1.573500000000000000e+03,2.062384043650022925e-02,4.124768087300045849e-02,6.187152130949546969e-02,8.249536174600091698e-02
1.574000000000000000e+03,2.059517214812556229e-02,4.119034429625112459e-02,6.178551644437157986e-02,8.238068859250224918e-02
1.574500000000000000e+03,2.056654371017024863e-02,4.113308742034049725e-02,6.169963113050591641e-02,8.226617484068099451e-02
1.575000000000000000e+03,2.053795506743982813e-02,4.107591013487965625e-02,6.161386520231593167e-02,8.215182026975931251e-02
1.575500000000000000e+03,2.050940616441859765e-02,4.101881232883719530e-02,6.152821849325185166e-02,8.203762465767439060e-02
1.576000000000000000e+03,2.048089694606308742e-02,4.096179389212617483e-02,6.144269083818476584e-02,8.192358778425234966e-02
1.576500000000000000e+03,2.045242735701319203e-02,4.090485471402638407e-02,6.135728207103474663e-02,8.180970942805276813e-02
1.577000000000000000e+03,2.042399734237670961e-02,4.084799468475341921e-02,6.127199202712729775e-02,8.169598936950683843e-02
1.577500000000000000e+03,2.039560684695013171e-02,4.079121369390026342e-02,6.118682054084734201e-02,8.158242738780052683e-02
1.578000000000000000e+03,2.036725581599058144e-02,4.073451163198116287e-02,6.110176744796858017e-02,8.146902326396232574e-02
1.578500000000000000e+03,2.033894419445125834e-02,4.067788838890251668e-02,6.101683258335188764e-02,8.135577677780503336e-02
1.579000000000000000e+03,2.031067192773788888e-02,4.062134385547577775e-02,6.093201578321261191e-02,8.124268771095155550e-02
1.579500000000000000e+03,2.028243896095954790e-02,4.056487792191909580e-02,6.084731688287836615e-02,8.112975584383819161e-02
1.580000000000000000e+03,2.025424523967167545e-02,4.050849047934335090e-02,6.076273571901502635e-02,8.101698095868670180e-02
1.580500000000000000e+03,2.022609070913766738e-02,4.045218141827533476e-02,6.067827212741172538e-02,8.090436283655066951e-02
1.581000000000000000e+03,2.019797531506178911e-02,4.039595063012357823e-02,6.059392594518586694e-02,8.079190126024715646e-02
1.581500000000000000e+03,2.016989900286192405e-02,4.033979800572384811e-02,6.050969700858388478e-02,8.067959601144769621e-02
1.582000000000000000e+03,2.014186171839144057e-02,4.028372343678288114e-02,6.042558515517348905e-02,8.056744687356576229e-02
1.582500000000000000e+03,2.011386340722115529e-02,4.022772681444231058e-02,6.034159022165996866e-02,8.045545362888462115e-02
1.583000000000000000e+03,2.008590401535287340e-02,4.017180803070574679e-02,6.025771204605701037e-02,8.034361606141149359e-02
1.583500000000000000e+03,2.005798348851123292e-02,4.011596697702246583e-02,6.017395046553042359e-02,8.023193395404493167e-02
1.584000000000000000e+03,2.003010177284542115e-02,4.006020354569084230e-02,6.009030531853420953e-02,8.012040709138168459e-02
1.584500000000000000e+03,2.000225881423384200e-02,4.000451762846768400e-02,6.000677644269869493e-02,8.000903525693536800e-02
1.585000000000000000e+03,1.997445455897217670e-02,3.994890911794435340e-02,5.992336367691697419e-02,7.989781823588870679e-02
1.585500000000000000e+03,1.994668895309209544e-02,3.989337790618419088e-02,5.984006685927489855e-02,7.978675581236838177e-02
1.586000000000000000e+03,1.991896194303621748e-02,3.983792388607243495e-02,5.975688582910887447e-02,7.967584777214486991e-02
1.586500000000000000e+03,1.989127347498748088e-02,3.978254694997496177e-02,5.967382042496105488e-02,7.956509389994992354e-02
1.587000000000000000e+03,1.986362349553633111e-02,3.972724699107266222e-02,5.959087048660838271e-02,7.945449398214532444e-02
1.587500000000000000e+03,1.983601195101675208e-02,3.967202390203350415e-02,5.950803585304653698e-02,7.934404780406700830e-02
1.588000000000000000e+03,1.980843878816579418e-02,3.961687757633158835e-02,5.942531636449410737e-02,7.923375515266317670e-02
1.588500000000000000e+03,1.978090395346732144e-02,3.956180790693464289e-02,5.934271186039941082e-02,7.912361581386928577e-02
1.589000000000000000e+03,1.975340739380510025e-02,3.950681478761020049e-02,5.926022218141469011e-02,7.901362957522040098e-02
1.589500000000000000e+03,1.972594905581515068e-02,3.945189811163030136e-02,5.917784716744323159e-02,7.890379622326060272e-02
1.590000000000000000e+03,1.969852888652479095e-02,3.939705777304958190e-02,5.909558665957403978e-02,7.879411554609916379e-02
1.590500000000000000e+03,1.967114683272114251e-02,3.934229366544228501e-02,5.901344049816303894e-02,7.868458733088457002e-02
1.591000000000000000e+03,1.964380284157696277e-02,3.928760568315392554e-02,5.893140852473066627e-02,7.857521136630785108e-02
1.591500000000000000e+03,1.961649686002819859e-02,3.923299372005639718e-02,5.884949058008392964e-02,7.846598744011279436e-02
1.592000000000000000e+03,1.958922883539360171e-02,3.917845767078720343e-02,5.876768650617925083e-02,7.835691534157440685e-02
1.592500000000000000e+03,1.956199871475783336e-02,3.912399742951566672e-02,5.868599614427161271e-02,7.824799485903133345e-02
1.593000000000000000e+03,1.953480644558408530e-02,3.906961289116817060e-02,5.860441933675064607e-02,7.813922578233634120e-02
1.593500000000000000e+03,1.950765197510606619e-02,3.901530395021213238e-02,5.852295592531697732e-02,7.803060790042426476e-02
1.594000000000000000e+03,1.948053525093024207e-02,3.896107050186048415e-02,5.844160575279089276e-02,7.792214100372096830e-02
1.594500000000000000e+03,1.945345622044036826e-02,3.890691244088073653e-02,5.836036866131866230e-02,7.781382488176147305e-02
1.595000000000000000e+03,1.942641483138557446e-02,3.885282966277114891e-02,5.827924449415633479e-02,7.770565932554229782e-02
1.595500000000000000e+03,1.939941103129766420e-02,3.879882206259532840e-02,5.819823309389182686e-02,7.759764412519065679e-02
1.596000000000000000e+03,1.937244476806954108e-02,3.874488953613908215e-02,5.811733430420829016e-02,7.748977907227816431e-02
1.596500000000000000e+03,1.934551598938061279e-02,3.869103197876122557e-02,5.803654796814050609e-02,7.738206395752245115e-02
1.597000000000000000e+03,1.931862464326589146e-02,3.863724928653178292e-02,5.795587392979695274e-02,7.727449857306356584e-02
1.597500000000000000e+03,1.929177067755227792e-02,3.858354135510455585e-02,5.787531203265594559e-02,7.716708271020911170e-02
1.598000000000000000e+03,1.926495404041711490e-02,3.852990808083422980e-02,5.779486212125284350e-02,7.705981616166845960e-02
1.598500000000000000e+03,1.923817467983579554e-02,3.847634935967159109e-02,5.771452403950871890e-02,7.695269871934318218e-02
1.599000000000000000e+03,1.921143254412654988e-02,3.842286508825309976e-02,5.763429763238470116e-02,7.684573017650619953e-02
1.599500000000000000e+03,1.918472758141021028e-02,3.836945516282042057e-02,5.755418274423229619e-02,7.673891032564084114e-02
1.600000000000000000e+03,1.915805974014761492e-02,3.831611948029522985e-02,5.747417922044772975e-02,7.663223896059045970e-02
1.600500000000000000e+03,1.913142896860647868e-02,3.826285793721295736e-02,5.739428690582093484e-02,7.652571587442591472e-02
1.601000000000000000e+03,1.910483521538819396e-02,3.820967043077638792e-02,5.731450564616735743e-02,7.641934086155277583e-02
1.601500000000000000e+03,1.907827842890474912e-02,3.815655685780949824e-02,5.723483528671746701e-02,7.631311371561899648e-02
1.602000000000000000e+03,1.905175855790020023e-02,3.810351711580040046e-02,5.715527567370548567e-02,7.620703423160080092e-02
1.602500000000000000e+03,1.902527555093180833e-02,3.805055110186361667e-02,5.707582665279764544e-02,7.610110220372723333e-02
1.603000000000000000e+03,1.899882935688301799e-02,3.799765871376603599e-02,5.699648807065416101e-02,7.599531742753207197e-02
1.603500000000000000e+03,1.897241992445686254e-02,3.794483984891372508e-02,5.691725977337269704e-02,7.588967969782745016e-02
1.604000000000000000e+03,1.894604720267650810e-02,3.789209440535301621e-02,5.683814160803313253e-02,7.578418881070603241e-02
1.604500000000000000e+03,1.891971114038842883e-02,3.783942228077685765e-02,5.675913342116800653e-02,7.567884456155371531e-02
1.605000000000000000e+03,1.889341168675667815e-02,3.778682337351335629e-02,5.668023506027464187e-02,7.557364674702671259e-02
1.605500000000000000e+03,1.886714879077200369e-02,3.773429758154400737e-02,5.660144637231667719e-02,7.546859516308801474e-02
1.606000000000000000e+03,1.884092240173745880e-02,3.768184480347491760e-02,5.652276720521476339e-02,7.536368960694983521e-02
1.606500000000000000e+03,1.881473246878656580e-02,3.762946493757313160e-02,5.644419740636119620e-02,7.525892987514626320e-02
1.607000000000000000e+03,1.878857894136265472e-02,3.757715788272530943e-02,5.636573682409129482e-02,7.515431576545061887e-02
1.607500000000000000e+03,1.876246176874057925e-02,3.752492353748115850e-02,5.628738530622512393e-02,7.504984707496231700e-02
1.608000000000000000e+03,1.873638090050472327e-02,3.747276180100944654e-02,5.620914270151888825e-02,7.494552360201889307e-02
1.608500000000000000e+03,1.871033628607210453e-02,3.742067257214420906e-02,5.613100885821764585e-02,7.484134514428841811e-02
1.609000000000000000e+03,1.868432787516333127e-02,3.736865575032666253e-02,5.605298362549315794e-02,7.473731150065332507e-02
1.609500000000000000e+03,1.865835561733936165e-02,3.731671123467872331e-02,5.597506685201858456e-02,7.463342246935744662e-02
1.610000000000000000e+03,1.863241946245916547e-02,3.726483892491833094e-02,5.589725838737880093e-02,7.452967784983666188e-02
1.610500000000000000e+03,1.860651936022428288e-02,3.721303872044856575e-02,5.581955808067395886e-02,7.442607744089713151e-02
1.611000000000000000e+03,1.858065526063160111e-02,3.716131052126320222e-02,5.574196578189594131e-02,7.432262104252640444e-02
1.611500000000000000e+03,1.855482711352465786e-02,3.710965422704931571e-02,5.566448134057366826e-02,7.421930845409863142e-02
1.612000000000000000e+03,1.852903486903759167e-02,3.705806973807518334e-02,5.558710460711258072e-02,7.411613947615036668e-02
1.612500000000000000e+03,1.850327847715391161e-02,3.700655695430782322e-02,5.550983543146181809e-02,7.401311390861564643e-02
1.613000000000000000e+03,1.847755788814570144e-02,3.695511577629140287e-02,5.543267366443982436e-02,7.391023155258280575e-02
1.613500000000000000e+03,1.845187305213685791e-02,3.690374610427371582e-02,5.535561915641129538e-02,7.380749220854743164e-02
1.614000000000000000e+03,1.842622391953610550e-02,3.685244783907221100e-02,5.527867175860878834e-02,7.370489567814442200e-02
1.614500000000000000e+03,1.840061044060711803e-02,3.680122088121423607e-02,5.520183132182210350e-02,7.360244176242847214e-02
1.615000000000000000e+03,1.837503256589559375e-02,3.675006513179118750e-02,5.512509769768703105e-02,7.350013026358237500e-02
1.615500000000000000e+03,1.834949024580292964e-02,3.669898049160585929e-02,5.504847073740981589e-02,7.339796098321171858e-02
1.616000000000000000e+03,1.832398343101243610e-02,3.664796686202487219e-02,5.497195029303925118e-02,7.329593372404974438e-02
1.616500000000000000e+03,1.829851207206506514e-02,3.659702414413013027e-02,5.489553621619791546e-02,7.319404828826026055e-02
1.617000000000000000e+03,1.827307611977901924e-02,3.654615223955803849e-02,5.481922835934005533e-02,7.309230447911607698e-02
1.617500000000000000e+03,1.824767552483433364e-02,3.649535104966866728e-02,5.474302657450469400e-02,7.299070209933733455e-02
1.618000000000000000e+03,1.822231023818338125e-02,3.644462047636676250e-02,5.466693071455064334e-02,7.288924095273352499e-02
1.618500000000000000e+03,1.819698021064572457e-02,3.639396042129144915e-02,5.459094063193603574e-02,7.278792084258289830e-02
1.619000000000000000e+03,1.817168539330835109e-02,3.634337078661670217e-02,5.451505617992435937e-02,7.268674157323340435e-02
1.619500000000000000e+03,1.814642573712876850e-02,3.629285147425753699e-02,5.443927721138563935e-02,7.258570294851507398e-02
1.620000000000000000e+03,1.812120119332863433e-02,3.624240238665726865e-02,5.436360357998459847e-02,7.248480477331453731e-02
1.620500000000000000e+03,1.809601171300270761e-02,3.619202342600541522e-02,5.428803513900648525e-02,7.238404685201083044e-02
1.621000000000000000e+03,1.807085724750739919e-02,3.614171449501479838e-02,5.421257174252136490e-02,7.228342899002959676e-02
1.621500000000000000e+03,1.804573774807471942e-02,3.609147549614943884e-02,5.413721324422338110e-02,7.218295099229887768e-02
1.622000000000000000e+03,1.802065316619397284e-02,3.604130633238794568e-02,5.406195949858383365e-02,7.208261266477589135e-02
1.622500000000000000e+03,1.799560345323450439e-02,3.599120690646900877e-02,5.398681035970476216e-02,7.198241381293801755e-02
1.623000000000000000e+03,1.797058856081948375e-02,3.594117712163896750e-02,5.391176568245981127e-02,7.188235424327793499e-02
1.623500000000000000e+03,1.794560844045375858e-02,3.589121688090751716e-02,5.383682532136446763e-02,7.178243376181503432e-02
1.624000000000000000e+03,1.792066304389491882e-02,3.584132608778983764e-02,5.376198913168628302e-02,7.168265217557967528e-02
1.624500000000000000e+03,1.789575232278262096e-02,3.579150464556524192e-02,5.368725696834897310e-02,7.158300929113048383e-02
1.625000000000000000e+03,1.787087622900754291e-02,3.574175245801508582e-02,5.361262868702265649e-02,7.148350491603017165e-02
1.625500000000000000e+03,1.784603471434509370e-02,3.569206942869018739e-02,5.353810414303594722e-02,7.138413885738037479e-02
1.626000000000000000e+03,1.782122773081742939e-02,3.564245546163485878e-02,5.346368319245498046e-02,7.128491092326971756e-02
1.626500000000000000e+03,1.779645523033687726e-02,3.559291046067375452e-02,5.338936569101382368e-02,7.118582092134750905e-02
1.627000000000000000e+03,1.777171716505715482e-02,3.554343433011430964e-02,5.331515149517473962e-02,7.108686866022861928e-02
1.627500000000000000e+03,1.774701348702428794e-02,3.549402697404857587e-02,5.324104046107525079e-02,7.098805394809715175e-02
1.628000000000000000e+03,1.772234414852502660e-02,3.544468829705005319e-02,5.316703244557730024e-02,7.088937659410010639e-02
1.628500000000000000e+03,1.769770910173920631e-02,3.539541820347841261e-02,5.309312730521853485e-02,7.079083640695682522e-02
1.629000000000000000e+03,1.767310829908491643e-02,3.534621659816983286e-02,5.301932489725602604e-02,7.069243319633966571e-02
1.629500000000000000e+03,1.764854169287602415e-02,3.529708338575204829e-02,5.294562507862876632e-02,7.059416677150409658e-02
1.630000000000000000e+03,1.762400923566181943e-02,3.524801847132363886e-02,5.287202770698584686e-02,7.049603694264727771e-02
1.630500000000000000e+03,1.759951087988981255e-02,3.519902175977962511e-02,5.279853263967004828e-02,7.039804351955925021e-02
1.631000000000000000e+03,1.757504657823949490e-02,3.515009315647898980e-02,5.272513973472270354e-02,7.030018631295797960e-02
1.631500000000000000e+03,1.755061628329218637e-02,3.510123256658437274e-02,5.265184884988072245e-02,7.020246513316874548e-02
1.632000000000000000e+03,1.752621994785780180e-02,3.505243989571560359e-02,5.257865984357856792e-02,7.010487979143120718e-02
1.632500000000000000e+03,1.750185752465044375e-02,3.500371504930088751e-02,5.250557257395604971e-02,7.000743009860177501e-02
1.633000000000000000e+03,1.747752896660950683e-02,3.495505793321901367e-02,5.243258689983387733e-02,6.991011586643802733e-02
1.633500000000000000e+03,1.745323422658184853e-02,3.490646845316369706e-02,5.235970267975187387e-02,6.981293690632739413e-02
1.634000000000000000e+03,1.742897325763692606e-02,3.485794651527385213e-02,5.228691977291610726e-02,6.971589303054770426e-02
1.634500000000000000e+03,1.740474601275346367e-02,3.480949202550692734e-02,5.221423803826374943e-02,6.961898405101385467e-02
1.635000000000000000e+03,1.738055244512967668e-02,3.476110489025935335e-02,5.214165733539255498e-02,6.952220978051870670e-02
1.635500000000000000e+03,1.735639250787604504e-02,3.471278501575209008e-02,5.206917752363127150e-02,6.942557003150418016e-02
1.636000000000000000e+03,1.733226615432062467e-02,3.466453230864124935e-02,5.199679846296423325e-02,6.932906461728249869e-02
1.636500000000000000e+03,1.730817333770415245e-02,3.461634667540830490e-02,5.192452001311609333e-02,6.923269335081660980e-02
1.637000000000000000e+03,1.728411401148466364e-02,3.456822802296932728e-02,5.185234203445610035e-02,6.913645604593865457e-02
1.637500000000000000e+03,1.726008812903231937e-02,3.452017625806463874e-02,5.178026438709881774e-02,6.904035251612927748e-02
1.638000000000000000e+03,1.723609564393449589e-02,3.447219128786899178e-02,5.170828693180462565e-02,6.894438257573798357e-02
1.638500000000000000e+03,1.721213650969125042e-02,3.442427301938250084e-02,5.163640952907644355e-02,6.884854603876500168e-02
1.639000000000000000e+03,1.718821068001774588e-02,3.437642136003549176e-02,5.156463204005590217e-02,6.875284272007098352e-02
1.639500000000000000e+03,1.716431810854618378e-02,3.432863621709236757e-02,5.149295432563993913e-02,6.865727243418473513e-02
1.640000000000000000e+03,1.714045874911682144e-02,3.428091749823364287e-02,5.142137624735088064e-02,6.856183499646728574e-02
1.640500000000000000e+03,1.711663255549242257e-02,3.423326511098484515e-02,5.134989766647712894e-02,6.846653022196969030e-02
1.641000000000000000e+03,1.709283948164075362e-02,3.418567896328150724e-02,5.127851844492392619e-02,6.837135792656301447e-02
1.641500000000000000e+03,1.706907948145425236e-02,3.413815896290850471e-02,5.120723844436492200e-02,6.827631792581700942e-02
1.642000000000000000e+03,1.704535250902741716e-02,3.409070501805483433e-02,5.113605752708405561e-02,6.818141003610966866e-02
1.642500000000000000e+03,1.702165851838147170e-02,3.404331703676294341e-02,5.106497555514577513e-02,6.808663407352588681e-02
1.643000000000000000e+03,1.699799746373795162e-02,3.399599492747590324e-02,5.099399239121471528e-02,6.799198985495180647e-02
1.643500000000000000e+03,1.697436929924611704e-02,3.394873859849223408e-02,5.092310789774001645e-02,6.789747719698446815e-02
1.644000000000000000e+03,1.695077397925373597e-02,3.390154795850747194e-02,5.085232193776467735e-02,6.780309591701494387e-02
1.644500000000000000e+03,1.692721145803915972e-02,3.385442291607831944e-02,5.078163437412219761e-02,6.770884583215663888e-02
1.645000000000000000e+03,1.690368169007666621e-02,3.380736338015333242e-02,5.071104507023227459e-02,6.761472676030666484e-02
1.645500000000000000e+03,1.688018462977092238e-02,3.376036925954184476e-02,5.064055388931487656e-02,6.752073851908368951e-02
1.646000000000000000e+03,1.685672023172204992e-02,3.371344046344409984e-02,5.057016069516728773e-02,6.742688092688819967e-02
1.646500000000000000e+03,1.683328845046241917e-02,3.366657690092483834e-02,5.049986535139039390e-02,6.733315380184967669e-02
1.647000000000000000e+03,1.680988924071785684e-02,3.361977848143571368e-02,5.042966772215617954e-02,6.723955696287142736e-02
1.647500000000000000e+03,1.678652255714807584e-02,3.357304511429615168e-02,5.035956767144877944e-02,6.714609022859230336e-02
1.648000000000000000e+03,1.676318835460327561e-02,3.352637670920655122e-02,5.028956506381465630e-02,6.705275341841310244e-02
1.648500000000000000e+03,1.673988658787040062e-02,3.347977317574080125e-02,5.021965976361575379e-02,6.695954635148160250e-02
1.649000000000000000e+03,1.671661721192338468e-02,3.343323442384676936e-02,5.014985163577434513e-02,6.686646884769353871e-02
1.649500000000000000e+03,1.669338018167637605e-02,3.338676036335275210e-02,5.008014054503207024e-02,6.677352072670550420e-02
1.650000000000000000e+03,1.667017545222762576e-02,3.334035090445525151e-02,5.001052635668568058e-02,6.668070180891050303e-02
1.650500000000000000e+03,1.664700297861673728e-02,3.329400595723347456e-02,4.994100893585273759e-02,6.658801191446694911e-02
1.651000000000000000e+03,1.662386271606680621e-02,3.324772543213361242e-02,4.987158814820258357e-02,6.649545086426722484e-02
1.651500000000000000e+03,1.660075461974194755e-02,3.320150923948389510e-02,4.980226385922825738e-02,6.640301847896779019e-02
1.652000000000000000e+03,1.657767864498971289e-02,3.315535728997942577e-02,4.973303593497202524e-02,6.631071457995885154e-02
1.652500000000000000e+03,1.655463474710017202e-02,3.310926949420034404e-02,4.966390424130195935e-02,6.621853898840068808e-02
1.653000000000000000e+03,1.653162288154275128e-02,3.306324576308550256e-02,4.959486864463180655e-02,6.612649152617100512e-02
1.653500000000000000e+03,1.650864300373341975e-02,3.301728600746683950e-02,4.952592901120256297e-02,6.603457201493367901e-02
1.654000000000000000e+03,1.648569506926414463e-02,3.297139013852828926e-02,4.945708520779179551e-02,6.594278027705657852e-02
1.654500000000000000e+03,1.646277903367515671e-02,3.292555806735031343e-02,4.938833710102452645e-02,6.585111613470062686e-02
1.655000000000000000e+03,1.643989485268174122e-02,3.287978970536348244e-02,4.931968455804480733e-02,6.575957941072696489e-02
1.655500000000000000e+03,1.641704248194830740e-02,3.283408496389661479e-02,4.925112744584381197e-02,6.566816992779322959e-02
1.656000000000000000e+03,1.639422187731237601e-02,3.278844375462475202e-02,4.918266563193673946e-02,6.557688750924950405e-02
1.656500000000000000e+03,1.637143299456231271e-02,3.274286598912462543e-02,4.911429898368480096e-02,6.548573197824925085e-02
1.657000000000000000e+03,1.634867578965726320e-02,3.269735157931452640e-02,4.904602736897012427e-02,6.539470315862905281e-02
1.657500000000000000e+03,1.632595021850916095e-02,3.265190043701832190e-02,4.897785065552640038e-02,6.530380087403664380e-02
1.658000000000000000e+03,1.630325623719930395e-02,3.260651247439860789e-02,4.890976871159746775e-02,6.521302494879721579e-02
1.658500000000000000e+03,1.628059380176280491e-02,3.256118760352560981e-02,4.884178140528672163e-02,6.512237520705121963e-02
1.659000000000000000e+03,1.625796286840139326e-02,3.251592573680278653e-02,4.877388860520637248e-02,6.503185147360557306e-02
1.659500000000000000e+03,1.623536339327422140e-02,3.247072678654844280e-02,4.870609017982152622e-02,6.494145357309688560e-02
1.660000000000000000e+03,1.621279533270283957e-02,3.242559066540567914e-02,4.863838599810876850e-02,6.485118133081135827e-02
1.660500000000000000e+03,1.619025864296905204e-02,3.238051728593810408e-02,4.857077592890679529e-02,6.476103457187620815e-02
1.661000000000000000e+03,1.616775328051628380e-02,3.233550656103256760e-02,4.850325984155179349e-02,6.467101312206513519e-02
1.661500000000000000e+03,1.614527920174685383e-02,3.229055840349370765e-02,4.843583760524272641e-02,6.458111680698741530e-02
1.662000000000000000e+03,1.612283636322592306e-02,3.224567272645184612e-02,4.836850908967893492e-02,6.449134545290369225e-02
1.662500000000000000e+03,1.610042472147726889e-02,3.220084944295453777e-02,4.830127416443341648e-02,6.440169888590907554e-02
1.663000000000000000e+03,1.607804423318501263e-02,3.215608846637002527e-02,4.823413269955589833e-02,6.431217693274005054e-02
1.663500000000000000e+03,1.605569485499497295e-02,3.211138970998994591e-02,4.816708456498730584e-02,6.422277941997989181e-02
1.664000000000000000e+03,1.603337654371214671e-02,3.206675308742429342e-02,4.810012963113818873e-02,6.413350617484858684e-02
1.664500000000000000e+03,1.601108925610197908e-02,3.202217851220395817e-02,4.803326776830951772e-02,6.404435702440791633e-02
1.665000000000000000e+03,1.598883294908892694e-02,3.197766589817785388e-02,4.796649884727011148e-02,6.395533179635570775e-02
1.665500000000000000e+03,1.596660757955983834e-02,3.193321515911967667e-02,4.789982273868242935e-02,6.386643031823935335e-02
1.666000000000000000e+03,1.594441310455754768e-02,3.188882620911509536e-02,4.783323931367544635e-02,6.377765241823019071e-02
1.666500000000000000e+03,1.592224948108988958e-02,3.184449896217977916e-02,4.776674844327155611e-02,6.368899792435955831e-02
1.667000000000000000e+03,1.590011666631832576e-02,3.180023333263665153e-02,4.770034999895833572e-02,6.360046666527330306e-02
1.667500000000000000e+03,1.587801461737056719e-02,3.175602923474113437e-02,4.763404385211356118e-02,6.351205846948226874e-02
1.668000000000000000e+03,1.585594329152598125e-02,3.171188658305196251e-02,4.756782987458241241e-02,6.342377316610392501e-02
1.668500000000000000e+03,1.583390264603337649e-02,3.166780529206675299e-02,4.750170793810304382e-02,6.333561058413350597e-02
1.669000000000000000e+03,1.581189263828924885e-02,3.162378527657849769e-02,4.743567791487157681e-02,6.324757055315699539e-02
1.669500000000000000e+03,1.578991322566108968e-02,3.157982645132217936e-02,4.736973967698598909e-02,6.315965290264435872e-02
1.670000000000000000e+03,1.576796436566432758e-02,3.153592873132865515e-02,4.730389309699745137e-02,6.307185746265731030e-02
1.670500000000000000e+03,1.574604601578497021e-02,3.149209203156994041e-02,4.723813804735932376e-02,6.298418406313988083e-02
1.671000000000000000e+03,1.572415813365654613e-02,3.144831626731309226e-02,4.717247440097405153e-02,6.289663253462618453e-02
1.671500000000000000e+03,1.570230067688319076e-02,3.140460135376638151e-02,4.710690203065326376e-02,6.280920270753276302e-02
1.672000000000000000e+03,1.568047360321556116e-02,3.136094720643112232e-02,4.704142080965023620e-02,6.272189441286224465e-02
1.672500000000000000e+03,1.565867687037600375e-02,3.131735374075200751e-02,4.697603061113109213e-02,6.263470748150401501e-02
1.673000000000000000e+03,1.563691043623186006e-02,3.127382087246372011e-02,4.691073130870015984e-02,6.254764174492744022e-02
1.673500000000000000e+03,1.561517425862407604e-02,3.123034851724815208e-02,4.684552277587605840e-02,6.246069703449630417e-02
1.674000000000000000e+03,1.559346829553664993e-02,3.118693659107329985e-02,4.678040488661427965e-02,6.237387318214659970e-02
1.674500000000000000e+03,1.557179250492748968e-02,3.114358500985497935e-02,4.671537751478604950e-02,6.228717001970995870e-02
1.675000000000000000e+03,1.555014684489694488e-02,3.110029368979388975e-02,4.665044053469391550e-02,6.220058737958777950e-02
1.675500000000000000e+03,1.552853127352044060e-02,3.105706254704088121e-02,4.658559382056393083e-02,6.211412509408176241e-02
1.676000000000000000e+03,1.550694574901392842e-02,3.101389149802785683e-02,4.652083724704503265e-02,6.202778299605571366e-02
1.676500000000000000e+03,1.548539022957012845e-02,3.097078045914025690e-02,4.645617068871366051e-02,6.194156091828051380e-02
1.677000000000000000e+03,1.546386467352089955e-02,3.092772934704179910e-02,4.639159402056536319e-02,6.185545869408359820e-02
1.677500000000000000e+03,1.544236903917495241e-02,3.088473807834990481e-02,4.632710711752829891e-02,6.176947615669980962e-02
1.678000000000000000e+03,1.542090328497949803e-02,3.084180656995899605e-02,4.626270985494229659e-02,6.168361313991799211e-02
1.678500000000000000e+03,1.539946736935962623e-02,3.079893473871925247e-02,4.619840210808301428e-02,6.159786947743850494e-02
1.679000000000000000e+03,1.537806125087778919e-02,3.075612250175557838e-02,4.613418375263733662e-02,6.151224500351115676e-02
1.679500000000000000e+03,1.535668488807556686e-02,3.071336977615113373e-02,4.607005466422753326e-02,6.142673955230226746e-02
1.680000000000000000e+03,1.533533823962823783e-02,3.067067647925647567e-02,4.600601471888721150e-02,6.134135295851295133e-02
1.680500000000000000e+03,1.531402126419428855e-02,3.062804252838857710e-02,4.594206379258447548e-02,6.125608505677715421e-02
1.681000000000000000e+03,1.529273392056362812e-02,3.058546784112725625e-02,4.587820176169432607e-02,6.117093568225451250e-02
1.681500000000000000e+03,1.527147616750917924e-02,3.054295233501835849e-02,4.581442850253081289e-02,6.108590467003671698e-02
1.682000000000000000e+03,1.525024796393545379e-02,3.050049592787090758e-02,4.575074389180844303e-02,6.100099185574181515e-02
1.682500000000000000e+03,1.522904926873033804e-02,3.045809853746067608e-02,4.568714780619276272e-02,6.091619707492135216e-02
1.683000000000000000e+03,1.520788004091161438e-02,3.041576008182322877e-02,4.562364012273756320e-02,6.083152016364645753e-02
1.683500000000000000e+03,1.518674023948268781e-02,3.037348047896537562e-02,4.556022071845033938e-02,6.074696095793075123e-02
1.684000000000000000e+03,1.516562982357444467e-02,3.033125964714888934e-02,4.549688947072616507e-02,6.066251929429777867e-02
1.684500000000000000e+03,1.514454875230428210e-02,3.028909750460856420e-02,4.543364625691326264e-02,6.057819500921712841e-02
1.685000000000000000e+03,1.512349698491596839e-02,3.024699396983193678e-02,4.537049095475031990e-02,6.049398793966387355e-02
1.685500000000000000e+03,1.510247448064191977e-02,3.020494896128383955e-02,4.530742344192562054e-02,6.040989792256767910e-02
1.686000000000000000e+03,1.508148119883775951e-02,3.016296239767551901e-02,4.524444359651236258e-02,6.032592479535103802e-02
1.686500000000000000e+03,1.506051709884903556e-02,3.012103419769807111e-02,4.518155129654399804e-02,6.024206839539614222e-02
1.687000000000000000e+03,1.503958214014575190e-02,3.007916428029150380e-02,4.511874642043534056e-02,6.015832856058300759e-02
1.687500000000000000e+03,1.501867628218564454e-02,3.003735256437128909e-02,4.505602884655590668e-02,6.007470512874257818e-02
1.688000000000000000e+03,1.499779948455073897e-02,2.999559896910147794e-02,4.499339845365224466e-02,5.999119793820295587e-02
1.688500000000000000e+03,1.497695170681237475e-02,2.995390341362474951e-02,4.493085512043315521e-02,5.990780682724949902e-02
1.689000000000000000e+03,1.495613290866382172e-02,2.991226581732764345e-02,4.486839872598913370e-02,5.982453163465528689e-02
1.689500000000000000e+03,1.493534304978957894e-02,2.987068609957915788e-02,4.480602914936737680e-02,5.974137219915831576e-02
1.690000000000000000e+03,1.491458208999504875e-02,2.982916417999009751e-02,4.474374626998511850e-02,5.965832835998019501e-02
1.690500000000000000e+03,1.489384998907627988e-02,2.978769997815255977e-02,4.468154996722806249e-02,5.957539995630511953e-02
1.691000000000000000e+03,1.487314670694986352e-02,2.974629341389972703e-02,4.461944012084984035e-02,5.949258682779945406e-02
1.691500000000000000e+03,1.485247220352475805e-02,2.970494440704951611e-02,4.455741661057599501e-02,5.940988881409903222e-02
1.692000000000000000e+03,1.483182643882821616e-02,2.966365287765643233e-02,4.449547931648678567e-02,5.932730575531286465e-02
1.692500000000000000e+03,1.481120937288046835e-02,2.962241874576093670e-02,4.443362811864182138e-02,5.924483749152187340e-02
1.693000000000000000e+03,1.479062096581973407e-02,2.958124193163946813e-02,4.437186289745920220e-02,5.916248386327893627e-02
1.693500000000000000e+03,1.477006117777715510e-02,2.954012235555431021e-02,4.431018353333138204e-02,5.908024471110862041e-02
1.694000000000000000e+03,1.474952996900288915e-02,2.949905993800577830e-02,4.424858990700764050e-02,5.899811987601155661e-02
1.694500000000000000e+03,1.472902729973721292e-02,2.945805459947442584e-02,4.418708189921360940e-02,5.891610919894885168e-02
1.695000000000000000e+03,1.470855313034152845e-02,2.941710626068305690e-02,4.412565939102419676e-02,5.883421252136611379e-02
1.695500000000000000e+03,1.468810742116774537e-02,2.937621484233549074e-02,4.406432226350276427e-02,5.875242968467098148e-02
1.696000000000000000e+03,1.466769013268509614e-02,2.933538026537019228e-02,4.400307039805406717e-02,5.867076053074038455e-02
1.696500000000000000e+03,1.464730122535681800e-02,2.929460245071363600e-02,4.394190367607053727e-02,5.858920490142727200e-02
1.697000000000000000e+03,1.462694065976224977e-02,2.925388131952449955e-02,4.388082197928555583e-02,5.850776263904899910e-02
1.697500000000000000e+03,1.460660839647442977e-02,2.921321679294885953e-02,4.381982518942317828e-02,5.842643358589771907e-02
1.698000000000000000e+03,1.458630439618122110e-02,2.917260879236244220e-02,4.375891318854208123e-02,5.834521758472488440e-02
1.698500000000000000e+03,1.456602861956612927e-02,2.913205723913225853e-02,4.369808585870016415e-02,5.826411447826451706e-02
1.699000000000000000e+03,1.454578102742612455e-02,2.909156205485224911e-02,4.363734308227651404e-02,5.818312410970449822e-02
1.699500000000000000e+03,1.452556158055381963e-02,2.905112316110763926e-02,4.357668474166143113e-02,5.810224632221527852e-02
1.700000000000000000e+03,1.450537023985468132e-02,2.901074047970936265e-02,4.351611071956251742e-02,5.802148095941872530e-02
1.700500000000000000e+03,1.448520696623062376e-02,2.897041393246124752e-02,4.345562089869237088e-02,5.794082786492249504e-02
1.701000000000000000e+03,1.446507172069538827e-02,2.893014344139077654e-02,4.339521516208477703e-02,5.786028688278155308e-02
1.701500000000000000e+03,1.444496446426132841e-02,2.888992892852265681e-02,4.333489339278306929e-02,5.777985785704531363e-02
1.702000000000000000e+03,1.442488515804796201e-02,2.884977031609592402e-02,4.327465547414388602e-02,5.769954063219184803e-02
1.702500000000000000e+03,1.440483376317711062e-02,2.880966752635422123e-02,4.321450128953086001e-02,5.761933505270844247e-02
1.703000000000000000e+03,1.438481024087670535e-02,2.876962048175341069e-02,4.315443072262903357e-02,5.753924096350682138e-02
1.703500000000000000e+03,1.436481455237575977e-02,2.872962910475151954e-02,4.309444365712633562e-02,5.745925820950303908e-02
1.704000000000000000e+03,1.434484665901036848e-02,2.868969331802073697e-02,4.303453997702788580e-02,5.737938663604147393e-02
1.704500000000000000e+03,1.432490652211712567e-02,2.864981304423425135e-02,4.297471956635146029e-02,5.729962608846850269e-02
1.705000000000000000e+03,1.430499410313976205e-02,2.860998820627952410e-02,4.291498230941603875e-02,5.721997641255904821e-02
1.705500000000000000e+03,1.428510936352181404e-02,2.857021872704362808e-02,4.285532809056302739e-02,5.714043745408725616e-02
1.706000000000000000e+03,1.426525226481401010e-02,2.853050452962802019e-02,4.279575679443825553e-02,5.706100905925604039e-02
1.706500000000000000e+03,1.424542276856785583e-02,2.849084553713571166e-02,4.273626830570098623e-02,5.698169107427142333e-02
1.707000000000000000e+03,1.422562083643999498e-02,2.845124167287998995e-02,4.267686250931712610e-02,5.690248334575997990e-02
1.707500000000000000e+03,1.420584643009026315e-02,2.841169286018052631e-02,4.261753929026668164e-02,5.682338572036105262e-02
1.708000000000000000e+03,1.418609951128049773e-02,2.837219902256099546e-02,4.255829853383541472e-02,5.674439804512199093e-02
1.708500000000000000e+03,1.416638004177622756e-02,2.833276008355245512e-02,4.249914012532551855e-02,5.666552016710491024e-02
1.709000000000000000e+03,1.414668798344678735e-02,2.829337596689357470e-02,4.244006395033572687e-02,5.658675193378714940e-02
1.709500000000000000e+03,1.412702329816453717e-02,2.825404659632907434e-02,4.238106989449041961e-02,5.650809319265814867e-02
1.710000000000000000e+03,1.410738594790386657e-02,2.821477189580773315e-02,4.232215784370718659e-02,5.642954379161546630e-02
1.710500000000000000e+03,1.408777589464307867e-02,2.817555178928615733e-02,4.226332768392504491e-02,5.635110357857231467e-02
1.711000000000000000e+03,1.406819310046150684e-02,2.813638620092301368e-02,4.220457930138143965e-02,5.627277240184602736e-02
1.711500000000000000e+03,1.404863752744503480e-02,2.809727505489006960e-02,4.214591258233169047e-02,5.619455010978013920e-02
1.712000000000000000e+03,1.402910913777682955e-02,2.805821827555365910e-02,4.208732741332765759e-02,5.611643655110731821e-02
1.712500000000000000e+03,1.400960789364813497e-02,2.801921578729626994e-02,4.202882368094085219e-02,5.603843157459253987e-02
1.713000000000000000e+03,1.399013375734736719e-02,2.798026751469473439e-02,4.197040127203865989e-02,5.596053502938946878e-02
1.713500000000000000e+03,1.397068669117168538e-02,2.794137338234337076e-02,4.191206007351100382e-02,5.588274676468674151e-02
1.714000000000000000e+03,1.395126665751297845e-02,2.790253331502595691e-02,4.185379997253446671e-02,5.580506663005191381e-02
1.714500000000000000e+03,1.393187361877362695e-02,2.786374723754725391e-02,4.179562085631716162e-02,5.572749447509450782e-02
1.715000000000000000e+03,1.391250753744965873e-02,2.782501507489931747e-02,4.173752261234653371e-02,5.565003014979863494e-02
1.715500000000000000e+03,1.389316837604881449e-02,2.778633675209762899e-02,4.167950512814344588e-02,5.557267350419525798e-02
1.716000000000000000e+03,1.387385609717181612e-02,2.774771219434363223e-02,4.162156829151053561e-02,5.549542438868726446e-02
1.716500000000000000e+03,1.385457066342837829e-02,2.770914132685675657e-02,4.156371199028152663e-02,5.541828265371351314e-02
1.717000000000000000e+03,1.383531203752416672e-02,2.767062407504833343e-02,4.150593611256792048e-02,5.534124815009666687e-02
1.717500000000000000e+03,1.381608018217386769e-02,2.763216036434773537e-02,4.144824054651607970e-02,5.526432072869547074e-02
1.718000000000000000e+03,1.379687506018487109e-02,2.759375012036974217e-02,4.139062518055047768e-02,5.518750024073948435e-02
1.718500000000000000e+03,1.377769663437639069e-02,2.755539326875278139e-02,4.133308990312656306e-02,5.511078653750556278e-02
1.719000000000000000e+03,1.375854486765970552e-02,2.751708973531941105e-02,4.127563460297634101e-02,5.503417947063882210e-02
1.719500000000000000e+03,1.373941972295666947e-02,2.747883944591333893e-02,4.121825916886723284e-02,5.495767889182667787e-02
1.720000000000000000e+03,1.372032116328142370e-02,2.744064232656284741e-02,4.116096348984188413e-02,5.488128465312569482e-02
1.720500000000000000e+03,1.370124915165926716e-02,2.740249830331853431e-02,4.110374745497624716e-02,5.480499660663706862e-02
1.721000000000000000e+03,1.368220365120717541e-02,2.736440730241435082e-02,4.104661095361927803e-02,5.472881460482870164e-02
1.721500000000000000e+03,1.366318462505289322e-02,2.732636925010578643e-02,4.098955387515734738e-02,5.465273850021157287e-02
1.722000000000000000e+03,1.364419203641556444e-02,2.728838407283112888e-02,4.093257610924394552e-02,5.457676814566225776e-02
1.722500000000000000e+03,1.362522584852582375e-02,2.725045169705164749e-02,4.087567754557575039e-02,5.450090339410329499e-02
1.723000000000000000e+03,1.360628602470415061e-02,2.721257204940830121e-02,4.081885807411089750e-02,5.442514409881660242e-02
1.723500000000000000e+03,1.358737252828484676e-02,2.717474505656969352e-02,4.076211758485370762e-02,5.434949011313938705e-02
1.724000000000000000e+03,1.356848532269003260e-02,2.713697064538006520e-02,4.070545596806862676e-02,5.427394129076013041e-02
1.724500000000000000e+03,1.354962437135479036e-02,2.709924874270958073e-02,4.064887311406384374e-02,5.419849748541916146e-02
1.725000000000000000e+03,1.353078963780296462e-02,2.706157927560592924e-02,4.059236891340844977e-02,5.412315855121185848e-02
1.725500000000000000e+03,1.351198108557197242e-02,2.702396217114394483e-02,4.053594325671661114e-02,5.404792434228788967e-02
1.726000000000000000e+03,1.349319867828688291e-02,2.698639735657376582e-02,4.047959603486217528e-02,5.397279471314753163e-02
1.726500000000000000e+03,1.347444237958667079e-02,2.694888475917334159e-02,4.042332713876084505e-02,5.389776951834668317e-02
1.727000000000000000e+03,1.345571215319654734e-02,2.691142430639309469e-02,4.036713645958944774e-02,5.382284861278618937e-02
1.727500000000000000e+03,1.343700796285693388e-02,2.687401592571386777e-02,4.031102388857032981e-02,5.374803185142773554e-02
1.728000000000000000e+03,1.341832977239326707e-02,2.683665954478653415e-02,4.025498931717952367e-02,5.367331908957306830e-02
1.728500000000000000e+03,1.339967754564763691e-02,2.679935509129527382e-02,4.019903263694268869e-02,5.359871018259054765e-02
1.729000000000000000e+03,1.338105124654603850e-02,2.676210249309207700e-02,4.014315373963839306e-02,5.352420498618415401e-02
1.729500000000000000e+03,1.336245083903037090e-02,2.672490167806074179e-02,4.008735251709194536e-02,5.344980335612148359e-02
1.730000000000000000e+03,1.334387628712721541e-02,2.668775257425443082e-02,4.003162886138245113e-02,5.337550514850886163e-02
1.730500000000000000e+03,1.332532755487852993e-02,2.665065510975705987e-02,3.997598266463664451e-02,5.330131021951411974e-02
1.731000000000000000e+03,1.330680460641109342e-02,2.661360921282218683e-02,3.992041381923228105e-02,5.322721842564437367e-02
1.731500000000000000e+03,1.328830740586620096e-02,2.657661481173240192e-02,3.986492221759729837e-02,5.315322962346480384e-02
1.732000000000000000e+03,1.326983591747002422e-02,2.653967183494004844e-02,3.980950775240865713e-02,5.307934366988009689e-02
1.732500000000000000e+03,1.325139010546447227e-02,2.650278021092894454e-02,3.975417031639338905e-02,5.300556042185788908e-02
1.733000000000000000e+03,1.323296993417480416e-02,2.646593986834960832e-02,3.969890980252355206e-02,5.293187973669921664e-02
1.733500000000000000e+03,1.321457536794240495e-02,2.642915073588480990e-02,3.964372610382604911e-02,5.285830147176961979e-02
1.734000000000000000e+03,1.319620637119137130e-02,2.639241274238274260e-02,3.958861911357114405e-02,5.278482548476548519e-02
1.734500000000000000e+03,1.317786290836192586e-02,2.635572581672385173e-02,3.953358872508316857e-02,5.271145163344770346e-02
1.735000000000000000e+03,1.315954494397711394e-02,2.631908988795422788e-02,3.947863483192792788e-02,5.263817977590845576e-02
1.735500000000000000e+03,1.314125244257569047e-02,2.628250488515138095e-02,3.942375732772562813e-02,5.256500977030276189e-02
1.736000000000000000e+03,1.312298536877987143e-02,2.624597073755974286e-02,3.936895610633794895e-02,5.249194147511948572e-02
1.736500000000000000e+03,1.310474368722738814e-02,2.620948737445477628e-02,3.931423106168141501e-02,5.241897474890955255e-02
1.737000000000000000e+03,1.308652736263762884e-02,2.617305472527525767e-02,3.925958208791113790e-02,5.234610945055051534e-02
1.737500000000000000e+03,1.306833635974663510e-02,2.613667271949327020e-02,3.920500907924029388e-02,5.227334543898654040e-02
1.738000000000000000e+03,1.305017064337249399e-02,2.610034128674498799e-02,3.915051193011653830e-02,5.220068257348997598e-02
1.738500000000000000e+03,1.303203017834961286e-02,2.606406035669922572e-02,3.909609053504781162e-02,5.212812071339845144e-02
1.739000000000000000e+03,1.301391492959252938e-02,2.602782985918505876e-02,3.904174478877509014e-02,5.205565971837011752e-02
1.739500000000000000e+03,1.299582486203368359e-02,2.599164972406736718e-02,3.898747458609896910e-02,5.198329944813473436e-02
1.740000000000000000e+03,1.297775994068528504e-02,2.595551988137057009e-02,3.893327982205330162e-02,5.191103976274114018e-02
1.740500000000000000e+03,1.295972013057739014e-02,2.591944026115478028e-02,3.887916039173111571e-02,5.183888052230956056e-02
1.741000000000000000e+03,1.294170539681926968e-02,2.588341079363853936e-02,3.882511619045536655e-02,5.176682158727707872e-02
1.741500000000000000e+03,1.292371570453815233e-02,2.584743140907630465e-02,3.877114711361417942e-02,5.169486281815260931e-02
1.742000000000000000e+03,1.290575101894042565e-02,2.581150203788085129e-02,3.871725305681850138e-02,5.162300407576170258e-02
1.742500000000000000e+03,1.288781130524985219e-02,2.577562261049970438e-02,3.866343391574922350e-02,5.155124522099940876e-02
1.743000000000000000e+03,1.286989652876927015e-02,2.573979305753854030e-02,3.860968958630539571e-02,5.147958611507708060e-02
1.743500000000000000e+03,1.285200665481983640e-02,2.570401330963967279e-02,3.855601996445878754e-02,5.140802661927934558e-02
1.744000000000000000e+03,1.283414164880022912e-02,2.566828329760045824e-02,3.850242494639810609e-02,5.133656659520091647e-02
1.744500000000000000e+03,1.281630147612783377e-02,2.563260295225566754e-02,3.844890442838388989e-02,5.126520590451133508e-02
1.745000000000000000e+03,1.279848610229780692e-02,2.559697220459561384e-02,3.839545830689194972e-02,5.119394440919122768e-02
1.745500000000000000e+03,1.278069549282417894e-02,2.556139098564835788e-02,3.834208647847092699e-02,5.112278197129671575e-02
1.746000000000000000e+03,1.276292961329661413e-02,2.552585922659322826e-02,3.828878883988739990e-02,5.105171845318645651e-02
1.746500000000000000e+03,1.274518842932576002e-02,2.549037685865152003e-02,3.823556528797567022e-02,5.098075371730304006e-02
1.747000000000000000e+03,1.272747190659703764e-02,2.545494381319407529e-02,3.818241571978642224e-02,5.090988762638815057e-02
1.747500000000000000e+03,1.270978001081579656e-02,2.541956002163159312e-02,3.812934003244483616e-02,5.083912004326318623e-02
1.748000000000000000e+03,1.269211270776318679e-02,2.538422541552637357e-02,3.807633812328581335e-02,5.076845083105274714e-02
1.748500000000000000e+03,1.267446996324023134e-02,2.534893992648046268e-02,3.802340988971975033e-02,5.069787985296092536e-02
1.749000000000000000e+03,1.265685174312355943e-02,2.531370348624711886e-02,3.797055522936632066e-02,5.062740697249423771e-02
1.749500000000000000e+03,1.263925801330786913e-02,2.527851602661573827e-02,3.791777403992291351e-02,5.055703205323147653e-02
1.750000000000000000e+03,1.262168873976493577e-02,2.524337747952987154e-02,3.786506621929175420e-02,5.048675495905974309e-02
1.750500000000000000e+03,1.260414388848529743e-02,2.520828777697059486e-02,3.781243166545467105e-02,5.041657555394118972e-02
1.751000000000000000e+03,1.258662342553373836e-02,2.517324685106747673e-02,3.775987027659943873e-02,5.034649370213495345e-02
1.751500000000000000e+03,1.256912731699694197e-02,2.513825463399388394e-02,3.770738195098954915e-02,5.027650926798776787e-02
1.752000000000000000e+03,1.255165552903275694e-02,2.510331105806551388e-02,3.765496658709643896e-02,5.020662211613102777e-02
1.752500000000000000e+03,1.253420802782245769e-02,2.506841605564491537e-02,3.760262408346615182e-02,5.013683211128983075e-02
1.753000000000000000e+03,1.251678477961787328e-02,2.503356955923574656e-02,3.755035433885078877e-02,5.006713911847149312e-02
1.753500000000000000e+03,1.249938575069342583e-02,2.499877150138685167e-02,3.749815725207961137e-02,4.999754300277370334e-02
1.754000000000000000e+03,1.248201090739611829e-02,2.496402181479223659e-02,3.744603272218660628e-02,4.992804362958447317e-02
1.754500000000000000e+03,1.246466021609363151e-02,2.492932043218726301e-02,3.739398064828114432e-02,4.985864086437452602e-02
1.755000000000000000e+03,1.244733364322617164e-02,2.489466728645234328e-02,3.734200092967665530e-02,4.978933457290468656e-02
1.755500000000000000e+03,1.243003115525509461e-02,2.486006231051018922e-02,3.729009346576483974e-02,4.972012462102037844e-02
1.756000000000000000e+03,1.241275271871333796e-02,2.482550543742667593e-02,3.723825815613834855e-02,4.965101087485335185e-02
1.756500000000000000e+03,1.239549830015634901e-02,2.479099660031269803e-02,3.718649490046810335e-02,4.958199320062539606e-02
1.757000000000000000e+03,1.237826786620904729e-02,2.475653573241809458e-02,3.713480359862536551e-02,4.951307146483618915e-02
1.757500000000000000e+03,1.236106138351975026e-02,2.472212276703950051e-02,3.708318415055966710e-02,4.944424553407900103e-02
1.758000000000000000e+03,1.234387881880727456e-02,2.468775763761454911e-02,3.703163645642082447e-02,4.937551527522909822e-02
1.758500000000000000e+03,1.232672013881200290e-02,2.465344027762400581e-02,3.698016041643675811e-02,4.930688055524801161e-02
1.759000000000000000e+03,1.230958531034490044e-02,2.461917062068980089e-02,3.692875593103367438e-02,4.923834124137960178e-02
1.759500000000000000e+03,1.229247430023935883e-02,2.458494860047871766e-02,3.687742290071843732e-02,4.916989720095743532e-02
1.760000000000000000e+03,1.227538707539765905e-02,2.455077415079531811e-02,3.682616122619170040e-02,4.910154830159063621e-02
1.760500000000000000e+03,1.225832360274578536e-02,2.451664720549157073e-02,3.677497080823766140e-02,4.903329441098314145e-02
1.761000000000000000e+03,1.224128384927791746e-02,2.448256769855583492e-02,3.672385154783364136e-02,4.896513539711166985e-02
1.761500000000000000e+03,1.222426778201260444e-02,2.444853556402520889e-02,3.667280334603750802e-02,4.889707112805041778e-02
1.762000000000000000e+03,1.220727536803517532e-02,2.441455073607035064e-02,3.662182610410391614e-02,4.882910147214070129e-02
1.762500000000000000e+03,1.219030657445505095e-02,2.438061314891010189e-02,3.657091972336423691e-02,4.876122629782020379e-02
1.763000000000000000e+03,1.217336136845009742e-02,2.434672273690019484e-02,3.652008410534846039e-02,4.869344547380038968e-02
1.763500000000000000e+03,1.215643971722102368e-02,2.431287943444204735e-02,3.646931915166307103e-02,4.862575886888409471e-02
1.764000000000000000e+03,1.213954158803634553e-02,2.427908317607269106e-02,3.641862476410762106e-02,4.855816635214538213e-02
1.764500000000000000e+03,1.212266694818850410e-02,2.424533389637700820e-02,3.636800084456526250e-02,4.849066779275401640e-02
1.765000000000000000e+03,1.210581576503649837e-02,2.421163153007299673e-02,3.631744729510760772e-02,4.842326306014599346e-02
1.765500000000000000e+03,1.208898800596305834e-02,2.417797601192611667e-02,3.626696401788992441e-02,4.835595202385223335e-02
1.766000000000000000e+03,1.207218363841874864e-02,2.414436727683749728e-02,3.621655091525610715e-02,4.828873455367499457e-02
1.766500000000000000e+03,1.205540262987767064e-02,2.411080525975534128e-02,3.616620788963353927e-02,4.822161051951068256e-02
1.767000000000000000e+03,1.203864494787945660e-02,2.407728989575891321e-02,3.611593484363728734e-02,4.815457979151782641e-02
1.767500000000000000e+03,1.202191055998880209e-02,2.404382111997760418e-02,3.606573167996590668e-02,4.808764223995520837e-02
1.768000000000000000e+03,1.200519943383490662e-02,2.401039886766981324e-02,3.601559830150408148e-02,4.802079773533962648e-02
1.768500000000000000e+03,1.198851153707378159e-02,2.397702307414756318e-02,3.596553461122187212e-02,4.795404614829512635e-02
1.769000000000000000e+03,1.197184683742466560e-02,2.394369367484933120e-02,3.591554051227335842e-02,4.788738734969866240e-02
1.769500000000000000e+03,1.195520530263322057e-02,2.391041060526644113e-02,3.586561590789871801e-02,4.782082121053288226e-02
1.770000000000000000e+03,1.193858690050769722e-02,2.387717380101539444e-02,3.581576070152286961e-02,4.775434760203078888e-02
1.770500000000000000e+03,1.192199159888304716e-02,2.384398319776609432e-02,3.576597479664894719e-02,4.768796639553218863e-02
1.771000000000000000e+03,1.190541936565786552e-02,2.381083873131573103e-02,3.571625809697315246e-02,4.762167746263146206e-02
1.771500000000000000e+03,1.188887016875694869e-02,2.377774033751389737e-02,3.566661050627067953e-02,4.755548067502779475e-02
1.772000000000000000e+03,1.187234397616698800e-02,2.374468795233397600e-02,3.561703192849985378e-02,4.748937590466795200e-02
1.772500000000000000e+03,1.185584075590198627e-02,2.371168151180397254e-02,3.556752226770454328e-02,4.742336302360794509e-02
1.773000000000000000e+03,1.183936047603784125e-02,2.367872095207568250e-02,3.551808142811213598e-02,4.735744190415136501e-02
1.773500000000000000e+03,1.182290310467787320e-02,2.364580620935574640e-02,3.546870931403273142e-02,4.729161241871149279e-02
1.774000000000000000e+03,1.180646860998585401e-02,2.361293721997170802e-02,3.541940582995545261e-02,4.722587443994341605e-02
1.774500000000000000e+03,1.179005696015356097e-02,2.358011392030712194e-02,3.537017088045996127e-02,4.716022784061424389e-02
1.775000000000000000e+03,1.177366812343408342e-02,2.354733624686816684e-02,3.532100437030166740e-02,4.709467249373633368e-02
1.775500000000000000e+03,1.175730206810801648e-02,2.351460413621603296e-02,3.527190620432346657e-02,4.702920827243206592e-02
1.776000000000000000e+03,1.174095876251501913e-02,2.348191752503003826e-02,3.522287628754516842e-02,4.696383505006007653e-02
1.776500000000000000e+03,1.172463817502455985e-02,2.344927635004911970e-02,3.517391452507379057e-02,4.689855270009823940e-02
1.777000000000000000e+03,1.170834027406567057e-02,2.341668054813134114e-02,3.512502082219481903e-02,4.683336109626268229e-02
1.777500000000000000e+03,1.169206502809364001e-02,2.338413005618728002e-02,3.507619508427928245e-02,4.676826011237456004e-02
1.778000000000000000e+03,1.167581240562465261e-02,2.335162481124930522e-02,3.502743721687257006e-02,4.670324962249861045e-02
1.778500000000000000e+03,1.165958237520398066e-02,2.331916475040796133e-02,3.497874712560927746e-02,4.663832950081592266e-02
1.779000000000000000e+03,1.164337490543418396e-02,2.328674981086836793e-02,3.493012471630013716e-02,4.657349962173673585e-02
1.779500000000000000e+03,1.162718996494740975e-02,2.325437992989481950e-02,3.488156989484147985e-02,4.650875985978963900e-02
1.780000000000000000e+03,1.161102752243467484e-02,2.322205504486934968e-02,3.483308256730288655e-02,4.644411008973869937e-02
1.780500000000000000e+03,1.159488754661444632e-02,2.318977509322889263e-02,3.478466263984314466e-02,4.637955018645778527e-02
1.781000000000000000e+03,1.157877000626481023e-02,2.315754001252962047e-02,3.473631001879295965e-02,4.631508002505924093e-02
1.781500000000000000e+03,1.156267487019160822e-02,2.312534974038321645e-02,3.468802461057202136e-02,4.625069948076643289e-02
1.782000000000000000e+03,1.154660210725799718e-02,2.309320421451599437e-02,3.463980632177249275e-02,4.618640842903198873e-02
1.782500000000000000e+03,1.153055168635869210e-02,2.306110337271738420e-02,3.459165505907313420e-02,4.612220674543476839e-02
1.783000000000000000e+03,1.151452357644258684e-02,2.302904715288517368e-02,3.454357072932545680e-02,4.605809430577034735e-02
1.783500000000000000e+03,1.149851774648955050e-02,2.299703549297910099e-02,3.449555323946701391e-02,4.599407098595820198e-02
1.784000000000000000e+03,1.148253416553651762e-02,2.296506833107303525e-02,3.444760249660766549e-02,4.593013666214607049e-02
1.784500000000000000e+03,1.146657280264887224e-02,2.293314560529774448e-02,3.439971840794558977e-02,4.586629121059548897e-02
1.785000000000000000e+03,1.145063362694911935e-02,2.290126725389823870e-02,3.435190088084599802e-02,4.580253450779647739e-02
1.785500000000000000e+03,1.143471660758932362e-02,2.286943321517864725e-02,3.430414982276658309e-02,4.573886643035729449e-02
1.786000000000000000e+03,1.141882171377747723e-02,2.283764342755495447e-02,3.425646514133018350e-02,4.567528685510990893e-02
1.786500000000000000e+03,1.140294891475149286e-02,2.280589782950298572e-02,3.420884674425178629e-02,4.561179565900597144e-02
1.787000000000000000e+03,1.138709817980412820e-02,2.277419635960825639e-02,3.416129453941035843e-02,4.554839271921651278e-02
1.787500000000000000e+03,1.137126947825961576e-02,2.274253895651923152e-02,3.411380843477651581e-02,4.548507791303846304e-02
1.788000000000000000e+03,1.135546277949622818e-02,2.271092555899245635e-02,3.406638833848502079e-02,4.542185111798491270e-02
1.788500000000000000e+03,1.133967805292221409e-02,2.267935610584442818e-02,3.401903415876328385e-02,4.535871221168885636e-02
1.789000000000000000e+03,1.132391526800138881e-02,2.264783053600277762e-02,3.397174580400041943e-02,4.529566107200555525e-02
1.789500000000000000e+03,1.130817439422820980e-02,2.261634878845641961e-02,3.392452318268085465e-02,4.523269757691283921e-02
1.790000000000000000e+03,1.129245540114995339e-02,2.258491080229990677e-02,3.387736620344689031e-02,4.516982160459981355e-02
1.790500000000000000e+03,1.127675825834612011e-02,2.255351651669224022e-02,3.383027477503497416e-02,4.510703303338448045e-02
1.791000000000000000e+03,1.126108293544908490e-02,2.252216587089816979e-02,3.378324880634347993e-02,4.504433174179633959e-02
1.791500000000000000e+03,1.124542940212194808e-02,2.249085880424389616e-02,3.373628820636270786e-02,4.498171760848779233e-02
1.792000000000000000e+03,1.122979762808257176e-02,2.245959525616514352e-02,3.368939288424332990e-02,4.491919051233028704e-02
1.792500000000000000e+03,1.121418758307754504e-02,2.242837516615509008e-02,3.364256274922949874e-02,4.485675033231018016e-02
1.793000000000000000e+03,1.119859923690860737e-02,2.239719847381721474e-02,3.359579771072279675e-02,4.479439694763442947e-02
1.793500000000000000e+03,1.118303255940741869e-02,2.236606511881483739e-02,3.354909767821934174e-02,4.473213023762967477e-02
1.794000000000000000e+03,1.116748752045901294e-02,2.233497504091802588e-02,3.350246256137412448e-02,4.466995008183605176e-02
1.794500000000000000e+03,1.115196408997923272e-02,2.230392817995846544e-02,3.345589226993417320e-02,4.460785635991693088e-02
1.795000000000000000e+03,1.113646223793574030e-02,2.227292447587148061e-02,3.340938671380400127e-02,4.454584895174296122e-02
1.795500000000000000e+03,1.112098193432872750e-02,2.224196386865745501e-02,3.336294580298310164e-02,4.448392773731491001e-02
1.796000000000000000e+03,1.110552314920967842e-02,2.221104629841935685e-02,3.331656944762617645e-02,4.442209259683871370e-02
1.796500000000000000e+03,1.109008585266160751e-02,2.218017170532321503e-02,3.327025755798196371e-02,4.436034341064643005e-02
1.797000000000000000e+03,1.107467001481932112e-02,2.214934002963864224e-02,3.322401004445507677e-02,4.429868005927728447e-02
1.797500000000000000e+03,1.105927560584851754e-02,2.211855121169703509e-02,3.317782681754338769e-02,4.423710242339407017e-02
1.798000000000000000e+03,1.104390259596776946e-02,2.208780519193553893e-02,3.313170778790069937e-02,4.417561038387107786e-02
1.798500000000000000e+03,1.102855095542534802e-02,2.205710191085069605e-02,3.308565286627318525e-02,4.411420382170139209e-02
1.799000000000000000e+03,1.101322065452214893e-02,2.202644130904429787e-02,3.303966196356289409e-02,4.405288261808859573e-02
1.799500000000000000e+03,1.099791166358923822e-02,2.199582332717847644e-02,3.299373499076446725e-02,4.399164665435695287e-02
1.800000000000000000e+03,1.098262395301041749e-02,2.196524790602083499e-02,3.294787185902747773e-02,4.393049581204166998e-02
1.800500000000000000e+03,1.096735749319904807e-02,2.193471498639809614e-02,3.290207247959520132e-02,4.386942997279619227e-02
1.801000000000000000e+03,1.095211225462122684e-02,2.190422450924245368e-02,3.285633676386062740e-02,4.380844901848490736e-02
1.801500000000000000e+03,1.093688820777255488e-02,2.187377641554510976e-02,3.281066462331544420e-02,4.374755283109021953e-02
1.802000000000000000e+03,1.092168532320031415e-02,2.184337064640062831e-02,3.276505596959888855e-02,4.368674129280125662e-02
1.802500000000000000e+03,1.090650357148312266e-02,2.181300714296624532e-02,3.271951071444706427e-02,4.362601428593249064e-02
1.803000000000000000e+03,1.089134292325028008e-02,2.178268584650056017e-02,3.267402876974795367e-02,4.356537169300112033e-02
1.803500000000000000e+03,1.087620334916156173e-02,2.175240669832312346e-02,3.262861004748174309e-02,4.350481339664624691e-02
1.804000000000000000e+03,1.086108481992723029e-02,2.172216963985446059e-02,3.258325445977944268e-02,4.344433927970892118e-02
1.804500000000000000e+03,1.084598730628935637e-02,2.169197461257871273e-02,3.253796191886715317e-02,4.338394922515742547e-02
1.805000000000000000e+03,1.083091077904005384e-02,2.166182155808010767e-02,3.249273233711935660e-02,4.332364311616021535e-02
1.805500000000000000e+03,1.081585520900205100e-02,2.163171041800410199e-02,3.244756562700534808e-02,4.326342083600820398e-02
1.806000000000000000e+03,1.080082056704861904e-02,2.160164113409723807e-02,3.240246170114480240e-02,4.320328226819447615e-02
1.806500000000000000e+03,1.078580682408350477e-02,2.157161364816700955e-02,3.235742047224915430e-02,4.314322729633401909e-02
1.807000000000000000e+03,1.077081395106097017e-02,2.154162790212194034e-02,3.231244185318143947e-02,4.308325580424388068e-02
1.807500000000000000e+03,1.075584191896561403e-02,2.151168383793122807e-02,3.226752575689506575e-02,4.302336767586245614e-02
1.808000000000000000e+03,1.074089069883227276e-02,2.148178139766454553e-02,3.222267209649443132e-02,4.296356279532909106e-02
1.808500000000000000e+03,1.072596026172628614e-02,2.145192052345257228e-02,3.217788078517663797e-02,4.290384104690514455e-02
1.809000000000000000e+03,1.071105057876278743e-02,2.142210115752557487e-02,3.213315173628705779e-02,4.284420231505114973e-02
1.809500000000000000e+03,1.069616162108782964e-02,2.139232324217565928e-02,3.208848486326337790e-02,4.278464648435131856e-02
1.810000000000000000e+03,1.068129335989703721e-02,2.136258671979407442e-02,3.204388007969027896e-02,4.272517343958814884e-02
1.810500000000000000e+03,1.066644576641628817e-02,2.133289153283257633e-02,3.199933729924753223e-02,4.266578306566515266e-02
1.811000000000000000e+03,1.065161881192042137e-02,2.130323762384084274e-02,3.195485643575995960e-02,4.260647524768168548e-02
1.811500000000000000e+03,1.063681246771641664e-02,2.127362493543283328e-02,3.191043740314647437e-02,4.254724987086566657e-02
1.812000000000000000e+03,1.062202670515841052e-02,2.124405341031682104e-02,3.186608011547326091e-02,4.248810682063364208e-02
1.812500000000000000e+03,1.060726149563290255e-02,2.121452299126580510e-02,3.182178448689682027e-02,4.242904598253161019e-02
1.813000000000000000e+03,1.059251681057440941e-02,2.118503362114881883e-02,3.177755043172131311e-02,4.237006724229763766e-02
1.813500000000000000e+03,1.057779262144864507e-02,2.115558524289729014e-02,3.173337786434210495e-02,4.231117048579458029e-02
1.814000000000000000e+03,1.056308889976884102e-02,2.112617779953768204e-02,3.168926669930266504e-02,4.225235559907536409e-02
1.814500000000000000e+03,1.054840561707962032e-02,2.109681123415924064e-02,3.164521685123666828e-02,4.219362246831848129e-02
1.815000000000000000e+03,1.053374274497473340e-02,2.106748548994946679e-02,3.160122823492272914e-02,4.213497097989893359e-02
1.815500000000000000e+03,1.051910025507765689e-02,2.103820051015531378e-02,3.155730076523072247e-02,4.207640102031062757e-02
1.816000000000000000e+03,1.050447811906030093e-02,2.100895623812060187e-02,3.151343435717907093e-02,4.201791247624120373e-02
1.816500000000000000e+03,1.048987630862527332e-02,2.097975261725054663e-02,3.146962892587362726e-02,4.195950523450109326e-02
1.817000000000000000e+03,1.047529479552347653e-02,2.095058959104695306e-02,3.142588438656707117e-02,4.190117918209390613e-02
1.817500000000000000e+03,1.046073355153573359e-02,2.092146710307146718e-02,3.138220065460428643e-02,4.184293420614293435e-02
1.818000000000000000e+03,1.044619254849163403e-02,2.089238509698326807e-02,3.133857764547204328e-02,4.178477019396653613e-02
1.818500000000000000e+03,1.043167175825052140e-02,2.086334351650104280e-02,3.129501527474826128e-02,4.172668703300208559e-02
1.819000000000000000e+03,1.041717115271986738e-02,2.083434230543973475e-02,3.125151345815563309e-02,4.166868461087946951e-02
1.819500000000000000e+03,1.040269070383720296e-02,2.080538140767440591e-02,3.120807211150822269e-02,4.161076281534881183e-02
1.820000000000000000e+03,1.038823038358874240e-02,2.077646076717748480e-02,3.116469115076164753e-02,4.155292153435496960e-02
1.820500000000000000e+03,1.037379016398917719e-02,2.074758032797835439e-02,3.112137049196367355e-02,4.149516065595670877e-02
1.821000000000000000e+03,1.035937001710263150e-02,2.071874003420526300e-02,3.107811005130362014e-02,4.143748006841052600e-02
1.821500000000000000e+03,1.034496991502217855e-02,2.068993983004435711e-02,3.103490974506362132e-02,4.137987966008871421e-02
1.822000000000000000e+03,1.033058982988910302e-02,2.066117965977820603e-02,3.099176948966309020e-02,4.132235931955641206e-02
1.822500000000000000e+03,1.031622973387416597e-02,2.063245946774833195e-02,3.094868920161947257e-02,4.126491893549666390e-02
1.823000000000000000e+03,1.030188959919595137e-02,2.060377919839190275e-02,3.090566879758349650e-02,4.120755839678380550e-02
1.823500000000000000e+03,1.028756939810221427e-02,2.057513879620442854e-02,3.086270819430375623e-02,4.115027759240885707e-02
1.824000000000000000e+03,1.027326910288883788e-02,2.054653820577767576e-02,3.081980730866262785e-02,4.109307641155535151e-02
1.824500000000000000e+03,1.025898868588123736e-02,2.051797737176247471e-02,3.077696605764018711e-02,4.103595474352494943e-02
1.825000000000000000e+03,1.024472811945195683e-02,2.048945623890391365e-02,3.073418435835145734e-02,4.097891247780782731e-02
1.825500000000000000e+03,1.023048737600304459e-02,2.046097475200608917e-02,3.069146212800594187e-02,4.092194950401217834e-02
1.826000000000000000e+03,1.021626642798376117e-02,2.043253285596752233e-02,3.064879928394820263e-02,4.086506571193504467e-02
1.826500000000000000e+03,1.020206524787320435e-02,2.040413049574640869e-02,3.060619574361794770e-02,4.080826099149281738e-02
1.827000000000000000e+03,1.018788380819737882e-02,2.037576761639475764e-02,3.056365142459072093e-02,4.075153523278951528e-02
1.827500000000000000e+03,1.017372208151132162e-02,2.034744416302264325e-02,3.052116624453282689e-02,4.069488832604528650e-02
1.828000000000000000e+03,1.015958004041755958e-02,2.031916008083511915e-02,3.047874012125034726e-02,4.063832016167023831e-02
1.828500000000000000e+03,1.014545765754729101e-02,2.029091531509458202e-02,3.043637297264023545e-02,4.058183063018916403e-02
1.829000000000000000e+03,1.013135490557895424e-02,2.026270981115790848e-02,3.039406471673516963e-02,4.052541962231581696e-02
1.829500000000000000e+03,1.011727175722013095e-02,2.023454351444026189e-02,3.035181527165997650e-02,4.046908702888052378e-02
1.830000000000000000e+03,1.010320818522533748e-02,2.020641637045067496e-02,3.030962455567476344e-02,4.041283274090134991e-02
1.830500000000000000e+03,1.008916416237765068e-02,2.017832832475530136e-02,3.026749248713272999e-02,4.035665664951060272e-02
1.831000000000000000e+03,1.007513966150716533e-02,2.015027932301433067e-02,3.022541898452130171e-02,4.030055864602866134e-02
1.831500000000000000e+03,1.006113465547309183e-02,2.012226931094618365e-02,3.018340396641927548e-02,4.024453862189236730e-02
1.832000000000000000e+03,1.004714911718049275e-02,2.009429823436098550e-02,3.014144735154067334e-02,4.018859646872197100e-02
1.832500000000000000e+03,1.003318301956407366e-02,2.006636603912814731e-02,3.009954905869205444e-02,4.013273207825629463e-02
1.833000000000000000e+03,1.001923633560428128e-02,2.003847267120856257e-02,3.005770900681131730e-02,4.007694534241712514e-02
1.833500000000000000e+03,1.000530903831106655e-02,2.001061807662213310e-02,3.001592711493161758e-02,4.002123615324426620e-02
1.834000000000000000e+03,9.991401100739899510e-03,1.998280220147979902e-02,2.997420330221706175e-02,3.996560440295959804e-02
1.834500000000000000e+03,9.977512495975421336e-03,1.995502499195084267e-02,2.993253748792445990e-02,3.991004998390168534e-02
1.835000000000000000e+03,9.963643197148236430e-03,1.992728639429647286e-02,2.989092959144162842e-02,3.985457278859294572e-02
1.835500000000000000e+03,9.949793177417926016e-03,1.989958635483585203e-02,2.984937953225114127e-02,3.979917270967170406e-02
1.836000000000000000e+03,9.935962409989479438e-03,1.987192481997895888e-02,2.980788722996546847e-02,3.974384963995791775e-02
1.836500000000000000e+03,9.922150868097057153e-03,1.984430173619411431e-02,2.976645260428922857e-02,3.968860347238822861e-02
1.837000000000000000e+03,9.908358525020227736e-03,1.981671705004045547e-02,2.972507557505765785e-02,3.963343410008091094e-02
1.837500000000000000e+03,9.894585354067259031e-03,1.978917070813451806e-02,2.968375606220047258e-02,3.957834141626903612e-02
1.838000000000000000e+03,9.880831328592132312e-03,1.976166265718426462e-02,2.964249398577512018e-02,3.952332531436852925e-02
1.838500000000000000e+03,9.867096421977639142e-03,1.973419284395527828e-02,2.960128926593214027e-02,3.946838568791055657e-02
1.839000000000000000e+03,9.853380607651313072e-03,1.970676121530262614e-02,2.956014182295346737e-02,3.941352243060525229e-02
1.839500000000000000e+03,9.839683859069942029e-03,1.967936771813988406e-02,2.951905157720996487e-02,3.935873543627976812e-02
1.840000000000000000e+03,9.826006149734695105e-03,1.965201229946939021e-02,2.947801844920394654e-02,3.930402459893878042e-02
1.840500000000000000e+03,9.812347453176689660e-03,1.962469490635337932e-02,2.943704235952987469e-02,3.924938981270675864e-02
1.841000000000000000e+03,9.798707742970452772e-03,1.959741548594090554e-02,2.939612322890999829e-02,3.919483097188181109e-02
1.841500000000000000e+03,9.785086992720098964e-03,1.957017398544019793e-02,2.935526097815943647e-02,3.914034797088039586e-02
1.842000000000000000e+03,9.771485176074040657e-03,1.954297035214808131e-02,2.931445552822087297e-02,3.908594070429616263e-02
1.842500000000000000e+03,9.757902266710166694e-03,1.951580453342033339e-02,2.927370680013052784e-02,3.903160906684066678e-02
1.843000000000000000e+03,9.744338238349498083e-03,1.948867647669899617e-02,2.923301471504785587e-02,3.897735295339799233e-02
1.843500000000000000e+03,9.730793064743059606e-03,1.946158612948611921e-02,2.919237919422923433e-02,3.892317225897223842e-02
1.844000000000000000e+03,9.717266719684813925e-03,1.943453343936962785e-02,2.915180015905483035e-02,3.886906687873925570e-02
1.844500000000000000e+03,9.703759176999143810e-03,1.940751835399828762e-02,2.911127753099679305e-02,3.881503670799657524e-02
1.845000000000000000e+03,9.690270410552620506e-03,1.938054082110524101e-02,2.907081123165666803e-02,3.876108164221048202e-02
1.845500000000000000e+03,9.676800394242346393e-03,1.935360078848469279e-02,2.903040118272520731e-02,3.870720157696938557e-02
1.846000000000000000e+03,9.663349102007390279e-03,1.932669820401478056e-02,2.899004730602050550e-02,3.865339640802956112e-02
1.846500000000000000e+03,9.649916507817435374e-03,1.929983301563487075e-02,2.894974952344980812e-02,3.859966603126974150e-02
1.847000000000000000e+03,9.636502585683770494e-03,1.927300517136754099e-02,2.890950775705020126e-02,3.854601034273508198e-02
1.847500000000000000e+03,9.623107309648770702e-03,1.924621461929754140e-02,2.886932192894509086e-02,3.849242923859508281e-02
1.848000000000000000e+03,9.609730653796055844e-03,1.921946130759211169e-02,2.882919196138628015e-02,3.843892261518422337e-02
1.848500000000000000e+03,9.596372592239443833e-03,1.919274518447888767e-02,2.878911777671605554e-02,3.838549036895777533e-02
1.849000000000000000e+03,9.583033099134802280e-03,1.916606619826960456e-02,2.874909929740260273e-02,3.833213239653920912e-02
1.849500000000000000e+03,9.569712148668085838e-03,1.913942429733617168e-02,2.870913644600192605e-02,3.827884859467234335e-02
1.850000000000000000e+03,9.556409715066827015e-03,1.911281943013365403e-02,2.866922914519848264e-02,3.822563886026730806e-02
1.850500000000000000e+03,9.543125772588756384e-03,1.908625154517751277e-02,2.862937731776432626e-02,3.817250309035502553e-02
1.851000000000000000e+03,9.529860295533043590e-03,1.905972059106608718e-02,2.858958088659718788e-02,3.811944118213217436e-02
1.851500000000000000e+03,9.516613258228778793e-03,1.903322651645755759e-02,2.854983977468561474e-02,3.806645303291511517e-02
1.852000000000000000e+03,9.503384635046685514e-03,1.900676927009337103e-02,2.851015390513905734e-02,3.801353854018674205e-02
1.852500000000000000e+03,9.490174400387157982e-03,1.898034880077431596e-02,2.847052320116039148e-02,3.796069760154863193e-02
1.853000000000000000e+03,9.476982528691918484e-03,1.895396505738383697e-02,2.843094758607506156e-02,3.790793011476767393e-02
1.853500000000000000e+03,9.463808994432859611e-03,1.892761798886571922e-02,2.839142698329832903e-02,3.785523597773143845e-02
1.854000000000000000e+03,9.450653772122286078e-03,1.890130754424457216e-02,2.835196131636658068e-02,3.780261508848914431e-02
1.854500000000000000e+03,9.437516836303311285e-03,1.887503367260662257e-02,2.831255050890935099e-02,3.775006734521324514e-02
1.855000000000000000e+03,9.424398161559016662e-03,1.884879632311803332e-02,2.827319448467596752e-02,3.769759264623606665e-02
1.855500000000000000e+03,9.411297722502959262e-03,1.882259544500591852e-02,2.823389316750696265e-02,3.764519089001183705e-02
1.856000000000000000e+03,9.398215493789191521e-03,1.879643098757838304e-02,2.819464648136582596e-02,3.759286197515676609e-02
1.856500000000000000e+03,9.385151450101492099e-03,1.877030290020298420e-02,2.815545435030175625e-02,3.754060580040596840e-02
1.857000000000000000e+03,9.372105566164551371e-03,1.874421113232910274e-02,2.811631669849073978e-02,3.748842226465820548e-02
1.857500000000000000e+03,9.359077816732258581e-03,1.871815563346451716e-02,2.807723345019424999e-02,3.743631126692903432e-02
1.858000000000000000e+03,9.346068176599858779e-03,1.869213635319971756e-02,2.803820452979771671e-02,3.738427270639943512e-02
1.858500000000000000e+03,9.333076620591185257e-03,1.866615324118237051e-02,2.799922986177227902e-02,3.733230648236474103e-02
1.859000000000000000e+03,9.320103123571191195e-03,1.864020624714238239e-02,2.796030937071319888e-02,3.728041249428476478e-02
1.859500000000000000e+03,9.307147660434639258e-03,1.861429532086927852e-02,2.792144298130350144e-02,3.722859064173855703e-02
1.860000000000000000e+03,9.294210206115594008e-03,1.858842041223118802e-02,2.788263061834633794e-02,3.717684082446237603e-02
1.860500000000000000e+03,9.281290735578373585e-03,1.856258147115674717e-02,2.784387220673406604e-02,3.712516294231349434e-02
1.861000000000000000e+03,9.268389223827069867e-03,1.853677844765413973e-02,2.780516767147944712e-02,3.707355689530827947e-02
1.861500000000000000e+03,9.255505645895265032e-03,1.851101129179053006e-02,2.776651693768455997e-02,3.702202258358106013e-02
1.862000000000000000e+03,9.242639976856634187e-03,1.848527995371326837e-02,2.772791993056816784e-02,3.697055990742653675e-02
1.862500000000000000e+03,9.229792191814287228e-03,1.845958438362857446e-02,2.768937657544101594e-02,3.691916876725714891e-02
1.863000000000000000e+03,9.216962265910733088e-03,1.843392453182146618e-02,2.765088679772981228e-02,3.686784906364293235e-02
1.863500000000000000e+03,9.204150174318651012e-03,1.840830034863730202e-02,2.761245052295507874e-02,3.681660069727460405e-02
1.864000000000000000e+03,9.191355892249369886e-03,1.838271178449873977e-02,2.757406767674747128e-02,3.676542356899747954e-02
1.864500000000000000e+03,9.178579394944819114e-03,1.835715878988963823e-02,2.753573818483351365e-02,3.671431757977927646e-02
1.865000000000000000e+03,9.165820657685216921e-03,1.833164131537043384e-02,2.749746197305436013e-02,3.666328263074086768e-02
1.865500000000000000e+03,9.153079655780799184e-03,1.830615931156159837e-02,2.745923896734148162e-02,3.661231862312319674e-02
1.866000000000000000e+03,9.140356364580534687e-03,1.828071272916106937e-02,2.742106909374059098e-02,3.656142545832213875e-02
1.866500000000000000e+03,9.127650759463909469e-03,1.825530151892781894e-02,2.738295227838999368e-02,3.651060303785563788e-02
1.867000000000000000e+03,9.114962815847629796e-03,1.822992563169525959e-02,2.734488844754234815e-02,3.645985126339051918e-02
1.867500000000000000e+03,9.102292509179987778e-03,1.820458501835997556e-02,2.730687752753924169e-02,3.640917003671995111e-02
1.868000000000000000e+03,9.089639814946232077e-03,1.817927962989246415e-02,2.726891944483816888e-02,3.635855925978492831e-02
1.868500000000000000e+03,9.077004708661712273e-03,1.815400941732342455e-02,2.723101412598571969e-02,3.630801883464684909e-02
1.869000000000000000e+03,9.064387165880677388e-03,1.812877433176135478e-02,2.719316149764317014e-02,3.625754866352270955e-02
1.869500000000000000e+03,9.051787162187130420e-03,1.810357432437426084e-02,2.715536148656139126e-02,3.620714864874852168e-02
1.870000000000000000e+03,9.039204673202183571e-03,1.807840934640436714e-02,2.711761401960716134e-02,3.615681869280873428e-02
1.870500000000000000e+03,9.026639674577965899e-03,1.805327934915593180e-02,2.707991902373324544e-02,3.610655869831186360e-02
1.871000000000000000e+03,9.014092142003354846e-03,1.802818428400670969e-02,2.704227642600920412e-02,3.605636856801341938e-02
1.871500000000000000e+03,9.001562051198036540e-03,1.800312410239607308e-02,2.700468615359236102e-02,3.600624820479214616e-02
1.872000000000000000e+03,8.989049377918528760e-03,1.797809875583705752e-02,2.696714813375494790e-02,3.595619751167411504e-02
1.872500000000000000e+03,8.976554097951783273e-03,1.795310819590356655e-02,2.692966229385329591e-02,3.590621639180713309e-02
1.873000000000000000e+03,8.964076187122096973e-03,1.792815237424419395e-02,2.689222856136463946e-02,3.585630474848838789e-02
1.873500000000000000e+03,8.951615621283368074e-03,1.790323124256673615e-02,2.685484686384770336e-02,3.580646248513347230e-02
1.874000000000000000e+03,8.939172376326923186e-03,1.787834475265384637e-02,2.681751712897928464e-02,3.575668950530769274e-02
1.874500000000000000e+03,8.926746428174189840e-03,1.785349285634837968e-02,2.678023928452022417e-02,3.570698571269675936e-02
1.875000000000000000e+03,8.914337752783094149e-03,1.782867550556618830e-02,2.674301325834793630e-02,3.565735101113237659e-02
1.875500000000000000e+03,8.901946326142065602e-03,1.780389265228413120e-02,2.670583897842504495e-02,3.560778530456826241e-02
1.876000000000000000e+03,8.889572124275990639e-03,1.777914424855198128e-02,2.666871637282797192e-02,3.555828849710396256e-02
1.876500000000000000e+03,8.877215123239995398e-03,1.775443024647999080e-02,2.663164536971940333e-02,3.550886049295998159e-02
1.877000000000000000e+03,8.864875299125246633e-03,1.772975059825049327e-02,2.659462589737526805e-02,3.545950119650098653e-02
1.877500000000000000e+03,8.852552628053511619e-03,1.770510525610702324e-02,2.655765788415970219e-02,3.541021051221404647e-02
1.878000000000000000e+03,8.840247086182750902e-03,1.768049417236550180e-02,2.652074125854719799e-02,3.536098834473100361e-02
1.878500000000000000e+03,8.827958649700484717e-03,1.765591729940096943e-02,2.648387594910012188e-02,3.531183459880193887e-02
1.879000000000000000e+03,8.815687294831175969e-03,1.763137458966235194e-02,2.644706188449302831e-02,3.526274917932470387e-02
1.879500000000000000e+03,8.803432997828583573e-03,1.760686599565716715e-02,2.641029899348523724e-02,3.521373199131433429e-02
1.880000000000000000e+03,8.791195734983020538e-03,1.758239146996604108e-02,2.637358720494920039e-02,3.516478293993208215e-02
1.880500000000000000e+03,8.778975482614775894e-03,1.755795096522955179e-02,2.633692644784391135e-02,3.511590193045910357e-02
1.881000000000000000e+03,8.766772217079152330e-03,1.753354443415830466e-02,2.630031665123871987e-02,3.506708886831660932e-02
1.881500000000000000e+03,8.754585914762844090e-03,1.750917182952568818e-02,2.626375774428890697e-02,3.501834365905137636e-02
1.882000000000000000e+03,8.742416552086892945e-03,1.748483310417378589e-02,2.622724965626171967e-02,3.496966620834757178e-02
1.882500000000000000e+03,8.730264105503371397e-03,1.746052821100674279e-02,2.619079231650994766e-02,3.492105642201348559e-02
1.883000000000000000e+03,8.718128551498866008e-03,1.743625710299773202e-02,2.615438565449706987e-02,3.487251420599546403e-02
1.883500000000000000e+03,8.706009866590633250e-03,1.741201973318126650e-02,2.611802959977316263e-02,3.482403946636253300e-02
1.884000000000000000e+03,8.693908027330957133e-03,1.738781605466191427e-02,2.608172408199499470e-02,3.477563210932382853e-02
1.884500000000000000e+03,8.681823010301945032e-03,1.736364602060389006e-02,2.604546903090759757e-02,3.472729204120778013e-02
1.885000000000000000e+03,8.669754792121397990e-03,1.733950958424279598e-02,2.600926437636635891e-02,3.467901916848559196e-02
1.885500000000000000e+03,8.657703349436773888e-03,1.731540669887354778e-02,2.597311004831104331e-02,3.463081339774709555e-02
1.886000000000000000e+03,8.645668658929822614e-03,1.729133731785964523e-02,2.593700597679260422e-02,3.458267463571929046e-02
1.886500000000000000e+03,8.633650697313630107e-03,1.726730139462726021e-02,2.590095209194215320e-02,3.453460278925452043e-02
1.887000000000000000e+03,8.621649441334727770e-03,1.724329888266945554e-02,2.586494832400598742e-02,3.448659776533891108e-02
1.887500000000000000e+03,8.609664867770316921e-03,1.721932973554063384e-02,2.582899460331156138e-02,3.443865947108126768e-02
1.888000000000000000e+03,8.597696953432321099e-03,1.719539390686464220e-02,2.579309086029790699e-02,3.439078781372928439e-02
1.888500000000000000e+03,8.585745675162140267e-03,1.717149135032428053e-02,2.575723702548654570e-02,3.434298270064856107e-02
1.889000000000000000e+03,8.573811009835716201e-03,1.714762201967143240e-02,2.572143302950841148e-02,3.429524403934286481e-02
1.889500000000000000e+03,8.561892934359188745e-03,1.712378586871837749e-02,2.568567880307848217e-02,3.424757173743675498e-02
1.890000000000000000e+03,8.549991425672906487e-03,1.709998285134581297e-02,2.564997427702014887e-02,3.419996570269162595e-02
1.890500000000000000e+03,8.538106460746597293e-03,1.707621292149319459e-02,2.561431938224140170e-02,3.415242584298638917e-02
1.891000000000000000e+03,8.526238016585321877e-03,1.705247603317064375e-02,2.557871404975770036e-02,3.410495206634128751e-02
1.891500000000000000e+03,8.514386070222923486e-03,1.702877214044584697e-02,2.554315821066915904e-02,3.405754428089169394e-02
1.892000000000000000e+03,8.502550598727218190e-03,1.700510119745443638e-02,2.550765179618308398e-02,3.401020239490887276e-02
1.892500000000000000e+03,8.490731579196497680e-03,1.698146315839299536e-02,2.547219473759021469e-02,3.396292631678599072e-02
1.893000000000000000e+03,8.478928988762540753e-03,1.695785797752508151e-02,2.543678696628831615e-02,3.391571595505016301e-02
1.893500000000000000e+03,8.467142804586921812e-03,1.693428560917384362e-02,2.540142841376175076e-02,3.386857121834768725e-02
1.894000000000000000e+03,8.455373003865396253e-03,1.691074600773079251e-02,2.536611901159707694e-02,3.382149201546158501e-02
1.894500000000000000e+03,8.443619563822557517e-03,1.688723912764511503e-02,2.533085869146800562e-02,3.377447825529023007e-02
1.895000000000000000e+03,8.431882461717568611e-03,1.686376492343513722e-02,2.529564738515294176e-02,3.372752984687027444e-02
1.895500000000000000e+03,8.420161674838499977e-03,1.684032334967699995e-02,2.526048502451616606e-02,3.368064669935399991e-02
1.896000000000000000e+03,8.408457180507450390e-03,1.681691436101490078e-02,2.522537154152326710e-02,3.363382872202980156e-02
1.896500000000000000e+03,8.396768956075773005e-03,1.679353791215154601e-02,2.519030686822809617e-02,3.358707582430309202e-02
1.897000000000000000e+03,8.385096978928363587e-03,1.677019395785672717e-02,2.515529093678670058e-02,3.354038791571345435e-02
1.897500000000000000e+03,8.373441226479858002e-03,1.674688245295971600e-02,2.512032367944078137e-02,3.349376490591943201e-02
1.898000000000000000e+03,8.361801676177602061e-03,1.672360335235520412e-02,2.508540502853434662e-02,3.344720670471040824e-02
1.898500000000000000e+03,8.350178305498820452e-03,1.670035661099764090e-02,2.505053491649789077e-02,3.340071322199528181e-02
1.899000000000000000e+03,8.338571091954266601e-03,1.667714218390853320e-02,2.501571327586432636e-02,3.335428436781706640e-02
1.899500000000000000e+03,8.326980013083296051e-03,1.665396002616659210e-02,2.498094003925099837e-02,3.330792005233318420e-02
1.900000000000000000e+03,8.315405046458848592e-03,1.663081009291769718e-02,2.494621513937783641e-02,3.326162018583539437e-02
1.900500000000000000e+03,8.303846169683104517e-03,1.660769233936620903e-02,2.491153850905031275e-02,3.321538467873241807e-02
1.901000000000000000e+03,8.292303360390884670e-03,1.658460672078176934e-02,2.487691008117481895e-02,3.316921344156353868e-02
1.901500000000000000e+03,8.280776596247416133e-03,1.656155319249483227e-02,2.484232978874417741e-02,3.312310638498966453e-02
1.902000000000000000e+03,8.269265854949206518e-03,1.653853170989841304e-02,2.480779756484963183e-02,3.307706341979682607e-02
1.902500000000000000e+03,8.257771114223072528e-03,1.651554222844614506e-02,2.477331334267096619e-02,3.303108445689229011e-02
1.903000000000000000e+03,8.246292351827763656e-03,1.649258470365552731e-02,2.473887705548527549e-02,3.298516940731105462e-02
1.903500000000000000e+03,8.234829545552074803e-03,1.646965909110414961e-02,2.470448863665763994e-02,3.293931818220829921e-02
1.904000000000000000e+03,8.223382673216858563e-03,1.644676534643371713e-02,2.467014801965261572e-02,3.289353069286743425e-02
1.904500000000000000e+03,8.211951712672471704e-03,1.642390342534494341e-02,2.463585513801819227e-02,3.284780685068988682e-02
1.905000000000000000e+03,8.200536641800704185e-03,1.640107328360140837e-02,2.460160992540294522e-02,3.280214656720281674e-02
1.905500000000000000e+03,8.189137438514015876e-03,1.637827487702803175e-02,2.456741231554243621e-02,3.275654975405606351e-02
1.906000000000000000e+03,8.177754080755800237e-03,1.635550816151160047e-02,2.453326224226776153e-02,3.271101632302320095e-02
1.906500000000000000e+03,8.166386546499537769e-03,1.633277309299907554e-02,2.449915963949866882e-02,3.266554618599815107e-02
1.907000000000000000e+03,8.155034813750003386e-03,1.631006962750000677e-02,2.446510444125021833e-02,3.262013925500001355e-02
1.907500000000000000e+03,8.143698860541961904e-03,1.628739772108392381e-02,2.443109658162634368e-02,3.257479544216784761e-02
1.908000000000000000e+03,8.132378664941153357e-03,1.626475732988230671e-02,2.439713599482473683e-02,3.252951465976461343e-02
1.908500000000000000e+03,8.121074205043626870e-03,1.624214841008725374e-02,2.436322261513090837e-02,3.248429682017450748e-02
1.909000000000000000e+03,8.109785458975962702e-03,1.621957091795192540e-02,2.432935637692856812e-02,3.243914183590385081e-02
1.909500000000000000e+03,8.098512404894744887e-03,1.619702480978948977e-02,2.429553721468435956e-02,3.239404961957897955e-02
1.910000000000000000e+03,8.087255020987699217e-03,1.617451004197539843e-02,2.426176506296279234e-02,3.234902008395079687e-02
1.910500000000000000e+03,8.076013285471431158e-03,1.615202657094286232e-02,2.422803985641369673e-02,3.230405314188572463e-02
1.911000000000000000e+03,8.064787176595256124e-03,1.612957435319051225e-02,2.419436152978510224e-02,3.225914870638102450e-02
1.911500000000000000e+03,8.053576672635967548e-03,1.610715334527193510e-02,2.416073001790652874e-02,3.221430669054387019e-02
1.912000000000000000e+03,8.042381751902638598e-03,1.608476350380527720e-02,2.412714525570713864e-02,3.216952700761055439e-02
1.912500000000000000e+03,8.031202392733347017e-03,1.606240478546669403e-02,2.409360717819891695e-02,3.212480957093338807e-02
1.913000000000000000e+03,8.020038573496951484e-03,1.604007714699390297e-02,2.406011572049121527e-02,3.208015429398780594e-02
1.913500000000000000e+03,8.008890272591592807e-03,1.601778054518318561e-02,2.402667081777509761e-02,3.203556109036637123e-02
1.914000000000000000e+03,7.997757468446622942e-03,1.599551493689324588e-02,2.399327240533982719e-02,3.199102987378649177e-02
1.914500000000000000e+03,7.986640139520051473e-03,1.597328027904010295e-02,2.395992041855987686e-02,3.194656055808020589e-02
1.915000000000000000e+03,7.975538264301015867e-03,1.595107652860203173e-02,2.392661479290297821e-02,3.190215305720406347e-02
1.915500000000000000e+03,7.964451821307449997e-03,1.592890364261489999e-02,2.389335546392212795e-02,3.185780728522979999e-02
1.916000000000000000e+03,7.953380789088249081e-03,1.590676157817649816e-02,2.386014236726430315e-02,3.181352315635299632e-02
1.916500000000000000e+03,7.942325146220896581e-03,1.588465029244179316e-02,2.382697543866163503e-02,3.176930058488358632e-02
1.917000000000000000e+03,7.931284871313865059e-03,1.586256974262773012e-02,2.379385461394178947e-02,3.172513948525546024e-02
1.917500000000000000e+03,7.920259943004645531e-03,1.584051988600929106e-02,2.376077982901325658e-02,3.168103977201858212e-02
1.918000000000000000e+03,7.909250339960788301e-03,1.581850067992157660e-02,2.372775101988255919e-02,3.163700135984315320e-02
1.918500000000000000e+03,7.898256040878876005e-03,1.579651208175775201e-02,2.369476812263665577e-02,3.159302416351550402e-02
1.919000000000000000e+03,7.887277024486355481e-03,1.577455404897271096e-02,2.366183107345931624e-02,3.154910809794542192e-02
1.919500000000000000e+03,7.876313269538609552e-03,1.575262653907721910e-02,2.362893980861463517e-02,3.150525307815443821e-02
1.920000000000000000e+03,7.865364754822135041e-03,1.573072950964427008e-02,2.359609426446518388e-02,3.146145901928854016e-02
1.920500000000000000e+03,7.854431459151156592e-03,1.570886291830231318e-02,2.356329437745174893e-02,3.141772583660462637e-02
1.921000000000000000e+03,7.843513361371276527e-03,1.568702672274255305e-02,2.353054008411320508e-02,3.137405344548510611e-02
1.921500000000000000e+03,7.832610440356005399e-03,1.566522088071201080e-02,2.349783132106636474e-02,3.133044176142402160e-02
1.922000000000000000e+03,7.821722675008968562e-03,1.564344535001793712e-02,2.346516802502590648e-02,3.128689070003587425e-02
1.922500000000000000e+03,7.810850044263101255e-03,1.562170008852620251e-02,2.343255013278877641e-02,3.124340017705240502e-02
1.923000000000000000e+03,7.799992527080482074e-03,1.559998505416096415e-02,2.339997758124090499e-02,3.119997010832192830e-02
1.923500000000000000e+03,7.789150102452124802e-03,1.557830020490424960e-02,2.336745030735437600e-02,3.115660040980849921e-02
1.924000000000000000e+03,7.778322749398644542e-03,1.555664549879728908e-02,2.333496824819547566e-02,3.111329099759457817e-02
1.924500000000000000e+03,7.767510446969660975e-03,1.553502089393932195e-02,2.330253134090759515e-02,3.107004178787864390e-02
1.925000000000000000e+03,7.756713174244228570e-03,1.551342634848845714e-02,2.327013952273326858e-02,3.102685269697691428e-02
1.925500000000000000e+03,7.745930910330003916e-03,1.549186182066000783e-02,2.323779273098908194e-02,3.098372364132001566e-02
1.926000000000000000e+03,7.735163634364272678e-03,1.547032726872854536e-02,2.320549090309265150e-02,3.094065453745709071e-02
1.926500000000000000e+03,7.724411325512200999e-03,1.544882265102440200e-02,2.317323397653564543e-02,3.089764530204880399e-02
1.927000000000000000e+03,7.713673962969416764e-03,1.542734792593883353e-02,2.314102188890793110e-02,3.085469585187766706e-02
1.927500000000000000e+03,7.702951525959206291e-03,1.540590305191841258e-02,2.310885457787631436e-02,3.081180610383682517e-02
1.928000000000000000e+03,7.692243993734693142e-03,1.538448798746938628e-02,2.307673198120385738e-02,3.076897597493877257e-02
1.928500000000000000e+03,7.681551345576839718e-03,1.536310269115367944e-02,2.304465403673033874e-02,3.072620538230735887e-02
1.929000000000000000e+03,7.670873560796542812e-03,1.534174712159308562e-02,2.301262068238957292e-02,3.068349424318617125e-02
1.929500000000000000e+03,7.660210618732371524e-03,1.532042123746474305e-02,2.298063185619647619e-02,3.064084247492948609e-02
1.930000000000000000e+03,7.649562498752454642e-03,1.529912499750490928e-02,2.294868749625683657e-02,3.059824999500981857e-02
1.930500000000000000e+03,7.638929180253203888e-03,1.527785836050640778e-02,2.291678754075848756e-02,3.055571672101281555e-02
1.931000000000000000e+03,7.628310642659563712e-03,1.525662128531912742e-02,2.288493192797813602e-02,3.051324257063825485e-02
1.931500000000000000e+03,7.617706865425621920e-03,1.523541373085124384e-02,2.285312059627531145e-02,3.047082746170248768e-02
1.932000000000000000e+03,7.607117828033180262e-03,1.521423565606636052e-02,2.282135348409952691e-02,3.042847131213272105e-02
1.932500000000000000e+03,7.596543509993378129e-03,1.519308701998675626e-02,2.278963052997934335e-02,3.038617403997351252e-02
1.933000000000000000e+03,7.585983890845471311e-03,1.517196778169094262e-02,2.275795167253613638e-02,3.034393556338188525e-02
1.933500000000000000e+03,7.575438950157067919e-03,1.515087790031413584e-02,2.272631685047038497e-02,3.030175580062827168e-02
1.934000000000000000e+03,7.564908667524503083e-03,1.512981733504900617e-02,2.269472600257338435e-02,3.025963467009801233e-02
1.934500000000000000e+03,7.554393022571742611e-03,1.510878604514348522e-02,2.266317906771447843e-02,3.021757209028697044e-02
1.935000000000000000e+03,7.543891994952173219e-03,1.508778398990434644e-02,2.263167598485621435e-02,3.017556797980869288e-02
1.935500000000000000e+03,7.533405564346506988e-03,1.506681112869301398e-02,2.260021669303929892e-02,3.013362225738602795e-02
1.936000000000000000e+03,7.522933710464169144e-03,1.504586742092833829e-02,2.256880113139370092e-02,3.009173484185667657e-02
1.936500000000000000e+03,7.512476413042909473e-03,1.502495282608581895e-02,2.253742923912849250e-02,3.004990565217163789e-02
1.937000000000000000e+03,7.502033651848177831e-03,1.500406730369635566e-02,2.250610095554539392e-02,3.000813460739271132e-02
1.937500000000000000e+03,7.491605406674067824e-03,1.498321081334813565e-02,2.247481622002123203e-02,2.996642162669627130e-02
1.938000000000000000e+03,7.481191657342303736e-03,1.496238331468460747e-02,2.244357497202692509e-02,2.992476662936921494e-02
1.938500000000000000e+03,7.470792383702809514e-03,1.494158476740561903e-02,2.241237715110799833e-02,2.988316953481123806e-02
1.939000000000000000e+03,7.460407565633597748e-03,1.492081513126719550e-02,2.238122269690095978e-02,2.984163026253439099e-02
1.939500000000000000e+03,7.450037183040825184e-03,1.490007436608165037e-02,2.235011154912125431e-02,2.980014873216330074e-02
1.940000000000000000e+03,7.439681215858320873e-03,1.487936243171664175e-02,2.231904364757480996e-02,2.975872486343328349e-02
1.940500000000000000e+03,7.429339644047336377e-03,1.485867928809467275e-02,2.228801893214243934e-02,2.971735857618934551e-02
1.941000000000000000e+03,7.419012447598405391e-03,1.483802489519681078e-02,2.225703734279504964e-02,2.967604979039362156e-02
1.941500000000000000e+03,7.408699606528248993e-03,1.481739921305649799e-02,2.222609881958342859e-02,2.963479842611299597e-02
1.942000000000000000e+03,7.398401100882204262e-03,1.479680220176440852e-02,2.219520330264723729e-02,2.959360440352881705e-02
1.942500000000000000e+03,7.388116910733558140e-03,1.477623382146711628e-02,2.216435073220035523e-02,2.955246764293423256e-02
1.943000000000000000e+03,7.377847016182825790e-03,1.475569403236565158e-02,2.213354104854864390e-02,2.951138806473130316e-02
1.943500000000000000e+03,7.367591397358194683e-03,1.473518279471638937e-02,2.210277419207462568e-02,2.947036558943277873e-02
1.944000000000000000e+03,7.357350034416024198e-03,1.471470006883204840e-02,2.207205010324814198e-02,2.942940013766409679e-02
1.944500000000000000e+03,7.347122907539305192e-03,1.469424581507861038e-02,2.204136872261669433e-02,2.938849163015722077e-02
1.945000000000000000e+03,7.336909996939214307e-03,1.467381999387842861e-02,2.201072999081743475e-02,2.934763998775685723e-02
1.945500000000000000e+03,7.326711282854364571e-03,1.465342256570872914e-02,2.198013384856190022e-02,2.930684513141745828e-02
1.946000000000000000e+03,7.316526745551207855e-03,1.463305349110241571e-02,2.194958023665299907e-02,2.926610698220483142e-02
1.946500000000000000e+03,7.306356365322605462e-03,1.461271273064521092e-02,2.191906909596680331e-02,2.922542546129042185e-02
1.947000000000000000e+03,7.296200122489701623e-03,1.459240024497940325e-02,2.188860036746975712e-02,2.918480048995880649e-02
1.947500000000000000e+03,7.286057997400993691e-03,1.457211599480198738e-02,2.185817399220324475e-02,2.914423198960397476e-02
1.948000000000000000e+03,7.275929970431777027e-03,1.455185994086355405e-02,2.182778991129624702e-02,2.910371988172710811e-02
1.948500000000000000e+03,7.265816021984561335e-03,1.453163204396912267e-02,2.179744806595418360e-02,2.906326408793824534e-02
1.949000000000000000e+03,7.255716132489958836e-03,1.451143226497991767e-02,2.176714839747195818e-02,2.902286452995983534e-02
1.949500000000000000e+03,7.245630282405143840e-03,1.449126056481028768e-02,2.173689084721636133e-02,2.898252112962057536e-02
1.950000000000000000e+03,7.235558452214518876e-03,1.447111690442903775e-02,2.170667535664438930e-02,2.894223380885807551e-02
1.950500000000000000e+03,7.225500622429506525e-03,1.445100124485901305e-02,2.167650186728964368e-02,2.890200248971802610e-02
1.951000000000000000e+03,7.215456773588771466e-03,1.443091354717754293e-02,2.164637032076810463e-02,2.886182709435508587e-02
1.951500000000000000e+03,7.205426886258137209e-03,1.441085377251627442e-02,2.161628065877480021e-02,2.882170754503254884e-02
1.952000000000000000e+03,7.195410941030364049e-03,1.439082188206072810e-02,2.158623282309268809e-02,2.878164376412145620e-02
1.952500000000000000e+03,7.185408918524816002e-03,1.437081783704963200e-02,2.155622675557489210e-02,2.874163567409926401e-02
1.953000000000000000e+03,7.175420799388682047e-03,1.435084159877736409e-02,2.152626239816679554e-02,2.870168319755472819e-02
1.953500000000000000e+03,7.165446564294936094e-03,1.433089312858987219e-02,2.149633969288511359e-02,2.866178625717974437e-02
1.954000000000000000e+03,7.155486193944196605e-03,1.431097238788839321e-02,2.146645858183410249e-02,2.862194477577678642e-02
1.954500000000000000e+03,7.145539669063769028e-03,1.429107933812753806e-02,2.143661900719218139e-02,2.858215867625507611e-02
1.955000000000000000e+03,7.135606970407826211e-03,1.427121394081565242e-02,2.140682091122581010e-02,2.854242788163130484e-02
1.955500000000000000e+03,7.125688078757089206e-03,1.425137615751417841e-02,2.137706423627128149e-02,2.850275231502835682e-02
1.956000000000000000e+03,7.115782974918744008e-03,1.423156594983748802e-02,2.134734892475681489e-02,2.846313189967497603e-02
1.956500000000000000e+03,7.105891639727066056e-03,1.421178327945413211e-02,2.131767491918046264e-02,2.842356655890826422e-02
1.957000000000000000e+03,7.096014054043114916e-03,1.419202810808622983e-02,2.128804216212898393e-02,2.838405621617245966e-02
1.957500000000000000e+03,7.086150198753901619e-03,1.417230039750780324e-02,2.125845059626108036e-02,2.834460079501560648e-02
1.958000000000000000e+03,7.076300054773831949e-03,1.415260010954766390e-02,2.122890016432232851e-02,2.830520021909532780e-02
1.958500000000000000e+03,7.066463603043263153e-03,1.413292720608652631e-02,2.119939080913030294e-02,2.826585441217305261e-02
1.959000000000000000e+03,7.056640824529294975e-03,1.411328164905858995e-02,2.116992247358939760e-02,2.822656329811717990e-02
1.959500000000000000e+03,7.046831700225103523e-03,1.409366340045020705e-02,2.114049510067605997e-02,2.818732680090041409e-02
1.960000000000000000e+03,7.037036211151148635e-03,1.407407242230229727e-02,2.111110863345355693e-02,2.814814484460459454e-02
1.960500000000000000e+03,7.027254338352870167e-03,1.405450867670574033e-02,2.108176301505937378e-02,2.810901735341148067e-02
1.961000000000000000e+03,7.017486062903408039e-03,1.403497212580681608e-02,2.105245818871209762e-02,2.806994425161363216e-02
1.961500000000000000e+03,7.007731365901673226e-03,1.401546273180334645e-02,2.102319409770586622e-02,2.803092546360669290e-02
1.962000000000000000e+03,6.997990228472861229e-03,1.399598045694572246e-02,2.099397068541974942e-02,2.799196091389144492e-02
1.962500000000000000e+03,6.988262631768313304e-03,1.397652526353662661e-02,2.096478789530581421e-02,2.795305052707325322e-02
1.963000000000000000e+03,6.978548556965710747e-03,1.395709711393142149e-02,2.093564567089784001e-02,2.791419422786284299e-02
1.963500000000000000e+03,6.968847985268783463e-03,1.393769597053756693e-02,2.090654395580698877e-02,2.787539194107513385e-02
1.964000000000000000e+03,6.959160897907670784e-03,1.391832179581534157e-02,2.087748269372347032e-02,2.783664359163068314e-02
1.964500000000000000e+03,6.949487276138241465e-03,1.389897455227648293e-02,2.084846182841482154e-02,2.779794910455296586e-02
1.965000000000000000e+03,6.939827101242385110e-03,1.387965420248477022e-02,2.081948130372729411e-02,2.775930840496954044e-02
1.965500000000000000e+03,6.930180354528456266e-03,1.386036070905691253e-02,2.079054106358596554e-02,2.772072141811382506e-02
1.966000000000000000e+03,6.920547017330483386e-03,1.384109403466096677e-02,2.076164105199262977e-02,2.768218806932193354e-02
1.966500000000000000e+03,6.910927071008446387e-03,1.382185414201689277e-02,2.073278121302635224e-02,2.764370828403378555e-02
1.967000000000000000e+03,6.901320496948512573e-03,1.380264099389702515e-02,2.070396149084624549e-02,2.760528198779405029e-02
1.967500000000000000e+03,6.891727276562217841e-03,1.378345455312443568e-02,2.067518182968636209e-02,2.756690910624887136e-02
1.968000000000000000e+03,6.882147391287243843e-03,1.376429478257448769e-02,2.064644217386180092e-02,2.752858956514897537e-02
1.968500000000000000e+03,6.872580822587084914e-03,1.374516164517416983e-02,2.061774246776115760e-02,2.749032329034833966e-02
1.969000000000000000e+03,6.863027551951186855e-03,1.372605510390237371e-02,2.058908265585346342e-02,2.745211020780474742e-02
1.969500000000000000e+03,6.853487560893850583e-03,1.370697512178770117e-02,2.056046268268119093e-02,2.741395024357540233e-02
1.970000000000000000e+03,6.843960830956466457e-03,1.368792166191293291e-02,2.053188249286930223e-02,2.737584332382586583e-02
1.970500000000000000e+03,6.834447343704655453e-03,1.366889468740931091e-02,2.050334203111403575e-02,2.733778937481862181e-02
1.971000000000000000e+03,6.824947080731127991e-03,1.364989416146225598e-02,2.047484124219356438e-02,2.729978832292451196e-02
1.971500000000000000e+03,6.815460023652700206e-03,1.363092004730540041e-02,2.044638007095789245e-02,2.726184009461080082e-02
1.972000000000000000e+03,6.805986154112875219e-03,1.361197230822575044e-02,2.041795846233851464e-02,2.722394461645150088e-02
1.972500000000000000e+03,6.796525453780150050e-03,1.359305090756030010e-02,2.038957636133953422e-02,2.718610181512060020e-02
1.973000000000000000e+03,6.787077904348251534e-03,1.357415580869650307e-02,2.036123371304449092e-02,2.714831161739300613e-02
1.973500000000000000e+03,6.777643487536941236e-03,1.355528697507388247e-02,2.033293046261053227e-02,2.711057395014776494e-02
1.974000000000000000e+03,6.768222185091501975e-03,1.353644437018300395e-02,2.030466655527413122e-02,2.707288874036600790e-02
1.974500000000000000e+03,6.758813978781683107e-03,1.351762795756336621e-02,2.027644193634459135e-02,2.703525591512673243e-02
1.975000000000000000e+03,6.749418850403254844e-03,1.349883770080650969e-02,2.024825655121009760e-02,2.699767540161301937e-02
1.975500000000000000e+03,6.740036781777508645e-03,1.348007356355501729e-02,2.022011034533205409e-02,2.696014712711003458e-02
1.976000000000000000e+03,6.730667754750077614e-03,1.346133550950015523e-02,2.019200326425080183e-02,2.692267101900031046e-02
1.976500000000000000e+03,6.721311751192879380e-03,1.344262350238575876e-02,2.016393525357923489e-02,2.688524700477151752e-02
1.977000000000000000e+03,6.711968753002589549e-03,1.342393750600517910e-02,2.013590625900812947e-02,2.684787501201035820e-02
1.977500000000000000e+03,6.702638742100516800e-03,1.340527748420103360e-02,2.010791622630253572e-02,2.681055496840206720e-02
1.978000000000000000e+03,6.693321700434101684e-03,1.338664340086820337e-02,2.007996510130394263e-02,2.677328680173640674e-02
1.978500000000000000e+03,6.684017609975348440e-03,1.336803521995069688e-02,2.005205282992683635e-02,2.673607043990139376e-02
1.979000000000000000e+03,6.674726452721366221e-03,1.334945290544273244e-02,2.002417935816463990e-02,2.669890581088546488e-02
1.979500000000000000e+03,6.665448210693744602e-03,1.333089642138748920e-02,1.999634463208199708e-02,2.666179284277497841e-02
1.980000000000000000e+03,6.656182865940413196e-03,1.331236573188082639e-02,1.996854859782204450e-02,2.662473146376165278e-02
1.980500000000000000e+03,6.646930400532727323e-03,1.329386080106545465e-02,1.994079120159852891e-02,2.658772160213090929e-02
1.981000000000000000e+03,6.637690796568049278e-03,1.327538159313609856e-02,1.991307238970518867e-02,2.655076318627219711e-02
1.981500000000000000e+03,6.628464036168096873e-03,1.325692807233619375e-02,1.988539210850509553e-02,2.651385614467238749e-02
1.982000000000000000e+03,6.619250101479859372e-03,1.323850020295971874e-02,1.985775030444059119e-02,2.647700040591943749e-02
1.982500000000000000e+03,6.610048974674737066e-03,1.322009794934947413e-02,1.983014692402423895e-02,2.644019589869894826e-02
1.983000000000000000e+03,6.600860637948971488e-03,1.320172127589794298e-02,1.980258191384737243e-02,2.640344255179588595e-02
1.983500000000000000e+03,6.591685073523506633e-03,1.318337014704701327e-02,1.977505522057088072e-02,2.636674029409402653e-02
1.984000000000000000e+03,6.582522263644655092e-03,1.316504452728931018e-02,1.974756679093436773e-02,2.633008905457862037e-02
1.984500000000000000e+03,6.573372190582252306e-03,1.314674438116450461e-02,1.972011657174749244e-02,2.629348876232900922e-02
1.985000000000000000e+03,6.564234836632223957e-03,1.312846967326444791e-02,1.969270450989618615e-02,2.625693934652889583e-02
1.985500000000000000e+03,6.555110184113116523e-03,1.311022036822623305e-02,1.966533055233926630e-02,2.622044073645246609e-02
1.986000000000000000e+03,6.545998215370205098e-03,1.309199643074041020e-02,1.963799464611115653e-02,2.618399286148082039e-02
1.986500000000000000e+03,6.536898912771996195e-03,1.307379782554399239e-02,1.961069673831644655e-02,2.614759565108798478e-02
1.987000000000000000e+03,6.527812258712115123e-03,1.305562451742423025e-02,1.958343677613683109e-02,2.611124903484846049e-02
1.987500000000000000e+03,6.518738235607821063e-03,1.303747647121564213e-02,1.955621470682372687e-02,2.607495294243128425e-02
1.988000000000000000e+03,6.509676825902060981e-03,1.301935365180412196e-02,1.952903047770604417e-02,2.603870730360824393e-02
1.988500000000000000e+03,6.500628012060638561e-03,1.300125602412127712e-02,1.950188403618230426e-02,2.600251204824255424e-02
1.989000000000000000e+03,6.491591776575447725e-03,1.298318355315089545e-02,1.947477532972741177e-02,2.596636710630179090e-02
1.989500000000000000e+03,6.482568101961364015e-03,1.296513620392272803e-02,1.944770430588504961e-02,2.593027240784545606e-02
1.990000000000000000e+03,6.473556970758437279e-03,1.294711394151687456e-02,1.942067091227661635e-02,2.589422788303374912e-02
1.990500000000000000e+03,6.464558365530240214e-03,1.292911673106048043e-02,1.939367509659173372e-02,2.585823346212096085e-02
1.991000000000000000e+03,6.455572268865616969e-03,1.291114453773123394e-02,1.936671680659757255e-02,2.582228907546246788e-02
1.991500000000000000e+03,6.446598663376101879e-03,1.289319732675220376e-02,1.933979599012908279e-02,2.578639465350440751e-02
1.992000000000000000e+03,6.437637531698778282e-03,1.287527506339755656e-02,1.931291259509798630e-02,2.575055012679511313e-02
1.992500000000000000e+03,6.428688856494294002e-03,1.285737771298858800e-02,1.928606656948411713e-02,2.571475542597717601e-02
1.993000000000000000e+03,6.419752620447860547e-03,1.283950524089572109e-02,1.925925786134413675e-02,2.567901048179144219e-02
1.993500000000000000e+03,6.410828806267379609e-03,1.282165761253475922e-02,1.923248641880259679e-02,2.564331522506951844e-02
1.994000000000000000e+03,6.401917396686510053e-03,1.280383479337302011e-02,1.920575219006070977e-02,2.560766958674604021e-02
1.994500000000000000e+03,6.393018374461809095e-03,1.278603674892361819e-02,1.917905512338607954e-02,2.557207349784723638e-02
1.995000000000000000e+03,6.384131722374786211e-03,1.276826344474957242e-02,1.915239516712441414e-02,2.553652688949914484e-02
1.995500000000000000e+03,6.375257423229155340e-03,1.275051484645831068e-02,1.912577226968803501e-02,2.550102969291662136e-02
1.996000000000000000e+03,6.366395459854637395e-03,1.273279091970927479e-02,1.909918637956459220e-02,2.546558183941854958e-02
1.996500000000000000e+03,6.357545815103060605e-03,1.271509163020612121e-02,1.907263744530979244e-02,2.543018326041224242e-02
1.997000000000000000e+03,6.348708471851677304e-03,1.269741694370335461e-02,1.904612541555583682e-02,2.539483388740670922e-02
1.997500000000000000e+03,6.339883413000152457e-03,1.267976682600030491e-02,1.901965023900042961e-02,2.535953365200060983e-02
1.998000000000000000e+03,6.331070621472770221e-03,1.266214124294554044e-02,1.899321186441782494e-02,2.532428248589108088e-02
1.998500000000000000e+03,6.322270080216685351e-03,1.264454016043337070e-02,1.896681024065005605e-02,2.528908032086674140e-02
1.999000000000000000e+03,6.313481772204074249e-03,1.262696354440814850e-02,1.894044531661243091e-02,2.525392708881629700e-02
1.999500000000000000e+03,6.304705680429567582e-03,1.260941136085913516e-02,1.891411704128859173e-02,2.521882272171827033e-02
2.000000000000000000e+03,6.295941787912401333e-03,1.259188357582480267e-02,1.888782536373684318e-02,2.518376715164960533e-02
