t,Ti_20C,Ti_40C,Ti_60C,Ti_80C
0.000000000000000000e+00,2.000000000000000000e+01,4.000000000000000000e+01,6.000000000000000000e+01,8.000000000000000000e+01
5.000000000000000000e-01,1.999748006016219293e+01,3.999496012032438585e+01,5.999244018048648286e+01,7.998992024064877171e+01
1.000000000000000000e+00,1.998669167369320832e+01,3.997338334738641663e+01,5.996007502107950415e+01,7.994676669477283326e+01
1.500000000000000000e+00,1.996800769656904606e+01,3.993601539313809212e+01,5.990402308970710266e+01,7.987203078627618424e+01
2.000000000000000000e+00,1.994843004981257550e+01,3.989686009962515101e+01,5.984529014943763769e+01,7.979372019925030202e+01
2.500000000000000000e+00,1.992986307460663653e+01,3.985972614921327306e+01,5.978958922381983854e+01,7.971945229842654612e+01
3.000000000000000000e+00,1.991167217163638625e+01,3.982334434327277251e+01,5.973501651490899889e+01,7.964668868654554501e+01
3.500000000000000000e+00,1.989471199456462003e+01,3.978942398912924006e+01,5.968413598369372863e+01,7.957884797825848011e+01
4.000000000000000000e+00,1.987861660682712994e+01,3.975723321365425988e+01,5.963584982048124772e+01,7.951446642730851977e+01
4.500000000000000000e+00,1.986345664051839677e+01,3.972691328103679353e+01,5.959036992155500911e+01,7.945382656207358707e+01
5.000000000000000000e+00,1.984920024574829966e+01,3.969840049149659933e+01,5.954760073724474267e+01,7.939680098299319866e+01
5.500000000000000000e+00,1.983568786574547715e+01,3.967137573149095431e+01,5.950706359723626093e+01,7.934275146298190862e+01
6.000000000000000000e+00,1.982296755411243794e+01,3.964593510822487588e+01,5.946890266233713618e+01,7.929187021644975175e+01
6.500000000000000000e+00,1.981087716720848135e+01,3.962175433441696271e+01,5.943263150162528063e+01,7.924350866883392541e+01
7.000000000000000000e+00,1.979944550750139598e+01,3.959889101500279196e+01,5.939833652250401030e+01,7.919778203000558392e+01
7.500000000000000000e+00,1.978856310744110303e+01,3.957712621488220606e+01,5.936568932232312790e+01,7.915425242976441211e+01
8.000000000000000000e+00,1.977822467027899123e+01,3.955644934055798245e+01,5.933467401083677117e+01,7.911289868111596491e+01
8.500000000000000000e+00,1.976836889234096617e+01,3.953673778468193234e+01,5.930510667702272798e+01,7.907347556936386468e+01
9.000000000000000000e+00,1.975896751048918887e+01,3.951793502097837774e+01,5.927690253146730015e+01,7.903587004195675547e+01
9.500000000000000000e+00,1.974999012104321849e+01,3.949998024208643699e+01,5.924997036312953469e+01,7.899996048417287398e+01
1.000000000000000000e+01,1.974139900487162791e+01,3.948279800974325582e+01,5.922419701461467412e+01,7.896559601948651164e+01
1.050000000000000000e+01,1.973317978793656025e+01,3.946635957587312049e+01,5.919953936380963455e+01,7.893271915174624098e+01
1.100000000000000000e+01,1.972529462705956504e+01,3.945058925411913009e+01,5.917588388117858500e+01,7.890117850823826018e+01
1.150000000000000000e+01,1.971773563188811806e+01,3.943547126377623613e+01,5.915320689566429735e+01,7.887094252755247226e+01
1.200000000000000000e+01,1.971046966478459339e+01,3.942093932956918678e+01,5.913140899435364872e+01,7.884187865913837356e+01
1.250000000000000000e+01,1.970349023301173119e+01,3.940698046602346238e+01,5.911047069903513318e+01,7.881396093204692477e+01
1.300000000000000000e+01,1.969677055062551574e+01,3.939354110125103148e+01,5.909031165187646195e+01,7.878708220250206296e+01
1.350000000000000000e+01,1.969030334356714818e+01,3.938060668713429635e+01,5.907091003070136992e+01,7.876121337426859270e+01
1.400000000000000000e+01,1.968406799659548767e+01,3.936813599319097534e+01,5.905220398978642038e+01,7.873627198638195068e+01
1.450000000000000000e+01,1.967805589308445846e+01,3.935611178616891692e+01,5.903416767925332920e+01,7.871222357233783384e+01
1.500000000000000000e+01,1.967225156034371025e+01,3.934450312068742051e+01,5.901675468103103128e+01,7.868900624137484101e+01
1.550000000000000000e+01,1.966664523752477223e+01,3.933329047504954445e+01,5.899993571257433445e+01,7.866658095009908891e+01
1.600000000000000000e+01,1.966122531808179374e+01,3.932245063616358749e+01,5.898367595424539189e+01,7.864490127232717498e+01
1.650000000000000000e+01,1.965598135621898734e+01,3.931196271243797469e+01,5.896794406865692650e+01,7.862392542487594937e+01
1.700000000000000000e+01,1.965090440496992130e+01,3.930180880993984260e+01,5.895271321490973548e+01,7.860361761987968521e+01
1.750000000000000000e+01,1.964598379975227971e+01,3.929196759950455942e+01,5.893795139925676096e+01,7.858393519900911883e+01
1.800000000000000000e+01,1.964121225548403871e+01,3.928242451096807741e+01,5.892363676645206993e+01,7.856484902193615483e+01
1.850000000000000000e+01,1.963657925562280582e+01,3.927315851124561163e+01,5.890973776686833219e+01,7.854631702249122327e+01
1.900000000000000000e+01,1.963207842446106710e+01,3.926415684892213420e+01,5.889623527338316933e+01,7.852831369784426840e+01
1.950000000000000000e+01,1.962769963524161199e+01,3.925539927048322397e+01,5.888309890572485727e+01,7.851079854096644794e+01
2.000000000000000000e+01,1.962343689813425129e+01,3.924687379626850259e+01,5.887031069440278230e+01,7.849374759253700518e+01
2.050000000000000000e+01,1.961928060546622632e+01,3.923856121093245264e+01,5.885784181639864698e+01,7.847712242186490528e+01
2.100000000000000000e+01,1.961522482040881954e+01,3.923044964081763908e+01,5.884567446122638046e+01,7.846089928163527816e+01
2.150000000000000000e+01,1.961126049810796346e+01,3.922252099621592691e+01,5.883378149432377313e+01,7.844504199243185383e+01
2.200000000000000000e+01,1.960738156869462401e+01,3.921476313738924802e+01,5.882214470608369083e+01,7.842952627477849603e+01
2.250000000000000000e+01,1.960357953683794108e+01,3.920715907367588215e+01,5.881073861051375218e+01,7.841431814735176431e+01
2.300000000000000000e+01,1.959984811966914720e+01,3.919969623933829439e+01,5.879954435900739895e+01,7.839939247867658878e+01
2.350000000000000000e+01,1.959617932554554898e+01,3.919235865109109795e+01,5.878853797663652614e+01,7.838471730218219591e+01
2.400000000000000000e+01,1.959256665052549096e+01,3.918513330105098191e+01,5.877769995157628813e+01,7.837026660210196383e+01
2.450000000000000000e+01,1.958900254685347875e+01,3.917800509370695750e+01,5.876700764056018755e+01,7.835601018741391499e+01
2.500000000000000000e+01,1.958548032652045023e+01,3.917096065304090047e+01,5.875644097956122636e+01,7.834192130608180094e+01
2.550000000000000000e+01,1.958199282461621138e+01,3.916398564923242276e+01,5.874597847384843874e+01,7.832797129846484552e+01
2.600000000000000000e+01,1.957853323122521871e+01,3.915706646245043743e+01,5.873559969367546785e+01,7.831413292490087485e+01
2.650000000000000000e+01,1.957509470978758870e+01,3.915018941957517740e+01,5.872528412936262043e+01,7.830037883915035479e+01
2.700000000000000000e+01,1.957167040169840533e+01,3.914334080339681066e+01,5.871501120509508809e+01,7.828668160679362131e+01
2.750000000000000000e+01,1.956825375480818607e+01,3.913650750961637215e+01,5.870476126442442677e+01,7.827301501923274429e+01
2.800000000000000000e+01,1.956483793662486192e+01,3.912967587324972385e+01,5.869451380987445788e+01,7.825935174649944770e+01
2.850000000000000000e+01,1.956141664735953611e+01,3.912283329471907223e+01,5.868424994207853018e+01,7.824566658943814446e+01
2.900000000000000000e+01,1.955798315105865370e+01,3.911596630211730741e+01,5.867394945317581545e+01,7.823193260423461481e+01
2.950000000000000000e+01,1.955453137972721933e+01,3.910906275945443866e+01,5.866359413918147681e+01,7.821812551890887732e+01
3.000000000000000000e+01,1.955105475659131287e+01,3.910210951318262573e+01,5.865316426977371123e+01,7.820421902636525147e+01
3.050000000000000000e+01,1.954754743493893798e+01,3.909509486987787596e+01,5.864264230481651907e+01,7.819018973975575193e+01
3.100000000000000000e+01,1.954400305041187735e+01,3.908800610082375471e+01,5.863200915123542245e+01,7.817601220164750941e+01
3.150000000000000000e+01,1.954041597520213358e+01,3.908083195040426716e+01,5.862124792560607034e+01,7.816166390080853432e+01
3.200000000000000000e+01,1.953678010077337035e+01,3.907356020154674070e+01,5.861034030231979131e+01,7.814712040309348140e+01
3.250000000000000000e+01,1.953309002191384280e+01,3.906618004382768561e+01,5.859927006574135078e+01,7.813236008765537122e+01
3.300000000000000000e+01,1.952933991981746331e+01,3.905867983963492662e+01,5.858801975945211638e+01,7.811735967926985325e+01
3.350000000000000000e+01,1.952552461966314112e+01,3.905104923932628225e+01,5.857657385898927771e+01,7.810209847865256449e+01
3.400000000000000000e+01,1.952163861755891006e+01,3.904327723511782011e+01,5.856491585267656319e+01,7.808655447023564022e+01
3.450000000000000000e+01,1.951767697922471356e+01,3.903535395844942713e+01,5.855303093767407319e+01,7.807070791689885425e+01
3.500000000000000000e+01,1.951363453313849305e+01,3.902726906627698611e+01,5.854090359941536548e+01,7.805453813255397222e+01
3.550000000000000000e+01,1.950950659660711750e+01,3.901901319321423500e+01,5.852851978982123882e+01,7.803802638642847000e+01
3.600000000000000000e+01,1.950528834127836220e+01,3.901057668255672439e+01,5.851586502383494803e+01,7.802115336511344879e+01
3.650000000000000000e+01,1.950097534683040124e+01,3.900195069366080247e+01,5.850292604049099054e+01,7.800390138732160494e+01
3.700000000000000000e+01,1.949656313328034685e+01,3.899312626656069369e+01,5.848968939984094106e+01,7.798625253312138739e+01
3.750000000000000000e+01,1.949204755233398600e+01,3.898409510466797201e+01,5.847614265700178038e+01,7.796819020933594402e+01
3.800000000000000000e+01,1.948742447296007896e+01,3.897484894592015792e+01,5.846227341888007345e+01,7.794969789184031583e+01
3.850000000000000000e+01,1.948269002681540485e+01,3.896538005363080970e+01,5.844807008044612218e+01,7.793076010726161940e+01
3.900000000000000000e+01,1.947784042866797094e+01,3.895568085733594188e+01,5.843352128600388085e+01,7.791136171467188376e+01
3.950000000000000000e+01,1.947287209593550372e+01,3.894574419187100744e+01,5.841861628780645788e+01,7.789148838374201489e+01
4.000000000000000000e+01,1.946778158306858586e+01,3.893556316613717172e+01,5.840334474920577890e+01,7.787112633227434344e+01
4.050000000000000000e+01,1.946256559674614195e+01,3.892513119349228390e+01,5.838769679023845072e+01,7.785026238698456780e+01
4.100000000000000000e+01,1.945722102267873765e+01,3.891444204535747531e+01,5.837166306803628402e+01,7.782888409071495062e+01
4.150000000000000000e+01,1.945174485794721519e+01,3.890348971589443039e+01,5.835523457384167756e+01,7.780697943178886078e+01
4.200000000000000000e+01,1.944613430934623111e+01,3.889226861869246221e+01,5.833840292803876082e+01,7.778453723738492442e+01
4.250000000000000000e+01,1.944038666320075137e+01,3.888077332640150274e+01,5.832115998960237135e+01,7.776154665280300549e+01
4.300000000000000000e+01,1.943449943591783580e+01,3.886899887183567159e+01,5.830349830775368503e+01,7.773799774367134319e+01
4.350000000000000000e+01,1.942847019975173950e+01,3.885694039950347900e+01,5.828541059925534995e+01,7.771388079900695800e+01
4.400000000000000000e+01,1.942229676832828034e+01,3.884459353665656067e+01,5.826689030498504707e+01,7.768918707331312135e+01
4.450000000000000000e+01,1.941597699455490300e+01,3.883195398910980600e+01,5.824793098366475874e+01,7.766390797821961200e+01
4.500000000000000000e+01,1.940950897626310834e+01,3.881901795252621667e+01,5.822852692878940672e+01,7.763803590505243335e+01
4.550000000000000000e+01,1.940289084000507813e+01,3.880578168001015626e+01,5.820867252001526992e+01,7.761156336002031253e+01
4.600000000000000000e+01,1.939612095442809192e+01,3.879224190885618384e+01,5.818836286328437524e+01,7.758448381771236768e+01
4.650000000000000000e+01,1.938919771123389779e+01,3.877839542246779558e+01,5.816759313370170048e+01,7.755679084493559117e+01
4.700000000000000000e+01,1.938211973631110041e+01,3.876423947262220082e+01,5.814635920893339005e+01,7.752847894524440164e+01
4.750000000000000000e+01,1.937488567677802109e+01,3.874977135355604219e+01,5.812465703033407749e+01,7.749954270711208437e+01
4.800000000000000000e+01,1.936749440215760032e+01,3.873498880431520064e+01,5.810248320647280451e+01,7.746997760863040128e+01
4.850000000000000000e+01,1.935994480425706143e+01,3.871988960851412287e+01,5.807983441277126246e+01,7.743977921702824574e+01
4.900000000000000000e+01,1.935223598271269196e+01,3.870447196542538393e+01,5.805670794813821090e+01,7.740894393085076786e+01
4.950000000000000000e+01,1.934436706252853710e+01,3.868873412505707421e+01,5.803310118758571434e+01,7.737746825011414842e+01
5.000000000000000000e+01,1.933633736011168480e+01,3.867267472022336960e+01,5.800901208033519652e+01,7.734534944044673921e+01
5.050000000000000000e+01,1.932814622161869167e+01,3.865629244323738334e+01,5.798443866485619935e+01,7.731258488647476668e+01
5.100000000000000000e+01,1.931979316713494299e+01,3.863958633426988598e+01,5.795937950140481831e+01,7.727917266853977196e+01
5.150000000000000000e+01,1.931127775156570081e+01,3.862255550313140162e+01,5.793383325469701361e+01,7.724511100626280324e+01
5.200000000000000000e+01,1.930259968588622499e+01,3.860519937177244998e+01,5.790779905765863589e+01,7.721039874354489996e+01
5.250000000000000000e+01,1.929375872115828727e+01,3.858751744231657455e+01,5.788127616347485827e+01,7.717503488463314909e+01
5.300000000000000000e+01,1.928475474680441337e+01,3.856950949360882674e+01,5.785426424041320814e+01,7.713901898721765349e+01
5.350000000000000000e+01,1.927558769741105849e+01,3.855117539482211697e+01,5.782676309223322875e+01,7.710235078964423394e+01
5.400000000000000000e+01,1.926625762878203219e+01,3.853251525756406437e+01,5.779877288634611432e+01,7.706503051512812874e+01
5.450000000000000000e+01,1.925676464648522668e+01,3.851352929297045335e+01,5.777029393945567648e+01,7.702705858594090671e+01
5.500000000000000000e+01,1.924710896103922053e+01,3.849421792207844106e+01,5.774132688311755857e+01,7.698843584415688213e+01
5.550000000000000000e+01,1.923729083664600736e+01,3.847458167329201473e+01,5.771187250993807538e+01,7.694916334658402945e+01
5.600000000000000000e+01,1.922731062728836449e+01,3.845462125457672897e+01,5.768193188186513964e+01,7.690924250915345795e+01
5.650000000000000000e+01,1.921716874373999318e+01,3.843433748747998635e+01,5.765150623122005413e+01,7.686867497495997270e+01
5.700000000000000000e+01,1.920686567262388778e+01,3.841373134524777555e+01,5.762059701787176635e+01,7.682746269049555110e+01
5.750000000000000000e+01,1.919640195957956763e+01,3.839280391915913526e+01,5.758920587873880237e+01,7.678560783831827052e+01
5.800000000000000000e+01,1.918577821348053902e+01,3.837155642696107805e+01,5.755733464044165970e+01,7.674311285392215609e+01
5.850000000000000000e+01,1.917499510353862746e+01,3.834999020707725492e+01,5.752498531061599607e+01,7.669998041415450984e+01
5.900000000000000000e+01,1.916405335092577999e+01,3.832810670185155999e+01,5.749216005277738617e+01,7.665621340370311998e+01
5.950000000000000000e+01,1.915295373758766218e+01,3.830590747517532435e+01,5.745886121276313929e+01,7.661181495035064870e+01
6.000000000000000000e+01,1.914169708748122289e+01,3.828339417496244579e+01,5.742509126244378592e+01,7.656678834992489158e+01
6.050000000000000000e+01,1.913028428493296573e+01,3.826056856986593147e+01,5.739085285479895049e+01,7.652113713973186293e+01
6.100000000000000000e+01,1.911871624760859945e+01,3.823743249521719889e+01,5.735614874282582321e+01,7.647486499043439778e+01
6.150000000000000000e+01,1.910699395236794729e+01,3.821398790473589457e+01,5.732098185710392357e+01,7.642797580947178915e+01
6.200000000000000000e+01,1.909511840194344146e+01,3.819023680388688291e+01,5.728535520583034923e+01,7.638047360777376582e+01
6.250000000000000000e+01,1.908309065639743096e+01,3.816618131279486192e+01,5.724927196919234262e+01,7.633236262558972385e+01
6.300000000000000000e+01,1.907091179531601099e+01,3.814182359063202199e+01,5.721273538594806496e+01,7.628364718126404398e+01
6.350000000000000000e+01,1.905858295315390905e+01,3.811716590630781809e+01,5.717574885946172714e+01,7.623433181261563618e+01
6.400000000000000000e+01,1.904610527856073787e+01,3.809221055712147574e+01,5.713831583568217809e+01,7.618442111424295149e+01
6.450000000000000000e+01,1.903347997209170117e+01,3.806695994418340234e+01,5.710043991627504312e+01,7.613391988836680468e+01
6.500000000000000000e+01,1.902070824408490779e+01,3.804141648816981558e+01,5.706212473225468074e+01,7.608283297633963116e+01
6.550000000000000000e+01,1.900779135341517545e+01,3.801558270683035090e+01,5.702337406024547306e+01,7.603116541366070180e+01
6.600000000000000000e+01,1.899473056514069214e+01,3.798946113028138427e+01,5.698419169542205509e+01,7.597892226056276854e+01
6.650000000000000000e+01,1.898152718917458870e+01,3.796305437834917740e+01,5.694458156752370570e+01,7.592610875669835480e+01
6.700000000000000000e+01,1.896818253872366711e+01,3.793636507744733422e+01,5.690454761617090185e+01,7.587273015489466843e+01
6.750000000000000000e+01,1.895469796794304429e+01,3.790939593588608858e+01,5.686409390382908668e+01,7.581879187177217716e+01
6.800000000000000000e+01,1.894107483200344788e+01,3.788214966400689576e+01,5.682322449601026904e+01,7.576429932801379152e+01
6.850000000000000000e+01,1.892731452297384465e+01,3.785462904594768929e+01,5.678194356892149131e+01,7.570925809189537858e+01
6.900000000000000000e+01,1.891341843217947272e+01,3.782683686435894543e+01,5.674025529653846434e+01,7.565367372871789087e+01
6.950000000000000000e+01,1.889938798372459416e+01,3.779877596744918833e+01,5.669816395117372565e+01,7.559755193489837666e+01
7.000000000000000000e+01,1.888522459964343625e+01,3.777044919928687250e+01,5.665567379893031585e+01,7.554089839857374500e+01
7.050000000000000000e+01,1.887092973062647161e+01,3.774185946125294322e+01,5.661278919187936509e+01,7.548371892250588644e+01
7.100000000000000000e+01,1.885650482432307484e+01,3.771300964864614969e+01,5.656951447296920321e+01,7.542601929729229937e+01
7.150000000000000000e+01,1.884195135296983992e+01,3.768390270593967983e+01,5.652585405890948067e+01,7.536780541187935967e+01
7.200000000000000000e+01,1.882727078507650376e+01,3.765454157015300751e+01,5.648181235522957166e+01,7.530908314030601503e+01
7.250000000000000000e+01,1.881246460977363100e+01,3.762492921954726199e+01,5.643739382932088233e+01,7.524985843909452399e+01
7.300000000000000000e+01,1.879753431200271763e+01,3.759506862400543525e+01,5.639260293600817420e+01,7.519013724801087051e+01
7.350000000000000000e+01,1.878248139350305124e+01,3.756496278700610247e+01,5.634744418050900094e+01,7.512992557401220495e+01
7.400000000000000000e+01,1.876730735153235941e+01,3.753461470306471881e+01,5.630192205459714927e+01,7.506922940612943762e+01
7.450000000000000000e+01,1.875201369649944638e+01,3.750402739299889276e+01,5.625604108949828230e+01,7.500805478599778553e+01
7.500000000000000000e+01,1.873660193416266750e+01,3.747320386832533501e+01,5.620980580248814817e+01,7.494640773665067002e+01
7.550000000000000000e+01,1.872107357998666188e+01,3.744214715997332377e+01,5.616322073995992525e+01,7.488429431994664753e+01
7.600000000000000000e+01,1.870543014470129606e+01,3.741086028940259212e+01,5.611629043410401607e+01,7.482172057880518423e+01
7.650000000000000000e+01,1.868967314551897019e+01,3.737934629103794038e+01,5.606901943655690701e+01,7.475869258207588075e+01
7.700000000000000000e+01,1.867380409488536941e+01,3.734760818977073882e+01,5.602141228465622191e+01,7.469521637954147764e+01
7.750000000000000000e+01,1.865782450873887655e+01,3.731564901747775309e+01,5.597347352621664385e+01,7.463129803495550618e+01
7.800000000000000000e+01,1.864173589824522637e+01,3.728347179649045273e+01,5.592520769473582476e+01,7.456694359298090546e+01
7.850000000000000000e+01,1.862553977531502269e+01,3.725107955063004539e+01,5.587661932594510006e+01,7.450215910126009078e+01
7.900000000000000000e+01,1.860923764708521588e+01,3.721847529417043177e+01,5.582771294125574002e+01,7.443695058834086353e+01
7.950000000000000000e+01,1.859283101893480250e+01,3.718566203786960500e+01,5.577849305680440040e+01,7.437132407573921000e+01
8.000000000000000000e+01,1.857632139145734484e+01,3.715264278291468969e+01,5.572896417437210914e+01,7.430528556582937938e+01
8.050000000000000000e+01,1.855971026122964318e+01,3.711942052245928636e+01,5.567913078368896862e+01,7.423884104491857272e+01
8.100000000000000000e+01,1.854299912000866613e+01,3.708599824001733225e+01,5.562899736002611206e+01,7.417199648003466450e+01
8.150000000000000000e+01,1.852618945351563085e+01,3.705237890703126169e+01,5.557856836054690319e+01,7.410475781406252338e+01
8.200000000000000000e+01,1.850928274258668793e+01,3.701856548517337586e+01,5.552784822776015972e+01,7.403713097034675172e+01
8.250000000000000000e+01,1.849228046023612038e+01,3.698456092047224075e+01,5.547684138070832205e+01,7.396912184094448151e+01
8.300000000000000000e+01,1.847518407449207700e+01,3.695036814898415400e+01,5.542555222347622390e+01,7.390073629796830801e+01
8.350000000000000000e+01,1.845799504399816016e+01,3.691599008799632031e+01,5.537398513199448757e+01,7.383198017599264062e+01
8.400000000000000000e+01,1.844071482227271019e+01,3.688142964454542039e+01,5.532214446681815190e+01,7.376285928909084078e+01
8.450000000000000000e+01,1.842334485209914519e+01,3.684668970419829037e+01,5.527003455629738937e+01,7.369337940839658074e+01
8.500000000000000000e+01,1.840588657095792158e+01,3.681177314191584315e+01,5.521765971287381092e+01,7.362354628383168631e+01
8.550000000000000000e+01,1.838834140444437182e+01,3.677668280888874364e+01,5.516502421333316164e+01,7.355336561777748727e+01
8.600000000000000000e+01,1.837071077263615138e+01,3.674142154527230275e+01,5.511213231790851097e+01,7.348284309054460550e+01
8.650000000000000000e+01,1.835299608276213235e+01,3.670599216552426469e+01,5.505898824828646809e+01,7.341198433104852938e+01
8.700000000000000000e+01,1.833519873628449659e+01,3.667039747256899318e+01,5.500559620885358214e+01,7.334079494513798636e+01
8.750000000000000000e+01,1.831732012102600748e+01,3.663464024205201497e+01,5.495196036307804377e+01,7.326928048410402994e+01
8.800000000000000000e+01,1.829936161876301881e+01,3.659872323752603762e+01,5.489808485628915946e+01,7.319744647505207524e+01
8.850000000000000000e+01,1.828132459700051271e+01,3.656264919400102542e+01,5.484397379100158076e+01,7.312529838800205084e+01
8.900000000000000000e+01,1.826321041689136493e+01,3.652642083378272986e+01,5.478963125067418360e+01,7.305284166756545972e+01
8.950000000000000000e+01,1.824502042482941278e+01,3.649004084965882555e+01,5.473506127448834491e+01,7.298008169931765110e+01
9.000000000000000000e+01,1.822675596052966185e+01,3.645351192105932370e+01,5.468026788158916673e+01,7.290702384211864739e+01
9.050000000000000000e+01,1.820841834859089303e+01,3.641683669718178606e+01,5.462525504577281765e+01,7.283367339436357213e+01
9.100000000000000000e+01,1.819000890659017244e+01,3.638001781318034489e+01,5.457002671977063812e+01,7.276003562636068978e+01
9.150000000000000000e+01,1.817152893674815317e+01,3.634305787349630634e+01,5.451458681024462294e+01,7.268611574699261269e+01
9.200000000000000000e+01,1.815297973391011865e+01,3.630595946782023731e+01,5.445893920173049452e+01,7.261191893564047461e+01
9.250000000000000000e+01,1.813436257742833391e+01,3.626872515485666781e+01,5.440308773228509409e+01,7.253745030971333563e+01
9.300000000000000000e+01,1.811567873892050784e+01,3.623135747784101568e+01,5.434703621676162300e+01,7.246271495568203136e+01
9.350000000000000000e+01,1.809692947446585976e+01,3.619385894893171951e+01,5.429078842339765743e+01,7.238771789786343902e+01
9.400000000000000000e+01,1.807811603204933704e+01,3.615623206409867407e+01,5.423434809614812480e+01,7.231246412819734815e+01
9.450000000000000000e+01,1.805923964415112692e+01,3.611847928830225385e+01,5.417771893245345183e+01,7.223695857660450770e+01
9.500000000000000000e+01,1.804030153480151100e+01,3.608060306960302199e+01,5.412090460440462181e+01,7.216120613920604399e+01
9.550000000000000000e+01,1.802130291262809436e+01,3.604260582525618872e+01,5.406390873788441098e+01,7.208521165051237745e+01
9.600000000000000000e+01,1.800224497746135910e+01,3.600448995492271820e+01,5.400673493238416967e+01,7.200897990984543640e+01
9.650000000000000000e+01,1.798312891388903623e+01,3.596625782777807245e+01,5.394938674166722592e+01,7.193251565555614491e+01
9.700000000000000000e+01,1.796395589736691178e+01,3.592791179473382357e+01,5.389186769210088102e+01,7.185582358946764714e+01
9.750000000000000000e+01,1.794472708831655083e+01,3.588945417663310167e+01,5.383418126494974842e+01,7.177890835326620333e+01
9.800000000000000000e+01,1.792544363770857530e+01,3.585088727541715059e+01,5.377633091312578273e+01,7.170177455083430118e+01
9.850000000000000000e+01,1.790610668172762132e+01,3.581221336345524264e+01,5.371832004518288528e+01,7.162442672691048529e+01
9.900000000000000000e+01,1.788671734680750447e+01,3.577343469361500894e+01,5.366015204042255249e+01,7.154686938723001788e+01
9.950000000000000000e+01,1.786727674487618245e+01,3.573455348975236490e+01,5.360183023462855800e+01,7.146910697950472979e+01
1.000000000000000000e+02,1.784778597783252252e+01,3.569557195566504504e+01,5.354335793349757466e+01,7.139114391133009008e+01
1.005000000000000000e+02,1.782824613337453101e+01,3.565649226674906203e+01,5.348473840012362501e+01,7.131298453349812405e+01
1.010000000000000000e+02,1.780865828891660385e+01,3.561731657783320770e+01,5.342597486674984708e+01,7.123463315566641540e+01
1.015000000000000000e+02,1.778902350799593890e+01,3.557804701599187780e+01,5.336707052398786288e+01,7.115609403198375560e+01
1.020000000000000000e+02,1.776934284363694161e+01,3.553868568727388322e+01,5.330802853091088878e+01,7.107737137454776644e+01
1.025000000000000000e+02,1.774961733532358465e+01,3.549923467064716931e+01,5.324885200597080370e+01,7.099846934129433862e+01
1.030000000000000000e+02,1.772984801182469639e+01,3.545969602364939277e+01,5.318954403547417797e+01,7.091939204729878554e+01
1.035000000000000000e+02,1.771003588871355205e+01,3.542007177742710411e+01,5.313010766614063130e+01,7.084014355485420822e+01
1.040000000000000000e+02,1.769018197067352105e+01,3.538036394134704210e+01,5.307054591202062710e+01,7.076072788269408420e+01
1.045000000000000000e+02,1.767028724954135654e+01,3.534057449908271309e+01,5.301086174862415135e+01,7.068114899816542618e+01
1.050000000000000000e+02,1.765035270611735996e+01,3.530070541223471992e+01,5.295105811835223619e+01,7.060141082446943983e+01
1.055000000000000000e+02,1.763037930870434522e+01,3.526075861740869044e+01,5.289113792611318843e+01,7.052151723481738088e+01
1.060000000000000000e+02,1.761036801445062849e+01,3.522073602890125699e+01,5.283110404335208443e+01,7.044147205780251397e+01
1.065000000000000000e+02,1.759031976835349553e+01,3.518063953670699107e+01,5.277095930506062160e+01,7.036127907341398213e+01
1.070000000000000000e+02,1.757023550416577251e+01,3.514047100833154502e+01,5.271070651249748806e+01,7.028094201666309004e+01
1.075000000000000000e+02,1.755011614383055729e+01,3.510023228766111458e+01,5.265034843149177846e+01,7.020046457532222917e+01
1.080000000000000000e+02,1.752996259798451106e+01,3.505992519596902213e+01,5.258988779395367175e+01,7.011985039193804425e+01
1.085000000000000000e+02,1.750977576578839034e+01,3.501955153157678069e+01,5.252932729736530604e+01,7.003910306315356138e+01
1.090000000000000000e+02,1.748955653506176233e+01,3.497911307012352466e+01,5.246866960518548240e+01,6.995822614024704933e+01
1.095000000000000000e+02,1.746930578247320298e+01,3.493861156494640596e+01,5.240791734741974039e+01,6.987722312989281193e+01
1.100000000000000000e+02,1.744902437334178558e+01,3.489804874668357115e+01,5.234707312002554147e+01,6.979609749336714231e+01
1.105000000000000000e+02,1.742871316215014588e+01,3.485742632430029175e+01,5.228613948645058684e+01,6.971485264860058351e+01
1.110000000000000000e+02,1.740837299204839184e+01,3.481674598409678367e+01,5.222511897614538867e+01,6.963349196819356735e+01
1.115000000000000000e+02,1.738800469565374485e+01,3.477600939130748969e+01,5.216401408696134467e+01,6.955201878261497939e+01
1.120000000000000000e+02,1.736760909429195365e+01,3.473521818858390731e+01,5.210282728287609189e+01,6.947043637716781461e+01
1.125000000000000000e+02,1.734718699904755823e+01,3.469437399809511646e+01,5.204156099714276706e+01,6.938874799619023293e+01
1.130000000000000000e+02,1.732673920977756765e+01,3.465347841955513530e+01,5.198021762933294099e+01,6.930695683911027061e+01
1.135000000000000000e+02,1.730626651637727065e+01,3.461253303275454130e+01,5.191879954913194695e+01,6.922506606550908259e+01
1.140000000000000000e+02,1.728576969759987492e+01,3.457153939519974983e+01,5.185730909279980239e+01,6.914307879039949967e+01
1.145000000000000000e+02,1.726524952250387557e+01,3.453049904500775114e+01,5.179574856751169420e+01,6.906099809001550227e+01
1.150000000000000000e+02,1.724470674911116319e+01,3.448941349822232638e+01,5.173412024733366366e+01,6.897882699644465276e+01
1.155000000000000000e+02,1.722414212600361694e+01,3.444828425200723387e+01,5.167242637801088989e+01,6.889656850401446775e+01
1.160000000000000000e+02,1.720355639085045851e+01,3.440711278170091703e+01,5.161066917255153186e+01,6.881422556340183405e+01
1.165000000000000000e+02,1.718295027212339221e+01,3.436590054424678442e+01,5.154885081637034006e+01,6.873180108849356884e+01
1.170000000000000000e+02,1.716232448752232287e+01,3.432464897504464574e+01,5.148697346256722795e+01,6.864929795008929148e+01
1.175000000000000000e+02,1.714167974578036535e+01,3.428335949156073070e+01,5.142503923734128080e+01,6.856671898312146141e+01
1.180000000000000000e+02,1.712101674501504434e+01,3.424203349003008867e+01,5.136305023504540657e+01,6.848406698006017734e+01
1.185000000000000000e+02,1.710033617459632183e+01,3.420067234919264365e+01,5.130100852378917864e+01,6.840134469838528730e+01
1.190000000000000000e+02,1.707963871344859896e+01,3.415927742689719793e+01,5.123891614034607045e+01,6.831855485379439585e+01
1.195000000000000000e+02,1.705892503195717325e+01,3.411785006391434649e+01,5.117677509587165474e+01,6.823570012782869298e+01
1.200000000000000000e+02,1.703819579024398934e+01,3.407639158048797867e+01,5.111458737073221670e+01,6.815278316097595734e+01
1.205000000000000000e+02,1.701745164008998046e+01,3.403490328017996092e+01,5.105235492027016164e+01,6.806980656035992183e+01
1.210000000000000000e+02,1.699669322320575304e+01,3.399338644641150609e+01,5.099007966961750071e+01,6.798677289282301217e+01
1.215000000000000000e+02,1.697592117314922433e+01,3.395184234629844866e+01,5.092776351944794300e+01,6.790368469259689732e+01
1.220000000000000000e+02,1.695513611361050010e+01,3.391027222722100021e+01,5.086540834083178453e+01,6.782054445444200041e+01
1.225000000000000000e+02,1.693433866030619228e+01,3.386867732061238456e+01,5.080301598091886461e+01,6.773735464122476913e+01
1.230000000000000000e+02,1.691352941929534737e+01,3.382705883859069473e+01,5.074058825788632276e+01,6.765411767718138947e+01
1.235000000000000000e+02,1.689270898883444616e+01,3.378541797766889232e+01,5.067812696650360493e+01,6.757083595533778464e+01
1.240000000000000000e+02,1.687187795773932564e+01,3.374375591547865127e+01,5.061563387321818652e+01,6.748751183095730255e+01
1.245000000000000000e+02,1.685103690718635150e+01,3.370207381437270300e+01,5.055311072155934227e+01,6.740414762874540600e+01
1.250000000000000000e+02,1.683018640913345720e+01,3.366037281826691441e+01,5.049055922740053859e+01,6.732074563653382882e+01
1.255000000000000000e+02,1.680932702805519696e+01,3.361865405611039392e+01,5.042798108416584313e+01,6.723730811222078785e+01
1.260000000000000000e+02,1.678845931943388337e+01,3.357691863886776673e+01,5.036537795830181352e+01,6.715383727773553346e+01
1.265000000000000000e+02,1.676758383141827835e+01,3.353516766283655670e+01,5.030275149425511216e+01,6.707033532567311340e+01
1.270000000000000000e+02,1.674670110339400964e+01,3.349340220678801927e+01,5.024010331018218523e+01,6.698680441357603854e+01
1.275000000000000000e+02,1.672581166755711379e+01,3.345162333511422759e+01,5.017743500267157231e+01,6.690324667022845517e+01
1.280000000000000000e+02,1.670491604757146575e+01,3.340983209514293151e+01,5.011474814271451805e+01,6.681966419028586301e+01
1.285000000000000000e+02,1.668401476005034922e+01,3.336802952010069845e+01,5.005204428015125018e+01,6.673605904020139690e+01
1.290000000000000000e+02,1.666310831330662623e+01,3.332621662661325246e+01,4.998932493992006698e+01,6.665243325322650492e+01
1.295000000000000000e+02,1.664219720873695962e+01,3.328439441747391925e+01,4.992659162621107072e+01,6.656878883494783850e+01
1.300000000000000000e+02,1.662128193966934120e+01,3.324256387933868240e+01,4.986384581900818347e+01,6.648512775867736480e+01
1.305000000000000000e+02,1.660036299264591975e+01,3.320072598529183949e+01,4.980108897793799372e+01,6.640145197058367899e+01
1.310000000000000000e+02,1.657944084637112070e+01,3.315888169274224140e+01,4.973832253911354684e+01,6.631776338548448280e+01
1.315000000000000000e+02,1.655851597289030153e+01,3.311703194578060305e+01,4.967554791867119235e+01,6.623406389156120611e+01
1.320000000000000000e+02,1.653758883664043466e+01,3.307517767328086933e+01,4.961276650992158466e+01,6.615035534656173866e+01
1.325000000000000000e+02,1.651665989552319402e+01,3.303331979104638805e+01,4.954997968656988405e+01,6.606663958209277610e+01
1.330000000000000000e+02,1.649572960005875544e+01,3.299145920011751087e+01,4.948718880017649724e+01,6.598291840023502175e+01
1.335000000000000000e+02,1.647479839435330362e+01,3.294959678870660724e+01,4.942439518306016311e+01,6.589919357741321448e+01
1.340000000000000000e+02,1.645386671535549539e+01,3.290773343071099077e+01,4.936160014606671353e+01,6.581546686142198155e+01
1.345000000000000000e+02,1.643293499371902655e+01,3.286586998743805310e+01,4.929880498115719689e+01,6.573173997487610620e+01
1.350000000000000000e+02,1.641200365316047183e+01,3.282400730632094366e+01,4.923601095948163930e+01,6.564801461264188731e+01
1.355000000000000000e+02,1.639107311121869515e+01,3.278214622243739029e+01,4.917321933365629860e+01,6.556429244487478059e+01
1.360000000000000000e+02,1.637014377871204829e+01,3.274028755742409658e+01,4.911043133613631539e+01,6.548057511484819315e+01
1.365000000000000000e+02,1.634921606039656083e+01,3.269843212079312167e+01,4.904764818118989211e+01,6.539686424158624334e+01
1.370000000000000000e+02,1.632829035452015631e+01,3.265658070904031263e+01,4.898487106356070342e+01,6.531316141808062525e+01
1.375000000000000000e+02,1.630736705338259895e+01,3.261473410676519791e+01,4.892210116014796739e+01,6.522946821353039581e+01
1.380000000000000000e+02,1.628644654298309291e+01,3.257289308596618582e+01,4.885933962894943505e+01,6.514578617193237164e+01
1.385000000000000000e+02,1.626552920348585474e+01,3.253105840697170947e+01,4.879658761045765658e+01,6.506211681394341895e+01
1.390000000000000000e+02,1.624461540895707046e+01,3.248923081791414091e+01,4.873384622687132151e+01,6.497846163582828183e+01
1.395000000000000000e+02,1.622370552774031438e+01,3.244741105548062876e+01,4.867111658322099288e+01,6.489482211096125752e+01
1.400000000000000000e+02,1.620279992227831301e+01,3.240559984455662601e+01,4.860839976683509178e+01,6.481119968911325202e+01
1.405000000000000000e+02,1.618189894940286777e+01,3.236379789880573554e+01,4.854569684820871345e+01,6.472759579761147108e+01
1.410000000000000000e+02,1.616100296023678595e+01,3.232200592047357190e+01,4.848300888071045733e+01,6.464401184094714381e+01
1.415000000000000000e+02,1.614011230040293654e+01,3.228022460080587308e+01,4.842033690120883449e+01,6.456044920161174616e+01
1.420000000000000000e+02,1.611922731000153064e+01,3.223845462000306128e+01,4.835768193000468784e+01,6.447690924000612256e+01
1.425000000000000000e+02,1.609834832374338021e+01,3.219669664748676041e+01,4.829504497123013351e+01,6.439339329497352082e+01
1.430000000000000000e+02,1.607747567099722374e+01,3.215495134199444749e+01,4.823242701299174939e+01,6.430990268398889498e+01
1.435000000000000000e+02,1.605660967585259158e+01,3.211321935170518316e+01,4.816982902755777474e+01,6.422643870341036632e+01
1.440000000000000000e+02,1.603575065723185489e+01,3.207150131446370978e+01,4.810725197169568901e+01,6.414300262892741955e+01
1.445000000000000000e+02,1.601489892888792355e+01,3.202979785777584709e+01,4.804469678666379906e+01,6.405959571555169418e+01
1.450000000000000000e+02,1.599405479957567877e+01,3.198810959915135754e+01,4.798216439872702921e+01,6.397621919830271509e+01
1.455000000000000000e+02,1.597321857299002623e+01,3.194643714598005246e+01,4.791965571897012666e+01,6.389287429196010493e+01
1.460000000000000000e+02,1.595239054799123402e+01,3.190478109598246803e+01,4.785717164397377843e+01,6.380956219196493606e+01
1.465000000000000000e+02,1.593157101848877666e+01,3.186314203697755332e+01,4.779471305546643833e+01,6.372628407395510663e+01
1.470000000000000000e+02,1.591076027371512858e+01,3.182152054743025715e+01,4.773228082114545856e+01,6.364304109486051431e+01
1.475000000000000000e+02,1.588995859806078315e+01,3.177991719612156629e+01,4.766987579418242404e+01,6.355983439224313258e+01
1.480000000000000000e+02,1.586916627139119740e+01,3.173833254278239480e+01,4.760749881417361706e+01,6.347666508556478959e+01
1.485000000000000000e+02,1.584838356883844135e+01,3.169676713767688270e+01,4.754515070651541464e+01,6.339353427535376539e+01
1.490000000000000000e+02,1.582761076115587962e+01,3.165522152231175923e+01,4.748283228346771523e+01,6.331044304462351846e+01
1.495000000000000000e+02,1.580684811447166460e+01,3.161369622894332920e+01,4.742054434341510216e+01,6.322739245788665841e+01
1.500000000000000000e+02,1.578609589067607821e+01,3.157219178135215643e+01,4.735828767202833234e+01,6.314438356270431285e+01
1.505000000000000000e+02,1.576535434714197059e+01,3.153070869428394118e+01,4.729606304142600948e+01,6.306141738856788237e+01
1.510000000000000000e+02,1.574462373713978458e+01,3.148924747427956916e+01,4.723387121141951184e+01,6.297849494855913832e+01
1.515000000000000000e+02,1.572390430952984985e+01,3.144780861905969971e+01,4.717171292858972009e+01,6.289561723811939942e+01
1.520000000000000000e+02,1.570319630920022469e+01,3.140639261840044938e+01,4.710958892760085348e+01,6.281278523680089876e+01
1.525000000000000000e+02,1.568249997673571094e+01,3.136499995347142189e+01,4.704749993020719501e+01,6.272999990694284378e+01
1.530000000000000000e+02,1.566181554887383776e+01,3.132363109774767551e+01,4.698544664662166070e+01,6.264726219549535102e+01
1.535000000000000000e+02,1.564114325815509865e+01,3.128228651631019730e+01,4.692342977446534036e+01,6.256457303262039460e+01
1.540000000000000000e+02,1.562048333339282458e+01,3.124096666678564915e+01,4.686145000017856432e+01,6.248193333357129831e+01
1.545000000000000000e+02,1.559983599930875187e+01,3.119967199861750373e+01,4.679950799792632665e+01,6.239934399723500746e+01
1.550000000000000000e+02,1.557920147701283931e+01,3.115840295402567861e+01,4.673760443103859785e+01,6.231680590805135722e+01
1.555000000000000000e+02,1.555857998362811934e+01,3.111715996725623867e+01,4.667573995088443439e+01,6.223431993451247735e+01
1.560000000000000000e+02,1.553797173277657606e+01,3.107594346555315212e+01,4.661391519832982766e+01,6.215188693110630425e+01
1.565000000000000000e+02,1.551737693419702602e+01,3.103475386839405203e+01,4.655213080259110114e+01,6.206950773678810407e+01
1.570000000000000000e+02,1.549679579423359677e+01,3.099359158846719353e+01,4.649038738270085247e+01,6.198718317693438706e+01
1.575000000000000000e+02,1.547622851545007805e+01,3.095245703090015610e+01,4.642868554635037270e+01,6.190491406180031220e+01
1.580000000000000000e+02,1.545567529711762234e+01,3.091135059423524467e+01,4.636702589135294517e+01,6.182270118847048934e+01
1.585000000000000000e+02,1.543513633482877268e+01,3.087027266965754535e+01,4.630540900448632158e+01,6.174054533931509070e+01
1.590000000000000000e+02,1.541461182098141514e+01,3.082922364196283027e+01,4.624383546294428982e+01,6.165844728392566054e+01
1.595000000000000000e+02,1.539410194439556712e+01,3.078820388879113423e+01,4.618230583318668891e+01,6.157640777758226847e+01
1.600000000000000000e+02,1.537360689079053699e+01,3.074721378158107399e+01,4.612082067237167138e+01,6.149442756316214798e+01
1.605000000000000000e+02,1.535312684240727599e+01,3.070625368481455197e+01,4.605938052722180487e+01,6.141250736962910395e+01
1.610000000000000000e+02,1.533266197847631673e+01,3.066532395695263347e+01,4.599798593542899994e+01,6.133064791390526693e+01
1.615000000000000000e+02,1.531221247484801040e+01,3.062442494969602080e+01,4.593663742454406673e+01,6.124884989939204161e+01
1.620000000000000000e+02,1.529177850444900244e+01,3.058355700889800488e+01,4.587533551334713877e+01,6.116711401779600976e+01
1.625000000000000000e+02,1.527136023692264466e+01,3.054272047384528932e+01,4.581408071076793931e+01,6.108544094769057864e+01
1.630000000000000000e+02,1.525095783907182323e+01,3.050191567814364646e+01,4.575287351721554074e+01,6.100383135628729292e+01
1.635000000000000000e+02,1.523057147451151749e+01,3.046114294902303499e+01,4.569171442353464130e+01,6.092228589804606997e+01
1.640000000000000000e+02,1.521020130409648097e+01,3.042040260819296194e+01,4.563060391228955126e+01,6.084080521638592387e+01
1.645000000000000000e+02,1.518984748558733777e+01,3.037969497117467554e+01,4.556954245676205772e+01,6.075938994234935109e+01
1.650000000000000000e+02,1.516951017406151259e+01,3.033902034812302517e+01,4.550853052218456440e+01,6.067804069624605035e+01
1.655000000000000000e+02,1.514918952159464460e+01,3.029837904318928921e+01,4.544756856478397111e+01,6.059675808637857841e+01
1.660000000000000000e+02,1.512888567765334358e+01,3.025777135530668716e+01,4.538665703296015153e+01,6.051554271061337431e+01
1.665000000000000000e+02,1.510859878879307772e+01,3.021719757758615543e+01,4.532579636637933618e+01,6.043439515517231087e+01
1.670000000000000000e+02,1.508832899903168645e+01,3.017665799806337290e+01,4.526498699709508600e+01,6.035331599612674580e+01
1.675000000000000000e+02,1.506807644956482406e+01,3.013615289912964812e+01,4.520422934869453968e+01,6.027230579825929624e+01
1.680000000000000000e+02,1.504784127911940317e+01,3.009568255823880634e+01,4.514352383735825924e+01,6.019136511647761267e+01
1.685000000000000000e+02,1.502762362368734905e+01,3.005524724737469811e+01,4.508287087106204183e+01,6.011049449474939621e+01
1.690000000000000000e+02,1.500742361685818693e+01,3.001484723371637386e+01,4.502227085057455724e+01,6.002969446743274773e+01
1.695000000000000000e+02,1.498724138957189389e+01,2.997448277914378778e+01,4.496172416871566924e+01,5.994896555828757556e+01
1.700000000000000000e+02,1.496707707043013968e+01,2.993415414086027937e+01,4.490123121129050787e+01,5.986830828172055874e+01
1.705000000000000000e+02,1.494693078546866438e+01,2.989386157093732876e+01,4.484079235640597716e+01,5.978772314187465753e+01
1.710000000000000000e+02,1.492680265844674281e+01,2.985360531689348562e+01,4.478040797534023199e+01,5.970721063378697124e+01
1.715000000000000000e+02,1.490669281063943075e+01,2.981338562127886149e+01,4.472007843191826737e+01,5.962677124255772299e+01
1.720000000000000000e+02,1.488660136110524057e+01,2.977320272221048114e+01,4.465980408331579810e+01,5.954640544442096228e+01
1.725000000000000000e+02,1.486652842649829687e+01,2.973305685299659373e+01,4.459958527949495988e+01,5.946611370599318747e+01
1.730000000000000000e+02,1.484647412131401900e+01,2.969294824262803800e+01,4.453942236394216536e+01,5.938589648525607601e+01
1.735000000000000000e+02,1.482643855772136732e+01,2.965287711544273463e+01,4.447931567316414458e+01,5.930575423088546927e+01
1.740000000000000000e+02,1.480642184578671383e+01,2.961284369157342766e+01,4.441926553736014682e+01,5.922568738314685532e+01
1.745000000000000000e+02,1.478642409332593211e+01,2.957284818665186421e+01,4.435927227997780165e+01,5.914569637330372842e+01
1.750000000000000000e+02,1.476644540610671896e+01,2.953289081221343793e+01,4.429933621832011426e+01,5.906578162442687585e+01
1.755000000000000000e+02,1.474648588772021185e+01,2.949297177544042370e+01,4.423945766316062844e+01,5.898594355088084740e+01
1.760000000000000000e+02,1.472654563976219855e+01,2.945309127952439709e+01,4.417963691928665071e+01,5.890618255904879419e+01
1.765000000000000000e+02,1.470662476172395472e+01,2.941324952344790944e+01,4.411987428517193877e+01,5.882649904689581888e+01
1.770000000000000000e+02,1.468672335115264005e+01,2.937344670230528010e+01,4.406017005345798765e+01,5.874689340461056020e+01
1.775000000000000000e+02,1.466684150356099359e+01,2.933368300712198717e+01,4.400052451068309267e+01,5.866736601424397435e+01
1.780000000000000000e+02,1.464697931256743502e+01,2.929395862513487003e+01,4.394093793770245782e+01,5.858791725026974007e+01
1.785000000000000000e+02,1.462713686982412575e+01,2.925427373964825151e+01,4.388141060947249628e+01,5.850854747929650301e+01
1.790000000000000000e+02,1.460731426513732423e+01,2.921462853027464845e+01,4.382194279541210591e+01,5.842925706054929691e+01
1.795000000000000000e+02,1.458751158641315904e+01,2.917502317282631807e+01,4.376253475923963521e+01,5.835004634565263615e+01
1.800000000000000000e+02,1.456772891975917616e+01,2.913545783951835233e+01,4.370318675927761376e+01,5.827091567903670466e+01
1.805000000000000000e+02,1.454796634944689693e+01,2.909593269889379386e+01,4.364389904834077782e+01,5.819186539778758771e+01
1.810000000000000000e+02,1.452822395799525168e+01,2.905644791599050336e+01,4.358467187398578346e+01,5.811289583198100672e+01
1.815000000000000000e+02,1.450850182614945183e+01,2.901700365229890366e+01,4.352550547844836615e+01,5.803400730459780732e+01
1.820000000000000000e+02,1.448880003294688734e+01,2.897760006589377468e+01,4.346640009884069400e+01,5.795520013178754937e+01
1.825000000000000000e+02,1.446911865571168931e+01,2.893823731142337863e+01,4.340735596713508215e+01,5.787647462284675726e+01
1.830000000000000000e+02,1.444945777010388355e+01,2.889891554020776709e+01,4.334837331031166485e+01,5.779783108041553419e+01
1.835000000000000000e+02,1.442981745012865069e+01,2.885963490025730138e+01,4.328945235038593609e+01,5.771926980051460276e+01
1.840000000000000000e+02,1.441019776816983544e+01,2.882039553633967088e+01,4.323059330450947613e+01,5.764079107267934177e+01
1.845000000000000000e+02,1.439059879501304096e+01,2.878119759002608191e+01,4.317179638503911576e+01,5.756239518005216382e+01
1.850000000000000000e+02,1.437102059986424329e+01,2.874204119972848659e+01,4.311306179959271390e+01,5.748408239945697318e+01
1.855000000000000000e+02,1.435146325038595627e+01,2.870292650077191254e+01,4.305438975115781375e+01,5.740585300154382509e+01
1.860000000000000000e+02,1.433192681270185709e+01,2.866385362540371418e+01,4.299578043810550554e+01,5.732770725080742835e+01
1.865000000000000000e+02,1.431241135144510146e+01,2.862482270289020292e+01,4.293723405433528484e+01,5.724964540578040584e+01
1.870000000000000000e+02,1.429291692974992678e+01,2.858583385949985356e+01,4.287875078924976435e+01,5.717166771899970712e+01
1.875000000000000000e+02,1.427344360931121692e+01,2.854688721862243383e+01,4.282033082793366674e+01,5.709377443724486767e+01
1.880000000000000000e+02,1.425399145036399062e+01,2.850798290072798125e+01,4.276197435109200740e+01,5.701596580145596249e+01
1.885000000000000000e+02,1.423456051175332249e+01,2.846912102350664497e+01,4.270368153526001009e+01,5.693824204701328995e+01
1.890000000000000000e+02,1.421515085090264385e+01,2.843030170180528771e+01,4.264545255270805058e+01,5.686060340361057541e+01
1.895000000000000000e+02,1.419576252389318327e+01,2.839152504778636654e+01,4.258728757167957468e+01,5.678305009557273308e+01
1.900000000000000000e+02,1.417639558542195211e+01,2.835279117084390421e+01,4.252918675626585809e+01,5.670558234168780842e+01
1.905000000000000000e+02,1.415705008888972039e+01,2.831410017777944077e+01,4.247115026666915583e+01,5.662820035555888154e+01
1.910000000000000000e+02,1.413772608634984529e+01,2.827545217269969058e+01,4.241317825904952343e+01,5.655090434539938116e+01
1.915000000000000000e+02,1.411842362860377165e+01,2.823684725720754329e+01,4.235527088581129362e+01,5.647369451441508659e+01
1.920000000000000000e+02,1.409914276514150444e+01,2.819828553028300888e+01,4.229742829542448135e+01,5.639657106056601776e+01
1.925000000000000000e+02,1.407988354424390920e+01,2.815976708848781840e+01,4.223965063273170983e+01,5.631953417697563680e+01
1.930000000000000000e+02,1.406064601291570249e+01,2.812129202583140497e+01,4.218193803874707015e+01,5.624258405166280994e+01
1.935000000000000000e+02,1.404143021699364802e+01,2.808286043398729603e+01,4.212429065098092451e+01,5.616572086797459207e+01
1.940000000000000000e+02,1.402223620107289825e+01,2.804447240214579651e+01,4.206670860321870720e+01,5.608894480429159302e+01
1.945000000000000000e+02,1.400306400862048761e+01,2.800612801724097523e+01,4.200919202586148060e+01,5.601225603448195045e+01
1.950000000000000000e+02,1.398391368189563444e+01,2.796782736379126888e+01,4.195174104568697970e+01,5.593565472758253776e+01
1.955000000000000000e+02,1.396478526206769111e+01,2.792957052413538221e+01,4.189435578620315681e+01,5.585914104827076443e+01
1.960000000000000000e+02,1.394567878913147219e+01,2.789135757826294437e+01,4.183703636739456044e+01,5.578271515652588874e+01
1.965000000000000000e+02,1.392659430202872883e+01,2.785318860405745767e+01,4.177978290608629663e+01,5.570637720811491533e+01
1.970000000000000000e+02,1.390753183855928299e+01,2.781506367711856598e+01,4.172259551567796620e+01,5.563012735423713195e+01
1.975000000000000000e+02,1.388849143550528176e+01,2.777698287101056351e+01,4.166547430651588968e+01,5.555396574202112703e+01
1.980000000000000000e+02,1.386947312853895653e+01,2.773894625707791306e+01,4.160841938561689801e+01,5.547789251415582612e+01
1.985000000000000000e+02,1.385047695234895215e+01,2.770095390469790431e+01,4.155143085704683870e+01,5.540190780939580861e+01
1.990000000000000000e+02,1.383150294054533980e+01,2.766300588109067959e+01,4.149450882163606025e+01,5.532601176218135919e+01
1.995000000000000000e+02,1.381255112578741340e+01,2.762510225157482679e+01,4.143765337736228105e+01,5.525020450314965359e+01
2.000000000000000000e+02,1.379362153968667037e+01,2.758724307937334075e+01,4.138086461906010527e+01,5.517448615874668150e+01
2.005000000000000000e+02,1.377471421293530263e+01,2.754942842587060525e+01,4.132414263880601624e+01,5.509885685174121051e+01
2.010000000000000000e+02,1.375582917520795512e+01,2.751165835041591023e+01,4.126748752562392042e+01,5.502331670083182047e+01
2.015000000000000000e+02,1.373696645529016536e+01,2.747393291058033071e+01,4.121089936587057423e+01,5.494786582116066143e+01
2.020000000000000000e+02,1.371812608097959263e+01,2.743625216195918526e+01,4.115437824293884717e+01,5.487250432391837052e+01
2.025000000000000000e+02,1.369930807921399740e+01,2.739861615842799480e+01,4.109792423764210412e+01,5.479723231685598961e+01
2.030000000000000000e+02,1.368051247597208508e+01,2.736102495194417017e+01,4.104153742791626769e+01,5.472204990388834034e+01
2.035000000000000000e+02,1.366173929640081575e+01,2.732347859280163149e+01,4.098521788920250231e+01,5.464695718560326299e+01
2.040000000000000000e+02,1.364298856471650723e+01,2.728597712943301445e+01,4.092896569414951102e+01,5.457195425886602891e+01
2.045000000000000000e+02,1.362426030433062429e+01,2.724852060866124859e+01,4.087278091299185689e+01,5.449704121732249718e+01
2.050000000000000000e+02,1.360555453775187829e+01,2.721110907550375657e+01,4.081666361325554959e+01,5.442221815100751314e+01
2.055000000000000000e+02,1.358687128671001076e+01,2.717374257342002153e+01,4.076061386012998611e+01,5.434748514684004306e+01
2.060000000000000000e+02,1.356821057205931069e+01,2.713642114411862138e+01,4.070463171617785036e+01,5.427284228823724277e+01
2.065000000000000000e+02,1.354957241390002842e+01,2.709914482780005685e+01,4.064871724169998402e+01,5.419828965560011369e+01
2.070000000000000000e+02,1.353095683148355555e+01,2.706191366296711109e+01,4.059287049445055828e+01,5.412382732593422219e+01
2.075000000000000000e+02,1.351236384333137863e+01,2.702472768666275726e+01,4.053709152999395826e+01,5.404945537332551453e+01
2.080000000000000000e+02,1.349379346714213135e+01,2.698758693428426270e+01,4.048138040142627858e+01,5.397517386856852539e+01
2.085000000000000000e+02,1.347524571990763320e+01,2.695049143981526640e+01,4.042573715972272197e+01,5.390098287963053281e+01
2.090000000000000000e+02,1.345672061782244988e+01,2.691344123564489976e+01,4.037016185346730879e+01,5.382688247128979953e+01
2.095000000000000000e+02,1.343821817639650185e+01,2.687643635279300369e+01,4.031465452918938297e+01,5.375287270558600738e+01
2.100000000000000000e+02,1.341973841036744908e+01,2.683947682073489815e+01,4.025921523110228151e+01,5.367895364146979631e+01
2.105000000000000000e+02,1.340128133380967057e+01,2.680256266761934114e+01,4.020384400142890513e+01,5.360512533523868228e+01
2.110000000000000000e+02,1.338284696004973284e+01,2.676569392009946569e+01,4.014854088014915590e+01,5.353138784019893137e+01
2.115000000000000000e+02,1.336443530177152361e+01,2.672887060354304722e+01,4.009330590531445182e+01,5.345774120708609445e+01
2.120000000000000000e+02,1.334604637093492485e+01,2.669209274186984970e+01,4.003813911280465732e+01,5.338418548373969941e+01
2.125000000000000000e+02,1.332768017887693723e+01,2.665536035775387447e+01,3.998304053663073887e+01,5.331072071550774893e+01
2.130000000000000000e+02,1.330933673623403024e+01,2.661867347246806048e+01,3.992801020870203388e+01,5.323734694493612096e+01
2.135000000000000000e+02,1.329101605303868894e+01,2.658203210607737788e+01,3.987304815911600286e+01,5.316406421215475575e+01
2.140000000000000000e+02,1.327271813864579464e+01,2.654543627729158928e+01,3.981815441593727201e+01,5.309087255458317856e+01
2.145000000000000000e+02,1.325444300182451940e+01,2.650888600364903880e+01,3.976332900547344451e+01,5.301777200729807760e+01
2.150000000000000000e+02,1.323619065068869460e+01,2.647238130137738921e+01,3.970857195206592394e+01,5.294476260275477841e+01
2.155000000000000000e+02,1.321796109278423792e+01,2.643592218556847584e+01,3.965388327835253790e+01,5.287184437113695168e+01
2.160000000000000000e+02,1.319975433502335704e+01,2.639950867004671409e+01,3.959926300506982955e+01,5.279901734009342817e+01
2.165000000000000000e+02,1.318157038376739365e+01,2.636314076753478730e+01,3.954471115130198910e+01,5.272628153506957460e+01
2.170000000000000000e+02,1.316340924476525309e+01,2.632681848953050618e+01,3.949022773429564381e+01,5.265363697906101237e+01
2.175000000000000000e+02,1.314527092323135271e+01,2.629054184646270542e+01,3.943581276969396043e+01,5.258108369292541084e+01
2.180000000000000000e+02,1.312715542378840006e+01,2.625431084757680011e+01,3.938146627136504918e+01,5.250862169515360023e+01
2.185000000000000000e+02,1.310906275054039938e+01,2.621812550108079876e+01,3.932718825162108089e+01,5.243625100216159751e+01
2.190000000000000000e+02,1.309099290701986895e+01,2.618198581403973790e+01,3.927297872105950916e+01,5.236397162807947581e+01
2.195000000000000000e+02,1.307294589625593062e+01,2.614589179251186124e+01,3.921883768876774212e+01,5.229178358502372248e+01
2.200000000000000000e+02,1.305492172072581170e+01,2.610984344145162339e+01,3.916476516217740311e+01,5.221968688290324678e+01
2.205000000000000000e+02,1.303692038241813300e+01,2.607384076483626600e+01,3.911076114725439368e+01,5.214768152967253201e+01
2.210000000000000000e+02,1.301894188278878239e+01,2.603788376557756479e+01,3.905682564836635606e+01,5.207576753115512957e+01
2.215000000000000000e+02,1.300098622281927341e+01,2.600197244563854682e+01,3.900295866845788595e+01,5.200394489127709363e+01
2.220000000000000000e+02,1.298305340297706678e+01,2.596610680595413356e+01,3.894916020893118969e+01,5.193221361190826713e+01
2.225000000000000000e+02,1.296514342326896418e+01,2.593028684653792837e+01,3.889543026980691565e+01,5.186057369307585674e+01
2.230000000000000000e+02,1.294725628320586353e+01,2.589451256641172705e+01,3.884176884961759413e+01,5.178902513282345410e+01
2.235000000000000000e+02,1.292939198185142757e+01,2.585878396370285515e+01,3.878817594555430048e+01,5.171756792740571029e+01
2.240000000000000000e+02,1.291155051779092311e+01,2.582310103558184622e+01,3.873465155337276400e+01,5.164620207116369244e+01
2.245000000000000000e+02,1.289373188917533142e+01,2.578746377835066284e+01,3.868119566752599781e+01,5.157492755670132567e+01
2.250000000000000000e+02,1.287593609369439207e+01,2.575187218738878414e+01,3.862780828108319753e+01,5.150374437477756828e+01
2.255000000000000000e+02,1.285816312861607180e+01,2.571632625723214360e+01,3.857448938584823850e+01,5.143265251446428721e+01
2.260000000000000000e+02,1.284041299076366016e+01,2.568082598152732032e+01,3.852123897229100891e+01,5.136165196305464065e+01
2.265000000000000000e+02,1.282268567655088454e+01,2.564537135310176907e+01,3.846805702965262697e+01,5.129074270620353815e+01
2.270000000000000000e+02,1.280498118196289070e+01,2.560996236392578140e+01,3.841494354588868276e+01,5.121992472785156281e+01
2.275000000000000000e+02,1.278729950258702353e+01,2.557459900517404705e+01,3.836189850776108301e+01,5.114919801034809410e+01
2.280000000000000000e+02,1.276964063359773682e+01,2.553928126719547365e+01,3.830892190079330106e+01,5.107856253439094729e+01
2.285000000000000000e+02,1.275200456978308594e+01,2.550400913956617188e+01,3.825601370934931822e+01,5.100801827913234376e+01
2.290000000000000000e+02,1.273439130553345322e+01,2.546878261106690644e+01,3.820317391660047690e+01,5.093756522213381288e+01
2.295000000000000000e+02,1.271680083486383417e+01,2.543360166972766834e+01,3.815040250459163218e+01,5.086720333945533667e+01
2.300000000000000000e+02,1.269923315140638387e+01,2.539846630281276774e+01,3.809769945421928128e+01,5.079693260562553547e+01
2.305000000000000000e+02,1.268168824842857845e+01,2.536337649685715689e+01,3.804506474528582061e+01,5.072675299371431379e+01
2.310000000000000000e+02,1.266416611882929821e+01,2.532833223765859643e+01,3.799249835648803497e+01,5.065666447531719285e+01
2.315000000000000000e+02,1.264666675515325345e+01,2.529333351030650689e+01,3.794000026545989357e+01,5.058666702061301379e+01
2.320000000000000000e+02,1.262919014959044439e+01,2.525838029918088878e+01,3.788757044877148417e+01,5.051676059836177757e+01
2.325000000000000000e+02,1.261173629398676610e+01,2.522347258797353220e+01,3.783520888196037646e+01,5.044694517594706440e+01
2.330000000000000000e+02,1.259430517984683995e+01,2.518861035969367990e+01,3.778291553954063886e+01,5.037722071938735979e+01
2.335000000000000000e+02,1.257689679834111907e+01,2.515379359668223813e+01,3.773069039502343003e+01,5.030758719336447626e+01
2.340000000000000000e+02,1.255951114031170768e+01,2.511902228062341536e+01,3.767853342093524560e+01,5.023804456124683071e+01
2.345000000000000000e+02,1.254214819627616073e+01,2.508429639255232146e+01,3.762644458882861898e+01,5.016859278510464293e+01
2.350000000000000000e+02,1.252480795643629463e+01,2.504961591287258926e+01,3.757442386930900113e+01,5.009923182574517853e+01
2.355000000000000000e+02,1.250749041067865086e+01,2.501498082135730172e+01,3.752247123203616752e+01,5.002996164271460344e+01
2.360000000000000000e+02,1.249019554858631942e+01,2.498039109717263884e+01,3.747058664575916254e+01,4.996078219434527767e+01
2.365000000000000000e+02,1.247292335943613928e+01,2.494584671887227856e+01,3.741877007830855462e+01,4.989169343774455712e+01
2.370000000000000000e+02,1.245567383221317570e+01,2.491134766442635140e+01,3.736702149663972961e+01,4.982269532885270280e+01
2.375000000000000000e+02,1.243844695560531122e+01,2.487689391121062243e+01,3.731534086681606510e+01,4.975378782242124487e+01
2.380000000000000000e+02,1.242124271801989011e+01,2.484248543603978021e+01,3.726372815405989058e+01,4.968497087207956042e+01
2.385000000000000000e+02,1.240406110757576386e+01,2.480812221515152771e+01,3.721218332272746920e+01,4.961624443030305542e+01
2.390000000000000000e+02,1.238690211212226266e+01,2.477380422424452533e+01,3.716070633636696385e+01,4.954760844848905066e+01
2.395000000000000000e+02,1.236976571922857282e+01,2.473953143845714564e+01,3.710929715768585169e+01,4.947906287691429128e+01
2.400000000000000000e+02,1.235265191620503522e+01,2.470530383241007044e+01,3.705795574861531350e+01,4.941060766482014088e+01
2.405000000000000000e+02,1.233556069009012290e+01,2.467112138018024581e+01,3.700668207027054279e+01,4.934224276036049162e+01
2.410000000000000000e+02,1.231849202767361717e+01,2.463698405534723435e+01,3.695547608302106823e+01,4.927396811069446869e+01
2.415000000000000000e+02,1.230144591548153166e+01,2.460289183096306331e+01,3.690433774644471754e+01,4.920578366192612663e+01
2.420000000000000000e+02,1.228442233980099019e+01,2.456884467960198037e+01,3.685326701940318372e+01,4.913768935920396075e+01
2.425000000000000000e+02,1.226742128666328746e+01,2.453484257332657492e+01,3.680226385999003469e+01,4.906968514665314984e+01
2.430000000000000000e+02,1.225044274187035853e+01,2.450088548374071706e+01,3.675132822561128876e+01,4.900177096748143413e+01
2.435000000000000000e+02,1.223348669097590857e+01,2.446697338195181715e+01,3.670046007292793178e+01,4.893394676390363429e+01
2.440000000000000000e+02,1.221655311931354859e+01,2.443310623862709718e+01,3.664965935794089091e+01,4.886621247725419437e+01
2.445000000000000000e+02,1.219964201197610976e+01,2.439928402395221951e+01,3.659892603592854243e+01,4.879856804790443903e+01
2.450000000000000000e+02,1.218275335384520375e+01,2.436550670769040750e+01,3.654826006153577111e+01,4.873101341538081499e+01
2.455000000000000000e+02,1.216588712956893659e+01,2.433177425913787317e+01,3.649766138870700161e+01,4.866354851827574635e+01
2.460000000000000000e+02,1.214904332359282790e+01,2.429808664718565581e+01,3.644712997077870398e+01,4.859617329437131161e+01
2.465000000000000000e+02,1.213222192013603973e+01,2.426444384027207946e+01,3.639666576040831103e+01,4.852888768054415891e+01
2.470000000000000000e+02,1.211542290322330118e+01,2.423084580644660235e+01,3.634626870967006340e+01,4.846169161289320471e+01
2.475000000000000000e+02,1.209864625666001992e+01,2.419729251332003983e+01,3.629593876998018231e+01,4.839458502664007966e+01
2.480000000000000000e+02,1.208189196406506127e+01,2.416378392813012255e+01,3.624567589219534369e+01,4.832756785626024509e+01
2.485000000000000000e+02,1.206516000884490580e+01,2.413032001768981161e+01,3.619548002653488794e+01,4.826064003537962321e+01
2.490000000000000000e+02,1.204845037422704657e+01,2.409690074845409313e+01,3.614535112268135464e+01,4.819380149690818627e+01
2.495000000000000000e+02,1.203176304323333490e+01,2.406352608646666980e+01,3.609528912970017700e+01,4.812705217293333959e+01
2.500000000000000000e+02,1.201509799871392303e+01,2.403019599742784607e+01,3.604529399614200003e+01,4.806039199485569213e+01
2.505000000000000000e+02,1.199845522331989400e+01,2.399691044663978801e+01,3.599536566995989517e+01,4.799382089327957601e+01
2.510000000000000000e+02,1.198183469953773539e+01,2.396366939907547078e+01,3.594550409861339801e+01,4.792733879815094156e+01
2.515000000000000000e+02,1.196523640966116986e+01,2.393047281932233972e+01,3.589570922898373340e+01,4.786094563864467943e+01
2.520000000000000000e+02,1.194866033582623110e+01,2.389732067165246221e+01,3.584598100747889049e+01,4.779464134330492442e+01
2.525000000000000000e+02,1.193210645998246910e+01,2.386421291996493821e+01,3.579631937994757607e+01,4.772842583992987642e+01
2.530000000000000000e+02,1.191557476392815751e+01,2.383114952785631502e+01,3.574672429178467326e+01,4.766229905571263004e+01
2.535000000000000000e+02,1.189906522928134791e+01,2.379813045856269582e+01,3.569719568784422847e+01,4.759626091712539164e+01
2.540000000000000000e+02,1.188257783751501151e+01,2.376515567503002302e+01,3.564773351254521572e+01,4.753031135006004604e+01
2.545000000000000000e+02,1.186611256992797969e+01,2.373222513985595938e+01,3.559833770978409717e+01,4.746445027971191877e+01
2.550000000000000000e+02,1.184966940767999155e+01,2.369933881535998310e+01,3.554900822304008301e+01,4.739867763071996620e+01
2.555000000000000000e+02,1.183324833176252433e+01,2.366649666352504866e+01,3.549974499528764937e+01,4.733299332705009732e+01
2.560000000000000000e+02,1.181684932303377700e+01,2.363369864606755399e+01,3.545054796910142869e+01,4.726739729213510799e+01
2.565000000000000000e+02,1.180047236218947049e+01,2.360094472437894098e+01,3.540141708656852870e+01,4.720188944875788195e+01
2.570000000000000000e+02,1.178411742979760746e+01,2.356823485959521491e+01,3.535235228939289698e+01,4.713646971919042983e+01
2.575000000000000000e+02,1.176778450626932582e+01,2.353556901253865163e+01,3.530335351880805206e+01,4.707113802507730327e+01
2.580000000000000000e+02,1.175147357189339381e+01,2.350294714378678762e+01,3.525442071568024716e+01,4.700589428757357524e+01
2.585000000000000000e+02,1.173518460680724296e+01,2.347036921361448591e+01,3.520555382042181947e+01,4.694073842722897183e+01
2.590000000000000000e+02,1.171891759103109365e+01,2.343783518206218730e+01,3.515675277309340174e+01,4.687567036412437460e+01
2.595000000000000000e+02,1.170267250443924745e+01,2.340534500887849489e+01,3.510801751331784715e+01,4.681069001775698979e+01
2.600000000000000000e+02,1.168644932679363002e+01,2.337289865358726004e+01,3.505934798038104105e+01,4.674579730717452009e+01
2.605000000000000000e+02,1.167024803771564301e+01,2.334049607543128602e+01,3.501074411314702672e+01,4.668099215086257203e+01
2.610000000000000000e+02,1.165406861671898753e+01,2.330813723343797506e+01,3.496220585015706916e+01,4.661627446687595011e+01
2.615000000000000000e+02,1.163791104318199920e+01,2.327582208636399841e+01,3.491373312954617347e+01,4.655164417272799682e+01
2.620000000000000000e+02,1.162177529637994056e+01,2.324355059275988111e+01,3.486532588913996022e+01,4.648710118551976223e+01
2.625000000000000000e+02,1.160566135545771616e+01,2.321132271091543231e+01,3.481698406637327281e+01,4.642264542183086462e+01
2.630000000000000000e+02,1.158956919946145625e+01,2.317913839892291250e+01,3.476870759838450198e+01,4.635827679784582500e+01
2.635000000000000000e+02,1.157349880731198333e+01,2.314699761462396665e+01,3.472049642193612584e+01,4.629399522924793331e+01
2.640000000000000000e+02,1.155745015783550222e+01,2.311490031567100445e+01,3.467235047350668964e+01,4.622980063134200890e+01
2.645000000000000000e+02,1.154142322973776835e+01,2.308284645947553670e+01,3.462426968921342763e+01,4.616569291895107341e+01
2.650000000000000000e+02,1.152541800163387542e+01,2.305083600326775084e+01,3.457625400490175593e+01,4.610167200653550168e+01
2.655000000000000000e+02,1.150943445202325854e+01,2.301886890404651709e+01,3.452830335606986978e+01,4.603773780809303418e+01
2.660000000000000000e+02,1.149347255931851564e+01,2.298694511863703127e+01,3.448041767795573520e+01,4.597389023727406254e+01
2.665000000000000000e+02,1.147753230182126316e+01,2.295506460364252632e+01,3.443259690546394580e+01,4.591012920728505264e+01
2.670000000000000000e+02,1.146161365774997165e+01,2.292322731549994330e+01,3.438484097325002153e+01,4.584645463099988660e+01
2.675000000000000000e+02,1.144571660521657996e+01,2.289143321043315993e+01,3.433714981564988022e+01,4.578286642086631986e+01
2.680000000000000000e+02,1.142984112225354210e+01,2.285968224450708419e+01,3.428952336676069734e+01,4.571936448901416838e+01
2.685000000000000000e+02,1.141398718679110225e+01,2.282797437358220449e+01,3.424196156037348260e+01,4.565594874716440899e+01
2.690000000000000000e+02,1.139815477668349963e+01,2.279630955336699927e+01,3.419446433005062147e+01,4.559261910673399854e+01
2.695000000000000000e+02,1.138234386968709089e+01,2.276468773937418177e+01,3.414703160906144319e+01,4.552937547874836355e+01
2.700000000000000000e+02,1.136655444348547128e+01,2.273310888697094256e+01,3.409966333045651510e+01,4.546621777394188513e+01
2.705000000000000000e+02,1.135078647566853682e+01,2.270157295133707365e+01,3.405235942700576146e+01,4.540314590267414729e+01
2.710000000000000000e+02,1.133503994375660895e+01,2.267007988751321790e+01,3.400511983126996540e+01,4.534015977502643580e+01
2.715000000000000000e+02,1.131931482518048249e+01,2.263862965036096497e+01,3.395794447554163753e+01,4.527725930072192995e+01
2.720000000000000000e+02,1.130361109730430513e+01,2.260722219460861027e+01,3.391083329191303619e+01,4.521444438921722053e+01
2.725000000000000000e+02,1.128792873740673386e+01,2.257585747481346772e+01,3.386378621222036145e+01,4.515171494962693544e+01
2.730000000000000000e+02,1.127226772270275212e+01,2.254453544540550425e+01,3.381680316810838605e+01,4.508907089081100850e+01
2.735000000000000000e+02,1.125662803032570558e+01,2.251325606065141116e+01,3.376988409097720734e+01,4.502651212130282232e+01
2.740000000000000000e+02,1.124100963734804459e+01,2.248201927469608918e+01,3.372302891204419950e+01,4.496403854939217837e+01
2.745000000000000000e+02,1.122541252076445595e+01,2.245082504152891190e+01,3.367623756229343712e+01,4.490165008305782379e+01
2.750000000000000000e+02,1.120983665751139213e+01,2.241967331502278427e+01,3.362950997253431495e+01,4.483934663004556853e+01
2.755000000000000000e+02,1.119428202445129727e+01,2.238856404890259455e+01,3.358284607335400551e+01,4.477712809780518910e+01
2.760000000000000000e+02,1.117874859839090895e+01,2.235749719678181791e+01,3.353624579517287430e+01,4.471499439356363581e+01
2.765000000000000000e+02,1.116323635606662101e+01,2.232647271213324203e+01,3.348970906819996429e+01,4.465294542426648405e+01
2.770000000000000000e+02,1.114774527416158811e+01,2.229549054832317623e+01,3.344323582248490823e+01,4.459098109664635246e+01
2.775000000000000000e+02,1.113227532929217034e+01,2.226455065858434068e+01,3.339682598787663892e+01,4.452910131716868136e+01
2.780000000000000000e+02,1.111682649802390621e+01,2.223365299604781242e+01,3.335047949407182699e+01,4.446730599209562484e+01
2.785000000000000000e+02,1.110139875685891298e+01,2.220279751371782595e+01,3.330419627057682419e+01,4.440559502743565190e+01
2.790000000000000000e+02,1.108599208225083643e+01,2.217198416450167286e+01,3.325797624675257680e+01,4.434396832900334573e+01
2.795000000000000000e+02,1.107060645059326731e+01,2.214121290118653462e+01,3.321181935177984457e+01,4.428242580237306925e+01
2.800000000000000000e+02,1.105524183823350448e+01,2.211048367646700896e+01,3.316572551470052588e+01,4.422096735293401792e+01
2.805000000000000000e+02,1.103989822146205135e+01,2.207979644292410271e+01,3.311969466438617360e+01,4.415959288584820541e+01
2.810000000000000000e+02,1.102457557652530973e+01,2.204915115305061946e+01,3.307372672957595938e+01,4.409830230610123891e+01
2.815000000000000000e+02,1.100927387961602477e+01,2.201854775923204954e+01,3.302782163884808853e+01,4.403709551846409909e+01
2.820000000000000000e+02,1.099399310688485620e+01,2.198798621376971241e+01,3.298197932065458104e+01,4.397597242753942481e+01
2.825000000000000000e+02,1.097873323443197258e+01,2.195746646886394515e+01,3.293619970329591951e+01,4.391493293772789031e+01
2.830000000000000000e+02,1.096349423831738612e+01,2.192698847663477224e+01,3.289048271495217080e+01,4.385397695326954448e+01
2.835000000000000000e+02,1.094827609455363771e+01,2.189655218910727541e+01,3.284482828366090246e+01,4.379310437821455082e+01
2.840000000000000000e+02,1.093307877911503034e+01,2.186615755823006069e+01,3.279923633734509281e+01,4.373231511646012137e+01
2.845000000000000000e+02,1.091790226793129470e+01,2.183580453586258940e+01,3.275370680379388943e+01,4.367160907172517881e+01
2.850000000000000000e+02,1.090274653689580830e+01,2.180549307379161661e+01,3.270823961068741426e+01,4.361098614758323322e+01
2.855000000000000000e+02,1.088761156186014922e+01,2.177522312372029845e+01,3.266283468558043523e+01,4.355044624744059689e+01
2.860000000000000000e+02,1.087249731864136137e+01,2.174499463728272275e+01,3.261749195592407347e+01,4.348998927456544550e+01
2.865000000000000000e+02,1.085740378301744968e+01,2.171480756603489937e+01,3.257221134905235971e+01,4.342961513206979873e+01
2.870000000000000000e+02,1.084233093073361154e+01,2.168466186146722308e+01,3.252699279220081507e+01,4.336932372293444615e+01
2.875000000000000000e+02,1.082727873749861836e+01,2.165455747499723671e+01,3.248183621249584974e+01,4.330911494999447342e+01
2.880000000000000000e+02,1.081224717899015353e+01,2.162449435798030706e+01,3.243674153697042328e+01,4.324898871596061412e+01
2.885000000000000000e+02,1.079723623085207862e+01,2.159447246170415724e+01,3.239170869255622165e+01,4.318894492340831448e+01
2.890000000000000000e+02,1.078224586869868595e+01,2.156449173739737191e+01,3.234673760609600635e+01,4.312898347479474381e+01
2.895000000000000000e+02,1.076727606811305549e+01,2.153455213622611097e+01,3.230182820433917357e+01,4.306910427245222195e+01
2.900000000000000000e+02,1.075232680465024515e+01,2.150465360930049030e+01,3.225698041395072835e+01,4.300930721860098060e+01
2.905000000000000000e+02,1.073739805383647550e+01,2.147479610767295100e+01,3.221219416150948689e+01,4.294959221534590199e+01
2.910000000000000000e+02,1.072248979117151180e+01,2.144497958234302359e+01,3.216746937351451407e+01,4.288995916468604719e+01
2.915000000000000000e+02,1.070760199212858232e+01,2.141520398425716465e+01,3.212280597638574164e+01,4.283040796851432930e+01
2.920000000000000000e+02,1.069273463215596642e+01,2.138546926431193285e+01,3.207820389646787618e+01,4.277093852862386569e+01
2.925000000000000000e+02,1.067788768667769439e+01,2.135577537335538878e+01,3.203366306003311337e+01,4.271155074671077756e+01
2.930000000000000000e+02,1.066306113109424736e+01,2.132612226218849472e+01,3.198918339328277582e+01,4.265224452437698943e+01
2.935000000000000000e+02,1.064825494078409740e+01,2.129650988156819480e+01,3.194476482235225845e+01,4.259301976313638960e+01
2.940000000000000000e+02,1.063346909110344107e+01,2.126693818220688215e+01,3.190040727331031079e+01,4.253387636441376429e+01
2.945000000000000000e+02,1.061870355738870764e+01,2.123740711477741527e+01,3.185611067216616732e+01,4.247481422955483055e+01
2.950000000000000000e+02,1.060395831495541863e+01,2.120791662991083726e+01,3.181187494486628609e+01,4.241583325982167452e+01
2.955000000000000000e+02,1.058923333910129649e+01,2.117846667820259299e+01,3.176770001730391257e+01,4.235693335640518598e+01
2.960000000000000000e+02,1.057452860510445092e+01,2.114905721020890184e+01,3.172358581531340604e+01,4.229811442041780367e+01
2.965000000000000000e+02,1.055984408822726728e+01,2.111968817645453456e+01,3.167953226468180716e+01,4.223937635290906911e+01
2.970000000000000000e+02,1.054517976371373500e+01,2.109035952742747000e+01,3.163553929114127428e+01,4.218071905485494000e+01
2.975000000000000000e+02,1.053053560679403766e+01,2.106107121358807532e+01,3.159160682038219647e+01,4.212214242717615065e+01
2.980000000000000000e+02,1.051591159268127562e+01,2.103182318536255124e+01,3.154773477804394233e+01,4.206364637072510249e+01
2.985000000000000000e+02,1.050130769657647356e+01,2.100261539315294712e+01,3.150392308972948641e+01,4.200523078630589424e+01
2.990000000000000000e+02,1.048672389366481283e+01,2.097344778732962567e+01,3.146017168099457706e+01,4.194689557465925134e+01
2.995000000000000000e+02,1.047216015912124831e+01,2.094432031824249663e+01,3.141648047736391902e+01,4.188864063648499325e+01
3.000000000000000000e+02,1.045761646810605860e+01,2.091523293621211721e+01,3.137284940431835167e+01,4.183046587242423442e+01
3.005000000000000000e+02,1.044309279577095317e+01,2.088618559154190635e+01,3.132927838731303538e+01,4.177237118308381270e+01
3.010000000000000000e+02,1.042858911725412163e+01,2.085717823450824326e+01,3.128576735176249812e+01,4.171435646901648653e+01
3.015000000000000000e+02,1.041410540768688797e+01,2.082821081537377594e+01,3.124231622306079359e+01,4.165642163074755189e+01
3.020000000000000000e+02,1.039964164218811327e+01,2.079928328437622653e+01,3.119892492656454408e+01,4.159856656875245307e+01
3.025000000000000000e+02,1.038519779587146807e+01,2.077039559174293615e+01,3.115559338761456942e+01,4.154079118348587230e+01
3.030000000000000000e+02,1.037077384383922940e+01,2.074154768767845880e+01,3.111232153151781432e+01,4.148309537535691760e+01
3.035000000000000000e+02,1.035636976118992969e+01,2.071273952237985938e+01,3.106910928356991519e+01,4.142547904475971876e+01
3.040000000000000000e+02,1.034198552301187668e+01,2.068397104602375336e+01,3.102595656903574195e+01,4.136794209204750672e+01
3.045000000000000000e+02,1.032762110439108838e+01,2.065524220878217676e+01,3.098286331317338593e+01,4.131048441756435352e+01
3.050000000000000000e+02,1.031327648040438127e+01,2.062655296080876255e+01,3.093982944121317757e+01,4.125310592161752510e+01
3.055000000000000000e+02,1.029895162612768544e+01,2.059790325225537089e+01,3.089685487838313804e+01,4.119580650451074177e+01
3.060000000000000000e+02,1.028464651662881302e+01,2.056929303325762604e+01,3.085393954988641241e+01,4.113858606651525207e+01
3.065000000000000000e+02,1.027036112697598291e+01,2.054072225395196583e+01,3.081108338092797538e+01,4.108144450790393165e+01
3.070000000000000000e+02,1.025609543223031217e+01,2.051219086446062434e+01,3.076828629669093473e+01,4.102438172892124868e+01
3.075000000000000000e+02,1.024184940745466399e+01,2.048369881490932798e+01,3.072554822236408256e+01,4.096739762981865596e+01
3.080000000000000000e+02,1.022762302770575715e+01,2.045524605541151431e+01,3.068286908311733541e+01,4.091049211082302861e+01
3.085000000000000000e+02,1.021341626804330716e+01,2.042683253608661431e+01,3.064024880413004226e+01,4.085366507217322862e+01
3.090000000000000000e+02,1.019922910352182654e+01,2.039845820704365309e+01,3.059768731056554358e+01,4.079691641408730618e+01
3.095000000000000000e+02,1.018506150920004849e+01,2.037012301840009698e+01,3.055518452760027159e+01,4.074024603680019396e+01
3.100000000000000000e+02,1.017091346013245712e+01,2.034182692026491424e+01,3.051274038039742464e+01,4.068365384052982847e+01
3.105000000000000000e+02,1.015678493137883542e+01,2.031356986275767085e+01,3.047035479413662173e+01,4.062713972551534169e+01
3.110000000000000000e+02,1.014267589799571745e+01,2.028535179599143490e+01,3.042802769398725360e+01,4.057070359198286980e+01
3.115000000000000000e+02,1.012858633504601613e+01,2.025717267009203226e+01,3.038575900513820471e+01,4.051434534018406453e+01
3.120000000000000000e+02,1.011451621759027830e+01,2.022903243518055660e+01,3.034354865277092017e+01,4.045806487036111321e+01
3.125000000000000000e+02,1.010046552069646175e+01,2.020093104139292350e+01,3.030139656208957888e+01,4.040186208278584701e+01
3.130000000000000000e+02,1.008643421943111917e+01,2.017286843886223835e+01,3.025930265829344634e+01,4.034573687772447670e+01
3.135000000000000000e+02,1.007242228886915925e+01,2.014484457773831849e+01,3.021726686660764472e+01,4.028968915547663698e+01
3.140000000000000000e+02,1.005842970408495063e+01,2.011685940816990126e+01,3.017528911225497268e+01,4.023371881633980252e+01
3.145000000000000000e+02,1.004445644016222694e+01,2.008891288032445388e+01,3.013336932048682115e+01,4.017782576064890776e+01
3.150000000000000000e+02,1.003050247218494562e+01,2.006100494436989123e+01,3.009150741655490080e+01,4.012200988873978247e+01
3.155000000000000000e+02,1.001656777524743269e+01,2.003313555049486538e+01,3.004970332574239933e+01,4.006627110098973077e+01
3.160000000000000000e+02,1.000265232444504448e+01,2.000530464889008897e+01,3.000795697333522583e+01,4.001060929778017794e+01
3.165000000000000000e+02,9.988756094884433168e+00,1.997751218976886634e+01,2.996626828465342385e+01,3.995502437953773267e+01
3.170000000000000000e+02,9.974879061673988190e+00,1.994975812334797638e+01,2.992463718502205694e+01,3.989951624669595276e+01
3.175000000000000000e+02,9.961021199934272374e+00,1.992204239986854475e+01,2.988306359980295213e+01,3.984408479973708950e+01
3.180000000000000000e+02,9.947182484788449131e+00,1.989436496957689826e+01,2.984154745436544331e+01,3.978872993915379652e+01
3.185000000000000000e+02,9.933362891372601311e+00,1.986672578274520262e+01,2.980008867411796558e+01,3.973345156549040524e+01
3.190000000000000000e+02,9.919562394826197504e+00,1.983912478965239501e+01,2.975868718447870620e+01,3.967824957930479002e+01
3.195000000000000000e+02,9.905780970302416222e+00,1.981156194060483244e+01,2.971734291090742275e+01,3.962312388120966489e+01
3.200000000000000000e+02,9.892018592958541134e+00,1.978403718591708227e+01,2.967605577887570689e+01,3.956807437183416454e+01
3.205000000000000000e+02,9.878275237966327893e+00,1.975655047593265579e+01,2.963482571389914710e+01,3.951310095186531157e+01
3.210000000000000000e+02,9.864550880502404695e+00,1.972910176100480939e+01,2.959365264150732955e+01,3.945820352200961878e+01
3.215000000000000000e+02,9.850845495758521864e+00,1.970169099151704373e+01,2.955253648727570948e+01,3.940338198303408745e+01
3.220000000000000000e+02,9.837159058932076761e+00,1.967431811786415352e+01,2.951147717679628357e+01,3.934863623572830704e+01
3.225000000000000000e+02,9.823491545236217704e+00,1.964698309047243541e+01,2.947047463570877213e+01,3.929396618094487081e+01
3.230000000000000000e+02,9.809842929890495000e+00,1.961968585978099000e+01,2.942952878967154717e+01,3.923937171956198000e+01
3.235000000000000000e+02,9.796213188130808547e+00,1.959242637626161709e+01,2.938863956439252689e+01,3.918485275252323419e+01
3.240000000000000000e+02,9.782602295200176101e+00,1.956520459040035220e+01,2.934780688560060824e+01,3.913040918080070441e+01
3.245000000000000000e+02,9.769010226358590288e+00,1.953802045271718058e+01,2.930703067907589698e+01,3.907604090543436115e+01
3.250000000000000000e+02,9.755436956873813514e+00,1.951087391374762703e+01,2.926631087062153469e+01,3.902174782749525406e+01
3.255000000000000000e+02,9.741882462031146162e+00,1.948376492406229232e+01,2.922564738609358770e+01,3.896752984812458465e+01
3.260000000000000000e+02,9.728346717124381371e+00,1.945669343424876274e+01,2.918504015137326491e+01,3.891338686849752548e+01
3.265000000000000000e+02,9.714829697465363623e+00,1.942965939493072725e+01,2.914448909239622409e+01,3.885931878986145449e+01
3.270000000000000000e+02,9.701331378375080305e+00,1.940266275675016061e+01,2.910399413512540789e+01,3.880532551350032122e+01
3.275000000000000000e+02,9.687851735193129699e+00,1.937570347038625940e+01,2.906355520557949745e+01,3.875140694077251879e+01
3.280000000000000000e+02,9.674390743268832082e+00,1.934878148653766416e+01,2.902317222980659039e+01,3.869756297307532833e+01
3.285000000000000000e+02,9.660948377970637324e+00,1.932189675594127465e+01,2.898284513391199013e+01,3.864379351188254930e+01
3.290000000000000000e+02,9.647524614677390531e+00,1.929504922935478106e+01,2.894257384403224265e+01,3.859009845870956212e+01
3.295000000000000000e+02,9.634119428787467854e+00,1.926823885757493571e+01,2.890235828636251014e+01,3.853647771514987141e+01
3.300000000000000000e+02,9.620732795710310370e+00,1.924146559142062074e+01,2.886219838713098085e+01,3.848293118284124148e+01
3.305000000000000000e+02,9.607364690875295210e+00,1.921472938175059042e+01,2.882209407262594070e+01,3.842945876350118084e+01
3.310000000000000000e+02,9.594015089723473722e+00,1.918803017944694744e+01,2.878204526917045314e+01,3.837606035889389489e+01
3.315000000000000000e+02,9.580683967716248972e+00,1.916136793543249794e+01,2.874205190314879488e+01,3.832273587086499589e+01
3.320000000000000000e+02,9.567371300327319972e+00,1.913474260065463994e+01,2.870211390098200255e+01,3.826948520130927989e+01
3.325000000000000000e+02,9.554077063051099827e+00,1.910815412610219965e+01,2.866223118915335277e+01,3.821630825220439931e+01
3.330000000000000000e+02,9.540801231394890891e+00,1.908160246278978178e+01,2.862240369418474373e+01,3.816320492557956356e+01
3.335000000000000000e+02,9.527543780887054226e+00,1.905508756177410845e+01,2.858263134266123373e+01,3.811017512354821690e+01
3.340000000000000000e+02,9.514304687069451205e+00,1.902860937413890241e+01,2.854291406120843178e+01,3.805721874827780482e+01
3.345000000000000000e+02,9.501083925505328764e+00,1.900216785101065753e+01,2.850325177651606978e+01,3.800433570202131506e+01
3.350000000000000000e+02,9.487881471771984820e+00,1.897576294354396964e+01,2.846364441531598999e+01,3.795152588708793928e+01
3.355000000000000000e+02,9.474697301468419042e+00,1.894939460293683808e+01,2.842409190440532285e+01,3.789878920587367617e+01
3.360000000000000000e+02,9.461531390208275383e+00,1.892306278041655077e+01,2.838459417062486523e+01,3.784612556083310153e+01
3.365000000000000000e+02,9.448383713627158897e+00,1.889676742725431779e+01,2.834515114088154064e+01,3.779353485450863559e+01
3.370000000000000000e+02,9.435254247375862491e+00,1.887050849475172498e+01,2.830576274212763366e+01,3.774101698950344996e+01
3.375000000000000000e+02,9.422142967127449253e+00,1.884428593425489851e+01,2.826642890138241881e+01,3.768857186850979701e+01
3.380000000000000000e+02,9.409049848570692376e+00,1.881809969714138475e+01,2.822714954571214818e+01,3.763619939428276950e+01
3.385000000000000000e+02,9.395974867416862608e+00,1.879194973483372522e+01,2.818792460225072816e+01,3.758389946966745043e+01
3.390000000000000000e+02,9.382917999393516340e+00,1.876583599878703268e+01,2.814875399818061297e+01,3.753167199757406536e+01
3.395000000000000000e+02,9.369879220250885155e+00,1.873975844050177031e+01,2.810963766075281356e+01,3.747951688100354062e+01
3.400000000000000000e+02,9.356858505756058264e+00,1.871371701151211653e+01,2.807057551726824940e+01,3.742743402302423306e+01
3.405000000000000000e+02,9.343855831699004355e+00,1.868771166339800871e+01,2.803156749509715695e+01,3.737542332679601742e+01
3.410000000000000000e+02,9.330871173887031134e+00,1.866174234777406227e+01,2.799261352166117334e+01,3.732348469554812453e+01
3.415000000000000000e+02,9.317904508150553156e+00,1.863580901630110631e+01,2.795371352445176782e+01,3.727161803260221262e+01
3.420000000000000000e+02,9.304955810337782296e+00,1.860991162067556459e+01,2.791486743101343748e+01,3.721982324135112918e+01
3.425000000000000000e+02,9.292025056320289522e+00,1.858405011264057904e+01,2.787607516896100179e+01,3.716810022528115809e+01
3.430000000000000000e+02,9.279112221987887210e+00,1.855822444397577442e+01,2.783733666596375400e+01,3.711644888795154884e+01
3.435000000000000000e+02,9.266217283253913806e+00,1.853243456650782761e+01,2.779865184976189241e+01,3.706486913301565522e+01
3.440000000000000000e+02,9.253340216050428779e+00,1.850668043210085756e+01,2.776002064815137160e+01,3.701336086420171512e+01
3.445000000000000000e+02,9.240480996333202413e+00,1.848096199266640483e+01,2.772144298899970138e+01,3.696192398533280965e+01
3.450000000000000000e+02,9.227639600077127469e+00,1.845527920015425494e+01,2.768291880023144103e+01,3.691055840030850987e+01
3.455000000000000000e+02,9.214816003281026013e+00,1.842963200656205203e+01,2.764444800984319883e+01,3.685926401312410405e+01
3.460000000000000000e+02,9.202010181963254709e+00,1.840402036392650942e+01,2.760603054588985117e+01,3.680804072785301884e+01
3.465000000000000000e+02,9.189222112166243406e+00,1.837844422433248681e+01,2.756766633649878528e+01,3.675688844866497362e+01
3.470000000000000000e+02,9.176451769952379323e+00,1.835290353990475865e+01,2.752935530985719836e+01,3.670580707980951729e+01
3.475000000000000000e+02,9.163699131408264975e+00,1.832739826281652995e+01,2.749109739422490151e+01,3.665479652563305990e+01
3.480000000000000000e+02,9.150964172640900784e+00,1.830192834528180157e+01,2.745289251792278762e+01,3.660385669056360314e+01
3.485000000000000000e+02,9.138246869781578852e+00,1.827649373956315770e+01,2.741474060934480406e+01,3.655298747912631541e+01
3.490000000000000000e+02,9.125547198982427943e+00,1.825109439796485589e+01,2.737664159694736554e+01,3.650218879592971177e+01
3.495000000000000000e+02,9.112865136419983969e+00,1.822573027283996794e+01,2.733859540926004428e+01,3.645146054567993588e+01
3.500000000000000000e+02,9.100200658291983657e+00,1.820040131658396731e+01,2.730060197487606999e+01,3.640080263316793463e+01
3.505000000000000000e+02,9.087553740820741410e+00,1.817510748164148282e+01,2.726266122246229529e+01,3.635021496328296564e+01
3.510000000000000000e+02,9.074924360250079758e+00,1.814984872050015952e+01,2.722477308075033520e+01,3.629969744100031903e+01
3.515000000000000000e+02,9.062312492848519696e+00,1.812462498569703939e+01,2.718693747854568343e+01,3.624924997139407878e+01
3.520000000000000000e+02,9.049718114906511346e+00,1.809943622981302269e+01,2.714915434471962996e+01,3.619887245962604538e+01
3.525000000000000000e+02,9.037141202739221058e+00,1.807428240547844212e+01,2.711142360821776620e+01,3.614856481095688423e+01
3.530000000000000000e+02,9.024581732684136881e+00,1.804916346536827376e+01,2.707374519805247104e+01,3.609832693073654752e+01
3.535000000000000000e+02,9.012039681103537703e+00,1.802407936220707541e+01,2.703611904331071969e+01,3.604815872441415081e+01
3.540000000000000000e+02,8.999515024382407802e+00,1.799903004876481560e+01,2.699854507314730512e+01,3.599806009752963121e+01
3.545000000000000000e+02,8.987007738930556044e+00,1.797401547786111209e+01,2.696102321679175873e+01,3.594803095572222418e+01
3.550000000000000000e+02,8.974517801180841303e+00,1.794903560236168261e+01,2.692355340354256299e+01,3.589807120472336521e+01
3.555000000000000000e+02,8.962045187591016315e+00,1.792409037518203263e+01,2.688613556277314132e+01,3.584818075036406526e+01
3.560000000000000000e+02,8.949589874642226661e+00,1.789917974928445332e+01,2.684876962392680610e+01,3.579835949856890664e+01
3.565000000000000000e+02,8.937151838840593499e+00,1.787430367768118700e+01,2.681145551652188175e+01,3.574860735536237399e+01
3.570000000000000000e+02,8.924731056715881294e+00,1.784946211343176259e+01,2.677419317014772915e+01,3.569892422686352518e+01
3.575000000000000000e+02,8.912327504822897595e+00,1.782465500964579519e+01,2.673698251446879937e+01,3.564931001929159038e+01
3.580000000000000000e+02,8.899941159740478724e+00,1.779988231948095745e+01,2.669982347922151433e+01,3.559976463896191490e+01
3.585000000000000000e+02,8.887571998072482771e+00,1.777514399614496554e+01,2.666271599421749627e+01,3.555028799228993108e+01
3.590000000000000000e+02,8.875219996447093251e+00,1.775043999289418650e+01,2.662565998934131528e+01,3.550087998578837301e+01
3.595000000000000000e+02,8.862885131517584725e+00,1.772577026303516945e+01,2.658865539455280214e+01,3.545154052607033890e+01
3.600000000000000000e+02,8.850567379961844949e+00,1.770113475992368990e+01,2.655170213988558459e+01,3.540226951984737980e+01
3.605000000000000000e+02,8.838266718482882922e+00,1.767653343696576584e+01,2.651480015544867186e+01,3.535306687393153169e+01
3.610000000000000000e+02,8.825983123808578412e+00,1.765196624761715682e+01,2.647794937142582938e+01,3.530393249523431365e+01
3.615000000000000000e+02,8.813716572692014140e+00,1.762743314538402828e+01,2.644114971807613657e+01,3.525486629076805656e+01
3.620000000000000000e+02,8.801467041911376299e+00,1.760293408382275260e+01,2.640440112573424258e+01,3.520586816764550520e+01
3.625000000000000000e+02,8.789234508270082458e+00,1.757846901654016492e+01,2.636770352481038060e+01,3.515693803308032983e+01
3.630000000000000000e+02,8.777018948596913006e+00,1.755403789719382601e+01,2.633105684579087580e+01,3.510807579438765202e+01
3.635000000000000000e+02,8.764820339745945432e+00,1.752964067949189086e+01,2.629446101923796419e+01,3.505928135898378173e+01
3.640000000000000000e+02,8.752638658596804788e+00,1.750527731719360958e+01,2.625791597579052805e+01,3.501055463438721915e+01
3.645000000000000000e+02,8.740473882054457633e+00,1.748094776410891527e+01,2.622142164616347415e+01,3.496189552821783053e+01
3.650000000000000000e+02,8.728325987049679213e+00,1.745665197409935843e+01,2.618497796114913001e+01,3.491330394819871685e+01
3.655000000000000000e+02,8.716194950538596942e+00,1.743238990107719388e+01,2.614858485161591162e+01,3.486477980215438777e+01
3.660000000000000000e+02,8.704080749503383174e+00,1.740816149900676635e+01,2.611224224851024189e+01,3.481632299801353270e+01
3.665000000000000000e+02,8.691983360951523352e+00,1.738396672190304670e+01,2.607595008285468552e+01,3.476793344380609341e+01
3.670000000000000000e+02,8.679902761916832077e+00,1.735980552383366415e+01,2.603970828575059571e+01,3.471961104766732831e+01
3.675000000000000000e+02,8.667838929458440589e+00,1.733567785891688118e+01,2.600351678837540703e+01,3.467135571783376236e+01
3.680000000000000000e+02,8.655791840661976266e+00,1.731158368132395253e+01,2.596737552198604249e+01,3.462316736264790507e+01
3.685000000000000000e+02,8.643761472638447074e+00,1.728752294527689415e+01,2.593128441791541050e+01,3.457504589055378830e+01
3.690000000000000000e+02,8.631747802525527646e+00,1.726349560505105529e+01,2.589524340757663623e+01,3.452699121010211059e+01
3.695000000000000000e+02,8.619750807486274979e+00,1.723950161497254996e+01,2.585925242245888356e+01,3.447900322994509992e+01
3.700000000000000000e+02,8.607770464710638336e+00,1.721554092942127667e+01,2.582331139413196652e+01,3.443108185884255334e+01
3.705000000000000000e+02,8.595806751413936908e+00,1.719161350282787382e+01,2.578742025424188000e+01,3.438322700565574763e+01
3.710000000000000000e+02,8.583859644838545577e+00,1.716771928967709115e+01,2.575157893451570956e+01,3.433543857935418231e+01
3.715000000000000000e+02,8.571929122252269551e+00,1.714385824450453910e+01,2.571578736675683885e+01,3.428771648900907820e+01
3.720000000000000000e+02,8.560015160950060320e+00,1.712003032190012064e+01,2.568004548285024313e+01,3.424006064380024128e+01
3.725000000000000000e+02,8.548117738252383191e+00,1.709623547650476638e+01,2.564435321475716023e+01,3.419247095300953276e+01
3.730000000000000000e+02,8.536236831506984757e+00,1.707247366301396951e+01,2.560871049452099157e+01,3.414494732602793903e+01
3.735000000000000000e+02,8.524372418087097003e+00,1.704874483617419401e+01,2.557311725426131588e+01,3.409748967234838801e+01
3.740000000000000000e+02,8.512524475393432155e+00,1.702504895078686431e+01,2.553757342618032666e+01,3.405009790157372862e+01
3.745000000000000000e+02,8.500692980852189606e+00,1.700138596170437921e+01,2.550207894255657237e+01,3.400277192340875843e+01
3.750000000000000000e+02,8.488877911917175112e+00,1.697775582383435022e+01,2.546663373575153244e+01,3.395551164766870045e+01
3.755000000000000000e+02,8.477079246067670937e+00,1.695415849213534187e+01,2.543123773820302347e+01,3.390831698427068375e+01
3.760000000000000000e+02,8.465296960810746896e+00,1.693059392162149379e+01,2.539589088243224424e+01,3.386118784324298758e+01
3.765000000000000000e+02,8.453531033678919115e+00,1.690706206735783823e+01,2.536059310103678044e+01,3.381412413471567646e+01
3.770000000000000000e+02,8.441781442232615618e+00,1.688356288446523124e+01,2.532534432669788060e+01,3.376712576893046247e+01
3.775000000000000000e+02,8.430048164057748039e+00,1.686009632811549608e+01,2.529014449217324767e+01,3.372019265623099216e+01
3.780000000000000000e+02,8.418331176768221624e+00,1.683666235353644325e+01,2.525499353030470928e+01,3.367332470707288650e+01
3.785000000000000000e+02,8.406630458003450102e+00,1.681326091600690020e+01,2.521989137401038050e+01,3.362652183201380041e+01
3.790000000000000000e+02,8.394945985430942059e+00,1.678989197086188412e+01,2.518483795629285993e+01,3.357978394172376824e+01
3.795000000000000000e+02,8.383277736743723452e+00,1.676655547348744690e+01,2.514983321023118990e+01,3.353311094697489381e+01
3.800000000000000000e+02,8.371625689662995029e+00,1.674325137932599006e+01,2.511487706898903483e+01,3.348650275865198012e+01
3.805000000000000000e+02,8.359989821935521093e+00,1.671997964387104219e+01,2.507996946580657749e+01,3.343995928774208437e+01
3.810000000000000000e+02,8.348370111336313570e+00,1.669674022267262714e+01,2.504511033400895670e+01,3.339348044534525428e+01
3.815000000000000000e+02,8.336766535665931954e+00,1.667353307133186391e+01,2.501029960699782606e+01,3.334706614266372782e+01
3.820000000000000000e+02,8.325179072753288168e+00,1.665035814550657634e+01,2.497553721825990891e+01,3.330071629101315267e+01
3.825000000000000000e+02,8.313607700452847027e+00,1.662721540090569405e+01,2.494082310135857128e+01,3.325443080181138811e+01
3.830000000000000000e+02,8.302052396647519927e+00,1.660410479329503985e+01,2.490615718994257577e+01,3.320820958659007971e+01
3.835000000000000000e+02,8.290513139245737406e+00,1.658102627849147481e+01,2.487153941773722110e+01,3.316205255698294962e+01
3.840000000000000000e+02,8.278989906184463621e+00,1.655797981236892724e+01,2.483696971855342994e+01,3.311595962473785448e+01
3.845000000000000000e+02,8.267482675426197858e+00,1.653496535085239572e+01,2.480244802627862555e+01,3.306993070170479143e+01
3.850000000000000000e+02,8.255991424962033420e+00,1.651198284992406684e+01,2.476797427488614289e+01,3.302396569984813368e+01
3.855000000000000000e+02,8.244516132808596964e+00,1.648903226561719393e+01,2.473354839842585662e+01,3.297806453123438786e+01
3.860000000000000000e+02,8.233056777011185545e+00,1.646611355402237109e+01,2.469917033103359216e+01,3.293222710804474218e+01
3.865000000000000000e+02,8.221613335640586939e+00,1.644322667128117388e+01,2.466484000692177148e+01,3.288645334256234776e+01
3.870000000000000000e+02,8.210185786796344587e+00,1.642037157359268917e+01,2.463055736038904442e+01,3.284074314718537835e+01
3.875000000000000000e+02,8.198774108603503308e+00,1.639754821720700662e+01,2.459632232581054723e+01,3.279509643441401323e+01
3.880000000000000000e+02,8.187378279215909771e+00,1.637475655843181954e+01,2.456213483764773997e+01,3.274951311686363908e+01
3.885000000000000000e+02,8.175998276812887156e+00,1.635199655362577431e+01,2.452799483043868634e+01,3.270399310725154862e+01
3.890000000000000000e+02,8.164634079602613781e+00,1.632926815920522756e+01,2.449390223880783779e+01,3.265853631841045512e+01
3.895000000000000000e+02,8.153285665818780004e+00,1.630657133163756001e+01,2.445985699745633823e+01,3.261314266327512001e+01
3.900000000000000000e+02,8.141953013723913557e+00,1.628390602744782711e+01,2.442585904117170870e+01,3.256781205489565423e+01
3.905000000000000000e+02,8.130636101606077304e+00,1.626127220321215461e+01,2.439190830481818040e+01,3.252254440642430922e+01
3.910000000000000000e+02,8.119334907782208788e+00,1.623866981556441758e+01,2.435800472334657485e+01,3.247733963112883515e+01
3.915000000000000000e+02,8.108049410594777129e+00,1.621609882118955426e+01,2.432414823178429586e+01,3.243219764237910852e+01
3.920000000000000000e+02,8.096779588415156326e+00,1.619355917683031265e+01,2.429033876524543345e+01,3.238711835366062530e+01
3.925000000000000000e+02,8.085525419640234190e+00,1.617105083928046838e+01,2.425657625892072389e+01,3.234210167856093676e+01
3.930000000000000000e+02,8.074286882695865586e+00,1.614857376539173117e+01,2.422286064808759676e+01,3.229714753078346234e+01
3.935000000000000000e+02,8.063063956033376556e+00,1.612612791206675311e+01,2.418919186810013855e+01,3.225225582413350622e+01
3.940000000000000000e+02,8.051856618133047760e+00,1.610371323626609552e+01,2.415556985439921078e+01,3.220742647253219104e+01
3.945000000000000000e+02,8.040664847500737622e+00,1.608132969500147524e+01,2.412199454250224662e+01,3.216265939000295049e+01
3.950000000000000000e+02,8.029488622671179243e+00,1.605897724534235849e+01,2.408846586801361056e+01,3.211795449068471697e+01
3.955000000000000000e+02,8.018327922204695923e+00,1.603665584440939185e+01,2.405498376661414284e+01,3.207331168881878369e+01
3.960000000000000000e+02,8.007182724690515840e+00,1.601436544938103168e+01,2.402154817407162213e+01,3.202873089876206336e+01
3.965000000000000000e+02,7.996053008743447599e+00,1.599210601748689520e+01,2.398815902623036322e+01,3.198421203497379040e+01
3.970000000000000000e+02,7.984938753007202017e+00,1.596987750601440403e+01,2.395481625902167977e+01,3.193975501202880807e+01
3.975000000000000000e+02,7.973839936151062346e+00,1.594767987230212469e+01,2.392151980845322612e+01,3.189535974460424939e+01
3.980000000000000000e+02,7.962756536873227375e+00,1.592551307374645475e+01,2.388826961061974785e+01,3.185102614749290950e+01
3.985000000000000000e+02,7.951688533897484312e+00,1.590337706779496862e+01,2.385506560169248402e+01,3.180675413558993725e+01
3.990000000000000000e+02,7.940635905976478170e+00,1.588127181195295634e+01,2.382190771792948425e+01,3.176254362390591268e+01
3.995000000000000000e+02,7.929598631888450377e+00,1.585919726377690075e+01,2.378879589566540886e+01,3.171839452755380151e+01
4.000000000000000000e+02,7.918576690440546351e+00,1.583715338088109270e+01,2.375573007132163994e+01,3.167430676176218540e+01
4.005000000000000000e+02,7.907570060465453743e+00,1.581514012093090749e+01,2.372271018139638699e+01,3.163028024186181497e+01
4.010000000000000000e+02,7.896578720824757092e+00,1.579315744164951418e+01,2.368973616247428993e+01,3.158631488329902837e+01
4.015000000000000000e+02,7.885602650405591163e+00,1.577120530081118233e+01,2.365680795121678059e+01,3.154241060162236465e+01
4.020000000000000000e+02,7.874641828123957410e+00,1.574928365624791482e+01,2.362392548437187401e+01,3.149856731249582964e+01
4.025000000000000000e+02,7.863696232921426166e+00,1.572739246584285233e+01,2.359108869876428827e+01,3.145478493168570466e+01
4.030000000000000000e+02,7.852765843768393594e+00,1.570553168753678719e+01,2.355829753130520743e+01,3.141106337507357438e+01
4.035000000000000000e+02,7.841850639660842504e+00,1.568370127932168501e+01,2.352555191898251152e+01,3.136740255864337001e+01
4.040000000000000000e+02,7.830950599623509589e+00,1.566190119924701918e+01,2.349285179887053587e+01,3.132380239849403836e+01
4.045000000000000000e+02,7.820065702706767929e+00,1.564013140541353586e+01,2.346019710812029757e+01,3.128026281082707172e+01
4.050000000000000000e+02,7.809195927989704522e+00,1.561839185597940904e+01,2.342758778396913044e+01,3.123678371195881809e+01
4.055000000000000000e+02,7.798341254577017878e+00,1.559668250915403576e+01,2.339502376373106429e+01,3.119336501830807151e+01
4.060000000000000000e+02,7.787501661602100000e+00,1.557500332320420000e+01,2.336250498480633908e+01,3.115000664640840000e+01
4.065000000000000000e+02,7.776677128223967728e+00,1.555335425644793546e+01,2.333003138467190851e+01,3.110670851289587091e+01
4.070000000000000000e+02,7.765867633630268330e+00,1.553173526726053666e+01,2.329760290089080854e+01,3.106347053452107332e+01
4.075000000000000000e+02,7.755073157034287235e+00,1.551014631406857447e+01,2.326521947110285637e+01,3.102029262813714894e+01
4.080000000000000000e+02,7.744293677677892340e+00,1.548858735535578468e+01,2.323288103303367436e+01,3.097717471071156936e+01
4.085000000000000000e+02,7.733529174828606578e+00,1.546705834965721316e+01,2.320058752448579042e+01,3.093411669931442631e+01
4.090000000000000000e+02,7.722779627782471401e+00,1.544555925556494280e+01,2.316833888334740266e+01,3.089111851112988560e+01
4.095000000000000000e+02,7.712045015861194841e+00,1.542409003172238968e+01,2.313613504758354011e+01,3.084818006344477936e+01
4.100000000000000000e+02,7.701325318414940391e+00,1.540265063682988078e+01,2.310397595524477765e+01,3.080530127365976156e+01
4.105000000000000000e+02,7.690620514819550557e+00,1.538124102963910111e+01,2.307186154445862414e+01,3.076248205927820223e+01
4.110000000000000000e+02,7.679930584479286004e+00,1.535986116895857201e+01,2.303979175343782515e+01,3.071972233791714402e+01
4.115000000000000000e+02,7.669255506824067758e+00,1.533851101364813552e+01,2.300776652047213489e+01,3.067702202729627103e+01
4.120000000000000000e+02,7.658595261312172831e+00,1.531719052262434566e+01,2.297578578393645898e+01,3.063438104524869132e+01
4.125000000000000000e+02,7.647949827427556357e+00,1.529589965485511271e+01,2.294384948228259447e+01,3.059179930971022543e+01
4.130000000000000000e+02,7.637319184682466400e+00,1.527463836936493280e+01,2.291195755404732637e+01,3.054927673872986560e+01
4.135000000000000000e+02,7.626703312614840691e+00,1.525340662522968138e+01,2.288010993784445191e+01,3.050681325045936276e+01
4.140000000000000000e+02,7.616102190790825510e+00,1.523220438158165102e+01,2.284830657237242235e+01,3.046440876316330204e+01
4.145000000000000000e+02,7.605515798802279903e+00,1.521103159760455981e+01,2.281654739640677576e+01,3.042206319520911961e+01
4.150000000000000000e+02,7.594944116269207512e+00,1.518988823253841502e+01,2.278483234880757635e+01,3.037977646507683005e+01
4.155000000000000000e+02,7.584387122837320305e+00,1.516877424567464061e+01,2.275316136851191118e+01,3.033754849134928122e+01
4.160000000000000000e+02,7.573844798180402016e+00,1.514768959636080403e+01,2.272153439454117319e+01,3.029537919272160806e+01
4.165000000000000000e+02,7.563317121997962467e+00,1.512663424399592493e+01,2.268995136599381723e+01,3.025326848799184987e+01
4.170000000000000000e+02,7.552804074017491764e+00,1.510560814803498353e+01,2.265841222205245842e+01,3.021121629606996706e+01
4.175000000000000000e+02,7.542305633992234526e+00,1.508461126798446905e+01,2.262691690197663519e+01,3.016922253596893810e+01
4.180000000000000000e+02,7.531821781703329499e+00,1.506364356340665900e+01,2.259546534510995031e+01,3.012728712681331800e+01
4.185000000000000000e+02,7.521352496957681488e+00,1.504270499391536298e+01,2.256405749087296542e+01,3.008540998783072595e+01
4.190000000000000000e+02,7.510897759589993505e+00,1.502179551917998701e+01,2.253269327876994765e+01,3.004359103835997402e+01
4.195000000000000000e+02,7.500457549460773699e+00,1.500091509892154740e+01,2.250137264838227935e+01,3.000183019784309479e+01
4.200000000000000000e+02,7.490031846458251152e+00,1.498006369291650230e+01,2.247009553937472504e+01,2.996012738583300461e+01
4.205000000000000000e+02,7.479620630496402356e+00,1.495924126099280471e+01,2.243886189148916088e+01,2.991848252198560942e+01
4.210000000000000000e+02,7.469223881516917629e+00,1.493844776303383526e+01,2.240767164455072091e+01,2.987689552606767052e+01
4.215000000000000000e+02,7.458841579487199169e+00,1.491768315897439834e+01,2.237652473846151224e+01,2.983536631794879668e+01
4.220000000000000000e+02,7.448473704402283957e+00,1.489694740880456791e+01,2.234542111320682523e+01,2.979389481760913583e+01
4.225000000000000000e+02,7.438120236282959929e+00,1.487624047256591986e+01,2.231436070884881673e+01,2.975248094513183972e+01
4.230000000000000000e+02,7.427781155177530792e+00,1.485556231035506158e+01,2.228334346553254974e+01,2.971112462071012317e+01
4.235000000000000000e+02,7.417456441160053870e+00,1.483491288232010774e+01,2.225236932348012076e+01,2.966982576464021548e+01
4.240000000000000000e+02,7.407146074332049857e+00,1.481429214866409971e+01,2.222143822299614158e+01,2.962858429732819943e+01
4.245000000000000000e+02,7.396850034820763753e+00,1.479370006964152751e+01,2.219055010446228593e+01,2.958740013928305501e+01
4.250000000000000000e+02,7.386568302780839979e+00,1.477313660556167996e+01,2.215970490834249773e+01,2.954627321112335991e+01
4.255000000000000000e+02,7.376300858392618842e+00,1.475260171678523768e+01,2.212890257517785031e+01,2.950520343357047537e+01
4.260000000000000000e+02,7.366047681863798324e+00,1.473209536372759665e+01,2.209814304559139586e+01,2.946419072745519330e+01
4.265000000000000000e+02,7.355808753427766078e+00,1.471161750685553216e+01,2.206742626028325205e+01,2.942323501371106431e+01
4.270000000000000000e+02,7.345584053345114661e+00,1.469116810669022932e+01,2.203675216003534842e+01,2.938233621338045864e+01
4.275000000000000000e+02,7.335373561902204465e+00,1.467074712380440893e+01,2.200612068570660540e+01,2.934149424760881786e+01
4.280000000000000000e+02,7.325177259412519959e+00,1.465035451882503992e+01,2.197553177823755632e+01,2.930070903765007984e+01
4.285000000000000000e+02,7.314995126215233512e+00,1.462999025243046702e+01,2.194498537864568988e+01,2.925998050486093405e+01
4.290000000000000000e+02,7.304827142676618479e+00,1.460965428535323696e+01,2.191448142802983057e+01,2.921930857070647392e+01
4.295000000000000000e+02,7.294673289188621901e+00,1.458934657837724380e+01,2.188401986756581863e+01,2.917869315675448760e+01
4.300000000000000000e+02,7.284533546170179008e+00,1.456906709234035802e+01,2.185360063851051748e+01,2.913813418468071603e+01
4.305000000000000000e+02,7.274407894065920033e+00,1.454881578813184007e+01,2.182322368219774589e+01,2.909763157626368013e+01
4.310000000000000000e+02,7.264296313347391454e+00,1.452859262669478291e+01,2.179288894004213262e+01,2.905718525338956582e+01
4.315000000000000000e+02,7.254198784511782350e+00,1.450839756902356470e+01,2.176259635353531863e+01,2.901679513804712940e+01
4.320000000000000000e+02,7.244115288083148307e+00,1.448823057616629661e+01,2.173234586424941739e+01,2.897646115233259323e+01
4.325000000000000000e+02,7.234045804611169750e+00,1.446809160922233950e+01,2.170213741383354034e+01,2.893618321844467900e+01
4.330000000000000000e+02,7.223990314672306567e+00,1.444798062934461313e+01,2.167197094401691260e+01,2.889596125868922627e+01
4.335000000000000000e+02,7.213948798868629275e+00,1.442789759773725855e+01,2.164184639660592424e+01,2.885579519547451710e+01
4.340000000000000000e+02,7.203921237828903479e+00,1.440784247565780696e+01,2.161176371348672376e+01,2.881568495131561392e+01
4.345000000000000000e+02,7.193907612207520508e+00,1.438781522441504102e+01,2.158172283662256419e+01,2.877563044883008203e+01
4.350000000000000000e+02,7.183907902685430003e+00,1.436781580537086001e+01,2.155172370805629711e+01,2.873563161074172001e+01
4.355000000000000000e+02,7.173922089969232196e+00,1.434784417993846439e+01,2.152176626990769392e+01,2.869568835987692879e+01
4.360000000000000000e+02,7.163950154792010139e+00,1.432790030958402028e+01,2.149185046437601088e+01,2.865580061916804055e+01
4.365000000000000000e+02,7.153992077912445069e+00,1.430798415582489014e+01,2.146197623373728547e+01,2.861596831164978028e+01
4.370000000000000000e+02,7.144047840115629100e+00,1.428809568023125820e+01,2.143214352034687309e+01,2.857619136046251640e+01
4.375000000000000000e+02,7.134117422212282733e+00,1.426823484442456547e+01,2.140235226663679668e+01,2.853646968884913093e+01
4.380000000000000000e+02,7.124200805039383688e+00,1.424840161007876738e+01,2.137260241511811643e+01,2.849680322015753475e+01
4.385000000000000000e+02,7.114297969459545179e+00,1.422859593891909036e+01,2.134289390837863110e+01,2.845719187783818072e+01
4.390000000000000000e+02,7.104408896361606551e+00,1.420881779272321310e+01,2.131322668908478946e+01,2.841763558544642621e+01
4.395000000000000000e+02,7.094533566659949386e+00,1.418906713331989877e+01,2.128360069997981796e+01,2.837813426663979754e+01
4.400000000000000000e+02,7.084671961295106790e+00,1.416934392259021358e+01,2.125401588388529106e+01,2.833868784518042716e+01
4.405000000000000000e+02,7.074824061233181638e+00,1.414964812246636328e+01,2.122447218369951827e+01,2.829929624493272655e+01
4.410000000000000000e+02,7.064989847466328854e+00,1.412997969493265771e+01,2.119496954239893327e+01,2.825995938986531542e+01
4.415000000000000000e+02,7.055169301012226057e+00,1.411033860202445211e+01,2.116550790303666929e+01,2.822067720404890423e+01
4.420000000000000000e+02,7.045362402914532751e+00,1.409072480582906550e+01,2.113608720874358937e+01,2.818144961165813100e+01
4.425000000000000000e+02,7.035569134242429357e+00,1.407113826848485871e+01,2.110670740272726675e+01,2.814227653696971743e+01
4.430000000000000000e+02,7.025789476090960051e+00,1.405157895218192010e+01,2.107736842827285528e+01,2.810315790436384020e+01
4.435000000000000000e+02,7.016023409580703252e+00,1.403204681916140650e+01,2.104807022874212308e+01,2.806409363832281301e+01
4.440000000000000000e+02,7.006270915857992776e+00,1.401254183171598555e+01,2.101881274757400675e+01,2.802508366343197110e+01
4.445000000000000000e+02,6.996531976094694905e+00,1.399306395218938981e+01,2.098959592828406784e+01,2.798612790437877962e+01
4.450000000000000000e+02,6.986806571488311413e+00,1.397361314297662283e+01,2.096041971446495111e+01,2.794722628595324565e+01
4.455000000000000000e+02,6.977094683261881869e+00,1.395418936652376374e+01,2.093128404978566337e+01,2.790837873304752748e+01
4.460000000000000000e+02,6.967396292664004065e+00,1.393479258532800813e+01,2.090218887799205660e+01,2.786958517065601626e+01
4.465000000000000000e+02,6.957711380968794046e+00,1.391542276193758809e+01,2.087313414290636260e+01,2.783084552387517618e+01
4.470000000000000000e+02,6.948039929475785748e+00,1.389607985895157150e+01,2.084411978842736346e+01,2.779215971790314299e+01
4.475000000000000000e+02,6.938381919510053564e+00,1.387676383902010713e+01,2.081514575853015714e+01,2.775352767804021425e+01
4.480000000000000000e+02,6.928737332422017836e+00,1.385747466484403567e+01,2.078621199726609348e+01,2.771494932968807134e+01
4.485000000000000000e+02,6.919106149587590515e+00,1.383821229917518103e+01,2.075731844876275289e+01,2.767642459835036206e+01
4.490000000000000000e+02,6.909488352407951339e+00,1.381897670481590268e+01,2.072846505722390376e+01,2.763795340963180536e+01
4.495000000000000000e+02,6.899883922309737017e+00,1.379976784461947403e+01,2.069965176692920039e+01,2.759953568923894807e+01
4.500000000000000000e+02,6.890292840744781877e+00,1.378058568148956375e+01,2.067087852223433941e+01,2.756117136297912751e+01
4.505000000000000000e+02,6.880715089190331035e+00,1.376143017838066207e+01,2.064214526757098511e+01,2.752286035676132414e+01
4.510000000000000000e+02,6.871150649148768608e+00,1.374230129829753722e+01,2.061345194744631470e+01,2.748460259659507443e+01
4.515000000000000000e+02,6.861599502147866403e+00,1.372319900429573281e+01,2.058479850644356546e+01,2.744639800859146561e+01
4.520000000000000000e+02,6.852061629740402893e+00,1.370412325948080579e+01,2.055618488922119624e+01,2.740824651896161157e+01
4.525000000000000000e+02,6.842537013504554899e+00,1.368507402700910980e+01,2.052761104051366559e+01,2.737014805401821960e+01
4.530000000000000000e+02,6.833025635043433077e+00,1.366605127008686615e+01,2.049907690513030190e+01,2.733210254017373231e+01
4.535000000000000000e+02,6.823527475985490476e+00,1.364705495197098095e+01,2.047058242795644745e+01,2.729410990394196190e+01
4.540000000000000000e+02,6.814042517984042924e+00,1.362808503596808585e+01,2.044212755395209058e+01,2.725617007193617169e+01
4.545000000000000000e+02,6.804570742717706011e+00,1.360914148543541202e+01,2.041371222815307718e+01,2.721828297087082404e+01
4.550000000000000000e+02,6.795112131889890605e+00,1.359022426377978121e+01,2.038533639566961142e+01,2.718044852755956242e+01
4.555000000000000000e+02,6.785666667229278914e+00,1.357133333445855783e+01,2.035700000168779056e+01,2.714266666891711566e+01
4.560000000000000000e+02,6.776234330489250723e+00,1.355246866097850145e+01,2.032870299146772197e+01,2.710493732195700289e+01
4.565000000000000000e+02,6.766815103448441171e+00,1.353363020689688234e+01,2.030044531034532440e+01,2.706726041379376468e+01
4.570000000000000000e+02,6.757408967910087050e+00,1.351481793582017410e+01,2.027222690373027447e+01,2.702963587164034820e+01
4.575000000000000000e+02,6.748015905702667183e+00,1.349603181140533437e+01,2.024404771710800688e+01,2.699206362281066873e+01
4.580000000000000000e+02,6.738635898679160796e+00,1.347727179735832159e+01,2.021590769603746551e+01,2.695454359471664318e+01
4.585000000000000000e+02,6.729268928717750065e+00,1.345853785743550013e+01,2.018780678615330260e+01,2.691707571487100026e+01
4.590000000000000000e+02,6.719914977721071381e+00,1.343982995544214276e+01,2.015974493316322480e+01,2.687965991088428552e+01
4.595000000000000000e+02,6.710574027616893922e+00,1.342114805523378784e+01,2.013172208285073594e+01,2.684229611046757569e+01
4.600000000000000000e+02,6.701246060357372691e+00,1.340249212071474538e+01,2.010373818107218113e+01,2.680498424142949077e+01
4.605000000000000000e+02,6.691931057919774162e+00,1.338386211583954832e+01,2.007579317375939354e+01,2.676772423167909665e+01
4.610000000000000000e+02,6.682629002305655597e+00,1.336525800461131119e+01,2.004788700691702275e+01,2.673051600922262239e+01
4.615000000000000000e+02,6.673339875541643984e+00,1.334667975108328797e+01,2.002001962662498613e+01,2.669335950216657594e+01
4.620000000000000000e+02,6.664063659678578055e+00,1.332812731935715611e+01,1.999219097903580433e+01,2.665625463871431222e+01
4.625000000000000000e+02,6.654800336792374260e+00,1.330960067358474852e+01,1.996440101037716275e+01,2.661920134716949704e+01
4.630000000000000000e+02,6.645549888983030229e+00,1.329109977796606046e+01,1.993664966694916885e+01,2.658219955593212092e+01
4.635000000000000000e+02,6.636312298375572460e+00,1.327262459675114492e+01,1.990893689512676090e+01,2.654524919350228984e+01
4.640000000000000000e+02,6.627087547119084654e+00,1.325417509423816931e+01,1.988126264135730992e+01,2.650835018847633862e+01
4.645000000000000000e+02,6.617875617387615428e+00,1.323575123477523086e+01,1.985362685216286138e+01,2.647150246955046171e+01
4.650000000000000000e+02,6.608676491379165796e+00,1.321735298275833159e+01,1.982602947413755601e+01,2.643470596551666318e+01
4.655000000000000000e+02,6.599490151316711462e+00,1.319898030263342292e+01,1.979847045395018057e+01,2.639796060526684585e+01
4.660000000000000000e+02,6.590316579447086376e+00,1.318063315889417275e+01,1.977094973834128666e+01,2.636126631778834550e+01
4.665000000000000000e+02,6.581155758042006809e+00,1.316231151608401362e+01,1.974346727412604352e+01,2.632462303216802724e+01
4.670000000000000000e+02,6.572007669397049945e+00,1.314401533879409989e+01,1.971602300819117204e+01,2.628803067758819978e+01
4.675000000000000000e+02,6.562872295832604230e+00,1.312574459166520846e+01,1.968861688749782601e+01,2.625148918333041692e+01
4.680000000000000000e+02,6.553749619692821327e+00,1.310749923938564265e+01,1.966124885907849773e+01,2.621499847877128531e+01
4.685000000000000000e+02,6.544639623346641955e+00,1.308927924669328391e+01,1.963391887003994896e+01,2.617855849338656782e+01
4.690000000000000000e+02,6.535542289186699882e+00,1.307108457837339976e+01,1.960662686756017692e+01,2.614216915674679953e+01
4.695000000000000000e+02,6.526457599630361095e+00,1.305291519926072219e+01,1.957937279889114635e+01,2.610583039852144438e+01
4.700000000000000000e+02,6.517385537118630445e+00,1.303477107423726089e+01,1.955215661135597571e+01,2.606954214847452178e+01
4.705000000000000000e+02,6.508326084117180166e+00,1.301665216823436033e+01,1.952497825235159468e+01,2.603330433646872066e+01
4.710000000000000000e+02,6.499279223115234316e+00,1.299855844623046863e+01,1.949783766934578821e+01,2.599711689246093727e+01
4.715000000000000000e+02,6.490244936626668348e+00,1.298048987325333670e+01,1.947073480988010274e+01,2.596097974650667339e+01
4.720000000000000000e+02,6.481223207188857138e+00,1.296244641437771428e+01,1.944366962156664869e+01,2.592489282875542855e+01
4.725000000000000000e+02,6.472214017363731031e+00,1.294442803472746206e+01,1.941664205209126237e+01,2.588885606945492412e+01
4.730000000000000000e+02,6.463217349736656736e+00,1.292643469947331347e+01,1.938965204921005636e+01,2.585286939894662694e+01
4.735000000000000000e+02,6.454233186917538667e+00,1.290846637383507733e+01,1.936269956075268794e+01,2.581693274767015467e+01
4.740000000000000000e+02,6.445261511539627897e+00,1.289052302307925579e+01,1.933578453461894497e+01,2.578104604615851159e+01
4.745000000000000000e+02,6.436302306260661688e+00,1.287260461252132338e+01,1.930890691878206056e+01,2.574520922504264675e+01
4.750000000000000000e+02,6.427355553761657347e+00,1.285471110752331469e+01,1.928206666128503244e+01,2.570942221504662939e+01
4.755000000000000000e+02,6.418421236748084624e+00,1.283684247349616925e+01,1.925526371024431427e+01,2.567368494699233850e+01
4.760000000000000000e+02,6.409499337948608044e+00,1.281899867589721609e+01,1.922849801384585788e+01,2.563799735179443218e+01
4.765000000000000000e+02,6.400589840116277962e+00,1.280117968023255592e+01,1.920176952034887563e+01,2.560235936046511185e+01
4.770000000000000000e+02,6.391692726027299543e+00,1.278338545205459909e+01,1.917507817808194304e+01,2.556677090410919817e+01
4.775000000000000000e+02,6.382807978482225586e+00,1.276561595696445117e+01,1.914842393544669363e+01,2.553123191392890234e+01
4.780000000000000000e+02,6.373935580304656234e+00,1.274787116060931247e+01,1.912180674091397492e+01,2.549574232121862494e+01
4.785000000000000000e+02,6.365075514342493079e+00,1.273015102868498616e+01,1.909522654302750411e+01,2.546030205736997232e+01
4.790000000000000000e+02,6.356227763466662850e+00,1.271245552693332570e+01,1.906868329039998855e+01,2.542491105386665140e+01
4.795000000000000000e+02,6.347392310572280039e+00,1.269478462114456008e+01,1.904217693171688097e+01,2.538956924228912015e+01
4.800000000000000000e+02,6.338569138577467399e+00,1.267713827715493480e+01,1.901570741573240397e+01,2.535427655430986960e+01
4.805000000000000000e+02,6.329758230424457288e+00,1.265951646084891458e+01,1.898927469127341894e+01,2.531903292169782915e+01
4.810000000000000000e+02,6.320959569078427265e+00,1.264191913815685453e+01,1.896287870723529068e+01,2.528383827631370906e+01
4.815000000000000000e+02,6.312173137528621858e+00,1.262434627505724372e+01,1.893651941258589488e+01,2.524869255011448743e+01
4.820000000000000000e+02,6.303398918787133987e+00,1.260679783757426797e+01,1.891019675636142594e+01,2.521359567514853595e+01
4.825000000000000000e+02,6.294636895890120876e+00,1.258927379178024175e+01,1.888391068767039016e+01,2.517854758356048350e+01
4.830000000000000000e+02,6.285887051896485112e+00,1.257177410379297022e+01,1.885766115568948109e+01,2.514354820758594045e+01
4.835000000000000000e+02,6.277149369889145625e+00,1.255429873977829125e+01,1.883144810966745197e+01,2.510859747955658250e+01
4.840000000000000000e+02,6.268423832973709864e+00,1.253684766594741973e+01,1.880527149892114025e+01,2.507369533189483946e+01
4.845000000000000000e+02,6.259710424279751884e+00,1.251942084855950377e+01,1.877913127283923345e+01,2.503884169711900753e+01
4.850000000000000000e+02,6.251009126959441886e+00,1.250201825391888377e+01,1.875302738087831500e+01,2.500403650783776754e+01
4.855000000000000000e+02,6.242319924188884706e+00,1.248463984837776941e+01,1.872695977256664435e+01,2.496927969675553882e+01
4.860000000000000000e+02,6.233642799166736026e+00,1.246728559833347205e+01,1.870092839750018854e+01,2.493457119666694410e+01
4.865000000000000000e+02,6.224977735115480471e+00,1.244995547023096094e+01,1.867493320534643431e+01,2.489991094046192188e+01
4.870000000000000000e+02,6.216324715280135749e+00,1.243264943056027150e+01,1.864897414584041613e+01,2.486529886112054299e+01
4.875000000000000000e+02,6.207683722929475678e+00,1.241536744585895136e+01,1.862305116878843236e+01,2.483073489171790271e+01
4.880000000000000000e+02,6.199054741354736997e+00,1.239810948270947399e+01,1.859716422406425451e+01,2.479621896541894799e+01
4.885000000000000000e+02,6.190437753870876136e+00,1.238087550774175227e+01,1.857131326161265861e+01,2.476175101548350455e+01
4.890000000000000000e+02,6.181832743815230735e+00,1.236366548763046147e+01,1.854549823144570198e+01,2.472733097526092294e+01
4.895000000000000000e+02,6.173239694548784406e+00,1.234647938909756881e+01,1.851971908364637542e+01,2.469295877819513763e+01
4.900000000000000000e+02,6.164658589454893090e+00,1.232931717890978618e+01,1.849397576836469881e+01,2.465863435781957236e+01
4.905000000000000000e+02,6.156089411940475209e+00,1.231217882388095042e+01,1.846826823582141941e+01,2.462435764776190084e+01
4.910000000000000000e+02,6.147532145434727369e+00,1.229506429086945474e+01,1.844259643630417145e+01,2.459012858173890947e+01
4.915000000000000000e+02,6.138986773390392671e+00,1.227797354678078534e+01,1.841696032017117801e+01,2.455594709356157068e+01
4.920000000000000000e+02,6.130453279282430223e+00,1.226090655856486045e+01,1.839135983784729333e+01,2.452181311712972089e+01
4.925000000000000000e+02,6.121931646609271915e+00,1.224386329321854383e+01,1.836579493982782196e+01,2.448772658643708766e+01
4.930000000000000000e+02,6.113421858891514127e+00,1.222684371778302825e+01,1.834026557667455748e+01,2.445368743556605651e+01
4.935000000000000000e+02,6.104923899673158516e+00,1.220984779934631703e+01,1.831477169901945956e+01,2.441969559869263406e+01
4.940000000000000000e+02,6.096437752520316167e+00,1.219287550504063233e+01,1.828931325756092718e+01,2.438575101008126467e+01
4.945000000000000000e+02,6.087963401022432386e+00,1.217592680204486477e+01,1.826389020306726962e+01,2.435185360408972954e+01
4.950000000000000000e+02,6.079500828791037925e+00,1.215900165758207585e+01,1.823850248637307203e+01,2.431800331516415170e+01
4.955000000000000000e+02,6.071050019460903613e+00,1.214210003892180723e+01,1.821315005838266998e+01,2.428420007784361445e+01
4.960000000000000000e+02,6.062610956688824437e+00,1.212522191337764887e+01,1.818783287006645466e+01,2.425044382675529775e+01
4.965000000000000000e+02,6.054183624154817700e+00,1.210836724830963540e+01,1.816255087246442201e+01,2.421673449661927080e+01
4.970000000000000000e+02,6.045768005560826275e+00,1.209153601112165255e+01,1.813730401668248504e+01,2.418307202224330510e+01
4.975000000000000000e+02,6.037364084631964722e+00,1.207472816926392944e+01,1.811209225389589506e+01,2.414945633852785889e+01
4.980000000000000000e+02,6.028971845115228767e+00,1.205794369023045753e+01,1.808691553534568186e+01,2.411588738046091507e+01
4.985000000000000000e+02,6.020591270780693449e+00,1.204118254156138690e+01,1.806177381234207502e+01,2.408236508312277380e+01
4.990000000000000000e+02,6.012222345420298097e+00,1.202444469084059619e+01,1.803666703626091206e+01,2.404888938168119239e+01
4.995000000000000000e+02,6.003865052848980532e+00,1.200773010569796106e+01,1.801159515854694959e+01,2.401546021139592213e+01
5.000000000000000000e+02,5.995519376903481579e+00,1.199103875380696316e+01,1.798655813071044207e+01,2.398207750761392631e+01
5.005000000000000000e+02,5.987185301443475716e+00,1.197437060288695143e+01,1.796155590433043869e+01,2.394874120577390286e+01
5.010000000000000000e+02,5.978862810350410228e+00,1.195772562070082046e+01,1.793658843105123424e+01,2.391545124140164091e+01
5.015000000000000000e+02,5.970551887528579904e+00,1.194110377505715981e+01,1.791165566258572994e+01,2.388220755011431962e+01
5.020000000000000000e+02,5.962252516903995492e+00,1.192450503380799098e+01,1.788675755071197671e+01,2.384901006761598197e+01
5.025000000000000000e+02,5.953964682425465504e+00,1.190792936485093101e+01,1.786189404727640451e+01,2.381585872970186202e+01
5.030000000000000000e+02,5.945688368063463791e+00,1.189137673612692758e+01,1.783706510419038338e+01,2.378275347225385516e+01
5.035000000000000000e+02,5.937423557811183805e+00,1.187484711562236761e+01,1.781227067343355230e+01,2.374969423124473522e+01
5.040000000000000000e+02,5.929170235683436374e+00,1.185834047136687275e+01,1.778751070705028781e+01,2.371668094273374550e+01
5.045000000000000000e+02,5.920928385717691533e+00,1.184185677143538307e+01,1.776278515715303996e+01,2.368371354287076613e+01
5.050000000000000000e+02,5.912697991972972744e+00,1.182539598394594549e+01,1.773809397591888626e+01,2.365079196789189098e+01
5.055000000000000000e+02,5.904479038530916490e+00,1.180895807706183298e+01,1.771343711559270062e+01,2.361791615412366596e+01
5.060000000000000000e+02,5.896271509494632745e+00,1.179254301898926549e+01,1.768881452848387070e+01,2.358508603797853098e+01
5.065000000000000000e+02,5.888075388989815195e+00,1.177615077797963039e+01,1.766422616696941006e+01,2.355230155595926078e+01
5.070000000000000000e+02,5.879890661163575061e+00,1.175978132232715012e+01,1.763967198349065768e+01,2.351956264465430024e+01
5.075000000000000000e+02,5.871717310185482930e+00,1.174343462037096586e+01,1.761515193055638306e+01,2.348686924074193172e+01
5.080000000000000000e+02,5.863555320246550906e+00,1.172711064049310181e+01,1.759066596073956035e+01,2.345422128098620362e+01
5.085000000000000000e+02,5.855404675560140326e+00,1.171080935112028065e+01,1.756621402668037746e+01,2.342161870224056130e+01
5.090000000000000000e+02,5.847265360361020292e+00,1.169453072072204058e+01,1.754179608108302801e+01,2.338906144144408117e+01
5.095000000000000000e+02,5.839137358906260289e+00,1.167827471781252058e+01,1.751741207671878442e+01,2.335654943562504116e+01
5.100000000000000000e+02,5.831020655474250525e+00,1.166204131094850105e+01,1.749306196642274713e+01,2.332408262189700210e+01
5.105000000000000000e+02,5.822915234365635406e+00,1.164583046873127081e+01,1.746874570309690355e+01,2.329166093746254163e+01
5.110000000000000000e+02,5.814821079902317891e+00,1.162964215980463578e+01,1.744446323970694479e+01,2.325928431960927156e+01
5.115000000000000000e+02,5.806738176428393849e+00,1.161347635285678770e+01,1.742021452928520020e+01,2.322695270571357540e+01
5.120000000000000000e+02,5.798666508309197276e+00,1.159733301661839455e+01,1.739599952492757140e+01,2.319466603323678910e+01
5.125000000000000000e+02,5.790606059932136951e+00,1.158121211986427390e+01,1.737181817979640641e+01,2.316242423972854780e+01
5.130000000000000000e+02,5.782556815705842013e+00,1.156511363141168403e+01,1.734767044711751538e+01,2.313022726282336805e+01
5.135000000000000000e+02,5.774518760060947109e+00,1.154903752012189422e+01,1.732355628018281379e+01,2.309807504024378844e+01
5.140000000000000000e+02,5.766491877449252179e+00,1.153298375489850436e+01,1.729947563234772900e+01,2.306596750979700872e+01
5.145000000000000000e+02,5.758476152344511156e+00,1.151695230468902231e+01,1.727542845703350238e+01,2.303390460937804463e+01
5.150000000000000000e+02,5.750471569241565994e+00,1.150094313848313199e+01,1.725141470772466334e+01,2.300188627696626398e+01
5.155000000000000000e+02,5.742478112657173561e+00,1.148495622531434712e+01,1.722743433797146650e+01,2.296991245062869424e+01
5.160000000000000000e+02,5.734495767129113908e+00,1.146899153425822782e+01,1.720348730138727689e+01,2.293798306851645563e+01
5.165000000000000000e+02,5.726524517217010057e+00,1.145304903443402011e+01,1.717957355165096445e+01,2.290609806886804023e+01
5.170000000000000000e+02,5.718564347501492229e+00,1.143712869500298446e+01,1.715569304250441718e+01,2.287425739000596892e+01
5.175000000000000000e+02,5.710615242584916373e+00,1.142123048516983275e+01,1.713184572775471182e+01,2.284246097033966549e+01
5.180000000000000000e+02,5.702677187090659849e+00,1.140535437418131970e+01,1.710803156127191471e+01,2.281070874836263940e+01
5.185000000000000000e+02,5.694750165663703179e+00,1.138950033132740636e+01,1.708425049699105003e+01,2.277900066265481271e+01
5.190000000000000000e+02,5.686834162970007434e+00,1.137366832594001487e+01,1.706050248890995391e+01,2.274733665188002973e+01
5.195000000000000000e+02,5.678929163697116422e+00,1.135785832739423284e+01,1.703678749109128177e+01,2.271571665478846569e+01
5.200000000000000000e+02,5.671035152553455028e+00,1.134207030510691006e+01,1.701310545766032334e+01,2.268414061021382011e+01
5.205000000000000000e+02,5.663152114268994453e+00,1.132630422853798891e+01,1.698945634280691763e+01,2.265260845707597781e+01
5.210000000000000000e+02,5.655280033594513256e+00,1.131056006718902651e+01,1.696584010078349536e+01,2.262112013437805302e+01
5.215000000000000000e+02,5.647418895302290132e+00,1.129483779060458026e+01,1.694225668590681266e+01,2.258967558120916053e+01
5.220000000000000000e+02,5.639568684185367609e+00,1.127913736837073522e+01,1.691870605255607884e+01,2.255827473674147043e+01
5.225000000000000000e+02,5.631729385058218185e+00,1.126345877011643637e+01,1.689518815517459416e+01,2.252691754023287274e+01
5.230000000000000000e+02,5.623900982756003586e+00,1.124780196551200717e+01,1.687170294826798056e+01,2.249560393102401434e+01
5.235000000000000000e+02,5.616083462135270210e+00,1.123216692427054042e+01,1.684825038640576977e+01,2.246433384854108084e+01
5.240000000000000000e+02,5.608276808073236808e+00,1.121655361614647362e+01,1.682483042421968378e+01,2.243310723229294723e+01
5.245000000000000000e+02,5.600481005468392226e+00,1.120096201093678445e+01,1.680144301640515536e+01,2.240192402187356890e+01
5.250000000000000000e+02,5.592696039239871908e+00,1.118539207847974382e+01,1.677808811771956243e+01,2.237078415695948763e+01
5.255000000000000000e+02,5.584921894327995240e+00,1.116984378865599048e+01,1.675476568298395108e+01,2.233968757731198096e+01
5.260000000000000000e+02,5.577158555693713105e+00,1.115431711138742621e+01,1.673147566708111000e+01,2.230863422277485242e+01
5.265000000000000000e+02,5.569406008319087498e+00,1.113881201663817500e+01,1.670821802495721187e+01,2.227762403327634999e+01
5.270000000000000000e+02,5.561664237206742634e+00,1.112332847441348527e+01,1.668499271162018260e+01,2.224665694882697053e+01
5.275000000000000000e+02,5.553933227380356108e+00,1.110786645476071222e+01,1.666179968214104434e+01,2.221573290952142443e+01
5.280000000000000000e+02,5.546212963884141978e+00,1.109242592776828396e+01,1.663863889165242682e+01,2.218485185553656791e+01
5.285000000000000000e+02,5.538503431783296627e+00,1.107700686356659325e+01,1.661551029534985346e+01,2.215401372713318651e+01
5.290000000000000000e+02,5.530804616163462306e+00,1.106160923232692461e+01,1.659241384849035583e+01,2.212321846465384922e+01
5.295000000000000000e+02,5.523116502131238725e+00,1.104623300426247745e+01,1.656934950639371351e+01,2.209246600852495490e+01
5.300000000000000000e+02,5.515439074813641263e+00,1.103087814962728253e+01,1.654631722444094777e+01,2.206175629925456505e+01
5.305000000000000000e+02,5.507772319358553936e+00,1.101554463871710787e+01,1.652331695807563960e+01,2.203108927743421575e+01
5.310000000000000000e+02,5.500116220934213374e+00,1.100023244186842675e+01,1.650034866280260459e+01,2.200046488373685349e+01
5.315000000000000000e+02,5.492470764729644905e+00,1.098494152945928981e+01,1.647741229418891251e+01,2.196988305891857962e+01
5.320000000000000000e+02,5.484835935954250452e+00,1.096967187190850090e+01,1.645450780786272915e+01,2.193934374381700181e+01
5.325000000000000000e+02,5.477211719838122050e+00,1.095442343967624410e+01,1.643163515951432530e+01,2.190884687935248820e+01
5.330000000000000000e+02,5.469598101631654608e+00,1.093919620326330922e+01,1.640879430489491142e+01,2.187839240652661843e+01
5.335000000000000000e+02,5.461995066605886073e+00,1.092399013321177215e+01,1.638598519981760404e+01,2.184798026642354429e+01
5.340000000000000000e+02,5.454402600052123518e+00,1.090880520010424704e+01,1.636320780015631371e+01,2.181761040020849407e+01
5.345000000000000000e+02,5.446820687282233564e+00,1.089364137456446713e+01,1.634046206184665806e+01,2.178728274912893426e+01
5.350000000000000000e+02,5.439249313628319982e+00,1.087849862725663996e+01,1.631774794088492087e+01,2.175699725451327993e+01
5.355000000000000000e+02,5.431688464442985698e+00,1.086337692888597140e+01,1.629506539332889048e+01,2.172675385777194279e+01
5.360000000000000000e+02,5.424138125098997065e+00,1.084827625019799413e+01,1.627241437529691481e+01,2.169655250039598826e+01
5.365000000000000000e+02,5.416598280989552094e+00,1.083319656197910419e+01,1.624979484296862253e+01,2.166639312395820838e+01
5.370000000000000000e+02,5.409068917528030873e+00,1.081813783505606175e+01,1.622720675258402068e+01,2.163627567011212349e+01
5.375000000000000000e+02,5.401550020148112807e+00,1.080310004029622561e+01,1.620465006044431178e+01,2.160620008059245123e+01
5.380000000000000000e+02,5.394041574303634512e+00,1.078808314860726902e+01,1.618212472291086002e+01,2.157616629721453805e+01
5.385000000000000000e+02,5.386543565468689287e+00,1.077308713093737857e+01,1.615963069640602967e+01,2.154617426187475715e+01
5.390000000000000000e+02,5.379055979137429055e+00,1.075811195827485811e+01,1.613716793741222943e+01,2.151622391654971622e+01
5.395000000000000000e+02,5.371578800824246436e+00,1.074315760164849287e+01,1.611473640247269401e+01,2.148631520329698574e+01
5.400000000000000000e+02,5.364112016063537602e+00,1.072822403212707520e+01,1.609233604819056040e+01,2.145644806425415041e+01
5.405000000000000000e+02,5.356655610409865709e+00,1.071331122081973142e+01,1.606996683122955361e+01,2.142662244163946283e+01
5.410000000000000000e+02,5.349209569437759271e+00,1.069841913887551854e+01,1.604762870831320143e+01,2.139683827775103708e+01
5.415000000000000000e+02,5.341773878741816084e+00,1.068354775748363217e+01,1.602532163622538519e+01,2.136709551496726434e+01
5.420000000000000000e+02,5.334348523936601971e+00,1.066869704787320394e+01,1.600304557180976062e+01,2.133739409574640788e+01
5.425000000000000000e+02,5.326933490656689862e+00,1.065386698131337972e+01,1.598080047197005094e+01,2.130773396262675945e+01
5.430000000000000000e+02,5.319528764556543443e+00,1.063905752911308689e+01,1.595858629366960457e+01,2.127811505822617377e+01
5.435000000000000000e+02,5.312134331310576663e+00,1.062426866262115333e+01,1.593640299393170423e+01,2.124853732524230665e+01
5.440000000000000000e+02,5.304750176613045376e+00,1.060950035322609075e+01,1.591425052983911037e+01,2.121900070645218150e+01
5.445000000000000000e+02,5.297376286178099747e+00,1.059475257235619949e+01,1.589212885853427082e+01,2.118950514471239899e+01
5.450000000000000000e+02,5.290012645739695429e+00,1.058002529147939086e+01,1.587003793721906497e+01,2.116005058295878172e+01
5.455000000000000000e+02,5.282659241051619325e+00,1.056531848210323865e+01,1.584797772315482511e+01,2.113063696420647730e+01
5.460000000000000000e+02,5.275316057887391885e+00,1.055063211577478377e+01,1.582594817366215523e+01,2.110126423154956754e+01
5.465000000000000000e+02,5.267983082040330167e+00,1.053596616408066033e+01,1.580394924612096297e+01,2.107193232816132067e+01
5.470000000000000000e+02,5.260660299323430600e+00,1.052132059864686120e+01,1.578198089797026071e+01,2.104264119729372240e+01
5.475000000000000000e+02,5.253347695569408948e+00,1.050669539113881790e+01,1.576004308670818155e+01,2.101339078227763579e+01
5.480000000000000000e+02,5.246045256630639919e+00,1.049209051326127984e+01,1.573813576989186913e+01,2.098418102652255968e+01
5.485000000000000000e+02,5.238752968379127850e+00,1.047750593675825570e+01,1.571625890513735690e+01,2.095501187351651140e+01
5.490000000000000000e+02,5.231470816706533356e+00,1.046294163341306671e+01,1.569441245011953434e+01,2.092588326682613342e+01
5.495000000000000000e+02,5.224198787524033882e+00,1.044839757504806776e+01,1.567259636257205813e+01,2.089679515009613553e+01
5.500000000000000000e+02,5.216936866762442726e+00,1.043387373352488545e+01,1.565081060028727400e+01,2.086774746704977090e+01
5.505000000000000000e+02,5.209685040372028730e+00,1.041937008074405746e+01,1.562905512111606754e+01,2.083874016148811492e+01
5.510000000000000000e+02,5.202443294322645961e+00,1.040488658864529192e+01,1.560732988296792456e+01,2.080977317729058385e+01
5.515000000000000000e+02,5.195211614603564065e+00,1.039042322920712813e+01,1.558563484381068420e+01,2.078084645841425626e+01
5.520000000000000000e+02,5.187989987223558863e+00,1.037597997444711773e+01,1.556396996167065261e+01,2.075195994889423545e+01
5.525000000000000000e+02,5.180778398210760471e+00,1.036155679642152094e+01,1.554233519463227609e+01,2.072311359284304189e+01
5.530000000000000000e+02,5.173576833612798076e+00,1.034715366722559615e+01,1.552073050083835248e+01,2.069430733445119230e+01
5.535000000000000000e+02,5.166385279496556571e+00,1.033277055899311314e+01,1.549915583848964395e+01,2.066554111798622628e+01
5.540000000000000000e+02,5.159203721948378174e+00,1.031840744389675635e+01,1.547761116584507768e+01,2.063681488779351270e+01
5.545000000000000000e+02,5.152032147073835056e+00,1.030406429414767011e+01,1.545609644122147230e+01,2.060812858829534022e+01
5.550000000000000000e+02,5.144870540997864339e+00,1.028974108199572868e+01,1.543461162299355749e+01,2.057948216399145736e+01
5.555000000000000000e+02,5.137718889864613558e+00,1.027543777972922712e+01,1.541315666959381048e+01,2.055087555945845423e+01
5.560000000000000000e+02,5.130577179837517043e+00,1.026115435967503409e+01,1.539173153951251116e+01,2.052230871935006817e+01
5.565000000000000000e+02,5.123445397099165355e+00,1.024689079419833071e+01,1.537033619129746675e+01,2.049378158839666142e+01
5.570000000000000000e+02,5.116323527851413644e+00,1.023264705570282729e+01,1.534897058355418586e+01,2.046529411140565458e+01
5.575000000000000000e+02,5.109211558315174706e+00,1.021842311663034941e+01,1.532763467494550547e+01,2.043684623326069882e+01
5.580000000000000000e+02,5.102109474730631256e+00,1.020421894946126251e+01,1.530632842419184136e+01,2.040843789892252502e+01
5.585000000000000000e+02,5.095017263356917958e+00,1.019003452671383592e+01,1.528505179007072634e+01,2.038006905342767183e+01
5.590000000000000000e+02,5.087934910472404759e+00,1.017586982094480952e+01,1.526380473141718674e+01,2.035173964188961904e+01
5.595000000000000000e+02,5.080862402374384246e+00,1.016172480474876849e+01,1.524258720712312432e+01,2.032344960949753698e+01
5.600000000000000000e+02,5.073799725379302572e+00,1.014759945075860514e+01,1.522139917613786153e+01,2.029519890151721029e+01
5.605000000000000000e+02,5.066746865822457480e+00,1.013349373164491496e+01,1.520024059746736178e+01,2.026698746328982992e+01
5.610000000000000000e+02,5.059703810058314488e+00,1.011940762011662898e+01,1.517911143017491327e+01,2.023881524023325795e+01
5.615000000000000000e+02,5.052670544460089452e+00,1.010534108892017890e+01,1.515801163338024971e+01,2.021068217784035781e+01
5.620000000000000000e+02,5.045647055420109162e+00,1.009129411084021832e+01,1.513694116626028752e+01,2.018258822168043665e+01
5.625000000000000000e+02,5.038633329349420542e+00,1.007726665869884108e+01,1.511589998804823054e+01,2.015453331739768217e+01
5.630000000000000000e+02,5.031629352678123723e+00,1.006325870535624745e+01,1.509488805803432143e+01,2.012651741071249489e+01
5.635000000000000000e+02,5.024635111854983904e+00,1.004927022370996781e+01,1.507390533556493040e+01,2.009854044741993562e+01
5.640000000000000000e+02,5.017650593347775967e+00,1.003530118669555193e+01,1.505295178004329593e+01,2.007060237339110387e+01
5.645000000000000000e+02,5.010675783642877690e+00,1.002135156728575538e+01,1.503202735092859577e+01,2.004270313457151076e+01
5.650000000000000000e+02,5.003710669245613474e+00,1.000742133849122695e+01,1.501113200773680845e+01,2.001484267698245390e+01
5.655000000000000000e+02,4.996755236679890189e+00,9.993510473359780377e+00,1.499026571003964570e+01,1.998702094671956075e+01
5.660000000000000000e+02,4.989809472488487607e+00,9.979618944976975214e+00,1.496942841746543884e+01,1.995923788995395043e+01
5.665000000000000000e+02,4.982873363232720010e+00,9.965746726465440020e+00,1.494862008969815292e+01,1.993149345293088004e+01
5.670000000000000000e+02,4.975946895492740829e+00,9.951893790985481658e+00,1.492784068647819851e+01,1.990378758197096332e+01
5.675000000000000000e+02,4.969030055867135864e+00,9.938060111734271729e+00,1.490709016760139960e+01,1.987612022346854346e+01
5.680000000000000000e+02,4.962122830973339838e+00,9.924245661946679675e+00,1.488636849292000619e+01,1.984849132389335935e+01
5.685000000000000000e+02,4.955225207447143454e+00,9.910450414894286908e+00,1.486567562234141349e+01,1.982090082978857382e+01
5.690000000000000000e+02,4.948337171943116175e+00,9.896674343886232350e+00,1.484501151582932188e+01,1.979334868777246470e+01
5.695000000000000000e+02,4.941458711134156800e+00,9.882917422268313601e+00,1.482437613340245797e+01,1.976583484453662720e+01
5.700000000000000000e+02,4.934589811711888707e+00,9.869179623423777414e+00,1.480376943513562615e+01,1.973835924684755483e+01
5.705000000000000000e+02,4.927730460386198885e+00,9.855460920772397770e+00,1.478319138115857712e+01,1.971092184154479554e+01
5.710000000000000000e+02,4.920880643885667816e+00,9.841761287771335631e+00,1.476264193165699723e+01,1.968352257554267126e+01
5.715000000000000000e+02,4.914040348957079196e+00,9.828080697914158392e+00,1.474212104687123848e+01,1.965616139582831678e+01
5.720000000000000000e+02,4.907209562365853373e+00,9.814419124731706745e+00,1.472162868709754946e+01,1.962883824946341349e+01
5.725000000000000000e+02,4.900388270895577492e+00,9.800776541791154983e+00,1.470116481268670050e+01,1.960155308358230997e+01
5.730000000000000000e+02,4.893576461348394524e+00,9.787152922696789048e+00,1.468072938404516847e+01,1.957430584539357810e+01
5.735000000000000000e+02,4.886774120544593814e+00,9.773548241089187627e+00,1.466032236163378855e+01,1.954709648217837525e+01
5.740000000000000000e+02,4.879981235322995659e+00,9.759962470645991317e+00,1.463994370596895500e+01,1.951992494129198263e+01
5.745000000000000000e+02,4.873197792540434392e+00,9.746395585080868784e+00,1.461959337762129607e+01,1.949279117016173757e+01
5.750000000000000000e+02,4.866423779072286848e+00,9.732847558144573696e+00,1.459927133721683923e+01,1.946569511628914739e+01
5.755000000000000000e+02,4.859659181811884388e+00,9.719318363623768775e+00,1.457897754543562918e+01,1.943863672724753755e+01
5.760000000000000000e+02,4.852903987671036035e+00,9.705807975342072069e+00,1.455871196301307613e+01,1.941161595068414414e+01
5.765000000000000000e+02,4.846158183579470702e+00,9.692316367158941404e+00,1.453847455073838901e+01,1.938463273431788281e+01
5.770000000000000000e+02,4.839421756485332793e+00,9.678843512970665586e+00,1.451826526945596463e+01,1.935768702594133117e+01
5.775000000000000000e+02,4.832694693354649296e+00,9.665389386709298591e+00,1.449808408006393456e+01,1.933077877341859718e+01
5.780000000000000000e+02,4.825976981171794300e+00,9.651953962343588600e+00,1.447793094351534293e+01,1.930390792468717720e+01
5.785000000000000000e+02,4.819268606938984512e+00,9.638537213877969023e+00,1.445780582081695265e+01,1.927707442775593805e+01
5.790000000000000000e+02,4.812569557676737553e+00,9.625139115353475106e+00,1.443770867303019578e+01,1.925027823070695021e+01
5.795000000000000000e+02,4.805879820423358595e+00,9.611759640846717190e+00,1.441763946127008822e+01,1.922351928169343438e+01
5.800000000000000000e+02,4.799199382235413758e+00,9.598398764470827516e+00,1.439759814670622617e+01,1.919679752894165503e+01
5.805000000000000000e+02,4.792528230187190097e+00,9.585056460374380194e+00,1.437758469056154986e+01,1.917011292074876039e+01
5.810000000000000000e+02,4.785866351371184990e+00,9.571732702742369980e+00,1.435759905411353721e+01,1.914346540548473996e+01
5.815000000000000000e+02,4.779213732897581224e+00,9.558427465795162448e+00,1.433764119869274012e+01,1.911685493159032490e+01
5.820000000000000000e+02,4.772570361894737268e+00,9.545140723789474535e+00,1.431771108568417183e+01,1.909028144757894907e+01
5.825000000000000000e+02,4.765936225508607293e+00,9.531872451017214587e+00,1.429780867652579701e+01,1.906374490203442917e+01
5.830000000000000000e+02,4.759311310903282966e+00,9.518622621806565931e+00,1.427793393270983380e+01,1.903724524361313186e+01
5.835000000000000000e+02,4.752695605260436551e+00,9.505391210520873102e+00,1.425808681578129544e+01,1.901078242104174620e+01
5.840000000000000000e+02,4.746089095779793432e+00,9.492178191559586864e+00,1.423826728733935809e+01,1.898435638311917373e+01
5.845000000000000000e+02,4.739491769678606303e+00,9.478983539357212607e+00,1.421847530903580292e+01,1.895796707871442521e+01
5.850000000000000000e+02,4.732903614192156105e+00,9.465807228384312211e+00,1.419871084257645144e+01,1.893161445676862442e+01
5.855000000000000000e+02,4.726324616573197801e+00,9.452649233146395602e+00,1.417897384971957209e+01,1.890529846629279120e+01
5.860000000000000000e+02,4.719754764092453314e+00,9.439509528184906628e+00,1.415926429227732086e+01,1.887901905636981326e+01
5.865000000000000000e+02,4.713194044038067965e+00,9.426388088076135929e+00,1.413958213211417103e+01,1.885277617615227186e+01
5.870000000000000000e+02,4.706642443716115842e+00,9.413284887432231685e+00,1.411992733114830578e+01,1.882656977486446337e+01
5.875000000000000000e+02,4.700099950450050024e+00,9.400199900900100047e+00,1.410029985135008879e+01,1.880039980180020009e+01
5.880000000000000000e+02,4.693566551581182189e+00,9.387133103162364378e+00,1.408069965474350482e+01,1.877426620632472876e+01
5.885000000000000000e+02,4.687042234468178137e+00,9.374084468936356274e+00,1.406112670340448467e+01,1.874816893787271255e+01
5.890000000000000000e+02,4.680526986487504537e+00,9.361053972975009074e+00,1.404158095946248785e+01,1.872210794595001815e+01
5.895000000000000000e+02,4.674020795032921782e+00,9.348041590065843565e+00,1.402206238509872094e+01,1.869608318013168713e+01
5.900000000000000000e+02,4.667523647515957386e+00,9.335047295031914771e+00,1.400257094254785351e+01,1.867009459006382954e+01
5.905000000000000000e+02,4.661035531365376627e+00,9.322071062730753255e+00,1.398310659409610146e+01,1.864414212546150651e+01
5.910000000000000000e+02,4.654556434027673717e+00,9.309112868055347434e+00,1.396366930208298207e+01,1.861822573611069487e+01
5.915000000000000000e+02,4.648086342966514906e+00,9.296172685933029811e+00,1.394425902889951452e+01,1.859234537186605962e+01
5.920000000000000000e+02,4.641625245663264288e+00,9.283250491326528575e+00,1.392487573698976711e+01,1.856650098265305715e+01
5.925000000000000000e+02,4.635173129616401155e+00,9.270346259232802311e+00,1.390551938884917504e+01,1.854069251846560462e+01
5.930000000000000000e+02,4.628729982342060012e+00,9.257459964684120024e+00,1.388618994702613918e+01,1.851491992936824005e+01
5.935000000000000000e+02,4.622295791373423057e+00,9.244591582746846115e+00,1.386688737412024075e+01,1.848918316549369223e+01
5.940000000000000000e+02,4.615870544261302832e+00,9.231741088522605665e+00,1.384761163278387386e+01,1.846348217704521133e+01
5.945000000000000000e+02,4.609454228573508949e+00,9.218908457147017899e+00,1.382836268572050109e+01,1.843781691429403580e+01
5.950000000000000000e+02,4.603046831895424518e+00,9.206093663790849035e+00,1.380914049568624868e+01,1.841218732758169807e+01
5.955000000000000000e+02,4.596648341829381756e+00,9.193296683658763513e+00,1.378994502548811596e+01,1.838659336731752703e+01
5.960000000000000000e+02,4.590258745995248191e+00,9.180517491990496382e+00,1.377077623798572503e+01,1.836103498398099276e+01
5.965000000000000000e+02,4.583878032029779170e+00,9.167756064059558341e+00,1.375163409608932774e+01,1.833551212811911668e+01
5.970000000000000000e+02,4.577506187587225384e+00,9.155012375174450767e+00,1.373251856276164418e+01,1.831002475034890153e+01
5.975000000000000000e+02,4.571143200338686263e+00,9.142286400677372527e+00,1.371342960101601882e+01,1.828457280135474505e+01
5.980000000000000000e+02,4.564789057972689079e+00,9.129578115945378158e+00,1.369436717391803526e+01,1.825915623189075632e+01
5.985000000000000000e+02,4.558443748194579648e+00,9.116887496389159296e+00,1.367533124458370608e+01,1.823377499277831859e+01
5.990000000000000000e+02,4.552107258727082773e+00,9.104214517454165545e+00,1.365632177618120835e+01,1.820842903490833109e+01
5.995000000000000000e+02,4.545779577309678743e+00,9.091559154619357486e+00,1.363733873192900070e+01,1.818311830923871497e+01
6.000000000000000000e+02,4.539460691699192196e+00,9.078921383398384393e+00,1.361838207509754284e+01,1.815784276679676879e+01
6.005000000000000000e+02,4.533150589669165953e+00,9.066301179338331906e+00,1.359945176900744102e+01,1.813260235867666381e+01
6.010000000000000000e+02,4.526849259010415238e+00,9.053698518020830477e+00,1.358054777703119420e+01,1.810739703604166095e+01
6.015000000000000000e+02,4.520556687530438822e+00,9.041113375060877644e+00,1.356167006259127916e+01,1.808222675012175529e+01
6.020000000000000000e+02,4.514272863053973239e+00,9.028545726107946479e+00,1.354281858916187531e+01,1.805709145221589296e+01
6.025000000000000000e+02,4.507997773422370180e+00,9.015995546844740360e+00,1.352399332026708478e+01,1.803199109368948072e+01
6.030000000000000000e+02,4.501731406494187127e+00,9.003462812988374253e+00,1.350519421948252230e+01,1.800692562597674851e+01
6.035000000000000000e+02,4.495473750144543423e+00,8.990947500289086847e+00,1.348642125043359208e+01,1.798189500057817369e+01
6.040000000000000000e+02,4.489224792265711805e+00,8.978449584531423611e+00,1.346767437679708834e+01,1.795689916906284722e+01
6.045000000000000000e+02,4.482984520766495784e+00,8.965969041532991568e+00,1.344895356229944028e+01,1.793193808306598314e+01
6.050000000000000000e+02,4.476752923572790088e+00,8.953505847145580177e+00,1.343025877071831253e+01,1.790701169429116035e+01
6.055000000000000000e+02,4.470529988626980256e+00,8.941059977253960511e+00,1.341158996588089281e+01,1.788211995450792102e+01
6.060000000000000000e+02,4.464315703888505737e+00,8.928631407777011475e+00,1.339294711166545149e+01,1.785726281555402295e+01
6.065000000000000000e+02,4.458110057333232845e+00,8.916220114666465690e+00,1.337433017199965057e+01,1.783244022933293138e+01
6.070000000000000000e+02,4.451913036954040059e+00,8.903826073908080119e+00,1.335573911086206067e+01,1.780765214781616024e+01
6.075000000000000000e+02,4.445724630760204299e+00,8.891449261520408598e+00,1.333717389228054628e+01,1.778289852304081720e+01
6.080000000000000000e+02,4.439544826777936493e+00,8.879089653555872985e+00,1.331863448033375263e+01,1.775817930711174597e+01
6.085000000000000000e+02,4.433373613049825579e+00,8.866747226099651158e+00,1.330012083914941456e+01,1.773349445219930232e+01
6.090000000000000000e+02,4.427210977635336775e+00,8.854421955270673550e+00,1.328163293290596592e+01,1.770884391054134710e+01
6.095000000000000000e+02,4.421056908610278668e+00,8.842113817220557337e+00,1.326317072583079160e+01,1.768422763444111467e+01
6.100000000000000000e+02,4.414911394067273953e+00,8.829822788134547906e+00,1.324473418220179077e+01,1.765964557626909581e+01
6.105000000000000000e+02,4.408774422115254055e+00,8.817548844230508109e+00,1.322632326634571243e+01,1.763509768846101622e+01
6.110000000000000000e+02,4.402645980879915655e+00,8.805291961759831310e+00,1.320793794263971677e+01,1.761058392351966262e+01
6.115000000000000000e+02,4.396526058503210876e+00,8.793052117006421753e+00,1.318957817550958111e+01,1.758610423401284351e+01
6.120000000000000000e+02,4.390414643143824236e+00,8.780829286287648472e+00,1.317124392943144251e+01,1.756165857257529694e+01
6.125000000000000000e+02,4.384311722976643289e+00,8.768623445953286577e+00,1.315293516892987746e+01,1.753724689190657315e+01
6.130000000000000000e+02,4.378217286193239133e+00,8.756434572386478266e+00,1.313465185857968187e+01,1.751286914477295653e+01
6.135000000000000000e+02,4.372131321001348603e+00,8.744262642002697206e+00,1.311639396300400229e+01,1.748852528400539441e+01
6.140000000000000000e+02,4.366053815625350332e+00,8.732107631250700663e+00,1.309816144687599682e+01,1.746421526250140133e+01
6.145000000000000000e+02,4.359984758305715857e+00,8.719969516611431715e+00,1.307995427491709250e+01,1.743993903322286343e+01
6.150000000000000000e+02,4.353924137299538089e+00,8.707848274599076177e+00,1.306177241189856986e+01,1.741569654919815235e+01
6.155000000000000000e+02,4.347871940879951325e+00,8.695743881759902649e+00,1.304361582263983799e+01,1.739148776351980530e+01
6.160000000000000000e+02,4.341828157336681926e+00,8.683656314673363852e+00,1.302548447201002091e+01,1.736731262934672770e+01
6.165000000000000000e+02,4.335792774975424813e+00,8.671585549950849625e+00,1.300737832492623980e+01,1.734317109990169925e+01
6.170000000000000000e+02,4.329765782118425221e+00,8.659531564236850443e+00,1.298929734635523836e+01,1.731906312847370089e+01
6.175000000000000000e+02,4.323747167103863198e+00,8.647494334207726396e+00,1.297124150131157805e+01,1.729498866841545279e+01
6.180000000000000000e+02,4.317736918286428249e+00,8.635473836572856499e+00,1.295321075485924922e+01,1.727094767314571300e+01
6.185000000000000000e+02,4.311735024036695840e+00,8.623470048073391681e+00,1.293520507211005999e+01,1.724694009614678336e+01
6.190000000000000000e+02,4.305741472741684284e+00,8.611482945483368567e+00,1.291722441822502354e+01,1.722296589096673713e+01
6.195000000000000000e+02,4.299756252804295187e+00,8.599512505608590374e+00,1.289926875841284470e+01,1.719902501121718075e+01
6.200000000000000000e+02,4.293779352643791292e+00,8.587558705287582583e+00,1.288133805793134279e+01,1.717511741057516517e+01
6.205000000000000000e+02,4.287810760695283996e+00,8.575621521390567992e+00,1.286343228208582090e+01,1.715124304278113598e+01
6.210000000000000000e+02,4.281850465410203199e+00,8.563700930820406398e+00,1.284555139623058118e+01,1.712740186164081280e+01
6.215000000000000000e+02,4.275898455255796371e+00,8.551796910511592742e+00,1.282769536576736513e+01,1.710359382102318548e+01
6.220000000000000000e+02,4.269954718715561981e+00,8.539909437431123962e+00,1.280986415614665930e+01,1.707981887486224792e+01
6.225000000000000000e+02,4.264019244288779653e+00,8.528038488577559306e+00,1.279205773286632919e+01,1.705607697715511861e+01
6.230000000000000000e+02,4.258092020490949814e+00,8.516184040981899628e+00,1.277427606147282013e+01,1.703236808196379926e+01
6.235000000000000000e+02,4.252173035853283878e+00,8.504346071706567756e+00,1.275651910755983209e+01,1.700869214341313551e+01
6.240000000000000000e+02,4.246262278923183864e+00,8.492524557846367728e+00,1.273878683676951340e+01,1.698504911569273546e+01
6.245000000000000000e+02,4.240359738263730804e+00,8.480719476527461609e+00,1.272107921479115511e+01,1.696143895305492322e+01
6.250000000000000000e+02,4.234465402454127947e+00,8.468930804908255894e+00,1.270339620736235631e+01,1.693786160981651179e+01
6.255000000000000000e+02,4.228579260089229130e+00,8.457158520178458261e+00,1.268573778026766163e+01,1.691431704035691652e+01
6.260000000000000000e+02,4.222701299779965112e+00,8.445402599559930223e+00,1.266810389933987047e+01,1.689080519911986045e+01
6.265000000000000000e+02,4.216831510152868390e+00,8.433663020305736779e+00,1.265049453045856609e+01,1.686732604061147356e+01
6.270000000000000000e+02,4.210969879850497755e+00,8.421939759700995509e+00,1.263290963955145685e+01,1.684387951940199102e+01
6.275000000000000000e+02,4.205116397530984429e+00,8.410232795061968858e+00,1.261534919259292309e+01,1.682046559012393772e+01
6.280000000000000000e+02,4.199271051868437965e+00,8.398542103736875930e+00,1.259781315560528547e+01,1.679708420747375186e+01
6.285000000000000000e+02,4.193433831552490609e+00,8.386867663104981219e+00,1.258030149465743541e+01,1.677373532620996244e+01
6.290000000000000000e+02,4.187604725288716523e+00,8.375209450577433046e+00,1.256281417586611759e+01,1.675041890115486609e+01
6.295000000000000000e+02,4.181783721798168152e+00,8.363567443596336304e+00,1.254535116539447159e+01,1.672713488719267261e+01
6.300000000000000000e+02,4.175970809817784790e+00,8.351941619635569580e+00,1.252791242945330730e+01,1.670388323927113916e+01
6.305000000000000000e+02,4.170165978099947601e+00,8.340331956199895203e+00,1.251049793429981527e+01,1.668066391239979041e+01
6.310000000000000000e+02,4.164369215412892622e+00,8.328738430825785244e+00,1.249310764623864678e+01,1.665747686165157049e+01
6.315000000000000000e+02,4.158580510540247133e+00,8.317161021080494265e+00,1.247574153162070054e+01,1.663432204216098853e+01
6.320000000000000000e+02,4.152799852281437332e+00,8.305599704562874663e+00,1.245839955684426847e+01,1.661119940912574933e+01
6.325000000000000000e+02,4.147027229451247798e+00,8.294054458902495597e+00,1.244108168835370876e+01,1.658810891780499119e+01
6.330000000000000000e+02,4.141262630880227391e+00,8.282525261760454782e+00,1.242378789264062178e+01,1.656505052352090956e+01
6.335000000000000000e+02,4.135506045414222065e+00,8.271012090828444130e+00,1.240651813624261202e+01,1.654202418165688826e+01
6.340000000000000000e+02,4.129757461914799421e+00,8.259514923829598843e+00,1.238927238574433254e+01,1.651902984765919769e+01
6.345000000000000000e+02,4.124016869258809059e+00,8.248033738517618119e+00,1.237205060777637655e+01,1.649606747703523624e+01
6.350000000000000000e+02,4.118284256338751170e+00,8.236568512677502341e+00,1.235485276901619933e+01,1.647313702535500468e+01
6.355000000000000000e+02,4.112559612062372416e+00,8.225119224124744832e+00,1.233767883618707195e+01,1.645023844824948966e+01
6.360000000000000000e+02,4.106842925353030971e+00,8.213685850706061942e+00,1.232052877605902985e+01,1.642737170141212388e+01
6.365000000000000000e+02,4.101134185149287958e+00,8.202268370298575917e+00,1.230340255544779993e+01,1.640453674059715183e+01
6.370000000000000000e+02,4.095433380405256507e+00,8.190866760810513014e+00,1.228630014121571712e+01,1.638173352162102603e+01
6.375000000000000000e+02,4.089740500090236708e+00,8.179481000180473416e+00,1.226922150027066394e+01,1.635896200036094683e+01
6.380000000000000000e+02,4.084055533189032694e+00,8.168111066378065388e+00,1.225216659956704568e+01,1.633622213275613078e+01
6.385000000000000000e+02,4.078378468701579607e+00,8.156756937403159213e+00,1.223513540610468375e+01,1.631351387480631843e+01
6.390000000000000000e+02,4.072709295643275773e+00,8.145418591286551546e+00,1.221812788692976071e+01,1.629083718257310309e+01
6.395000000000000000e+02,4.067048003044608784e+00,8.134096006089217568e+00,1.220114400913377750e+01,1.626819201217843514e+01
6.400000000000000000e+02,4.061394579951503658e+00,8.122789159903007317e+00,1.218418373985444170e+01,1.624557831980601463e+01
6.405000000000000000e+02,4.055749015424921389e+00,8.111498030849842777e+00,1.216724704627468689e+01,1.622299606169968555e+01
6.410000000000000000e+02,4.050111298541202665e+00,8.100222597082405329e+00,1.215033389562352895e+01,1.620044519416481066e+01
6.415000000000000000e+02,4.044481418391704608e+00,8.088962836783409216e+00,1.213344425517502501e+01,1.617792567356681843e+01
6.420000000000000000e+02,4.038859364083108971e+00,8.077718728166217943e+00,1.211657809224925408e+01,1.615543745633243589e+01
6.425000000000000000e+02,4.033245124737079301e+00,8.066490249474158603e+00,1.209973537421118017e+01,1.613298049894831721e+01
6.430000000000000000e+02,4.027638689490561141e+00,8.055277378981122283e+00,1.208291606847161326e+01,1.611055475796224457e+01
6.435000000000000000e+02,4.022040047495433868e+00,8.044080094990867735e+00,1.206612014248624476e+01,1.608816018998173547e+01
6.440000000000000000e+02,4.016449187918812669e+00,8.032898375837625338e+00,1.204934756375638294e+01,1.606579675167525068e+01
6.445000000000000000e+02,4.010866099942722585e+00,8.021732199885445169e+00,1.203259829982813933e+01,1.604346439977089034e+01
6.450000000000000000e+02,4.005290772764374729e+00,8.010581545528749459e+00,1.201587231829307534e+01,1.602116309105749892e+01
6.455000000000000000e+02,3.999723195595830560e+00,7.999446391191661121e+00,1.199916958678747214e+01,1.599889278238332224e+01
6.460000000000000000e+02,3.994163357664313629e+00,7.988326715328627259e+00,1.198249007299289026e+01,1.597665343065725452e+01
6.465000000000000000e+02,3.988611248211865856e+00,7.977222496423731712e+00,1.196583374463557270e+01,1.595444499284746342e+01
6.470000000000000000e+02,3.983066856495629082e+00,7.966133712991258164e+00,1.194920056948683751e+01,1.593226742598251633e+01
6.475000000000000000e+02,3.977530171787523994e+00,7.955060343575047987e+00,1.193259051536255022e+01,1.591012068715009597e+01
6.480000000000000000e+02,3.972001183374548550e+00,7.944002366749097099e+00,1.191600355012359991e+01,1.588800473349819420e+01
6.485000000000000000e+02,3.966479880558418714e+00,7.932959761116837427e+00,1.189943964167522772e+01,1.586591952223367485e+01
6.490000000000000000e+02,3.960966252655892195e+00,7.921932505311784389e+00,1.188289875796762551e+01,1.584386501062356878e+01
6.495000000000000000e+02,3.955460288998403851e+00,7.910920577996807701e+00,1.186638086699517380e+01,1.582184115599361540e+01
6.500000000000000000e+02,3.949961978932387652e+00,7.899923957864775304e+00,1.184988593679709901e+01,1.579984791572955061e+01
6.505000000000000000e+02,3.944471311818916082e+00,7.888942623637832163e+00,1.183341393545671849e+01,1.577788524727566433e+01
6.510000000000000000e+02,3.938988277034020768e+00,7.877976554068041537e+00,1.181696483110201612e+01,1.575595310813608307e+01
6.515000000000000000e+02,3.933512863968341655e+00,7.867025727936683310e+00,1.180053859190496368e+01,1.573405145587336662e+01
6.520000000000000000e+02,3.928045062027393897e+00,7.856090124054787793e+00,1.178413518608211064e+01,1.571218024810957559e+01
6.525000000000000000e+02,3.922584860631309400e+00,7.845169721262618800e+00,1.176775458189387535e+01,1.569033944252523760e+01
6.530000000000000000e+02,3.917132249215030892e+00,7.834264498430061785e+00,1.175139674764503184e+01,1.566852899686012357e+01
6.535000000000000000e+02,3.911687217228080105e+00,7.823374434456160209e+00,1.173506165168418747e+01,1.564674886891232042e+01
6.540000000000000000e+02,3.906249754134753616e+00,7.812499508269507231e+00,1.171874926240418802e+01,1.562499901653901446e+01
6.545000000000000000e+02,3.900819849413872831e+00,7.801639698827745661e+00,1.170245954824155810e+01,1.560327939765549132e+01
6.550000000000000000e+02,3.895397492559011798e+00,7.790794985118023597e+00,1.168619247767695768e+01,1.558158997023604719e+01
6.555000000000000000e+02,3.889982673078218323e+00,7.779965346156436645e+00,1.166994801923460301e+01,1.555993069231287329e+01
6.560000000000000000e+02,3.884575380494247110e+00,7.769150760988494220e+00,1.165372614148266273e+01,1.553830152197698844e+01
6.565000000000000000e+02,3.879175604344298645e+00,7.758351208688597289e+00,1.163752681303281555e+01,1.551670241737719458e+01
6.570000000000000000e+02,3.873783334180226134e+00,7.747566668360452269e+00,1.162135000254060557e+01,1.549513333672090454e+01
6.575000000000000000e+02,3.868398559568305028e+00,7.736797119136610057e+00,1.160519567870482760e+01,1.547359423827322011e+01
6.580000000000000000e+02,3.863021270089404879e+00,7.726042540178809759e+00,1.158906381026813648e+01,1.545208508035761952e+01
6.585000000000000000e+02,3.857651455338796609e+00,7.715302910677593218e+00,1.157295436601630811e+01,1.543060582135518644e+01
6.590000000000000000e+02,3.852289104926281738e+00,7.704578209852563475e+00,1.155686731477877238e+01,1.540915641970512695e+01
6.595000000000000000e+02,3.846934208476035177e+00,7.693868416952070355e+00,1.154080262542805357e+01,1.538773683390414071e+01
6.600000000000000000e+02,3.841586755626736682e+00,7.683173511253473364e+00,1.152476026688015054e+01,1.536634702250694673e+01
6.605000000000000000e+02,3.836246736031378557e+00,7.672493472062757114e+00,1.150874020809409082e+01,1.534498694412551423e+01
6.610000000000000000e+02,3.830914139357421089e+00,7.661828278714842178e+00,1.149274241807220598e+01,1.532365655742968436e+01
6.615000000000000000e+02,3.825588955286607362e+00,7.651177910573214724e+00,1.147676686585977635e+01,1.530235582114642945e+01
6.620000000000000000e+02,3.820271173515090268e+00,7.640542347030180537e+00,1.146081352054522107e+01,1.528108469406036107e+01
6.625000000000000000e+02,3.814960783753288176e+00,7.629921567506576352e+00,1.144488235125983699e+01,1.525984313501315270e+01
6.630000000000000000e+02,3.809657775725978190e+00,7.619315551451956381e+00,1.142897332717788217e+01,1.523863110290391276e+01
6.635000000000000000e+02,3.804362139172151824e+00,7.608724278344303649e+00,1.141308641751641595e+01,1.521744855668860730e+01
6.640000000000000000e+02,3.799073863845136678e+00,7.598147727690273356e+00,1.139722159153535941e+01,1.519629545538054671e+01
6.645000000000000000e+02,3.793792939512437901e+00,7.587585879024875801e+00,1.138137881853726974e+01,1.517517175804975160e+01
6.650000000000000000e+02,3.788519355955840773e+00,7.577038711911681546e+00,1.136555806786747702e+01,1.515407742382336309e+01
6.655000000000000000e+02,3.783253102971279258e+00,7.566506205942558516e+00,1.134975930891378404e+01,1.513301241188511703e+01
6.660000000000000000e+02,3.777994170368923488e+00,7.555988340737846976e+00,1.133398251110672383e+01,1.511197668147569395e+01
6.665000000000000000e+02,3.772742547973052751e+00,7.545485095946105503e+00,1.131822764391910852e+01,1.509097019189221101e+01
6.670000000000000000e+02,3.767498225622148755e+00,7.534996451244297511e+00,1.130249467686640052e+01,1.506999290248859502e+01
6.675000000000000000e+02,3.762261193168758400e+00,7.524522386337516799e+00,1.128678357950624367e+01,1.504904477267503360e+01
6.680000000000000000e+02,3.757031440479591478e+00,7.514062880959182955e+00,1.127109432143874734e+01,1.502812576191836591e+01
6.685000000000000000e+02,3.751808957435389669e+00,7.503617914870779337e+00,1.125542687230614369e+01,1.500723582974155867e+01
6.690000000000000000e+02,3.746593733931006476e+00,7.493187467862012952e+00,1.123978120179299545e+01,1.498637493572402590e+01
6.695000000000000000e+02,3.741385759875298866e+00,7.482771519750597733e+00,1.122415727962589216e+01,1.496554303950119547e+01
6.700000000000000000e+02,3.736185025191192555e+00,7.472370050382385109e+00,1.120855507557356212e+01,1.494474010076477022e+01
6.705000000000000000e+02,3.730991519815581192e+00,7.461983039631162384e+00,1.119297455944673736e+01,1.492396607926232477e+01
6.710000000000000000e+02,3.725805233699383212e+00,7.451610467398766424e+00,1.117741570109812521e+01,1.490322093479753285e+01
6.715000000000000000e+02,3.720626156807444573e+00,7.441252313614889147e+00,1.116187847042231773e+01,1.488250462722977829e+01
6.720000000000000000e+02,3.715454279118596936e+00,7.430908558237193873e+00,1.114636283735578282e+01,1.486181711647438775e+01
6.725000000000000000e+02,3.710289590625575507e+00,7.420579181251151013e+00,1.113086877187671675e+01,1.484115836250230203e+01
6.730000000000000000e+02,3.705132081335047012e+00,7.410264162670094024e+00,1.111539624400513127e+01,1.482052832534018805e+01
6.735000000000000000e+02,3.699981741267551083e+00,7.399963482535102166e+00,1.109994522380264037e+01,1.479992696507020433e+01
6.740000000000000000e+02,3.694838560457511356e+00,7.389677120915022712e+00,1.108451568137250121e+01,1.477935424183004542e+01
6.745000000000000000e+02,3.689702528953192839e+00,7.379405057906385679e+00,1.106910758685955187e+01,1.475881011581277136e+01
6.750000000000000000e+02,3.684573636816694808e+00,7.369147273633389617e+00,1.105372091045005334e+01,1.473829454726677923e+01
6.755000000000000000e+02,3.679451874123944588e+00,7.358903748247889176e+00,1.103835562237180845e+01,1.471780749649577835e+01
6.760000000000000000e+02,3.674337230964641154e+00,7.348674461929282309e+00,1.102301169289390259e+01,1.469734892385856462e+01
6.765000000000000000e+02,3.669229697442281779e+00,7.338459394884563558e+00,1.100768909232683157e+01,1.467691878976912712e+01
6.770000000000000000e+02,3.664129263674105630e+00,7.328258527348211260e+00,1.099238779102228669e+01,1.465651705469642252e+01
6.775000000000000000e+02,3.659035919791093328e+00,7.318071839582186655e+00,1.097710775937324712e+01,1.463614367916437331e+01
6.780000000000000000e+02,3.653949655937932306e+00,7.307899311875864612e+00,1.096184896781376850e+01,1.461579862375172922e+01
6.785000000000000000e+02,3.648870462273031468e+00,7.297740924546062935e+00,1.094661138681907886e+01,1.459548184909212587e+01
6.790000000000000000e+02,3.643798328968460787e+00,7.287596657936921574e+00,1.093139498690536016e+01,1.457519331587384315e+01
6.795000000000000000e+02,3.638733246209966854e+00,7.277466492419933708e+00,1.091619973862987969e+01,1.455493298483986742e+01
6.800000000000000000e+02,3.633675204196914255e+00,7.267350408393828509e+00,1.090102561259072367e+01,1.453470081678765702e+01
6.805000000000000000e+02,3.628624193142323318e+00,7.257248386284646635e+00,1.088587257942692332e+01,1.451449677256929327e+01
6.810000000000000000e+02,3.623580203272778189e+00,7.247160406545556377e+00,1.087074060981830215e+01,1.449432081309111275e+01
6.815000000000000000e+02,3.618543224828493443e+00,7.237086449656986886e+00,1.085562967448544391e+01,1.447417289931397377e+01
6.820000000000000000e+02,3.613513248063209726e+00,7.227026496126419453e+00,1.084053974418957367e+01,1.445405299225283891e+01
6.825000000000000000e+02,3.608490263244243490e+00,7.216980526488486980e+00,1.082547078973267674e+01,1.443396105297697396e+01
6.830000000000000000e+02,3.603474260652411942e+00,7.206948521304823885e+00,1.081042278195718431e+01,1.441389704260964777e+01
6.835000000000000000e+02,3.598465230582082786e+00,7.196930461164165571e+00,1.079539569174619018e+01,1.439386092232833114e+01
6.840000000000000000e+02,3.593463163341061417e+00,7.186926326682122834e+00,1.078038949002313096e+01,1.437385265336424567e+01
6.845000000000000000e+02,3.588468049250681968e+00,7.176936098501363936e+00,1.076540414775197441e+01,1.435387219700272787e+01
6.850000000000000000e+02,3.583479878645675409e+00,7.166959757291350819e+00,1.075043963593698138e+01,1.433391951458270164e+01
6.855000000000000000e+02,3.578498641874269914e+00,7.156997283748539829e+00,1.073549592562273780e+01,1.431399456749707966e+01
6.860000000000000000e+02,3.573524329298042979e+00,7.147048658596085957e+00,1.072057298789408719e+01,1.429409731719217191e+01
6.865000000000000000e+02,3.568556931292035106e+00,7.137113862584070212e+00,1.070567079387603826e+01,1.427422772516814042e+01
6.870000000000000000e+02,3.563596438244598819e+00,7.127192876489197637e+00,1.069078931473375782e+01,1.425438575297839527e+01
6.875000000000000000e+02,3.558642840557522113e+00,7.117285681115044227e+00,1.067592852167249085e+01,1.423457136223008845e+01
6.880000000000000000e+02,3.553696128645852159e+00,7.107392257291704318e+00,1.066108838593750896e+01,1.421478451458340864e+01
6.885000000000000000e+02,3.548756292938038293e+00,7.097512585876076585e+00,1.064626887881406958e+01,1.419502517175215317e+01
6.890000000000000000e+02,3.543823323875765929e+00,7.087646647751531859e+00,1.063146997162725604e+01,1.417529329550306372e+01
6.895000000000000000e+02,3.538897211914068919e+00,7.077794423828137838e+00,1.061669163574215524e+01,1.415558884765627568e+01
6.900000000000000000e+02,3.533977947521189211e+00,7.067955895042378422e+00,1.060193384256351123e+01,1.413591179008475684e+01
6.905000000000000000e+02,3.529065521178677667e+00,7.058131042357355334e+00,1.058719656353597749e+01,1.411626208471471067e+01
6.910000000000000000e+02,3.524159923381253723e+00,7.048319846762507446e+00,1.057247977014369056e+01,1.409663969352501489e+01
6.915000000000000000e+02,3.519261144636910643e+00,7.038522289273821286e+00,1.055778343391067331e+01,1.407704457854764257e+01
6.920000000000000000e+02,3.514369175466771633e+00,7.028738350933543266e+00,1.054310752640027182e+01,1.405747670186708653e+01
6.925000000000000000e+02,3.509484006405219070e+00,7.018968012810438140e+00,1.052845201921559060e+01,1.403793602562087628e+01
6.930000000000000000e+02,3.504605627999689332e+00,7.009211255999378665e+00,1.051381688399900582e+01,1.401842251199875733e+01
6.935000000000000000e+02,3.499734030810860208e+00,6.999468061621720416e+00,1.049920209243251890e+01,1.399893612324344083e+01
6.940000000000000000e+02,3.494869205412444391e+00,6.989738410824888781e+00,1.048460761623728388e+01,1.397947682164977756e+01
6.945000000000000000e+02,3.490011142391331589e+00,6.980022284782663178e+00,1.047003342717395391e+01,1.396004456956532636e+01
6.950000000000000000e+02,3.485159832347424658e+00,6.970319664694849315e+00,1.045547949704223534e+01,1.394063932938969863e+01
6.955000000000000000e+02,3.480315265893757282e+00,6.960630531787514563e+00,1.044094579768125364e+01,1.392126106357502913e+01
6.960000000000000000e+02,3.475477433656359860e+00,6.950954867312719720e+00,1.042643230096906670e+01,1.390190973462543944e+01
6.965000000000000000e+02,3.470646326274344329e+00,6.941292652548688658e+00,1.041193897882301655e+01,1.388258530509737732e+01
6.970000000000000000e+02,3.465821934399768267e+00,6.931643868799536534e+00,1.039746580319929237e+01,1.386328773759907307e+01
6.975000000000000000e+02,3.461004248697758801e+00,6.922008497395517601e+00,1.038301274609328395e+01,1.384401699479103520e+01
6.980000000000000000e+02,3.456193259846344290e+00,6.912386519692688580e+00,1.036857977953903465e+01,1.382477303938537716e+01
6.985000000000000000e+02,3.451388958536582674e+00,6.902777917073165348e+00,1.035416687560973514e+01,1.380555583414633070e+01
6.990000000000000000e+02,3.446591335472400264e+00,6.893182670944800527e+00,1.033977400641718170e+01,1.378636534188960105e+01
6.995000000000000000e+02,3.441800381370708983e+00,6.883600762741417967e+00,1.032540114411212606e+01,1.376720152548283593e+01
7.000000000000000000e+02,3.437016086961272254e+00,6.874032173922544509e+00,1.031104826088380833e+01,1.374806434784508902e+01
7.005000000000000000e+02,3.432238442986792482e+00,6.864476885973584963e+00,1.029671532896037611e+01,1.372895377194716993e+01
7.010000000000000000e+02,3.427467440202777382e+00,6.854934880405554765e+00,1.028240232060832327e+01,1.370986976081110953e+01
7.015000000000000000e+02,3.422703069377655449e+00,6.845406138755310899e+00,1.026810920813295880e+01,1.369081227751062180e+01
7.020000000000000000e+02,3.417945321292608529e+00,6.835890642585217059e+00,1.025383596387781537e+01,1.367178128517043412e+01
7.025000000000000000e+02,3.413194186741718372e+00,6.826388373483436744e+00,1.023958256022515201e+01,1.365277674696687349e+01
7.030000000000000000e+02,3.408449656531774341e+00,6.816899313063548682e+00,1.022534896959530215e+01,1.363379862612709736e+01
7.035000000000000000e+02,3.403711721482436836e+00,6.807423442964873672e+00,1.021113516444728653e+01,1.361484688592974734e+01
7.040000000000000000e+02,3.398980372426032570e+00,6.797960744852065140e+00,1.019694111727806884e+01,1.359592148970413028e+01
7.045000000000000000e+02,3.394255600207723766e+00,6.788511200415447533e+00,1.018276680062314377e+01,1.357702240083089507e+01
7.050000000000000000e+02,3.389537395685311427e+00,6.779074791370622854e+00,1.016861218705590630e+01,1.355814958274124571e+01
7.055000000000000000e+02,3.384825749729390321e+00,6.769651499458780641e+00,1.015447724918812966e+01,1.353930299891756128e+01
7.060000000000000000e+02,3.380120653223150473e+00,6.760241306446300946e+00,1.014036195966941811e+01,1.352048261289260189e+01
7.065000000000000000e+02,3.375422097062558802e+00,6.750844194125117603e+00,1.012626629118764754e+01,1.350168838825023521e+01
7.070000000000000000e+02,3.370730072156134849e+00,6.741460144312269698e+00,1.011219021646839167e+01,1.348292028862453940e+01
7.075000000000000000e+02,3.366044569425138189e+00,6.732089138850276377e+00,1.009813370827537504e+01,1.346417827770055275e+01
7.080000000000000000e+02,3.361365579803338388e+00,6.722731159606676776e+00,1.008409673940998097e+01,1.344546231921335355e+01
7.085000000000000000e+02,3.356693094237213071e+00,6.713386188474426142e+00,1.007007928271159969e+01,1.342677237694885228e+01
7.090000000000000000e+02,3.352027103685731646e+00,6.704054207371463292e+00,1.005608131105715231e+01,1.340810841474292658e+01
7.095000000000000000e+02,3.347367599120519177e+00,6.694735198241038354e+00,1.004210279736151712e+01,1.338947039648207671e+01
7.100000000000000000e+02,3.342714571525652545e+00,6.685429143051305090e+00,1.002814371457694342e+01,1.337085828610261018e+01
7.105000000000000000e+02,3.338068011897854959e+00,6.676136023795709917e+00,1.001420403569353113e+01,1.335227204759141983e+01
7.110000000000000000e+02,3.333427911246246378e+00,6.666855822492492756e+00,1.000028373373870849e+01,1.333371164498498551e+01
7.115000000000000000e+02,3.328794260592556675e+00,6.657588521185113350e+00,9.986382781777617623e+00,1.331517704237022670e+01
7.120000000000000000e+02,3.324167050970880499e+00,6.648334101941760998e+00,9.972501152912604638e+00,1.329666820388352200e+01
7.125000000000000000e+02,3.319546273427899319e+00,6.639092546855798638e+00,9.958638820283660209e+00,1.327818509371159728e+01
7.130000000000000000e+02,3.314931919022618967e+00,6.629863838045237934e+00,9.944795757067828035e+00,1.325972767609047587e+01
7.135000000000000000e+02,3.310323978826585911e+00,6.620647957653171822e+00,9.930971936479716433e+00,1.324129591530634364e+01
7.140000000000000000e+02,3.305722443923647003e+00,6.611444887847294005e+00,9.917167331770887273e+00,1.322288977569458801e+01
7.145000000000000000e+02,3.301127305410152868e+00,6.602254610820305736e+00,9.903381916230394211e+00,1.320450922164061147e+01
7.150000000000000000e+02,3.296538554394721210e+00,6.593077108789442420e+00,9.889615663184111227e+00,1.318615421757888484e+01
7.155000000000000000e+02,3.291956181998442421e+00,6.583912363996884842e+00,9.875868545995276193e+00,1.316782472799376968e+01
7.160000000000000000e+02,3.287380179354630005e+00,6.574760358709260011e+00,9.862140538063847828e+00,1.314952071741852002e+01
7.165000000000000000e+02,3.282810537609044843e+00,6.565621075218089686e+00,9.848431612827099002e+00,1.313124215043617937e+01
7.170000000000000000e+02,3.278247247919637619e+00,6.556494495839275238e+00,9.834741743758863564e+00,1.311298899167855048e+01
7.175000000000000000e+02,3.273690301456757545e+00,6.547380602913515091e+00,9.821070904370234445e+00,1.309476120582703018e+01
7.180000000000000000e+02,3.269139689402921434e+00,6.538279378805842867e+00,9.807419068208728774e+00,1.307655875761168573e+01
7.185000000000000000e+02,3.264595402953020198e+00,6.529190805906040396e+00,9.793786208859041054e+00,1.305838161181208079e+01
7.190000000000000000e+02,3.260057433314052844e+00,6.520114866628105688e+00,9.780172299942128333e+00,1.304022973325621138e+01
7.195000000000000000e+02,3.255525771705376492e+00,6.511051543410752984e+00,9.766577315116093061e+00,1.302210308682150597e+01
7.200000000000000000e+02,3.251000409358426602e+00,6.502000818716853203e+00,9.753001228075230955e+00,1.300400163743370641e+01
7.205000000000000000e+02,3.246481337516947452e+00,6.492962675033894904e+00,9.739444012550787733e+00,1.298592535006778981e+01
7.210000000000000000e+02,3.241968547436723025e+00,6.483937094873446050e+00,9.725905642310125998e+00,1.296787418974689210e+01
7.215000000000000000e+02,3.237462030385842571e+00,6.474924060771685141e+00,9.712386091157473089e+00,1.294984812154337028e+01
7.220000000000000000e+02,3.232961777644379531e+00,6.465923555288759061e+00,9.698885332933098624e+00,1.293184711057751812e+01
7.225000000000000000e+02,3.228467780504670426e+00,6.456935561009340852e+00,9.685403341513955766e+00,1.291387112201868170e+01
7.230000000000000000e+02,3.223980030271023534e+00,6.447960060542047067e+00,9.671940090813027524e+00,1.289592012108409413e+01
7.235000000000000000e+02,3.219498518259967135e+00,6.438997036519934269e+00,9.658495554779854331e+00,1.287799407303986854e+01
7.240000000000000000e+02,3.215023235799963075e+00,6.430046471599926150e+00,9.645069707399859027e+00,1.286009294319985230e+01
7.245000000000000000e+02,3.210554174231667446e+00,6.421108348463334892e+00,9.631662522694950823e+00,1.284221669692666978e+01
7.250000000000000000e+02,3.206091324907631268e+00,6.412182649815262536e+00,9.618273974722844954e+00,1.282436529963052507e+01
7.255000000000000000e+02,3.201634679192561617e+00,6.403269358385123233e+00,9.604904037577631115e+00,1.280653871677024647e+01
7.260000000000000000e+02,3.197184228463041400e+00,6.394368456926082800e+00,9.591552685389073574e+00,1.278873691385216560e+01
7.265000000000000000e+02,3.192739964107765172e+00,6.385479928215530343e+00,9.578219892323248885e+00,1.277095985643106069e+01
7.270000000000000000e+02,3.188301877527273120e+00,6.376603755054546241e+00,9.564905632581782058e+00,1.275320751010909248e+01
7.275000000000000000e+02,3.183869960134187771e+00,6.367739920268375542e+00,9.551609880402512687e+00,1.273547984053675108e+01
7.280000000000000000e+02,3.179444203352931098e+00,6.358888406705862195e+00,9.538332610058755989e+00,1.271777681341172439e+01
7.285000000000000000e+02,3.175024598619992755e+00,6.350049197239985510e+00,9.525073795859915649e+00,1.270009839447997102e+01
7.290000000000000000e+02,3.170611137383606337e+00,6.341222274767212674e+00,9.511833412150767941e+00,1.268244454953442535e+01
7.295000000000000000e+02,3.166203811104056243e+00,6.332407622208112485e+00,9.498611433312115437e+00,1.266481524441622497e+01
7.300000000000000000e+02,3.161802611253344608e+00,6.323605222506689216e+00,9.485407833759982310e+00,1.264721044501337843e+01
7.305000000000000000e+02,3.157407529315469752e+00,6.314815058630939504e+00,9.472222587946360406e+00,1.262963011726187901e+01
7.310000000000000000e+02,3.153018556786129523e+00,6.306037113572259045e+00,9.459055670358349488e+00,1.261207422714451809e+01
7.315000000000000000e+02,3.148635685172984200e+00,6.297271370345968400e+00,9.445907055518912188e+00,1.259454274069193680e+01
7.320000000000000000e+02,3.144258905995352738e+00,6.288517811990705475e+00,9.432776717986017800e+00,1.257703562398141095e+01
7.325000000000000000e+02,3.139888210784487654e+00,6.279776421568975309e+00,9.419664632353416778e+00,1.255955284313795062e+01
7.330000000000000000e+02,3.135523591083273942e+00,6.271047182166547884e+00,9.406570773249780970e+00,1.254209436433309577e+01
7.335000000000000000e+02,3.131165038446485305e+00,6.262330076892970609e+00,9.393495115339426604e+00,1.252466015378594122e+01
7.340000000000000000e+02,3.126812544440507935e+00,6.253625088881015870e+00,9.380437633321498936e+00,1.250725017776203174e+01
7.345000000000000000e+02,3.122466100643578990e+00,6.244932201287157980e+00,9.367398301930709437e+00,1.248986440257431596e+01
7.350000000000000000e+02,3.118125698645505040e+00,6.236251397291010079e+00,9.354377095936481368e+00,1.247250279458202016e+01
7.355000000000000000e+02,3.113791330047929851e+00,6.227582660095859701e+00,9.341373990143750916e+00,1.245516532019171940e+01
7.360000000000000000e+02,3.109462986464015977e+00,6.218925972928031953e+00,9.328388959392013291e+00,1.243785194585606391e+01
7.365000000000000000e+02,3.105140659518748514e+00,6.210281319037497028e+00,9.315421978556194915e+00,1.242056263807499406e+01
7.370000000000000000e+02,3.100824340848585603e+00,6.201648681697171206e+00,9.302473022545708403e+00,1.240329736339434241e+01
7.375000000000000000e+02,3.096514022101773733e+00,6.193028044203547466e+00,9.289542066305262580e+00,1.238605608840709493e+01
7.380000000000000000e+02,3.092209694938016007e+00,6.184419389876032014e+00,9.276629084814006276e+00,1.236883877975206403e+01
7.385000000000000000e+02,3.087911351028757245e+00,6.175822702057514491e+00,9.263734053086212228e+00,1.235164540411502898e+01
7.390000000000000000e+02,3.083618982056870905e+00,6.167237964113741810e+00,9.250856946170571860e+00,1.233447592822748362e+01
7.395000000000000000e+02,3.079332579716939300e+00,6.158665159433878600e+00,9.237997739150769050e+00,1.231733031886775720e+01
7.400000000000000000e+02,3.075052135714941848e+00,6.150104271429883696e+00,9.225156407144792681e+00,1.230020854285976739e+01
7.405000000000000000e+02,3.070777641768540178e+00,6.141555283537080356e+00,9.212332925305585007e+00,1.228311056707416071e+01
7.410000000000000000e+02,3.066509089606755278e+00,6.133018179213510557e+00,9.199527268820238746e+00,1.226603635842702111e+01
7.415000000000000000e+02,3.062246470970251710e+00,6.124492941940503421e+00,9.186739412910712943e+00,1.224898588388100684e+01
7.420000000000000000e+02,3.057989777611024973e+00,6.115979555222049946e+00,9.173969332833049606e+00,1.223195911044409989e+01
7.425000000000000000e+02,3.053739001292697708e+00,6.107478002585395416e+00,9.161217003878055820e+00,1.221495600517079083e+01
7.430000000000000000e+02,3.049494133790175976e+00,6.098988267580351952e+00,9.148482401370497286e+00,1.219797653516070390e+01
7.435000000000000000e+02,3.045255166889960119e+00,6.090510333779920238e+00,9.135765500669831951e+00,1.218102066755984048e+01
7.440000000000000000e+02,3.041022092389810805e+00,6.082044184779621609e+00,9.123066277169387561e+00,1.216408836955924322e+01
7.445000000000000000e+02,3.036794902099040794e+00,6.073589804198081588e+00,9.110384706297077528e+00,1.214717960839616318e+01
7.450000000000000000e+02,3.032573587838201412e+00,6.065147175676402824e+00,9.097720763514569597e+00,1.213029435135280565e+01
7.455000000000000000e+02,3.028358141439368545e+00,6.056716282878737090e+00,9.085074424318063890e+00,1.211343256575747418e+01
7.460000000000000000e+02,3.024148554745808237e+00,6.048297109491616474e+00,9.072445664237388741e+00,1.209659421898323295e+01
7.465000000000000000e+02,3.019944819612286668e+00,6.039889639224573337e+00,9.059834458836817817e+00,1.207977927844914667e+01
7.470000000000000000e+02,3.015746927904739749e+00,6.031493855809479498e+00,9.047240783714181944e+00,1.206298771161895900e+01
7.475000000000000000e+02,3.011554871500554675e+00,6.023109743001109351e+00,9.034664614501615176e+00,1.204621948600221870e+01
7.480000000000000000e+02,3.007368642288264837e+00,6.014737284576529674e+00,9.022105926864760761e+00,1.202947456915305935e+01
7.485000000000000000e+02,3.003188232167831817e+00,6.006376464335663634e+00,9.009564696503446157e+00,1.201275292867132727e+01
7.490000000000000000e+02,2.999013633050314986e+00,5.998027266100629973e+00,8.997040899150899662e+00,1.199605453220125995e+01
7.495000000000000000e+02,2.994844836858173487e+00,5.989689673716346974e+00,8.984534510574475163e+00,1.197937934743269395e+01
7.500000000000000000e+02,2.990681835524955812e+00,5.981363671049911623e+00,8.972045506574817253e+00,1.196272734209982325e+01
7.505000000000000000e+02,2.986524620995559154e+00,5.973049241991118308e+00,8.959573862986628612e+00,1.194609848398223662e+01
7.510000000000000000e+02,2.982373185225931422e+00,5.964746370451862845e+00,8.947119555677746305e+00,1.192949274090372569e+01
7.515000000000000000e+02,2.978227520183354571e+00,5.956455040366709142e+00,8.934682560550001540e+00,1.191291008073341828e+01
7.520000000000000000e+02,2.974087617846119080e+00,5.948175235692238161e+00,8.922262853538306615e+00,1.189635047138447632e+01
7.525000000000000000e+02,2.969953470203829493e+00,5.939906940407658986e+00,8.909860410611418757e+00,1.187981388081531797e+01
7.530000000000000000e+02,2.965825069257056690e+00,5.931650138514113380e+00,8.897475207771117667e+00,1.186330027702822676e+01
7.535000000000000000e+02,2.961702407017665184e+00,5.923404814035330368e+00,8.885107221052937376e+00,1.184680962807066074e+01
7.540000000000000000e+02,2.957585475508452078e+00,5.915170951016904155e+00,8.872756426525299389e+00,1.183034190203380831e+01
7.545000000000000000e+02,2.953474266763465916e+00,5.906948533526931833e+00,8.860422800290333356e+00,1.181389706705386367e+01
7.550000000000000000e+02,2.949368772827669627e+00,5.898737545655339254e+00,8.848106318482935606e+00,1.179747509131067851e+01
7.555000000000000000e+02,2.945268985757234947e+00,5.890537971514469895e+00,8.835806957271641338e+00,1.178107594302893979e+01
7.560000000000000000e+02,2.941174897619235118e+00,5.882349795238470236e+00,8.823524692857644069e+00,1.176469959047694047e+01
7.565000000000000000e+02,2.937086500491912666e+00,5.874173000983825332e+00,8.811259501475660727e+00,1.174834600196765066e+01
7.570000000000000000e+02,2.933003786464371210e+00,5.866007572928742420e+00,8.799011359393041687e+00,1.173201514585748484e+01
7.575000000000000000e+02,2.928926747636863226e+00,5.857853495273726452e+00,8.786780242910518623e+00,1.171570699054745290e+01
7.580000000000000000e+02,2.924855376120474748e+00,5.849710752240949496e+00,8.774566128361364292e+00,1.169942150448189899e+01
7.585000000000000000e+02,2.920789664037403366e+00,5.841579328074806732e+00,8.762368992112138599e+00,1.168315865614961346e+01
7.590000000000000000e+02,2.916729603520649139e+00,5.833459207041298278e+00,8.750188810561903452e+00,1.166691841408259656e+01
7.595000000000000000e+02,2.912675186714302811e+00,5.825350373428605621e+00,8.738025560142837378e+00,1.165070074685721124e+01
7.600000000000000000e+02,2.908626405773211410e+00,5.817252811546422819e+00,8.725879217319581826e+00,1.163450562309284564e+01
7.605000000000000000e+02,2.904583252863288667e+00,5.809166505726577334e+00,8.713749758589806049e+00,1.161833301145315467e+01
7.610000000000000000e+02,2.900545720161189056e+00,5.801091440322378112e+00,8.701637160483510769e+00,1.160218288064475622e+01
7.615000000000000000e+02,2.896513799854577353e+00,5.793027599709154707e+00,8.689541399563676549e+00,1.158605519941830941e+01
7.620000000000000000e+02,2.892487484141854637e+00,5.784974968283709273e+00,8.677462452425519501e+00,1.156994993656741855e+01
7.625000000000000000e+02,2.888466765232392319e+00,5.776933530464784639e+00,8.665400295697111233e+00,1.155386706092956928e+01
7.630000000000000000e+02,2.884451635346243936e+00,5.768903270692487872e+00,8.653354906038682515e+00,1.153780654138497574e+01
7.635000000000000000e+02,2.880442086714435135e+00,5.760884173428870270e+00,8.641326260143243232e+00,1.152176834685774054e+01
7.640000000000000000e+02,2.876438111578647039e+00,5.752876223157294078e+00,8.629314334735893155e+00,1.150575244631458816e+01
7.645000000000000000e+02,2.872439702191476929e+00,5.744879404382953858e+00,8.617319106574377940e+00,1.148975880876590772e+01
7.650000000000000000e+02,2.868446850816159355e+00,5.736893701632318709e+00,8.605340552448433655e+00,1.147378740326463742e+01
7.655000000000000000e+02,2.864459549726818377e+00,5.728919099453636754e+00,8.593378649180388962e+00,1.145783819890727351e+01
7.660000000000000000e+02,2.860477791208183351e+00,5.720955582416366703e+00,8.581433373624486549e+00,1.144191116483273341e+01
7.665000000000000000e+02,2.856501567555835397e+00,5.713003135111670794e+00,8.569504702667435581e+00,1.142600627022334159e+01
7.670000000000000000e+02,2.852530871075944496e+00,5.705061742151888993e+00,8.557592613227752665e+00,1.141012348430377799e+01
7.675000000000000000e+02,2.848565694085490207e+00,5.697131388170980415e+00,8.545697082256401345e+00,1.139426277634196083e+01
7.680000000000000000e+02,2.844606028912022744e+00,5.689212057824045488e+00,8.533818086735989183e+00,1.137842411564809098e+01
7.685000000000000000e+02,2.840651867893872140e+00,5.681303735787744280e+00,8.521955603681531599e+00,1.136260747157548856e+01
7.690000000000000000e+02,2.836703203379888460e+00,5.673406406759776921e+00,8.510109610139588554e+00,1.134681281351955384e+01
7.695000000000000000e+02,2.832760027729695373e+00,5.665520055459390747e+00,8.498280083189014178e+00,1.133104011091878149e+01
7.700000000000000000e+02,2.828822333313401494e+00,5.657644666626802987e+00,8.486466999940132538e+00,1.131528933325360597e+01
7.705000000000000000e+02,2.824890112511857510e+00,5.649780225023715019e+00,8.474670337535501474e+00,1.129956045004743004e+01
7.710000000000000000e+02,2.820963357716367970e+00,5.641926715432735939e+00,8.462890073149031522e+00,1.128385343086547188e+01
7.715000000000000000e+02,2.817042061328947966e+00,5.634084122657895932e+00,8.451126183986769291e+00,1.126816824531579186e+01
7.720000000000000000e+02,2.813126215762040694e+00,5.626252431524081388e+00,8.439378647286050139e+00,1.125250486304816278e+01
7.725000000000000000e+02,2.809215813438765252e+00,5.618431626877530505e+00,8.427647440316221150e+00,1.123686325375506101e+01
7.730000000000000000e+02,2.805310846792656854e+00,5.610621693585313707e+00,8.415932540377896842e+00,1.122124338717062741e+01
7.735000000000000000e+02,2.801411308267875100e+00,5.602822616535750200e+00,8.404233924803545364e+00,1.120564523307150040e+01
7.740000000000000000e+02,2.797517190318973501e+00,5.595034380637947002e+00,8.392551570956850782e+00,1.119006876127589400e+01
7.745000000000000000e+02,2.793628485411113971e+00,5.587256970822227942e+00,8.380885456233274411e+00,1.117451394164445588e+01
7.750000000000000000e+02,2.789745186019802592e+00,5.579490372039605184e+00,8.369235558059354929e+00,1.115898074407921037e+01
7.755000000000000000e+02,2.785867284631144081e+00,5.571734569262288161e+00,8.357601853893365629e+00,1.114346913852457632e+01
7.760000000000000000e+02,2.781994773741542026e+00,5.563989547483084053e+00,8.345984321224564795e+00,1.112797909496616811e+01
7.765000000000000000e+02,2.778127645857972894e+00,5.556255291715945788e+00,8.334382937573847627e+00,1.111251058343189158e+01
7.770000000000000000e+02,2.774265893497690261e+00,5.548531786995380521e+00,8.322797680493032146e+00,1.109706357399076104e+01
7.775000000000000000e+02,2.770409509188493047e+00,5.540819018376986094e+00,8.311228527565420521e+00,1.108163803675397219e+01
7.780000000000000000e+02,2.766558485468421313e+00,5.533116970936842627e+00,8.299675456405205765e+00,1.106623394187368525e+01
7.785000000000000000e+02,2.762712814886019608e+00,5.525425629772039215e+00,8.288138444657988657e+00,1.105085125954407843e+01
7.790000000000000000e+02,2.758872490000074507e+00,5.517744980000149013e+00,8.276617470000166676e+00,1.103548996000029803e+01
7.795000000000000000e+02,2.755037503379822450e+00,5.510075006759644900e+00,8.265112510139406510e+00,1.102015001351928980e+01
7.800000000000000000e+02,2.751207847604732137e+00,5.502415695209464275e+00,8.253623542814123581e+00,1.100483139041892855e+01
7.805000000000000000e+02,2.747383515264677722e+00,5.494767030529355445e+00,8.242150545793947458e+00,1.098953406105871089e+01
7.810000000000000000e+02,2.743564498959736753e+00,5.487128997919473505e+00,8.230693496879139204e+00,1.097425799583894701e+01
7.815000000000000000e+02,2.739750791300386012e+00,5.479501582600772025e+00,8.219252373901081654e+00,1.095900316520154405e+01
7.820000000000000000e+02,2.735942384907247060e+00,5.471884769814494121e+00,8.207827154721673679e+00,1.094376953962898824e+01
7.825000000000000000e+02,2.732139272411336695e+00,5.464278544822673389e+00,8.196417817233937697e+00,1.092855708964534678e+01
7.830000000000000000e+02,2.728341446453779628e+00,5.456682892907559257e+00,8.185024339361264722e+00,1.091336578581511851e+01
7.835000000000000000e+02,2.724548899686050962e+00,5.449097799372101925e+00,8.173646699058073395e+00,1.089819559874420385e+01
7.840000000000000000e+02,2.720761624769723941e+00,5.441523249539447882e+00,8.162284874309097660e+00,1.088304649907889576e+01
7.845000000000000000e+02,2.716979614376687113e+00,5.433959228753374227e+00,8.150938843129990730e+00,1.086791845750674845e+01
7.850000000000000000e+02,2.713202861188916959e+00,5.426405722377833918e+00,8.139608583566690925e+00,1.085281144475566784e+01
7.855000000000000000e+02,2.709431357898653747e+00,5.418862715797307494e+00,8.128294073695892408e+00,1.083772543159461499e+01
7.860000000000000000e+02,2.705665097208190151e+00,5.411330194416380301e+00,8.116995291624519382e+00,1.082266038883276060e+01
7.865000000000000000e+02,2.701904071830083964e+00,5.403808143660167929e+00,8.105712215490187944e+00,1.080761628732033586e+01
7.870000000000000000e+02,2.698148274486896092e+00,5.396296548973792184e+00,8.094444823460646532e+00,1.079259309794758437e+01
7.875000000000000000e+02,2.694397697911433465e+00,5.388795395822866929e+00,8.083193093734248436e+00,1.077759079164573386e+01
7.880000000000000000e+02,2.690652334846473703e+00,5.381304669692947407e+00,8.071957004539385139e+00,1.076260933938589481e+01
7.885000000000000000e+02,2.686912178045012922e+00,5.373824356090025844e+00,8.060736534134989029e+00,1.074764871218005169e+01
7.890000000000000000e+02,2.683177220269989949e+00,5.366354440539979898e+00,8.049531660809934763e+00,1.073270888107995980e+01
7.895000000000000000e+02,2.679447454294534570e+00,5.358894908589069139e+00,8.038342362883561520e+00,1.071778981717813828e+01
7.900000000000000000e+02,2.675722872901690863e+00,5.351445745803381726e+00,8.027168618705049496e+00,1.070289149160676345e+01
7.905000000000000000e+02,2.672003468884666333e+00,5.344006937769332666e+00,8.016010406653967024e+00,1.068801387553866533e+01
7.910000000000000000e+02,2.668289235046563235e+00,5.336578470093126469e+00,8.004867705139666612e+00,1.067315694018625294e+01
7.915000000000000000e+02,2.664580164200591739e+00,5.329160328401183477e+00,7.993740492601759229e+00,1.065832065680236695e+01
7.920000000000000000e+02,2.660876249169867869e+00,5.321752498339735737e+00,7.982628747509573408e+00,1.064350499667947147e+01
7.925000000000000000e+02,2.657177482787560052e+00,5.314354965575120104e+00,7.971532448362649959e+00,1.062870993115024021e+01
7.930000000000000000e+02,2.653483857896719478e+00,5.306967715793438956e+00,7.960451573690116689e+00,1.061393543158687791e+01
7.935000000000000000e+02,2.649795367350425757e+00,5.299590734700851513e+00,7.949386102051249736e+00,1.059918146940170303e+01
7.940000000000000000e+02,2.646112004011622609e+00,5.292224008023245219e+00,7.938336012034826084e+00,1.058444801604649044e+01
7.945000000000000000e+02,2.642433760753237770e+00,5.284867521506475541e+00,7.927301282259688442e+00,1.056973504301295108e+01
7.950000000000000000e+02,2.638760630458039103e+00,5.277521260916078205e+00,7.916281891374078228e+00,1.055504252183215641e+01
7.955000000000000000e+02,2.635092606018762940e+00,5.270185212037525879e+00,7.905277818056261729e+00,1.054037042407505176e+01
7.960000000000000000e+02,2.631429680337946220e+00,5.262859360675892439e+00,7.894289041013800912e+00,1.052571872135178488e+01
7.965000000000000000e+02,2.627771846328073480e+00,5.255543692656146959e+00,7.883315538984179582e+00,1.051108738531229392e+01
7.970000000000000000e+02,2.624119096911393889e+00,5.248238193822787778e+00,7.872357290734122159e+00,1.049647638764557556e+01
7.975000000000000000e+02,2.620471425020078904e+00,5.240942850040157808e+00,7.861414275060193191e+00,1.048188570008031562e+01
7.980000000000000000e+02,2.616828823596049514e+00,5.233657647192099027e+00,7.850486470788107241e+00,1.046731529438419805e+01
7.985000000000000000e+02,2.613191285591117463e+00,5.226382571182234926e+00,7.839573856773317750e+00,1.045276514236446985e+01
7.990000000000000000e+02,2.609558803966805396e+00,5.219117607933610792e+00,7.828676411900368670e+00,1.043823521586722158e+01
7.995000000000000000e+02,2.605931371694503174e+00,5.211862743389006347e+00,7.817794115083469109e+00,1.042372548677801269e+01
8.000000000000000000e+02,2.602308981755290684e+00,5.204617963510581369e+00,7.806926945265821871e+00,1.040923592702116274e+01
8.005000000000000000e+02,2.598691627140086169e+00,5.197383254280172338e+00,7.796074881420219427e+00,1.039476650856034468e+01
8.010000000000000000e+02,2.595079300849468584e+00,5.190158601698937169e+00,7.785237902548352018e+00,1.038031720339787434e+01
8.015000000000000000e+02,2.591471995893823710e+00,5.182943991787647420e+00,7.774415987681425833e+00,1.036588798357529484e+01
8.020000000000000000e+02,2.587869705293181166e+00,5.175739410586362332e+00,7.763609115879485323e+00,1.035147882117272466e+01
8.025000000000000000e+02,2.584272422077346754e+00,5.168544844154693507e+00,7.752817266231980753e+00,1.033708968830938701e+01
8.030000000000000000e+02,2.580680139285736363e+00,5.161360278571472726e+00,7.742040417857153578e+00,1.032272055714294545e+01
8.035000000000000000e+02,2.577092849967524746e+00,5.154185699935049492e+00,7.731278549902521391e+00,1.030837139987009898e+01
8.040000000000000000e+02,2.573510547181462105e+00,5.147021094362924210e+00,7.720531641544323698e+00,1.029404218872584842e+01
8.045000000000000000e+02,2.569933223996031746e+00,5.139866447992063492e+00,7.709799671988037062e+00,1.027973289598412698e+01
8.050000000000000000e+02,2.566360873489278216e+00,5.132721746978556432e+00,7.699082620467767590e+00,1.026544349395711286e+01
8.055000000000000000e+02,2.562793488748930759e+00,5.125586977497861518e+00,7.688380466246734990e+00,1.025117395499572304e+01
8.060000000000000000e+02,2.559231062872270979e+00,5.118462125744541957e+00,7.677693188616749431e+00,1.023692425148908391e+01
8.065000000000000000e+02,2.555673588966229648e+00,5.111347177932459296e+00,7.667020766898634321e+00,1.022269435586491859e+01
8.070000000000000000e+02,2.552121060147263698e+00,5.104242120294527396e+00,7.656363180441728922e+00,1.020848424058905479e+01
8.075000000000000000e+02,2.548573469541459691e+00,5.097146939082919381e+00,7.645720408624307574e+00,1.019429387816583876e+01
8.080000000000000000e+02,2.545030810284383715e+00,5.090061620568767431e+00,7.635092430853095635e+00,1.018012324113753486e+01
8.085000000000000000e+02,2.541493075521231937e+00,5.082986151042463874e+00,7.624479226563645184e+00,1.016597230208492775e+01
8.090000000000000000e+02,2.537960258406645409e+00,5.075920516813290817e+00,7.613880775219892705e+00,1.015184103362658163e+01
8.095000000000000000e+02,2.534432352104852626e+00,5.068864704209705252e+00,7.603297056314516134e+00,1.013772940841941050e+01
8.100000000000000000e+02,2.530909349789522977e+00,5.061818699579045955e+00,7.592728049368519194e+00,1.012363739915809191e+01
8.105000000000000000e+02,2.527391244643868440e+00,5.054782489287736880e+00,7.582173733931555581e+00,1.010956497857547376e+01
8.110000000000000000e+02,2.523878029860518346e+00,5.047756059721036692e+00,7.571634089581507965e+00,1.009551211944207338e+01
8.115000000000000000e+02,2.520369698641632628e+00,5.040739397283265255e+00,7.561109095924848589e+00,1.008147879456653051e+01
8.120000000000000000e+02,2.516866244198752600e+00,5.033732488397505200e+00,7.550598732596200513e+00,1.006746497679501040e+01
8.125000000000000000e+02,2.513367659752915539e+00,5.026735319505831079e+00,7.540102979258696436e+00,1.005347063901166216e+01
8.130000000000000000e+02,2.509873938534524562e+00,5.019747877069049125e+00,7.529621815603520396e+00,1.003949575413809825e+01
8.135000000000000000e+02,2.506385073783456541e+00,5.012770147566913082e+00,7.519155221350334095e+00,1.002554029513382616e+01
8.140000000000000000e+02,2.502901058748918661e+00,5.005802117497837322e+00,7.508703176246715572e+00,1.001160423499567464e+01
8.145000000000000000e+02,2.499421886689563888e+00,4.998843773379127775e+00,7.498265660068659244e+00,9.997687546758255550e+00
8.150000000000000000e+02,2.495947550873366172e+00,4.991895101746732344e+00,7.487842652620047446e+00,9.983790203493464688e+00
8.155000000000000000e+02,2.492478044577696394e+00,4.984956089155392789e+00,7.477434133733054544e+00,9.969912178310785578e+00
8.160000000000000000e+02,2.489013361089231768e+00,4.978026722178463537e+00,7.467040083267645123e+00,9.956053444356927073e+00
8.165000000000000000e+02,2.485553493704024230e+00,4.971106987408048461e+00,7.456660481112031391e+00,9.942213974816096922e+00
8.170000000000000000e+02,2.482098435727397856e+00,4.964196871454795712e+00,7.446295307182150935e+00,9.928393742909591424e+00
8.175000000000000000e+02,2.478648180474029239e+00,4.957296360948058478e+00,7.435944541422057519e+00,9.914592721896116956e+00
8.180000000000000000e+02,2.475202721267845352e+00,4.950405442535690703e+00,7.425608163803502748e+00,9.900810885071381406e+00
8.185000000000000000e+02,2.471762051442101260e+00,4.943524102884202520e+00,7.415286154326258483e+00,9.887048205768405040e+00
8.190000000000000000e+02,2.468326164339253559e+00,4.936652328678507118e+00,7.404978493017732255e+00,9.873304657357014236e+00
8.195000000000000000e+02,2.464895053311089157e+00,4.929790106622178314e+00,7.394685159933244378e+00,9.859580213244356628e+00
8.200000000000000000e+02,2.461468711718568958e+00,4.922937423437137916e+00,7.384406135155678008e+00,9.845874846874275832e+00
8.205000000000000000e+02,2.458047132931937107e+00,4.916094265863874213e+00,7.374141398795785562e+00,9.832188531727748426e+00
8.210000000000000000e+02,2.454630310330603749e+00,4.909260620661207497e+00,7.363890930991771278e+00,9.818521241322414994e+00
8.215000000000000000e+02,2.451218237303228520e+00,4.902436474606457040e+00,7.353654711909649144e+00,9.804872949212914079e+00
8.220000000000000000e+02,2.447810907247613077e+00,4.895621814495226154e+00,7.343432721742809477e+00,9.791243628990452308e+00
8.225000000000000000e+02,2.444408313570795688e+00,4.888816627141591376e+00,7.333224940712366191e+00,9.777633254283182751e+00
8.230000000000000000e+02,2.441010449688917561e+00,4.882020899377835121e+00,7.323031349066715379e+00,9.764041798755670243e+00
8.235000000000000000e+02,2.437617309027319212e+00,4.875234618054638425e+00,7.312851927081923442e+00,9.750469236109276849e+00
8.240000000000000000e+02,2.434228885020446764e+00,4.868457770040893529e+00,7.302686655061301657e+00,9.736915540081787057e+00
8.245000000000000000e+02,2.430845171111902125e+00,4.861690342223804251e+00,7.292535513335677066e+00,9.723380684447608502e+00
8.250000000000000000e+02,2.427466160754370605e+00,4.854932321508741211e+00,7.282398482263066519e+00,9.709864643017482422e+00
8.255000000000000000e+02,2.424091847409668432e+00,4.848183694819336864e+00,7.272275542228977763e+00,9.696367389638673728e+00
8.260000000000000000e+02,2.420722224548674362e+00,4.841444449097348723e+00,7.262166673645978676e+00,9.682888898194697447e+00
8.265000000000000000e+02,2.417357285651365650e+00,4.834714571302731301e+00,7.252071856954058759e+00,9.669429142605462602e+00
8.270000000000000000e+02,2.413997024206761655e+00,4.827994048413523309e+00,7.241991072620233005e+00,9.655988096827046618e+00
8.275000000000000000e+02,2.410641433712950477e+00,4.821282867425900953e+00,7.231924301138819899e+00,9.642565734851801906e+00
8.280000000000000000e+02,2.407290507677045444e+00,4.814581015354090887e+00,7.221871523031084372e+00,9.629162030708181774e+00
8.285000000000000000e+02,2.403944239615195766e+00,4.807888479230391532e+00,7.211832718845553103e+00,9.615776958460783064e+00
8.290000000000000000e+02,2.400602623052551454e+00,4.801205246105102908e+00,7.201807869157608621e+00,9.602410492210205817e+00
8.295000000000000000e+02,2.397265651523279306e+00,4.794531303046558612e+00,7.191796954569801947e+00,9.589062606093117225e+00
8.300000000000000000e+02,2.393933318570510060e+00,4.787866637141020121e+00,7.181799955711483996e+00,9.575733274282040242e+00
8.305000000000000000e+02,2.390605617746376144e+00,4.781211235492752287e+00,7.171816853239097789e+00,9.562422470985504575e+00
8.310000000000000000e+02,2.387282542611953939e+00,4.774565085223907879e+00,7.161847627835819630e+00,9.549130170447815757e+00
8.315000000000000000e+02,2.383964086737283772e+00,4.767928173474567544e+00,7.151892260211819341e+00,9.535856346949135087e+00
8.320000000000000000e+02,2.380650243701327273e+00,4.761300487402654547e+00,7.141950731103932526e+00,9.522600974805309093e+00
8.325000000000000000e+02,2.377341007091994474e+00,4.754682014183988947e+00,7.132023021275941232e+00,9.509364028367977895e+00
8.330000000000000000e+02,2.374036370506079408e+00,4.748072741012158815e+00,7.122109111518197366e+00,9.496145482024317630e+00
8.335000000000000000e+02,2.370736327549312072e+00,4.741472655098624145e+00,7.112208982647897137e+00,9.482945310197248290e+00
8.340000000000000000e+02,2.367440871836273608e+00,4.734881743672547216e+00,7.102322615508781745e+00,9.469763487345094433e+00
8.345000000000000000e+02,2.364149996990456248e+00,4.728299993980912497e+00,7.092449990971331886e+00,9.456599987961824993e+00
8.350000000000000000e+02,2.360863696644185161e+00,4.721727393288370322e+00,7.082591089932514627e+00,9.443454786576740645e+00
8.355000000000000000e+02,2.357581964438664190e+00,4.715163928877328381e+00,7.072745893315961041e+00,9.430327857754656762e+00
8.360000000000000000e+02,2.354304794023912351e+00,4.708609588047824701e+00,7.062914382071686425e+00,9.417219176095649402e+00
8.365000000000000000e+02,2.351032179058796689e+00,4.702064358117593379e+00,7.053096537176349656e+00,9.404128716235186758e+00
8.370000000000000000e+02,2.347764113210974557e+00,4.695528226421949114e+00,7.043292339632881927e+00,9.391056452843898228e+00
8.375000000000000000e+02,2.344500590156935793e+00,4.689001180313871586e+00,7.033501770470769188e+00,9.378002360627743172e+00
8.380000000000000000e+02,2.341241603581930342e+00,4.682483207163860683e+00,7.023724810745741287e+00,9.364966414327721367e+00
8.385000000000000000e+02,2.337987147180005110e+00,4.675974294360010219e+00,7.013961441539978026e+00,9.351948588720020439e+00
8.390000000000000000e+02,2.334737214653965331e+00,4.669474429307930663e+00,7.004211643961853362e+00,9.338948858615861326e+00
8.395000000000000000e+02,2.331491799715376789e+00,4.662983599430753578e+00,6.994475399146088179e+00,9.325967198861507157e+00
8.400000000000000000e+02,2.328250896084530730e+00,4.656501792169061460e+00,6.984752688253562880e+00,9.313003584338122920e+00
8.405000000000000000e+02,2.325014497490474064e+00,4.650028994980948127e+00,6.975043492471382223e+00,9.300057989961896254e+00
8.410000000000000000e+02,2.321782597670938308e+00,4.643565195341876617e+00,6.965347793012780286e+00,9.287130390683753234e+00
8.415000000000000000e+02,2.318555190372388441e+00,4.637110380744776883e+00,6.955665571117127577e+00,9.274220761489553766e+00
8.420000000000000000e+02,2.315332269349958061e+00,4.630664538699916122e+00,6.945996808049838656e+00,9.261329077399832244e+00
8.425000000000000000e+02,2.312113828367484913e+00,4.624227656734969827e+00,6.936341485102430759e+00,9.248455313469939654e+00
8.430000000000000000e+02,2.308899861197457160e+00,4.617799722394914319e+00,6.926699583592329290e+00,9.235599444789828638e+00
8.435000000000000000e+02,2.305690361621029805e+00,4.611380723242059609e+00,6.917071084863059660e+00,9.222761446484119219e+00
8.440000000000000000e+02,2.302485323427994945e+00,4.604970646855989891e+00,6.907455970283951530e+00,9.209941293711979782e+00
8.445000000000000000e+02,2.299284740416784878e+00,4.598569480833569756e+00,6.897854221250327100e+00,9.197138961667139512e+00
8.450000000000000000e+02,2.296088606394444120e+00,4.592177212788888241e+00,6.888265819183295946e+00,9.184354425577776482e+00
8.455000000000000000e+02,2.292896915176640071e+00,4.585793830353280143e+00,6.878690745529881134e+00,9.171587660706560285e+00
8.460000000000000000e+02,2.289709660587611495e+00,4.579419321175222990e+00,6.869128981762807840e+00,9.158838642350445980e+00
8.465000000000000000e+02,2.286526836460210266e+00,4.573053672920420532e+00,6.859580509380607261e+00,9.146107345840841063e+00
8.470000000000000000e+02,2.283348436635840084e+00,4.566696873271680168e+00,6.850045309907493163e+00,9.133393746543360336e+00
8.475000000000000000e+02,2.280174454964480013e+00,4.560348909928960026e+00,6.840523364893414282e+00,9.120697819857920052e+00
8.480000000000000000e+02,2.277004885304644066e+00,4.554009770609288132e+00,6.831014655913898004e+00,9.108019541218576265e+00
8.485000000000000000e+02,2.273839721523395419e+00,4.547679443046790837e+00,6.821519164570153393e+00,9.095358886093581674e+00
8.490000000000000000e+02,2.270678957496315320e+00,4.541357914992630640e+00,6.812036872488905992e+00,9.082715829985261280e+00
8.495000000000000000e+02,2.267522587107500875e+00,4.535045174215001751e+00,6.802567761322469764e+00,9.070090348430003502e+00
8.500000000000000000e+02,2.264370604249546393e+00,4.528741208499092785e+00,6.793111812748607647e+00,9.057482416998185570e+00
8.505000000000000000e+02,2.261223002823544714e+00,4.522446005647089429e+00,6.783669008470608830e+00,9.044892011294178857e+00
8.510000000000000000e+02,2.258079776739059685e+00,4.516159553478119371e+00,6.774239330217152855e+00,9.032319106956238741e+00
8.515000000000000000e+02,2.254940919914124375e+00,4.509881839828248751e+00,6.764822759742325609e+00,9.019763679656497501e+00
8.520000000000000000e+02,2.251806426275217543e+00,4.503612852550435086e+00,6.755419278825621987e+00,9.007225705100870172e+00
8.525000000000000000e+02,2.248676289757273850e+00,4.497352579514547699e+00,6.746028869271786910e+00,8.994705159029095398e+00
8.530000000000000000e+02,2.245550504303651884e+00,4.491101008607303768e+00,6.736651512910921902e+00,8.982202017214607537e+00
8.535000000000000000e+02,2.242429063866127059e+00,4.484858127732254118e+00,6.727287191598347427e+00,8.969716255464508237e+00
8.540000000000000000e+02,2.239311962404888501e+00,4.478623924809777002e+00,6.717935887214622426e+00,8.957247849619554003e+00
8.545000000000000000e+02,2.236199193888513292e+00,4.472398387777026585e+00,6.708597581665494580e+00,8.944796775554053170e+00
8.550000000000000000e+02,2.233090752293969583e+00,4.466181504587939166e+00,6.699272256881863008e+00,8.932363009175878332e+00
8.555000000000000000e+02,2.229986631606593939e+00,4.459973263213187877e+00,6.689959894819735631e+00,8.919946526426375755e+00
8.560000000000000000e+02,2.226886825820083793e+00,4.453773651640167586e+00,6.680660477460205193e+00,8.907547303280335171e+00
8.565000000000000000e+02,2.223791328936485900e+00,4.447582657872971801e+00,6.671373986809415513e+00,8.895165315745943602e+00
8.570000000000000000e+02,2.220700134966189232e+00,4.441400269932378464e+00,6.662100404898520623e+00,8.882800539864756928e+00
8.575000000000000000e+02,2.217613237927899217e+00,4.435226475855798434e+00,6.652839713783649245e+00,8.870452951711596867e+00
8.580000000000000000e+02,2.214530631848645292e+00,4.429061263697290585e+00,6.643591895545884363e+00,8.858122527394581169e+00
8.585000000000000000e+02,2.211452310763749818e+00,4.422904621527499636e+00,6.634356932291197495e+00,8.845809243054999271e+00
8.590000000000000000e+02,2.208378268716839621e+00,4.416756537433679242e+00,6.625134806150465572e+00,8.833513074867358483e+00
8.595000000000000000e+02,2.205308499759804697e+00,4.410616999519609394e+00,6.615925499279362576e+00,8.821233999039218787e+00
8.600000000000000000e+02,2.202242997952819081e+00,4.404485995905638163e+00,6.606728993858404841e+00,8.808971991811276325e+00
8.605000000000000000e+02,2.199181757364295997e+00,4.398363514728591994e+00,6.597545272092842694e+00,8.796727029457183988e+00
8.610000000000000000e+02,2.196124772070918940e+00,4.392249544141837880e+00,6.588374316212715520e+00,8.784499088283675761e+00
8.615000000000000000e+02,2.193072036157578619e+00,4.386144072315157239e+00,6.579216108472698998e+00,8.772288144630314477e+00
8.620000000000000000e+02,2.190023543717408483e+00,4.380047087434816966e+00,6.570070631152193030e+00,8.760094174869633932e+00
8.625000000000000000e+02,2.186979288851735870e+00,4.373958577703471740e+00,6.560937866555170750e+00,8.747917155406943479e+00
8.630000000000000000e+02,2.183939265670107766e+00,4.367878531340215531e+00,6.551817797010279776e+00,8.735757062680431062e+00
8.635000000000000000e+02,2.180903468290231295e+00,4.361806936580462590e+00,6.542710404870661023e+00,8.723613873160925181e+00
8.640000000000000000e+02,2.177871890838023461e+00,4.355743781676046922e+00,6.533615672514033079e+00,8.711487563352093844e+00
8.645000000000000000e+02,2.174844527447534759e+00,4.349689054895069518e+00,6.524533582342565197e+00,8.699378109790139035e+00
8.650000000000000000e+02,2.171821372260994920e+00,4.343642744521989840e+00,6.515464116782950121e+00,8.687285489043979680e+00
8.655000000000000000e+02,2.168802419428759176e+00,4.337604838857518352e+00,6.506407258286236228e+00,8.675209677715036705e+00
8.660000000000000000e+02,2.165787663109326910e+00,4.331575326218653821e+00,6.497362989327947425e+00,8.663150652437307642e+00
8.665000000000000000e+02,2.162777097469305687e+00,4.325554194938611374e+00,6.488331292407874429e+00,8.651108389877222749e+00
8.670000000000000000e+02,2.159770716683421021e+00,4.319541433366842043e+00,6.479312150050234642e+00,8.639082866733684085e+00
8.675000000000000000e+02,2.156768514934489289e+00,4.313537029868978578e+00,6.470305544803431452e+00,8.627074059737957157e+00
8.680000000000000000e+02,2.153770486413423058e+00,4.307540972826846115e+00,6.461311459240234534e+00,8.615081945653692230e+00
8.685000000000000000e+02,2.150776625319191115e+00,4.301553250638382231e+00,6.452329875957538263e+00,8.603106501276764462e+00
8.690000000000000000e+02,2.147786925858853113e+00,4.295573851717706226e+00,6.443360777576530474e+00,8.591147703435412453e+00
8.695000000000000000e+02,2.144801382247488508e+00,4.289602764494977016e+00,6.434404146742437547e+00,8.579205528989954033e+00
8.700000000000000000e+02,2.141819988708254296e+00,4.283639977416508593e+00,6.425459966124731359e+00,8.567279954833017186e+00
8.705000000000000000e+02,2.138842739472300636e+00,4.277685478944601272e+00,6.416528218416870821e+00,8.555370957889202543e+00
8.710000000000000000e+02,2.135869628778830354e+00,4.271739257557660707e+00,6.407608886336468856e+00,8.543478515115321414e+00
8.715000000000000000e+02,2.132900650875023452e+00,4.265801301750046903e+00,6.398701952625050815e+00,8.531602603500093807e+00
8.720000000000000000e+02,2.129935800016089953e+00,4.259871600032179906e+00,6.389807400048252539e+00,8.519743200064359812e+00
8.725000000000000000e+02,2.126975070465187745e+00,4.253950140930375490e+00,6.380925211395554797e+00,8.507900281860750979e+00
8.730000000000000000e+02,2.124018456493490525e+00,4.248036912986981051e+00,6.372055369480447595e+00,8.496073825973962101e+00
8.735000000000000000e+02,2.121065952380091435e+00,4.242131904760182870e+00,6.363197857140248992e+00,8.484263809520365740e+00
8.740000000000000000e+02,2.118117552412079441e+00,4.236235104824158881e+00,6.354352657236209900e+00,8.472470209648317763e+00
8.745000000000000000e+02,2.115173250884442080e+00,4.230346501768884160e+00,6.345519752653300927e+00,8.460693003537768320e+00
8.750000000000000000e+02,2.112233042100139624e+00,4.224466084200279248e+00,6.336699126300397111e+00,8.448932168400558496e+00
8.755000000000000000e+02,2.109296920370013151e+00,4.218593840740026302e+00,6.327890761110014139e+00,8.437187681480052603e+00
8.760000000000000000e+02,2.106364880012846719e+00,4.212729760025693437e+00,6.319094640038509070e+00,8.425459520051386875e+00
8.765000000000000000e+02,2.103436915355282988e+00,4.206873830710565976e+00,6.310310746065823650e+00,8.413747661421131951e+00
8.770000000000000000e+02,2.100513020731898273e+00,4.201026041463796545e+00,6.301539062195658403e+00,8.402052082927593091e+00
8.775000000000000000e+02,2.097593190485087078e+00,4.195186380970174156e+00,6.292779571455245247e+00,8.390372761940348312e+00
8.780000000000000000e+02,2.094677418965172233e+00,4.189354837930344466e+00,6.284032256895495827e+00,8.378709675860688932e+00
8.785000000000000000e+02,2.091765700530270777e+00,4.183531401060541555e+00,6.275297101590791904e+00,8.367062802121083109e+00
8.790000000000000000e+02,2.088858029546390771e+00,4.177716059092781542e+00,6.266574088639147888e+00,8.355432118185563084e+00
8.795000000000000000e+02,2.085954400387324714e+00,4.171908800774649428e+00,6.257863201161948830e+00,8.343817601549298857e+00
8.800000000000000000e+02,2.083054807434735256e+00,4.166109614869470512e+00,6.249164422304174238e+00,8.332219229738941024e+00
8.805000000000000000e+02,2.080159245078049945e+00,4.160318490156099891e+00,6.240477735234120082e+00,8.320636980312199782e+00
8.810000000000000000e+02,2.077267707714532285e+00,4.154535415429064571e+00,6.231803123143575540e+00,8.309070830858129142e+00
8.815000000000000000e+02,2.074380189749202241e+00,4.148760379498404482e+00,6.223140569247580522e+00,8.297520758996808965e+00
8.820000000000000000e+02,2.071496685594887754e+00,4.142993371189775509e+00,6.214490056784637950e+00,8.285986742379551018e+00
8.825000000000000000e+02,2.068617189672152801e+00,4.137234379344305601e+00,6.205851569016433089e+00,8.274468758688611203e+00
8.830000000000000000e+02,2.065741696409346240e+00,4.131483392818692479e+00,6.197225089228017403e+00,8.262966785637384959e+00
8.835000000000000000e+02,2.062870200242528984e+00,4.125740400485057968e+00,6.188610600727574074e+00,8.251480800970115936e+00
8.840000000000000000e+02,2.060002695615541946e+00,4.120005391231083891e+00,6.180008086846599191e+00,8.240010782462167782e+00
8.845000000000000000e+02,2.057139176979891015e+00,4.114278353959782031e+00,6.171417530939663720e+00,8.228556707919564062e+00
8.850000000000000000e+02,2.054279638794856755e+00,4.108559277589713510e+00,6.162838916384556498e+00,8.217118555179427020e+00
8.855000000000000000e+02,2.051424075527359392e+00,4.102848151054718784e+00,6.154272226582071070e+00,8.205696302109437568e+00
8.860000000000000000e+02,2.048572481652074284e+00,4.097144963304148568e+00,6.145717444956205533e+00,8.194289926608297137e+00
8.865000000000000000e+02,2.045724851651295584e+00,4.091449703302591168e+00,6.137174554953871208e+00,8.182899406605182335e+00
8.870000000000000000e+02,2.042881180015042375e+00,4.085762360030084750e+00,6.128643540045112026e+00,8.171524720060169500e+00
8.875000000000000000e+02,2.040041461240942322e+00,4.080082922481884644e+00,6.120124383722809647e+00,8.160165844963769288e+00
8.880000000000000000e+02,2.037205689834320932e+00,4.074411379668641864e+00,6.111617069502947253e+00,8.148822759337283728e+00
8.885000000000000000e+02,2.034373860308093640e+00,4.068747720616187280e+00,6.103121580924273815e+00,8.137495441232374560e+00
8.890000000000000000e+02,2.031545967182851520e+00,4.063091934365703040e+00,6.094637901548535908e+00,8.126183868731406079e+00
8.895000000000000000e+02,2.028722004986752481e+00,4.057444009973504961e+00,6.086166014960241455e+00,8.114888019947009923e+00
8.900000000000000000e+02,2.025901968255611862e+00,4.051803936511223725e+00,6.077705904766814271e+00,8.103607873022447450e+00
8.905000000000000000e+02,2.023085851532788304e+00,4.046171703065576608e+00,6.069257554598348037e+00,8.092343406131153216e+00
8.910000000000000000e+02,2.020273649369277447e+00,4.040547298738554893e+00,6.060820948107811468e+00,8.081094597477109787e+00
8.915000000000000000e+02,2.017465356323596470e+00,4.034930712647192941e+00,6.052396068970771204e+00,8.069861425294385882e+00
8.920000000000000000e+02,2.014660966961880018e+00,4.029321933923760035e+00,6.043982900885628062e+00,8.058643867847520070e+00
8.925000000000000000e+02,2.011860475857764730e+00,4.023720951715529459e+00,6.035581427573279534e+00,8.047441903431058918e+00
8.930000000000000000e+02,2.009063877592482505e+00,4.018127755184965011e+00,6.027191632777431529e+00,8.036255510369930022e+00
8.935000000000000000e+02,2.006271166754741042e+00,4.012542333509482084e+00,6.018813500264204919e+00,8.025084667018964169e+00
8.940000000000000000e+02,2.003482337940827751e+00,4.006964675881655502e+00,6.010447013822470375e+00,8.013929351763311004e+00
8.945000000000000000e+02,2.000697385754484969e+00,4.001394771508969939e+00,6.002092157263437144e+00,8.002789543017939877e+00
8.950000000000000000e+02,1.997916304807013432e+00,3.995832609614026865e+00,5.993748914421026974e+00,7.991665219228053729e+00
8.955000000000000000e+02,1.995139089717143932e+00,3.990278179434287864e+00,5.985417269151423802e+00,7.980556358868575728e+00
8.960000000000000000e+02,1.992365735111151670e+00,3.984731470222303340e+00,5.977097205333437024e+00,7.969462940444606680e+00
8.965000000000000000e+02,1.989596235622715703e+00,3.979192471245431406e+00,5.968788706868152438e+00,7.958384942490862812e+00
8.970000000000000000e+02,1.986830585893041734e+00,3.973661171786083468e+00,5.960491757679124092e+00,7.947322343572166936e+00
8.975000000000000000e+02,1.984068780570716894e+00,3.968137561141433789e+00,5.952206341712154014e+00,7.936275122282867578e+00
8.980000000000000000e+02,1.981310814311832758e+00,3.962621628623665515e+00,5.943932442935495608e+00,7.925243257247331030e+00
8.985000000000000000e+02,1.978556681779844117e+00,3.957113363559688235e+00,5.935670045339535683e+00,7.914226727119376470e+00
8.990000000000000000e+02,1.975806377645691114e+00,3.951612755291382229e+00,5.927419132937073343e+00,7.903225510582764457e+00
8.995000000000000000e+02,1.973059896587652018e+00,3.946119793175304036e+00,5.919179689762964713e+00,7.892239586350608072e+00
9.000000000000000000e+02,1.970317233291474679e+00,3.940634466582949358e+00,5.910951699874425813e+00,7.881268933165898716e+00
9.005000000000000000e+02,1.967578382450220653e+00,3.935156764900441306e+00,5.902735147350663958e+00,7.870313529800882613e+00
9.010000000000000000e+02,1.964843338764397984e+00,3.929686677528795968e+00,5.894530016293194841e+00,7.859373355057591937e+00
9.015000000000000000e+02,1.962112096941819761e+00,3.924224193883639522e+00,5.886336290825453510e+00,7.848448387767279044e+00
9.020000000000000000e+02,1.959384651697709145e+00,3.918769303395418291e+00,5.878153955093115890e+00,7.837538606790836582e+00
9.025000000000000000e+02,1.956660997754586129e+00,3.913321995509172257e+00,5.869982993263741733e+00,7.826643991018344515e+00
9.030000000000000000e+02,1.953941129842355906e+00,3.907882259684711812e+00,5.861823389527049954e+00,7.815764519369423624e+00
9.035000000000000000e+02,1.951225042698196521e+00,3.902450085396393042e+00,5.853675128094582902e+00,7.804900170792786085e+00
9.040000000000000000e+02,1.948512731066662562e+00,3.897025462133325124e+00,5.845538193199970145e+00,7.794050924266650249e+00
9.045000000000000000e+02,1.945804189699547049e+00,3.891608379399094098e+00,5.837412569098624715e+00,7.783216758798188195e+00
9.050000000000000000e+02,1.943099413356003780e+00,3.886198826712007559e+00,5.829298240067997128e+00,7.772397653424015118e+00
9.055000000000000000e+02,1.940398396802406777e+00,3.880796793604813555e+00,5.821195190407210340e+00,7.761593587209627110e+00
9.060000000000000000e+02,1.937701134812475967e+00,3.875402269624951934e+00,5.813103404437412358e+00,7.750804539249903868e+00
9.065000000000000000e+02,1.935007622167117747e+00,3.870015244334235494e+00,5.805022866501340140e+00,7.740030488668470987e+00
9.070000000000000000e+02,1.932317853654575757e+00,3.864635707309151513e+00,5.796953560963715724e+00,7.729271414618303027e+00
9.075000000000000000e+02,1.929631824070256130e+00,3.859263648140512259e+00,5.788895472210761284e+00,7.718527296281024519e+00
9.080000000000000000e+02,1.926949528216880925e+00,3.853899056433761849e+00,5.780848584650635225e+00,7.707798112867523699e+00
9.085000000000000000e+02,1.924270960904314043e+00,3.848541921808628086e+00,5.772812882712931248e+00,7.697083843617256171e+00
9.090000000000000000e+02,1.921596116949715549e+00,3.843192233899431098e+00,5.764788350849145537e+00,7.686384467798862197e+00
9.095000000000000000e+02,1.918924991177374473e+00,3.837849982354748946e+00,5.756774973532113648e+00,7.675699964709497891e+00
9.100000000000000000e+02,1.916257578418843144e+00,3.832515156837686288e+00,5.748772735256523880e+00,7.665030313675372575e+00
9.105000000000000000e+02,1.913593873512791754e+00,3.827187747025583509e+00,5.740781620538372820e+00,7.654375494051167017e+00
9.110000000000000000e+02,1.910933871305134923e+00,3.821867742610269847e+00,5.732801613915406769e+00,7.643735485220539694e+00
9.115000000000000000e+02,1.908277566648878931e+00,3.816555133297757862e+00,5.724832699946631465e+00,7.633110266595515725e+00
9.120000000000000000e+02,1.905624954404256943e+00,3.811249908808513887e+00,5.716874863212770386e+00,7.622499817617027773e+00
9.125000000000000000e+02,1.902976029438576022e+00,3.805952058877152044e+00,5.708928088315720295e+00,7.611904117754304089e+00
9.130000000000000000e+02,1.900330786626343693e+00,3.800661573252687386e+00,5.700992359879031746e+00,7.601323146505374773e+00
9.135000000000000000e+02,1.897689220849132719e+00,3.795378441698265437e+00,5.693067662547390384e+00,7.590756883396530874e+00
9.140000000000000000e+02,1.895051326995690566e+00,3.790102653991381132e+00,5.685153980987059263e+00,7.580205307982762264e+00
9.145000000000000000e+02,1.892417099961803295e+00,3.784834199923606590e+00,5.677251299885393010e+00,7.569668399847213180e+00
9.150000000000000000e+02,1.889786534650426342e+00,3.779573069300852683e+00,5.669359603951256155e+00,7.559146138601705367e+00
9.155000000000000000e+02,1.887159625971516430e+00,3.774319251943032860e+00,5.661478877914541741e+00,7.548638503886065720e+00
9.160000000000000000e+02,1.884536368842198772e+00,3.769072737684397545e+00,5.653609106526579886e+00,7.538145475368795090e+00
9.165000000000000000e+02,1.881916758186571226e+00,3.763833516373142452e+00,5.645750274559699911e+00,7.527667032746284903e+00
9.170000000000000000e+02,1.879300788935871269e+00,3.758601577871742538e+00,5.637902366807597154e+00,7.517203155743485077e+00
9.175000000000000000e+02,1.876688456028304808e+00,3.753376912056609616e+00,5.630065368084898658e+00,7.506753824113219231e+00
9.180000000000000000e+02,1.874079754409189391e+00,3.748159508818378782e+00,5.622239263227559292e+00,7.496319017636757565e+00
9.185000000000000000e+02,1.871474679030795008e+00,3.742949358061590015e+00,5.614424037092378583e+00,7.485898716123180030e+00
9.190000000000000000e+02,1.868873224852482418e+00,3.737746449704964835e+00,5.606619674557446587e+00,7.475492899409929670e+00
9.195000000000000000e+02,1.866275386840545947e+00,3.732550773681091894e+00,5.598826160521629625e+00,7.465101547362183787e+00
9.200000000000000000e+02,1.863681159968344936e+00,3.727362319936689872e+00,5.591043479905039248e+00,7.454724639873379743e+00
9.205000000000000000e+02,1.861090539216160744e+00,3.722181078432321488e+00,5.583271617648493113e+00,7.444362156864642976e+00
9.210000000000000000e+02,1.858503519571323315e+00,3.717007039142646629e+00,5.575510558713975939e+00,7.434014078285293259e+00
9.215000000000000000e+02,1.855920096028054855e+00,3.711840192056109711e+00,5.567760288084168785e+00,7.423680384112219421e+00
9.220000000000000000e+02,1.853340263587605286e+00,3.706680527175210571e+00,5.560020790762823850e+00,7.413361054350421142e+00
9.225000000000000000e+02,1.850764017258110128e+00,3.701528034516220256e+00,5.552292051774337267e+00,7.403056069032440512e+00
9.230000000000000000e+02,1.848191352054713965e+00,3.696382704109427930e+00,5.544574056164138121e+00,7.392765408218855860e+00
9.235000000000000000e+02,1.845622262999408569e+00,3.691244525998817139e+00,5.536866788998224820e+00,7.382489051997634277e+00
9.240000000000000000e+02,1.843056745121190110e+00,3.686113490242380220e+00,5.529170235363569219e+00,7.372226980484760439e+00
9.245000000000000000e+02,1.840494793455883515e+00,3.680989586911767031e+00,5.521484380367652989e+00,7.361979173823534062e+00
9.250000000000000000e+02,1.837936403046294354e+00,3.675872806092588707e+00,5.513809209138869072e+00,7.351745612185177414e+00
9.255000000000000000e+02,1.835381568942037855e+00,3.670763137884075711e+00,5.506144706826108681e+00,7.341526275768151422e+00
9.260000000000000000e+02,1.832830286199690351e+00,3.665660572399380701e+00,5.498490858599060616e+00,7.331321144798761402e+00
9.265000000000000000e+02,1.830282549882622734e+00,3.660565099765245467e+00,5.490847649647867534e+00,7.321130199530490934e+00
9.270000000000000000e+02,1.827738355061144793e+00,3.655476710122289585e+00,5.483215065183423498e+00,7.310953420244579171e+00
9.275000000000000000e+02,1.825197696812342230e+00,3.650395393624684459e+00,5.475593090437016919e+00,7.300790787249368918e+00
9.280000000000000000e+02,1.822660570220217879e+00,3.645321140440435759e+00,5.467981710660636985e+00,7.290642280880871517e+00
9.285000000000000000e+02,1.820126970375534281e+00,3.640253940751068562e+00,5.460380911126599734e+00,7.280507881502137124e+00
9.290000000000000000e+02,1.817596892375958451e+00,3.635193784751916901e+00,5.452790677127868690e+00,7.270387569503833802e+00
9.295000000000000000e+02,1.815070331325883801e+00,3.630140662651767602e+00,5.445210993977644520e+00,7.260281325303535205e+00
9.300000000000000000e+02,1.812547282336598675e+00,3.625094564673197350e+00,5.437641847009786922e+00,7.250189129346394701e+00
9.305000000000000000e+02,1.810027740526099160e+00,3.620055481052198321e+00,5.430083221578292374e+00,7.240110962104396641e+00
9.310000000000000000e+02,1.807511701019254735e+00,3.615023402038509470e+00,5.422535103057755101e+00,7.230046804077018940e+00
9.315000000000000000e+02,1.804999158947627969e+00,3.609998317895255937e+00,5.414997476842865254e+00,7.219996635790511874e+00
9.320000000000000000e+02,1.802490109449627509e+00,3.604980218899255018e+00,5.407470328348862765e+00,7.209960437798510036e+00
9.325000000000000000e+02,1.799984547670339552e+00,3.599969095340679104e+00,5.399953643011000892e+00,7.199938190681358208e+00
9.330000000000000000e+02,1.797482468761682606e+00,3.594964937523365212e+00,5.392447406285026723e+00,7.189929875046730423e+00
9.335000000000000000e+02,1.794983867882229855e+00,3.589967735764459711e+00,5.384951603646673135e+00,7.179935471528919422e+00
9.340000000000000000e+02,1.792488740197371921e+00,3.584977480394743843e+00,5.377466220592100221e+00,7.169954960789487686e+00
9.345000000000000000e+02,1.789997080879132119e+00,3.579994161758264237e+00,5.369991242637370377e+00,7.159988323516528474e+00
9.350000000000000000e+02,1.787508885106325218e+00,3.575017770212650436e+00,5.362526655318953672e+00,7.150035540425300873e+00
9.355000000000000000e+02,1.785024148064390026e+00,3.570048296128780052e+00,5.355072444193152315e+00,7.140096592257560104e+00
9.360000000000000000e+02,1.782542864945539929e+00,3.565085729891079858e+00,5.347628594836610461e+00,7.130171459782159715e+00
9.365000000000000000e+02,1.780065030948588367e+00,3.560130061897176734e+00,5.340195092845760882e+00,7.120260123794353468e+00
9.370000000000000000e+02,1.777590641279105821e+00,3.555181282558211642e+00,5.332771923837303696e+00,7.110362565116423283e+00
9.375000000000000000e+02,1.775119691149239287e+00,3.550239382298478574e+00,5.325359073447719638e+00,7.100478764596957149e+00
9.380000000000000000e+02,1.772652175777880812e+00,3.545304351555761624e+00,5.317956527333642214e+00,7.090608703111523248e+00
9.385000000000000000e+02,1.770188090390484303e+00,3.540376180780968607e+00,5.310564271171458905e+00,7.080752361561937214e+00
9.390000000000000000e+02,1.767727430219224960e+00,3.535454860438449920e+00,5.303182290657670883e+00,7.070909720876899840e+00
9.395000000000000000e+02,1.765270190502814529e+00,3.530540381005629058e+00,5.295810571508445364e+00,7.061080762011258116e+00
9.400000000000000000e+02,1.762816366486673836e+00,3.525632732973347672e+00,5.288449099460010849e+00,7.051265465946695343e+00
9.405000000000000000e+02,1.760365953422743823e+00,3.520731906845487647e+00,5.281097860268237021e+00,7.041463813690975293e+00
9.410000000000000000e+02,1.757918946569660079e+00,3.515837893139320158e+00,5.273756839708974020e+00,7.031675786278640317e+00
9.415000000000000000e+02,1.755475341192548333e+00,3.510950682385096666e+00,5.266426023577650106e+00,7.021901364770193332e+00
9.420000000000000000e+02,1.753035132563218523e+00,3.506070265126437047e+00,5.259105397689654460e+00,7.012140530252874093e+00
9.425000000000000000e+02,1.750598315959953410e+00,3.501196631919906821e+00,5.251794947879862008e+00,7.002393263839813642e+00
9.430000000000000000e+02,1.748164886667691542e+00,3.496329773335383084e+00,5.244494660003068631e+00,6.992659546670766169e+00
9.435000000000000000e+02,1.745734839977838737e+00,3.491469679955677474e+00,5.237204519933515989e+00,6.982939359911354948e+00
9.440000000000000000e+02,1.743308171188434175e+00,3.486616342376868349e+00,5.229924513565289423e+00,6.973232684753736699e+00
9.445000000000000000e+02,1.740884875603962545e+00,3.481769751207925090e+00,5.222654626811869427e+00,6.963539502415850180e+00
9.450000000000000000e+02,1.738464948535525023e+00,3.476929897071050046e+00,5.215394845606557972e+00,6.953859794142100093e+00
9.455000000000000000e+02,1.736048385300652752e+00,3.472096770601305504e+00,5.208145155901935830e+00,6.944193541202611009e+00
9.460000000000000000e+02,1.733635181223471600e+00,3.467270362446943199e+00,5.200905543670383047e+00,6.934540724893886399e+00
9.465000000000000000e+02,1.731225331634521414e+00,3.462450663269042828e+00,5.193675994903546922e+00,6.924901326538085655e+00
9.470000000000000000e+02,1.728818831870924777e+00,3.457637663741849554e+00,5.186456495612755901e+00,6.915275327483699108e+00
9.475000000000000000e+02,1.726415677276187610e+00,3.452831354552375220e+00,5.179247031828551506e+00,6.905662709104750441e+00
9.480000000000000000e+02,1.724015863200388132e+00,3.448031726400776265e+00,5.172047589601149298e+00,6.896063452801552529e+00
9.485000000000000000e+02,1.721619384999969915e+00,3.443238769999939830e+00,5.164858154999897089e+00,6.886477539999879660e+00
9.490000000000000000e+02,1.719226238037926846e+00,3.438452476075853692e+00,5.157678714113768770e+00,6.876904952151707384e+00
9.495000000000000000e+02,1.716836417683607730e+00,3.433672835367215459e+00,5.150509253050816305e+00,6.867345670734430918e+00
9.500000000000000000e+02,1.714449919312885928e+00,3.428899838625771856e+00,5.143349757938643130e+00,6.857799677251543713e+00
9.505000000000000000e+02,1.712066738307974623e+00,3.424133476615949245e+00,5.136200214923912988e+00,6.848266953231898491e+00
9.510000000000000000e+02,1.709686870057597119e+00,3.419373740115194238e+00,5.129060610172772705e+00,6.838747480230388476e+00
9.515000000000000000e+02,1.707310309956790340e+00,3.414620619913580679e+00,5.121930929870354809e+00,6.829241239827161358e+00
9.520000000000000000e+02,1.704937053407091563e+00,3.409874106814183126e+00,5.114811160221255371e+00,6.819748213628366251e+00
9.525000000000000000e+02,1.702567095816329701e+00,3.405134191632659402e+00,5.107701287448980665e+00,6.810268383265318803e+00
9.530000000000000000e+02,1.700200432598820477e+00,3.400400865197640954e+00,5.100601297796441003e+00,6.800801730395281908e+00
9.535000000000000000e+02,1.697837059175149266e+00,3.395674118350298532e+00,5.093511177525434697e+00,6.791348236700597063e+00
9.540000000000000000e+02,1.695476970972370712e+00,3.390953941944741423e+00,5.086430912917091263e+00,6.781907883889482846e+00
9.545000000000000000e+02,1.693120163423791791e+00,3.386240326847583582e+00,5.079360490271366935e+00,6.772480653695167163e+00
9.550000000000000000e+02,1.690766631969174316e+00,3.381533263938348632e+00,5.072299895907502965e+00,6.763066527876697265e+00
9.555000000000000000e+02,1.688416372054510894e+00,3.376832744109021789e+00,5.065249116163526466e+00,6.753665488218043578e+00
9.560000000000000000e+02,1.686069379132232093e+00,3.372138758264464187e+00,5.058208137396681181e+00,6.744277516528928373e+00
9.565000000000000000e+02,1.683725648660984842e+00,3.367451297321969683e+00,5.051176945982942534e+00,6.734902594643939366e+00
9.570000000000000000e+02,1.681385176105827828e+00,3.362770352211655656e+00,5.044155528317472381e+00,6.725540704423311311e+00
9.575000000000000000e+02,1.679047956938028996e+00,3.358095913876057992e+00,5.037143870814083435e+00,6.716191827752115984e+00
9.580000000000000000e+02,1.676713986635248288e+00,3.353427973270496576e+00,5.030141959905740201e+00,6.706855946540993152e+00
9.585000000000000000e+02,1.674383260681331365e+00,3.348766521362662729e+00,5.023149782043994094e+00,6.697533042725325458e+00
9.590000000000000000e+02,1.672055774566503228e+00,3.344111549133006456e+00,5.016167323699502134e+00,6.688223098266012911e+00
9.595000000000000000e+02,1.669731523787156169e+00,3.339463047574312338e+00,5.009194571361462067e+00,6.678926095148624675e+00
9.600000000000000000e+02,1.667410503846043612e+00,3.334821007692087225e+00,5.002231511538110631e+00,6.669642015384174449e+00
9.605000000000000000e+02,1.665092710252067842e+00,3.330185420504135685e+00,4.995278130756197754e+00,6.660370841008271370e+00
9.610000000000000000e+02,1.662778138520480287e+00,3.325556277040960573e+00,4.988334415561430646e+00,6.651112554081921147e+00
9.615000000000000000e+02,1.660466784172661470e+00,3.320933568345322939e+00,4.981400352517980856e+00,6.641867136690645879e+00
9.620000000000000000e+02,1.658158642736317523e+00,3.316317285472635046e+00,4.974475928208943465e+00,6.632634570945270092e+00
9.625000000000000000e+02,1.655853709745271685e+00,3.311707419490543369e+00,4.967561129235813056e+00,6.623414838981086739e+00
9.630000000000000000e+02,1.653551980739656146e+00,3.307103961479312293e+00,4.960655942218969550e+00,6.614207922958624586e+00
9.635000000000000000e+02,1.651253451265704886e+00,3.302506902531409771e+00,4.953760353797121319e+00,6.605013805062819543e+00
9.640000000000000000e+02,1.648958116875938851e+00,3.297916233751877702e+00,4.946874350627820327e+00,6.595832467503755403e+00
9.645000000000000000e+02,1.646665973128965232e+00,3.293331946257930465e+00,4.939997919386892811e+00,6.586663892515860930e+00
9.650000000000000000e+02,1.644377015589657987e+00,3.288754031179315973e+00,4.933131046768971295e+00,6.577508062358631946e+00
9.655000000000000000e+02,1.642091239828963767e+00,3.284182479657927534e+00,4.926273719486887082e+00,6.568364959315855067e+00
9.660000000000000000e+02,1.639808641424080671e+00,3.279617282848161341e+00,4.919425924272237793e+00,6.559234565696322683e+00
9.665000000000000000e+02,1.637529215958262618e+00,3.275058431916525237e+00,4.912587647874777197e+00,6.550116863833050473e+00
9.670000000000000000e+02,1.635252959020989660e+00,3.270505918041979321e+00,4.905758877062956103e+00,6.541011836083958642e+00
9.675000000000000000e+02,1.632979866207786790e+00,3.265959732415573580e+00,4.898939598623350378e+00,6.531919464831147160e+00
9.680000000000000000e+02,1.630709933120388033e+00,3.261419866240776066e+00,4.892129799361151221e+00,6.522839732481552133e+00
9.685000000000000000e+02,1.628443155366555706e+00,3.256886310733111412e+00,4.885329466099660678e+00,6.513772621466222823e+00
9.690000000000000000e+02,1.626179528560244947e+00,3.252359057120489894e+00,4.878538585680723294e+00,6.504718114240979787e+00
9.695000000000000000e+02,1.623919048321418535e+00,3.247838096642837069e+00,4.871757144964239394e+00,6.495676193285674138e+00
9.700000000000000000e+02,1.621661710276214308e+00,3.243323420552428615e+00,4.864985130828626936e+00,6.486646841104857231e+00
9.705000000000000000e+02,1.619407510056768640e+00,3.238815020113537280e+00,4.858222530170277942e+00,6.477630040227074559e+00
9.710000000000000000e+02,1.617156443301366098e+00,3.234312886602732195e+00,4.851469329904070094e+00,6.468625773205464391e+00
9.715000000000000000e+02,1.614908505654277127e+00,3.229817011308554253e+00,4.844725516962802736e+00,6.459634022617108506e+00
9.720000000000000000e+02,1.612663692765907264e+00,3.225327385531814528e+00,4.837991078297698699e+00,6.450654771063629056e+00
9.725000000000000000e+02,1.610422000292628164e+00,3.220844000585256328e+00,4.831266000877862510e+00,6.441688001170512656e+00
9.730000000000000000e+02,1.608183423896928588e+00,3.216366847793857175e+00,4.824550271690766223e+00,6.432733695587714351e+00
9.735000000000000000e+02,1.605947959247245871e+00,3.211895918494491742e+00,4.817843877741720071e+00,6.423791836988983484e+00
9.740000000000000000e+02,1.603715602018123354e+00,3.207431204036246708e+00,4.811146806054348524e+00,6.414862408072493416e+00
9.745000000000000000e+02,1.601486347890030748e+00,3.202972695780061496e+00,4.804459043670069818e+00,6.405945391560122992e+00
9.750000000000000000e+02,1.599260192549523785e+00,3.198520385099047569e+00,4.797780577648548928e+00,6.397040770198095139e+00
9.755000000000000000e+02,1.597037131689073242e+00,3.194074263378146483e+00,4.791111395067201073e+00,6.388148526756292966e+00
9.760000000000000000e+02,1.594817161007223261e+00,3.189634322014446521e+00,4.784451483021650020e+00,6.379268644028893043e+00
9.765000000000000000e+02,1.592600276208411270e+00,3.185200552416822539e+00,4.777800828625213825e+00,6.370401104833645078e+00
9.770000000000000000e+02,1.590386473003128520e+00,3.180772946006257040e+00,4.771159419009368463e+00,6.361545892012514081e+00
9.775000000000000000e+02,1.588175747107746894e+00,3.176351494215493787e+00,4.764527241323222917e+00,6.352702988430987574e+00
9.780000000000000000e+02,1.585968094244675441e+00,3.171936188489350883e+00,4.757904282734005896e+00,6.343872376978701766e+00
9.785000000000000000e+02,1.583763510142186304e+00,3.167527020284372608e+00,4.751290530426540037e+00,6.335054040568745215e+00
9.790000000000000000e+02,1.581561990534572582e+00,3.163123981069145163e+00,4.744685971603694874e+00,6.326247962138290326e+00
9.795000000000000000e+02,1.579363531161973810e+00,3.158727062323947621e+00,4.738090593485901003e+00,6.317454124647895242e+00
9.800000000000000000e+02,1.577168127770536943e+00,3.154336255541073886e+00,4.731504383311579964e+00,6.308672511082147771e+00
9.805000000000000000e+02,1.574975776112229164e+00,3.149951552224458329e+00,4.724927328336665511e+00,6.299903104448916658e+00
9.810000000000000000e+02,1.572786471945019970e+00,3.145572943890039941e+00,4.718359415835035264e+00,6.291145887780079882e+00
9.815000000000000000e+02,1.570600211032681548e+00,3.141200422065363096e+00,4.711800633098016000e+00,6.282400844130726192e+00
9.820000000000000000e+02,1.568416989144963081e+00,3.136833978289926161e+00,4.705250967434857934e+00,6.273667956579852323e+00
9.825000000000000000e+02,1.566236802057408228e+00,3.132473604114816457e+00,4.698710406172198262e+00,6.264947208229632913e+00
9.830000000000000000e+02,1.564059645551519662e+00,3.128119291103039323e+00,4.692178936654527455e+00,6.256238582206078647e+00
9.835000000000000000e+02,1.561885515414571879e+00,3.123771030829143758e+00,4.685656546243690102e+00,6.247542061658287516e+00
9.840000000000000000e+02,1.559714407439793504e+00,3.119428814879587009e+00,4.679143222319345874e+00,6.238857629759174017e+00
9.845000000000000000e+02,1.557546317426160565e+00,3.115092634852321130e+00,4.672638952278455271e+00,6.230185269704642259e+00
9.850000000000000000e+02,1.555381241178586338e+00,3.110762482357172676e+00,4.666143723535732590e+00,6.221524964714345352e+00
9.855000000000000000e+02,1.553219174507722178e+00,3.106438349015444356e+00,4.659657523523149436e+00,6.212876698030888711e+00
9.860000000000000000e+02,1.551060113230135373e+00,3.102120226460270747e+00,4.653180339690379697e+00,6.204240452920541493e+00
9.865000000000000000e+02,1.548904053168115302e+00,3.097808106336230605e+00,4.646712159504322592e+00,6.195616212672461209e+00
9.870000000000000000e+02,1.546750990149849070e+00,3.093501980299698140e+00,4.640252970449520120e+00,6.187003960599396279e+00
9.875000000000000000e+02,1.544600920009235434e+00,3.089201840018470868e+00,4.633802760027685430e+00,6.178403680036941736e+00
9.880000000000000000e+02,1.542453838586051340e+00,3.084907677172102680e+00,4.627361515758128263e+00,6.169815354344205360e+00
9.885000000000000000e+02,1.540309741725766957e+00,3.080619483451533913e+00,4.620929225177285993e+00,6.161238966903067826e+00
9.890000000000000000e+02,1.538168625279722201e+00,3.076337250559444403e+00,4.614505875839143734e+00,6.152674501118888806e+00
9.895000000000000000e+02,1.536030485104927346e+00,3.072060970209854691e+00,4.608091455314765383e+00,6.144121940419709382e+00
9.900000000000000000e+02,1.533895317064243091e+00,3.067790634128486182e+00,4.601685951192711066e+00,6.135581268256972365e+00
9.905000000000000000e+02,1.531763117026195387e+00,3.063526234052390773e+00,4.595289351078568174e+00,6.127052468104781546e+00
9.910000000000000000e+02,1.529633880865137741e+00,3.059267761730275481e+00,4.588901642595387464e+00,6.118535523460550962e+00
9.915000000000000000e+02,1.527507604461073587e+00,3.055015208922147174e+00,4.582522813383194560e+00,6.110030417844294348e+00
9.920000000000000000e+02,1.525384283699815713e+00,3.050768567399631426e+00,4.576152851099423380e+00,6.101537134799262851e+00
9.925000000000000000e+02,1.523263914472816616e+00,3.046527828945633232e+00,4.569791743418422314e+00,6.093055657891266463e+00
9.930000000000000000e+02,1.521146492677317941e+00,3.042292985354635881e+00,4.563439478031925844e+00,6.084585970709271763e+00
9.935000000000000000e+02,1.519032014216185500e+00,3.038064028432371000e+00,4.557096042648529632e+00,6.076128056864742000e+00
9.940000000000000000e+02,1.516920474998062707e+00,3.033840949996125413e+00,4.550761424994160365e+00,6.067681899992250827e+00
9.945000000000000000e+02,1.514811870937193605e+00,3.029623741874387211e+00,4.544435612811558833e+00,6.059247483748774421e+00
9.950000000000000000e+02,1.512706197953589404e+00,3.025412395907178809e+00,4.538118593860747119e+00,6.050824791814357617e+00
9.955000000000000000e+02,1.510603451972850175e+00,3.021206903945700351e+00,4.531810355918528543e+00,6.042413807891400701e+00
9.960000000000000000e+02,1.508503628926316287e+00,3.017007257852632574e+00,4.525510886778921105e+00,6.034014515705265147e+00
9.965000000000000000e+02,1.506406724750906978e+00,3.012813449501813956e+00,4.519220174252695621e+00,6.025626899003627912e+00
9.970000000000000000e+02,1.504312735389268019e+00,3.008625470778536037e+00,4.512938206167778077e+00,6.017250941557072075e+00
9.975000000000000000e+02,1.502221656789605175e+00,3.004443313579210351e+00,4.506664970368794876e+00,6.008886627158420701e+00
9.980000000000000000e+02,1.500133484905837644e+00,3.000266969811675288e+00,4.500400454717490284e+00,6.000533939623350577e+00
9.985000000000000000e+02,1.498048215697428853e+00,2.996096431394857706e+00,4.494144647092270795e+00,5.992192862789715413e+00
9.990000000000000000e+02,1.495965845129535898e+00,2.991931690259071797e+00,4.487897535388598591e+00,5.983863380518143593e+00
9.995000000000000000e+02,1.493886369172852113e+00,2.987772738345704227e+00,4.481659107518540353e+00,5.975545476691408453e+00
1.000000000000000000e+03,1.491809783803743406e+00,2.983619567607486811e+00,4.475429351411211343e+00,5.967239135214973622e+00
1.000500000000000000e+03,1.489736085004089272e+00,2.979472170008178544e+00,4.469208255012251385e+00,5.958944340016357089e+00
1.001000000000000000e+03,1.487665268761439341e+00,2.975330537522878682e+00,4.462995806284308031e+00,5.950661075045757364e+00
1.001500000000000000e+03,1.485597331068841509e+00,2.971194662137683018e+00,4.456791993206503655e+00,5.942389324275366036e+00
1.002000000000000000e+03,1.483532267924985382e+00,2.967064535849970763e+00,4.450596803774937271e+00,5.934129071699941527e+00
1.002500000000000000e+03,1.481470075334050396e+00,2.962940150668100792e+00,4.444410226002133868e+00,5.925880301336201583e+00
1.003000000000000000e+03,1.479410749305847927e+00,2.958821498611695855e+00,4.438232247917534679e+00,5.917642997223391710e+00
1.003500000000000000e+03,1.477354285855655647e+00,2.954708571711311293e+00,4.432062857566955394e+00,5.909417143422622587e+00
1.004000000000000000e+03,1.475300681004371839e+00,2.950601362008743678e+00,4.425902043013104858e+00,5.901202724017487355e+00
1.004500000000000000e+03,1.473249930778343542e+00,2.946499861556687083e+00,4.419749792335016636e+00,5.892999723113374166e+00
1.005000000000000000e+03,1.471202031209520644e+00,2.942404062419041288e+00,4.413606093628553495e+00,5.884808124838082577e+00
1.005500000000000000e+03,1.469156978335293351e+00,2.938313956670586702e+00,4.407470935005870061e+00,5.876627913341173404e+00
1.006000000000000000e+03,1.467114768198636066e+00,2.934229536397272131e+00,4.401344304595902202e+00,5.868459072794544262e+00
1.006500000000000000e+03,1.465075396847945521e+00,2.930150793695891043e+00,4.395226190543830569e+00,5.860301587391782085e+00
1.007000000000000000e+03,1.463038860337191771e+00,2.926077720674383542e+00,4.389116581011566431e+00,5.852155441348767084e+00
1.007500000000000000e+03,1.461005154725745880e+00,2.922010309451491761e+00,4.383015464177231202e+00,5.844020618902983522e+00
1.008000000000000000e+03,1.458974276078542021e+00,2.917948552157084041e+00,4.376922828235622731e+00,5.835897104314168082e+00
1.008500000000000000e+03,1.456946220465903163e+00,2.913892440931806327e+00,4.370838661397704605e+00,5.827784881863612654e+00
1.009000000000000000e+03,1.454920983963694292e+00,2.909841967927388584e+00,4.364762951891082210e+00,5.819683935854777168e+00
1.009500000000000000e+03,1.452898562653154313e+00,2.905797125306308626e+00,4.358695687959455611e+00,5.811594250612617252e+00
1.010000000000000000e+03,1.450878952621046158e+00,2.901757905242092317e+00,4.352636857863135589e+00,5.803515810484184634e+00
1.010500000000000000e+03,1.448862149959501577e+00,2.897724299919003155e+00,4.346586449878496516e+00,5.795448599838006309e+00
1.011000000000000000e+03,1.446848150766152585e+00,2.893696301532305171e+00,4.340544452298455980e+00,5.787392603064610341e+00
1.011500000000000000e+03,1.444836951143989356e+00,2.889673902287978713e+00,4.334510853431963184e+00,5.779347804575957426e+00
1.012000000000000000e+03,1.442828547201485456e+00,2.885657094402970912e+00,4.328485641604453704e+00,5.771314188805941825e+00
1.012500000000000000e+03,1.440822935052454401e+00,2.881645870104908802e+00,4.322468805157358318e+00,5.763291740209817604e+00
1.013000000000000000e+03,1.438820110816185327e+00,2.877640221632370654e+00,4.316460332448549764e+00,5.755280443264741308e+00
1.013500000000000000e+03,1.436820070617284895e+00,2.873640141234569789e+00,4.310460211851848911e+00,5.747280282469139578e+00
1.014000000000000000e+03,1.434822810585825392e+00,2.869645621171650784e+00,4.304468431757471514e+00,5.739291242343301569e+00
1.014500000000000000e+03,1.432828326857180423e+00,2.865656653714360846e+00,4.298484980571537051e+00,5.731313307428721693e+00
1.015000000000000000e+03,1.430836615572171233e+00,2.861673231144342466e+00,4.292509846716508370e+00,5.723346462288684933e+00
1.015500000000000000e+03,1.428847672876907948e+00,2.857695345753815896e+00,4.286543018630721846e+00,5.715390691507631793e+00
1.016000000000000000e+03,1.426861494922939233e+00,2.853722989845878466e+00,4.280584484768814590e+00,5.707445979691756932e+00
1.016500000000000000e+03,1.424878077867076653e+00,2.849756155734153307e+00,4.274634233601228850e+00,5.699512311468306613e+00
1.017000000000000000e+03,1.422897417871560322e+00,2.845794835743120643e+00,4.268692253614680965e+00,5.691589671486241286e+00
1.017500000000000000e+03,1.420919511103881927e+00,2.841839022207763854e+00,4.262758533311643561e+00,5.683678044415527708e+00
1.018000000000000000e+03,1.418944353736939501e+00,2.837888707473879002e+00,4.256833061210815394e+00,5.675777414947758004e+00
1.018500000000000000e+03,1.416971941948875546e+00,2.833943883897751093e+00,4.250915825846624863e+00,5.667887767795502185e+00
1.019000000000000000e+03,1.415002271923218924e+00,2.830004543846437848e+00,4.245006815769655439e+00,5.660009087692875696e+00
1.019500000000000000e+03,1.413035339848730754e+00,2.826070679697461507e+00,4.239106019546192705e+00,5.652141359394923015e+00
1.020000000000000000e+03,1.411071141919542304e+00,2.822142283839084609e+00,4.233213425758633797e+00,5.644284567678169218e+00
1.020500000000000000e+03,1.409109674335003781e+00,2.818219348670007562e+00,4.227329023005019337e+00,5.636438697340015125e+00
1.021000000000000000e+03,1.407150933299821771e+00,2.814301866599643542e+00,4.221452799899461539e+00,5.628603733199287085e+00
1.021500000000000000e+03,1.405194915023899371e+00,2.810389830047798743e+00,4.215584745071697448e+00,5.620779660095597485e+00
1.022000000000000000e+03,1.403241615722488955e+00,2.806483231444977910e+00,4.209724847167465533e+00,5.612966462889955821e+00
1.022500000000000000e+03,1.401291031616025862e+00,2.802582063232051723e+00,4.203873094848083802e+00,5.605164126464103447e+00
1.023000000000000000e+03,1.399343158930277387e+00,2.798686317860554773e+00,4.198029476790830827e+00,5.597372635721109546e+00
1.023500000000000000e+03,1.397397993896177804e+00,2.794795987792355607e+00,4.192193981688536297e+00,5.589591975584711214e+00
1.024000000000000000e+03,1.395455532749981131e+00,2.790911065499962262e+00,4.186366598249938065e+00,5.581822130999924525e+00
1.024500000000000000e+03,1.393515771733087716e+00,2.787031543466175432e+00,4.180547315199266478e+00,5.574063086932350863e+00
1.025000000000000000e+03,1.391578707092214318e+00,2.783157414184428635e+00,4.174736121276640510e+00,5.566314828368857270e+00
1.025500000000000000e+03,1.389644335079201598e+00,2.779288670158403196e+00,4.168933005237607681e+00,5.558577340316806392e+00
1.026000000000000000e+03,1.387712651951193310e+00,2.775425303902386620e+00,4.163137955853568606e+00,5.550850607804773240e+00
1.026500000000000000e+03,1.385783653970440676e+00,2.771567307940881353e+00,4.157350961911320475e+00,5.543134615881762706e+00
1.027000000000000000e+03,1.383857337404486243e+00,2.767714674808972486e+00,4.151572012213452290e+00,5.535429349617944972e+00
1.027500000000000000e+03,1.381933698525969145e+00,2.763867397051938291e+00,4.145801095577911433e+00,5.527734794103876581e+00
1.028000000000000000e+03,1.380012733612798970e+00,2.760025467225597939e+00,4.140038200838399796e+00,5.520050934451195879e+00
1.028500000000000000e+03,1.378094438947973233e+00,2.756188877895946465e+00,4.134283316843921696e+00,5.512377755791892930e+00
1.029000000000000000e+03,1.376178810819735254e+00,2.752357621639470509e+00,4.128536432459210204e+00,5.504715243278941017e+00
1.029500000000000000e+03,1.374265845521414509e+00,2.748531691042829017e+00,4.122797536564251075e+00,5.497063382085658034e+00
1.030000000000000000e+03,1.372355539351566067e+00,2.744711078703132134e+00,4.117066618054702865e+00,5.489422157406264269e+00
1.030500000000000000e+03,1.370447888613814724e+00,2.740895777227629448e+00,4.111343665841447503e+00,5.481791554455258897e+00
1.031000000000000000e+03,1.368542889616999991e+00,2.737085779233999983e+00,4.105628668851008634e+00,5.474171558467999965e+00
1.031500000000000000e+03,1.366640538675016892e+00,2.733281077350033783e+00,4.099921616025053339e+00,5.466562154700067566e+00
1.032000000000000000e+03,1.364740832106958734e+00,2.729481664213917469e+00,4.094222496320878868e+00,5.458963328427834938e+00
1.032500000000000000e+03,1.362843766236958798e+00,2.725687532473917596e+00,4.088531298710875284e+00,5.451375064947835192e+00
1.033000000000000000e+03,1.360949337394343095e+00,2.721898674788686190e+00,4.082848012183025510e+00,5.443797349577372380e+00
1.033500000000000000e+03,1.359057541913448741e+00,2.718115083826897482e+00,4.077172625740338674e+00,5.436230167653794965e+00
1.034000000000000000e+03,1.357168376133803145e+00,2.714336752267606290e+00,4.071505128401404328e+00,5.428673504535212579e+00
1.034500000000000000e+03,1.355281836399929718e+00,2.710563672799859436e+00,4.065845509199784935e+00,5.421127345599718872e+00
1.035000000000000000e+03,1.353397919061525068e+00,2.706795838123050135e+00,4.060193757184568319e+00,5.413591676246100270e+00
1.035500000000000000e+03,1.351516620473264707e+00,2.703033240946529414e+00,4.054549861419787682e+00,5.406066481893058828e+00
1.036000000000000000e+03,1.349637936994987797e+00,2.699275873989975594e+00,4.048913810984958062e+00,5.398551747979951188e+00
1.036500000000000000e+03,1.347761864991499303e+00,2.695523729982998606e+00,4.043285594974490138e+00,5.391047459965997213e+00
1.037000000000000000e+03,1.345888400832748300e+00,2.691776801665496599e+00,4.037665202498245343e+00,5.383553603330993198e+00
1.037500000000000000e+03,1.344017540893643003e+00,2.688035081787286007e+00,4.032052622680924792e+00,5.376070163574572014e+00
1.038000000000000000e+03,1.342149281554213980e+00,2.684298563108427960e+00,4.026447844662641273e+00,5.368597126216855919e+00
1.038500000000000000e+03,1.340283619199441167e+00,2.680567238398882335e+00,4.020850857598322392e+00,5.361134476797764670e+00
1.039000000000000000e+03,1.338420550219413085e+00,2.676841100438826171e+00,4.015261650658238146e+00,5.353682200877652342e+00
1.039500000000000000e+03,1.336560071009152306e+00,2.673120142018304612e+00,4.009680213027457363e+00,5.346240284036609225e+00
1.040000000000000000e+03,1.334702177968774883e+00,2.669404355937549767e+00,4.004106533906325538e+00,5.338808711875099533e+00
1.040500000000000000e+03,1.332846867503321819e+00,2.665693735006643639e+00,3.998540602509964348e+00,5.331387470013287277e+00
1.041000000000000000e+03,1.330994136022908725e+00,2.661988272045817450e+00,3.992982408068727285e+00,5.323976544091634899e+00
1.041500000000000000e+03,1.329143979942563281e+00,2.658287959885126561e+00,3.987431939827685401e+00,5.316575919770253122e+00
1.042000000000000000e+03,1.327296395682371788e+00,2.654592791364743576e+00,3.981889187047117140e+00,5.309185582729487152e+00
1.042500000000000000e+03,1.325451379667326179e+00,2.650902759334652359e+00,3.976354139001978982e+00,5.301805518669304718e+00
1.043000000000000000e+03,1.323608928327461021e+00,2.647217856654922041e+00,3.970826784982382840e+00,5.294435713309844083e+00
1.043500000000000000e+03,1.321769038097693416e+00,2.643538076195386832e+00,3.965307114293078694e+00,5.287076152390773665e+00
1.044000000000000000e+03,1.319931705417977996e+00,2.639863410835955992e+00,3.959795116253929770e+00,5.279726821671911985e+00
1.044500000000000000e+03,1.318096926733139052e+00,2.636193853466278103e+00,3.954290780199416044e+00,5.272387706932556206e+00
1.045000000000000000e+03,1.316264698493018193e+00,2.632529396986036385e+00,3.948794095479050803e+00,5.265058793972072770e+00
1.045500000000000000e+03,1.314435017152318697e+00,2.628870034304637393e+00,3.943305051456946764e+00,5.257740068609274786e+00
1.046000000000000000e+03,1.312607879170744729e+00,2.625215758341489458e+00,3.937823637512224639e+00,5.250431516682978916e+00
1.046500000000000000e+03,1.310783281012848800e+00,2.621566562025697600e+00,3.932349843038537074e+00,5.243133124051395200e+00
1.047000000000000000e+03,1.308961219148168098e+00,2.617922438296336196e+00,3.926883657444498077e+00,5.235844876592672392e+00
1.047500000000000000e+03,1.307141690051083938e+00,2.614283380102167875e+00,3.921425070153242043e+00,5.228566760204335750e+00
1.048000000000000000e+03,1.305324690200937887e+00,2.610649380401875774e+00,3.915974070602809665e+00,5.221298760803751549e+00
1.048500000000000000e+03,1.303510216081902540e+00,2.607020432163805079e+00,3.910530648245697183e+00,5.214040864327610159e+00
1.049000000000000000e+03,1.301698264183105636e+00,2.603396528366211271e+00,3.905094792549312910e+00,5.206793056732422542e+00
1.049500000000000000e+03,1.299888830998483513e+00,2.599777661996967026e+00,3.899666492995445655e+00,5.199555323993934053e+00
1.050000000000000000e+03,1.298081913026924106e+00,2.596163826053848211e+00,3.894245739080762547e+00,5.192327652107696423e+00
1.050500000000000000e+03,1.296277506772100185e+00,2.592555013544200371e+00,3.888832520316289454e+00,5.185110027088400741e+00
1.051000000000000000e+03,1.294475608742620132e+00,2.588951217485240264e+00,3.883426826227855067e+00,5.177902434970480527e+00
1.051500000000000000e+03,1.292676215451879607e+00,2.585352430903759213e+00,3.878028646355627718e+00,5.170704861807518427e+00
1.052000000000000000e+03,1.290879323418184343e+00,2.581758646836368687e+00,3.872637970254549700e+00,5.163517293672737374e+00
1.052500000000000000e+03,1.289084929164612925e+00,2.578169858329225850e+00,3.867254787493831003e+00,5.156339716658451700e+00
1.053000000000000000e+03,1.287293029219149343e+00,2.574586058438298686e+00,3.861879087657441367e+00,5.149172116876597372e+00
1.053500000000000000e+03,1.285503620114527124e+00,2.571007240229054247e+00,3.856510860343569824e+00,5.142014480458108494e+00
1.054000000000000000e+03,1.283716698388376543e+00,2.567433396776753085e+00,3.851150095165122522e+00,5.134866793553506170e+00
1.054500000000000000e+03,1.281932260583064087e+00,2.563864521166128174e+00,3.845796781749193372e+00,5.127729042332256348e+00
1.055000000000000000e+03,1.280150303245840782e+00,2.560300606491681563e+00,3.840450909737525897e+00,5.120601212983363126e+00
1.055500000000000000e+03,1.278370822928681649e+00,2.556741645857363299e+00,3.835112468786042506e+00,5.113483291714726597e+00
1.056000000000000000e+03,1.276593816188422048e+00,2.553187632376844096e+00,3.829781448565274360e+00,5.106375264753688192e+00
1.056500000000000000e+03,1.274819279586622445e+00,2.549638559173244889e+00,3.824457838759869777e+00,5.099277118346489779e+00
1.057000000000000000e+03,1.273047209689685211e+00,2.546094419379370422e+00,3.819141629069061405e+00,5.092188838758740843e+00
1.057500000000000000e+03,1.271277603068715845e+00,2.542555206137431689e+00,3.813832809206154195e+00,5.085110412274863378e+00
1.058000000000000000e+03,1.269510456299661305e+00,2.539020912599322610e+00,3.808531368898992575e+00,5.078041825198645220e+00
1.058500000000000000e+03,1.267745765963155691e+00,2.535491531926311382e+00,3.803237297889470625e+00,5.070983063852622763e+00
1.059000000000000000e+03,1.265983528644653244e+00,2.531967057289306489e+00,3.797950585933965506e+00,5.063934114578612977e+00
1.059500000000000000e+03,1.264223740934287132e+00,2.528447481868574265e+00,3.792671222802865394e+00,5.056894963737148530e+00
1.060000000000000000e+03,1.262466399427004005e+00,2.524932798854008009e+00,3.787399198281010904e+00,5.049865597708016018e+00
1.060500000000000000e+03,1.260711500722407230e+00,2.521423001444814460e+00,3.782134502167216361e+00,5.042846002889628920e+00
1.061000000000000000e+03,1.258959041424899672e+00,2.517918082849799344e+00,3.776877124274696129e+00,5.035836165699598688e+00
1.061500000000000000e+03,1.257209018143532919e+00,2.514418036287065839e+00,3.771627054430604531e+00,5.028836072574131677e+00
1.062000000000000000e+03,1.255461427492148063e+00,2.510922854984296126e+00,3.766384282476444856e+00,5.021845709968592253e+00
1.062500000000000000e+03,1.253716266089214493e+00,2.507432532178428986e+00,3.761148798267649696e+00,5.014865064356857971e+00
1.063000000000000000e+03,1.251973530557980885e+00,2.503947061115961770e+00,3.755920591673944209e+00,5.007894122231923539e+00
1.063500000000000000e+03,1.250233217526311558e+00,2.500466435052623115e+00,3.750699652578936671e+00,5.000932870105246231e+00
1.064000000000000000e+03,1.248495323626834130e+00,2.496990647253668261e+00,3.745485970880501281e+00,4.993981294507336521e+00
1.064500000000000000e+03,1.246759845496784314e+00,2.493519690993568627e+00,3.740279536490352719e+00,4.987039381987137254e+00
1.065000000000000000e+03,1.245026779778141801e+00,2.490053559556283602e+00,3.735080339334424515e+00,4.980107119112567204e+00
1.065500000000000000e+03,1.243296123117486385e+00,2.486592246234972770e+00,3.729888369352456934e+00,4.973184492469945539e+00
1.066000000000000000e+03,1.241567872166127184e+00,2.483135744332254369e+00,3.724703616498378445e+00,4.966271488664508738e+00
1.066500000000000000e+03,1.239842023579959429e+00,2.479684047159918858e+00,3.719526070739878065e+00,4.959368094319837716e+00
1.067000000000000000e+03,1.238118574019595908e+00,2.476237148039191815e+00,3.714355722058789944e+00,4.952474296078383631e+00
1.067500000000000000e+03,1.236397520150223750e+00,2.472795040300447500e+00,3.709192560450676801e+00,4.945590080600895000e+00
1.068000000000000000e+03,1.234678858641732990e+00,2.469357717283465981e+00,3.704036575925200747e+00,4.938715434566931961e+00
1.068500000000000000e+03,1.232962586168574015e+00,2.465925172337148030e+00,3.698887758505720935e+00,4.931850344674296061e+00
1.069000000000000000e+03,1.231248699409888125e+00,2.462497398819776251e+00,3.693746098229667485e+00,4.924994797639552502e+00
1.069500000000000000e+03,1.229537195049365650e+00,2.459074390098731300e+00,3.688611585148102279e+00,4.918148780197462600e+00
1.070000000000000000e+03,1.227828069775374731e+00,2.455656139550749462e+00,3.683484209326128411e+00,4.911312279101498923e+00
1.070500000000000000e+03,1.226121320280817439e+00,2.452242640561634879e+00,3.678363960842451874e+00,4.904485281123269758e+00
1.071000000000000000e+03,1.224416943263261892e+00,2.448833886526523784e+00,3.673250829789788785e+00,4.897667773053047569e+00
1.071500000000000000e+03,1.222714935424798366e+00,2.445429870849596732e+00,3.668144806274399095e+00,4.890859741699193464e+00
1.072000000000000000e+03,1.221015293472172303e+00,2.442030586944344606e+00,3.663045880416516908e+00,4.884061173888689211e+00
1.072500000000000000e+03,1.219318014116633098e+00,2.438636028233266195e+00,3.657954042349902402e+00,4.877272056466532391e+00
1.073000000000000000e+03,1.217623094074075096e+00,2.435246188148150193e+00,3.652869282222224623e+00,4.870492376296300385e+00
1.073500000000000000e+03,1.215930530064887272e+00,2.431861060129774543e+00,3.647791590194665812e+00,4.863722120259549087e+00
1.074000000000000000e+03,1.214240318814086006e+00,2.428480637628172012e+00,3.642720956442258018e+00,4.856961275256344024e+00
1.074500000000000000e+03,1.212552457051171650e+00,2.425104914102343301e+00,3.637657371153509622e+00,4.850209828204686602e+00
1.075000000000000000e+03,1.210866941510259753e+00,2.421733883020519507e+00,3.632600824530771266e+00,4.843467766041039013e+00
1.075500000000000000e+03,1.209183768929933400e+00,2.418367537859866800e+00,3.627551306789796648e+00,4.836735075719733601e+00
1.076000000000000000e+03,1.207502936053385545e+00,2.415005872106771090e+00,3.622508808160153304e+00,4.830011744213542180e+00
1.076500000000000000e+03,1.205824439628259359e+00,2.411648879256518718e+00,3.617473318884778077e+00,4.823297758513037437e+00
1.077000000000000000e+03,1.204148276406795004e+00,2.408296552813590008e+00,3.612444829220378573e+00,4.816593105627180016e+00
1.077500000000000000e+03,1.202474443145671534e+00,2.404948886291343069e+00,3.607423329437010384e+00,4.809897772582686137e+00
1.078000000000000000e+03,1.200802936606151894e+00,2.401605873212303788e+00,3.602408809818445246e+00,4.803211746424607576e+00
1.078500000000000000e+03,1.199133753553925930e+00,2.398267507107851859e+00,3.597401260661771794e+00,4.796535014215703718e+00
1.079000000000000000e+03,1.197466890759250280e+00,2.394933781518500560e+00,3.592400672277746843e+00,4.789867563037001119e+00
1.079500000000000000e+03,1.195802344996807376e+00,2.391604689993614752e+00,3.587407034990421462e+00,4.783209379987229504e+00
1.080000000000000000e+03,1.194140113045824458e+00,2.388280226091648917e+00,3.582420339137475818e+00,4.776560452183297834e+00
1.080500000000000000e+03,1.192480191689943014e+00,2.384960383379886029e+00,3.577440575069830153e+00,4.769920766759772057e+00
1.081000000000000000e+03,1.190822577717337127e+00,2.381645155434674255e+00,3.572467733152012048e+00,4.763290310869348509e+00
1.081500000000000000e+03,1.189167267920583582e+00,2.378334535841167163e+00,3.567501803761754076e+00,4.756669071682334327e+00
1.082000000000000000e+03,1.187514259096784430e+00,2.375028518193568861e+00,3.562542777290353069e+00,4.750057036387137721e+00
1.082500000000000000e+03,1.185863548047422444e+00,2.371727096094844889e+00,3.557590644142272662e+00,4.743454192189689778e+00
1.083000000000000000e+03,1.184215131578499669e+00,2.368430263156999338e+00,3.552645394735500783e+00,4.736860526313998676e+00
1.083500000000000000e+03,1.182569006500386211e+00,2.365138013000772421e+00,3.547707019501160630e+00,4.730276026001544842e+00
1.084000000000000000e+03,1.180925169627953908e+00,2.361850339255907816e+00,3.542775508883861502e+00,4.723700678511815632e+00
1.084500000000000000e+03,1.179283617780437110e+00,2.358567235560874220e+00,3.537850853341308888e+00,4.717134471121748440e+00
1.085000000000000000e+03,1.177644347781555689e+00,2.355288695563111379e+00,3.532933043344669510e+00,4.710577391126222757e+00
1.085500000000000000e+03,1.176007356459380926e+00,2.352014712918761852e+00,3.528022069378143222e+00,4.704029425837523704e+00
1.086000000000000000e+03,1.174372640646456967e+00,2.348745281292913933e+00,3.523117921939372010e+00,4.697490562585827867e+00
1.086500000000000000e+03,1.172740197179666710e+00,2.345480394359333420e+00,3.518220591539001685e+00,4.690960788718666841e+00
1.087000000000000000e+03,1.171110022900356373e+00,2.342220045800712747e+00,3.513330068701067344e+00,4.684440091601425493e+00
1.087500000000000000e+03,1.169482114654193383e+00,2.338964229308386766e+00,3.508446343962583480e+00,4.677928458616773533e+00
1.088000000000000000e+03,1.167856469291300048e+00,2.335712938582600096e+00,3.503569407873904140e+00,4.671425877165200191e+00
1.088500000000000000e+03,1.166233083666108561e+00,2.332466167332217122e+00,3.498699250998331234e+00,4.664932334664434244e+00
1.089000000000000000e+03,1.164611954637491564e+00,2.329223909274983129e+00,3.493835863912473805e+00,4.658447818549966257e+00
1.089500000000000000e+03,1.162993079068620483e+00,2.325986158137240967e+00,3.488979237205860784e+00,4.651972316274481933e+00
1.090000000000000000e+03,1.161376453827092980e+00,2.322752907654185961e+00,3.484129361481275389e+00,4.645505815308371922e+00
1.090500000000000000e+03,1.159762075784795288e+00,2.319524151569590575e+00,3.479286227354387417e+00,4.639048303139181151e+00
1.091000000000000000e+03,1.158149941818030548e+00,2.316299883636061097e+00,3.474449825454089869e+00,4.632599767272122193e+00
1.091500000000000000e+03,1.156540048807371823e+00,2.313080097614743647e+00,3.469620146422116580e+00,4.626160195229487293e+00
1.092000000000000000e+03,1.154932393637801757e+00,2.309864787275603515e+00,3.464797180913404606e+00,4.619729574551207030e+00
1.092500000000000000e+03,1.153326973198561145e+00,2.306653946397122290e+00,3.459980919595686100e+00,4.613307892794244580e+00
1.093000000000000000e+03,1.151723784383283489e+00,2.303447568766566977e+00,3.455171353149851132e+00,4.606895137533133955e+00
1.093500000000000000e+03,1.150122824089855778e+00,2.300245648179711555e+00,3.450368472269569331e+00,4.600491296359423110e+00
1.094000000000000000e+03,1.148524089220539723e+00,2.297048178441079447e+00,3.445572267661616728e+00,4.594096356882158894e+00
1.094500000000000000e+03,1.146927576681838090e+00,2.293855153363676180e+00,3.440782730045514715e+00,4.587710306727352361e+00
1.095000000000000000e+03,1.145333283384622369e+00,2.290666566769244739e+00,3.435999850153869328e+00,4.581333133538489477e+00
1.095500000000000000e+03,1.143741206243988229e+00,2.287482412487976458e+00,3.431223618731971126e+00,4.574964824975952915e+00
1.096000000000000000e+03,1.142151342179389184e+00,2.284302684358778368e+00,3.426454026538171327e+00,4.568605368717556736e+00
1.096500000000000000e+03,1.140563688114492047e+00,2.281127376228984094e+00,3.421691064343482136e+00,4.562254752457968188e+00
1.097000000000000000e+03,1.138978240977306600e+00,2.277956481954613199e+00,3.416934722931927126e+00,4.555912963909226399e+00
1.097500000000000000e+03,1.137394997700049259e+00,2.274789995400098519e+00,3.412184993100154884e+00,4.549579990800197038e+00
1.098000000000000000e+03,1.135813955219260984e+00,2.271627910438521969e+00,3.407441865657791169e+00,4.543255820877043938e+00
1.098500000000000000e+03,1.134235110475683372e+00,2.268470220951366745e+00,3.402705331427057445e+00,4.536940441902733490e+00
1.099000000000000000e+03,1.132658460414369239e+00,2.265316920828738478e+00,3.397975381243114157e+00,4.530633841657476957e+00
1.099500000000000000e+03,1.131084001984555609e+00,2.262168003969111219e+00,3.393252005953674821e+00,4.524336007938222437e+00
1.100000000000000000e+03,1.129511732139786062e+00,2.259023464279572124e+00,3.388535196419363071e+00,4.518046928559144249e+00
1.100500000000000000e+03,1.127941647837771511e+00,2.255883295675543021e+00,3.383824943513320527e+00,4.511766591351086042e+00
1.101000000000000000e+03,1.126373746040518098e+00,2.252747492081036196e+00,3.379121238121558957e+00,4.505494984162072392e+00
1.101500000000000000e+03,1.124808023714190641e+00,2.249616047428381282e+00,3.374424071142581916e+00,4.499232094856762565e+00
1.102000000000000000e+03,1.123244477829235199e+00,2.246488955658470399e+00,3.369733433487712482e+00,4.492977911316940798e+00
1.102500000000000000e+03,1.121683105360245181e+00,2.243366210720490361e+00,3.365049316080747754e+00,4.486732421440980723e+00
1.103000000000000000e+03,1.120123903286081912e+00,2.240247806572163825e+00,3.360371709858254619e+00,4.480495613144327649e+00
1.103500000000000000e+03,1.118566868589745855e+00,2.237133737179491710e+00,3.355700605769249112e+00,4.474267474358983421e+00
1.104000000000000000e+03,1.117011998258489847e+00,2.234023996516979693e+00,3.351035994775476645e+00,4.468047993033959386e+00
1.104500000000000000e+03,1.115459289283699196e+00,2.230918578567398391e+00,3.346377867851104249e+00,4.461837157134796783e+00
1.105000000000000000e+03,1.113908738660992048e+00,2.227817477321984097e+00,3.341726215982980808e+00,4.455634954643968193e+00
1.105500000000000000e+03,1.112360343390113693e+00,2.224720686780227386e+00,3.337081030170343077e+00,4.449441373560454771e+00
1.106000000000000000e+03,1.110814100475031152e+00,2.221628200950062304e+00,3.332442301425095010e+00,4.443256401900124608e+00
1.106500000000000000e+03,1.109270006923822161e+00,2.218540013847644321e+00,3.327810020771472033e+00,4.437080027695288642e+00
1.107000000000000000e+03,1.107728059748779970e+00,2.215456119497559939e+00,3.323184179246344794e+00,4.430912238995119878e+00
1.107500000000000000e+03,1.106188255966292777e+00,2.212376511932585554e+00,3.318564767898888324e+00,4.424753023865171109e+00
1.108000000000000000e+03,1.104650592596954750e+00,2.209301185193909500e+00,3.313951777790868025e+00,4.418602370387819001e+00
1.108500000000000000e+03,1.103115066665443011e+00,2.206230133330886023e+00,3.309345199996338138e+00,4.412460266661772046e+00
1.109000000000000000e+03,1.101581675200629773e+00,2.203163350401259546e+00,3.304745025601894426e+00,4.406326700802519092e+00
1.109500000000000000e+03,1.100050415235457768e+00,2.200100830470915536e+00,3.300151245706377967e+00,4.400201660941831072e+00
1.110000000000000000e+03,1.098521283807050608e+00,2.197042567614101216e+00,3.295563851421155377e+00,4.394085135228202432e+00
1.110500000000000000e+03,1.096994277956596875e+00,2.193988555913193750e+00,3.290982833869795510e+00,4.387977111826387500e+00
1.111000000000000000e+03,1.095469394729451817e+00,2.190938789458903635e+00,3.286408184188359449e+00,4.381877578917807270e+00
1.111500000000000000e+03,1.093946631175024109e+00,2.187893262350048218e+00,3.281839893525075436e+00,4.375786524700096436e+00
1.112000000000000000e+03,1.092425984346876877e+00,2.184851968693753754e+00,3.277277953040633740e+00,4.369703937387507509e+00
1.112500000000000000e+03,1.090907451302615350e+00,2.181814902605230699e+00,3.272722353907854487e+00,4.363629805210461399e+00
1.113000000000000000e+03,1.089391029103989439e+00,2.178782058207978878e+00,3.268173087311973202e+00,4.357564116415957756e+00
1.113500000000000000e+03,1.087876714816779611e+00,2.175753429633559222e+00,3.263630144450347714e+00,4.351506859267118443e+00
1.114000000000000000e+03,1.086364505510897471e+00,2.172729011021794943e+00,3.259093516532697077e+00,4.345458022043589885e+00
1.114500000000000000e+03,1.084854398260275632e+00,2.169708796520551264e+00,3.254563194780831559e+00,4.339417593041102528e+00
1.115000000000000000e+03,1.083346390142966298e+00,2.166692780285932596e+00,3.250039170428896895e+00,4.333385560571865192e+00
1.115500000000000000e+03,1.081840478241028247e+00,2.163680956482056494e+00,3.245521434723088294e+00,4.327361912964112989e+00
1.116000000000000000e+03,1.080336659640636743e+00,2.160673319281273486e+00,3.241009978921907564e+00,4.321346638562546971e+00
1.116500000000000000e+03,1.078834931431952970e+00,2.157669862863905941e+00,3.236504794295861576e+00,4.315339725727811881e+00
1.117000000000000000e+03,1.077335290709247495e+00,2.154670581418494990e+00,3.232005872127742041e+00,4.309341162836989980e+00
1.117500000000000000e+03,1.075837734570769699e+00,2.151675469141539399e+00,3.227513203712314205e+00,4.303350938283078797e+00
1.118000000000000000e+03,1.074342260118859249e+00,2.148684520237718498e+00,3.223026780356577969e+00,4.297369040475436996e+00
1.118500000000000000e+03,1.072848864459827301e+00,2.145697728919654601e+00,3.218546593379485454e+00,4.291395457839309202e+00
1.119000000000000000e+03,1.071357544704064413e+00,2.142715089408128826e+00,3.214072634112193683e+00,4.285430178816257651e+00
1.119500000000000000e+03,1.069868297965921755e+00,2.139736595931843510e+00,3.209604893897767930e+00,4.279473191863687020e+00
1.120000000000000000e+03,1.068381121363813469e+00,2.136762242727626937e+00,3.205143364091446845e+00,4.273524485455253874e+00
1.120500000000000000e+03,1.066896012020111639e+00,2.133792024040223279e+00,3.200688036060339581e+00,4.267584048080446557e+00
1.121000000000000000e+03,1.065412967061236893e+00,2.130825934122473786e+00,3.196238901183715342e+00,4.261651868244947572e+00
1.121500000000000000e+03,1.063931983617554700e+00,2.127863967235109399e+00,3.191795950852672092e+00,4.255727934470218798e+00
1.122000000000000000e+03,1.062453058823467744e+00,2.124906117646935488e+00,3.187359176470407895e+00,4.249812235293870977e+00
1.122500000000000000e+03,1.060976189817312454e+00,2.121952379634624908e+00,3.182928569451947798e+00,4.243904759269249816e+00
1.123000000000000000e+03,1.059501373741456698e+00,2.119002747482913396e+00,3.178504121224373868e+00,4.238005494965826792e+00
1.123500000000000000e+03,1.058028607742184324e+00,2.116057215484368648e+00,3.174085823226562741e+00,4.232114430968737295e+00
1.124000000000000000e+03,1.056557888969803960e+00,2.113115777939607920e+00,3.169673666909415211e+00,4.226231555879215840e+00
1.124500000000000000e+03,1.055089214578527335e+00,2.110178429157054669e+00,3.165267643735591108e+00,4.220356858314109338e+00
1.125000000000000000e+03,1.053622581726578744e+00,2.107245163453157488e+00,3.160867745179738453e+00,4.214490326906314976e+00
1.125500000000000000e+03,1.052157987576076037e+00,2.104315975152152074e+00,3.156473962728234550e+00,4.208631950304304148e+00
1.126000000000000000e+03,1.050695429293137861e+00,2.101390858586275723e+00,3.152086287879416915e+00,4.202781717172551446e+00
1.126500000000000000e+03,1.049234904047768424e+00,2.098469808095536848e+00,3.147704712143311934e+00,4.196939616191073696e+00
1.127000000000000000e+03,1.047776409013959631e+00,2.095552818027919262e+00,3.143329227041878227e+00,4.191105636055838524e+00
1.127500000000000000e+03,1.046319941369574069e+00,2.092639882739148138e+00,3.138959824108731755e+00,4.185279765478296277e+00
1.128000000000000000e+03,1.044865498296459361e+00,2.089730996592918721e+00,3.134596494889378082e+00,4.179461993185837443e+00
1.128500000000000000e+03,1.043413076980318488e+00,2.086826153960636976e+00,3.130239230940958350e+00,4.173652307921273952e+00
1.129000000000000000e+03,1.041962674610823036e+00,2.083925349221646073e+00,3.125888023832471330e+00,4.167850698443292146e+00
1.129500000000000000e+03,1.040514288381499730e+00,2.081028576762999460e+00,3.121542865144501633e+00,4.162057153525998920e+00
1.130000000000000000e+03,1.039067915489824356e+00,2.078135830979648713e+00,3.117203746469477732e+00,4.156271661959297425e+00
1.130500000000000000e+03,1.037623553137125176e+00,2.075247106274250353e+00,3.112870659411375307e+00,4.150494212548500705e+00
1.131000000000000000e+03,1.036181198528659975e+00,2.072362397057319949e+00,3.108543595585978370e+00,4.144724794114639899e+00
1.131500000000000000e+03,1.034740848873531238e+00,2.069481697747062476e+00,3.104222546620594603e+00,4.138963395494124953e+00
1.132000000000000000e+03,1.033302501384765426e+00,2.066605002769530852e+00,3.099907504154296500e+00,4.133210005539061704e+00
1.132500000000000000e+03,1.031866153279214604e+00,2.063732306558429208e+00,3.095598459837649585e+00,4.127464613116858416e+00
1.133000000000000000e+03,1.030431801777652145e+00,2.060863603555304291e+00,3.091295405332949997e+00,4.121727207110608582e+00
1.133500000000000000e+03,1.028999444104657712e+00,2.057998888209315425e+00,3.086998332313974025e+00,4.115997776418630849e+00
1.134000000000000000e+03,1.027569077488726501e+00,2.055138154977453002e+00,3.082707232466178837e+00,4.110276309954906004e+00
1.134500000000000000e+03,1.026140699162152448e+00,2.052281398324304895e+00,3.078422097486460896e+00,4.104562796648609790e+00
1.135000000000000000e+03,1.024714306361127036e+00,2.049428612722254073e+00,3.074142919083379777e+00,4.098857225444508146e+00
1.135500000000000000e+03,1.023289896325633164e+00,2.046579792651266327e+00,3.069869688976907263e+00,4.093159585302532655e+00
1.136000000000000000e+03,1.021867466299543503e+00,2.043734932599087006e+00,3.065602398898636061e+00,4.087469865198174013e+00
1.136500000000000000e+03,1.020447013530509262e+00,2.040894027061018523e+00,3.061341040591533336e+00,4.081788054122037046e+00
1.137000000000000000e+03,1.019028535270056102e+00,2.038057070540112203e+00,3.057085605810173856e+00,4.076114141080224407e+00
1.137500000000000000e+03,1.017612028773484001e+00,2.035224057546968002e+00,3.052836086320454889e+00,4.070448115093936003e+00
1.138000000000000000e+03,1.016197491299952516e+00,2.032394982599905031e+00,3.048592473899862654e+00,4.064789965199810062e+00
1.138500000000000000e+03,1.014784920112389077e+00,2.029569840224778154e+00,3.044354760337169896e+00,4.059139680449556309e+00
1.139000000000000000e+03,1.013374312477568040e+00,2.026748624955136080e+00,3.040122937432711225e+00,4.053497249910272160e+00
1.139500000000000000e+03,1.011965665666020087e+00,2.023931331332040173e+00,3.035896996998066033e+00,4.047862662664080347e+00
1.140000000000000000e+03,1.010558976952115051e+00,2.021117953904230102e+00,3.031676930856345820e+00,4.042235907808460205e+00
1.140500000000000000e+03,1.009154243613962221e+00,2.018308487227924441e+00,3.027462730841887328e+00,4.036616974455848883e+00
1.141000000000000000e+03,1.007751462933505593e+00,2.015502925867011186e+00,3.023254388800523440e+00,4.031005851734022372e+00
1.141500000000000000e+03,1.006350632196417072e+00,2.012701264392834144e+00,3.019051896589255879e+00,4.025402528785668288e+00
1.142000000000000000e+03,1.004951748692190838e+00,2.009903497384381676e+00,3.014855246076574513e+00,4.019806994768763353e+00
1.142500000000000000e+03,1.003554809714042317e+00,2.007109619428084635e+00,3.010664429142129617e+00,4.014219238856169270e+00
1.143000000000000000e+03,1.002159812558993890e+00,2.004319625117987780e+00,3.006479437676982780e+00,4.008639250235975560e+00
1.143500000000000000e+03,1.000766754527780078e+00,2.001533509055560156e+00,3.002300263583341788e+00,4.003067018111120312e+00
1.144000000000000000e+03,9.993756329249335879e-01,1.998751265849867176e+00,2.998126898774802207e+00,3.997502531699734352e+00
1.144500000000000000e+03,9.979864450586886093e-01,1.995972890117377219e+00,2.993959335176069825e+00,3.991945780234754437e+00
1.145000000000000000e+03,9.965991882410651925e-01,1.993198376482130385e+00,2.989797564723204459e+00,3.986396752964260770e+00
1.145500000000000000e+03,9.952138597877769888e-01,1.990427719575553978e+00,2.985641579363337517e+00,3.980855439151107955e+00
1.146000000000000000e+03,9.938304570183112974e-01,1.987660914036622595e+00,2.981491371054943329e+00,3.975321828073245189e+00
1.146500000000000000e+03,9.924489772558378053e-01,1.984897954511675611e+00,2.977346931767525628e+00,3.969795909023351221e+00
1.147000000000000000e+03,9.910694178272928534e-01,1.982138835654585707e+00,2.973208253481884888e+00,3.964277671309171414e+00
1.147500000000000000e+03,9.896917760632820693e-01,1.979383552126564139e+00,2.969075328189853202e+00,3.958767104253128277e+00
1.148000000000000000e+03,9.883160492981678535e-01,1.976632098596335707e+00,2.964948147894503894e+00,3.953264197192671414e+00
1.148500000000000000e+03,9.869422348699715686e-01,1.973884469739943137e+00,2.960826704609920146e+00,3.947768939479886274e+00
1.149000000000000000e+03,9.855703301204600253e-01,1.971140660240920051e+00,2.956710990361382851e+00,3.942281320481840101e+00
1.149500000000000000e+03,9.842003323950527793e-01,1.968400664790105559e+00,2.952600997185165888e+00,3.936801329580211117e+00
1.150000000000000000e+03,9.828322390429015121e-01,1.965664478085803024e+00,2.948496717128711087e+00,3.931328956171606048e+00
1.150500000000000000e+03,9.814660474167985482e-01,1.962932094833597096e+00,2.944398142250406192e+00,3.925864189667194193e+00
1.151000000000000000e+03,9.801017548732618989e-01,1.960203509746523798e+00,2.940305264619791359e+00,3.920407019493047596e+00
1.151500000000000000e+03,9.787393587724383393e-01,1.957478717544876679e+00,2.936218076317320680e+00,3.914957435089753357e+00
1.152000000000000000e+03,9.773788564781874522e-01,1.954757712956374904e+00,2.932136569434568241e+00,3.909515425912749809e+00
1.152500000000000000e+03,9.760202453579923665e-01,1.952040490715984733e+00,2.928060736073981207e+00,3.904080981431969466e+00
1.153000000000000000e+03,9.746635227830365844e-01,1.949327045566073169e+00,2.923990568349116970e+00,3.898654091132146338e+00
1.153500000000000000e+03,9.733086861281167179e-01,1.946617372256233436e+00,2.919926058384354928e+00,3.893234744512466872e+00
1.154000000000000000e+03,9.719557327717168738e-01,1.943911465543433748e+00,2.915867198315153619e+00,3.887822931086867495e+00
1.154500000000000000e+03,9.706046600959280513e-01,1.941209320191856103e+00,2.911813980287788262e+00,3.882418640383712205e+00
1.155000000000000000e+03,9.692554654865189745e-01,1.938510930973037949e+00,2.907766396459560809e+00,3.877021861946075898e+00
1.155500000000000000e+03,9.679081463328549351e-01,1.935816292665709870e+00,2.903724438998571689e+00,3.871632585331419740e+00
1.156000000000000000e+03,9.665627000279656267e-01,1.933125400055931253e+00,2.899688100083902764e+00,3.866250800111862507e+00
1.156500000000000000e+03,9.652191239684674295e-01,1.930438247936934859e+00,2.895657371905411281e+00,3.860876495873869718e+00
1.157000000000000000e+03,9.638774155546352418e-01,1.927754831109270484e+00,2.891632246663911499e+00,3.855509662218540967e+00
1.157500000000000000e+03,9.625375721903182136e-01,1.925075144380636427e+00,2.887612716570957971e+00,3.850150288761272854e+00
1.158000000000000000e+03,9.611995912830110234e-01,1.922399182566022047e+00,2.883598773849036512e+00,3.844798365132044093e+00
1.158500000000000000e+03,9.598634702437756072e-01,1.919726940487551214e+00,2.879590410731333705e+00,3.839453880975102429e+00
1.159000000000000000e+03,9.585292064873141005e-01,1.917058412974628201e+00,2.875587619461941191e+00,3.834116825949256402e+00
1.159500000000000000e+03,9.571967974318762451e-01,1.914393594863752490e+00,2.871590392295628735e+00,3.828787189727504980e+00
1.160000000000000000e+03,9.558662404993456541e-01,1.911732480998691308e+00,2.867598721498033409e+00,3.823464961997382616e+00
1.160500000000000000e+03,9.545375331151462195e-01,1.909075066230292439e+00,2.863612599345444210e+00,3.818150132460584878e+00
1.161000000000000000e+03,9.532106727083271558e-01,1.906421345416654312e+00,2.859632018124977471e+00,3.812842690833308623e+00
1.161500000000000000e+03,9.518856567114627465e-01,1.903771313422925493e+00,2.855656970134388573e+00,3.807542626845850986e+00
1.162000000000000000e+03,9.505624825607424944e-01,1.901124965121484989e+00,2.851687447682226484e+00,3.802249930242969977e+00
1.162500000000000000e+03,9.492411476958765304e-01,1.898482295391753061e+00,2.847723443087633033e+00,3.796964590783506122e+00
1.163000000000000000e+03,9.479216495601763270e-01,1.895843299120352654e+00,2.843764948680530757e+00,3.791686598240705308e+00
1.163500000000000000e+03,9.466039856004644371e-01,1.893207971200928874e+00,2.839811956801392423e+00,3.786415942401857748e+00
1.164000000000000000e+03,9.452881532671530973e-01,1.890576306534306195e+00,2.835864459801458626e+00,3.781152613068612389e+00
1.164500000000000000e+03,9.439741500141619612e-01,1.887948300028323922e+00,2.831922450042485107e+00,3.775896600056647845e+00
1.165000000000000000e+03,9.426619732989856004e-01,1.885323946597971201e+00,2.827985919896952804e+00,3.770647893195942402e+00
1.165500000000000000e+03,9.413516205826160110e-01,1.882703241165232022e+00,2.824054861747846701e+00,3.765406482330464044e+00
1.166000000000000000e+03,9.400430893296113366e-01,1.880086178659222673e+00,2.820129267988830790e+00,3.760172357318445346e+00
1.166500000000000000e+03,9.387363770080179304e-01,1.877472754016035861e+00,2.816209131024052681e+00,3.754945508032071722e+00
1.167000000000000000e+03,9.374314810894377459e-01,1.874862962178875492e+00,2.812294443268311461e+00,3.749725924357750984e+00
1.167500000000000000e+03,9.361283990489501772e-01,1.872256798097900354e+00,2.808385197146851198e+00,3.744513596195800709e+00
1.168000000000000000e+03,9.348271283651833352e-01,1.869654256730366670e+00,2.804481385095547896e+00,3.739308513460733341e+00
1.168500000000000000e+03,9.335276665202316693e-01,1.867055333040463339e+00,2.800582999560692343e+00,3.734110666080926677e+00
1.169000000000000000e+03,9.322300109997264661e-01,1.864460021999452932e+00,2.796690032999174846e+00,3.728920043998905864e+00
1.169500000000000000e+03,9.309341592927562470e-01,1.861868318585512494e+00,2.792802477878268519e+00,3.723736637171024988e+00
1.170000000000000000e+03,9.296401088919395983e-01,1.859280217783879197e+00,2.788920326675814909e+00,3.718560435567758393e+00
1.170500000000000000e+03,9.283478572933430151e-01,1.856695714586686030e+00,2.785043571880023716e+00,3.713391429173372060e+00
1.171000000000000000e+03,9.270574019965468482e-01,1.854114803993093696e+00,2.781172205989632662e+00,3.708229607986187393e+00
1.171500000000000000e+03,9.257687405045738060e-01,1.851537481009147612e+00,2.777306221513715645e+00,3.703074962018295224e+00
1.172000000000000000e+03,9.244818703239559010e-01,1.848963740647911802e+00,2.773445610971858599e+00,3.697927481295823604e+00
1.172500000000000000e+03,9.231967889646490733e-01,1.846393577929298147e+00,2.769590366893940558e+00,3.692787155858596293e+00
1.173000000000000000e+03,9.219134939401113504e-01,1.843826987880222701e+00,2.765740481820328167e+00,3.687653975760445402e+00
1.173500000000000000e+03,9.206319827672208023e-01,1.841263965534441605e+00,2.761895948301654080e+00,3.682527931068883209e+00
1.174000000000000000e+03,9.193522529663402665e-01,1.838704505932680533e+00,2.758056758899012362e+00,3.677409011865361066e+00
1.174500000000000000e+03,9.180743020612467387e-01,1.836148604122493477e+00,2.754222906183731112e+00,3.672297208244986955e+00
1.175000000000000000e+03,9.167981275791927676e-01,1.833596255158385535e+00,2.750394382737571863e+00,3.667192510316771070e+00
1.175500000000000000e+03,9.155237270508336245e-01,1.831047454101667249e+00,2.746571181152494656e+00,3.662094908203334498e+00
1.176000000000000000e+03,9.142510980102934726e-01,1.828502196020586945e+00,2.742753294030872091e+00,3.657004392041173890e+00
1.176500000000000000e+03,9.129802379950857638e-01,1.825960475990171528e+00,2.738940713985250408e+00,3.651920951980343055e+00
1.177000000000000000e+03,9.117111445461865138e-01,1.823422289092373028e+00,2.735133433638552880e+00,3.646844578184746055e+00
1.177500000000000000e+03,9.104438152079513680e-01,1.820887630415902736e+00,2.731331445623846665e+00,3.641775260831805472e+00
1.178000000000000000e+03,9.091782475281848797e-01,1.818356495056369759e+00,2.727534742584547978e+00,3.636712990112739519e+00
1.178500000000000000e+03,9.079144390580682344e-01,1.815828878116136469e+00,2.723743317174193379e+00,3.631657756232272938e+00
1.179000000000000000e+03,9.066523873522162047e-01,1.813304774704432409e+00,2.719957162056641842e+00,3.626609549408864819e+00
1.179500000000000000e+03,9.053920899686148660e-01,1.810784179937229732e+00,2.716176269905834051e+00,3.621568359874459464e+00
1.180000000000000000e+03,9.041335444686726674e-01,1.808267088937345335e+00,2.712400633406007788e+00,3.616534177874690670e+00
1.180500000000000000e+03,9.028767484171581481e-01,1.805753496834316296e+00,2.708630245251464785e+00,3.611506993668632592e+00
1.181000000000000000e+03,9.016216993822554482e-01,1.803243398764510896e+00,2.704865098146762570e+00,3.606486797529021793e+00
1.181500000000000000e+03,9.003683949355006932e-01,1.800736789871001386e+00,2.701105184806490200e+00,3.601473579742002773e+00
1.182000000000000000e+03,8.991168326518315101e-01,1.798233665303663020e+00,2.697350497955490756e+00,3.596467330607326041e+00
1.182500000000000000e+03,8.978670101095310718e-01,1.795734020219062144e+00,2.693601030328587775e+00,3.591468040438124287e+00
1.183000000000000000e+03,8.966189248902757258e-01,1.793237849780551452e+00,2.689856774670824180e+00,3.586475699561102903e+00
1.183500000000000000e+03,8.953725745790757085e-01,1.790745149158151417e+00,2.686117723737222018e+00,3.581490298316302834e+00
1.184000000000000000e+03,8.941279567643264370e-01,1.788255913528652874e+00,2.682383870292969874e+00,3.576511827057305748e+00
1.184500000000000000e+03,8.928850690377458932e-01,1.785770138075491786e+00,2.678655207113230574e+00,3.571540276150983573e+00
1.185000000000000000e+03,8.916439089944301344e-01,1.783287817988860269e+00,2.674931726983283742e+00,3.566575635977720538e+00
1.185500000000000000e+03,8.904044742327873463e-01,1.780808948465574693e+00,2.671213422698358375e+00,3.561617896931149385e+00
1.186000000000000000e+03,8.891667623545961296e-01,1.778333524709192259e+00,2.667500287063784725e+00,3.556667049418384519e+00
1.186500000000000000e+03,8.879307709649366664e-01,1.775861541929873333e+00,2.663792312894807779e+00,3.551723083859746666e+00
1.187000000000000000e+03,8.866964976722496727e-01,1.773392995344499345e+00,2.660089493016744910e+00,3.546785990688998691e+00
1.187500000000000000e+03,8.854639400882690081e-01,1.770927880176538016e+00,2.656391820264807802e+00,3.541855760353076032e+00
1.188000000000000000e+03,8.842330958280791853e-01,1.768466191656158371e+00,2.652699287484235668e+00,3.536932383312316741e+00
1.188500000000000000e+03,8.830039625100495337e-01,1.766007925020099067e+00,2.649011887530147824e+00,3.532015850040198135e+00
1.189000000000000000e+03,8.817765377558888229e-01,1.763553075511777646e+00,2.645329613267664914e+00,3.527106151023555292e+00
1.189500000000000000e+03,8.805508191905845328e-01,1.761101638381169066e+00,2.641652457571756152e+00,3.522203276762338131e+00
1.190000000000000000e+03,8.793268044424529251e-01,1.758653608884905850e+00,2.637980413327357443e+00,3.517307217769811700e+00
1.190500000000000000e+03,8.781044911430809785e-01,1.756208982286161957e+00,2.634313473429235941e+00,3.512417964572323914e+00
1.191000000000000000e+03,8.768838769273700207e-01,1.753767753854740041e+00,2.630651630782105510e+00,3.507535507709480083e+00
1.191500000000000000e+03,8.756649594334867670e-01,1.751329918866973534e+00,2.626994878300458858e+00,3.502659837733947068e+00
1.192000000000000000e+03,8.744477363029086181e-01,1.748895472605817236e+00,2.623343208908723412e+00,3.497790945211634472e+00
1.192500000000000000e+03,8.732322051803608209e-01,1.746464410360721642e+00,2.619696615541084128e+00,3.492928820721443284e+00
1.193000000000000000e+03,8.720183637138710919e-01,1.744036727427742184e+00,2.616055091141618050e+00,3.488073454855484368e+00
1.193500000000000000e+03,8.708062095547114412e-01,1.741612419109422882e+00,2.612418628664137987e+00,3.483224838218845765e+00
1.194000000000000000e+03,8.695957403574439137e-01,1.739191480714887827e+00,2.608787221072331963e+00,3.478382961429775655e+00
1.194500000000000000e+03,8.683869537798619698e-01,1.736773907559723940e+00,2.605160861339590905e+00,3.473547815119447879e+00
1.195000000000000000e+03,8.671798474830462178e-01,1.734359694966092436e+00,2.601539542449138320e+00,3.468719389932184871e+00
1.195500000000000000e+03,8.659744191312971351e-01,1.731948838262594270e+00,2.597923257393900176e+00,3.463897676525188540e+00
1.196000000000000000e+03,8.647706663921933545e-01,1.729541332784386709e+00,2.594311999176580841e+00,3.459082665568773418e+00
1.196500000000000000e+03,8.635685869365240519e-01,1.727137173873048104e+00,2.590705760809576930e+00,3.454274347746096208e+00
1.197000000000000000e+03,8.623681784383471216e-01,1.724736356876694243e+00,2.587104535315041254e+00,3.449472713753388486e+00
1.197500000000000000e+03,8.611694385749230074e-01,1.722338877149846015e+00,2.583508315724775350e+00,3.444677754299692030e+00
1.198000000000000000e+03,8.599723650267728781e-01,1.719944730053545756e+00,2.579917095080322298e+00,3.439889460107091512e+00
1.198500000000000000e+03,8.587769554776090164e-01,1.717553910955218033e+00,2.576330866432828604e+00,3.435107821910436066e+00
1.199000000000000000e+03,8.575832076143951044e-01,1.715166415228790209e+00,2.572749622843186756e+00,3.430332830457580418e+00
1.199500000000000000e+03,8.563911191272820522e-01,1.712782238254564104e+00,2.569173357381845602e+00,3.425564476509128209e+00
1.200000000000000000e+03,8.552006877096559601e-01,1.710401375419311920e+00,2.565602063128963550e+00,3.420802750838623840e+00
1.200500000000000000e+03,8.540119110580866035e-01,1.708023822116173207e+00,2.562035733174257146e+00,3.416047644232346414e+00
1.201000000000000000e+03,8.528247868723675129e-01,1.705649573744735026e+00,2.558474360617099208e+00,3.411299147489470052e+00
1.201500000000000000e+03,8.516393128554677894e-01,1.703278625710935579e+00,2.554917938566405589e+00,3.406557251421871158e+00
1.202000000000000000e+03,8.504554867135738494e-01,1.700910973427147699e+00,2.551366460140722214e+00,3.401821946854295398e+00
1.202500000000000000e+03,8.492733061560350238e-01,1.698546612312070048e+00,2.547819918468104738e+00,3.397093224624140095e+00
1.203000000000000000e+03,8.480927688954079668e-01,1.696185537790815934e+00,2.544278306686222457e+00,3.392371075581631867e+00
1.203500000000000000e+03,8.469138726474081391e-01,1.693827745294816278e+00,2.540741617942225528e+00,3.387655490589632556e+00
1.204000000000000000e+03,8.457366151309476665e-01,1.691473230261895333e+00,2.537209845392841778e+00,3.382946460523790666e+00
1.204500000000000000e+03,8.445609940680852690e-01,1.689121988136170538e+00,2.533682982204255474e+00,3.378243976272341076e+00
1.205000000000000000e+03,8.433870071840734450e-01,1.686774014368146890e+00,2.530161021552213452e+00,3.373548028736293780e+00
1.205500000000000000e+03,8.422146522072975205e-01,1.684429304414595041e+00,2.526643956621888787e+00,3.368858608829190082e+00
1.206000000000000000e+03,8.410439268693308268e-01,1.682087853738661654e+00,2.523131780607987373e+00,3.364175707477323307e+00
1.206500000000000000e+03,8.398748289048681981e-01,1.679749657809736396e+00,2.519624486714604039e+00,3.359499315619472792e+00
1.207000000000000000e+03,8.387073560517865900e-01,1.677414712103573180e+00,2.516122068155356661e+00,3.354829424207146360e+00
1.207500000000000000e+03,8.375415060510756904e-01,1.675083012102151381e+00,2.512624518153225406e+00,3.350166024204302762e+00
1.208000000000000000e+03,8.363772766468932085e-01,1.672754553293786417e+00,2.509131829940674407e+00,3.345509106587572834e+00
1.208500000000000000e+03,8.352146655865061442e-01,1.670429331173012288e+00,2.505643996759516767e+00,3.340858662346024577e+00
1.209000000000000000e+03,8.340536706203398598e-01,1.668107341240679720e+00,2.502161011861017581e+00,3.336214682481359439e+00
1.209500000000000000e+03,8.328942895019211257e-01,1.665788579003842251e+00,2.498682868505765153e+00,3.331577158007684503e+00
1.210000000000000000e+03,8.317365199879231952e-01,1.663473039975846390e+00,2.495209559963766033e+00,3.326946079951692781e+00
1.210500000000000000e+03,8.305803598381137354e-01,1.661160719676227471e+00,2.491741079514339763e+00,3.322321439352454941e+00
1.211000000000000000e+03,8.294258068153976815e-01,1.658851613630795363e+00,2.488277420446193045e+00,3.317703227261590726e+00
1.211500000000000000e+03,8.282728586857707187e-01,1.656545717371541437e+00,2.484818576057311379e+00,3.313091434743082875e+00
1.212000000000000000e+03,8.271215132183501462e-01,1.654243026436700292e+00,2.481364539655049217e+00,3.308486052873400585e+00
1.212500000000000000e+03,8.259717681853354643e-01,1.651943536370670929e+00,2.477915304556004283e+00,3.303887072741341857e+00
1.213000000000000000e+03,8.248236213620449009e-01,1.649647242724089802e+00,2.474470864086130373e+00,3.299294485448179604e+00
1.213500000000000000e+03,8.236770705268661175e-01,1.647354141053732235e+00,2.471031211580599241e+00,3.294708282107464470e+00
1.214000000000000000e+03,8.225321134613006180e-01,1.645064226922601236e+00,2.467596340383898745e+00,3.290128453845202472e+00
1.214500000000000000e+03,8.213887479499044630e-01,1.642777495899808926e+00,2.464166243849713833e+00,3.285554991799617852e+00
1.215000000000000000e+03,8.202469717803437810e-01,1.640493943560687562e+00,2.460740915341026014e+00,3.280987887121375124e+00
1.215500000000000000e+03,8.191067827433292647e-01,1.638213565486658529e+00,2.457320348229982798e+00,3.276427130973317059e+00
1.216000000000000000e+03,8.179681786326719051e-01,1.635936357265343810e+00,2.453904535898010941e+00,3.271872714530687620e+00
1.216500000000000000e+03,8.168311572452257030e-01,1.633662314490451406e+00,2.450493471735669893e+00,3.267324628980902812e+00
1.217000000000000000e+03,8.156957163809248623e-01,1.631391432761849725e+00,2.447087149142769480e+00,3.262782865523699449e+00
1.217500000000000000e+03,8.145618538427461530e-01,1.629123707685492306e+00,2.443685561528232686e+00,3.258247415370984612e+00
1.218000000000000000e+03,8.134295674367371110e-01,1.626859134873474222e+00,2.440288702310211111e+00,3.253718269746948444e+00
1.218500000000000000e+03,8.122988549719768470e-01,1.624597709943953694e+00,2.436896564915930430e+00,3.249195419887907388e+00
1.219000000000000000e+03,8.111697142606090205e-01,1.622339428521218041e+00,2.433509142781824952e+00,3.244678857042436082e+00
1.219500000000000000e+03,8.100421431177986520e-01,1.620084286235597304e+00,2.430126429353393736e+00,3.240168572471194608e+00
1.220000000000000000e+03,8.089161393617668727e-01,1.617832278723533745e+00,2.426748418085297843e+00,3.235664557447067491e+00
1.220500000000000000e+03,8.077917008137499577e-01,1.615583401627499915e+00,2.423375102441250650e+00,3.231166803254999831e+00
1.221000000000000000e+03,8.066688252980329654e-01,1.613337650596065931e+00,2.420006475894095566e+00,3.226675301192131862e+00
1.221500000000000000e+03,8.055475106418990006e-01,1.611095021283798001e+00,2.416642531925698556e+00,3.222190042567596002e+00
1.222000000000000000e+03,8.044277546756810615e-01,1.608855509351362123e+00,2.413283264027042740e+00,3.217711018702724246e+00
1.222500000000000000e+03,8.033095552327004230e-01,1.606619110465400846e+00,2.409928665698105377e+00,3.213238220930801692e+00
1.223000000000000000e+03,8.021929101493163738e-01,1.604385820298632748e+00,2.406578730447946679e+00,3.208771640597265495e+00
1.223500000000000000e+03,8.010778172648678197e-01,1.602155634529735639e+00,2.403233451794605013e+00,3.204311269059471279e+00
1.224000000000000000e+03,7.999642744217247969e-01,1.599928548843449594e+00,2.399892823265171060e+00,3.199857097686899188e+00
1.224500000000000000e+03,7.988522794652316295e-01,1.597704558930463259e+00,2.396556838395694555e+00,3.195409117860926518e+00
1.225000000000000000e+03,7.977418302437507824e-01,1.595483660487501565e+00,2.393225490731249572e+00,3.190967320975003130e+00
1.225500000000000000e+03,7.966329246086147897e-01,1.593265849217229579e+00,2.389898773825842149e+00,3.186531698434459159e+00
1.226000000000000000e+03,7.955255604141608927e-01,1.591051120828321785e+00,2.386576681242479570e+00,3.182102241656643571e+00
1.226500000000000000e+03,7.944197355176911834e-01,1.588839471035382367e+00,2.383259206553072662e+00,3.177678942070764734e+00
1.227000000000000000e+03,7.933154477795066883e-01,1.586630895559013377e+00,2.379946343338517067e+00,3.173261791118026753e+00
1.227500000000000000e+03,7.922126950628600728e-01,1.584425390125720146e+00,2.376638085188577332e+00,3.168850780251440291e+00
1.228000000000000000e+03,7.911114752339969414e-01,1.582222950467993883e+00,2.373334425701986827e+00,3.164445900935987765e+00
1.228500000000000000e+03,7.900117861621066551e-01,1.580023572324213310e+00,2.370035358486318522e+00,3.160047144648426620e+00
1.229000000000000000e+03,7.889136257193631874e-01,1.577827251438726375e+00,2.366740877158087120e+00,3.155654502877452749e+00
1.229500000000000000e+03,7.878169917808749423e-01,1.575633983561749885e+00,2.363450975342627824e+00,3.151267967123499769e+00
1.230000000000000000e+03,7.867218822247276089e-01,1.573443764449455218e+00,2.360165646674183826e+00,3.146887528898910436e+00
1.230500000000000000e+03,7.856282949319339792e-01,1.571256589863867958e+00,2.356884884795804602e+00,3.142513179727735917e+00
1.231000000000000000e+03,7.845362277864733613e-01,1.569072455572946723e+00,2.353608683359421860e+00,3.138144911145893445e+00
1.231500000000000000e+03,7.834456786752455049e-01,1.566891357350491010e+00,2.350337036025739845e+00,3.133782714700982019e+00
1.232000000000000000e+03,7.823566454881086818e-01,1.564713290976217364e+00,2.347069936464326823e+00,3.129426581952434727e+00
1.232500000000000000e+03,7.812691261178339452e-01,1.562538252235667890e+00,2.343807378353505833e+00,3.125076504471335781e+00
1.233000000000000000e+03,7.801831184601420999e-01,1.560366236920284200e+00,2.340549355380426189e+00,3.120732473840568399e+00
1.233500000000000000e+03,7.790986204136556292e-01,1.558197240827311258e+00,2.337295861240969774e+00,3.116394481654622517e+00
1.234000000000000000e+03,7.780156298799445480e-01,1.556031259759889096e+00,2.334046889639832312e+00,3.112062519519778192e+00
1.234500000000000000e+03,7.769341447634690034e-01,1.553868289526938007e+00,2.330802434290408787e+00,3.107736579053876014e+00
1.235000000000000000e+03,7.758541629716274590e-01,1.551708325943254918e+00,2.327562488914879157e+00,3.103416651886509836e+00
1.235500000000000000e+03,7.747756824147020716e-01,1.549551364829404143e+00,2.324327047244104882e+00,3.099102729658808286e+00
1.236000000000000000e+03,7.736987010059043213e-01,1.547397402011808643e+00,2.321096103017708856e+00,3.094794804023617285e+00
1.236500000000000000e+03,7.726232166613247188e-01,1.545246433322649438e+00,2.317869649983972380e+00,3.090492866645298875e+00
1.237000000000000000e+03,7.715492272999702195e-01,1.543098454599940439e+00,2.314647681899908438e+00,3.086196909199880878e+00
1.237500000000000000e+03,7.704767308437204809e-01,1.540953461687440962e+00,2.311430192531158667e+00,3.081906923374881924e+00
1.238000000000000000e+03,7.694057252173656103e-01,1.538811450434731221e+00,2.308217175652090614e+00,3.077622900869462441e+00
1.238500000000000000e+03,7.683362083485563154e-01,1.536672416697112631e+00,2.305008625045667170e+00,3.073344833394225262e+00
1.239000000000000000e+03,7.672681781678476476e-01,1.534536356335695295e+00,2.301804534503541610e+00,3.069072712671390590e+00
1.239500000000000000e+03,7.662016326086521500e-01,1.532403265217304300e+00,2.298604897825953675e+00,3.064806530434608600e+00
1.240000000000000000e+03,7.651365696072714995e-01,1.530273139214542999e+00,2.295409708821810391e+00,3.060546278429085998e+00
1.240500000000000000e+03,7.640729871028562048e-01,1.528145974205712410e+00,2.292218961308566616e+00,3.056291948411424819e+00
1.241000000000000000e+03,7.630108830374454643e-01,1.526021766074890929e+00,2.289032649112333839e+00,3.052043532149781857e+00
1.241500000000000000e+03,7.619502553559158731e-01,1.523900510711831746e+00,2.285850766067744733e+00,3.047801021423663492e+00
1.242000000000000000e+03,7.608911020060205033e-01,1.521782204012041007e+00,2.282673306018058401e+00,3.043564408024082013e+00
1.242500000000000000e+03,7.598334209383464932e-01,1.519666841876692986e+00,2.279500262815040035e+00,3.039333683753385973e+00
1.243000000000000000e+03,7.587772101063509078e-01,1.517554420212701816e+00,2.276331630319047505e+00,3.035108840425403631e+00
1.243500000000000000e+03,7.577224674663126658e-01,1.515444934932625332e+00,2.273167402398936332e+00,3.030889869865250663e+00
1.244000000000000000e+03,7.566691909773731739e-01,1.513338381954746348e+00,2.270007572932114748e+00,3.026676763909492696e+00
1.244500000000000000e+03,7.556173786014909188e-01,1.511234757202981838e+00,2.266852135804471313e+00,3.022469514405963675e+00
1.245000000000000000e+03,7.545670283034772163e-01,1.509134056606954433e+00,2.263701084910427763e+00,3.018268113213908865e+00
1.245500000000000000e+03,7.535181380509514693e-01,1.507036276101902939e+00,2.260554414152855074e+00,3.014072552203805877e+00
1.246000000000000000e+03,7.524707058143800253e-01,1.504941411628760051e+00,2.257412117443139188e+00,3.009882823257520101e+00
1.246500000000000000e+03,7.514247295670293258e-01,1.502849459134058652e+00,2.254274188701089532e+00,3.005698918268117303e+00
1.247000000000000000e+03,7.503802072850028759e-01,1.500760414570005752e+00,2.251140621855007407e+00,3.001520829140011504e+00
1.247500000000000000e+03,7.493371369471981680e-01,1.498674273894396336e+00,2.248011410841594504e+00,2.997348547788792672e+00
1.248000000000000000e+03,7.482955165353406546e-01,1.496591033070681309e+00,2.244886549606020409e+00,2.993182066141362618e+00
1.248500000000000000e+03,7.472553440339442243e-01,1.494510688067888449e+00,2.241766032101831119e+00,2.989021376135776897e+00
1.249000000000000000e+03,7.462166174303404009e-01,1.492433234860680802e+00,2.238649852291020093e+00,2.984866469721361604e+00
1.249500000000000000e+03,7.451793347146431490e-01,1.490358669429286298e+00,2.235538004143927449e+00,2.980717338858572596e+00
1.250000000000000000e+03,7.441434938797752974e-01,1.488286987759550595e+00,2.232430481639322117e+00,2.976573975519101189e+00
1.250500000000000000e+03,7.431090929214336782e-01,1.486218185842867356e+00,2.229327278764296594e+00,2.972436371685734713e+00
1.251000000000000000e+03,7.420761298381183257e-01,1.484152259676236651e+00,2.226228389514348205e+00,2.968304519352473303e+00
1.251500000000000000e+03,7.410446026310940626e-01,1.482089205262188125e+00,2.223133807893277414e+00,2.964178410524376250e+00
1.252000000000000000e+03,7.400145093044222522e-01,1.480029018608844504e+00,2.220043527913257986e+00,2.960058037217689009e+00
1.252500000000000000e+03,7.389858478649179441e-01,1.477971695729835888e+00,2.216957543594748170e+00,2.955943391459671776e+00
1.253000000000000000e+03,7.379586163221907302e-01,1.475917232644381460e+00,2.213875848966561755e+00,2.951834465288762921e+00
1.253500000000000000e+03,7.369328126885920094e-01,1.473865625377184019e+00,2.210798438065769034e+00,2.947731250754368038e+00
1.254000000000000000e+03,7.359084349792595070e-01,1.471816869958519014e+00,2.207725304937771416e+00,2.943633739917038028e+00
1.254500000000000000e+03,7.348854812120678703e-01,1.469770962424135741e+00,2.204656443636199281e+00,2.939541924848271481e+00
1.255000000000000000e+03,7.338639494076705239e-01,1.467727898815341048e+00,2.201591848223007464e+00,2.935455797630682095e+00
1.255500000000000000e+03,7.328438375894484880e-01,1.465687675178896976e+00,2.198531512768340690e+00,2.931375350357793952e+00
1.256000000000000000e+03,7.318251437835512352e-01,1.463650287567102470e+00,2.195475431350647710e+00,2.927300575134204941e+00
1.256500000000000000e+03,7.308078660188529474e-01,1.461615732037705895e+00,2.192423598056553846e+00,2.923231464075411790e+00
1.257000000000000000e+03,7.297920023269867107e-01,1.459584004653973421e+00,2.189376006980956912e+00,2.919168009307946843e+00
1.257500000000000000e+03,7.287775507423044363e-01,1.457555101484608873e+00,2.186332652226909534e+00,2.915110202969217745e+00
1.258000000000000000e+03,7.277645093019071698e-01,1.455529018603814340e+00,2.183293527905717735e+00,2.911058037207628679e+00
1.258500000000000000e+03,7.267528760456046788e-01,1.453505752091209358e+00,2.180258628136813037e+00,2.907011504182418715e+00
1.259000000000000000e+03,7.257426490159540888e-01,1.451485298031908178e+00,2.177227947047861267e+00,2.902970596063816355e+00
1.259500000000000000e+03,7.247338262582120327e-01,1.449467652516424065e+00,2.174201478774634655e+00,2.898935305032848131e+00
1.260000000000000000e+03,7.237264058203706218e-01,1.447452811640741244e+00,2.171179217461112199e+00,2.894905623281482487e+00
1.260500000000000000e+03,7.227203857531180331e-01,1.445440771506236066e+00,2.168161157259355765e+00,2.890881543012472132e+00
1.261000000000000000e+03,7.217157641098718157e-01,1.443431528219743631e+00,2.165147292329613116e+00,2.886863056439487263e+00
1.261500000000000000e+03,7.207125389467342602e-01,1.441425077893468520e+00,2.162137616840198895e+00,2.882850155786937041e+00
1.262000000000000000e+03,7.197107083225273705e-01,1.439421416645054741e+00,2.159132124967578559e+00,2.878842833290109482e+00
1.262500000000000000e+03,7.187102702987581138e-01,1.437420540597516228e+00,2.156130810896272454e+00,2.874841081195032455e+00
1.263000000000000000e+03,7.177112229396411802e-01,1.435422445879282360e+00,2.153133668818924207e+00,2.870844891758564721e+00
1.263500000000000000e+03,7.167135643120686739e-01,1.433427128624137348e+00,2.150140692936203912e+00,2.866854257248274696e+00
1.264000000000000000e+03,7.157172924856319840e-01,1.431434584971263968e+00,2.147151877456896507e+00,2.862869169942527936e+00
1.264500000000000000e+03,7.147224055325951397e-01,1.429444811065190279e+00,2.144167216597783643e+00,2.858889622130380559e+00
1.265000000000000000e+03,7.137289015279114635e-01,1.427457803055822927e+00,2.141186704583736056e+00,2.854915606111645854e+00
1.265500000000000000e+03,7.127367785492012553e-01,1.425473557098402511e+00,2.138210335647601212e+00,2.850947114196805021e+00
1.266000000000000000e+03,7.117460346767655599e-01,1.423492069353531120e+00,2.135238104030295681e+00,2.846984138707062240e+00
1.266500000000000000e+03,7.107566679935647391e-01,1.421513335987129478e+00,2.132270003980692774e+00,2.843026671974258957e+00
1.267000000000000000e+03,7.097686765852359025e-01,1.419537353170471805e+00,2.129306029755705598e+00,2.839074706340943610e+00
1.267500000000000000e+03,7.087820585400618212e-01,1.417564117080123642e+00,2.126346175620183132e+00,2.835128234160247285e+00
1.268000000000000000e+03,7.077968119489983501e-01,1.415593623897996700e+00,2.123390435846994162e+00,2.831187247795993400e+00
1.268500000000000000e+03,7.068129349056428978e-01,1.413625869811285796e+00,2.120438804716925585e+00,2.827251739622571591e+00
1.269000000000000000e+03,7.058304255062515242e-01,1.411660851012503048e+00,2.117491276518754795e+00,2.823321702025006097e+00
1.269500000000000000e+03,7.048492818497184009e-01,1.409698563699436802e+00,2.114547845549155980e+00,2.819397127398873604e+00
1.270000000000000000e+03,7.038695020375917988e-01,1.407739004075183598e+00,2.111608506112775174e+00,2.815478008150367195e+00
1.270500000000000000e+03,7.028910841740434456e-01,1.405782168348086891e+00,2.108673252522132113e+00,2.811564336696173783e+00
1.271000000000000000e+03,7.019140263658968371e-01,1.403828052731793674e+00,2.105742079097693509e+00,2.807656105463587348e+00
1.271500000000000000e+03,7.009383267225925973e-01,1.401876653445185195e+00,2.102814980167778902e+00,2.803753306890370389e+00
1.272000000000000000e+03,6.999639833562115721e-01,1.399927966712423144e+00,2.099891950068634383e+00,2.799855933424846288e+00
1.272500000000000000e+03,6.989909943814469617e-01,1.397981988762893923e+00,2.096972983144337999e+00,2.795963977525787847e+00
1.273000000000000000e+03,6.980193579156243056e-01,1.396038715831248611e+00,2.094058073746872584e+00,2.792077431662497222e+00
1.273500000000000000e+03,6.970490720786762795e-01,1.394098144157352559e+00,2.091147216236028505e+00,2.788196288314705118e+00
1.274000000000000000e+03,6.960801349931596826e-01,1.392160269986319365e+00,2.088240404979475162e+00,2.784320539972638731e+00
1.274500000000000000e+03,6.951125447842256833e-01,1.390225089568451367e+00,2.085337634352674385e+00,2.780450179136902733e+00
1.275000000000000000e+03,6.941462995796507940e-01,1.388292599159301588e+00,2.082438898738949273e+00,2.776585198318603176e+00
1.275500000000000000e+03,6.931813975097946834e-01,1.386362795019589367e+00,2.079544192529378943e+00,2.772725590039178734e+00
1.276000000000000000e+03,6.922178367076324834e-01,1.384435673415264967e+00,2.076653510122895785e+00,2.768871346830529934e+00
1.276500000000000000e+03,6.912556153087220379e-01,1.382511230617444076e+00,2.073766845926163782e+00,2.765022461234888151e+00
1.277000000000000000e+03,6.902947314512232202e-01,1.380589462902446440e+00,2.070884194353667329e+00,2.761178925804892881e+00
1.277500000000000000e+03,6.893351832758728426e-01,1.378670366551745685e+00,2.068005549827615752e+00,2.757340733103491370e+00
1.278000000000000000e+03,6.883769689260044178e-01,1.376753937852008836e+00,2.065130906778013031e+00,2.753507875704017671e+00
1.278500000000000000e+03,6.874200865475206257e-01,1.374840173095041251e+00,2.062260259642559213e+00,2.749680346190082503e+00
1.279000000000000000e+03,6.864645342889120760e-01,1.372929068577824152e+00,2.059393602866734341e+00,2.745858137155648304e+00
1.279500000000000000e+03,6.855103103012322174e-01,1.371020620602464435e+00,2.056530930903696319e+00,2.742041241204928870e+00
1.280000000000000000e+03,6.845574127381173213e-01,1.369114825476234643e+00,2.053672238214347967e+00,2.738229650952469285e+00
1.280500000000000000e+03,6.836058397557550625e-01,1.367211679511510125e+00,2.050817519267264633e+00,2.734423359023020250e+00
1.281000000000000000e+03,6.826555895129127194e-01,1.365311179025825439e+00,2.047966768538737270e+00,2.730622358051650878e+00
1.281500000000000000e+03,6.817066601709016460e-01,1.363413320341803292e+00,2.045119980512703606e+00,2.726826640683606584e+00
1.282000000000000000e+03,6.807590498936021417e-01,1.361518099787204283e+00,2.042277149680806758e+00,2.723036199574408567e+00
1.282500000000000000e+03,6.798127568474340299e-01,1.359625513694868060e+00,2.039438270542301090e+00,2.719251027389736119e+00
1.283000000000000000e+03,6.788677792013794177e-01,1.357735558402758835e+00,2.036603337604137920e+00,2.715471116805517671e+00
1.283500000000000000e+03,6.779241151269518317e-01,1.355848230253903663e+00,2.033772345380855828e+00,2.711696460507807327e+00
1.284000000000000000e+03,6.769817627982207542e-01,1.353963525596441508e+00,2.030945288394665482e+00,2.707927051192883017e+00
1.284500000000000000e+03,6.760407203917795371e-01,1.352081440783559074e+00,2.028122161175340832e+00,2.704162881567118148e+00
1.285000000000000000e+03,6.751009860867683843e-01,1.350201972173536769e+00,2.025302958260311481e+00,2.700403944347073537e+00
1.285500000000000000e+03,6.741625580648503702e-01,1.348325116129700740e+00,2.022487674194553886e+00,2.696650232259401481e+00
1.286000000000000000e+03,6.732254345102226534e-01,1.346450869020445307e+00,2.019676303530669959e+00,2.692901738040890613e+00
1.286500000000000000e+03,6.722896136095977138e-01,1.344579227219195428e+00,2.016868840828791587e+00,2.689158454438390855e+00
1.287000000000000000e+03,6.713550935522190066e-01,1.342710187104438013e+00,2.014065280656656576e+00,2.685420374208876027e+00
1.287500000000000000e+03,6.704218725298366488e-01,1.340843745059673298e+00,2.011265617589506505e+00,2.681687490119346595e+00
1.288000000000000000e+03,6.694899487367252933e-01,1.338979897473450587e+00,2.008469846210173770e+00,2.677959794946901173e+00
1.288500000000000000e+03,6.685593203696588160e-01,1.337118640739317632e+00,2.005677961108970120e+00,2.674237281478635264e+00
1.289000000000000000e+03,6.676299856279266365e-01,1.335259971255853273e+00,2.002889956883776357e+00,2.670519942511706546e+00
1.289500000000000000e+03,6.667019427133128451e-01,1.333403885426625690e+00,2.000105828139933539e+00,2.666807770853251380e+00
1.290000000000000000e+03,6.657751898301116356e-01,1.331550379660223271e+00,1.997325569490332686e+00,2.663100759320446542e+00
1.290500000000000000e+03,6.648497251851013257e-01,1.329699450370202651e+00,1.994549175555299536e+00,2.659398900740405303e+00
1.291000000000000000e+03,6.639255469875657845e-01,1.327851093975131569e+00,1.991776640962691580e+00,2.655702187950263138e+00
1.291500000000000000e+03,6.630026534492634571e-01,1.326005306898526914e+00,1.989007960347785264e+00,2.652010613797053828e+00
1.292000000000000000e+03,6.620810427844531221e-01,1.324162085568906244e+00,1.986243128353357257e+00,2.648324171137812488e+00
1.292500000000000000e+03,6.611607132098642481e-01,1.322321426419728496e+00,1.983482139629586749e+00,2.644642852839456992e+00
1.293000000000000000e+03,6.602416629447154239e-01,1.320483325889430848e+00,1.980724988834139388e+00,2.640966651778861696e+00
1.293500000000000000e+03,6.593238902106878241e-01,1.318647780421375648e+00,1.977971670632054924e+00,2.637295560842751296e+00
1.294000000000000000e+03,6.584073932319491895e-01,1.316814786463898379e+00,1.975222179695840019e+00,2.633629572927796758e+00
1.294500000000000000e+03,6.574921702351209651e-01,1.314984340470241930e+00,1.972476510705356123e+00,2.629968680940483861e+00
1.295000000000000000e+03,6.565782194493061663e-01,1.313156438898612333e+00,1.969734658347911171e+00,2.626312877797224665e+00
1.295500000000000000e+03,6.556655391060508542e-01,1.311331078212101708e+00,1.966996617318146789e+00,2.622662156424203417e+00
1.296000000000000000e+03,6.547541274393787747e-01,1.309508254878757549e+00,1.964262382318130218e+00,2.619016509757515099e+00
1.296500000000000000e+03,6.538439826857492809e-01,1.307687965371498562e+00,1.961531948057246622e+00,2.615375930742997124e+00
1.297000000000000000e+03,6.529351030840921943e-01,1.305870206168184389e+00,1.958805309252272142e+00,2.611740412336368777e+00
1.297500000000000000e+03,6.520274868757666153e-01,1.304054973751533231e+00,1.956082460627296626e+00,2.608109947503066461e+00
1.298000000000000000e+03,6.511211323045933419e-01,1.302242264609186684e+00,1.953363396913776695e+00,2.604484529218373368e+00
1.298500000000000000e+03,6.502160376168191203e-01,1.300432075233638241e+00,1.950648112850453142e+00,2.600864150467276481e+00
1.299000000000000000e+03,6.493122010611430683e-01,1.298624402122286137e+00,1.947936603183424431e+00,2.597248804244572273e+00
1.299500000000000000e+03,6.484096208886842572e-01,1.296819241777368514e+00,1.945228862666045666e+00,2.593638483554737029e+00
1.300000000000000000e+03,6.475082953530059138e-01,1.295016590706011828e+00,1.942524886059011635e+00,2.590033181412023655e+00
1.300500000000000000e+03,6.466082227100864444e-01,1.293216445420172889e+00,1.939824668130253338e+00,2.586432890840345777e+00
1.301000000000000000e+03,6.457094012183435261e-01,1.291418802436687052e+00,1.937128203655023029e+00,2.582837604873374104e+00
1.301500000000000000e+03,6.448118291385983580e-01,1.289623658277196716e+00,1.934435487415788524e+00,2.579247316554393432e+00
1.302000000000000000e+03,6.439155047341061922e-01,1.287831009468212384e+00,1.931746514202310472e+00,2.575662018936424769e+00
1.302500000000000000e+03,6.430204262705212503e-01,1.286040852541042501e+00,1.929061278811558866e+00,2.572081705082085001e+00
1.303000000000000000e+03,6.421265920159247020e-01,1.284253184031849404e+00,1.926379776047768777e+00,2.568506368063698808e+00
1.303500000000000000e+03,6.412340002407889150e-01,1.282468000481577830e+00,1.923702000722361527e+00,2.564936000963155660e+00
1.304000000000000000e+03,6.403426492180056551e-01,1.280685298436011310e+00,1.921027947654008194e+00,2.561370596872022620e+00
1.304500000000000000e+03,6.394525372228518911e-01,1.278905074445703782e+00,1.918357611668549456e+00,2.557810148891407565e+00
1.305000000000000000e+03,6.385636625330173288e-01,1.277127325066034658e+00,1.915690987599044659e+00,2.554254650132069315e+00
1.305500000000000000e+03,6.376760234285727691e-01,1.275352046857145538e+00,1.913028070285707649e+00,2.550704093714291076e+00
1.306000000000000000e+03,6.367896181919904253e-01,1.273579236383980851e+00,1.910368854575961395e+00,2.547158472767961701e+00
1.306500000000000000e+03,6.359044451081197202e-01,1.271808890216239440e+00,1.907713335324349613e+00,2.543617780432478881e+00
1.307000000000000000e+03,6.350205024642061602e-01,1.270041004928412320e+00,1.905061507392607600e+00,2.540082009856824641e+00
1.307500000000000000e+03,6.341377885498628020e-01,1.268275577099725604e+00,1.902413365649580967e+00,2.536551154199451208e+00
1.308000000000000000e+03,6.332563016570934566e-01,1.266512603314186913e+00,1.899768904971271377e+00,2.533025206628373827e+00
1.308500000000000000e+03,6.323760400802634907e-01,1.264752080160526981e+00,1.897128120240784366e+00,2.529504160321053963e+00
1.309000000000000000e+03,6.314970021161224745e-01,1.262994004232244949e+00,1.894491006348361983e+00,2.525988008464489898e+00
1.309500000000000000e+03,6.306191860637747615e-01,1.261238372127549523e+00,1.891857558191315292e+00,2.522476744255099046e+00
1.310000000000000000e+03,6.297425902246974738e-01,1.259485180449394948e+00,1.889227770674088092e+00,2.518970360898789895e+00
1.310500000000000000e+03,6.288672129027245150e-01,1.257734425805449030e+00,1.886601638708164996e+00,2.515468851610898060e+00
1.311000000000000000e+03,6.279930524040501227e-01,1.255986104808100245e+00,1.883979157212148259e+00,2.511972209616200491e+00
1.311500000000000000e+03,6.271201070372220965e-01,1.254240214074444193e+00,1.881360321111660516e+00,2.508480428148888386e+00
1.312000000000000000e+03,6.262483751131405763e-01,1.252496750226281153e+00,1.878745125339416511e+00,2.504993500452562305e+00
1.312500000000000000e+03,6.253778549450489388e-01,1.250755709890097878e+00,1.876133564835138712e+00,2.501511419780195755e+00
1.313000000000000000e+03,6.245085448485432345e-01,1.249017089697086469e+00,1.873525634545623042e+00,2.498034179394172938e+00
1.313500000000000000e+03,6.236404431415524252e-01,1.247280886283104850e+00,1.870921329424648061e+00,2.494561772566209701e+00
1.314000000000000000e+03,6.227735481443511523e-01,1.245547096288702305e+00,1.868320644433047351e+00,2.491094192577404609e+00
1.314500000000000000e+03,6.219078581795408622e-01,1.243815716359081724e+00,1.865723574538615370e+00,2.487631432718163449e+00
1.315000000000000000e+03,6.210433715720665715e-01,1.242086743144133143e+00,1.863130114716190722e+00,2.484173486288266286e+00
1.315500000000000000e+03,6.201800866491856690e-01,1.240360173298371338e+00,1.860540259947549568e+00,2.480720346596742676e+00
1.316000000000000000e+03,6.193180017404981141e-01,1.238636003480996228e+00,1.857954005221486016e+00,2.477272006961992457e+00
1.316500000000000000e+03,6.184571151779101328e-01,1.236914230355820266e+00,1.855371345533721295e+00,2.473828460711640531e+00
1.317000000000000000e+03,6.175974252956597521e-01,1.235194850591319504e+00,1.852792275886971263e+00,2.470389701182639008e+00
1.317500000000000000e+03,6.167389304302893782e-01,1.233477860860578756e+00,1.850216791290856921e+00,2.466955721721157513e+00
1.318000000000000000e+03,6.158816289206635597e-01,1.231763257841327119e+00,1.847644886761979688e+00,2.463526515682654239e+00
1.318500000000000000e+03,6.150255191079454509e-01,1.230051038215890902e+00,1.845076557323826361e+00,2.460102076431781803e+00
1.319000000000000000e+03,6.141705993356166848e-01,1.228341198671233370e+00,1.842511798006840840e+00,2.456682397342466739e+00
1.319500000000000000e+03,6.133168679494488407e-01,1.226633735898897681e+00,1.839950603848337529e+00,2.453267471797795363e+00
1.320000000000000000e+03,6.124643232975242046e-01,1.224928646595048409e+00,1.837392969892563954e+00,2.449857293190096819e+00
1.320500000000000000e+03,6.116129637302104571e-01,1.223225927460420914e+00,1.834838891190621935e+00,2.446451854920841829e+00
1.321000000000000000e+03,6.107627876001784362e-01,1.221525575200356872e+00,1.832288362800526427e+00,2.443051150400713745e+00
1.321500000000000000e+03,6.099137932623811542e-01,1.219827586524762308e+00,1.829741379787132916e+00,2.439655173049524617e+00
1.322000000000000000e+03,6.090659790740654556e-01,1.218131958148130911e+00,1.827197937222186708e+00,2.436263916296261822e+00
1.322500000000000000e+03,6.082193433947526984e-01,1.216438686789505397e+00,1.824658030184249435e+00,2.432877373579010793e+00
1.323000000000000000e+03,6.073738845862541869e-01,1.214747769172508374e+00,1.822121653758753679e+00,2.429495538345016747e+00
1.323500000000000000e+03,6.065296010126495219e-01,1.213059202025299044e+00,1.819588803037940794e+00,2.426118404050598087e+00
1.324000000000000000e+03,6.056864910403008118e-01,1.211372982080601624e+00,1.817059473120895996e+00,2.422745964161203247e+00
1.324500000000000000e+03,6.048445530378340207e-01,1.209689106075668041e+00,1.814533659113493957e+00,2.419378212151336083e+00
1.325000000000000000e+03,6.040037853761486275e-01,1.208007570752297255e+00,1.812011356128434780e+00,2.416015141504594510e+00
1.325500000000000000e+03,6.031641864284006394e-01,1.206328372856801279e+00,1.809492559285193369e+00,2.412656745713602557e+00
1.326000000000000000e+03,6.023257545700176907e-01,1.204651509140035381e+00,1.806977263710043635e+00,2.409303018280070763e+00
1.326500000000000000e+03,6.014884881786765058e-01,1.202976976357353012e+00,1.804465464536023189e+00,2.405953952714706023e+00
1.327000000000000000e+03,6.006523856343172207e-01,1.201304771268634441e+00,1.801957156902943558e+00,2.402609542537268883e+00
1.327500000000000000e+03,5.998174453191225108e-01,1.199634890638245022e+00,1.799452335957360205e+00,2.399269781276490043e+00
1.328000000000000000e+03,5.989836656175336893e-01,1.197967331235067379e+00,1.796950996852592963e+00,2.395934662470134757e+00
1.328500000000000000e+03,5.981510449162289467e-01,1.196302089832457893e+00,1.794453134748682510e+00,2.392604179664915787e+00
1.329000000000000000e+03,5.973195816041378947e-01,1.194639163208275789e+00,1.791958744812407023e+00,2.389278326416551579e+00
1.329500000000000000e+03,5.964892740724196951e-01,1.192978548144839390e+00,1.789467822217254644e+00,2.385957096289678780e+00
1.330000000000000000e+03,5.956601207144811561e-01,1.191320241428962312e+00,1.786980362143437917e+00,2.382640482857924624e+00
1.330500000000000000e+03,5.948321199259498648e-01,1.189664239851899730e+00,1.784496359777842711e+00,2.379328479703799459e+00
1.331000000000000000e+03,5.940052701046961703e-01,1.188010540209392341e+00,1.782015810314083071e+00,2.376021080418784681e+00
1.331500000000000000e+03,5.931795696508062044e-01,1.186359139301612409e+00,1.779538708952409065e+00,2.372718278603224817e+00
1.332000000000000000e+03,5.923550169665992016e-01,1.184710033933198403e+00,1.777065050899792054e+00,2.369420067866396806e+00
1.332500000000000000e+03,5.915316104566070710e-01,1.183063220913214142e+00,1.774594831369818770e+00,2.366126441826428284e+00
1.333000000000000000e+03,5.907093485275893840e-01,1.181418697055178768e+00,1.772128045582763489e+00,2.362837394110357536e+00
1.333500000000000000e+03,5.898882295885091720e-01,1.179776459177018344e+00,1.769664688765522742e+00,2.359552918354036688e+00
1.334000000000000000e+03,5.890682520505515773e-01,1.178136504101103155e+00,1.767204756151651290e+00,2.356273008202206309e+00
1.334500000000000000e+03,5.882494143271003173e-01,1.176498828654200635e+00,1.764748242981295734e+00,2.352997657308401269e+00
1.335000000000000000e+03,5.874317148337552252e-01,1.174863429667510450e+00,1.762295144501260902e+00,2.349726859335020901e+00
1.335500000000000000e+03,5.866151519883069376e-01,1.173230303976613875e+00,1.759845455964916150e+00,2.346460607953227750e+00
1.336000000000000000e+03,5.857997242107566560e-01,1.171599448421513312e+00,1.757399172632267081e+00,2.343198896843026624e+00
1.336500000000000000e+03,5.849854299232934984e-01,1.169970859846586997e+00,1.754956289769876498e+00,2.339941719693173994e+00
1.337000000000000000e+03,5.841722675503058237e-01,1.168344535100611647e+00,1.752516802650913030e+00,2.336689070201223295e+00
1.337500000000000000e+03,5.833602355183656885e-01,1.166720471036731377e+00,1.750080706555093402e+00,2.333440942073462754e+00
1.338000000000000000e+03,5.825493322562392828e-01,1.165098664512478566e+00,1.747647996768715517e+00,2.330197329024957131e+00
1.338500000000000000e+03,5.817395561948717209e-01,1.163479112389743442e+00,1.745218668584611166e+00,2.326958224779486883e+00
1.339000000000000000e+03,5.809309057673928134e-01,1.161861811534785627e+00,1.742792717302175998e+00,2.323723623069571254e+00
1.339500000000000000e+03,5.801233794091062990e-01,1.160246758818212598e+00,1.740370138227315566e+00,2.320493517636425196e+00
1.340000000000000000e+03,5.793169755574960611e-01,1.158633951114992122e+00,1.737950926672486407e+00,2.317267902229984244e+00
1.340500000000000000e+03,5.785116926522120284e-01,1.157023385304424057e+00,1.735535077956632311e+00,2.314046770608848114e+00
1.341000000000000000e+03,5.777075291350793895e-01,1.155415058270158779e+00,1.733122587405236503e+00,2.310830116540317558e+00
1.341500000000000000e+03,5.769044834500839380e-01,1.153808966900167876e+00,1.730713450350247706e+00,2.307617933800335752e+00
1.342000000000000000e+03,5.761025540433779568e-01,1.152205108086755914e+00,1.728307662130132538e+00,2.304410216173511827e+00
1.342500000000000000e+03,5.753017393632712251e-01,1.150603478726542450e+00,1.725905218089809345e+00,2.301206957453084900e+00
1.343000000000000000e+03,5.745020378602337940e-01,1.149004075720467588e+00,1.723506113580697496e+00,2.298008151440935176e+00
1.343500000000000000e+03,5.737034479868841075e-01,1.147406895973768215e+00,1.721110343960646993e+00,2.294813791947536430e+00
1.344000000000000000e+03,5.729059681979983276e-01,1.145811936395996655e+00,1.718717904593988877e+00,2.291623872791993310e+00
1.344500000000000000e+03,5.721095969504944589e-01,1.144219193900988918e+00,1.716328790851474384e+00,2.288438387801977836e+00
1.345000000000000000e+03,5.713143327034398977e-01,1.142628665406879795e+00,1.713942998110316251e+00,2.285257330813759591e+00
1.345500000000000000e+03,5.705201739180414400e-01,1.141040347836082880e+00,1.711560521754117437e+00,2.282080695672165760e+00
1.346000000000000000e+03,5.697271190576468358e-01,1.139454238115293672e+00,1.709181357172934845e+00,2.278908476230587343e+00
1.346500000000000000e+03,5.689351665877374620e-01,1.137870333175474924e+00,1.706805499763202505e+00,2.275740666350949848e+00
1.347000000000000000e+03,5.681443149759295430e-01,1.136288629951859086e+00,1.704432944927780857e+00,2.272577259903718172e+00
1.347500000000000000e+03,5.673545626919678231e-01,1.134709125383935646e+00,1.702063688075893699e+00,2.269418250767871292e+00
1.348000000000000000e+03,5.665659082077273423e-01,1.133131816415454685e+00,1.699697724623175255e+00,2.266263632830909369e+00
1.348500000000000000e+03,5.657783499972032226e-01,1.131556699994406445e+00,1.697335049991601785e+00,2.263113399988812890e+00
1.349000000000000000e+03,5.649918865365162191e-01,1.129983773073032438e+00,1.694975659609542662e+00,2.259967546146064876e+00
1.349500000000000000e+03,5.642065163038999520e-01,1.128413032607799904e+00,1.692619548911691307e+00,2.256826065215599808e+00
1.350000000000000000e+03,5.634222377797097892e-01,1.126844475559419578e+00,1.690266713339121818e+00,2.253688951118839157e+00
1.350500000000000000e+03,5.626390494464071912e-01,1.125278098892814382e+00,1.687917148339214357e+00,2.250556197785628765e+00
1.351000000000000000e+03,5.618569497885684827e-01,1.123713899577136965e+00,1.685570849365696899e+00,2.247427799154273931e+00
1.351500000000000000e+03,5.610759372928719735e-01,1.122151874585743947e+00,1.683227811878607039e+00,2.244303749171487894e+00
1.352000000000000000e+03,5.602960104481032877e-01,1.120592020896206575e+00,1.680888031344303091e+00,2.241184041792413151e+00
1.352500000000000000e+03,5.595171677451458159e-01,1.119034335490291632e+00,1.678551503235427678e+00,2.238068670980583263e+00
1.353000000000000000e+03,5.587394076769829354e-01,1.117478815353965871e+00,1.676218223030940813e+00,2.234957630707931742e+00
1.353500000000000000e+03,5.579627287386904610e-01,1.115925457477380922e+00,1.673888186216062168e+00,2.231850914954761844e+00
1.354000000000000000e+03,5.571871294274407527e-01,1.114374258854881505e+00,1.671561388282314375e+00,2.228748517709763011e+00
1.354500000000000000e+03,5.564126082424871722e-01,1.112825216484974344e+00,1.669237824727453523e+00,2.225650432969948689e+00
1.355000000000000000e+03,5.556391636851790716e-01,1.111278327370358143e+00,1.666917491055530665e+00,2.222556654740716287e+00
1.355500000000000000e+03,5.548667942589395885e-01,1.109733588517879177e+00,1.664600382776811660e+00,2.219467177035758354e+00
1.356000000000000000e+03,5.540954984692804119e-01,1.108190996938560824e+00,1.662286495407836240e+00,2.216381993877121648e+00
1.356500000000000000e+03,5.533252748237834640e-01,1.106650549647566928e+00,1.659975824471343397e+00,2.213301099295133856e+00
1.357000000000000000e+03,5.525561218321118906e-01,1.105112243664223781e+00,1.657668365496331120e+00,2.210224487328447562e+00
1.357500000000000000e+03,5.517880380059931866e-01,1.103576076011986373e+00,1.655364114017975785e+00,2.207152152023972747e+00
1.358000000000000000e+03,5.510210218592312970e-01,1.102042043718462594e+00,1.653063065577693447e+00,2.204084087436925188e+00
1.358500000000000000e+03,5.502550719076901853e-01,1.100510143815380371e+00,1.650765215723066559e+00,2.201020287630760741e+00
1.359000000000000000e+03,5.494901866693006065e-01,1.098980373338601213e+00,1.648470560007899710e+00,2.197960746677202426e+00
1.359500000000000000e+03,5.487263646640503367e-01,1.097452729328100673e+00,1.646179093992146569e+00,2.194905458656201347e+00
1.360000000000000000e+03,5.479636044139879480e-01,1.095927208827975896e+00,1.643890813241959181e+00,2.191854417655951792e+00
1.360500000000000000e+03,5.472019044432115953e-01,1.094403808886423191e+00,1.641605713329629790e+00,2.188807617772846381e+00
1.361000000000000000e+03,5.464412632778763435e-01,1.092882526555752687e+00,1.639323789833626366e+00,2.185765053111505374e+00
1.361500000000000000e+03,5.456816794461829545e-01,1.091363358892365909e+00,1.637045038338546643e+00,2.182726717784731818e+00
1.362000000000000000e+03,5.449231514783776653e-01,1.089846302956755331e+00,1.634769454435133662e+00,2.179692605913510661e+00
1.362500000000000000e+03,5.441656779067527427e-01,1.088331355813505485e+00,1.632497033720257118e+00,2.176662711627010971e+00
1.363000000000000000e+03,5.434092572656381570e-01,1.086818514531276314e+00,1.630227771796910696e+00,2.173637029062552628e+00
1.363500000000000000e+03,5.426538880914000273e-01,1.085307776182800055e+00,1.627961664274197862e+00,2.170615552365600109e+00
1.364000000000000000e+03,5.418995689224425094e-01,1.083799137844885019e+00,1.625698706767323420e+00,2.167598275689770038e+00
1.364500000000000000e+03,5.411462982991991355e-01,1.082292596598398271e+00,1.623438894897592188e+00,2.164585193196796542e+00
1.365000000000000000e+03,5.403940747641329256e-01,1.080788149528265851e+00,1.621182224292395002e+00,2.161576299056531703e+00
1.365500000000000000e+03,5.396428968617330568e-01,1.079285793723466114e+00,1.618928690585196728e+00,2.158571587446932227e+00
1.366000000000000000e+03,5.388927631385119765e-01,1.077785526277023953e+00,1.616678289415532044e+00,2.155571052554047906e+00
1.366500000000000000e+03,5.381436721430014058e-01,1.076287344286002812e+00,1.614431016429000332e+00,2.152574688572005623e+00
1.367000000000000000e+03,5.373956224257530057e-01,1.074791244851506011e+00,1.612186867277255686e+00,2.149582489703012023e+00
1.367500000000000000e+03,5.366486125393308271e-01,1.073297225078661654e+00,1.609945837617988262e+00,2.146594450157323308e+00
1.368000000000000000e+03,5.359026410383131989e-01,1.071805282076626398e+00,1.607707923114935156e+00,2.143610564153252795e+00
1.368500000000000000e+03,5.351577064792852889e-01,1.070315412958570578e+00,1.605473119437849094e+00,2.140630825917141156e+00
1.369000000000000000e+03,5.344138074208403255e-01,1.068827614841680651e+00,1.603241422262516203e+00,2.137655229683361302e+00
1.369500000000000000e+03,5.336709424235743793e-01,1.067341884847148759e+00,1.601012827270718253e+00,2.134683769694297517e+00
1.370000000000000000e+03,5.329291100500866962e-01,1.065858220100173392e+00,1.598787330150253982e+00,2.131716440200346785e+00
1.370500000000000000e+03,5.321883088649691507e-01,1.064376617729938301e+00,1.596564926594901790e+00,2.128753235459876603e+00
1.371000000000000000e+03,5.314485374348160152e-01,1.062897074869632030e+00,1.594345612304440163e+00,2.125794149739264061e+00
1.371500000000000000e+03,5.307097943282077512e-01,1.061419588656415502e+00,1.592129382984615260e+00,2.122839177312831005e+00
1.372000000000000000e+03,5.299720781157194471e-01,1.059944156231438894e+00,1.589916234347149127e+00,2.119888312462877789e+00
1.372500000000000000e+03,5.292353873699084943e-01,1.058470774739816989e+00,1.587706162109718155e+00,2.116941549479633977e+00
1.373000000000000000e+03,5.284997206653214707e-01,1.056999441330642941e+00,1.585499161995957307e+00,2.113998882661285883e+00
1.373500000000000000e+03,5.277650765784825948e-01,1.055530153156965190e+00,1.583295229735438792e+00,2.111060306313930379e+00
1.374000000000000000e+03,5.270314536878959455e-01,1.054062907375791891e+00,1.581094361063683174e+00,2.108125814751583782e+00
1.374500000000000000e+03,5.262988505740433531e-01,1.052597701148086706e+00,1.578896551722120067e+00,2.105195402296173413e+00
1.375000000000000000e+03,5.255672658193759617e-01,1.051134531638751923e+00,1.576701797458122778e+00,2.102269063277503847e+00
1.375500000000000000e+03,5.248366980083198907e-01,1.049673396016639781e+00,1.574510094024952567e+00,2.099346792033279563e+00
1.376000000000000000e+03,5.241071457272657996e-01,1.048214291454531599e+00,1.572321437181793069e+00,2.096428582909063199e+00
1.376500000000000000e+03,5.233786075645698865e-01,1.046757215129139773e+00,1.570135822693705441e+00,2.093514430258279546e+00
1.377000000000000000e+03,5.226510821105521121e-01,1.045302164221104224e+00,1.567953246331653894e+00,2.090604328442208448e+00
1.377500000000000000e+03,5.219245679574904262e-01,1.043849135914980852e+00,1.565773703872466838e+00,2.087698271829961705e+00
1.378000000000000000e+03,5.211990636996201021e-01,1.042398127399240204e+00,1.563597191098860195e+00,2.084796254798480408e+00
1.378500000000000000e+03,5.204745679331301833e-01,1.040949135866260367e+00,1.561423703799389218e+00,2.081898271732520733e+00
1.379000000000000000e+03,5.197510792561620407e-01,1.039502158512324081e+00,1.559253237768486233e+00,2.079004317024648163e+00
1.379500000000000000e+03,5.190285962688049315e-01,1.038057192537609863e+00,1.557085788806412685e+00,2.076114385075219726e+00
1.380000000000000000e+03,5.183071175730940006e-01,1.036614235146188001e+00,1.554921352719284666e+00,2.073228470292376002e+00
1.380500000000000000e+03,5.175866417730076163e-01,1.035173283546015233e+00,1.552759925319023182e+00,2.070346567092030465e+00
1.381000000000000000e+03,5.168671674744664823e-01,1.033734334948932965e+00,1.550601502423398781e+00,2.067468669897865929e+00
1.381500000000000000e+03,5.161486932853248666e-01,1.032297386570649733e+00,1.548446079855971380e+00,2.064594773141299466e+00
1.382000000000000000e+03,5.154312178153770407e-01,1.030862435630754081e+00,1.546293653446129124e+00,2.061724871261508163e+00
1.382500000000000000e+03,5.147147396763470661e-01,1.029429479352694132e+00,1.544144219029037091e+00,2.058858958705388265e+00
1.383000000000000000e+03,5.139992574818889048e-01,1.027998514963777810e+00,1.541997772445665049e+00,2.055997029927555619e+00
1.383500000000000000e+03,5.132847698475847542e-01,1.026569539695169508e+00,1.539854309542750599e+00,2.053139079390339017e+00
1.384000000000000000e+03,5.125712753909398289e-01,1.025142550781879658e+00,1.537713826172818932e+00,2.050285101563759316e+00
1.384500000000000000e+03,5.118587727313824720e-01,1.023717545462764944e+00,1.535576318194142642e+00,2.047435090925529888e+00
1.385000000000000000e+03,5.111472604902589367e-01,1.022294520980517873e+00,1.533441781470773035e+00,2.044589041961035747e+00
1.385500000000000000e+03,5.104367372908320544e-01,1.020873474581664109e+00,1.531310211872492166e+00,2.041746949163328217e+00
1.386000000000000000e+03,5.097272017582799020e-01,1.019454403516559804e+00,1.529181605274837263e+00,2.038908807033119608e+00
1.386500000000000000e+03,5.090186525196886969e-01,1.018037305039377394e+00,1.527055957559062538e+00,2.036074610078754787e+00
1.387000000000000000e+03,5.083110882040571266e-01,1.016622176408114253e+00,1.524933264612169603e+00,2.033244352816228506e+00
1.387500000000000000e+03,5.076045074422850245e-01,1.015209014884570049e+00,1.522813522326851521e+00,2.030418029769140098e+00
1.388000000000000000e+03,5.068989088671798093e-01,1.013797817734359619e+00,1.520696726601538540e+00,2.027595635468719237e+00
1.388500000000000000e+03,5.061942911134450496e-01,1.012388582226890099e+00,1.518582873340333261e+00,2.024777164453780198e+00
1.389000000000000000e+03,5.054906528176860148e-01,1.010981305635372030e+00,1.516471958453055935e+00,2.021962611270744059e+00
1.389500000000000000e+03,5.047879926184011268e-01,1.009575985236802254e+00,1.514363977855198495e+00,2.019151970473604507e+00
1.390000000000000000e+03,5.040863091559814047e-01,1.008172618311962809e+00,1.512258927467940550e+00,2.016345236623925619e+00
1.390500000000000000e+03,5.033856010727081332e-01,1.006771202145416266e+00,1.510156803218120070e+00,2.013542404290832533e+00
1.391000000000000000e+03,5.026858670127501982e-01,1.005371734025500396e+00,1.508057601038246043e+00,2.010743468051000793e+00
1.391500000000000000e+03,5.019871056221595351e-01,1.003974211244319070e+00,1.505961316866477162e+00,2.007948422488638140e+00
1.392000000000000000e+03,5.012893155488742369e-01,1.002578631097748474e+00,1.503867946646619158e+00,2.005157262195496948e+00
1.392500000000000000e+03,5.005924954427061202e-01,1.001184990885412240e+00,1.501777486328117028e+00,2.002369981770824481e+00
1.393000000000000000e+03,4.998966439553489405e-01,9.997932879106978810e-01,1.499689931866044601e+00,1.999586575821395762e+00
1.393500000000000000e+03,4.992017597403672902e-01,9.984035194807345803e-01,1.497605279221100538e+00,1.996807038961469161e+00
1.394000000000000000e+03,4.985078414531995405e-01,9.970156829063990811e-01,1.495523524359597456e+00,1.994031365812798162e+00
1.394500000000000000e+03,4.978148877511512915e-01,9.956297755023025831e-01,1.493444663253451932e+00,1.991259551004605166e+00
1.395000000000000000e+03,4.971228972933961487e-01,9.942457945867922975e-01,1.491368691880187614e+00,1.988491589173584595e+00
1.395500000000000000e+03,4.964318687409700059e-01,9.928637374819400119e-01,1.489295606222909463e+00,1.985727474963880024e+00
1.396000000000000000e+03,4.957418007567724882e-01,9.914836015135449765e-01,1.487225402270313745e+00,1.982967203027089953e+00
1.396500000000000000e+03,4.950526920055572377e-01,9.901053840111144755e-01,1.485158076016670492e+00,1.980210768022228951e+00
1.397000000000000000e+03,4.943645411539403511e-01,9.887290823078807023e-01,1.483093623461817945e+00,1.977458164615761405e+00
1.397500000000000000e+03,4.936773468703844481e-01,9.873546937407688961e-01,1.481032040611151679e+00,1.974709387481537792e+00
1.398000000000000000e+03,4.929911078252091627e-01,9.859822156504183255e-01,1.478973323475626378e+00,1.971964431300836651e+00
1.398500000000000000e+03,4.923058226905788759e-01,9.846116453811577518e-01,1.476917468071737405e+00,1.969223290762315504e+00
1.399000000000000000e+03,4.916214901405062676e-01,9.832429802810125352e-01,1.474864470421515250e+00,1.966485960562025070e+00
1.399500000000000000e+03,4.909381088508432689e-01,9.818762177016865378e-01,1.472814326552530417e+00,1.963752435403373076e+00
1.400000000000000000e+03,4.902556774992867794e-01,9.805113549985735588e-01,1.470767032497857896e+00,1.961022709997147118e+00
1.400500000000000000e+03,4.895741947653678428e-01,9.791483895307356855e-01,1.468722584296100697e+00,1.958296779061471371e+00
1.401000000000000000e+03,4.888936593304572531e-01,9.777873186609145062e-01,1.466680977991366763e+00,1.955574637321829012e+00
1.401500000000000000e+03,4.882140698777542309e-01,9.764281397555084618e-01,1.464642209633260306e+00,1.952856279511016924e+00
1.402000000000000000e+03,4.875354250922938060e-01,9.750708501845876119e-01,1.462606275276875367e+00,1.950141700369175224e+00
1.402500000000000000e+03,4.868577236609328840e-01,9.737154473218657680e-01,1.460573170982793823e+00,1.947430894643731536e+00
1.403000000000000000e+03,4.861809642723585734e-01,9.723619285447171467e-01,1.458542892817069614e+00,1.944723857089434293e+00
1.403500000000000000e+03,4.855051456170771385e-01,9.710102912341542769e-01,1.456515436851226308e+00,1.942020582468308554e+00
1.404000000000000000e+03,4.848302663874186069e-01,9.696605327748372138e-01,1.454490799162251768e+00,1.939321065549674428e+00
1.404500000000000000e+03,4.841563252775276105e-01,9.683126505550552210e-01,1.452468975832576614e+00,1.936625301110110442e+00
1.405000000000000000e+03,4.834833209833669376e-01,9.669666419667338753e-01,1.450449962950095095e+00,1.933933283933467751e+00
1.405500000000000000e+03,4.828112522027088183e-01,9.656225044054176365e-01,1.448433756608118239e+00,1.931245008810835273e+00
1.406000000000000000e+03,4.821401176351383100e-01,9.642802352702766200e-01,1.446420352905406270e+00,1.928560470540553240e+00
1.406500000000000000e+03,4.814699159820465257e-01,9.629398319640930515e-01,1.444409747946129752e+00,1.925879663928186103e+00
1.407000000000000000e+03,4.808006459466302451e-01,9.616012918932604903e-01,1.442401937839880244e+00,1.923202583786520981e+00
1.407500000000000000e+03,4.801323062338893055e-01,9.602646124677786110e-01,1.440396918701656759e+00,1.920529224935557222e+00
1.408000000000000000e+03,4.794648955506231047e-01,9.589297911012462095e-01,1.438394686651860432e+00,1.917859582202492419e+00
1.408500000000000000e+03,4.787984126054294354e-01,9.575968252108588707e-01,1.436395237816279646e+00,1.915193650421717741e+00
1.409000000000000000e+03,4.781328561087000439e-01,9.562657122174000879e-01,1.434398568326091139e+00,1.912531424434800176e+00
1.409500000000000000e+03,4.774682247726201312e-01,9.549364495452402624e-01,1.432404674317850457e+00,1.909872899090480525e+00
1.410000000000000000e+03,4.768045173111647439e-01,9.536090346223294878e-01,1.430413551933485294e+00,1.907218069244658976e+00
1.410500000000000000e+03,4.761417324400962214e-01,9.522834648801924429e-01,1.428425197320277951e+00,1.904566929760384886e+00
1.411000000000000000e+03,4.754798688769634185e-01,9.509597377539268370e-01,1.426439606630881318e+00,1.901919475507853674e+00
1.411500000000000000e+03,4.748189253410959321e-01,9.496378506821918641e-01,1.424456776023278026e+00,1.899275701364383728e+00
1.412000000000000000e+03,4.741589005536053780e-01,9.483178011072107561e-01,1.422476701660807530e+00,1.896635602214421512e+00
1.412500000000000000e+03,4.734997932373792295e-01,9.469995864747584591e-01,1.420499379712129695e+00,1.893999172949516918e+00
1.413000000000000000e+03,4.728416021170822603e-01,9.456832042341645206e-01,1.418524806351239675e+00,1.891366408468329041e+00
1.413500000000000000e+03,4.721843259191507158e-01,9.443686518383014317e-01,1.416552977757444154e+00,1.888737303676602863e+00
1.414000000000000000e+03,4.715279633717913699e-01,9.430559267435827397e-01,1.414583890115368225e+00,1.886111853487165479e+00
1.414500000000000000e+03,4.708725132049791373e-01,9.417450264099582746e-01,1.412617539614929418e+00,1.883490052819916549e+00
1.415000000000000000e+03,4.702179741504536881e-01,9.404359483009073761e-01,1.410653922451355680e+00,1.880871896601814752e+00
1.415500000000000000e+03,4.695643449417192805e-01,9.391286898834385610e-01,1.408693034825149182e+00,1.878257379766877122e+00
1.416000000000000000e+03,4.689116243140385443e-01,9.378232486280770885e-01,1.406734872942108083e+00,1.875646497256154177e+00
1.416500000000000000e+03,4.682598110044328132e-01,9.365196220088656265e-01,1.404779433013289891e+00,1.873039244017731253e+00
1.417000000000000000e+03,4.676089037516801827e-01,9.352178075033603655e-01,1.402826711255033887e+00,1.870435615006720731e+00
1.417500000000000000e+03,4.669589012963109020e-01,9.339178025926218041e-01,1.400876703888926933e+00,1.867835605185243608e+00
1.418000000000000000e+03,4.663098023806062642e-01,9.326196047612125284e-01,1.398929407141814352e+00,1.865239209522425057e+00
1.418500000000000000e+03,4.656616057485949423e-01,9.313232114971898845e-01,1.396984817245780386e+00,1.862646422994379769e+00
1.419000000000000000e+03,4.650143101460533224e-01,9.300286202921066447e-01,1.395042930438157969e+00,1.860057240584213289e+00
1.419500000000000000e+03,4.643679143204997306e-01,9.287358286409994612e-01,1.393103742961492975e+00,1.857471657281998922e+00
1.420000000000000000e+03,4.637224170211939889e-01,9.274448340423879777e-01,1.391167251063577082e+00,1.854889668084775955e+00
1.420500000000000000e+03,4.630778169991343618e-01,9.261556339982687236e-01,1.389233450997396924e+00,1.852311267996537447e+00
1.421000000000000000e+03,4.624341130070557249e-01,9.248682260141114497e-01,1.387302339021162734e+00,1.849736452028222899e+00
1.421500000000000000e+03,4.617913037994262893e-01,9.235826075988525785e-01,1.385373911398271929e+00,1.847165215197705157e+00
1.422000000000000000e+03,4.611493881324461031e-01,9.222987762648922061e-01,1.383448164397331315e+00,1.844597552529784412e+00
1.422500000000000000e+03,4.605083647640428879e-01,9.210167295280857758e-01,1.381525094292121114e+00,1.842033459056171552e+00
1.423000000000000000e+03,4.598682324538730937e-01,9.197364649077461873e-01,1.379604697361610066e+00,1.839472929815492375e+00
1.423500000000000000e+03,4.592289899633150152e-01,9.184579799266300304e-01,1.377686969889935886e+00,1.836915959853260061e+00
1.424000000000000000e+03,4.585906360554706240e-01,9.171812721109412481e-01,1.375771908166401714e+00,1.834362544221882496e+00
1.424500000000000000e+03,4.579531694951592402e-01,9.159063389903184804e-01,1.373859508485467229e+00,1.831812677980636961e+00
1.425000000000000000e+03,4.573165890489195307e-01,9.146331780978390613e-01,1.371949767146749100e+00,1.829266356195678123e+00
1.425500000000000000e+03,4.566808934850024593e-01,9.133617869700049186e-01,1.370042680454998330e+00,1.826723573940009837e+00
1.426000000000000000e+03,4.560460815733730078e-01,9.120921631467460156e-01,1.368138244720113139e+00,1.824184326293492031e+00
1.426500000000000000e+03,4.554121520857059013e-01,9.108243041714118027e-01,1.366236456257107879e+00,1.821648608342823605e+00
1.427000000000000000e+03,4.547791037953801130e-01,9.095582075907602260e-01,1.364337311386134566e+00,1.819116415181520452e+00
1.427500000000000000e+03,4.541469354774850253e-01,9.082938709549700507e-01,1.362440806432446250e+00,1.816587741909940101e+00
1.428000000000000000e+03,4.535156459088079961e-01,9.070312918176159922e-01,1.360546937726417438e+00,1.814062583635231984e+00
1.428500000000000000e+03,4.528852338678400757e-01,9.057704677356801515e-01,1.358655701603511678e+00,1.811540935471360303e+00
1.429000000000000000e+03,4.522556981347672367e-01,9.045113962695344734e-01,1.356767094404293328e+00,1.809022792539068947e+00
1.429500000000000000e+03,4.516270374914735375e-01,9.032540749829470750e-01,1.354881112474413563e+00,1.806508149965894150e+00
1.430000000000000000e+03,4.509992507215352942e-01,9.019985014430705883e-01,1.352997752164599721e+00,1.803997002886141177e+00
1.430500000000000000e+03,4.503723366102192482e-01,9.007446732204384965e-01,1.351117009830653970e+00,1.801489346440876993e+00
1.431000000000000000e+03,4.497462939444825114e-01,8.994925878889650228e-01,1.349238881833443093e+00,1.798985175777930046e+00
1.431500000000000000e+03,4.491211215129666257e-01,8.982422430259332513e-01,1.347363364538892716e+00,1.796484486051866503e+00
1.432000000000000000e+03,4.484968181059963976e-01,8.969936362119927953e-01,1.345490454317984641e+00,1.793987272423985591e+00
1.432500000000000000e+03,4.478733825155811199e-01,8.957467650311622398e-01,1.343620147546735977e+00,1.791493530062324480e+00
1.433000000000000000e+03,4.472508135354050784e-01,8.945016270708101569e-01,1.341752440606209351e+00,1.789003254141620314e+00
1.433500000000000000e+03,4.466291099608338255e-01,8.932582199216676511e-01,1.339887329882496259e+00,1.786516439843335302e+00
1.434000000000000000e+03,4.460082705889042987e-01,8.920165411778085973e-01,1.338024811766706179e+00,1.784033082355617195e+00
1.434500000000000000e+03,4.453882942183259308e-01,8.907765884366518616e-01,1.336164882654974129e+00,1.781553176873303723e+00
1.435000000000000000e+03,4.447691796494807615e-01,8.895383592989615229e-01,1.334307538948436456e+00,1.779076718597923046e+00
1.435500000000000000e+03,4.441509256844139997e-01,8.883018513688279993e-01,1.332452777053236614e+00,1.776603702737655999e+00
1.436000000000000000e+03,4.435335311268402969e-01,8.870670622536805938e-01,1.330600593380516727e+00,1.774134124507361188e+00
1.436500000000000000e+03,4.429169947821343656e-01,8.858339895642687312e-01,1.328750984346397157e+00,1.771667979128537462e+00
1.437000000000000000e+03,4.423013154573325334e-01,8.846026309146650668e-01,1.326903946371991605e+00,1.769205261829330134e+00
1.437500000000000000e+03,4.416864919611293017e-01,8.833729839222586033e-01,1.325059475883382909e+00,1.766745967844517207e+00
1.438000000000000000e+03,4.410725231038756244e-01,8.821450462077512489e-01,1.323217569311622377e+00,1.764290092415502498e+00
1.438500000000000000e+03,4.404594076975752448e-01,8.809188153951504896e-01,1.321378223092719795e+00,1.761837630790300979e+00
1.439000000000000000e+03,4.398471445558836401e-01,8.796942891117672803e-01,1.319541433667645647e+00,1.759388578223534561e+00
1.439500000000000000e+03,4.392357324941058017e-01,8.784714649882116033e-01,1.317707197482312020e+00,1.756942929976423207e+00
1.440000000000000000e+03,4.386251703291928483e-01,8.772503406583856966e-01,1.315875510987573938e+00,1.754500681316771393e+00
1.440500000000000000e+03,4.380154568797411940e-01,8.760309137594823881e-01,1.314046370639218253e+00,1.752061827518964776e+00
1.441000000000000000e+03,4.374065909659887175e-01,8.748131819319774349e-01,1.312219772897962544e+00,1.749626363863954870e+00
1.441500000000000000e+03,4.367985714098138739e-01,8.735971428196277477e-01,1.310395714229437569e+00,1.747194285639255495e+00
1.442000000000000000e+03,4.361913970347319203e-01,8.723827940694638405e-01,1.308574191104190376e+00,1.744765588138927681e+00
1.442500000000000000e+03,4.355850666658948600e-01,8.711701333317897200e-01,1.306755199997676753e+00,1.742340266663579440e+00
1.443000000000000000e+03,4.349795791300851699e-01,8.699591582601703399e-01,1.304938737390249681e+00,1.739918316520340680e+00
1.443500000000000000e+03,4.343749332557199638e-01,8.687498665114399277e-01,1.303124799767152453e+00,1.737499733022879855e+00
1.444000000000000000e+03,4.337711278728417774e-01,8.675422557456835548e-01,1.301313383618518227e+00,1.735084511491367110e+00
1.444500000000000000e+03,4.331681618131206779e-01,8.663363236262413558e-01,1.299504485439353818e+00,1.732672647252482712e+00
1.445000000000000000e+03,4.325660339098509333e-01,8.651320678197018665e-01,1.297698101729543918e+00,1.730264135639403733e+00
1.445500000000000000e+03,4.319647429979477371e-01,8.639294859958954742e-01,1.295894228993836661e+00,1.727858971991790948e+00
1.446000000000000000e+03,4.313642879139478747e-01,8.627285758278957495e-01,1.294092863741836963e+00,1.725457151655791499e+00
1.446500000000000000e+03,4.307646674960021738e-01,8.615293349920043475e-01,1.292294002487999638e+00,1.723058669984008695e+00
1.447000000000000000e+03,4.301658805838787236e-01,8.603317611677574472e-01,1.290497641751630731e+00,1.720663522335514894e+00
1.447500000000000000e+03,4.295679260189591009e-01,8.591358520379182018e-01,1.288703778056869309e+00,1.718271704075836404e+00
1.448000000000000000e+03,4.289708026442332622e-01,8.579416052884665245e-01,1.286912407932693680e+00,1.715883210576933049e+00
1.448500000000000000e+03,4.283745093043004881e-01,8.567490186086009762e-01,1.285123527912893415e+00,1.713498037217201952e+00
1.449000000000000000e+03,4.277790448453662187e-01,8.555580896907324373e-01,1.283337134536091551e+00,1.711116179381464875e+00
1.449500000000000000e+03,4.271844081152390560e-01,8.543688162304781120e-01,1.281553224345711728e+00,1.708737632460956224e+00
1.450000000000000000e+03,4.265905979633307088e-01,8.531811959266614176e-01,1.279771793889988407e+00,1.706362391853322835e+00
1.450500000000000000e+03,4.259976132406512184e-01,8.519952264813024367e-01,1.277992839721949325e+00,1.703990452962604873e+00
1.451000000000000000e+03,4.254054527998082924e-01,8.508109055996165848e-01,1.276216358399418604e+00,1.701621811199233170e+00
1.451500000000000000e+03,4.248141154950029752e-01,8.496282309900059504e-01,1.274442346485003208e+00,1.699256461980011901e+00
1.452000000000000000e+03,4.242236001820310909e-01,8.484472003640621818e-01,1.272670800546088943e+00,1.696894400728124364e+00
1.452500000000000000e+03,4.236339057182779144e-01,8.472678114365558288e-01,1.270901717154828248e+00,1.694535622873111658e+00
1.453000000000000000e+03,4.230450309627176719e-01,8.460900619254353439e-01,1.269135092888148408e+00,1.692180123850870688e+00
1.453500000000000000e+03,4.224569747759107652e-01,8.449139495518215304e-01,1.267370924327723358e+00,1.689827899103643061e+00
1.454000000000000000e+03,4.218697360199990531e-01,8.437394720399981063e-01,1.265609208059993218e+00,1.687478944079996213e+00
1.454500000000000000e+03,4.212833135587096267e-01,8.425666271174192534e-01,1.263849940676122774e+00,1.685133254234838507e+00
1.455000000000000000e+03,4.206977062573470372e-01,8.413954125146940743e-01,1.262093118772035227e+00,1.682790825029388149e+00
1.455500000000000000e+03,4.201129129827935738e-01,8.402258259655871475e-01,1.260338738948371562e+00,1.680451651931174295e+00
1.456000000000000000e+03,4.195289326035058775e-01,8.390578652070117549e-01,1.258586797810510305e+00,1.678115730414023510e+00
1.456500000000000000e+03,4.189457639895147745e-01,8.378915279790295489e-01,1.256837291968537107e+00,1.675783055958059098e+00
1.457000000000000000e+03,4.183634060124210574e-01,8.367268120248421148e-01,1.255090218037256289e+00,1.673453624049684230e+00
1.457500000000000000e+03,4.177818575453942640e-01,8.355637150907885280e-01,1.253345572636177518e+00,1.671127430181577056e+00
1.458000000000000000e+03,4.172011174631712893e-01,8.344022349263425786e-01,1.251603352389507373e+00,1.668804469852685157e+00
1.458500000000000000e+03,4.166211846420501685e-01,8.332423692841003371e-01,1.249863553926144899e+00,1.666484738568200674e+00
1.459000000000000000e+03,4.160420579598945734e-01,8.320841159197891468e-01,1.248126173879678280e+00,1.664168231839578294e+00
1.459500000000000000e+03,4.154637362961255964e-01,8.309274725922511928e-01,1.246391208888370628e+00,1.661854945184502386e+00
1.460000000000000000e+03,4.148862185317233608e-01,8.297724370634467217e-01,1.244658655595165753e+00,1.659544874126893443e+00
1.460500000000000000e+03,4.143095035492221356e-01,8.286190070984442713e-01,1.242928510647661522e+00,1.657238014196888543e+00
1.461000000000000000e+03,4.137335902327111126e-01,8.274671804654222251e-01,1.241200770698128508e+00,1.654934360930844450e+00
1.461500000000000000e+03,4.131584774678289107e-01,8.263169549356578214e-01,1.239475432403482902e+00,1.652633909871315643e+00
1.462000000000000000e+03,4.125841641417657968e-01,8.251683282835315936e-01,1.237752492425292061e+00,1.650336656567063187e+00
1.462500000000000000e+03,4.120106491432548035e-01,8.240212982865096070e-01,1.236031947429759192e+00,1.648042596573019214e+00
1.463000000000000000e+03,4.114379313625784462e-01,8.228758627251568925e-01,1.234313794087729121e+00,1.645751725450313785e+00
1.463500000000000000e+03,4.108660096915572879e-01,8.217320193831145758e-01,1.232598029074666535e+00,1.643464038766229152e+00
1.464000000000000000e+03,4.102948830235567113e-01,8.205897660471134225e-01,1.230884649070665526e+00,1.641179532094226845e+00
1.464500000000000000e+03,4.097245502534763717e-01,8.194491005069527434e-01,1.229173650760423619e+00,1.638898201013905487e+00
1.465000000000000000e+03,4.091550102777550268e-01,8.183100205555100537e-01,1.227465030833260640e+00,1.636620041111020107e+00
1.465500000000000000e+03,4.085862619943637086e-01,8.171725239887274173e-01,1.225758785983085630e+00,1.634345047977454835e+00
1.466000000000000000e+03,4.080183043028065559e-01,8.160366086056131119e-01,1.224054912908415282e+00,1.632073217211226224e+00
1.466500000000000000e+03,4.074511361041158186e-01,8.149022722082316372e-01,1.222353408312342626e+00,1.629804544416463274e+00
1.467000000000000000e+03,4.068847563008531343e-01,8.137695126017062686e-01,1.220654268902557238e+00,1.627539025203412537e+00
1.467500000000000000e+03,4.063191637971051429e-01,8.126383275942102857e-01,1.218957491391311043e+00,1.625276655188420571e+00
1.468000000000000000e+03,4.057543574984808776e-01,8.115087149969617553e-01,1.217263072495438747e+00,1.623017429993923511e+00
1.468500000000000000e+03,4.051903363121120427e-01,8.103806726242240854e-01,1.215571008936331410e+00,1.620761345248448171e+00
1.469000000000000000e+03,4.046270991466482392e-01,8.092541982932964784e-01,1.213881297439941775e+00,1.618508396586592957e+00
1.469500000000000000e+03,4.040646449122571870e-01,8.081292898245143741e-01,1.212193934736766732e+00,1.616258579649028748e+00
1.470000000000000000e+03,4.035029725206205065e-01,8.070059450412410129e-01,1.210508917561855524e+00,1.614011890082482026e+00
1.470500000000000000e+03,4.029420808849330515e-01,8.058841617698661031e-01,1.208826242654794214e+00,1.611768323539732206e+00
1.471000000000000000e+03,4.023819689199009120e-01,8.047639378398018239e-01,1.207145906759698351e+00,1.609527875679603648e+00
1.471500000000000000e+03,4.018226355417391371e-01,8.036452710834782742e-01,1.205467906625210972e+00,1.607290542166956548e+00
1.472000000000000000e+03,4.012640796681667399e-01,8.025281593363334798e-01,1.203792239004495057e+00,1.605056318672666960e+00
1.472500000000000000e+03,4.007063002184103051e-01,8.014126004368206102e-01,1.202118900655225309e+00,1.602825200873641220e+00
1.473000000000000000e+03,4.001492961131971615e-01,8.002985922263943230e-01,1.200447888339586155e+00,1.600597184452788646e+00
1.473500000000000000e+03,3.995930662747550488e-01,7.991861325495100976e-01,1.198779198824259096e+00,1.598372265099020195e+00
1.474000000000000000e+03,3.990376096268099526e-01,7.980752192536199052e-01,1.197112828880423585e+00,1.596150438507239810e+00
1.474500000000000000e+03,3.984829250945842727e-01,7.969658501891685454e-01,1.195448775283746379e+00,1.593931700378337091e+00
1.475000000000000000e+03,3.979290116047936032e-01,7.958580232095872065e-01,1.193787034814374204e+00,1.591716046419174413e+00
1.475500000000000000e+03,3.973758680856462888e-01,7.947517361712925776e-01,1.192127604256931761e+00,1.589503472342585155e+00
1.476000000000000000e+03,3.968234934668396496e-01,7.936469869336792993e-01,1.190470480400515507e+00,1.587293973867358599e+00
1.476500000000000000e+03,3.962718866795605366e-01,7.925437733591210732e-01,1.188815660038677002e+00,1.585087546718242146e+00
1.477000000000000000e+03,3.957210466564791695e-01,7.914420933129583391e-01,1.187163139969434678e+00,1.582884186625916678e+00
1.477500000000000000e+03,3.951709723317513578e-01,7.903419446635027157e-01,1.185512916995249855e+00,1.580683889327005431e+00
1.478000000000000000e+03,3.946216626410127826e-01,7.892433252820255651e-01,1.183864987923036072e+00,1.578486650564051130e+00
1.478500000000000000e+03,3.940731165213804399e-01,7.881462330427608798e-01,1.182219349564137101e+00,1.576292466085521760e+00
1.479000000000000000e+03,3.935253329114475895e-01,7.870506658228951791e-01,1.180575998734339827e+00,1.574101331645790358e+00
1.479500000000000000e+03,3.929783107512829776e-01,7.859566215025659552e-01,1.178934932253844714e+00,1.571913243005131910e+00
1.480000000000000000e+03,3.924320489824294489e-01,7.848640979648588978e-01,1.177296146947283351e+00,1.569728195929717796e+00
1.480500000000000000e+03,3.918865465478996168e-01,7.837730930957992337e-01,1.175659639643694465e+00,1.567546186191598467e+00
1.481000000000000000e+03,3.913418023921779176e-01,7.826836047843558353e-01,1.174025407176529923e+00,1.565367209568711671e+00
1.481500000000000000e+03,3.907978154612134492e-01,7.815956309224268983e-01,1.172393446383634741e+00,1.563191261844853797e+00
1.482000000000000000e+03,3.902545847024217474e-01,7.805091694048434947e-01,1.170763754107261967e+00,1.561018338809686989e+00
1.482500000000000000e+03,3.897121090646815667e-01,7.794242181293631333e-01,1.169136327194039593e+00,1.558848436258726267e+00
1.483000000000000000e+03,3.891703874983322153e-01,7.783407749966644307e-01,1.167511162494994092e+00,1.556681549993328861e+00
1.483500000000000000e+03,3.886294189551728340e-01,7.772588379103456679e-01,1.165888256865514894e+00,1.554517675820691336e+00
1.484000000000000000e+03,3.880892023884590647e-01,7.761784047769181294e-01,1.164267607165374363e+00,1.552356809553836259e+00
1.484500000000000000e+03,3.875497367529013859e-01,7.750994735058027718e-01,1.162649210258700272e+00,1.550198947011605544e+00
1.485000000000000000e+03,3.870110210046641686e-01,7.740220420093283371e-01,1.161033063013988675e+00,1.548044084018656674e+00
1.485500000000000000e+03,3.864730541013608467e-01,7.729461082027216934e-01,1.159419162304079487e+00,1.545892216405443387e+00
1.486000000000000000e+03,3.859358350020577477e-01,7.718716700041154954e-01,1.157807505006168691e+00,1.543743340008230991e+00
1.486500000000000000e+03,3.853993626672631012e-01,7.707987253345262024e-01,1.156198088001784363e+00,1.541597450669052405e+00
1.487000000000000000e+03,3.848636360589344774e-01,7.697272721178689547e-01,1.154590908176797104e+00,1.539454544235737909e+00
1.487500000000000000e+03,3.843286541404684065e-01,7.686573082809368129e-01,1.152985962421399169e+00,1.537314616561873626e+00
1.488000000000000000e+03,3.837944158767067071e-01,7.675888317534134142e-01,1.151383247630113127e+00,1.535177663506826828e+00
1.488500000000000000e+03,3.832609202339253840e-01,7.665218404678507680e-01,1.149782760701771878e+00,1.533043680935701536e+00
1.489000000000000000e+03,3.827281661798426216e-01,7.654563323596852431e-01,1.148184498539522203e+00,1.530912664719370486e+00
1.489500000000000000e+03,3.821961526836067935e-01,7.643923053672135870e-01,1.146588458050815440e+00,1.528784610734427174e+00
1.490000000000000000e+03,3.816648787158021805e-01,7.633297574316043610e-01,1.144994636147401490e+00,1.526659514863208722e+00
1.490500000000000000e+03,3.811343432484424198e-01,7.622686864968848397e-01,1.143403029745321486e+00,1.524537372993769679e+00
1.491000000000000000e+03,3.806045452549710051e-01,7.612090905099420102e-01,1.141813635764907575e+00,1.522418181019884020e+00
1.491500000000000000e+03,3.800754837102581218e-01,7.601509674205162437e-01,1.140226451130769592e+00,1.520301934841032487e+00
1.492000000000000000e+03,3.795471575905986494e-01,7.590943151811972989e-01,1.138641472771791285e+00,1.518188630362394598e+00
1.492500000000000000e+03,3.790195658737111062e-01,7.580391317474222124e-01,1.137058697621126990e+00,1.516078263494844425e+00
1.493000000000000000e+03,3.784927075387344853e-01,7.569854150774689705e-01,1.135478122616198071e+00,1.513970830154937941e+00
1.493500000000000000e+03,3.779665815662267003e-01,7.559331631324534007e-01,1.133899744698674050e+00,1.511866326264906801e+00
1.494000000000000000e+03,3.774411869381638640e-01,7.548823738763277280e-01,1.132323560814485708e+00,1.509764747752655456e+00
1.494500000000000000e+03,3.769165226379356803e-01,7.538330452758713607e-01,1.130749567913800879e+00,1.507666090551742721e+00
1.495000000000000000e+03,3.763925876503461110e-01,7.527851753006922220e-01,1.129177762951032005e+00,1.505570350601384444e+00
1.495500000000000000e+03,3.758693809616095449e-01,7.517387619232190898e-01,1.127608142884822140e+00,1.503477523846438180e+00
1.496000000000000000e+03,3.753469015593512426e-01,7.506938031187024851e-01,1.126040704678046733e+00,1.501387606237404970e+00
1.496500000000000000e+03,3.748251484326010630e-01,7.496502968652021259e-01,1.124475445297794529e+00,1.499300593730404252e+00
1.497000000000000000e+03,3.743041205717954623e-01,7.486082411435909245e-01,1.122912361715378449e+00,1.497216482287181849e+00
1.497500000000000000e+03,3.737838169687748291e-01,7.475676339375496582e-01,1.121351450906316272e+00,1.495135267875099316e+00
1.498000000000000000e+03,3.732642366167809311e-01,7.465284732335618623e-01,1.119792709850333967e+00,1.493056946467123725e+00
1.498500000000000000e+03,3.727453785104531958e-01,7.454907570209063916e-01,1.118236135531350817e+00,1.490981514041812783e+00
1.499000000000000000e+03,3.722272416458312638e-01,7.444544832916625277e-01,1.116681724937484521e+00,1.488908966583325055e+00
1.499500000000000000e+03,3.717098250203478282e-01,7.434196500406956565e-01,1.115129475061035214e+00,1.486839300081391313e+00
1.500000000000000000e+03,3.711931276328307994e-01,7.423862552656615987e-01,1.113579382898485237e+00,1.484772510531323197e+00
1.500500000000000000e+03,3.706771484834993080e-01,7.413542969669986160e-01,1.112031445450490930e+00,1.482708593933997232e+00
1.501000000000000000e+03,3.701618865739629283e-01,7.403237731479258565e-01,1.110485659721881735e+00,1.480647546295851713e+00
1.501500000000000000e+03,3.696473409072166261e-01,7.392946818144332521e-01,1.108942022721643106e+00,1.478589363628866504e+00
1.502000000000000000e+03,3.691335104876445894e-01,7.382670209752891788e-01,1.107400531462928273e+00,1.476534041950578358e+00
1.502500000000000000e+03,3.686203943210124567e-01,7.372407886420249135e-01,1.105861182963030265e+00,1.474481577284049827e+00
1.503000000000000000e+03,3.681079914144696486e-01,7.362159828289392971e-01,1.104323974243402118e+00,1.472431965657878594e+00
1.503500000000000000e+03,3.675963007765437052e-01,7.351926015530874103e-01,1.102788902329624232e+00,1.470385203106174821e+00
1.504000000000000000e+03,3.670853214171425072e-01,7.341706428342850144e-01,1.101255964251420361e+00,1.468341285668570029e+00
1.504500000000000000e+03,3.665750523475485023e-01,7.331501046950970046e-01,1.099725157042637624e+00,1.466300209390194009e+00
1.505000000000000000e+03,3.660654925804197046e-01,7.321309851608394093e-01,1.098196477741253174e+00,1.464261970321678819e+00
1.505500000000000000e+03,3.655566411297863638e-01,7.311132822595727276e-01,1.096669923389350210e+00,1.462226564519145455e+00
1.506000000000000000e+03,3.650484970110478566e-01,7.300969940220957133e-01,1.095145491033137519e+00,1.460193988044191427e+00
1.506500000000000000e+03,3.645410592409750183e-01,7.290821184819500367e-01,1.093623177722917283e+00,1.458164236963900073e+00
1.507000000000000000e+03,3.640343268377029262e-01,7.280686536754058524e-01,1.092102980513100619e+00,1.456137307350811705e+00
1.507500000000000000e+03,3.635282988207326205e-01,7.270565976414652409e-01,1.090584896462189368e+00,1.454113195282930482e+00
1.508000000000000000e+03,3.630229742109277180e-01,7.260459484218554360e-01,1.089068922632774550e+00,1.452091896843710872e+00
1.508500000000000000e+03,3.625183520305128027e-01,7.250367040610256053e-01,1.087555056091530581e+00,1.450073408122051211e+00
1.509000000000000000e+03,3.620144313030724814e-01,7.240288626061449628e-01,1.086043293909208618e+00,1.448057725212289926e+00
1.509500000000000000e+03,3.615112110535472767e-01,7.230224221070945534e-01,1.084533633160633892e+00,1.446044844214189107e+00
1.510000000000000000e+03,3.610086903082342369e-01,7.220173806164684738e-01,1.083026070924694162e+00,1.444034761232936948e+00
1.510500000000000000e+03,3.605068680947829951e-01,7.210137361895659902e-01,1.081520604284343268e+00,1.442027472379131980e+00
1.511000000000000000e+03,3.600057434421967129e-01,7.200114868843934257e-01,1.080017230326582034e+00,1.440022973768786851e+00
1.511500000000000000e+03,3.595053153808250301e-01,7.190106307616500603e-01,1.078515946142467374e+00,1.438021261523300121e+00
1.512000000000000000e+03,3.590055829423685063e-01,7.180111658847370126e-01,1.077016748827097636e+00,1.436022331769474025e+00
1.512500000000000000e+03,3.585065451598716257e-01,7.170130903197432515e-01,1.075519635479610159e+00,1.434026180639486503e+00
1.513000000000000000e+03,3.580082010677251292e-01,7.160164021354502584e-01,1.074024603203169059e+00,1.432032804270900517e+00
1.513500000000000000e+03,3.575105497016590195e-01,7.150210994033180389e-01,1.072531649104973450e+00,1.430042198806636078e+00
1.514000000000000000e+03,3.570135900987480015e-01,7.140271801974960031e-01,1.071040770296237232e+00,1.428054360394992006e+00
1.514500000000000000e+03,3.565173212973996586e-01,7.130346425947993172e-01,1.069551963892195090e+00,1.426069285189598634e+00
1.515000000000000000e+03,3.560217423373640555e-01,7.120434846747281110e-01,1.068065227012086060e+00,1.424086969349456222e+00
1.515500000000000000e+03,3.555268522597208047e-01,7.110537045194416095e-01,1.066580556779157529e+00,1.422107409038883219e+00
1.516000000000000000e+03,3.550326501068871710e-01,7.100653002137743419e-01,1.065097950320653908e+00,1.420130600427548684e+00
1.516500000000000000e+03,3.545391349226073019e-01,7.090782698452146038e-01,1.063617404767816854e+00,1.418156539690429208e+00
1.517000000000000000e+03,3.540463057519582790e-01,7.080926115039165580e-01,1.062138917255868620e+00,1.416185223007833116e+00
1.517500000000000000e+03,3.535541616413414023e-01,7.071083232826828047e-01,1.060662484924019822e+00,1.414216646565365609e+00
1.518000000000000000e+03,3.530627016384863537e-01,7.061254032769727074e-01,1.059188104915453676e+00,1.412250806553945415e+00
1.518500000000000000e+03,3.525719247924444244e-01,7.051438495848888488e-01,1.057715774377328444e+00,1.410287699169777698e+00
1.519000000000000000e+03,3.520818301535906247e-01,7.041636603071812495e-01,1.056245490460765213e+00,1.408327320614362499e+00
1.519500000000000000e+03,3.515924167736166339e-01,7.031848335472332678e-01,1.054777250320844351e+00,1.406369667094466536e+00
1.520000000000000000e+03,3.511036837055376281e-01,7.022073674110752561e-01,1.053311051116604391e+00,1.404414734822150512e+00
1.520500000000000000e+03,3.506156300036795126e-01,7.012312600073590252e-01,1.051846890011032043e+00,1.402462520014718050e+00
1.521000000000000000e+03,3.501282547236866383e-01,7.002565094473732765e-01,1.050384764171052421e+00,1.400513018894746553e+00
1.521500000000000000e+03,3.496415569225139186e-01,6.992831138450278372e-01,1.048924670767535483e+00,1.398566227690055674e+00
1.522000000000000000e+03,3.491555356584292169e-01,6.983110713168584338e-01,1.047466606975280268e+00,1.396622142633716868e+00
1.522500000000000000e+03,3.486701899910066293e-01,6.973403799820132587e-01,1.046010569973013782e+00,1.394680759964026517e+00
1.523000000000000000e+03,3.481855189811316476e-01,6.963710379622632951e-01,1.044556556943387005e+00,1.392742075924526590e+00
1.523500000000000000e+03,3.477015216909896123e-01,6.954030433819792245e-01,1.043104565072963341e+00,1.390806086763958449e+00
1.524000000000000000e+03,3.472181971840754278e-01,6.944363943681508555e-01,1.041654591552219289e+00,1.388872788736301711e+00
1.524500000000000000e+03,3.467355445251800172e-01,6.934710890503600345e-01,1.040206633575534445e+00,1.386942178100720069e+00
1.525000000000000000e+03,3.462535627803998151e-01,6.925071255607996301e-01,1.038760688341192839e+00,1.385014251121599260e+00
1.525500000000000000e+03,3.457722510171249986e-01,6.915445020342499971e-01,1.037316753051369389e+00,1.383089004068499994e+00
1.526000000000000000e+03,3.452916083040447615e-01,6.905832166080895229e-01,1.035874824912128345e+00,1.381166433216179046e+00
1.526500000000000000e+03,3.448116337111412633e-01,6.896232674222825265e-01,1.034434901133419737e+00,1.379246534844565053e+00
1.527000000000000000e+03,3.443323263096917386e-01,6.886646526193834772e-01,1.032996978929068277e+00,1.377329305238766954e+00
1.527500000000000000e+03,3.438536851722608922e-01,6.877073703445217845e-01,1.031561055516778680e+00,1.375414740689043569e+00
1.528000000000000000e+03,3.433757093727065057e-01,6.867514187454130115e-01,1.030127128118112356e+00,1.373502837490826023e+00
1.528500000000000000e+03,3.428983979861693898e-01,6.857967959723387796e-01,1.028695193958504728e+00,1.371593591944677559e+00
1.529000000000000000e+03,3.424217500890813226e-01,6.848435001781626452e-01,1.027265250267237251e+00,1.369687000356325290e+00
1.529500000000000000e+03,3.419457647591525040e-01,6.838915295183050080e-01,1.025837294277453182e+00,1.367783059036610016e+00
1.530000000000000000e+03,3.414704410753798269e-01,6.829408821507596539e-01,1.024411323226132264e+00,1.365881764301519308e+00
1.530500000000000000e+03,3.409957781180357195e-01,6.819915562360714389e-01,1.022987334354102495e+00,1.363983112472142878e+00
1.531000000000000000e+03,3.405217749686754170e-01,6.810435499373508339e-01,1.021565324906018368e+00,1.362087099874701668e+00
1.531500000000000000e+03,3.400484307101283021e-01,6.800968614202566043e-01,1.020145292130379078e+00,1.360193722840513209e+00
1.532000000000000000e+03,3.395757444264997926e-01,6.791514888529995853e-01,1.018727233279492106e+00,1.358302977705999171e+00
1.532500000000000000e+03,3.391037152031673996e-01,6.782074304063347991e-01,1.017311145609496092e+00,1.356414860812669598e+00
1.533000000000000000e+03,3.386323421267820044e-01,6.772646842535640088e-01,1.015897026380337964e+00,1.354529368507128018e+00
1.533500000000000000e+03,3.381616242852608090e-01,6.763232485705216179e-01,1.014484872855776487e+00,1.352646497141043236e+00
1.534000000000000000e+03,3.376915607677929976e-01,6.753831215355859952e-01,1.013074682303371166e+00,1.350766243071171990e+00
1.534500000000000000e+03,3.372221506648293010e-01,6.744443013296586020e-01,1.011666451994482907e+00,1.348888602659317204e+00
1.535000000000000000e+03,3.367533930680894350e-01,6.735067861361788699e-01,1.010260179204260700e+00,1.347013572272357740e+00
1.535500000000000000e+03,3.362852870705514419e-01,6.725705741411028837e-01,1.008855861211648497e+00,1.345141148282205767e+00
1.536000000000000000e+03,3.358178317664577972e-01,6.716356635329155944e-01,1.007453495299365009e+00,1.343271327065831189e+00
1.536500000000000000e+03,3.353510262513065276e-01,6.707020525026130553e-01,1.006053078753912589e+00,1.341404105005226111e+00
1.537000000000000000e+03,3.348848696218562071e-01,6.697697392437124142e-01,1.004654608865559018e+00,1.339539478487424828e+00
1.537500000000000000e+03,3.344193609761187402e-01,6.688387219522374805e-01,1.003258082928347061e+00,1.337677443904474961e+00
1.538000000000000000e+03,3.339544994133608058e-01,6.679089988267216116e-01,1.001863498240072703e+00,1.335817997653443223e+00
1.538500000000000000e+03,3.334902840341007479e-01,6.669805680682014959e-01,1.000470852102293806e+00,1.333961136136402992e+00
1.539000000000000000e+03,3.330267139401085208e-01,6.660534278802170416e-01,9.990801418203169026e-01,1.332106855760434083e+00
1.539500000000000000e+03,3.325637882343998042e-01,6.651275764687996084e-01,9.976913647031926402e-01,1.330255152937599217e+00
1.540000000000000000e+03,3.321015060212413328e-01,6.642030120424826656e-01,9.963045180637147835e-01,1.328406024084965331e+00
1.540500000000000000e+03,3.316398664061401269e-01,6.632797328122802538e-01,9.949195992184129977e-01,1.326559465624560508e+00
1.541000000000000000e+03,3.311788684958514306e-01,6.623577369917028612e-01,9.935366054875427455e-01,1.324715473983405722e+00
1.541500000000000000e+03,3.307185113983671099e-01,6.614370227967342197e-01,9.921555341950925033e-01,1.322874045593468439e+00
1.542000000000000000e+03,3.302587942229238682e-01,6.605175884458477364e-01,9.907763826687608910e-01,1.321035176891695473e+00
1.542500000000000000e+03,3.297997160799926997e-01,6.595994321599853993e-01,9.893991482399695503e-01,1.319198864319970799e+00
1.543000000000000000e+03,3.293412760812845508e-01,6.586825521625691016e-01,9.880238282438422726e-01,1.317365104325138203e+00
1.543500000000000000e+03,3.288834733397421051e-01,6.577669466794842101e-01,9.866504200192151020e-01,1.315533893358968420e+00
1.544000000000000000e+03,3.284263069695427806e-01,6.568526139390855612e-01,9.852789209086160183e-01,1.313705227878171122e+00
1.544500000000000000e+03,3.279697760860937894e-01,6.559395521721875788e-01,9.839093282582715982e-01,1.311879104344375158e+00
1.545000000000000000e+03,3.275138798060353573e-01,6.550277596120707146e-01,9.825416394180958024e-01,1.310055519224141429e+00
1.545500000000000000e+03,3.270586172472310649e-01,6.541172344944621297e-01,9.811758517416842018e-01,1.308234468988924259e+00
1.546000000000000000e+03,3.266039875287748973e-01,6.532079750575497945e-01,9.798119625863144222e-01,1.306415950115099589e+00
1.546500000000000000e+03,3.261499897709825291e-01,6.522999795419650582e-01,9.784499693129358189e-01,1.304599959083930116e+00
1.547000000000000000e+03,3.256966230953933228e-01,6.513932461907866456e-01,9.770898692861686996e-01,1.302786492381573291e+00
1.547500000000000000e+03,3.252438866247678306e-01,6.504877732495356613e-01,9.757316598742932223e-01,1.300975546499071323e+00
1.548000000000000000e+03,3.247917794830867955e-01,6.495835589661735909e-01,9.743753384492493952e-01,1.299167117932347182e+00
1.548500000000000000e+03,3.243403007955469319e-01,6.486806015910938639e-01,9.730209023866297491e-01,1.297361203182187728e+00
1.549000000000000000e+03,3.238894496885633134e-01,6.477788993771266268e-01,9.716683490656743416e-01,1.295557798754253254e+00
1.549500000000000000e+03,3.234392252897609898e-01,6.468784505795219797e-01,9.703176758692705350e-01,1.293756901159043959e+00
1.550000000000000000e+03,3.229896267279838695e-01,6.459792534559677391e-01,9.689688801839387855e-01,1.291958506911935478e+00
1.550500000000000000e+03,3.225406531332813964e-01,6.450813062665627928e-01,9.676219593998323099e-01,1.290162612533125586e+00
1.551000000000000000e+03,3.220923036369164327e-01,6.441846072738328655e-01,9.662769109107374188e-01,1.288369214547665731e+00
1.551500000000000000e+03,3.216445773713551559e-01,6.432891547427103118e-01,9.649337321140558643e-01,1.286578309485420624e+00
1.552000000000000000e+03,3.211974734702747747e-01,6.423949469405495494e-01,9.635924204108130553e-01,1.284789893881099099e+00
1.552500000000000000e+03,3.207509910685517607e-01,6.415019821371035214e-01,9.622529732056431806e-01,1.283003964274207043e+00
1.553000000000000000e+03,3.203051293022681212e-01,6.406102586045362424e-01,9.609153879067927617e-01,1.281220517209072485e+00
1.553500000000000000e+03,3.198598873087057370e-01,6.397197746174114741e-01,9.595796619261055538e-01,1.279439549234822948e+00
1.554000000000000000e+03,3.194152642263464181e-01,6.388305284526928363e-01,9.582457926790279856e-01,1.277661056905385673e+00
1.554500000000000000e+03,3.189712591948687392e-01,6.379425183897374785e-01,9.569137775845931726e-01,1.275885036779474957e+00
1.555000000000000000e+03,3.185278713551474850e-01,6.370557427102949699e-01,9.555836140654300204e-01,1.274111485420589940e+00
1.555500000000000000e+03,3.180850998492517068e-01,6.361701996985034135e-01,9.542552995477411315e-01,1.272340399397006827e+00
1.556000000000000000e+03,3.176429438204433353e-01,6.352858876408866706e-01,9.529288314613175714e-01,1.270571775281773341e+00
1.556500000000000000e+03,3.172014024131737941e-01,6.344028048263475883e-01,9.516042072395103357e-01,1.268805609652695177e+00
1.557000000000000000e+03,3.167604747730863868e-01,6.335209495461727736e-01,9.502814243192486687e-01,1.267041899092345547e+00
1.557500000000000000e+03,3.163201600470099129e-01,6.326403200940198257e-01,9.489604801410170820e-01,1.265280640188039651e+00
1.558000000000000000e+03,3.158804573829593898e-01,6.317609147659187796e-01,9.476413721488671227e-01,1.263521829531837559e+00
1.558500000000000000e+03,3.154413659301343320e-01,6.308827318602686640e-01,9.463240977903922824e-01,1.261765463720537328e+00
1.559000000000000000e+03,3.150028848389174185e-01,6.300057696778348371e-01,9.450086545167432073e-01,1.260011539355669674e+00
1.559500000000000000e+03,3.145650132608722171e-01,6.291300265217444343e-01,9.436950397826071590e-01,1.258260053043488869e+00
1.560000000000000000e+03,3.141277503487412970e-01,6.282555006974825940e-01,9.423832510462154533e-01,1.256511001394965188e+00
1.560500000000000000e+03,3.136910952564450628e-01,6.273821905128901255e-01,9.410732857693251407e-01,1.254764381025780251e+00
1.561000000000000000e+03,3.132550471390802005e-01,6.265100942781604010e-01,9.397651414172308870e-01,1.253020188556320802e+00
1.561500000000000000e+03,3.128196051529164579e-01,6.256392103058329157e-01,9.384588154587395481e-01,1.251278420611665831e+00
1.562000000000000000e+03,3.123847684553993642e-01,6.247695369107987284e-01,9.371543053661887113e-01,1.249539073821597457e+00
1.562500000000000000e+03,3.119505362051429587e-01,6.239010724102859173e-01,9.358516086154184954e-01,1.247802144820571835e+00
1.563000000000000000e+03,3.115169075619325101e-01,6.230338151238650202e-01,9.345507226857875382e-01,1.246067630247730040e+00
1.563500000000000000e+03,3.110838816867198542e-01,6.221677633734397084e-01,9.332516450601477942e-01,1.244335526746879417e+00
1.564000000000000000e+03,3.106514577416241152e-01,6.213029154832482304e-01,9.319543732248612988e-01,1.242605830966496461e+00
1.564500000000000000e+03,3.102196348899287637e-01,6.204392697798575274e-01,9.306589046697750778e-01,1.240878539559715055e+00
1.565000000000000000e+03,3.097884122960803954e-01,6.195768245921607908e-01,9.293652368882316939e-01,1.239153649184321582e+00
1.565500000000000000e+03,3.093577891256880652e-01,6.187155782513761304e-01,9.280733673770531489e-01,1.237431156502752261e+00
1.566000000000000000e+03,3.089277645455184573e-01,6.178555290910369147e-01,9.267832936365454355e-01,1.235711058182073829e+00
1.566500000000000000e+03,3.084983377234987167e-01,6.169966754469974335e-01,9.254950131704855476e-01,1.233993350893994867e+00
1.567000000000000000e+03,3.080695078287108979e-01,6.161390156574217958e-01,9.242085234861247001e-01,1.232278031314843592e+00
1.567500000000000000e+03,3.076412740313936856e-01,6.152825480627873711e-01,9.229238220941706761e-01,1.230565096125574742e+00
1.568000000000000000e+03,3.072136355029373433e-01,6.144272710058746867e-01,9.216409065088031483e-01,1.228854542011749373e+00
1.568500000000000000e+03,3.067865914158855456e-01,6.135731828317710912e-01,9.203597742476471444e-01,1.227146365663542182e+00
1.569000000000000000e+03,3.063601409439318801e-01,6.127202818878637602e-01,9.190804228317867031e-01,1.225440563775727520e+00
1.569500000000000000e+03,3.059342832619177388e-01,6.118685665238354776e-01,9.178028497857435575e-01,1.223737133047670955e+00
1.570000000000000000e+03,3.055090175458322621e-01,6.110180350916645242e-01,9.165270526374876825e-01,1.222036070183329048e+00
1.570500000000000000e+03,3.050843429728100631e-01,6.101686859456201262e-01,9.152530289184198642e-01,1.220337371891240252e+00
1.571000000000000000e+03,3.046602587211286184e-01,6.093205174422572368e-01,9.139807761633756966e-01,1.218641034884514474e+00
1.571500000000000000e+03,3.042367639702090454e-01,6.084735279404180908e-01,9.127102919106168111e-01,1.216947055880836182e+00
1.572000000000000000e+03,3.038138579006122164e-01,6.076277158012244328e-01,9.114415737018258801e-01,1.215255431602448866e+00
1.572500000000000000e+03,3.033915396940379816e-01,6.067830793880759632e-01,9.101746190821023985e-01,1.213566158776151926e+00
1.573000000000000000e+03,3.029698085333238367e-01,6.059396170666476733e-01,9.089094255999611294e-01,1.211879234133295347e+00
1.573500000000000000e+03,3.025486636024438125e-01,6.050973272048876250e-01,9.076459908073203353e-01,1.210194654409775250e+00
1.574000000000000000e+03,3.021281040865053669e-01,6.042562081730107337e-01,9.063843122595052204e-01,1.208512416346021467e+00
1.574500000000000000e+03,3.017081291717493285e-01,6.034162583434986571e-01,9.051243875152371610e-01,1.206832516686997314e+00
1.575000000000000000e+03,3.012887380455471220e-01,6.025774760910942440e-01,9.038662141366313740e-01,1.205154952182188488e+00
1.575500000000000000e+03,3.008699298964007118e-01,6.017398597928014237e-01,9.026097896891911443e-01,1.203479719585602847e+00
1.576000000000000000e+03,3.004517039139388279e-01,6.009034078278776558e-01,9.013551117418059366e-01,1.201806815655755312e+00
1.576500000000000000e+03,3.000340592889179647e-01,6.000681185778359295e-01,9.001021778667425144e-01,1.200136237155671859e+00
1.577000000000000000e+03,2.996169952132180514e-01,5.992339904264361028e-01,8.988509856396428299e-01,1.198467980852872206e+00
1.577500000000000000e+03,2.992005108798437840e-01,5.984010217596875680e-01,8.976015326395200278e-01,1.196802043519375136e+00
1.578000000000000000e+03,2.987846054829203513e-01,5.975692109658407025e-01,8.963538164487508952e-01,1.195138421931681405e+00
1.578500000000000000e+03,2.983692782176946001e-01,5.967385564353892002e-01,8.951078346530730867e-01,1.193477112870778400e+00
1.579000000000000000e+03,2.979545282805302620e-01,5.959090565610605239e-01,8.938635848415819041e-01,1.191818113122121048e+00
1.579500000000000000e+03,2.975403548689104505e-01,5.950807097378209010e-01,8.926210646067213039e-01,1.190161419475641802e+00
1.580000000000000000e+03,2.971267571814314445e-01,5.942535143628628891e-01,8.913802715442858959e-01,1.188507028725725778e+00
1.580500000000000000e+03,2.967137344178050751e-01,5.934274688356101501e-01,8.901412032534052887e-01,1.186854937671220300e+00
1.581000000000000000e+03,2.963012857788551169e-01,5.926025715577102337e-01,8.889038573365555251e-01,1.185205143115420467e+00
1.581500000000000000e+03,2.958894104665160119e-01,5.917788209330320237e-01,8.876682313995379880e-01,1.183557641866064047e+00
1.582000000000000000e+03,2.954781076838313147e-01,5.909562153676626295e-01,8.864343230514866168e-01,1.181912430735325259e+00
1.582500000000000000e+03,2.950673766349541371e-01,5.901347532699082743e-01,8.852021299048538072e-01,1.180269506539816549e+00
1.583000000000000000e+03,2.946572165251418740e-01,5.893144330502837480e-01,8.839716495754172954e-01,1.178628866100567496e+00
1.583500000000000000e+03,2.942476265607573138e-01,5.884952531215146276e-01,8.827428796822632817e-01,1.176990506243029255e+00
1.584000000000000000e+03,2.938386059492662516e-01,5.876772118985325033e-01,8.815158178477900952e-01,1.175354423797065007e+00
1.584500000000000000e+03,2.934301538992369895e-01,5.868603077984739791e-01,8.802904616977024199e-01,1.173720615596947958e+00
1.585000000000000000e+03,2.930222696203371724e-01,5.860445392406743448e-01,8.790668088610026354e-01,1.172089078481348690e+00
1.585500000000000000e+03,2.926149523233332883e-01,5.852299046466665766e-01,8.778448569699914827e-01,1.170459809293333153e+00
1.586000000000000000e+03,2.922082012200890033e-01,5.844164024401780066e-01,8.766246036602580727e-01,1.168832804880356013e+00
1.586500000000000000e+03,2.918020155235629409e-01,5.836040310471258818e-01,8.754060465706801075e-01,1.167208062094251764e+00
1.587000000000000000e+03,2.913963944478086265e-01,5.827927888956172531e-01,8.741891833434174419e-01,1.165585577791234506e+00
1.587500000000000000e+03,2.909913372079716010e-01,5.819826744159432019e-01,8.729740116239068648e-01,1.163965348831886404e+00
1.588000000000000000e+03,2.905868430202885877e-01,5.811736860405771754e-01,8.717605290608589907e-01,1.162347372081154351e+00
1.588500000000000000e+03,2.901829111020857166e-01,5.803658222041714332e-01,8.705487333062490451e-01,1.160731644408342866e+00
1.589000000000000000e+03,2.897795406717767475e-01,5.795590813435534949e-01,8.693386220153227484e-01,1.159118162687106990e+00
1.589500000000000000e+03,2.893767309488627371e-01,5.787534618977254741e-01,8.681301928465795514e-01,1.157506923795450948e+00
1.590000000000000000e+03,2.889744811539284863e-01,5.779489623078569727e-01,8.669234434617778540e-01,1.155897924615713945e+00
1.590500000000000000e+03,2.885727905086433176e-01,5.771455810172866352e-01,8.657183715259220147e-01,1.154291162034573270e+00
1.591000000000000000e+03,2.881716582357577439e-01,5.763433164715154877e-01,8.645149747072665702e-01,1.152686632943030975e+00
1.591500000000000000e+03,2.877710835591034133e-01,5.755421671182068266e-01,8.633132506773024684e-01,1.151084334236413653e+00
1.592000000000000000e+03,2.873710657035901117e-01,5.747421314071802234e-01,8.621131971107625080e-01,1.149484262814360447e+00
1.592500000000000000e+03,2.869716038952054293e-01,5.739432077904108587e-01,8.609148116856092381e-01,1.147886415580821717e+00
1.593000000000000000e+03,2.865726973610128181e-01,5.731453947220256362e-01,8.597180920830324036e-01,1.146290789444051272e+00
1.593500000000000000e+03,2.861743453291502037e-01,5.723486906583004075e-01,8.585230359874436168e-01,1.144697381316600815e+00
1.594000000000000000e+03,2.857765470288287646e-01,5.715530940576575292e-01,8.573296410864791328e-01,1.143106188115315058e+00
1.594500000000000000e+03,2.853793016903303226e-01,5.707586033806606451e-01,8.561379050709841954e-01,1.141517206761321290e+00
1.595000000000000000e+03,2.849826085450076207e-01,5.699652170900152415e-01,8.549478256350163674e-01,1.139930434180030483e+00
1.595500000000000000e+03,2.845864668252807150e-01,5.691729336505614301e-01,8.537594004758359834e-01,1.138345867301122860e+00
1.596000000000000000e+03,2.841908757646375294e-01,5.683817515292750588e-01,8.525726272939060379e-01,1.136763503058550118e+00
1.596500000000000000e+03,2.837958345976314134e-01,5.675916691952628268e-01,8.513875037928870793e-01,1.135183338390525654e+00
1.597000000000000000e+03,2.834013425598793101e-01,5.668026851197586202e-01,8.502040276796316576e-01,1.133605370239517240e+00
1.597500000000000000e+03,2.830073988880610902e-01,5.660147977761221805e-01,8.490221966641767759e-01,1.132029595552244361e+00
1.598000000000000000e+03,2.826140028199172760e-01,5.652280056398345520e-01,8.478420084597463324e-01,1.130456011279669104e+00
1.598500000000000000e+03,2.822211535942481531e-01,5.644423071884963061e-01,8.466634607827402403e-01,1.128884614376992612e+00
1.599000000000000000e+03,2.818288504509131043e-01,5.636577009018262086e-01,8.454865513527350940e-01,1.127315401803652417e+00
1.599500000000000000e+03,2.814370926308258913e-01,5.628741852616517827e-01,8.443112778924728445e-01,1.125748370523303565e+00
1.600000000000000000e+03,2.810458793759579299e-01,5.620917587519158598e-01,8.431376381278689047e-01,1.124183517503831720e+00
1.600500000000000000e+03,2.806552099293320723e-01,5.613104198586641447e-01,8.419656297879923867e-01,1.122620839717328289e+00
1.601000000000000000e+03,2.802650835350260494e-01,5.605301670700520988e-01,8.407952506050734298e-01,1.121060334140104198e+00
1.601500000000000000e+03,2.798754994381653094e-01,5.597509988763306188e-01,8.396264983144912097e-01,1.119501997752661238e+00
1.602000000000000000e+03,2.794864568849271813e-01,5.589729137698543626e-01,8.384593706547768255e-01,1.117945827539708725e+00
1.602500000000000000e+03,2.790979551225351019e-01,5.581959102450702037e-01,8.372938653676017529e-01,1.116391820490140407e+00
1.603000000000000000e+03,2.787099933992601697e-01,5.574199867985203394e-01,8.361299801977767343e-01,1.114839973597040679e+00
1.603500000000000000e+03,2.783225709644177592e-01,5.566451419288355185e-01,8.349677128932491144e-01,1.113290283857671037e+00
1.604000000000000000e+03,2.779356870683670766e-01,5.558713741367341532e-01,8.338070612050970665e-01,1.111742748273468306e+00
1.604500000000000000e+03,2.775493409625087171e-01,5.550986819250174342e-01,8.326480228875214884e-01,1.110197363850034868e+00
1.605000000000000000e+03,2.771635318992845542e-01,5.543270637985691085e-01,8.314905956978484447e-01,1.108654127597138217e+00
1.605500000000000000e+03,2.767782591321751307e-01,5.535565182643502613e-01,8.303347773965200629e-01,1.107113036528700523e+00
1.606000000000000000e+03,2.763935219156994916e-01,5.527870438313989832e-01,8.291805657470929791e-01,1.105574087662797966e+00
1.606500000000000000e+03,2.760093195054115767e-01,5.520186390108231533e-01,8.280279585162286793e-01,1.104037278021646307e+00
1.607000000000000000e+03,2.756256511579019963e-01,5.512513023158039926e-01,8.268769534736998272e-01,1.102502604631607985e+00
1.607500000000000000e+03,2.752425161307925916e-01,5.504850322615851832e-01,8.257275483923712800e-01,1.100970064523170366e+00
1.608000000000000000e+03,2.748599136827392098e-01,5.497198273654784195e-01,8.245797410482111900e-01,1.099439654730956839e+00
1.608500000000000000e+03,2.744778430734264862e-01,5.489556861468529725e-01,8.234335292202730194e-01,1.097911372293705945e+00
1.609000000000000000e+03,2.740963035635699541e-01,5.481926071271399081e-01,8.222889106907032009e-01,1.096385214254279816e+00
1.609500000000000000e+03,2.737152944149101041e-01,5.474305888298202083e-01,8.211458832447239287e-01,1.094861177659640417e+00
1.610000000000000000e+03,2.733348148902171038e-01,5.466696297804342075e-01,8.200044446706443724e-01,1.093339259560868415e+00
1.610500000000000000e+03,2.729548642532826364e-01,5.459097285065652727e-01,8.188645927598415808e-01,1.091819457013130545e+00
1.611000000000000000e+03,2.725754417689245090e-01,5.451508835378490181e-01,8.177263253067670323e-01,1.090301767075698036e+00
1.611500000000000000e+03,2.721965467029798802e-01,5.443930934059597604e-01,8.165896401089322021e-01,1.088786186811919521e+00
1.612000000000000000e+03,2.718181783223088677e-01,5.436363566446177353e-01,8.154545349669194421e-01,1.087272713289235471e+00
1.612500000000000000e+03,2.714403358947885536e-01,5.428806717895771072e-01,8.143210076843584444e-01,1.085761343579154214e+00
1.613000000000000000e+03,2.710630186893159821e-01,5.421260373786319642e-01,8.131890560679406743e-01,1.084252074757263928e+00
1.613500000000000000e+03,2.706862259758016087e-01,5.413724519516032174e-01,8.120586779273982758e-01,1.082744903903206435e+00
1.614000000000000000e+03,2.703099570251742412e-01,5.406199140503484823e-01,8.109298710755157291e-01,1.081239828100696965e+00
1.614500000000000000e+03,2.699342111093723240e-01,5.398684222187446480e-01,8.098026333281100886e-01,1.079736844437489296e+00
1.615000000000000000e+03,2.695589875013499337e-01,5.391179750026998674e-01,8.086769625040427512e-01,1.078235950005399735e+00
1.615500000000000000e+03,2.691842854750686742e-01,5.383685709501373484e-01,8.075528564251998054e-01,1.076737141900274697e+00
1.616000000000000000e+03,2.688101043055020067e-01,5.376202086110040135e-01,8.064303129165001360e-01,1.075240417222008027e+00
1.616500000000000000e+03,2.684364432686294211e-01,5.368728865372588421e-01,8.053093298058825455e-01,1.073745773074517684e+00
1.617000000000000000e+03,2.680633016414381564e-01,5.361266032828763128e-01,8.041899049243081965e-01,1.072253206565752626e+00
1.617500000000000000e+03,2.676906787019185385e-01,5.353813574038370771e-01,8.030720361057490653e-01,1.070762714807674154e+00
1.618000000000000000e+03,2.673185737290673103e-01,5.346371474581346206e-01,8.019557211871941593e-01,1.069274294916269241e+00
1.618500000000000000e+03,2.669469860028804153e-01,5.338939720057608307e-01,8.008409580086344182e-01,1.067787944011521661e+00
1.619000000000000000e+03,2.665759148043574944e-01,5.331518296087149889e-01,7.997277444130647117e-01,1.066303659217429978e+00
1.619500000000000000e+03,2.662053594154948355e-01,5.324107188309896710e-01,7.986160782464774011e-01,1.064821437661979342e+00
1.620000000000000000e+03,2.658353191192895926e-01,5.316706382385791851e-01,7.975059573578622274e-01,1.063341276477158370e+00
1.620500000000000000e+03,2.654657931997334575e-01,5.309315863994669149e-01,7.963973795991932114e-01,1.061863172798933830e+00
1.621000000000000000e+03,2.650967809418145471e-01,5.301935618836290942e-01,7.952903428254368690e-01,1.060387123767258188e+00
1.621500000000000000e+03,2.647282816315143505e-01,5.294565632630287011e-01,7.941848448945372230e-01,1.058913126526057402e+00
1.622000000000000000e+03,2.643602945558077288e-01,5.287205891116154577e-01,7.930808836674163587e-01,1.057441178223230915e+00
1.622500000000000000e+03,2.639928190026586963e-01,5.279856380053173925e-01,7.919784570079695385e-01,1.055971276010634785e+00
1.623000000000000000e+03,2.636258542610236955e-01,5.272517085220473909e-01,7.908775627830644250e-01,1.054503417044094782e+00
1.623500000000000000e+03,2.632593996208453802e-01,5.265187992416907603e-01,7.897781988625295346e-01,1.053037598483381521e+00
1.624000000000000000e+03,2.628934543730548357e-01,5.257869087461096713e-01,7.886803631191572350e-01,1.051573817492219343e+00
1.624500000000000000e+03,2.625280178095676376e-01,5.250560356191352751e-01,7.875840534286958627e-01,1.050112071238270550e+00
1.625000000000000000e+03,2.621630892232847398e-01,5.243261784465694797e-01,7.864892676698471696e-01,1.048652356893138959e+00
1.625500000000000000e+03,2.617986679080889223e-01,5.235973358161778446e-01,7.853960037242608827e-01,1.047194671632355689e+00
1.626000000000000000e+03,2.614347531588459561e-01,5.228695063176919122e-01,7.843042594765319286e-01,1.045739012635383824e+00
1.626500000000000000e+03,2.610713442714000521e-01,5.221426885428001041e-01,7.832140328141952157e-01,1.044285377085600208e+00
1.627000000000000000e+03,2.607084405425760809e-01,5.214168810851521618e-01,7.821253216277221920e-01,1.042833762170304324e+00
1.627500000000000000e+03,2.603460412701741333e-01,5.206920825403482667e-01,7.810381238105169599e-01,1.041384165080696533e+00
1.628000000000000000e+03,2.599841457529725730e-01,5.199682915059451460e-01,7.799524372589127230e-01,1.039936583011890292e+00
1.628500000000000000e+03,2.596227532907235402e-01,5.192455065814470805e-01,7.788682598721639039e-01,1.038491013162894161e+00
1.629000000000000000e+03,2.592618631841520638e-01,5.185237263683041276e-01,7.777855895524502516e-01,1.037047452736608255e+00
1.629500000000000000e+03,2.589014747349558387e-01,5.178029494699116775e-01,7.767044242048612990e-01,1.035605898939823355e+00
1.630000000000000000e+03,2.585415872458038389e-01,5.170831744916076778e-01,7.756247617374049108e-01,1.034166348983215356e+00
1.630500000000000000e+03,2.581822000203325418e-01,5.163644000406650836e-01,7.745466000609926294e-01,1.032728800081330167e+00
1.631000000000000000e+03,2.578233123631487045e-01,5.156466247262974090e-01,7.734699370894400072e-01,1.031293249452594818e+00
1.631500000000000000e+03,2.574649235798234237e-01,5.149298471596468474e-01,7.723947707394664963e-01,1.029859694319293695e+00
1.632000000000000000e+03,2.571070329768954110e-01,5.142140659537908220e-01,7.713210989306814591e-01,1.028428131907581644e+00
1.632500000000000000e+03,2.567496398618647757e-01,5.134992797237295514e-01,7.702489195855919402e-01,1.026998559447459103e+00
1.633000000000000000e+03,2.563927435431969104e-01,5.127854870863938208e-01,7.691782306295873450e-01,1.025570974172787642e+00
1.633500000000000000e+03,2.560363433303159963e-01,5.120726866606319927e-01,7.681090299909457686e-01,1.024145373321263985e+00
1.634000000000000000e+03,2.556804385336085561e-01,5.113608770672171122e-01,7.670413156008222266e-01,1.022721754134434224e+00
1.634500000000000000e+03,2.553250284644175139e-01,5.106500569288350277e-01,7.659750853932484338e-01,1.021300113857670055e+00
1.635000000000000000e+03,2.549701124350445269e-01,5.099402248700890539e-01,7.649103373051290289e-01,1.019880449740178108e+00
1.635500000000000000e+03,2.546156897587462109e-01,5.092313795174924218e-01,7.638470692762339143e-01,1.018462759034984844e+00
1.636000000000000000e+03,2.542617597497346948e-01,5.085235194994693897e-01,7.627852792491999212e-01,1.017047038998938779e+00
1.636500000000000000e+03,2.539083217231744016e-01,5.078166434463488033e-01,7.617249651695204848e-01,1.015633286892697607e+00
1.637000000000000000e+03,2.535553749951836577e-01,5.071107499903673155e-01,7.606661249855464213e-01,1.014221499980734631e+00
1.637500000000000000e+03,2.532029188828286426e-01,5.064058377656572851e-01,7.596087566484812648e-01,1.012811675531314570e+00
1.638000000000000000e+03,2.528509527041268856e-01,5.057019054082537712e-01,7.585528581123754943e-01,1.011403810816507542e+00
1.638500000000000000e+03,2.524994757780428256e-01,5.049989515560856512e-01,7.574984273341242025e-01,1.009997903112171302e+00
1.639000000000000000e+03,2.521484874244884766e-01,5.042969748489769533e-01,7.564454622734594347e-01,1.008593949697953907e+00
1.639500000000000000e+03,2.517979869643204305e-01,5.035959739286408610e-01,7.553939608929570726e-01,1.007191947857281722e+00
1.640000000000000000e+03,2.514479737193401343e-01,5.028959474386802686e-01,7.543439211580145187e-01,1.005791894877360537e+00
1.640500000000000000e+03,2.510984470122909484e-01,5.021968940245818969e-01,7.532953410368676828e-01,1.004393788049163794e+00
1.641000000000000000e+03,2.507494061668583130e-01,5.014988123337166259e-01,7.522482185005685551e-01,1.002997624667433252e+00
1.641500000000000000e+03,2.504008505076670832e-01,5.008017010153341664e-01,7.512025515229953099e-01,1.001603402030668333e+00
1.642000000000000000e+03,2.500527793602815296e-01,5.001055587205630593e-01,7.501583380808379831e-01,1.000211117441126119e+00
1.642500000000000000e+03,2.497051920512031731e-01,4.994103841024063462e-01,7.491155761536043567e-01,9.988207682048126923e-01
1.643000000000000000e+03,2.493580879078701185e-01,4.987161758157402369e-01,7.480742637236041936e-01,9.974323516314804738e-01
1.643500000000000000e+03,2.490114662586543626e-01,4.980229325173087251e-01,7.470343987759574533e-01,9.960458650346174503e-01
1.644000000000000000e+03,2.486653264328627377e-01,4.973306528657254755e-01,7.459959792985819682e-01,9.946613057314509510e-01
1.644500000000000000e+03,2.483196677607333869e-01,4.966393355214667737e-01,7.449590032821951091e-01,9.932786710429335475e-01
1.645000000000000000e+03,2.479744895734364574e-01,4.959489791468729147e-01,7.439234687203035712e-01,9.918979582937458295e-01
1.645500000000000000e+03,2.476297912030707704e-01,4.952595824061415408e-01,7.428893736092067046e-01,9.905191648122830816e-01
1.646000000000000000e+03,2.472855719826642651e-01,4.945711439653285302e-01,7.418567159479872997e-01,9.891422879306570604e-01
1.646500000000000000e+03,2.469418312461712783e-01,4.938836624923425567e-01,7.408254937385092553e-01,9.877673249846851133e-01
1.647000000000000000e+03,2.465985683284734054e-01,4.931971366569468107e-01,7.397957049854152478e-01,9.863942733138936214e-01
1.647500000000000000e+03,2.462557825653750865e-01,4.925115651307501730e-01,7.387673476961209573e-01,9.850231302615003459e-01
1.648000000000000000e+03,2.459134732936055223e-01,4.918269465872110446e-01,7.377404198808109603e-01,9.836538931744220893e-01
1.648500000000000000e+03,2.455716398508140941e-01,4.911432797016281881e-01,7.367149195524378413e-01,9.822865594032563763e-01
1.649000000000000000e+03,2.452302815755728338e-01,4.904605631511456676e-01,7.356908447267147544e-01,9.809211263022913352e-01
1.649500000000000000e+03,2.448893978073723166e-01,4.897787956147446331e-01,7.346681934221130916e-01,9.795575912294892662e-01
1.650000000000000000e+03,2.445489878866214661e-01,4.890979757732429323e-01,7.336469636598587085e-01,9.781959515464858645e-01
1.650500000000000000e+03,2.442090511546446407e-01,4.884181023092892815e-01,7.326271534639304805e-01,9.768362046185785630e-01
1.651000000000000000e+03,2.438695869536847971e-01,4.877391739073695942e-01,7.316087608610496451e-01,9.754783478147391884e-01
1.651500000000000000e+03,2.435305946268964961e-01,4.870611892537929921e-01,7.305917838806843534e-01,9.741223785075859842e-01
1.652000000000000000e+03,2.431920735183484283e-01,4.863841470366968567e-01,7.295762205550397894e-01,9.727682940733937134e-01
1.652500000000000000e+03,2.428540229730205835e-01,4.857080459460411670e-01,7.285620689190576149e-01,9.714160918920823340e-01
1.653000000000000000e+03,2.425164423368048883e-01,4.850328846736097765e-01,7.275493270104096410e-01,9.700657693472195531e-01
1.653500000000000000e+03,2.421793309565002383e-01,4.843586619130004767e-01,7.265379928694960521e-01,9.687173238260009533e-01
1.654000000000000000e+03,2.418426881798159678e-01,4.836853763596319355e-01,7.255280645394425187e-01,9.673707527192638711e-01
1.654500000000000000e+03,2.415065133553659094e-01,4.830130267107318187e-01,7.245195400660917606e-01,9.660260534214636374e-01
1.655000000000000000e+03,2.411708058326710313e-01,4.823416116653420627e-01,7.235124174980055445e-01,9.646832233306841253e-01
1.655500000000000000e+03,2.408355649621549688e-01,4.816711299243099376e-01,7.225066948864595773e-01,9.633422598486198751e-01
1.656000000000000000e+03,2.405007900951461608e-01,4.810015801902923216e-01,7.215023702854317378e-01,9.620031603805846432e-01
1.656500000000000000e+03,2.401664805838732708e-01,4.803329611677465416e-01,7.204994417516129568e-01,9.606659223354930832e-01
1.657000000000000000e+03,2.398326357814659637e-01,4.796652715629319275e-01,7.194979073443907858e-01,9.593305431258638549e-01
1.657500000000000000e+03,2.394992550419526856e-01,4.789985100839053711e-01,7.184977651258515063e-01,9.579970201678107422e-01
1.658000000000000000e+03,2.391663377202608021e-01,4.783326754405216041e-01,7.174990131607758004e-01,9.566653508810432083e-01
1.658500000000000000e+03,2.388338831722130184e-01,4.776677663444260369e-01,7.165016495166330879e-01,9.553355326888520738e-01
1.659000000000000000e+03,2.385018907545287670e-01,4.770037815090575339e-01,7.155056722635794175e-01,9.540075630181150679e-01
1.659500000000000000e+03,2.381703598248199605e-01,4.763407196496399210e-01,7.145110794744544691e-01,9.526814392992798419e-01
1.660000000000000000e+03,2.378392897415941010e-01,4.756785794831882019e-01,7.135178692247772236e-01,9.513571589663764039e-01
1.660500000000000000e+03,2.375086798642477570e-01,4.750173597284955140e-01,7.125260395927384138e-01,9.500347194569910281e-01
1.661000000000000000e+03,2.371785295530697835e-01,4.743570591061395669e-01,7.115355886592039658e-01,9.487141182122791339e-01
1.661500000000000000e+03,2.368488381692371580e-01,4.736976763384743161e-01,7.105465145077061173e-01,9.473953526769486322e-01
1.662000000000000000e+03,2.365196050748155643e-01,4.730392101496311286e-01,7.095588152244397540e-01,9.460784202992622571e-01
1.662500000000000000e+03,2.361908296327566437e-01,4.723816592655132873e-01,7.085724888982634084e-01,9.447633185310265747e-01
1.663000000000000000e+03,2.358625112068984953e-01,4.717250224137969905e-01,7.075875336206899346e-01,9.434500448275939810e-01
1.663500000000000000e+03,2.355346491619627336e-01,4.710692983239254672e-01,7.066039474858839542e-01,9.421385966478509344e-01
1.664000000000000000e+03,2.352072428635549328e-01,4.704144857271098656e-01,7.056217285906605241e-01,9.408289714542197313e-01
1.664500000000000000e+03,2.348802916781619621e-01,4.697605833563239242e-01,7.046408750344820282e-01,9.395211667126478483e-01
1.665000000000000000e+03,2.345537949731513472e-01,4.691075899463026944e-01,7.036613849194499615e-01,9.382151798926053887e-01
1.665500000000000000e+03,2.342277521167694387e-01,4.684555042335388775e-01,7.026832563503044859e-01,9.369110084670777550e-01
1.666000000000000000e+03,2.339021624781419950e-01,4.678043249562839900e-01,7.017064874344228764e-01,9.356086499125679801e-01
1.666500000000000000e+03,2.335770254272703239e-01,4.671540508545406478e-01,7.007310762818078631e-01,9.343081017090812956e-01
1.667000000000000000e+03,2.332523403350334479e-01,4.665046806700668958e-01,6.997570210050964024e-01,9.330093613401337915e-01
1.667500000000000000e+03,2.329281065731823031e-01,4.658562131463646061e-01,6.987843197195432454e-01,9.317124262927292122e-01
1.668000000000000000e+03,2.326043235143435695e-01,4.652086470286871389e-01,6.978129705430263785e-01,9.304172940573742778e-01
1.668500000000000000e+03,2.322809905320138979e-01,4.645619810640277958e-01,6.968429715960376969e-01,9.291239621280555916e-01
1.669000000000000000e+03,2.319581070005626577e-01,4.639162140011253155e-01,6.958743210016848924e-01,9.278324280022506310e-01
1.669500000000000000e+03,2.316356722952276070e-01,4.632713445904552141e-01,6.949070168856790186e-01,9.265426891809104282e-01
1.670000000000000000e+03,2.313136857921157252e-01,4.626273715842314505e-01,6.939410573763440393e-01,9.252547431684629009e-01
1.670500000000000000e+03,2.309921468682004098e-01,4.619842937364008195e-01,6.929764406045987313e-01,9.239685874728016390e-01
1.671000000000000000e+03,2.306710549013226141e-01,4.613421098026452283e-01,6.920131647039652334e-01,9.226842196052904566e-01
1.671500000000000000e+03,2.303504092701859352e-01,4.607008185403718703e-01,6.910512278105542805e-01,9.214016370807437406e-01
1.672000000000000000e+03,2.300302093543598603e-01,4.600604187087197205e-01,6.900906280630755285e-01,9.201208374174394411e-01
1.672500000000000000e+03,2.297104545342742166e-01,4.594209090685484331e-01,6.891313636028195688e-01,9.188418181370968663e-01
1.673000000000000000e+03,2.293911441912219185e-01,4.587822883824438369e-01,6.881734325736627023e-01,9.175645767648876738e-01
1.673500000000000000e+03,2.290722777073544159e-01,4.581445554147088317e-01,6.872168331220607218e-01,9.162891108294176634e-01
1.674000000000000000e+03,2.287538544656835815e-01,4.575077089313671630e-01,6.862615633970481355e-01,9.150154178627343260e-01
1.674500000000000000e+03,2.284358738500774921e-01,4.568717477001549843e-01,6.853076215502295065e-01,9.137434954003099685e-01
1.675000000000000000e+03,2.281183352452612612e-01,4.562366704905225223e-01,6.843550057357798977e-01,9.124733409810450446e-01
1.675500000000000000e+03,2.278012380368151790e-01,4.556024760736303580e-01,6.834037141104425395e-01,9.112049521472607161e-01
1.676000000000000000e+03,2.274845816111739361e-01,4.549691632223478721e-01,6.824537448335171730e-01,9.099383264446957442e-01
1.676500000000000000e+03,2.271683653556243188e-01,4.543367307112486375e-01,6.815050960668689317e-01,9.086734614224972750e-01
1.677000000000000000e+03,2.268525886583060147e-01,4.537051773166120294e-01,6.805577659749143526e-01,9.074103546332240589e-01
1.677500000000000000e+03,2.265372509082079766e-01,4.530745018164159532e-01,6.796117527246204881e-01,9.061490036328319064e-01
1.678000000000000000e+03,2.262223514951696990e-01,4.524447029903393980e-01,6.786670544855051279e-01,9.048894059806787959e-01
1.678500000000000000e+03,2.259078898098779709e-01,4.518157796197559417e-01,6.777236694296294717e-01,9.036315592395118834e-01
1.679000000000000000e+03,2.255938652438665981e-01,4.511877304877331962e-01,6.767815957315951314e-01,9.023754609754663925e-01
1.679500000000000000e+03,2.252802771895154044e-01,4.505605543790308087e-01,6.758408315685419110e-01,9.011211087580616175e-01
1.680000000000000000e+03,2.249671250400488154e-01,4.499342500800976308e-01,6.749013751201420330e-01,8.998685001601952616e-01
1.680500000000000000e+03,2.246544081895353595e-01,4.493088163790707190e-01,6.739632245686009160e-01,8.986176327581414380e-01
1.681000000000000000e+03,2.243421260328843925e-01,4.486842520657687849e-01,6.730263780986485145e-01,8.973685041315375699e-01
1.681500000000000000e+03,2.240302779658477350e-01,4.480605559316954700e-01,6.720908338975387641e-01,8.961211118633909400e-01
1.682000000000000000e+03,2.237188633850164809e-01,4.474377267700329619e-01,6.711565901550438085e-01,8.948754535400659238e-01
1.682500000000000000e+03,2.234078816878202756e-01,4.468157633756405511e-01,6.702236450634554421e-01,8.936315267512811022e-01
1.683000000000000000e+03,2.230973322725271490e-01,4.461946645450542981e-01,6.692919968175768952e-01,8.923893290901085962e-01
1.683500000000000000e+03,2.227872145382409075e-01,4.455744290764818150e-01,6.683616436147180595e-01,8.911488581529636299e-01
1.684000000000000000e+03,2.224775278849010773e-01,4.449550557698021547e-01,6.674325836546987079e-01,8.899101115396043093e-01
1.684500000000000000e+03,2.221682717132812679e-01,4.443365434265625358e-01,6.665048151398383913e-01,8.886730868531250715e-01
1.685000000000000000e+03,2.218594454249876446e-01,4.437188908499752893e-01,6.655783362749574383e-01,8.874377816999505786e-01
1.685500000000000000e+03,2.215510484224583188e-01,4.431020968449166375e-01,6.646531452673680729e-01,8.862041936898332750e-01
1.686000000000000000e+03,2.212430801089620980e-01,4.424861602179241959e-01,6.637292403268808538e-01,8.849723204358483919e-01
1.686500000000000000e+03,2.209355398885975152e-01,4.418710797771950305e-01,6.628066196657851350e-01,8.837421595543900610e-01
1.687000000000000000e+03,2.206284271662906915e-01,4.412568543325813830e-01,6.618852814988654965e-01,8.825137086651627660e-01
1.687500000000000000e+03,2.203217413477963349e-01,4.406434826955926698e-01,6.609652240433823156e-01,8.812869653911853396e-01
1.688000000000000000e+03,2.200154818396940493e-01,4.400309636793880985e-01,6.600464455190753199e-01,8.800619273587761970e-01
1.688500000000000000e+03,2.197096480493885839e-01,4.394192960987771679e-01,6.591289441481578137e-01,8.788385921975543358e-01
1.689000000000000000e+03,2.194042393851079464e-01,4.388084787702158929e-01,6.582127181553175665e-01,8.776169575404317857e-01
1.689500000000000000e+03,2.190992552559038742e-01,4.381985105118077484e-01,6.572977657677052665e-01,8.763970210236154967e-01
1.690000000000000000e+03,2.187946950716490313e-01,4.375893901432980626e-01,6.563840852149408489e-01,8.751787802865961252e-01
1.690500000000000000e+03,2.184905582430357596e-01,4.369811164860715191e-01,6.554716747291009504e-01,8.739622329721430383e-01
1.691000000000000000e+03,2.181868441815764670e-01,4.363736883631529340e-01,6.545605325447234613e-01,8.727473767263058679e-01
1.691500000000000000e+03,2.178835522996010188e-01,4.357671045992020376e-01,6.536506568987970889e-01,8.715342091984040751e-01
1.692000000000000000e+03,2.175806820102567374e-01,4.351613640205134748e-01,6.527420460307635786e-01,8.703227280410269495e-01
1.692500000000000000e+03,2.172782327275059600e-01,4.345564654550119199e-01,6.518346981825109410e-01,8.691129309100238398e-01
1.693000000000000000e+03,2.169762038661259274e-01,4.339524077322518547e-01,6.509286115983718979e-01,8.679048154645037094e-01
1.693500000000000000e+03,2.166745948417080347e-01,4.333491896834160695e-01,6.500237845251184421e-01,8.666983793668321390e-01
1.694000000000000000e+03,2.163734050706553058e-01,4.327468101413106116e-01,6.491202152119601720e-01,8.654936202826212233e-01
1.694500000000000000e+03,2.160726339701820042e-01,4.321452679403640085e-01,6.482179019105395179e-01,8.642905358807280169e-01
1.695000000000000000e+03,2.157722809583123846e-01,4.315445619166247693e-01,6.473168428749316305e-01,8.630891238332495385e-01
1.695500000000000000e+03,2.154723454538809146e-01,4.309446909077618293e-01,6.464170363616360548e-01,8.618893818155236586e-01
1.696000000000000000e+03,2.151728268765280283e-01,4.303456537530560566e-01,6.455184806295780620e-01,8.606913075061121132e-01
1.696500000000000000e+03,2.148737246467025686e-01,4.297474492934051371e-01,6.446211739401006557e-01,8.594948985868102742e-01
1.697000000000000000e+03,2.145750381856573186e-01,4.291500763713146371e-01,6.437251145569665711e-01,8.583001527426292743e-01
1.697500000000000000e+03,2.142767669154514998e-01,4.285535338309029996e-01,6.428303007463485041e-01,8.571070676618059991e-01
1.698000000000000000e+03,2.139789102589460257e-01,4.279578205178920514e-01,6.419367307768326647e-01,8.559156410357841027e-01
1.698500000000000000e+03,2.136814676398051394e-01,4.273629352796102787e-01,6.410444029194090065e-01,8.547258705592205574e-01
1.699000000000000000e+03,2.133844384824934992e-01,4.267688769649869984e-01,6.401533154474744469e-01,8.535377539299739968e-01
1.699500000000000000e+03,2.130878222122761234e-01,4.261756444245522468e-01,6.392634666368219865e-01,8.523512888491044937e-01
1.700000000000000000e+03,2.127916182552173907e-01,4.255832365104347814e-01,6.383748547656457051e-01,8.511664730208695628e-01
1.700500000000000000e+03,2.124958260381784869e-01,4.249916520763569738e-01,6.374874781145287717e-01,8.499833041527139477e-01
1.701000000000000000e+03,2.122004449888179878e-01,4.244008899776359756e-01,6.366013349664467746e-01,8.488017799552719511e-01
1.701500000000000000e+03,2.119054745355894165e-01,4.238109490711788330e-01,6.357164236067613938e-01,8.476218981423576659e-01
1.702000000000000000e+03,2.116109141077422151e-01,4.232218282154844302e-01,6.348327423232199562e-01,8.464436564309688604e-01
1.702500000000000000e+03,2.113167631353175535e-01,4.226335262706351070e-01,6.339502894059458882e-01,8.452670525412702140e-01
1.703000000000000000e+03,2.110230210491493286e-01,4.220460420982986571e-01,6.330690631474420460e-01,8.440920841965973143e-01
1.703500000000000000e+03,2.107296872808639698e-01,4.214593745617279397e-01,6.321890618425852759e-01,8.429187491234558793e-01
1.704000000000000000e+03,2.104367612628756101e-01,4.208735225257512202e-01,6.313102837886207519e-01,8.417470450515024405e-01
1.704500000000000000e+03,2.101442424283896659e-01,4.202884848567793319e-01,6.304327272851628639e-01,8.405769697135586638e-01
1.705000000000000000e+03,2.098521302113975084e-01,4.197042604227950169e-01,6.295563906341855587e-01,8.394085208455900338e-01
1.705500000000000000e+03,2.095604240466785728e-01,4.191208480933571456e-01,6.286812721400285575e-01,8.382416961867142913e-01
1.706000000000000000e+03,2.092691233697975550e-01,4.185382467395951100e-01,6.278073701093848102e-01,8.370764934791902201e-01
1.706500000000000000e+03,2.089782276171033570e-01,4.179564552342067141e-01,6.269346828513022718e-01,8.359129104684134282e-01
1.707000000000000000e+03,2.086877362257290591e-01,4.173754724514581183e-01,6.260632086771795723e-01,8.347509449029162365e-01
1.707500000000000000e+03,2.083976486335898382e-01,4.167952972671796763e-01,6.251929459007616874e-01,8.335905945343593526e-01
1.708000000000000000e+03,2.081079642793822460e-01,4.162159285587644919e-01,6.243238928381393826e-01,8.324318571175289838e-01
1.708500000000000000e+03,2.078186826025833489e-01,4.156373652051666978e-01,6.234560478077418866e-01,8.312747304103333956e-01
1.709000000000000000e+03,2.075298030434484797e-01,4.150596060868969595e-01,6.225894091303373346e-01,8.301192121737939189e-01
1.709500000000000000e+03,2.072413250430118203e-01,4.144826500860236407e-01,6.217239751290278837e-01,8.289653001720472814e-01
1.710000000000000000e+03,2.069532480430849586e-01,4.139064960861699172e-01,6.208597441292470487e-01,8.278129921723398343e-01
1.710500000000000000e+03,2.066655714862541959e-01,4.133311429725083919e-01,6.199967144587541501e-01,8.266622859450167837e-01
1.711000000000000000e+03,2.063782948158815467e-01,4.127565896317630934e-01,6.191348844476376456e-01,8.255131792635261867e-01
1.711500000000000000e+03,2.060914174761025175e-01,4.121828349522050350e-01,6.182742524283005858e-01,8.243656699044100700e-01
1.712000000000000000e+03,2.058049389118254136e-01,4.116098778236508271e-01,6.174148167354688299e-01,8.232197556473016542e-01
1.712500000000000000e+03,2.055188585687296732e-01,4.110377171374593464e-01,6.165565757061828300e-01,8.220754342749186927e-01
1.713000000000000000e+03,2.052331758932663952e-01,4.104663517865327904e-01,6.156995276797917471e-01,8.209327035730655808e-01
1.713500000000000000e+03,2.049478903326546197e-01,4.098957806653092395e-01,6.148436709979573367e-01,8.197915613306184790e-01
1.714000000000000000e+03,2.046630013348829935e-01,4.093260026697659870e-01,6.139890040046405151e-01,8.186520053395319740e-01
1.714500000000000000e+03,2.043785083487066057e-01,4.087570166974132113e-01,6.131355250461136830e-01,8.175140333948264226e-01
1.715000000000000000e+03,2.040944108236477927e-01,4.081888216472955855e-01,6.122832324709363006e-01,8.163776432945911710e-01
1.715500000000000000e+03,2.038107082099932521e-01,4.076214164199865042e-01,6.114321246299725399e-01,8.152428328399730084e-01
1.716000000000000000e+03,2.035273999587940419e-01,4.070547999175880838e-01,6.105821998763744096e-01,8.141095998351761676e-01
1.716500000000000000e+03,2.032444855218647206e-01,4.064889710437294412e-01,6.097334565655858629e-01,8.129779420874588824e-01
1.717000000000000000e+03,2.029619643517809324e-01,4.059239287035618649e-01,6.088858930553350257e-01,8.118478574071237297e-01
1.717500000000000000e+03,2.026798359018803786e-01,4.053596718037607571e-01,6.080395077056330866e-01,8.107193436075215143e-01
1.718000000000000000e+03,2.023980996262596255e-01,4.047961992525192509e-01,6.071942988787712991e-01,8.095923985050385019e-01
1.718500000000000000e+03,2.021167549797750485e-01,4.042335099595500969e-01,6.063502649393168742e-01,8.084670199191001938e-01
1.719000000000000000e+03,2.018358014180397508e-01,4.036716028360795017e-01,6.055074042541112034e-01,8.073432056721590033e-01
1.719500000000000000e+03,2.015552383974247297e-01,4.031104767948494594e-01,6.046657151922667506e-01,8.062209535896989188e-01
1.720000000000000000e+03,2.012750653750554064e-01,4.025501307501108128e-01,6.038251961251588362e-01,8.051002615002216256e-01
1.720500000000000000e+03,2.009952818088127924e-01,4.019905636176255848e-01,6.029858454264316325e-01,8.039811272352511695e-01
1.721000000000000000e+03,2.007158871573312686e-01,4.014317743146625372e-01,6.021476614719865061e-01,8.028635486293250745e-01
1.721500000000000000e+03,2.004368808799976420e-01,4.008737617599952840e-01,6.013106426399853488e-01,8.017475235199905681e-01
1.722000000000000000e+03,2.001582624369497299e-01,4.003165248738994597e-01,6.004747873108424727e-01,8.006330497477989194e-01
1.722500000000000000e+03,1.998800312890767761e-01,3.997600625781535522e-01,5.996400938672230563e-01,7.995201251563071043e-01
1.723000000000000000e+03,1.996021868980165648e-01,3.992043737960331296e-01,5.988065606940425889e-01,7.984087475920662591e-01
1.723500000000000000e+03,1.993247287261555867e-01,3.986494574523111734e-01,5.979741861784603207e-01,7.972989149046223467e-01
1.724000000000000000e+03,1.990476562366276791e-01,3.980953124732553583e-01,5.971429687098778194e-01,7.961906249465107166e-01
1.724500000000000000e+03,1.987709688933130825e-01,3.975419377866261650e-01,5.963129066799336409e-01,7.950838755732523300e-01
1.725000000000000000e+03,1.984946661608368579e-01,3.969893323216737158e-01,5.954839984825049948e-01,7.939786646433474315e-01
1.725500000000000000e+03,1.982187475045686653e-01,3.964374950091373306e-01,5.946562425137004171e-01,7.928749900182746613e-01
1.726000000000000000e+03,1.979432123906210428e-01,3.958864247812420856e-01,5.938296371718575495e-01,7.917728495624841711e-01
1.726500000000000000e+03,1.976680602858485458e-01,3.953361205716970916e-01,5.930041808575406970e-01,7.906722411433941833e-01
1.727000000000000000e+03,1.973932906578475532e-01,3.947865813156951065e-01,5.921798719735376082e-01,7.895731626313902130e-01
1.727500000000000000e+03,1.971189029749532418e-01,3.942378059499064835e-01,5.913567089248553676e-01,7.884756118998129670e-01
1.728000000000000000e+03,1.968448967062417787e-01,3.936897934124835574e-01,5.905346901187200626e-01,7.873795868249671148e-01
1.728500000000000000e+03,1.965712713215249929e-01,3.931425426430499859e-01,5.897138139645698995e-01,7.862850852860999717e-01
1.729000000000000000e+03,1.962980262913535667e-01,3.925960525827071335e-01,5.888940788740562038e-01,7.851921051654142669e-01
1.729500000000000000e+03,1.960251610870131778e-01,3.920503221740263555e-01,5.880754832610346483e-01,7.841006443480527111e-01
1.730000000000000000e+03,1.957526751805251097e-01,3.915053503610502195e-01,5.872580255415701389e-01,7.830107007221004389e-01
1.730500000000000000e+03,1.954805680446437544e-01,3.909611360892875087e-01,5.864417041339264891e-01,7.819222721785750174e-01
1.731000000000000000e+03,1.952088391528573053e-01,3.904176783057146105e-01,5.856265174585663091e-01,7.808353566114292210e-01
1.731500000000000000e+03,1.949374879793849269e-01,3.898749759587698538e-01,5.848124639381492296e-01,7.797499519175397076e-01
1.732000000000000000e+03,1.946665139991774207e-01,3.893330279983548414e-01,5.839995419975262392e-01,7.786660559967096829e-01
1.732500000000000000e+03,1.943959166879147549e-01,3.887918333758295097e-01,5.831877500637391298e-01,7.775836667516590195e-01
1.733000000000000000e+03,1.941256955220064251e-01,3.882513910440128502e-01,5.823770865660136131e-01,7.765027820880257003e-01
1.733500000000000000e+03,1.938558499785891787e-01,3.877116999571783573e-01,5.815675499357627620e-01,7.754233999143567146e-01
1.734000000000000000e+03,1.935863795355271810e-01,3.871727590710543621e-01,5.807591386065759087e-01,7.743455181421087241e-01
1.734500000000000000e+03,1.933172836714094900e-01,3.866345673428189800e-01,5.799518510142238625e-01,7.732691346856379599e-01
1.735000000000000000e+03,1.930485618655508606e-01,3.860971237311017212e-01,5.791456855966470307e-01,7.721942474622034425e-01
1.735500000000000000e+03,1.927802135979893583e-01,3.855604271959787166e-01,5.783406407939633009e-01,7.711208543919574332e-01
1.736000000000000000e+03,1.925122383494858314e-01,3.850244766989716627e-01,5.775367150484520540e-01,7.700489533979433254e-01
1.736500000000000000e+03,1.922446356015229674e-01,3.844892712030459347e-01,5.767339068045647110e-01,7.689785424060918695e-01
1.737000000000000000e+03,1.919774048363042940e-01,3.839548096726085880e-01,5.759322145089091904e-01,7.679096193452171759e-01
1.737500000000000000e+03,1.917105455367530964e-01,3.834210910735061928e-01,5.751316366102554589e-01,7.668421821470123856e-01
1.738000000000000000e+03,1.914440571865117235e-01,3.828881143730234471e-01,5.743321715595305355e-01,7.657762287460468942e-01
1.738500000000000000e+03,1.911779392699394786e-01,3.823558785398789572e-01,5.735338178098136064e-01,7.647117570797579145e-01
1.739000000000000000e+03,1.909121912721130632e-01,3.818243825442261263e-01,5.727365738163339159e-01,7.636487650884522527e-01
1.739500000000000000e+03,1.906468126788245232e-01,3.812936253576490464e-01,5.719404380364686569e-01,7.625872507152980928e-01
1.740000000000000000e+03,1.903818029765812769e-01,3.807636059531625539e-01,5.711454089297386405e-01,7.615272119063251077e-01
1.740500000000000000e+03,1.901171616526040331e-01,3.802343233052080662e-01,5.703514849578065204e-01,7.604686466104161324e-01
1.741000000000000000e+03,1.898528881948263192e-01,3.797057763896526383e-01,5.695586645844741280e-01,7.594115527793052767e-01
1.741500000000000000e+03,1.895889820918939261e-01,3.791779641837878523e-01,5.687669462756772543e-01,7.583559283675757046e-01
1.742000000000000000e+03,1.893254428331631323e-01,3.786508856663262645e-01,5.679763284994844286e-01,7.573017713326525291e-01
1.742500000000000000e+03,1.890622699086998704e-01,3.781245398173997407e-01,5.671868097260944763e-01,7.562490796347994815e-01
1.743000000000000000e+03,1.887994628092790061e-01,3.775989256185580123e-01,5.663983884278317449e-01,7.551978512371160246e-01
1.743500000000000000e+03,1.885370210263834223e-01,3.770740420527668446e-01,5.656110630791458815e-01,7.541480841055336892e-01
1.744000000000000000e+03,1.882749440522026030e-01,3.765498881044052060e-01,5.648248321566033958e-01,7.530997762088104119e-01
1.744500000000000000e+03,1.880132313796325505e-01,3.760264627592651010e-01,5.640396941388933216e-01,7.520529255185302020e-01
1.745000000000000000e+03,1.877518825022733151e-01,3.755037650045466302e-01,5.632556475068151158e-01,7.510075300090932604e-01
1.745500000000000000e+03,1.874908969144295223e-01,3.749817938288590446e-01,5.624726907432836542e-01,7.499635876577180893e-01
1.746000000000000000e+03,1.872302741111082358e-01,3.744605482222164716e-01,5.616908223333192396e-01,7.489210964444329433e-01
1.746500000000000000e+03,1.869700135880187908e-01,3.739400271760375816e-01,5.609100407640510433e-01,7.478800543520751631e-01
1.747000000000000000e+03,1.867101148415714063e-01,3.734202296831428125e-01,5.601303445247092228e-01,7.468404593662856250e-01
1.747500000000000000e+03,1.864505773688771295e-01,3.729011547377542590e-01,5.593517321066246994e-01,7.458023094755085181e-01
1.748000000000000000e+03,1.861914006677438949e-01,3.723828013354877897e-01,5.585742020032258282e-01,7.447656026709755794e-01
1.748500000000000000e+03,1.859325842366802706e-01,3.718651684733605411e-01,5.577977527100345112e-01,7.437303369467210823e-01
1.749000000000000000e+03,1.856741275748898801e-01,3.713482551497797601e-01,5.570223827246643111e-01,7.426965102995595203e-01
1.749500000000000000e+03,1.854160301822741774e-01,3.708320603645483549e-01,5.562480905468170089e-01,7.416641207290967097e-01
1.750000000000000000e+03,1.851582915594285339e-01,3.703165831188570678e-01,5.554748746782801616e-01,7.406331662377141356e-01
1.750500000000000000e+03,1.849009112076431538e-01,3.698018224152863076e-01,5.547027336229234384e-01,7.396036448305726152e-01
1.751000000000000000e+03,1.846438886289008263e-01,3.692877772578016526e-01,5.539316658866975107e-01,7.385755545156033053e-01
1.751500000000000000e+03,1.843872233258777860e-01,3.687744466517555719e-01,5.531616699776283896e-01,7.375488933035111438e-01
1.752000000000000000e+03,1.841309148019406317e-01,3.682618296038812633e-01,5.523927444058166492e-01,7.365236592077625266e-01
1.752500000000000000e+03,1.838749625611461880e-01,3.677499251222923760e-01,5.516248876834334292e-01,7.354998502445847519e-01
1.753000000000000000e+03,1.836193661082410611e-01,3.672387322164821222e-01,5.508580983247192142e-01,7.344774644329642443e-01
1.753500000000000000e+03,1.833641249486608338e-01,3.667282498973216676e-01,5.500923748459780604e-01,7.334564997946433351e-01
1.754000000000000000e+03,1.831092385885271789e-01,3.662184771770543579e-01,5.493277157655772625e-01,7.324369543541087157e-01
1.754500000000000000e+03,1.828547065346499412e-01,3.657094130692998823e-01,5.485641196039445777e-01,7.314188261385997647e-01
1.755000000000000000e+03,1.826005282945226682e-01,3.652010565890453364e-01,5.478015848835632307e-01,7.304021131780906728e-01
1.755500000000000000e+03,1.823467033763253031e-01,3.646934067526506063e-01,5.470401101289706913e-01,7.293868135053012125e-01
1.756000000000000000e+03,1.820932312889201599e-01,3.641864625778403197e-01,5.462796938667562330e-01,7.283729251556806394e-01
1.756500000000000000e+03,1.818401115418530889e-01,3.636802230837061778e-01,5.455203346255549368e-01,7.273604461674123556e-01
1.757000000000000000e+03,1.815873436453513401e-01,3.631746872907026802e-01,5.447620309360500235e-01,7.263493745814053604e-01
1.757500000000000000e+03,1.813349271103229798e-01,3.626698542206459597e-01,5.440047813309645264e-01,7.253397084412919193e-01
1.758000000000000000e+03,1.810828614483555588e-01,3.621657228967111175e-01,5.432485843450632901e-01,7.243314457934222350e-01
1.758500000000000000e+03,1.808311461717166113e-01,3.616622923434332226e-01,5.424934385151460869e-01,7.233245846868664453e-01
1.759000000000000000e+03,1.805797807933505195e-01,3.611595615867010389e-01,5.417393423800479502e-01,7.223191231734020779e-01
1.759500000000000000e+03,1.803287648268797616e-01,3.606575296537595232e-01,5.409862944806351770e-01,7.213150593075190464e-01
1.760000000000000000e+03,1.800780977866012489e-01,3.601561955732024978e-01,5.402342933597998886e-01,7.203123911464049955e-01
1.760500000000000000e+03,1.798277791874891007e-01,3.596555583749782015e-01,5.394833375624635829e-01,7.193111167499564029e-01
1.761000000000000000e+03,1.795778085451900097e-01,3.591556170903800194e-01,5.387334256355663653e-01,7.183112341807600387e-01
1.761500000000000000e+03,1.793281853760254896e-01,3.586563707520509792e-01,5.379845561280723887e-01,7.173127415041019583e-01
1.762000000000000000e+03,1.790789091969872959e-01,3.581578183939745919e-01,5.372367275909578632e-01,7.163156367879491837e-01
1.762500000000000000e+03,1.788299795257410341e-01,3.576599590514820681e-01,5.364899385772186058e-01,7.153199181029641363e-01
1.763000000000000000e+03,1.785813958806203861e-01,3.571627917612407721e-01,5.357441876418564952e-01,7.143255835224815442e-01
1.763500000000000000e+03,1.783331577806305523e-01,3.566663155612611047e-01,5.349994733418874659e-01,7.133326311225222094e-01
1.764000000000000000e+03,1.780852647454439774e-01,3.561705294908879549e-01,5.342557942363277412e-01,7.123410589817759098e-01
1.764500000000000000e+03,1.778377162954018764e-01,3.556754325908037528e-01,5.335131488862024929e-01,7.113508651816075057e-01
1.765000000000000000e+03,1.775905119515116259e-01,3.551810239030232519e-01,5.327715358545298541e-01,7.103620478060465038e-01
1.765500000000000000e+03,1.773436512354459593e-01,3.546873024708919186e-01,5.320309537063344640e-01,7.093746049417838373e-01
1.766000000000000000e+03,1.770971336695435217e-01,3.541942673390870433e-01,5.312914010086265959e-01,7.083885346781740866e-01
1.766500000000000000e+03,1.768509587768062608e-01,3.537019175536125215e-01,5.305528763304152573e-01,7.074038351072250430e-01
1.767000000000000000e+03,1.766051260808993162e-01,3.532102521617986324e-01,5.298153782426943126e-01,7.064205043235972648e-01
1.767500000000000000e+03,1.763596351061502421e-01,3.527192702123004842e-01,5.290789053184467017e-01,7.054385404246009683e-01
1.768000000000000000e+03,1.761144853775474806e-01,3.522289707550949611e-01,5.283434561326381118e-01,7.044579415101899222e-01
1.768500000000000000e+03,1.758696764207395846e-01,3.517393528414791692e-01,5.276090292622145350e-01,7.034787056829583385e-01
1.769000000000000000e+03,1.756252077620353846e-01,3.512504155240707693e-01,5.268756232861009359e-01,7.025008310481415386e-01
1.769500000000000000e+03,1.753810789284002969e-01,3.507621578568005938e-01,5.261432367851974767e-01,7.015243157136011876e-01
1.770000000000000000e+03,1.751372894474599595e-01,3.502745788949199190e-01,5.254118683423762981e-01,7.005491577898398381e-01
1.770500000000000000e+03,1.748938388474945427e-01,3.497876776949890854e-01,5.246815165424792982e-01,6.995753553899781707e-01
1.771000000000000000e+03,1.746507266574405526e-01,3.493014533148811052e-01,5.239521799723169115e-01,6.986029066297622103e-01
1.771500000000000000e+03,1.744079524068895271e-01,3.488159048137790541e-01,5.232238572206637794e-01,6.976318096275581082e-01
1.772000000000000000e+03,1.741655156260863424e-01,3.483310312521726848e-01,5.224965468782551969e-01,6.966620625043453696e-01
1.772500000000000000e+03,1.739234158459297130e-01,3.478468316918594261e-01,5.217702475377850035e-01,6.956936633837188522e-01
1.773000000000000000e+03,1.736816525979696935e-01,3.473633051959393869e-01,5.210449577939044730e-01,6.947266103918787739e-01
1.773500000000000000e+03,1.734402254144075395e-01,3.468804508288150790e-01,5.203206762432185384e-01,6.937609016576301579e-01
1.774000000000000000e+03,1.731991338280954862e-01,3.463982676561909724e-01,5.195974014842815736e-01,6.927965353123819447e-01
1.774500000000000000e+03,1.729583773725343887e-01,3.459167547450687774e-01,5.188751321175981701e-01,6.918335094901375548e-01
1.775000000000000000e+03,1.727179555818735557e-01,3.454359111637471114e-01,5.181538667456170311e-01,6.908718223274942227e-01
1.775500000000000000e+03,1.724778679909107215e-01,3.449557359818214430e-01,5.174336039727279735e-01,6.899114719636428861e-01
1.776000000000000000e+03,1.722381141350892153e-01,3.444762282701784306e-01,5.167143424052630385e-01,6.889524565403568612e-01
1.776500000000000000e+03,1.719986935504985437e-01,3.439973871009970874e-01,5.159960806514912734e-01,6.879947742019941748e-01
1.777000000000000000e+03,1.717596057738735027e-01,3.435192115477470054e-01,5.152788173216161782e-01,6.870384230954940108e-01
1.777500000000000000e+03,1.715208503425921793e-01,3.430417006851843587e-01,5.145625510277720416e-01,6.860834013703687173e-01
1.778000000000000000e+03,1.712824267946757850e-01,3.425648535893515700e-01,5.138472803840234970e-01,6.851297071787031401e-01
1.778500000000000000e+03,1.710443346687883781e-01,3.420886693375767562e-01,5.131330040063607489e-01,6.841773386751535124e-01
1.779000000000000000e+03,1.708065735042346989e-01,3.416131470084693977e-01,5.124197205126996835e-01,6.832262940169387955e-01
1.779500000000000000e+03,1.705691428409601418e-01,3.411382856819202836e-01,5.117074285228754293e-01,6.822765713638405671e-01
1.780000000000000000e+03,1.703320422195487571e-01,3.406640844390975142e-01,5.109961266586419137e-01,6.813281688781950285e-01
1.780500000000000000e+03,1.700952711812249440e-01,3.401905423624498881e-01,5.102858135436705300e-01,6.803810847248997762e-01
1.781000000000000000e+03,1.698588292678492317e-01,3.397176585356984635e-01,5.095764878035441425e-01,6.794353170713969270e-01
1.781500000000000000e+03,1.696227160219200558e-01,3.392454320438401116e-01,5.088681480657560874e-01,6.784908640876802233e-01
1.782000000000000000e+03,1.693869309865710104e-01,3.387738619731420209e-01,5.081607929597085072e-01,6.775477239462840418e-01
1.782500000000000000e+03,1.691514737055711259e-01,3.383029474111422519e-01,5.074544211167087981e-01,6.766058948222845038e-01
1.783000000000000000e+03,1.689163437233234533e-01,3.378326874466469065e-01,5.067490311699666128e-01,6.756653748932938131e-01
1.783500000000000000e+03,1.686815405848648142e-01,3.373630811697296283e-01,5.060446217545898628e-01,6.747261623394592567e-01
1.784000000000000000e+03,1.684470638358638028e-01,3.368941276717276057e-01,5.053411915075873839e-01,6.737882553434552113e-01
1.784500000000000000e+03,1.682129130226210634e-01,3.364258260452421267e-01,5.046387390678584994e-01,6.728516520904842535e-01
1.785000000000000000e+03,1.679790876920673470e-01,3.359581753841346941e-01,5.039372630761981275e-01,6.719163507682693881e-01
1.785500000000000000e+03,1.677455873917642892e-01,3.354911747835285785e-01,5.032367621752873443e-01,6.709823495670571569e-01
1.786000000000000000e+03,1.675124116699009680e-01,3.350248233398019360e-01,5.025372350096971585e-01,6.700496466796038719e-01
1.786500000000000000e+03,1.672795600752955691e-01,3.345591201505911383e-01,5.018386802258810730e-01,6.691182403011822766e-01
1.787000000000000000e+03,1.670470321573931383e-01,3.340940643147862765e-01,5.011410964721738637e-01,6.681881286295725531e-01
1.787500000000000000e+03,1.668148274662647201e-01,3.336296549325294403e-01,5.004444823987886926e-01,6.672593098650588805e-01
1.788000000000000000e+03,1.665829455526077474e-01,3.331658911052154948e-01,4.997488366578177743e-01,6.663317822104309895e-01
1.788500000000000000e+03,1.663513859677429318e-01,3.327027719354858637e-01,4.990541579032233832e-01,6.654055438709717274e-01
1.789000000000000000e+03,1.661201482636155136e-01,3.322402965272310271e-01,4.983604447908415724e-01,6.644805930544620542e-01
1.789500000000000000e+03,1.658892319927930958e-01,3.317784639855861917e-01,4.976676959783740695e-01,6.635569279711723834e-01
1.790000000000000000e+03,1.656586367084658951e-01,3.313172734169317901e-01,4.969759101253926059e-01,6.626345468338635802e-01
1.790500000000000000e+03,1.654283619644443815e-01,3.308567239288887629e-01,4.962850858933274822e-01,6.617134478577775258e-01
1.791000000000000000e+03,1.651984073151596399e-01,3.303968146303192799e-01,4.955952219454735630e-01,6.607936292606385598e-01
1.791500000000000000e+03,1.649687723156621766e-01,3.299375446313243532e-01,4.949063169469812840e-01,6.598750892626487063e-01
1.792000000000000000e+03,1.647394565216213913e-01,3.294789130432427826e-01,4.942183695648588171e-01,6.589578260864855652e-01
1.792500000000000000e+03,1.645104594893232741e-01,3.290209189786465482e-01,4.935313784679647431e-01,6.580418379572930965e-01
1.793000000000000000e+03,1.642817807756717097e-01,3.285635615513434193e-01,4.928453423270093281e-01,6.571271231026868387e-01
1.793500000000000000e+03,1.640534199381855629e-01,3.281068398763711258e-01,4.921602598145518037e-01,6.562136797527422516e-01
1.794000000000000000e+03,1.638253765350000668e-01,3.276507530700001336e-01,4.914761296049939832e-01,6.553015061400002672e-01
1.794500000000000000e+03,1.635976501248625481e-01,3.271953002497250962e-01,4.907929503745825928e-01,6.543906004994501924e-01
1.795000000000000000e+03,1.633702402671360077e-01,3.267404805342720153e-01,4.901107208014027772e-01,6.534809610685440306e-01
1.795500000000000000e+03,1.631431465217945964e-01,3.262862930435891928e-01,4.894294395653793761e-01,6.525725860871783857e-01
1.796000000000000000e+03,1.629163684494246978e-01,3.258327368988493955e-01,4.887491053482692083e-01,6.516654737976987910e-01
1.796500000000000000e+03,1.626899056112229014e-01,3.253798112224458028e-01,4.880697168336643466e-01,6.507596224448916056e-01
1.797000000000000000e+03,1.624637575689965585e-01,3.249275151379931170e-01,4.873912727069845685e-01,6.498550302759862340e-01
1.797500000000000000e+03,1.622379238851614502e-01,3.244758477703229005e-01,4.867137716554791882e-01,6.489516955406458010e-01
1.798000000000000000e+03,1.620124041227419820e-01,3.240248082454839640e-01,4.860372123682211720e-01,6.480496164909679280e-01
1.798500000000000000e+03,1.617871978453694626e-01,3.235743956907389252e-01,4.853615935361035305e-01,6.471487913814778503e-01
1.799000000000000000e+03,1.615623046172827981e-01,3.231246092345655962e-01,4.846869138518438147e-01,6.462492184691311925e-01
1.799500000000000000e+03,1.613377240033256610e-01,3.226754480066513220e-01,4.840131720099721813e-01,6.453508960133026440e-01
1.800000000000000000e+03,1.611134555689472947e-01,3.222269111378945894e-01,4.833403667068369991e-01,6.444538222757891788e-01
1.800500000000000000e+03,1.608894988802002934e-01,3.217789977604005869e-01,4.826684966405960231e-01,6.435579955208011738e-01
1.801000000000000000e+03,1.606658535037409352e-01,3.213317070074818704e-01,4.819975605112177819e-01,6.426634140149637409e-01
1.801500000000000000e+03,1.604425190068279883e-01,3.208850380136559766e-01,4.813275570204784137e-01,6.417700760273119531e-01
1.802000000000000000e+03,1.602194949573214067e-01,3.204389899146428133e-01,4.806584848719588354e-01,6.408779798292856267e-01
1.802500000000000000e+03,1.599967809236817751e-01,3.199935618473635501e-01,4.799903427710403014e-01,6.399871236947271003e-01
1.803000000000000000e+03,1.597743764749701145e-01,3.195487529499402291e-01,4.793231294249056251e-01,6.390975058998804581e-01
1.803500000000000000e+03,1.595522811808456065e-01,3.191045623616912130e-01,4.786568435425328505e-01,6.382091247233824260e-01
1.804000000000000000e+03,1.593304946115667864e-01,3.186609892231335728e-01,4.779914838346964179e-01,6.373219784462671456e-01
1.804500000000000000e+03,1.591090163379886291e-01,3.182180326759772582e-01,4.773270490139618905e-01,6.364360653519545163e-01
1.805000000000000000e+03,1.588878459315629099e-01,3.177756918631258198e-01,4.766635377946844554e-01,6.355513837262516397e-01
1.805500000000000000e+03,1.586669829643369556e-01,3.173339659286739112e-01,4.760009488930068144e-01,6.346679318573478223e-01
1.806000000000000000e+03,1.584464270089532556e-01,3.168928540179065112e-01,4.753392810268557978e-01,6.337857080358130224e-01
1.806500000000000000e+03,1.582261776386483521e-01,3.164523552772967041e-01,4.746785329159412536e-01,6.329047105545934082e-01
1.807000000000000000e+03,1.580062344272515906e-01,3.160124688545031812e-01,4.740187032817508861e-01,6.320249377090063625e-01
1.807500000000000000e+03,1.577865969491853704e-01,3.155731938983707408e-01,4.733597908475521421e-01,6.311463877967414815e-01
1.808000000000000000e+03,1.575672647794630898e-01,3.151345295589261797e-01,4.727017943383850507e-01,6.302690591178523594e-01
1.808500000000000000e+03,1.573482374936890915e-01,3.146964749873781830e-01,4.720447124810633333e-01,6.293929499747563661e-01
1.809000000000000000e+03,1.571295146680578292e-01,3.142590293361156584e-01,4.713885440041693520e-01,6.285180586722313167e-01
1.809500000000000000e+03,1.569110958793526744e-01,3.138221917587053489e-01,4.707332876380537767e-01,6.276443835174106978e-01
1.810000000000000000e+03,1.566929807049453061e-01,3.133859614098906121e-01,4.700789421148318659e-01,6.267719228197812242e-01
1.810500000000000000e+03,1.564751687227950439e-01,3.129503374455900877e-01,4.694255061683805796e-01,6.259006748911801754e-01
1.811000000000000000e+03,1.562576595114473221e-01,3.125153190228946443e-01,4.687729785343368039e-01,6.250306380457892885e-01
1.811500000000000000e+03,1.560404526500344669e-01,3.120809053000689337e-01,4.681213579500981270e-01,6.241618106001378674e-01
1.812000000000000000e+03,1.558235477182723649e-01,3.116470954365447299e-01,4.674706431548129593e-01,6.232941908730894598e-01
1.812500000000000000e+03,1.556069442964631566e-01,3.112138885929263132e-01,4.668208328893843073e-01,6.224277771858526265e-01
1.813000000000000000e+03,1.553906419654900728e-01,3.107812839309801456e-01,4.661719258964652224e-01,6.215625678619602912e-01
1.813500000000000000e+03,1.551746403068209046e-01,3.103492806136418092e-01,4.655239209204568573e-01,6.206985612272836184e-01
1.814000000000000000e+03,1.549589389025036179e-01,3.099178778050072358e-01,4.648768167075053581e-01,6.198357556100144716e-01
1.814500000000000000e+03,1.547435373351683796e-01,3.094870746703367592e-01,4.642306120054995322e-01,6.189741493406735184e-01
1.815000000000000000e+03,1.545284351880248097e-01,3.090568703760496194e-01,4.635853055640696274e-01,6.181137407520992388e-01
1.815500000000000000e+03,1.543136320448624532e-01,3.086272640897249064e-01,4.629408961345824469e-01,6.172545281794498129e-01
1.816000000000000000e+03,1.540991274900487817e-01,3.081982549800975635e-01,4.622973824701420154e-01,6.163965099601951270e-01
1.816500000000000000e+03,1.538849211085296376e-01,3.077698422170592751e-01,4.616547633255843053e-01,6.155396844341185503e-01
1.817000000000000000e+03,1.536710124858273463e-01,3.073420249716546926e-01,4.610130374574774037e-01,6.146840499433093852e-01
1.817500000000000000e+03,1.534574012080404115e-01,3.069148024160808230e-01,4.603722036241166271e-01,6.138296048321616460e-01
1.818000000000000000e+03,1.532440868618431817e-01,3.064881737236863635e-01,4.597322605855249100e-01,6.129763474473727269e-01
1.818500000000000000e+03,1.530310690344840741e-01,3.060621380689681481e-01,4.590932071034473649e-01,6.121242761379362962e-01
1.819000000000000000e+03,1.528183473137851578e-01,3.056366946275703156e-01,4.584550419413503941e-01,6.112733892551406312e-01
1.819500000000000000e+03,1.526059212881415716e-01,3.052118425762831433e-01,4.578177638644197467e-01,6.104236851525662866e-01
1.820000000000000000e+03,1.523937905465214404e-01,3.047875810930428808e-01,4.571813716395588534e-01,6.095751621860857616e-01
1.820500000000000000e+03,1.521819546784624055e-01,3.043639093569248111e-01,4.565458640353822761e-01,6.087278187138496222e-01
1.821000000000000000e+03,1.519704132740745117e-01,3.039408265481490234e-01,4.559112398222188722e-01,6.078816530962980469e-01
1.821500000000000000e+03,1.517591659240369040e-01,3.035183318480738079e-01,4.552774977721052996e-01,6.070366636961476159e-01
1.822000000000000000e+03,1.515482122195972448e-01,3.030964244391944895e-01,4.546446366587864052e-01,6.061928488783889790e-01
1.822500000000000000e+03,1.513375517525718250e-01,3.026751035051436500e-01,4.540126552577103958e-01,6.053502070102873001e-01
1.823000000000000000e+03,1.511271841153446205e-01,3.022543682306892410e-01,4.533815523460278940e-01,6.045087364613784819e-01
1.823500000000000000e+03,1.509171089008653488e-01,3.018342178017306976e-01,4.527513267025901622e-01,6.036684356034613952e-01
1.824000000000000000e+03,1.507073257026505797e-01,3.014146514053011594e-01,4.521219771079456051e-01,6.028293028106023188e-01
1.824500000000000000e+03,1.504978341147809318e-01,3.009956682295618635e-01,4.514935023443371609e-01,6.019913364591237270e-01
1.825000000000000000e+03,1.502886337319022658e-01,3.005772674638045316e-01,4.508659011957011353e-01,6.011545349276090633e-01
1.825500000000000000e+03,1.500797241492230760e-01,3.001594482984461520e-01,4.502391724476634827e-01,6.003188965968923041e-01
1.826000000000000000e+03,1.498711049625149616e-01,2.997422099250299232e-01,4.496133148875391949e-01,5.994844198500598464e-01
1.826500000000000000e+03,1.496627757681111559e-01,2.993255515362223118e-01,4.489883273043293044e-01,5.986511030724446236e-01
1.827000000000000000e+03,1.494547361629067206e-01,2.989094723258134412e-01,4.483642084887158319e-01,5.978189446516268823e-01
1.827500000000000000e+03,1.492469857443557701e-01,2.984939714887115403e-01,4.477409572330636744e-01,5.969879429774230806e-01
1.828000000000000000e+03,1.490395241104734425e-01,2.980790482209468850e-01,4.471185723314164417e-01,5.961580964418937700e-01
1.828500000000000000e+03,1.488323508598323186e-01,2.976647017196646372e-01,4.464970525794931255e-01,5.953294034393292744e-01
1.829000000000000000e+03,1.486254655915641709e-01,2.972509311831283418e-01,4.458763967746888768e-01,5.945018623662566837e-01
1.829500000000000000e+03,1.484188679053571047e-01,2.968377358107142094e-01,4.452566037160675672e-01,5.936754716214284189e-01
1.830000000000000000e+03,1.482125574014561409e-01,2.964251148029122818e-01,4.446376722043647867e-01,5.928502296058245635e-01
1.830500000000000000e+03,1.480065336806616061e-01,2.960130673613232122e-01,4.440196010419816819e-01,5.920261347226464244e-01
1.831000000000000000e+03,1.478007963443294381e-01,2.956015926886588763e-01,4.434023890329847895e-01,5.912031853773177525e-01
1.831500000000000000e+03,1.475953449943687434e-01,2.951906899887374869e-01,4.427860349831024278e-01,5.903813799774749738e-01
1.832000000000000000e+03,1.473901792332429628e-01,2.947803584664859256e-01,4.421705376997255854e-01,5.895607169329718511e-01
1.832500000000000000e+03,1.471852986639674843e-01,2.943705973279349686e-01,4.415558959918988724e-01,5.887411946558699372e-01
1.833000000000000000e+03,1.469807028901097823e-01,2.939614057802195646e-01,4.409421086703254611e-01,5.879228115604391292e-01
1.833500000000000000e+03,1.467763915157882237e-01,2.935527830315764475e-01,4.403291745473610352e-01,5.871055660631528950e-01
1.834000000000000000e+03,1.465723641456718462e-01,2.931447282913436925e-01,4.397170924370118472e-01,5.862894565826873849e-01
1.834500000000000000e+03,1.463686203849787204e-01,2.927372407699574408e-01,4.391058611549321089e-01,5.854744815399148816e-01
1.835000000000000000e+03,1.461651598394760609e-01,2.923303196789521219e-01,4.384954795184239362e-01,5.846606393579042438e-01
1.835500000000000000e+03,1.459619821154787556e-01,2.919239642309575111e-01,4.378859463464316870e-01,5.838479284619150222e-01
1.836000000000000000e+03,1.457590868198494483e-01,2.915181736396988965e-01,4.372772604595439039e-01,5.830363472793977930e-01
1.836500000000000000e+03,1.455564735599966242e-01,2.911129471199932484e-01,4.366694206799859868e-01,5.822258942399864967e-01
1.837000000000000000e+03,1.453541419438751925e-01,2.907082838877503850e-01,4.360624258316210256e-01,5.814165677755007700e-01
1.837500000000000000e+03,1.451520915799842659e-01,2.903041831599685318e-01,4.354562747399483569e-01,5.806083663199370637e-01
1.838000000000000000e+03,1.449503220773678824e-01,2.899006441547357649e-01,4.348509662320996783e-01,5.798012883094715297e-01
1.838500000000000000e+03,1.447488330456129790e-01,2.894976660912259581e-01,4.342464991368354954e-01,5.789953321824519161e-01
1.839000000000000000e+03,1.445476240948497249e-01,2.890952481896994497e-01,4.336428722845458994e-01,5.781904963793988994e-01
1.839500000000000000e+03,1.443466948357495228e-01,2.886933896714990455e-01,4.330400845072451266e-01,5.773867793429980910e-01
1.840000000000000000e+03,1.441460448795256755e-01,2.882920897590513509e-01,4.324381346385735569e-01,5.765841795181027019e-01
1.840500000000000000e+03,1.439456738379312484e-01,2.878913476758624967e-01,4.318370215137910528e-01,5.757826953517249935e-01
1.841000000000000000e+03,1.437455813232599577e-01,2.874911626465199155e-01,4.312367439697760707e-01,5.749823252930398310e-01
1.841500000000000000e+03,1.435457669483430898e-01,2.870915338966861796e-01,4.306373008450262163e-01,5.741830677933723592e-01
1.842000000000000000e+03,1.433462303265516935e-01,2.866924606531033870e-01,4.300386909796518609e-01,5.733849213062067740e-01
1.842500000000000000e+03,1.431469710717926669e-01,2.862939421435853338e-01,4.294409132153748643e-01,5.725878842871706675e-01
1.843000000000000000e+03,1.429479887985109499e-01,2.858959775970218997e-01,4.288439663955300740e-01,5.717919551940437994e-01
1.843500000000000000e+03,1.427492831216863323e-01,2.854985662433726645e-01,4.282478493650563878e-01,5.709971324867453291e-01
1.844000000000000000e+03,1.425508536568348417e-01,2.851017073136696833e-01,4.276525609705014164e-01,5.702034146273393667e-01
1.844500000000000000e+03,1.423527000200059123e-01,2.847054000400118245e-01,4.270581000600149335e-01,5.694108000800236491e-01
1.845000000000000000e+03,1.421548218277836340e-01,2.843096436555672679e-01,4.264644654833479875e-01,5.686192873111345358e-01
1.845500000000000000e+03,1.419572186972843653e-01,2.839144373945687305e-01,4.258716560918504035e-01,5.678288747891374610e-01
1.846000000000000000e+03,1.417598902461573440e-01,2.835197804923146880e-01,4.252796707384688402e-01,5.670395609846293761e-01
1.846500000000000000e+03,1.415628360925822171e-01,2.831256721851644342e-01,4.246885082777434595e-01,5.662513443703288685e-01
1.847000000000000000e+03,1.413660558552709279e-01,2.827321117105418558e-01,4.240981675658094252e-01,5.654642234210837115e-01
1.847500000000000000e+03,1.411695491534638303e-01,2.823390983069276605e-01,4.235086474603885209e-01,5.646781966138553210e-01
1.848000000000000000e+03,1.409733156069319648e-01,2.819466312138639297e-01,4.229199468207925916e-01,5.638932624277278594e-01
1.848500000000000000e+03,1.407773548359738391e-01,2.815547096719476783e-01,4.223320645079183810e-01,5.631094193438953566e-01
1.849000000000000000e+03,1.405816664614164269e-01,2.811633329228328537e-01,4.217449993842458666e-01,5.623266658456657074e-01
1.849500000000000000e+03,1.403862501046132250e-01,2.807725002092264499e-01,4.211587503138362609e-01,5.615450004184528998e-01
1.850000000000000000e+03,1.401911053874448920e-01,2.803822107748897841e-01,4.205733161623312344e-01,5.607644215497795681e-01
1.850500000000000000e+03,1.399962319323166671e-01,2.799924638646333341e-01,4.199886957969468648e-01,5.599849277292666683e-01
1.851000000000000000e+03,1.398016293621595352e-01,2.796032587243190703e-01,4.194048880864751916e-01,5.592065174486381407e-01
1.851500000000000000e+03,1.396072973004280349e-01,2.792145946008560697e-01,4.188218919012812180e-01,5.584291892017121395e-01
1.852000000000000000e+03,1.394132353711006189e-01,2.788264707422012378e-01,4.182397061132989147e-01,5.576529414844024757e-01
1.852500000000000000e+03,1.392194431986779612e-01,2.784388863973559225e-01,4.176583295960313302e-01,5.568777727947118450e-01
1.853000000000000000e+03,1.390259204081830957e-01,2.780518408163661914e-01,4.170777612245458732e-01,5.561036816327323828e-01
1.853500000000000000e+03,1.388326666251600561e-01,2.776653332503201121e-01,4.164979998754773649e-01,5.553306665006402243e-01
1.854000000000000000e+03,1.386396814756733487e-01,2.772793629513466973e-01,4.159190444270166043e-01,5.545587259026933946e-01
1.854500000000000000e+03,1.384469645863074250e-01,2.768939291726148499e-01,4.153408937589195271e-01,5.537878583452296999e-01
1.855000000000000000e+03,1.382545155841660156e-01,2.765090311683320312e-01,4.147635467524942166e-01,5.530180623366640624e-01
1.855500000000000000e+03,1.380623340968704926e-01,2.761246681937409853e-01,4.141870022906076754e-01,5.522493363874819705e-01
1.856000000000000000e+03,1.378704197525606745e-01,2.757408395051213490e-01,4.136112592576777214e-01,5.514816790102426980e-01
1.856500000000000000e+03,1.376787721798926056e-01,2.753575443597852113e-01,4.130363165396739311e-01,5.507150887195704225e-01
1.857000000000000000e+03,1.374873910080392225e-01,2.749747820160784451e-01,4.124621730241127548e-01,5.499495640321568901e-01
1.857500000000000000e+03,1.372962758666879668e-01,2.745925517333759336e-01,4.118888276000599591e-01,5.491851034667518672e-01
1.858000000000000000e+03,1.371054263860420896e-01,2.742108527720841793e-01,4.113162791581223554e-01,5.484217055441683586e-01
1.858500000000000000e+03,1.369148421968182372e-01,2.738296843936364744e-01,4.107445265904509646e-01,5.476593687872729488e-01
1.859000000000000000e+03,1.367245229302465337e-01,2.734490458604930674e-01,4.101735687907354655e-01,5.468980917209861348e-01
1.859500000000000000e+03,1.365344682180694713e-01,2.730689364361389426e-01,4.096034046542055829e-01,5.461378728722778853e-01
1.860000000000000000e+03,1.363446776925421877e-01,2.726893553850843754e-01,4.090340330776236488e-01,5.453787107701687509e-01
1.860500000000000000e+03,1.361551509864302456e-01,2.723103019728604912e-01,4.084654529592877115e-01,5.446206039457209824e-01
1.861000000000000000e+03,1.359658877330101046e-01,2.719317754660202091e-01,4.078976631990267054e-01,5.438635509320404182e-01
1.861500000000000000e+03,1.357768875660675389e-01,2.715537751321350779e-01,4.073306626981991752e-01,5.431075502642701558e-01
1.862000000000000000e+03,1.355881501198977490e-01,2.711763002397954980e-01,4.067644503596899996e-01,5.423526004795909961e-01
1.862500000000000000e+03,1.353996750293042783e-01,2.707993500586085567e-01,4.061990250879091158e-01,5.415987001172171134e-01
1.863000000000000000e+03,1.352114619295983478e-01,2.704229238591966955e-01,4.056343857887910187e-01,5.408458477183933910e-01
1.863500000000000000e+03,1.350235104565977173e-01,2.700470209131954347e-01,4.050705313697895993e-01,5.400940418263908693e-01
1.864000000000000000e+03,1.348358202466270195e-01,2.696716404932540390e-01,4.045074607398777000e-01,5.393432809865080779e-01
1.864500000000000000e+03,1.346483909365157050e-01,2.692967818730314100e-01,4.039451728095436178e-01,5.385935637460628200e-01
1.865000000000000000e+03,1.344612221635987370e-01,2.689224443271974740e-01,4.033836664907929914e-01,5.378448886543949481e-01
1.865500000000000000e+03,1.342743135657148146e-01,2.685486271314296292e-01,4.028229406971408633e-01,5.370972542628592583e-01
1.866000000000000000e+03,1.340876647812059563e-01,2.681753295624119127e-01,4.022629943436151767e-01,5.363506591248238253e-01
1.866500000000000000e+03,1.339012754489172508e-01,2.678025508978345015e-01,4.017038263467483938e-01,5.356051017956690030e-01
1.867000000000000000e+03,1.337151452081956071e-01,2.674302904163912142e-01,4.011454356245840458e-01,5.348605808327824285e-01
1.867500000000000000e+03,1.335292736988893114e-01,2.670585473977786228e-01,4.005878210966649089e-01,5.341170947955572457e-01
1.868000000000000000e+03,1.333436605613473325e-01,2.666873211226946649e-01,4.000309816840391663e-01,5.333746422453893299e-01
1.868500000000000000e+03,1.331583054364182117e-01,2.663166108728364234e-01,3.994749163092518596e-01,5.326332217456728468e-01
1.869000000000000000e+03,1.329732079654504240e-01,2.659464159309008480e-01,3.989196238963482744e-01,5.318928318618016959e-01
1.869500000000000000e+03,1.327883677902903237e-01,2.655767355805806473e-01,3.983651033708682232e-01,5.311534711611612947e-01
1.870000000000000000e+03,1.326037845532824777e-01,2.652075691065649554e-01,3.978113536598444910e-01,5.304151382131299108e-01
1.870500000000000000e+03,1.324194578972684999e-01,2.648389157945369998e-01,3.972583736918024466e-01,5.296778315890739997e-01
1.871000000000000000e+03,1.322353874655864681e-01,2.644707749311729361e-01,3.967061623967564343e-01,5.289415498623458722e-01
1.871500000000000000e+03,1.320515729020704243e-01,2.641031458041408486e-01,3.961547187062083863e-01,5.282062916082816972e-01
1.872000000000000000e+03,1.318680138510492372e-01,2.637360277020984745e-01,3.956040415531451027e-01,5.274720554041969489e-01
1.872500000000000000e+03,1.316847099573462965e-01,2.633694199146925929e-01,3.950541298720359751e-01,5.267388398293851859e-01
1.873000000000000000e+03,1.315016608662788189e-01,2.630033217325576378e-01,3.945049825988337644e-01,5.260066434651152756e-01
1.873500000000000000e+03,1.313188662236567661e-01,2.626377324473135322e-01,3.939565986709669954e-01,5.252754648946270644e-01
1.874000000000000000e+03,1.311363256757824836e-01,2.622726513515649671e-01,3.934089770273444531e-01,5.245453027031299342e-01
1.874500000000000000e+03,1.309540388694503121e-01,2.619080777389006243e-01,3.928621166083482996e-01,5.238161554778012485e-01
1.875000000000000000e+03,1.307720054519453667e-01,2.615440109038907335e-01,3.923160163558334634e-01,5.230880218077814670e-01
1.875500000000000000e+03,1.305902250710429813e-01,2.611804501420859626e-01,3.917706752131261960e-01,5.223609002841719251e-01
1.876000000000000000e+03,1.304086973750081813e-01,2.608173947500163625e-01,3.912260921250216295e-01,5.216347895000327251e-01
1.876500000000000000e+03,1.302274220125947957e-01,2.604548440251895913e-01,3.906822660377817225e-01,5.209096880503791827e-01
1.877000000000000000e+03,1.300463986330452626e-01,2.600927972660905252e-01,3.901391958991329845e-01,5.201855945321810504e-01
1.877500000000000000e+03,1.298656268860891028e-01,2.597312537721782055e-01,3.895968806582648103e-01,5.194625075443564111e-01
1.878000000000000000e+03,1.296851064219432803e-01,2.593702128438865606e-01,3.890553192658265935e-01,5.187404256877731212e-01
1.878500000000000000e+03,1.295048368913103987e-01,2.590096737826207973e-01,3.885145106739281706e-01,5.180193475652415946e-01
1.879000000000000000e+03,1.293248179453788949e-01,2.586496358907577897e-01,3.879744538361335482e-01,5.172992717815155794e-01
1.879500000000000000e+03,1.291450492358221513e-01,2.582900984716443027e-01,3.874351477074637340e-01,5.165801969432886054e-01
1.880000000000000000e+03,1.289655304147976911e-01,2.579310608295953822e-01,3.868965912443904087e-01,5.158621216591907643e-01
1.880500000000000000e+03,1.287862611349464004e-01,2.575725222698928008e-01,3.863587834048364256e-01,5.151450445397856015e-01
1.881000000000000000e+03,1.286072410493921125e-01,2.572144820987842251e-01,3.858217231481743115e-01,5.144289641975684502e-01
1.881500000000000000e+03,1.284284698117409973e-01,2.568569396234819946e-01,3.852854094352209380e-01,5.137138792469639892e-01
1.882000000000000000e+03,1.282499470760803395e-01,2.564998941521606790e-01,3.847498412282391866e-01,5.129997883043213580e-01
1.882500000000000000e+03,1.280716724969789555e-01,2.561433449939579110e-01,3.842150174909350069e-01,5.122866899879158220e-01
1.883000000000000000e+03,1.278936457294849727e-01,2.557872914589699453e-01,3.836809371884534747e-01,5.115745829179398907e-01
1.883500000000000000e+03,1.277158664291267731e-01,2.554317328582535462e-01,3.831475992873785708e-01,5.108634657165070925e-01
1.884000000000000000e+03,1.275383342519109120e-01,2.550766685038218240e-01,3.826150027557311817e-01,5.101533370076436480e-01
1.884500000000000000e+03,1.273610488543226171e-01,2.547220977086452343e-01,3.820831465629657142e-01,5.094441954172904685e-01
1.885000000000000000e+03,1.271840098933243457e-01,2.543680197866486914e-01,3.815520296799713718e-01,5.087360395732973828e-01
1.885500000000000000e+03,1.270072170263556177e-01,2.540144340527112354e-01,3.810216510790650490e-01,5.080288681054224709e-01
1.886000000000000000e+03,1.268306699113318503e-01,2.536613398226637006e-01,3.804920097339943852e-01,5.073226796453274012e-01
1.886500000000000000e+03,1.266543682066445242e-01,2.533087364132890484e-01,3.799631046199312689e-01,5.066174728265780969e-01
1.887000000000000000e+03,1.264783115711587691e-01,2.529566231423175382e-01,3.794349347134750028e-01,5.059132462846350764e-01
1.887500000000000000e+03,1.263024996642158893e-01,2.526049993284317785e-01,3.789074989926452530e-01,5.052099986568635570e-01
1.888000000000000000e+03,1.261269321456283399e-01,2.522538642912566798e-01,3.783807964368829380e-01,5.045077285825133595e-01
1.888500000000000000e+03,1.259516086756836684e-01,2.519032173513673367e-01,3.778548260270486181e-01,5.038064347027346734e-01
1.889000000000000000e+03,1.257765289151399069e-01,2.515530578302798137e-01,3.773295867454180552e-01,5.031061156605596274e-01
1.889500000000000000e+03,1.256016925252279315e-01,2.512033850504558630e-01,3.768050775756817128e-01,5.024067701009117259e-01
1.890000000000000000e+03,1.254270991676486868e-01,2.508541983352973737e-01,3.762812975029442564e-01,5.017083966705947473e-01
1.890500000000000000e+03,1.252527485045738243e-01,2.505054970091476485e-01,3.757582455137193911e-01,5.010109940182952970e-01
1.891000000000000000e+03,1.250786401986443142e-01,2.501572803972886283e-01,3.752359205959318600e-01,5.003145607945772566e-01
1.891500000000000000e+03,1.249047739129704182e-01,2.498095478259408364e-01,3.747143217389098391e-01,4.996190956518816728e-01
1.892000000000000000e+03,1.247311493111304403e-01,2.494622986222608807e-01,3.741934479333899333e-01,4.989245972445217614e-01
1.892500000000000000e+03,1.245577660571701439e-01,2.491155321143402879e-01,3.736732981715089053e-01,4.982310642286805757e-01
1.893000000000000000e+03,1.243846238156027240e-01,2.487692476312054479e-01,3.731538714468063955e-01,4.975384952624108958e-01
1.893500000000000000e+03,1.242117222514074193e-01,2.484234445028148386e-01,3.726351667542201485e-01,4.968468890056296772e-01
1.894000000000000000e+03,1.240390610300292074e-01,2.480781220600584147e-01,3.721171830900859012e-01,4.961562441201168294e-01
1.894500000000000000e+03,1.238666398173784572e-01,2.477332796347569144e-01,3.715999194521332760e-01,4.954665592695138288e-01
1.895000000000000000e+03,1.236944582798291115e-01,2.473889165596582229e-01,3.710833748394860576e-01,4.947778331193164458e-01
1.895500000000000000e+03,1.235225160842200881e-01,2.470450321684401762e-01,3.705675482526584186e-01,4.940900643368803524e-01
1.896000000000000000e+03,1.233508128978521995e-01,2.467016257957043990e-01,3.700524386935548637e-01,4.934032515914087980e-01
1.896500000000000000e+03,1.231793483884896651e-01,2.463586967769793301e-01,3.695380451654669551e-01,4.927173935539586602e-01
1.897000000000000000e+03,1.230081222243578076e-01,2.460162444487156153e-01,3.690243666730717575e-01,4.920324888974312305e-01
1.897500000000000000e+03,1.228371340741435253e-01,2.456742681482870505e-01,3.685114022224291741e-01,4.913485362965741010e-01
1.898000000000000000e+03,1.226663836069942226e-01,2.453327672139884452e-01,3.679991508209817797e-01,4.906655344279768904e-01
1.898500000000000000e+03,1.224958704925175612e-01,2.449917409850351224e-01,3.674876114775513236e-01,4.899834819700702448e-01
1.899000000000000000e+03,1.223255944007795443e-01,2.446511888015590885e-01,3.669767832023371756e-01,4.893023776031181771e-01
1.899500000000000000e+03,1.221555550023055575e-01,2.443111100046111150e-01,3.664666650069151044e-01,4.886222200092222301e-01
1.900000000000000000e+03,1.219857519680786484e-01,2.439715039361572968e-01,3.659572559042347795e-01,4.879430078723145936e-01
1.900500000000000000e+03,1.218161849695395954e-01,2.436323699390791908e-01,3.654485549086177731e-01,4.872647398781583816e-01
1.901000000000000000e+03,1.216468536785853816e-01,2.432937073571707631e-01,3.649405610357555063e-01,4.865874147143415263e-01
1.901500000000000000e+03,1.214777577675694858e-01,2.429555155351389717e-01,3.644332733027071392e-01,4.859110310702779434e-01
1.902000000000000000e+03,1.213088969093007313e-01,2.426177938186014627e-01,3.639266907279012919e-01,4.852355876372029253e-01
1.902500000000000000e+03,1.211402707770423692e-01,2.422805415540847385e-01,3.634208123311261640e-01,4.845610831081694769e-01
1.903000000000000000e+03,1.209718790445124259e-01,2.419437580890248518e-01,3.629156371335362508e-01,4.838875161780497036e-01
1.903500000000000000e+03,1.208037213858822179e-01,2.416074427717644357e-01,3.624111641576451270e-01,4.832148855435288715e-01
1.904000000000000000e+03,1.206357974757758106e-01,2.412715949515516212e-01,3.619073924273262799e-01,4.825431899031032423e-01
1.904500000000000000e+03,1.204681069892697826e-01,2.409362139785395651e-01,3.614043209678071134e-01,4.818724279570791302e-01
1.905000000000000000e+03,1.203006496018924343e-01,2.406012992037848686e-01,3.609019488056757208e-01,4.812025984075697371e-01
1.905500000000000000e+03,1.201334249896227058e-01,2.402668499792454115e-01,3.604002749688657858e-01,4.805336999584908231e-01
1.906000000000000000e+03,1.199664328288903986e-01,2.399328656577807972e-01,3.598992984866690725e-01,4.798657313155615944e-01
1.906500000000000000e+03,1.197996727965747882e-01,2.395993455931495764e-01,3.593990183897218804e-01,4.791986911862991527e-01
1.907000000000000000e+03,1.196331445700045681e-01,2.392662891400091363e-01,3.588994337100120391e-01,4.785325782800182726e-01
1.907500000000000000e+03,1.194668478269567402e-01,2.389336956539134804e-01,3.584005434808676949e-01,4.778673913078269608e-01
1.908000000000000000e+03,1.193007822456564754e-01,2.386015644913129508e-01,3.579023467369675249e-01,4.772031289826259015e-01
1.908500000000000000e+03,1.191349475047757400e-01,2.382698950095514800e-01,3.574048425143249719e-01,4.765397900191029601e-01
1.909000000000000000e+03,1.189693432834338926e-01,2.379386865668677853e-01,3.569080298502997906e-01,4.758773731337355706e-01
1.909500000000000000e+03,1.188039692611954495e-01,2.376079385223908991e-01,3.564119077835840588e-01,4.752158770447817981e-01
1.910000000000000000e+03,1.186388251180712228e-01,2.372776502361424456e-01,3.559164753542111148e-01,4.745553004722848911e-01
1.910500000000000000e+03,1.184739105345160026e-01,2.369478210690320052e-01,3.554217316035455099e-01,4.738956421380640105e-01
1.911000000000000000e+03,1.183092251914295984e-01,2.366184503828591967e-01,3.549276755742866163e-01,4.732369007657183935e-01
1.911500000000000000e+03,1.181447687701547566e-01,2.362895375403095133e-01,3.544343063104615776e-01,4.725790750806190266e-01
1.912000000000000000e+03,1.179805409524773974e-01,2.359610819049547947e-01,3.539416228574301382e-01,4.719221638099095895e-01
1.912500000000000000e+03,1.178165414206258921e-01,2.356330828412517842e-01,3.534496242618748174e-01,4.712661656825035683e-01
1.913000000000000000e+03,1.176527698572700648e-01,2.353055397145401295e-01,3.529583095718082375e-01,4.706110794290802590e-01
1.913500000000000000e+03,1.174892259455209004e-01,2.349784518910418007e-01,3.524676778365606888e-01,4.699569037820836015e-01
1.914000000000000000e+03,1.173259093689302812e-01,2.346518187378605624e-01,3.519777281067890673e-01,4.693036374757211249e-01
1.914500000000000000e+03,1.171628198114895852e-01,2.343256396229791705e-01,3.514884594344661606e-01,4.686512792459583410e-01
1.915000000000000000e+03,1.169999569576293114e-01,2.339999139152586227e-01,3.509998708728861438e-01,4.679998278305172454e-01
1.915500000000000000e+03,1.168373204922190239e-01,2.336746409844380479e-01,3.505119614766548652e-01,4.673492819688760957e-01
1.916000000000000000e+03,1.166749101005661454e-01,2.333498202011322908e-01,3.500247303016967293e-01,4.666996404022645817e-01
1.916500000000000000e+03,1.165127254684154012e-01,2.330254509368308025e-01,3.495381764052438167e-01,4.660509018736616049e-01
1.917000000000000000e+03,1.163507662819486671e-01,2.327015325638973342e-01,3.490522988458439335e-01,4.654030651277946684e-01
1.917500000000000000e+03,1.161890322277835674e-01,2.323780644555671349e-01,3.485670966833482320e-01,4.647561289111342697e-01
1.918000000000000000e+03,1.160275229929741553e-01,2.320550459859483106e-01,3.480825689789203148e-01,4.641100919718966211e-01
1.918500000000000000e+03,1.158662382650086503e-01,2.317324765300173006e-01,3.475987147950239109e-01,4.634649530600346012e-01
1.919000000000000000e+03,1.157051777318100216e-01,2.314103554636200433e-01,3.471155331954279277e-01,4.628207109272400865e-01
1.919500000000000000e+03,1.155443410817352523e-01,2.310886821634705046e-01,3.466330232452032312e-01,4.621773643269410092e-01
1.920000000000000000e+03,1.153837280035741042e-01,2.307674560071482084e-01,3.461511840107194815e-01,4.615349120142964168e-01
1.920500000000000000e+03,1.152233381865490763e-01,2.304466763730981527e-01,3.456700145596442453e-01,4.608933527461963053e-01
1.921000000000000000e+03,1.150631713203149192e-01,2.301263426406298385e-01,3.451895139609417740e-01,4.602526852812596769e-01
1.921500000000000000e+03,1.149032270949574969e-01,2.298064541899149937e-01,3.447096812848701175e-01,4.596129083798299875e-01
1.922000000000000000e+03,1.147435052009937312e-01,2.294870104019874624e-01,3.442305156029791258e-01,4.589740208039749247e-01
1.922500000000000000e+03,1.145840053293702837e-01,2.291680106587405674e-01,3.437520159881088389e-01,4.583360213174811348e-01
1.923000000000000000e+03,1.144247271714640551e-01,2.288494543429281103e-01,3.432741815143904307e-01,4.576989086858562206e-01
1.923500000000000000e+03,1.142656704190804645e-01,2.285313408381609290e-01,3.427970112572389927e-01,4.570626816763218581e-01
1.924000000000000000e+03,1.141068347644533798e-01,2.282136695289067596e-01,3.423205042933581410e-01,4.564273390578135192e-01
1.924500000000000000e+03,1.139482199002448126e-01,2.278964398004896252e-01,3.418446597007326337e-01,4.557928796009792505e-01
1.925000000000000000e+03,1.137898255195435859e-01,2.275796510390871719e-01,3.413694765586287039e-01,4.551593020781743437e-01
1.925500000000000000e+03,1.136316513158654451e-01,2.272633026317308902e-01,3.408949539475944479e-01,4.545266052634617804e-01
1.926000000000000000e+03,1.134736969831519338e-01,2.269473939663038675e-01,3.404210909494538861e-01,4.538947879326077350e-01
1.926500000000000000e+03,1.133159622157702828e-01,2.266319244315405657e-01,3.399478866473086835e-01,4.532638488630811313e-01
1.927000000000000000e+03,1.131584467085123280e-01,2.263168934170246560e-01,3.394753401255346525e-01,4.526337868340493120e-01
1.927500000000000000e+03,1.130011501565943016e-01,2.260023003131886032e-01,3.390034504697810314e-01,4.520046006263772065e-01
1.928000000000000000e+03,1.128440722556560277e-01,2.256881445113120555e-01,3.385322167669664317e-01,4.513762890226241109e-01
1.928500000000000000e+03,1.126872127017605613e-01,2.253744254035211225e-01,3.380616381052798380e-01,4.507488508070422450e-01
1.929000000000000000e+03,1.125305711913932166e-01,2.250611423827864332e-01,3.375917135741779984e-01,4.501222847655728665e-01
1.929500000000000000e+03,1.123741474214614844e-01,2.247482948429229688e-01,3.371224422643825935e-01,4.494965896858459375e-01
1.930000000000000000e+03,1.122179410892937407e-01,2.244358821785874814e-01,3.366538232678793485e-01,4.488717643571749627e-01
1.930500000000000000e+03,1.120619518926398162e-01,2.241239037852796323e-01,3.361858556779172558e-01,4.482478075705592646e-01
1.931000000000000000e+03,1.119061795296687339e-01,2.238123590593374679e-01,3.357185385890039120e-01,4.476247181186749358e-01
1.931500000000000000e+03,1.117506236989699031e-01,2.235012473979398062e-01,3.352518710969069615e-01,4.470024947958796124e-01
1.932000000000000000e+03,1.115952840995512452e-01,2.231905681991024903e-01,3.347858522986517094e-01,4.463811363982049807e-01
1.932500000000000000e+03,1.114401604308393884e-01,2.228803208616787768e-01,3.343204812925157365e-01,4.457606417233575535e-01
1.933000000000000000e+03,1.112852523926783077e-01,2.225705047853566154e-01,3.338557571780330080e-01,4.451410095707132308e-01
1.933500000000000000e+03,1.111305596853299077e-01,2.222611193706598154e-01,3.333916790559872667e-01,4.445222387413196308e-01
1.934000000000000000e+03,1.109760820094720102e-01,2.219521640189440204e-01,3.329282460284134215e-01,4.439043280378880407e-01
1.934500000000000000e+03,1.108218190661988817e-01,2.216436381323977634e-01,3.324654571985943274e-01,4.432872762647955267e-01
1.935000000000000000e+03,1.106677705570204839e-01,2.213355411140409679e-01,3.320033116710593424e-01,4.426710822280819357e-01
1.935500000000000000e+03,1.105139361838612805e-01,2.210278723677225610e-01,3.315418085515816626e-01,4.420557447354451219e-01
1.936000000000000000e+03,1.103603156490601256e-01,2.207206312981202512e-01,3.310809469471788780e-01,4.414412625962405023e-01
1.936500000000000000e+03,1.102069086553702781e-01,2.204138173107405563e-01,3.306207259661085862e-01,4.408276346214811126e-01
1.937000000000000000e+03,1.100537149059570702e-01,2.201074298119141404e-01,3.301611447178696146e-01,4.402148596238282807e-01
1.937500000000000000e+03,1.099007341043997249e-01,2.198014682087994498e-01,3.297022023131965240e-01,4.396029364175988996e-01
1.938000000000000000e+03,1.097479659546880537e-01,2.194959319093761074e-01,3.292438978640628289e-01,4.389918638187522149e-01
1.938500000000000000e+03,1.095954101612248710e-01,2.191908203224497420e-01,3.287862304836723371e-01,4.383816406448994840e-01
1.939000000000000000e+03,1.094430664288226357e-01,2.188861328576452714e-01,3.283291992864664222e-01,4.377722657152905428e-01
1.939500000000000000e+03,1.092909344627050472e-01,2.185818689254100944e-01,3.278728033881133652e-01,4.371637378508201888e-01
1.940000000000000000e+03,1.091390139685047833e-01,2.182780279370095666e-01,3.274170419055130732e-01,4.365560558740191333e-01
1.940500000000000000e+03,1.089873046522644162e-01,2.179746093045288324e-01,3.269619139567915278e-01,4.359492186090576649e-01
1.941000000000000000e+03,1.088358062204345528e-01,2.176716124408691055e-01,3.265074186613021734e-01,4.353432248817382111e-01
1.941500000000000000e+03,1.086845183798742093e-01,2.173690367597484185e-01,3.260535551396206433e-01,4.347380735194968371e-01
1.942000000000000000e+03,1.085334408378498122e-01,2.170668816756996244e-01,3.256003225135470913e-01,4.341337633513992489e-01
1.942500000000000000e+03,1.083825733020345600e-01,2.167651466040691199e-01,3.251477199061019729e-01,4.335302932081382399e-01
1.943000000000000000e+03,1.082319154805080758e-01,2.164638309610161515e-01,3.246957464415230477e-01,4.329276619220323030e-01
1.943500000000000000e+03,1.080814670817561024e-01,2.161629341635122048e-01,3.242444012452664892e-01,4.323258683270244096e-01
1.944000000000000000e+03,1.079312278146690451e-01,2.158624556293380903e-01,3.237936834440050538e-01,4.317249112586761806e-01
1.944500000000000000e+03,1.077811973885422353e-01,2.155623947770844706e-01,3.233435921656244161e-01,4.311247895541689412e-01
1.945000000000000000e+03,1.076313755130751393e-01,2.152627510261502786e-01,3.228941265392237248e-01,4.305255020523005571e-01
1.945500000000000000e+03,1.074817618983706785e-01,2.149635237967413570e-01,3.224452856951102175e-01,4.299270475934827140e-01
1.946000000000000000e+03,1.073323562549347854e-01,2.146647125098695708e-01,3.219970687648032182e-01,4.293294250197391415e-01
1.946500000000000000e+03,1.071831582936759036e-01,2.143663165873518073e-01,3.215494748810263093e-01,4.287326331747036146e-01
1.947000000000000000e+03,1.070341677259040170e-01,2.140683354518080339e-01,3.211025031777110517e-01,4.281366709036160678e-01
1.947500000000000000e+03,1.068853842633308709e-01,2.137707685266617419e-01,3.206561527899916553e-01,4.275415370533234838e-01
1.948000000000000000e+03,1.067368076180683634e-01,2.134736152361367267e-01,3.202104228542048681e-01,4.269472304722734535e-01
1.948500000000000000e+03,1.065884375026291825e-01,2.131768750052583650e-01,3.197653125078870895e-01,4.263537500105167299e-01
1.949000000000000000e+03,1.064402736299252528e-01,2.128805472598505055e-01,3.193208208897754807e-01,4.257610945197010111e-01
1.949500000000000000e+03,1.062923157132676932e-01,2.125846314265353865e-01,3.188769471398024136e-01,4.251692628530707729e-01
1.950000000000000000e+03,1.061445634663660403e-01,2.122891269327320807e-01,3.184336903990976353e-01,4.245782538654641614e-01
1.950500000000000000e+03,1.059970166033280536e-01,2.119940332066561073e-01,3.179910498099832727e-01,4.239880664133122146e-01
1.951000000000000000e+03,1.058496748386583836e-01,2.116993496773167671e-01,3.175490245159746094e-01,4.233986993546335342e-01
1.951500000000000000e+03,1.057025378872592375e-01,2.114050757745184750e-01,3.171076136617766994e-01,4.228101515490369500e-01
1.952000000000000000e+03,1.055556054644284647e-01,2.111112109288569294e-01,3.166668163932844782e-01,4.222224218577138588e-01
1.952500000000000000e+03,1.054088772858600004e-01,2.108177545717200008e-01,3.162266318575790991e-01,4.216355091434400015e-01
1.953000000000000000e+03,1.052623530676430053e-01,2.105247061352860105e-01,3.157870592029278778e-01,4.210494122705720210e-01
1.953500000000000000e+03,1.051160325262611300e-01,2.102320650525222601e-01,3.153480975787821827e-01,4.204641301050445201e-01
1.954000000000000000e+03,1.049699153785924044e-01,2.099398307571848088e-01,3.149097461357764915e-01,4.198796615143696176e-01
1.954500000000000000e+03,1.048240013419078631e-01,2.096480026838157262e-01,3.144720040257227844e-01,4.192960053676314525e-01
1.955000000000000000e+03,1.046782901338722815e-01,2.093565802677445631e-01,3.140348704016160952e-01,4.187131605354891262e-01
1.955500000000000000e+03,1.045327814725423021e-01,2.090655629450846043e-01,3.135983444176256851e-01,4.181311258901692085e-01
1.956000000000000000e+03,1.043874750763668924e-01,2.087749501527337848e-01,3.131624252290992061e-01,4.175499003054675695e-01
1.956500000000000000e+03,1.042423706641859016e-01,2.084847413283718032e-01,3.127271119925560394e-01,4.169694826567436063e-01
1.957000000000000000e+03,1.040974679552306714e-01,2.081949359104613428e-01,3.122924038656907930e-01,4.163898718209226857e-01
1.957500000000000000e+03,1.039527666691221763e-01,2.079055333382443527e-01,3.118583000073650302e-01,4.158110666764887053e-01
1.958000000000000000e+03,1.038082665258716758e-01,2.076165330517433516e-01,3.114247995776138755e-01,4.152330661034867032e-01
1.958500000000000000e+03,1.036639672458792572e-01,2.073279344917585143e-01,3.109919017376364669e-01,4.146558689835170286e-01
1.959000000000000000e+03,1.035198685499336552e-01,2.070397370998673103e-01,3.105596056497999524e-01,4.140794741997346207e-01
1.959500000000000000e+03,1.033759701592120994e-01,2.067519403184241988e-01,3.101279104776347717e-01,4.135038806368483977e-01
1.960000000000000000e+03,1.032322717952789820e-01,2.064645435905579640e-01,3.096968153858358774e-01,4.129290871811159280e-01
1.960500000000000000e+03,1.030887731800859547e-01,2.061775463601719094e-01,3.092663195402569065e-01,4.123550927203438188e-01
1.961000000000000000e+03,1.029454740359711795e-01,2.058909480719423590e-01,3.088364221079126781e-01,4.117818961438847181e-01
1.961500000000000000e+03,1.028023740856586488e-01,2.056047481713172975e-01,3.084071222569751414e-01,4.112094963426345950e-01
1.962000000000000000e+03,1.026594730522581572e-01,2.053189461045163144e-01,3.079784191567733753e-01,4.106378922090326289e-01
1.962500000000000000e+03,1.025167706592635952e-01,2.050335413185271904e-01,3.075503119777895367e-01,4.100670826370543809e-01
1.963000000000000000e+03,1.023742666305540450e-01,2.047485332611080899e-01,3.071227998916609692e-01,4.094970665222161799e-01
1.963500000000000000e+03,1.022319606903920458e-01,2.044639213807840916e-01,3.066958820711747635e-01,4.089278427615681832e-01
1.964000000000000000e+03,1.020898525634236498e-01,2.041797051268472996e-01,3.062695576902692007e-01,4.083594102536945991e-01
1.964500000000000000e+03,1.019479419746771170e-01,2.038958839493542341e-01,3.058438259240296997e-01,4.077917678987084682e-01
1.965000000000000000e+03,1.018062286495635405e-01,2.036124572991270809e-01,3.054186859486893169e-01,4.072249145982541618e-01
1.965500000000000000e+03,1.016647123138753467e-01,2.033294246277506934e-01,3.049941369416243053e-01,4.066588492555013867e-01
1.966000000000000000e+03,1.015233926937864073e-01,2.030467853875728146e-01,3.045701780813573900e-01,4.060935707751456292e-01
1.966500000000000000e+03,1.013822695158507620e-01,2.027645390317015239e-01,3.041468085475507177e-01,4.055290780634030479e-01
1.967000000000000000e+03,1.012413425070032846e-01,2.024826850140065693e-01,3.037240275210081886e-01,4.049653700280131385e-01
1.967500000000000000e+03,1.011006113945576435e-01,2.022012227891152869e-01,3.033018341836712928e-01,4.044024455782305738e-01
1.968000000000000000e+03,1.009600759062071473e-01,2.019201518124142947e-01,3.028802277186196101e-01,4.038403036248285893e-01
1.968500000000000000e+03,1.008197357700232194e-01,2.016394715400464388e-01,3.024592073100678680e-01,4.032789430800928776e-01
1.969000000000000000e+03,1.006795907144556190e-01,2.013591814289112381e-01,3.020387721433653860e-01,4.027183628578224761e-01
1.969500000000000000e+03,1.005396404683312761e-01,2.010792809366625522e-01,3.016189214049921352e-01,4.021585618733251044e-01
1.970000000000000000e+03,1.003998847608543743e-01,2.007997695217087486e-01,3.011996542825614021e-01,4.015995390434174972e-01
1.970500000000000000e+03,1.002603233216050743e-01,2.005206466432101486e-01,3.007809699648135715e-01,4.010412932864202973e-01
1.971000000000000000e+03,1.001209558805399302e-01,2.002419117610798605e-01,3.003628676416181253e-01,4.004838235221597209e-01
1.971500000000000000e+03,9.998178216799055718e-02,1.999635643359811144e-01,2.999453465039703115e-01,3.999271286719622287e-01
1.972000000000000000e+03,9.984280191466361754e-02,1.996856038293272351e-01,2.995284057439893677e-01,3.993712076586544701e-01
1.972500000000000000e+03,9.970401485163994659e-02,1.994080297032798932e-01,2.991120445549175777e-01,3.988160594065597864e-01
1.973000000000000000e+03,9.956542071037396968e-02,1.991308414207479394e-01,2.986962621311202160e-01,3.982616828414958787e-01
1.973500000000000000e+03,9.942701922269399362e-02,1.988540384453879872e-01,2.982810576680801073e-01,3.977080768907759745e-01
1.974000000000000000e+03,9.928881012080086055e-02,1.985776202416017211e-01,2.978664303624010690e-01,3.971552404832034422e-01
1.974500000000000000e+03,9.915079313726737897e-02,1.983015862745347579e-01,2.974523794118003606e-01,3.966031725490695159e-01
1.975000000000000000e+03,9.901296800503840700e-02,1.980259360100768140e-01,2.970389040151135696e-01,3.960518720201536280e-01
1.975500000000000000e+03,9.887533445742974214e-02,1.977506689148594843e-01,2.966260033722878386e-01,3.955013378297189686e-01
1.976000000000000000e+03,9.873789222812856536e-02,1.974757844562571307e-01,2.962136766843841973e-01,3.949515689125142615e-01
1.976500000000000000e+03,9.860064105119123457e-02,1.972012821023824691e-01,2.958019231535720106e-01,3.944025642047649383e-01
1.977000000000000000e+03,9.846358066104454743e-02,1.969271613220890949e-01,2.953907419831322545e-01,3.938543226441781897e-01
1.977500000000000000e+03,9.832671079248417323e-02,1.966534215849683465e-01,2.949801323774513540e-01,3.933068431699366929e-01
1.978000000000000000e+03,9.819003118067456959e-02,1.963800623613491392e-01,2.945700935420225153e-01,3.927601247226982784e-01
1.978500000000000000e+03,9.805354156114819142e-02,1.961070831222963828e-01,2.941606246834432281e-01,3.922141662445927657e-01
1.979000000000000000e+03,9.791724166980500521e-02,1.958344833396100104e-01,2.937517250094143217e-01,3.916689666792200208e-01
1.979500000000000000e+03,9.778113124291258618e-02,1.955622624858251724e-01,2.933433937287369120e-01,3.911245249716503447e-01
1.980000000000000000e+03,9.764521001710463333e-02,1.952904200342092667e-01,2.929356300513125122e-01,3.905808400684185333e-01
1.980500000000000000e+03,9.750947772938103886e-02,1.950189554587620777e-01,2.925284331881418676e-01,3.900379109175241554e-01
1.981000000000000000e+03,9.737393411710724977e-02,1.947478682342144995e-01,2.921218023513204032e-01,3.894957364684289991e-01
1.981500000000000000e+03,9.723857891801397646e-02,1.944771578360279529e-01,2.917157367540406665e-01,3.889543156720559058e-01
1.982000000000000000e+03,9.710341187019648490e-02,1.942068237403929698e-01,2.913102356105877755e-01,3.884136474807859396e-01
1.982500000000000000e+03,9.696843271211388893e-02,1.939368654242277779e-01,2.909052981363400847e-01,3.878737308484555557e-01
1.983000000000000000e+03,9.683364118258894204e-02,1.936672823651778841e-01,2.905009235477649665e-01,3.873345647303557682e-01
1.983500000000000000e+03,9.669903702080751007e-02,1.933980740416150201e-01,2.900971110624207538e-01,3.867961480832300403e-01
1.984000000000000000e+03,9.656461996631798828e-02,1.931292399326359766e-01,2.896938598989522440e-01,3.862584798652719531e-01
1.984500000000000000e+03,9.643038975903092669e-02,1.928607795180618534e-01,2.892911692770908094e-01,3.857215590361237068e-01
1.985000000000000000e+03,9.629634613921798925e-02,1.925926922784359785e-01,2.888890384176521220e-01,3.851853845568719570e-01
1.985500000000000000e+03,9.616248884751252279e-02,1.923249776950250456e-01,2.884874665425357643e-01,3.846499553900500912e-01
1.986000000000000000e+03,9.602881762490782236e-02,1.920576352498156447e-01,2.880864528747216768e-01,3.841152704996312894e-01
1.986500000000000000e+03,9.589533221275761687e-02,1.917906644255152337e-01,2.876859966382711020e-01,3.835813288510304675e-01
1.987000000000000000e+03,9.576203235277498671e-02,1.915240647055499734e-01,2.872860970583229756e-01,3.830481294110999468e-01
1.987500000000000000e+03,9.562891778703207224e-02,1.912578355740641445e-01,2.868867533610941489e-01,3.825156711481282890e-01
1.988000000000000000e+03,9.549598825795936607e-02,1.909919765159187321e-01,2.864879647738765023e-01,3.819839530318374643e-01
1.988500000000000000e+03,9.536324350834592123e-02,1.907264870166918425e-01,2.860897305250359457e-01,3.814529740333836849e-01
1.989000000000000000e+03,9.523068328133751925e-02,1.904613665626750385e-01,2.856920498440110312e-01,3.809227331253500770e-01
1.989500000000000000e+03,9.509830732043786372e-02,1.901966146408757274e-01,2.852949219613121201e-01,3.803932292817514549e-01
1.990000000000000000e+03,9.496611536950655408e-02,1.899322307390131082e-01,2.848983461085182745e-01,3.798644614780262163e-01
1.990500000000000000e+03,9.483410717275975177e-02,1.896682143455195035e-01,2.845023215182776455e-01,3.793364286910390071e-01
1.991000000000000000e+03,9.470228247476837613e-02,1.894045649495367523e-01,2.841068474243040876e-01,3.788091298990735045e-01
1.991500000000000000e+03,9.457064102045946441e-02,1.891412820409189288e-01,2.837119230613773246e-01,3.782825640818378576e-01
1.992000000000000000e+03,9.443918255511384030e-02,1.888783651102276806e-01,2.833175476653403968e-01,3.777567302204553612e-01
1.992500000000000000e+03,9.430790682436676620e-02,1.886158136487335324e-01,2.829237204730988831e-01,3.772316272974670648e-01
1.993000000000000000e+03,9.417681357420674970e-02,1.883536271484134994e-01,2.825304407226189030e-01,3.767072542968269988e-01
1.993500000000000000e+03,9.404590255097576568e-02,1.880918051019515314e-01,2.821377076529256733e-01,3.761836102039030627e-01
1.994000000000000000e+03,9.391517350136796560e-02,1.878303470027359312e-01,2.817455205041026201e-01,3.756606940054718624e-01
1.994500000000000000e+03,9.378462617243017718e-02,1.875692523448603544e-01,2.813538785172891576e-01,3.751385046897207087e-01
1.995000000000000000e+03,9.365426031156051656e-02,1.873085206231210331e-01,2.809627809346799121e-01,3.746170412462420662e-01
1.995500000000000000e+03,9.352407566650793036e-02,1.870481513330158607e-01,2.805722269995225004e-01,3.740963026660317214e-01
1.996000000000000000e+03,9.339407198537261201e-02,1.867881439707452240e-01,2.801822159561165870e-01,3.735762879414904480e-01
1.996500000000000000e+03,9.326424901660460010e-02,1.865284980332092002e-01,2.797927470498123848e-01,3.730569960664184004e-01
1.997000000000000000e+03,9.313460650900341753e-02,1.862692130180068351e-01,2.794038195270092118e-01,3.725384260360136701e-01
1.997500000000000000e+03,9.300514421171830748e-02,1.860102884234366150e-01,2.790154326351536040e-01,3.720205768468732299e-01
1.998000000000000000e+03,9.287586187424666517e-02,1.857517237484933303e-01,2.786275856227380943e-01,3.715034474969866607e-01
1.998500000000000000e+03,9.274675924643449587e-02,1.854935184928689917e-01,2.782402777393013227e-01,3.709870369857379835e-01
1.999000000000000000e+03,9.261783607847480504e-02,1.852356721569496101e-01,2.778535082354228192e-01,3.704713443138992202e-01
1.999500000000000000e+03,9.248909212090915266e-02,1.849781842418183053e-01,2.774672763627254457e-01,3.699563684836366106e-01
2.000000000000000000e+03,9.236052712462454461e-02,1.847210542492490892e-01,2.770815813738718436e-01,3.694421084984981785e-01
