t_s,T20_C,T30_C
0.000000000000000000e+00,2.000000000000000000e+01,3.000000000000000000e+01
1.000000000000000000e+00,1.999269992649179173e+01,2.998823904958054243e+01
2.000000000000000000e+00,1.996484956417482692e+01,2.994406920450917653e+01
3.000000000000000000e+00,1.992260549695824068e+01,2.987827145856197575e+01
4.000000000000000000e+00,1.988189956124404034e+01,2.981561021691773306e+01
5.000000000000000000e+00,1.984226036169150120e+01,2.975455560917577458e+01
6.000000000000000000e+00,1.980323446752602123e+01,2.969467174231806439e+01
7.000000000000000000e+00,1.976647551139321024e+01,2.963834997571346008e+01
8.000000000000000000e+00,1.973056362106347805e+01,2.958334624699970306e+01
9.000000000000000000e+00,1.969637857250468471e+01,2.953109119602917687e+01
1.000000000000000000e+01,1.966325077301602064e+01,2.948043256100261189e+01
1.100000000000000000e+01,1.963134096613863733e+01,2.943171173862758749e+01
1.200000000000000000e+01,1.960051380560222611e+01,2.938463315287342681e+01
1.300000000000000000e+01,1.957059578067150341e+01,2.933898491380825391e+01
1.400000000000000000e+01,1.954167370917753033e+01,2.929486041420777198e+01
1.500000000000000000e+01,1.951348929441740765e+01,2.925187900301949995e+01
1.600000000000000000e+01,1.948617295155744955e+01,2.921023507540062525e+01
1.700000000000000000e+01,1.945949562365749230e+01,2.916956884129201200e+01
1.800000000000000000e+01,1.943355673767652902e+01,2.913004521071202646e+01
1.900000000000000000e+01,1.940819200033189418e+01,2.909139309217716729e+01
2.000000000000000000e+01,1.938345108558532814e+01,2.905370741712618354e+01
2.100000000000000000e+01,1.935923344813718927e+01,2.901681306407197880e+01
2.200000000000000000e+01,1.933554455803609784e+01,2.898073659999832685e+01
2.300000000000000000e+01,1.931233336585747651e+01,2.894538175900157029e+01
2.400000000000000000e+01,1.928957437277171749e+01,2.891072376331809579e+01
2.500000000000000000e+01,1.926724968122464787e+01,2.887672203854051745e+01
2.600000000000000000e+01,1.924531615668587037e+01,2.884331992559435065e+01
2.700000000000000000e+01,1.922377512247395259e+01,2.881051137904653814e+01
2.800000000000000000e+01,1.920257641958343342e+01,2.877822441481858817e+01
2.900000000000000000e+01,1.918173031879837964e+01,2.874647109152786584e+01
3.000000000000000000e+01,1.916118697195760845e+01,2.871517621453829250e+01
3.100000000000000000e+01,1.914095879996240512e+01,2.868435851003935610e+01
3.200000000000000000e+01,1.912100071149414049e+01,2.865394742505913683e+01
3.300000000000000000e+01,1.910132326989071316e+01,2.862396115851523248e+01
3.400000000000000000e+01,1.908188837340619415e+01,2.859433820154614381e+01
3.500000000000000000e+01,1.906270274508323936e+01,2.856509225593508461e+01
3.600000000000000000e+01,1.904373596621371689e+01,2.853617273939375565e+01
3.700000000000000000e+01,1.902499029219182347e+01,2.850758714821916229e+01
3.800000000000000000e+01,1.900644270313088313e+01,2.847929601802179178e+01
3.900000000000000000e+01,1.898809119176560856e+01,2.845130040082544198e+01
4.000000000000000000e+01,1.896991929945518152e+01,2.842357110761830441e+01
4.100000000000000000e+01,1.895192141435945743e+01,2.839610337792156969e+01
4.200000000000000000e+01,1.893408654677385883e+01,2.836887690485393065e+01
4.300000000000000000e+01,1.891640633291619977e+01,2.834188219197239533e+01
4.400000000000000000e+01,1.889887410179563787e+01,2.831510620409699541e+01
4.500000000000000000e+01,1.888147961944714126e+01,2.828853594432067808e+01
4.600000000000000000e+01,1.886421944565880082e+01,2.826216403747990213e+01
4.700000000000000000e+01,1.884708228956727893e+01,2.823597520083994539e+01
4.800000000000000000e+01,1.883006698169332793e+01,2.820996623508380807e+01
4.900000000000000000e+01,1.881316186856621897e+01,2.818412066198568411e+01
5.000000000000000000e+01,1.879636724784301549e+01,2.815843816864711968e+01
5.100000000000000000e+01,1.877967165939612570e+01,2.813290199664243119e+01
5.200000000000000000e+01,1.876307622561156307e+01,2.810751365056667339e+01
5.300000000000000000e+01,1.874657009748460368e+01,2.808225681598450052e+01
5.400000000000000000e+01,1.873015473135354370e+01,2.805713396584942032e+01
5.500000000000000000e+01,1.871382018041348516e+01,2.803212976830933911e+01
5.600000000000000000e+01,1.869756787855882862e+01,2.800724701892008994e+01
5.700000000000000000e+01,1.868138896273572769e+01,2.798247173921545183e+01
5.800000000000000000e+01,1.866528460184323635e+01,2.795780658033562105e+01
5.900000000000000000e+01,1.864924710784023887e+01,2.793323914402698094e+01
6.000000000000000000e+01,1.863327723490812815e+01,2.790877162085156016e+01
6.100000000000000000e+01,1.861736849001732352e+01,2.788439330131812710e+01
6.200000000000000000e+01,1.860152113592158329e+01,2.786010572215569780e+01
6.300000000000000000e+01,1.858572984084925395e+01,2.783589987793250486e+01
6.400000000000000000e+01,1.856999435471494664e+01,2.781177655508097857e+01
6.500000000000000000e+01,1.855431043483190834e+01,2.778772839715147569e+01
6.600000000000000000e+01,1.853867733694527686e+01,2.776375541733613161e+01
6.700000000000000000e+01,1.852309180977697878e+01,2.773985180271203888e+01
6.800000000000000000e+01,1.850755266099957907e+01,2.771601682381043474e+01
6.900000000000000000e+01,1.849205751808569076e+01,2.769224607226429669e+01
7.000000000000000000e+01,1.847660480394046090e+01,2.766853814337330775e+01
7.100000000000000000e+01,1.846119290544682912e+01,2.764488987461901814e+01
7.200000000000000000e+01,1.844581993323698299e+01,2.762129927682434172e+01
7.300000000000000000e+01,1.843048491391077093e+01,2.759776426579850650e+01
7.400000000000000000e+01,1.841518572140749654e+01,2.757428237128892334e+01
7.500000000000000000e+01,1.839992190663810234e+01,2.755085241948108177e+01
7.600000000000000000e+01,1.838469118103216715e+01,2.752747156690375263e+01
7.700000000000000000e+01,1.836949351192703261e+01,2.750413938793577628e+01
7.800000000000000000e+01,1.835432651788314828e+01,2.748085277212283373e+01
7.900000000000000000e+01,1.833919048439090815e+01,2.745761188999123803e+01
8.000000000000000000e+01,1.832408300017324265e+01,2.743441346439682960e+01
8.100000000000000000e+01,1.830900458139541698e+01,2.741125812297520525e+01
8.200000000000000000e+01,1.829395284214858819e+01,2.738814251335066174e+01
8.300000000000000000e+01,1.827892845307365377e+01,2.736506759591103943e+01
8.400000000000000000e+01,1.826392910044735984e+01,2.734203002391381077e+01
8.500000000000000000e+01,1.824895554442442958e+01,2.731903098156382015e+01
8.600000000000000000e+01,1.823400558182224529e+01,2.729606719714765362e+01
8.700000000000000000e+01,1.821908000816339523e+01,2.727313998520431326e+01
8.800000000000000000e+01,1.820417676097900639e+01,2.725024620676944664e+01
8.900000000000000000e+01,1.818929662714471718e+01,2.722738722819718049e+01
9.000000000000000000e+01,1.817443770742048770e+01,2.720456008960086081e+01
9.100000000000000000e+01,1.815960074529979806e+01,2.718176614473821218e+01
9.200000000000000000e+01,1.814478402030910331e+01,2.715900264836883338e+01
9.300000000000000000e+01,1.812998820615706563e+01,2.713627089025232664e+01
9.400000000000000000e+01,1.811521177046734365e+01,2.711356836546413973e+01
9.500000000000000000e+01,1.810045529810944132e+01,2.709089626013394891e+01
9.600000000000000000e+01,1.808571744873473719e+01,2.706825232642269441e+01
9.700000000000000000e+01,1.807099870568723077e+01,2.704563761766005214e+01
9.800000000000000000e+01,1.805629791998356737e+01,2.702305015203072003e+01
9.900000000000000000e+01,1.804161546617741152e+01,2.700049083003936801e+01
1.000000000000000000e+02,1.802695038217333234e+01,2.697795793808284515e+01
1.010000000000000000e+02,1.801230293100108071e+01,2.695545221167782657e+01
1.020000000000000000e+02,1.799767232989187349e+01,2.693297220192884112e+01
1.030000000000000000e+02,1.798305873132699517e+01,2.691051847384454732e+01
1.040000000000000000e+02,1.796846152189091939e+01,2.688808983504442907e+01
1.050000000000000000e+02,1.795388074745583751e+01,2.686568668001571325e+01
1.060000000000000000e+02,1.793931595217884833e+01,2.684330806094554589e+01
1.070000000000000000e+02,1.792476708156082665e+01,2.682095420625445570e+01
1.080000000000000000e+02,1.791023382428023325e+01,2.679862439784552208e+01
1.090000000000000000e+02,1.789571603341688188e+01,2.677631870605810605e+01
1.100000000000000000e+02,1.788121352831543831e+01,2.675403662551826756e+01
1.110000000000000000e+02,1.786672607878953656e+01,2.673177807916837168e+01
1.120000000000000000e+02,1.785225362059125231e+01,2.670954275589520321e+01
1.130000000000000000e+02,1.783779585019241054e+01,2.668733044389701092e+01
1.140000000000000000e+02,1.782335280542717726e+01,2.666514100697382261e+01
1.150000000000000000e+02,1.780892411975295886e+01,2.664297411257027193e+01
1.160000000000000000e+02,1.779450991897240186e+01,2.662082977966548825e+01
1.170000000000000000e+02,1.778010978395512964e+01,2.659870756973952766e+01
1.180000000000000000e+02,1.776572391479554014e+01,2.657660763725019848e+01
1.190000000000000000e+02,1.775135185005350991e+01,2.655452945284718425e+01
1.200000000000000000e+02,1.773699385105255288e+01,2.653247328714565612e+01
1.210000000000000000e+02,1.772264942397523768e+01,2.651043853506955372e+01
1.220000000000000000e+02,1.770831887906022217e+01,2.648842556472865795e+01
1.230000000000000000e+02,1.769400169954667845e+01,2.646643371009203349e+01
1.240000000000000000e+02,1.767969823312085964e+01,2.644446341897889852e+01
1.250000000000000000e+02,1.766540794889979793e+01,2.642251397859834228e+01
1.260000000000000000e+02,1.765113122146153657e+01,2.640058589973837755e+01
1.270000000000000000e+02,1.763686751392867791e+01,2.637867843628074738e+01
1.280000000000000000e+02,1.762261721816517479e+01,2.635679214640542156e+01
1.290000000000000000e+02,1.760837979868109571e+01,2.633492626319928220e+01
1.300000000000000000e+02,1.759415565598551012e+01,2.631308137790132307e+01
1.310000000000000000e+02,1.757994426258298049e+01,2.629125671433882871e+01
1.320000000000000000e+02,1.756574601994833174e+01,2.626945288376633769e+01
1.330000000000000000e+02,1.755156041440414683e+01,2.624766911122835467e+01
1.340000000000000000e+02,1.753738784165367548e+01,2.622590601625756790e+01
1.350000000000000000e+02,1.752322780688449555e+01,2.620416283450271777e+01
1.360000000000000000e+02,1.750908069420134083e+01,2.618244018333612644e+01
1.370000000000000000e+02,1.749494603194778364e+01,2.616073731730142882e+01
1.380000000000000000e+02,1.748082418767219082e+01,2.613905484244371280e+01
1.390000000000000000e+02,1.746671471643919205e+01,2.611739203940928888e+01
1.400000000000000000e+02,1.745261796510393992e+01,2.609574949497871899e+01
1.410000000000000000e+02,1.743853351832907705e+01,2.607412652205591286e+01
1.420000000000000000e+02,1.742446169890722985e+01,2.605252368139441899e+01
1.430000000000000000e+02,1.741040212333165726e+01,2.603094032330004737e+01
1.440000000000000000e+02,1.739635508767407046e+01,2.600937697684788930e+01
1.450000000000000000e+02,1.738232024189382585e+01,2.598783303393225097e+01
1.460000000000000000e+02,1.736829785333560494e+01,2.596630898733869230e+01
1.470000000000000000e+02,1.735428760651269187e+01,2.594480427383821208e+01
1.480000000000000000e+02,1.734028973863033940e+01,2.592331934628163381e+01
1.490000000000000000e+02,1.732630396934684924e+01,2.590185368877063965e+01
1.500000000000000000e+02,1.731233050485008107e+01,2.588040771146490115e+01
1.510000000000000000e+02,1.729836910008830131e+01,2.585898094748378639e+01
1.520000000000000000e+02,1.728441992983182729e+01,2.583757376234985514e+01
1.530000000000000000e+02,1.727048278406737580e+01,2.581618573918946424e+01
1.540000000000000000e+02,1.725655780616960300e+01,2.579481719767500181e+01
1.550000000000000000e+02,1.724264482056442915e+01,2.577346777129928057e+01
1.560000000000000000e+02,1.722874393962184669e+01,2.575213773332851730e+01
1.570000000000000000e+02,1.721485502130610712e+01,2.573082676741996266e+01
1.580000000000000000e+02,1.720097814769274081e+01,2.570953510046043178e+01
1.590000000000000000e+02,1.718711320912612450e+01,2.568826246557354409e+01
1.600000000000000000e+02,1.717326025836895198e+01,2.566700904380624237e+01
1.610000000000000000e+02,1.715941921677179494e+01,2.564577461661784952e+01
1.620000000000000000e+02,1.714559010899426283e+01,2.562455932019972238e+01
1.630000000000000000e+02,1.713177288584156699e+01,2.560336298284373413e+01
1.640000000000000000e+02,1.711796754526725906e+01,2.558218569725186953e+01
1.650000000000000000e+02,1.710417406583807320e+01,2.556102733672983263e+01
1.660000000000000000e+02,1.709039242034850759e+01,2.553988795217875918e+01
1.670000000000000000e+02,1.707662261332488995e+01,2.551876745983706130e+01
1.680000000000000000e+02,1.706286459406553391e+01,2.549766587076072355e+01
1.690000000000000000e+02,1.704911839117523797e+01,2.547658314182691086e+01
1.700000000000000000e+02,1.703538393220426173e+01,2.545551924641854669e+01
1.710000000000000000e+02,1.702166126790264755e+01,2.543447417958993029e+01
1.720000000000000000e+02,1.700795030587826062e+01,2.541344787939326366e+01
1.730000000000000000e+02,1.699425111706488423e+01,2.539244037647204522e+01
1.740000000000000000e+02,1.698056359096655399e+01,2.537145157601773704e+01
1.750000000000000000e+02,1.696688781673266533e+01,2.535048154158704392e+01
1.760000000000000000e+02,1.695322366761307364e+01,2.532953014807022640e+01
1.770000000000000000e+02,1.693957124901656286e+01,2.530859748920676111e+01
1.780000000000000000e+02,1.692593041978047808e+01,2.528768341220046167e+01
1.790000000000000000e+02,1.691230129964537099e+01,2.526678803821919317e+01
1.800000000000000000e+02,1.689868373485305142e+01,2.524591118941975409e+01
1.810000000000000000e+02,1.688507785759053803e+01,2.522505301164710900e+01
1.820000000000000000e+02,1.687148350328243751e+01,2.520421330464854037e+01
1.830000000000000000e+02,1.685790081473154345e+01,2.518339223622125189e+01
1.840000000000000000e+02,1.684432961827257458e+01,2.516258958631447840e+01
1.850000000000000000e+02,1.683077006555785005e+01,2.514180554200031281e+01
1.860000000000000000e+02,1.681722197549853348e+01,2.512103986599547767e+01
1.870000000000000000e+02,1.680368550690312546e+01,2.510029276203428594e+01
1.880000000000000000e+02,1.679016047285631430e+01,2.507956397810288252e+01
1.890000000000000000e+02,1.677664703770865984e+01,2.505885373206497491e+01
1.900000000000000000e+02,1.676314501023967907e+01,2.503816175959986268e+01
1.910000000000000000e+02,1.674965455881235243e+01,2.501748829026037413e+01
1.920000000000000000e+02,1.673617548934149468e+01,2.499683304975172149e+01
1.930000000000000000e+02,1.672270797276102883e+01,2.497619627697813982e+01
1.940000000000000000e+02,1.670925181347665145e+01,2.495557768990333969e+01
1.950000000000000000e+02,1.669580718364269600e+01,2.493497753455615751e+01
1.960000000000000000e+02,1.668237388742422311e+01,2.491439552328245455e+01
1.970000000000000000e+02,1.666895209693752733e+01,2.489383190712601390e+01
1.980000000000000000e+02,1.665554161728680782e+01,2.487328639482410608e+01
1.990000000000000000e+02,1.664214261938474948e+01,2.485275924044742979e+01
2.000000000000000000e+02,1.662875491036524522e+01,2.483225015101496425e+01
2.010000000000000000e+02,1.661537865886427312e+01,2.481175938176131979e+01
2.020000000000000000e+02,1.660201367504688008e+01,2.479128663975519942e+01
2.030000000000000000e+02,1.658866012429087178e+01,2.477083217965879669e+01
2.040000000000000000e+02,1.657531782070602233e+01,2.475039571023545548e+01
2.050000000000000000e+02,1.656198692552020546e+01,2.472997748396537787e+01
2.060000000000000000e+02,1.654866725761513990e+01,2.470957721282765363e+01
2.070000000000000000e+02,1.653535897326483095e+01,2.468919514563747697e+01
2.080000000000000000e+02,1.652206189686575755e+01,2.466883099898776166e+01
2.090000000000000000e+02,1.650877617901936745e+01,2.464848501667086111e+01
2.100000000000000000e+02,1.649550165029801363e+01,2.462815692116979349e+01
2.110000000000000000e+02,1.648223845499392581e+01,2.460784695001888522e+01
2.120000000000000000e+02,1.646898643043767763e+01,2.458755483274870102e+01
2.130000000000000000e+02,1.645574571405450470e+01,2.456728079952026178e+01
2.140000000000000000e+02,1.644251615043991777e+01,2.454702458795247466e+01
2.150000000000000000e+02,1.642929786967005867e+01,2.452678641983431618e+01
2.160000000000000000e+02,1.641609072403965541e+01,2.450656604180127474e+01
2.170000000000000000e+02,1.640289483586531105e+01,2.448636366638383777e+01
2.180000000000000000e+02,1.638971006550666942e+01,2.446617905005354032e+01
2.190000000000000000e+02,1.637653652717839137e+01,2.444601239530404513e+01
2.200000000000000000e+02,1.636337408960580930e+01,2.442586346915788553e+01
2.210000000000000000e+02,1.635022285862338975e+01,2.440573246339718239e+01
2.220000000000000000e+02,1.633708271156159597e+01,2.438561915621055576e+01
2.230000000000000000e+02,1.632395374565677670e+01,2.436552372809203248e+01
2.240000000000000000e+02,1.631083584702652445e+01,2.434544596891693047e+01
2.250000000000000000e+02,1.629772910414748566e+01,2.432538604740840427e+01
2.260000000000000000e+02,1.628463341205275228e+01,2.430534376555825915e+01
2.270000000000000000e+02,1.627154885035015752e+01,2.428531927992453276e+01
2.280000000000000000e+02,1.625847532306684329e+01,2.426531240496092678e+01
2.290000000000000000e+02,1.624541290088141210e+01,2.424532328474904119e+01
2.300000000000000000e+02,1.623236149684734997e+01,2.422535174646999323e+01
2.310000000000000000e+02,1.621932117269843943e+01,2.420539792149544667e+01
2.320000000000000000e+02,1.620629185050446353e+01,2.418546164992483583e+01
2.330000000000000000e+02,1.619327358308013487e+01,2.416554305025939442e+01
2.340000000000000000e+02,1.618026630146228584e+01,2.414564197563804271e+01
2.350000000000000000e+02,1.616727004960996794e+01,2.412575853159870576e+01
2.360000000000000000e+02,1.615428476744249409e+01,2.410589258437633120e+01
2.370000000000000000e+02,1.614131049016099340e+01,2.408604422651513488e+01
2.380000000000000000e+02,1.612834716645031463e+01,2.406621333734329582e+01
2.390000000000000000e+02,1.611539482288224434e+01,2.404639999643850956e+01
2.400000000000000000e+02,1.610245341676131403e+01,2.402660409616441228e+01
2.410000000000000000e+02,1.608952296618653577e+01,2.400682570321228226e+01
2.420000000000000000e+02,1.607660343691016180e+01,2.398706472287323166e+01
2.430000000000000000e+02,1.606369483873972825e+01,2.396732120908070129e+01
2.440000000000000000e+02,1.605079714568022453e+01,2.394759507989942904e+01
2.450000000000000000e+02,1.603791035945097931e+01,2.392788637667736040e+01
2.460000000000000000e+02,1.602503446209446381e+01,2.390819503005787539e+01
2.470000000000000000e+02,1.601216944746413873e+01,2.388852106901502381e+01
2.480000000000000000e+02,1.599931530540708025e+01,2.386886443653875389e+01
2.490000000000000000e+02,1.598647202214991481e+01,2.384922514947625061e+01
2.500000000000000000e+02,1.597363959509613984e+01,2.382960316289878833e+01
2.510000000000000000e+02,1.596081800309888088e+01,2.380999848180526612e+01
2.520000000000000000e+02,1.594800725085698190e+01,2.379041107305355851e+01
2.530000000000000000e+02,1.593520731011532909e+01,2.377084093010055454e+01
2.540000000000000000e+02,1.592241819259625402e+01,2.375128803127025634e+01
2.550000000000000000e+02,1.590963986321151857e+01,2.373175235880809808e+01
2.560000000000000000e+02,1.589687234042649067e+01,2.371223390216143301e+01
2.570000000000000000e+02,1.588411558260280287e+01,2.369273263271557184e+01
2.580000000000000000e+02,1.587136961466143248e+01,2.367324855067921874e+01
2.590000000000000000e+02,1.585863438870293507e+01,2.365378161694682291e+01
2.600000000000000000e+02,1.584590993581149121e+01,2.363433184211008964e+01
2.610000000000000000e+02,1.583319620212009582e+01,2.361489917695691076e+01
2.620000000000000000e+02,1.582049322458015439e+01,2.359548364207040549e+01
2.630000000000000000e+02,1.580780094365316835e+01,2.357608517852789376e+01
2.640000000000000000e+02,1.579511940186010577e+01,2.355670381650180545e+01
2.650000000000000000e+02,1.578244853428850547e+01,2.353733948776466534e+01
2.660000000000000000e+02,1.576978838873035649e+01,2.351799223166763397e+01
2.670000000000000000e+02,1.575713889519685651e+01,2.349866197109144750e+01
2.680000000000000000e+02,1.574450010645313291e+01,2.347934875414938460e+01
2.690000000000000000e+02,1.573187194773062103e+01,2.346005249524834824e+01
2.700000000000000000e+02,1.571925447647144658e+01,2.344077325084346342e+01
2.710000000000000000e+02,1.570664761342152360e+01,2.342151092728855843e+01
2.720000000000000000e+02,1.569405142040666412e+01,2.340226558895820830e+01
2.730000000000000000e+02,1.568146581397830985e+01,2.338303713457538180e+01
2.740000000000000000e+02,1.566889086005632592e+01,2.336382563601137008e+01
2.750000000000000000e+02,1.565632647128471433e+01,2.334463098477978704e+01
2.760000000000000000e+02,1.564377271739219744e+01,2.332545325982761142e+01
2.770000000000000000e+02,1.563122950739759887e+01,2.330629234587826559e+01
2.780000000000000000e+02,1.561869691455856390e+01,2.328714832853617978e+01
2.790000000000000000e+02,1.560617484454535031e+01,2.326802108615043352e+01
2.800000000000000000e+02,1.559366337387053214e+01,2.324891071056869052e+01
2.810000000000000000e+02,1.558116240512629957e+01,2.322981707417703134e+01
2.820000000000000000e+02,1.556867201781252597e+01,2.321074027465765255e+01
2.830000000000000000e+02,1.555619211170725613e+01,2.319168017883842126e+01
2.840000000000000000e+02,1.554372276903696992e+01,2.317263688983416259e+01
2.850000000000000000e+02,1.553126388702226990e+01,2.315361026931259758e+01
2.860000000000000000e+02,1.551881555036290194e+01,2.313460042542644501e+01
2.870000000000000000e+02,1.550637765397141798e+01,2.311560721507365201e+01
2.880000000000000000e+02,1.549395028477504255e+01,2.309663075105829932e+01
2.890000000000000000e+02,1.548153333561971223e+01,2.307767088589032056e+01
2.900000000000000000e+02,1.546912689542243413e+01,2.305872773664766484e+01
2.910000000000000000e+02,1.545673085519600676e+01,2.303980115182454114e+01
2.920000000000000000e+02,1.544434530561765939e+01,2.302089125240505396e+01
2.930000000000000000e+02,1.543197013609219859e+01,2.300199788323014616e+01
2.940000000000000000e+02,1.541960543883581813e+01,2.298312116883245437e+01
2.950000000000000000e+02,1.540725110186215119e+01,2.296426095075161911e+01
2.960000000000000000e+02,1.539490721871363021e+01,2.294541735672193283e+01
2.970000000000000000e+02,1.538257367622091643e+01,2.292659022532289015e+01
2.980000000000000000e+02,1.537025056904861842e+01,2.290777968715451962e+01
2.990000000000000000e+02,1.535793778304404711e+01,2.288898557816621704e+01
3.000000000000000000e+02,1.534563541379842633e+01,2.287020803149907877e+01
3.010000000000000000e+02,1.533334334636677632e+01,2.285144688079104824e+01
3.020000000000000000e+02,1.532106167708004385e+01,2.283270226141128845e+01
3.030000000000000000e+02,1.530879029038336014e+01,2.281397400499304240e+01
3.040000000000000000e+02,1.529652928316907001e+01,2.279526224883245789e+01
3.050000000000000000e+02,1.528427853944634762e+01,2.277656682285314105e+01
3.060000000000000000e+02,1.527203815649917829e+01,2.275788786598865343e+01
3.070000000000000000e+02,1.525980801806606024e+01,2.273922520673639269e+01
3.080000000000000000e+02,1.524758822166133854e+01,2.272057898538982812e+01
3.090000000000000000e+02,1.523537865090991339e+01,2.270194902929127068e+01
3.100000000000000000e+02,1.522317940340346354e+01,2.268333547982854981e+01
3.110000000000000000e+02,1.521099036280190298e+01,2.266473816344849723e+01
3.120000000000000000e+02,1.519881162662955809e+01,2.264615722237949313e+01
3.130000000000000000e+02,1.518664307872198016e+01,2.262759248242040755e+01
3.140000000000000000e+02,1.517448481639945257e+01,2.260904408639837726e+01
3.150000000000000000e+02,1.516233672380567121e+01,2.259051185970004028e+01
3.160000000000000000e+02,1.515019889792807462e+01,2.257199594552111677e+01
3.170000000000000000e+02,1.513807122334333322e+01,2.255349616906026355e+01
3.180000000000000000e+02,1.512595379658508143e+01,2.253501267366304717e+01
3.190000000000000000e+02,1.511384650277995156e+01,2.251654528455283710e+01
3.200000000000000000e+02,1.510174943789427005e+01,2.249809414501793015e+01
3.210000000000000000e+02,1.508966248771441165e+01,2.247965908050779049e+01
3.220000000000000000e+02,1.507758574753318292e+01,2.246124023405743841e+01
3.230000000000000000e+02,1.506551910389915960e+01,2.244283743153266286e+01
3.240000000000000000e+02,1.505346265133261419e+01,2.242445081553021424e+01
3.250000000000000000e+02,1.504141627723975283e+01,2.240608021251151882e+01
3.260000000000000000e+02,1.502938007527620456e+01,2.238772576446096352e+01
3.270000000000000000e+02,1.501735393379441419e+01,2.236938729860446884e+01
3.280000000000000000e+02,1.500533794549994049e+01,2.235106495615007915e+01
3.290000000000000000e+02,1.499333199977354347e+01,2.233275856524667091e+01
3.300000000000000000e+02,1.498133618829174551e+01,2.231446826617249712e+01
3.310000000000000000e+02,1.496935040153936569e+01,2.229619388814764847e+01
3.320000000000000000e+02,1.495737473009112861e+01,2.227793557037711736e+01
3.330000000000000000e+02,1.494540906560547278e+01,2.225969314329070770e+01
3.340000000000000000e+02,1.493345349748869388e+01,2.224146674488622821e+01
3.350000000000000000e+02,1.492150791863649495e+01,2.222325620693208847e+01
3.360000000000000000e+02,1.490957241722574800e+01,2.220506166609441578e+01
3.370000000000000000e+02,1.489764688744756249e+01,2.218688295560018275e+01
3.380000000000000000e+02,1.488573141619395379e+01,2.216872021066826548e+01
3.390000000000000000e+02,1.487382589900407837e+01,2.215057326609500521e+01
3.400000000000000000e+02,1.486193042143492171e+01,2.213244225554535660e+01
3.410000000000000000e+02,1.485004488042117643e+01,2.211432701548732638e+01
3.420000000000000000e+02,1.483816936013976751e+01,2.209622767793369036e+01
3.430000000000000000e+02,1.482630375896343899e+01,2.207814408111814330e+01
3.440000000000000000e+02,1.481444815964883688e+01,2.206007635531106104e+01
3.450000000000000000e+02,1.480260246204445274e+01,2.204202434059777715e+01
3.460000000000000000e+02,1.479076674745121878e+01,2.202398816542412163e+01
3.470000000000000000e+02,1.477894091722656000e+01,2.200596767180536162e+01
3.480000000000000000e+02,1.476712505118446295e+01,2.198796298628791845e+01
3.490000000000000000e+02,1.475531905222029927e+01,2.196997395288812172e+01
3.500000000000000000e+02,1.474352299863411453e+01,2.195200069618525873e+01
3.510000000000000000e+02,1.473173679488416177e+01,2.193404306226059219e+01
3.520000000000000000e+02,1.471996051773349024e+01,2.191610117366574784e+01
3.530000000000000000e+02,1.470819407322420602e+01,2.189817487860409528e+01
3.540000000000000000e+02,1.469643753656320229e+01,2.188026429754537716e+01
3.550000000000000000e+02,1.468469081539370613e+01,2.186236928086595199e+01
3.560000000000000000e+02,1.467295398335079781e+01,2.184448994690582069e+01
3.570000000000000000e+02,1.466122694969274143e+01,2.182662614825890657e+01
3.580000000000000000e+02,1.464950978647048174e+01,2.180877800109363207e+01
3.590000000000000000e+02,1.463780240456789805e+01,2.179094536026038398e+01
3.600000000000000000e+02,1.462610487444269936e+01,2.177312833971972594e+01
3.610000000000000000e+02,1.461441710861190124e+01,2.175532679661182911e+01
3.620000000000000000e+02,1.460273917593382365e+01,2.173754084265870290e+01
3.630000000000000000e+02,1.459107099056319257e+01,2.171977033731814188e+01
3.640000000000000000e+02,1.457941261975572722e+01,2.170201539004803593e+01
3.650000000000000000e+02,1.456776397930575051e+01,2.168427586264693119e+01
3.660000000000000000e+02,1.455612513486556381e+01,2.166655186228772578e+01
3.670000000000000000e+02,1.454449600386851493e+01,2.164884325312787894e+01
3.680000000000000000e+02,1.453287665036532950e+01,2.163115014003926007e+01
3.690000000000000000e+02,1.452126699342520055e+01,2.161347238955212191e+01
3.700000000000000000e+02,1.450966709550153055e+01,2.159581010422530412e+01
3.710000000000000000e+02,1.449807687729399142e+01,2.157816315297159449e+01
3.720000000000000000e+02,1.448649639966486014e+01,2.156053163602893363e+01
3.730000000000000000e+02,1.447492558493702219e+01,2.154291542469826126e+01
3.740000000000000000e+02,1.446336449238984123e+01,2.152531461689288861e+01
3.750000000000000000e+02,1.445181304596015082e+01,2.150772908630370850e+01
3.760000000000000000e+02,1.444027130335453535e+01,2.149015892851916831e+01
3.770000000000000000e+02,1.442873919011259787e+01,2.147260401961836962e+01
3.780000000000000000e+02,1.441721676238008598e+01,2.145506445286805786e+01
3.790000000000000000e+02,1.440570394728662329e+01,2.143754010673080757e+01
3.800000000000000000e+02,1.439420079943052677e+01,2.142003107215784752e+01
3.810000000000000000e+02,1.438270724751719243e+01,2.140253722998724584e+01
3.820000000000000000e+02,1.437122334461235695e+01,2.138505866886395879e+01
3.830000000000000000e+02,1.435974902098156747e+01,2.136759527199075848e+01
3.840000000000000000e+02,1.434828432817423582e+01,2.135014712571839368e+01
3.850000000000000000e+02,1.433682919799912803e+01,2.133271411560083664e+01
3.860000000000000000e+02,1.432538368050668787e+01,2.131529632570910948e+01
3.870000000000000000e+02,1.431394770903080449e+01,2.129789364393256434e+01
3.880000000000000000e+02,1.430252133214165688e+01,2.128050615207942897e+01
3.890000000000000000e+02,1.429110448467898031e+01,2.126313374035609272e+01
3.900000000000000000e+02,1.427969721375227330e+01,2.124577648832724108e+01
3.910000000000000000e+02,1.426829945568701952e+01,2.122843428849601821e+01
3.920000000000000000e+02,1.425691125615250066e+01,2.121110721820461720e+01
3.930000000000000000e+02,1.424553255293899490e+01,2.119379517223074672e+01
3.940000000000000000e+02,1.423416339029682831e+01,2.117649822571704377e+01
3.950000000000000000e+02,1.422280370745935230e+01,2.115921627569172259e+01
3.960000000000000000e+02,1.421145354727992860e+01,2.114194939512277926e+01
3.970000000000000000e+02,1.420011285041251092e+01,2.112469748326309826e+01
3.980000000000000000e+02,1.418878165833625538e+01,2.110746061093232129e+01
3.990000000000000000e+02,1.417745991310267506e+01,2.109023867958088516e+01
4.000000000000000000e+02,1.416614765483986282e+01,2.107303175790773864e+01
4.010000000000000000e+02,1.415484482697338287e+01,2.105583974953238879e+01
4.020000000000000000e+02,1.414355146830398979e+01,2.103866272106202828e+01
4.030000000000000000e+02,1.413226752360722394e+01,2.102150057825563678e+01
4.040000000000000000e+02,1.412099303038070452e+01,2.100435338565868904e+01
4.050000000000000000e+02,1.410972793472553377e+01,2.098722105113871095e+01
4.060000000000000000e+02,1.409847227286066307e+01,2.097010363721074100e+01
4.070000000000000000e+02,1.408722599218808824e+01,2.095300105381913269e+01
4.080000000000000000e+02,1.407598912767276822e+01,2.093591336148050530e+01
4.090000000000000000e+02,1.406476162799267726e+01,2.091884047218335851e+01
4.100000000000000000e+02,1.405354352688379116e+01,2.090178244447872657e+01
4.110000000000000000e+02,1.404233477427494492e+01,2.088473919236596643e+01
4.120000000000000000e+02,1.403113540269817783e+01,2.086771077246411465e+01
4.130000000000000000e+02,1.401994536330789032e+01,2.085069710074928295e+01
4.140000000000000000e+02,1.400876468745753733e+01,2.083369823194265891e+01
4.150000000000000000e+02,1.399759332750172192e+01,2.081671408396258371e+01
4.160000000000000000e+02,1.398643131364052827e+01,2.079974470966698519e+01
4.170000000000000000e+02,1.397527859940337081e+01,2.078279002888153570e+01
4.180000000000000000e+02,1.396413521386237555e+01,2.076585009263597570e+01
4.190000000000000000e+02,1.395300111169633794e+01,2.074892482262772120e+01
4.200000000000000000e+02,1.394187632087469986e+01,2.073201426809379200e+01
4.210000000000000000e+02,1.393076079720028382e+01,2.071511835256783129e+01
4.220000000000000000e+02,1.391965456756508779e+01,2.069823712352966893e+01
4.230000000000000000e+02,1.390855758887066784e+01,2.068137050631326446e+01
4.240000000000000000e+02,1.389746988695678809e+01,2.066451854667711174e+01
4.250000000000000000e+02,1.388639141979857250e+01,2.064768117171936268e+01
4.260000000000000000e+02,1.387532221220847894e+01,2.063085842551319971e+01
4.270000000000000000e+02,1.386426222321021307e+01,2.061405023688488569e+01
4.280000000000000000e+02,1.385321147661386298e+01,2.059725664825823443e+01
4.290000000000000000e+02,1.384216993246683991e+01,2.058047759015146383e+01
4.300000000000000000e+02,1.383113761360143279e+01,2.056371310337498315e+01
4.310000000000000000e+02,1.382011448106420737e+01,2.054696312010291237e+01
4.320000000000000000e+02,1.380910055673411563e+01,2.053022767956816352e+01
4.330000000000000000e+02,1.379809580263242985e+01,2.051350671556470573e+01
4.340000000000000000e+02,1.378710023970895548e+01,2.049680026578379000e+01
4.350000000000000000e+02,1.377611383093556618e+01,2.048010826560333442e+01
4.360000000000000000e+02,1.376513659635681996e+01,2.046343075120858046e+01
4.370000000000000000e+02,1.375416849987133006e+01,2.044676765952577213e+01
4.380000000000000000e+02,1.374320956064208588e+01,2.043011902526950507e+01
4.390000000000000000e+02,1.373225974347084133e+01,2.041348478687880430e+01
4.400000000000000000e+02,1.372131906666234968e+01,2.039686497763296913e+01
4.410000000000000000e+02,1.371038749589828498e+01,2.038025953744859464e+01
4.420000000000000000e+02,1.369946504864812020e+01,2.036366849820443292e+01
4.430000000000000000e+02,1.368855169145053452e+01,2.034709180125986094e+01
4.440000000000000000e+02,1.367764744096243668e+01,2.033052947712773673e+01
4.450000000000000000e+02,1.366675226455693704e+01,2.031398146857554465e+01
4.460000000000000000e+02,1.365586617810069470e+01,2.029744780478455368e+01
4.470000000000000000e+02,1.364498914977898103e+01,2.028092842989613231e+01
4.480000000000000000e+02,1.363412119469022343e+01,2.026442337179372188e+01
4.490000000000000000e+02,1.362326228180997312e+01,2.024793257595890239e+01
4.500000000000000000e+02,1.361241242549003694e+01,2.023145606901077187e+01
4.510000000000000000e+02,1.360157159547476802e+01,2.021499379773766591e+01
4.520000000000000000e+02,1.359073980539054460e+01,2.019854578752735108e+01
4.530000000000000000e+02,1.357991702572941861e+01,2.018211198644200621e+01
4.540000000000000000e+02,1.356910326941322076e+01,2.016569241867056661e+01
4.550000000000000000e+02,1.355829850766093436e+01,2.014928703351661810e+01
4.560000000000000000e+02,1.354750275271029913e+01,2.013289585400248072e+01
4.570000000000000000e+02,1.353671597648688696e+01,2.011651883064095259e+01
4.580000000000000000e+02,1.352593819056446556e+01,2.010015598531943226e+01
4.590000000000000000e+02,1.351516936755521314e+01,2.008380726972848151e+01
4.600000000000000000e+02,1.350440951838858972e+01,2.006747270465155708e+01
4.610000000000000000e+02,1.349365861634387898e+01,2.005115224292613973e+01
4.620000000000000000e+02,1.348291667172540542e+01,2.003484590426229417e+01
4.630000000000000000e+02,1.347218365846051036e+01,2.001855364261387393e+01
4.640000000000000000e+02,1.346145958624727612e+01,2.000227547664770356e+01
4.650000000000000000e+02,1.345074442964222605e+01,1.998601136140393564e+01
4.660000000000000000e+02,1.344003819775571351e+01,1.996976131453581260e+01
4.670000000000000000e+02,1.342934086575520070e+01,1.995352529214041937e+01
4.680000000000000000e+02,1.341865244218131004e+01,1.993730331088630336e+01
4.690000000000000000e+02,1.340797290279450138e+01,1.992109532789862314e+01
4.700000000000000000e+02,1.339730225558331433e+01,1.990490135888970258e+01
4.710000000000000000e+02,1.338664047688368086e+01,1.988872136198449070e+01
4.720000000000000000e+02,1.337598757414931150e+01,1.987255535196694467e+01
4.730000000000000000e+02,1.336534352427451644e+01,1.985640328793407861e+01
4.740000000000000000e+02,1.335470833419503300e+01,1.984026518376879977e+01
4.750000000000000000e+02,1.334408198134679857e+01,1.982414099951302688e+01
4.760000000000000000e+02,1.333346447216396236e+01,1.980803074817531950e+01
4.770000000000000000e+02,1.332285578460787967e+01,1.979193439071585203e+01
4.780000000000000000e+02,1.331225592462715923e+01,1.977585193929519747e+01
4.790000000000000000e+02,1.330166487069253023e+01,1.975978335576563438e+01
4.800000000000000000e+02,1.329108262828279052e+01,1.974372865146536782e+01
4.810000000000000000e+02,1.328050917636252670e+01,1.972768778911328269e+01
4.820000000000000000e+02,1.326994451995598290e+01,1.971166077925023785e+01
4.830000000000000000e+02,1.325938863850649163e+01,1.969564758543694794e+01
4.840000000000000000e+02,1.324884153659848884e+01,1.967964821744142156e+01
4.850000000000000000e+02,1.323830319413941936e+01,1.966366263964161831e+01
4.860000000000000000e+02,1.322777361528839712e+01,1.964769086105679108e+01
4.870000000000000000e+02,1.321725278040257479e+01,1.963173284685844777e+01
4.880000000000000000e+02,1.320674069322989297e+01,1.961578860534038071e+01
4.890000000000000000e+02,1.319623733456310433e+01,1.959985810244432969e+01
4.900000000000000000e+02,1.318574270775280333e+01,1.958394134576149526e+01
4.910000000000000000e+02,1.317525679401377658e+01,1.956803830198114014e+01
4.920000000000000000e+02,1.316477959631253469e+01,1.955214897801425167e+01
4.930000000000000000e+02,1.315431109627268036e+01,1.953627334127541459e+01
4.940000000000000000e+02,1.314385129648963080e+01,1.952041139801707814e+01
4.950000000000000000e+02,1.313340017898291023e+01,1.950456311635765516e+01
4.960000000000000000e+02,1.312295774598950260e+01,1.948872850191223449e+01
4.970000000000000000e+02,1.311252397991234098e+01,1.947290752348187937e+01
4.980000000000000000e+02,1.310209888264225064e+01,1.945710018606505898e+01
4.990000000000000000e+02,1.309168243695334155e+01,1.944130645912497002e+01
5.000000000000000000e+02,1.308127464440220677e+01,1.942552634706362014e+01
5.010000000000000000e+02,1.307087548812235767e+01,1.940975981998629152e+01
5.020000000000000000e+02,1.306048496934781156e+01,1.939400688171809861e+01
5.030000000000000000e+02,1.305010307155984961e+01,1.937826750298695444e+01
5.040000000000000000e+02,1.303972979568122348e+01,1.936254168706019740e+01
5.050000000000000000e+02,1.302936512552983395e+01,1.934682940526939987e+01
5.060000000000000000e+02,1.301900906172812533e+01,1.933113066034274041e+01
5.070000000000000000e+02,1.300866158841969344e+01,1.931544542419684873e+01
5.080000000000000000e+02,1.299832270593728722e+01,1.929977369903897966e+01
5.090000000000000000e+02,1.298799239873979339e+01,1.928411545735277954e+01
5.100000000000000000e+02,1.297767066688053816e+01,1.926847070084214408e+01
5.110000000000000000e+02,1.296735749512334657e+01,1.925283940254032800e+01
5.120000000000000000e+02,1.295705288325220828e+01,1.923722156366497060e+01
5.130000000000000000e+02,1.294675681632600828e+01,1.922161715778184998e+01
5.140000000000000000e+02,1.293646929386906308e+01,1.920602618563900421e+01
5.150000000000000000e+02,1.292619030122564538e+01,1.919044862131824658e+01
5.160000000000000000e+02,1.291591983766985230e+01,1.917488446511419653e+01
5.170000000000000000e+02,1.290565788882204501e+01,1.915933369160855548e+01
5.180000000000000000e+02,1.289540445371520327e+01,1.914379630065832671e+01
5.190000000000000000e+02,1.288515951823669070e+01,1.912827226732944652e+01
5.200000000000000000e+02,1.287492308118723194e+01,1.911276159105650052e+01
5.210000000000000000e+02,1.286469512871239118e+01,1.909726424737451822e+01
5.220000000000000000e+02,1.285447565938923553e+01,1.908178023531056411e+01
5.230000000000000000e+02,1.284426465961310448e+01,1.906630953085396740e+01
5.240000000000000000e+02,1.283406212774557886e+01,1.905085213263867772e+01
5.250000000000000000e+02,1.282386805042352051e+01,1.903540801709396035e+01
5.260000000000000000e+02,1.281368242580121475e+01,1.901997718247468327e+01
5.270000000000000000e+02,1.280350524074895269e+01,1.900455960563612123e+01
5.280000000000000000e+02,1.279333649322152411e+01,1.898915528446764966e+01
5.290000000000000000e+02,1.278317617031493292e+01,1.897376419623702759e+01
5.300000000000000000e+02,1.277302426979204597e+01,1.895838633848134336e+01
5.310000000000000000e+02,1.276288077896709972e+01,1.894302168886768101e+01
5.320000000000000000e+02,1.275274569541822167e+01,1.892767024459366354e+01
5.330000000000000000e+02,1.274261900667066172e+01,1.891233198371301327e+01
5.340000000000000000e+02,1.273250071012499873e+01,1.889700690309619446e+01
5.350000000000000000e+02,1.272239079351040125e+01,1.888169498117127176e+01
5.360000000000000000e+02,1.271228925405666921e+01,1.886639621449360504e+01
5.370000000000000000e+02,1.270219607969018583e+01,1.885111058185363930e+01
5.380000000000000000e+02,1.269211126747660678e+01,1.883583807950324029e+01
5.390000000000000000e+02,1.268203480553287754e+01,1.882057868658361244e+01
5.400000000000000000e+02,1.267196669076694171e+01,1.880533239905448895e+01
5.410000000000000000e+02,1.266190691147995473e+01,1.879009919639651827e+01
5.420000000000000000e+02,1.265185546442829967e+01,1.877487907428829317e+01
5.430000000000000000e+02,1.264181233809119931e+01,1.875967201253902061e+01
5.440000000000000000e+02,1.263177752907950868e+01,1.874447800655671870e+01
5.450000000000000000e+02,1.262175102604456889e+01,1.872929703646862620e+01
5.460000000000000000e+02,1.261173282545743213e+01,1.871412909742242903e+01
5.470000000000000000e+02,1.260172291613584150e+01,1.869897416985314820e+01
5.480000000000000000e+02,1.259172129441661880e+01,1.868383224865807790e+01
5.490000000000000000e+02,1.258172794927831539e+01,1.866870331457007737e+01
5.500000000000000000e+02,1.257174287692901338e+01,1.865358736224580483e+01
5.510000000000000000e+02,1.256176606650264738e+01,1.863848437270639735e+01
5.520000000000000000e+02,1.255179751408371835e+01,1.862339434037698283e+01
5.530000000000000000e+02,1.254183720895643717e+01,1.860831724655767871e+01
5.540000000000000000e+02,1.253188514708679158e+01,1.859325308545124500e+01
5.550000000000000000e+02,1.252194131790414211e+01,1.857820183862783736e+01
5.560000000000000000e+02,1.251200571726088917e+01,1.856316350007646676e+01
5.570000000000000000e+02,1.250207833472669705e+01,1.854813805162855544e+01
5.580000000000000000e+02,1.249215916604504706e+01,1.853312548706794516e+01
5.590000000000000000e+02,1.248224820092124965e+01,1.851812578847884438e+01
5.600000000000000000e+02,1.247234543499437898e+01,1.850313894944801518e+01
5.610000000000000000e+02,1.246245085810091346e+01,1.848816495230435919e+01
5.620000000000000000e+02,1.245256446577987752e+01,1.847320379044551686e+01
5.630000000000000000e+02,1.244268624799452461e+01,1.845825544643714267e+01
5.640000000000000000e+02,1.243281620018812106e+01,1.844331991349535116e+01
5.650000000000000000e+02,1.242295431244640191e+01,1.842839717441495040e+01
5.660000000000000000e+02,1.241310058012096817e+01,1.841348722223790091e+01
5.670000000000000000e+02,1.240325499341601123e+01,1.839859003998076759e+01
5.680000000000000000e+02,1.239341754759537650e+01,1.838370562051852630e+01
5.690000000000000000e+02,1.238358823297776645e+01,1.836883394708241468e+01
5.700000000000000000e+02,1.237376704474303857e+01,1.835397501238727713e+01
5.710000000000000000e+02,1.236395397332067780e+01,1.833912879987204292e+01
5.720000000000000000e+02,1.235414901381023611e+01,1.832429530209811119e+01
5.730000000000000000e+02,1.234435215674826125e+01,1.830947450270544152e+01
5.740000000000000000e+02,1.233456339715754169e+01,1.829466639410849993e+01
5.750000000000000000e+02,1.232478272567809796e+01,1.827987096014186008e+01
5.760000000000000000e+02,1.231501013725945270e+01,1.826508819307912290e+01
5.770000000000000000e+02,1.230524562264171884e+01,1.825031807694325181e+01
5.780000000000000000e+02,1.229548917670433994e+01,1.823556060387304356e+01
5.790000000000000000e+02,1.228574079028429189e+01,1.822081575807384723e+01
5.800000000000000000e+02,1.227600045819405139e+01,1.820608353155552450e+01
5.810000000000000000e+02,1.226626817136427938e+01,1.819136390869985931e+01
5.820000000000000000e+02,1.225654392454360320e+01,1.817665688139334534e+01
5.830000000000000000e+02,1.224682770875331173e+01,1.816196243418869827e+01
5.840000000000000000e+02,1.223711951868114767e+01,1.814728055885442615e+01
5.850000000000000000e+02,1.222741934543592635e+01,1.813261124010868386e+01
5.860000000000000000e+02,1.221772718364741905e+01,1.811795446960727674e+01
5.870000000000000000e+02,1.220804302450922840e+01,1.810331023222853730e+01
5.880000000000000000e+02,1.219836686259572822e+01,1.808867851952056327e+01
5.890000000000000000e+02,1.218869868918264032e+01,1.807405931651677733e+01
5.900000000000000000e+02,1.217903849879157718e+01,1.805945261466252916e+01
5.910000000000000000e+02,1.216938628277772771e+01,1.804485839914143952e+01
5.920000000000000000e+02,1.215974203561251166e+01,1.803027666130064333e+01
5.930000000000000000e+02,1.215010574872791338e+01,1.801570738646938352e+01
5.940000000000000000e+02,1.214047741654770007e+01,1.800115056590109219e+01
5.950000000000000000e+02,1.213085703057818066e+01,1.798660618506596975e+01
5.960000000000000000e+02,1.212124458519779324e+01,1.797207423512822544e+01
5.970000000000000000e+02,1.211164007198485493e+01,1.795755470169454426e+01
5.980000000000000000e+02,1.210204348527471829e+01,1.794304757584409771e+01
5.990000000000000000e+02,1.209245481671540823e+01,1.792855284331591292e+01
6.000000000000000000e+02,1.208287406060136782e+01,1.791407049510808847e+01
6.010000000000000000e+02,1.207330120864813594e+01,1.789960051708788313e+01
6.020000000000000000e+02,1.206373625511132452e+01,1.788514290017629094e+01
6.030000000000000000e+02,1.205417919177186725e+01,1.787069763036484815e+01
6.040000000000000000e+02,1.204463001284859480e+01,1.785626469850117459e+01
6.050000000000000000e+02,1.203508871018580706e+01,1.784184409069723287e+01
6.060000000000000000e+02,1.202555527796748791e+01,1.782743579773095277e+01
6.070000000000000000e+02,1.201602970809934234e+01,1.781303980583103552e+01
6.080000000000000000e+02,1.200651199473230513e+01,1.779865610570926648e+01
6.090000000000000000e+02,1.199700212983156078e+01,1.778428468370748305e+01
6.100000000000000000e+02,1.198750010751694539e+01,1.776992553047461953e+01
6.110000000000000000e+02,1.197800591981125251e+01,1.775557863246234902e+01
6.120000000000000000e+02,1.196851956080485024e+01,1.774124398025999128e+01
6.130000000000000000e+02,1.195904102257653889e+01,1.772692156042561606e+01
6.140000000000000000e+02,1.194957029918876934e+01,1.771261136349224685e+01
6.150000000000000000e+02,1.194010738277462913e+01,1.769831337612108868e+01
6.160000000000000000e+02,1.193065226737035189e+01,1.768402758879175707e+01
6.170000000000000000e+02,1.192120494516159646e+01,1.766975398826570043e+01
6.180000000000000000e+02,1.191176541015999923e+01,1.765549256497195785e+01
6.190000000000000000e+02,1.190233365460217740e+01,1.764124330576921196e+01
6.200000000000000000e+02,1.189290967247659658e+01,1.762700620103877469e+01
6.210000000000000000e+02,1.188349345606939167e+01,1.761278123773372428e+01
6.220000000000000000e+02,1.187408499934730521e+01,1.759856840619033846e+01
6.230000000000000000e+02,1.186468429464451368e+01,1.758436769345324890e+01
6.240000000000000000e+02,1.185529133590732265e+01,1.757017908981633170e+01
6.250000000000000000e+02,1.184590611551660366e+01,1.755600258241314293e+01
6.260000000000000000e+02,1.183652862739959488e+01,1.754183816149761910e+01
6.270000000000000000e+02,1.182715886398242056e+01,1.752768581428971117e+01
6.280000000000000000e+02,1.181779681917453573e+01,1.751354553100579636e+01
6.290000000000000000e+02,1.180844248544607744e+01,1.749941729894976206e+01
6.300000000000000000e+02,1.179909585668992911e+01,1.748530110830271767e+01
6.310000000000000000e+02,1.178975692541893849e+01,1.747119694645013155e+01
6.320000000000000000e+02,1.178042568551056135e+01,1.745710480354010130e+01
6.330000000000000000e+02,1.177110212951919621e+01,1.744302466703727106e+01
6.340000000000000000e+02,1.176178625130801869e+01,1.742895652705890086e+01
6.350000000000000000e+02,1.175247804347178082e+01,1.741490037114669320e+01
6.360000000000000000e+02,1.174317749986045278e+01,1.740085618938904588e+01
6.370000000000000000e+02,1.173388461310805475e+01,1.738682396940255970e+01
6.380000000000000000e+02,1.172459937705235333e+01,1.737280370124887696e+01
6.390000000000000000e+02,1.171532178436559235e+01,1.735879537261734740e+01
6.400000000000000000e+02,1.170605182887429052e+01,1.734479897354470523e+01
6.410000000000000000e+02,1.169678950328790279e+01,1.733081449179119460e+01
6.420000000000000000e+02,1.168753480142269829e+01,1.731684191737042156e+01
6.430000000000000000e+02,1.167828771602429327e+01,1.730288123811159551e+01
6.440000000000000000e+02,1.166904824089960435e+01,1.728893244400696716e+01
6.450000000000000000e+02,1.165981636882948358e+01,1.727499552295288510e+01
6.460000000000000000e+02,1.165059209361242942e+01,1.726107046492194641e+01
6.470000000000000000e+02,1.164137540806354210e+01,1.724715725787584475e+01
6.480000000000000000e+02,1.163216630597372792e+01,1.723325589176915784e+01
6.490000000000000000e+02,1.162296478019149504e+01,1.721936635462720488e+01
6.500000000000000000e+02,1.161377082450094989e+01,1.720548863638815362e+01
6.510000000000000000e+02,1.160458443178317012e+01,1.719162272513927903e+01
6.520000000000000000e+02,1.159540559581620833e+01,1.717776861080377060e+01
6.530000000000000000e+02,1.158623430951293898e+01,1.716392628152931721e+01
6.540000000000000000e+02,1.157707056664611045e+01,1.715009572722567555e+01
6.550000000000000000e+02,1.156791436015953067e+01,1.713627693609933900e+01
6.560000000000000000e+02,1.155876568382139169e+01,1.712246989804797437e+01
6.570000000000000000e+02,1.154962453060570660e+01,1.710867460133553308e+01
6.580000000000000000e+02,1.154049089427678432e+01,1.709489103584883551e+01
6.590000000000000000e+02,1.153136476783813613e+01,1.708111918990780609e+01
6.600000000000000000e+02,1.152224614505080602e+01,1.706735905338983272e+01
6.610000000000000000e+02,1.151313501894709290e+01,1.705361061466942374e+01
6.620000000000000000e+02,1.150403138328543307e+01,1.703987386361567857e+01
6.630000000000000000e+02,1.149493523112622029e+01,1.702614878865648862e+01
6.640000000000000000e+02,1.148584655622594930e+01,1.701243537965382302e+01
6.650000000000000000e+02,1.147676535167239287e+01,1.699873362508757069e+01
6.660000000000000000e+02,1.146769161122065128e+01,1.698504351481376418e+01
6.670000000000000000e+02,1.145862532798531142e+01,1.697136503736319213e+01
6.680000000000000000e+02,1.144956649572063334e+01,1.695769818258694883e+01
6.690000000000000000e+02,1.144051510756745316e+01,1.694404293906551473e+01
6.700000000000000000e+02,1.143147115727963836e+01,1.693039929664616139e+01
6.710000000000000000e+02,1.142243463802370584e+01,1.691676724395783182e+01
6.720000000000000000e+02,1.141340554355374337e+01,1.690314677084499451e+01
6.730000000000000000e+02,1.140438386706127538e+01,1.688953786598406026e+01
6.740000000000000000e+02,1.139536960230111973e+01,1.687594051921758265e+01
6.750000000000000000e+02,1.138636274248938030e+01,1.686235471926843488e+01
6.760000000000000000e+02,1.137736328138192654e+01,1.684878045597815444e+01
6.770000000000000000e+02,1.136837121221892488e+01,1.683521771811504308e+01
6.780000000000000000e+02,1.135938652875789323e+01,1.682166649552053883e+01
6.790000000000000000e+02,1.135040922426248855e+01,1.680812677700734881e+01
6.800000000000000000e+02,1.134143929249227511e+01,1.679459855241772459e+01
6.810000000000000000e+02,1.133247672673399009e+01,1.678108181060784787e+01
6.820000000000000000e+02,1.132352152074954432e+01,1.676757654142153697e+01
6.830000000000000000e+02,1.131457366784835372e+01,1.675408273375753154e+01
6.840000000000000000e+02,1.130563316179513045e+01,1.674060037746208707e+01
6.850000000000000000e+02,1.129669999592146823e+01,1.672712946147561297e+01
6.860000000000000000e+02,1.128777416399526778e+01,1.671366997564748402e+01
6.870000000000000000e+02,1.127885565936986723e+01,1.670022190895893033e+01
6.880000000000000000e+02,1.126994447581673420e+01,1.668678525126321333e+01
6.890000000000000000e+02,1.126104060671053197e+01,1.667335999158157378e+01
6.900000000000000000e+02,1.125214404582663619e+01,1.665994611977187745e+01
6.910000000000000000e+02,1.124325478656060717e+01,1.664654362489462969e+01
6.920000000000000000e+02,1.123437282269213533e+01,1.663315249681279084e+01
6.930000000000000000e+02,1.122549814763732279e+01,1.661977272462547006e+01
6.940000000000000000e+02,1.121663075518037012e+01,1.660640429820139730e+01
6.950000000000000000e+02,1.120777063875762281e+01,1.659304720667755362e+01
6.960000000000000000e+02,1.119891779215808292e+01,1.657970143992904610e+01
6.970000000000000000e+02,1.119007220883798226e+01,1.656636698712992484e+01
6.980000000000000000e+02,1.118123388259144235e+01,1.655304383816236324e+01
6.990000000000000000e+02,1.117240280689422249e+01,1.653973198223683028e+01
7.000000000000000000e+02,1.116357897554585676e+01,1.652643140924302756e+01
7.010000000000000000e+02,1.115476238204128023e+01,1.651314210842726027e+01
7.020000000000000000e+02,1.114595302018572553e+01,1.649986406968725561e+01
7.030000000000000000e+02,1.113715088349298377e+01,1.648659728230451904e+01
7.040000000000000000e+02,1.112835596577421171e+01,1.647334173618540021e+01
7.050000000000000000e+02,1.111956826056179182e+01,1.646009742064594050e+01
7.060000000000000000e+02,1.111078776167306437e+01,1.644686432560153833e+01
7.070000000000000000e+02,1.110201446265868874e+01,1.643364244040228428e+01
7.080000000000000000e+02,1.109324835734236814e+01,1.642043175497302343e+01
7.090000000000000000e+02,1.108448943929279373e+01,1.640723225869739821e+01
7.100000000000000000e+02,1.107573770234032828e+01,1.639404394151017641e+01
7.110000000000000000e+02,1.106699314007132884e+01,1.638086679282788793e+01
7.120000000000000000e+02,1.105825574632301311e+01,1.636770080259577043e+01
7.130000000000000000e+02,1.104952551469923527e+01,1.635454596026266216e+01
7.140000000000000000e+02,1.104080243904423853e+01,1.634140225578462235e+01
7.150000000000000000e+02,1.103208651297909526e+01,1.632826967864244594e+01
7.160000000000000000e+02,1.102337773035526780e+01,1.631514821880329436e+01
7.170000000000000000e+02,1.101467608481082472e+01,1.630203786577943603e+01
7.180000000000000000e+02,1.100598157020460555e+01,1.628893860954953254e+01
7.190000000000000000e+02,1.099729418019148852e+01,1.627585043965685330e+01
7.200000000000000000e+02,1.098861390863782006e+01,1.626277334609197212e+01
7.210000000000000000e+02,1.097994074921504826e+01,1.624970731842866911e+01
7.220000000000000000e+02,1.097127469579730885e+01,1.623665234666974300e+01
7.230000000000000000e+02,1.096261574207229650e+01,1.622360842041904405e+01
7.240000000000000000e+02,1.095396388192206061e+01,1.621057552969196180e+01
7.250000000000000000e+02,1.094531910905043226e+01,1.619755366412200814e+01
7.260000000000000000e+02,1.093668141734746513e+01,1.618454281373739434e+01
7.270000000000000000e+02,1.092805080053295796e+01,1.617154296820095638e+01
7.280000000000000000e+02,1.091942725250511970e+01,1.615855411755405768e+01
7.290000000000000000e+02,1.091081076699948049e+01,1.614557625148838582e+01
7.300000000000000000e+02,1.090220133792258217e+01,1.613260936005877966e+01
7.310000000000000000e+02,1.089359895902548203e+01,1.611965343298543729e+01
7.320000000000000000e+02,1.088500362422316492e+01,1.610670846033684711e+01
7.330000000000000000e+02,1.087641532728205362e+01,1.609377443186144419e+01
7.340000000000000000e+02,1.086783406212573055e+01,1.608085133764160091e+01
7.350000000000000000e+02,1.085925982253579569e+01,1.606793916745357720e+01
7.360000000000000000e+02,1.085069260244449119e+01,1.605503791139396697e+01
7.370000000000000000e+02,1.084213239564850362e+01,1.604214755926652458e+01
7.380000000000000000e+02,1.083357919608879882e+01,1.602926810118218981e+01
7.390000000000000000e+02,1.082503299757694926e+01,1.601639952697188818e+01
7.400000000000000000e+02,1.081649379406288070e+01,1.600354182676128900e+01
7.410000000000000000e+02,1.080796157937283652e+01,1.599069499040806441e+01
7.420000000000000000e+02,1.079943634746571668e+01,1.597785900805274650e+01
7.430000000000000000e+02,1.079091809218236264e+01,1.596503386957960302e+01
7.440000000000000000e+02,1.078240680749078173e+01,1.595221956514415496e+01
7.450000000000000000e+02,1.077390248724621458e+01,1.593941608465693882e+01
7.460000000000000000e+02,1.076540512542583983e+01,1.592662341828870964e+01
7.470000000000000000e+02,1.075691471589918535e+01,1.591384155597596539e+01
7.480000000000000000e+02,1.074843125265269705e+01,1.590107048790491717e+01
7.490000000000000000e+02,1.073995472957008346e+01,1.588831020403768335e+01
7.500000000000000000e+02,1.073148514064711634e+01,1.587556069457610519e+01
7.510000000000000000e+02,1.072302247978150724e+01,1.586282194950773139e+01
7.520000000000000000e+02,1.071456674097845685e+01,1.585009395905011331e+01
7.530000000000000000e+02,1.070611791814961045e+01,1.583737671321608431e+01
7.540000000000000000e+02,1.069767600530961715e+01,1.582467020223895382e+01
7.550000000000000000e+02,1.068924099638390146e+01,1.581197441615657340e+01
7.560000000000000000e+02,1.068081288539667817e+01,1.579928934521826278e+01
7.570000000000000000e+02,1.067239166628702485e+01,1.578661497948659154e+01
7.580000000000000000e+02,1.066397733308882501e+01,1.577395130922705668e+01
7.590000000000000000e+02,1.065556987975464409e+01,1.576129832452667223e+01
7.600000000000000000e+02,1.064716930032806985e+01,1.574865601566725815e+01
7.610000000000000000e+02,1.063877558877513252e+01,1.573602437276007748e+01
7.620000000000000000e+02,1.063038873914909566e+01,1.572340338610335664e+01
7.630000000000000000e+02,1.062200874542937257e+01,1.571079304583241587e+01
7.640000000000000000e+02,1.061363560167901809e+01,1.569819334226201946e+01
7.650000000000000000e+02,1.060526930189064743e+01,1.568560426555131926e+01
7.660000000000000000e+02,1.059690984013716175e+01,1.567302580603166540e+01
7.670000000000000000e+02,1.058855721042433018e+01,1.566045795388594719e+01
7.680000000000000000e+02,1.058021140683493222e+01,1.564790069946218765e+01
7.690000000000000000e+02,1.057187242338776123e+01,1.563535403296673287e+01
7.700000000000000000e+02,1.056354025417554254e+01,1.562281794476445285e+01
7.710000000000000000e+02,1.055521489323000495e+01,1.561029242508490888e+01
7.720000000000000000e+02,1.054689633465385690e+01,1.559777746430994050e+01
7.730000000000000000e+02,1.053858457249165781e+01,1.558527305269220165e+01
7.740000000000000000e+02,1.053027960085611348e+01,1.557277918063050848e+01
7.750000000000000000e+02,1.052198141380461749e+01,1.556029583840040154e+01
7.760000000000000000e+02,1.051369000545988541e+01,1.554782301641778020e+01
7.770000000000000000e+02,1.050540536989198870e+01,1.553536070498096855e+01
7.780000000000000000e+02,1.049712750123369887e+01,1.552290889452299183e+01
7.790000000000000000e+02,1.048885639356771371e+01,1.551046757536470722e+01
7.800000000000000000e+02,1.048059204103694064e+01,1.549803673795641501e+01
7.810000000000000000e+02,1.047233443773655104e+01,1.548561637264139534e+01
7.820000000000000000e+02,1.046408357781960774e+01,1.547320646988718984e+01
7.830000000000000000e+02,1.045583945539373616e+01,1.546080702005932750e+01
7.840000000000000000e+02,1.044760206462214036e+01,1.544841801364272982e+01
7.850000000000000000e+02,1.043937139962485539e+01,1.543603944102501302e+01
7.860000000000000000e+02,1.043114745457526027e+01,1.542367129270854598e+01
7.870000000000000000e+02,1.042293022360565757e+01,1.541131355910284029e+01
7.880000000000000000e+02,1.041471970089965282e+01,1.539896623072775661e+01
7.890000000000000000e+02,1.040651588060179655e+01,1.538662929801460244e+01
7.900000000000000000e+02,1.039831875690590834e+01,1.537430275150072667e+01
7.910000000000000000e+02,1.039012832396869257e+01,1.536198658163918829e+01
7.920000000000000000e+02,1.038194457599421838e+01,1.534968077898481020e+01
7.930000000000000000e+02,1.037376750715128715e+01,1.533738533401221460e+01
7.940000000000000000e+02,1.036559711165423181e+01,1.532510023729382098e+01
7.950000000000000000e+02,1.035743338368391164e+01,1.531282547932565485e+01
7.960000000000000000e+02,1.034927631746489318e+01,1.530056105069773231e+01
7.970000000000000000e+02,1.034112590719002789e+01,1.528830694192739870e+01
7.980000000000000000e+02,1.033298214709416385e+01,1.527606314362231110e+01
7.990000000000000000e+02,1.032484503138204346e+01,1.526382964632101213e+01
8.000000000000000000e+02,1.031671455429884787e+01,1.525160644064880167e+01
8.010000000000000000e+02,1.030859071006117311e+01,1.523939351716527568e+01
8.020000000000000000e+02,1.030047349292448544e+01,1.522719086651349230e+01
8.030000000000000000e+02,1.029236289711718300e+01,1.521499847927388060e+01
8.040000000000000000e+02,1.028425891690503846e+01,1.520281634610729959e+01
8.050000000000000000e+02,1.027616154652820946e+01,1.519064445761499371e+01
8.060000000000000000e+02,1.026807078026279996e+01,1.517848280447559084e+01
8.070000000000000000e+02,1.025998661236059384e+01,1.516633137731099978e+01
8.080000000000000000e+02,1.025190903710807611e+01,1.515419016681764752e+01
8.090000000000000000e+02,1.024383804876866044e+01,1.514205916363801130e+01
8.100000000000000000e+02,1.023577364163914361e+01,1.512993835848629764e+01
8.110000000000000000e+02,1.022771580999454955e+01,1.511782774202557000e+01
8.120000000000000000e+02,1.021966454814198144e+01,1.510572730498776117e+01
8.130000000000000000e+02,1.021161985036801312e+01,1.509363703805634493e+01
8.140000000000000000e+02,1.020358171099004174e+01,1.508155693198109226e+01
8.150000000000000000e+02,1.019555012430617325e+01,1.506948697746568300e+01
8.160000000000000000e+02,1.018752508464413609e+01,1.505742716527781688e+01
8.170000000000000000e+02,1.017950658631343508e+01,1.504537748614134962e+01
8.180000000000000000e+02,1.017149462365220103e+01,1.503333793084173031e+01
8.190000000000000000e+02,1.016348919098125414e+01,1.502130849012299230e+01
8.200000000000000000e+02,1.015549028264910270e+01,1.500928915478838022e+01
8.210000000000000000e+02,1.014749789298789473e+01,1.499727991560195584e+01
8.220000000000000000e+02,1.013951201635647337e+01,1.498528076338481085e+01
8.230000000000000000e+02,1.013153264709829848e+01,1.497329168892088269e+01
8.240000000000000000e+02,1.012355977958252851e+01,1.496131268304912787e+01
8.250000000000000000e+02,1.011559340816387120e+01,1.494934373657332749e+01
8.260000000000000000e+02,1.010763352722182340e+01,1.493738484035028513e+01
8.270000000000000000e+02,1.009968013112231411e+01,1.492543598520349057e+01
8.280000000000000000e+02,1.009173321425518033e+01,1.491349716200755360e+01
8.290000000000000000e+02,1.008379277099745686e+01,1.490156836160566023e+01
8.300000000000000000e+02,1.007585879574931376e+01,1.488964957489025132e+01
8.310000000000000000e+02,1.006793128289894490e+01,1.487774079272411143e+01
8.320000000000000000e+02,1.006001022685685342e+01,1.486584200601746275e+01
8.330000000000000000e+02,1.005209562202223950e+01,1.485395320565259780e+01
8.340000000000000000e+02,1.004418746281598374e+01,1.484207438255757339e+01
8.350000000000000000e+02,1.003628574364830506e+01,1.483020552763404609e+01
8.360000000000000000e+02,1.002839045895038161e+01,1.481834663182792688e+01
8.370000000000000000e+02,1.002050160314345462e+01,1.480649768606027905e+01
8.380000000000000000e+02,1.001261917066897311e+01,1.479465868129468298e+01
8.390000000000000000e+02,1.000474315595915975e+01,1.478282960847146832e+01
8.400000000000000000e+02,9.996873553465738027e+00,1.477101045857206429e+01
8.410000000000000000e+02,9.989010357631881831e+00,1.475920122255596745e+01
8.420000000000000000e+02,9.981153562919557132e+00,1.474740189142239544e+01
8.430000000000000000e+02,9.973303163782862413e+00,1.473561245614992465e+01
8.440000000000000000e+02,9.965459154694038091e+00,1.472383290775560205e+01
8.450000000000000000e+02,9.957621530117975794e+00,1.471206323723699683e+01
8.460000000000000000e+02,9.949790284537247231e+00,1.470030343562886443e+01
8.470000000000000000e+02,9.941965412427542503e+00,1.468855349394778109e+01
8.480000000000000000e+02,9.934146908281645594e+00,1.467681340324623385e+01
8.490000000000000000e+02,9.926334766586055736e+00,1.466508315455971534e+01
8.500000000000000000e+02,9.918528981843818926e+00,1.465336273895841579e+01
8.510000000000000000e+02,9.910729548552151158e+00,1.464165214749665722e+01
8.520000000000000000e+02,9.902936461224340903e+00,1.462995137126230993e+01
8.530000000000000000e+02,9.895149714368315585e+00,1.461826040132851112e+01
8.540000000000000000e+02,9.887369302507552860e+00,1.460657922880074011e+01
8.550000000000000000e+02,9.879595220160704017e+00,1.459490784477084091e+01
8.560000000000000000e+02,9.871827461861448327e+00,1.458324624036201733e+01
8.570000000000000000e+02,9.864066022139033052e+00,1.457159440668469053e+01
8.580000000000000000e+02,9.856310895537392369e+00,1.455995233487972840e+01
8.590000000000000000e+02,9.848562076596344639e+00,1.454832001607610614e+01
8.600000000000000000e+02,9.840819559870011446e+00,1.453669744143234155e+01
8.610000000000000000e+02,9.833083339908821330e+00,1.452508460209589458e+01
8.620000000000000000e+02,9.825353411277026439e+00,1.451348148924280501e+01
8.630000000000000000e+02,9.817629768535644175e+00,1.450188809403908508e+01
8.640000000000000000e+02,9.809912406259044815e+00,1.449030440767832317e+01
8.650000000000000000e+02,9.802201319018770675e+00,1.447873042134489729e+01
8.660000000000000000e+02,9.794496501399349242e+00,1.446716612624998888e+01
8.670000000000000000e+02,9.786797947982801560e+00,1.445561151359618890e+01
8.680000000000000000e+02,9.779105653363764361e+00,1.444406657461226828e+01
8.690000000000000000e+02,9.771419612134723209e+00,1.443253130051915534e+01
8.700000000000000000e+02,9.763739818900459611e+00,1.442100568256305770e+01
8.710000000000000000e+02,9.756066268263861474e+00,1.440948971198308293e+01
8.720000000000000000e+02,9.748398954839796460e+00,1.439798338004294287e+01
8.730000000000000000e+02,9.740737873241558376e+00,1.438648667799989056e+01
8.740000000000000000e+02,9.733083018094106365e+00,1.437499959713509767e+01
8.750000000000000000e+02,9.725434384021117040e+00,1.436352212872392364e+01
8.760000000000000000e+02,9.717791965657578857e+00,1.435205426406490581e+01
8.770000000000000000e+02,9.710155757637506824e+00,1.434059599445148159e+01
8.780000000000000000e+02,9.702525754605980879e+00,1.432914731119960017e+01
8.790000000000000000e+02,9.694901951207317126e+00,1.431770820562065261e+01
8.800000000000000000e+02,9.687284342096617706e+00,1.430627866904795731e+01
8.810000000000000000e+02,9.679672921928498042e+00,1.429485869281081456e+01
8.820000000000000000e+02,9.672067685368057610e+00,1.428344826825993152e+01
8.830000000000000000e+02,9.664468627080161411e+00,1.427204738674245377e+01
8.840000000000000000e+02,9.656875741739940011e+00,1.426065603962642214e+01
8.850000000000000000e+02,9.649289024022468908e+00,1.424927421827678131e+01
8.860000000000000000e+02,9.641708468612870675e+00,1.423790191407884898e+01
8.870000000000000000e+02,9.634134070196429533e+00,1.422653911841536001e+01
8.880000000000000000e+02,9.626565823468231642e+00,1.421518582268886455e+01
8.890000000000000000e+02,9.619003723123757510e+00,1.420384201829982374e+01
8.900000000000000000e+02,9.611447763868017802e+00,1.419250769666797574e+01
8.910000000000000000e+02,9.603897940406659117e+00,1.418118284921151151e+01
8.920000000000000000e+02,9.596354247454611297e+00,1.416986746736737146e+01
8.930000000000000000e+02,9.588816679727647951e+00,1.415856154257127919e+01
8.940000000000000000e+02,9.581285231950628756e+00,1.414726506627739333e+01
8.950000000000000000e+02,9.573759898849431238e+00,1.413597802993900743e+01
8.960000000000000000e+02,9.566240675158789841e+00,1.412470042502737044e+01
8.970000000000000000e+02,9.558727555614655813e+00,1.411343224301332633e+01
8.980000000000000000e+02,9.551220534961661457e+00,1.410217347538519839e+01
8.990000000000000000e+02,9.543719607945808647e+00,1.409092411363131703e+01
9.000000000000000000e+02,9.536224769321608008e+00,1.407968414925707812e+01
9.010000000000000000e+02,9.528736013845040986e+00,1.406845357376823813e+01
9.020000000000000000e+02,9.521253336280494750e+00,1.405723237868719977e+01
9.030000000000000000e+02,9.513776731393930319e+00,1.404602055553710471e+01
9.040000000000000000e+02,9.506306193959574102e+00,1.403481809585738560e+01
9.050000000000000000e+02,9.498841718753382679e+00,1.402362499118845562e+01
9.060000000000000000e+02,9.491383300559359526e+00,1.401244123308673473e+01
9.070000000000000000e+02,9.483930934163426585e+00,1.400126681310995380e+01
9.080000000000000000e+02,9.476484614359394598e+00,1.399010172283142239e+01
9.090000000000000000e+02,9.469044335943056723e+00,1.397894595382613936e+01
9.100000000000000000e+02,9.461610093718057612e+00,1.396779949768430562e+01
9.110000000000000000e+02,9.454181882490045652e+00,1.395666234599808675e+01
9.120000000000000000e+02,9.446759697072430129e+00,1.394553449037459814e+01
9.130000000000000000e+02,9.439343532280796367e+00,1.393441592242312588e+01
9.140000000000000000e+02,9.431933382938213484e+00,1.392330663376760036e+01
9.150000000000000000e+02,9.424529243870143347e+00,1.391220661603439979e+01
9.160000000000000000e+02,9.417131109909371744e+00,1.390111586086430151e+01
9.170000000000000000e+02,9.409738975891201562e+00,1.389003435990070123e+01
9.180000000000000000e+02,9.402352836658131707e+00,1.387896210480113801e+01
9.190000000000000000e+02,9.394972687055251015e+00,1.386789908722606590e+01
9.200000000000000000e+02,9.387598521934735984e+00,1.385684529884973770e+01
9.210000000000000000e+02,9.380230336151489823e+00,1.384580073134955747e+01
9.220000000000000000e+02,9.372868124567316883e+00,1.383476537641646509e+01
9.230000000000000000e+02,9.365511882046885006e+00,1.382373922574479508e+01
9.240000000000000000e+02,9.358161603461661926e+00,1.381272227104215311e+01
9.250000000000000000e+02,9.350817283686035708e+00,1.380171450401978284e+01
9.260000000000000000e+02,9.343478917601096612e+00,1.379071591640190952e+01
9.270000000000000000e+02,9.336146500090960032e+00,1.377972649991655452e+01
9.280000000000000000e+02,9.328820026046347635e+00,1.376874624630464261e+01
9.290000000000000000e+02,9.321499490361004447e+00,1.375777514731093021e+01
9.300000000000000000e+02,9.314184887935301305e+00,1.374681319469286755e+01
9.310000000000000000e+02,9.306876213672609310e+00,1.373586038021200828e+01
9.320000000000000000e+02,9.299573462482880970e+00,1.372491669564232097e+01
9.330000000000000000e+02,9.292276629279154321e+00,1.371398213276205880e+01
9.340000000000000000e+02,9.284985708980896035e+00,1.370305668336171401e+01
9.350000000000000000e+02,9.277700696510830625e+00,1.369214033923617535e+01
9.360000000000000000e+02,9.270421586797896296e+00,1.368123309219239836e+01
9.370000000000000000e+02,9.263148374774434757e+00,1.367033493404190025e+01
9.380000000000000000e+02,9.255881055378912592e+00,1.365944585660807142e+01
9.390000000000000000e+02,9.248619623553235414e+00,1.364856585171896519e+01
9.400000000000000000e+02,9.241364074245375093e+00,1.363769491121440502e+01
9.410000000000000000e+02,9.234114402406781608e+00,1.362683302693897147e+01
9.420000000000000000e+02,9.226870602994933890e+00,1.361598019074887311e+01
9.430000000000000000e+02,9.219632670970767663e+00,1.360513639450512891e+01
9.440000000000000000e+02,9.212400601301261815e+00,1.359430163008028813e+01
9.450000000000000000e+02,9.205174388956862686e+00,1.358347588935187211e+01
9.460000000000000000e+02,9.197954028913974511e+00,1.357265916420866780e+01
9.470000000000000000e+02,9.190739516152524047e+00,1.356185144654465446e+01
9.480000000000000000e+02,9.183530845658367525e+00,1.355105272826484608e+01
9.490000000000000000e+02,9.176328012420876590e+00,1.354026300127955729e+01
9.500000000000000000e+02,9.169131011435320389e+00,1.352948225751009836e+01
9.510000000000000000e+02,9.161939837700526112e+00,1.351871048888307847e+01
9.520000000000000000e+02,9.154754486221115428e+00,1.350794768733597806e+01
9.530000000000000000e+02,9.147574952005381732e+00,1.349719384481171502e+01
9.540000000000000000e+02,9.140401230067293881e+00,1.348644895326395243e+01
9.550000000000000000e+02,9.133233315424561738e+00,1.347571300465179078e+01
9.560000000000000000e+02,9.126071203100476481e+00,1.346498599094504378e+01
9.570000000000000000e+02,9.118914888122128914e+00,1.345426790411908513e+01
9.580000000000000000e+02,9.111764365522160958e+00,1.344355873615971220e+01
9.590000000000000000e+02,9.104619630337008829e+00,1.343285847905853814e+01
9.600000000000000000e+02,9.097480677608674071e+00,1.342216712481735996e+01
9.610000000000000000e+02,9.090347502382867262e+00,1.341148466544395390e+01
9.620000000000000000e+02,9.083220099710882067e+00,1.340081109295611839e+01
9.630000000000000000e+02,9.076098464647802899e+00,1.339014639937771456e+01
9.640000000000000000e+02,9.068982592254169361e+00,1.337949057674258491e+01
9.650000000000000000e+02,9.061872477594363318e+00,1.336884361709056712e+01
9.660000000000000000e+02,9.054768115738170309e+00,1.335820551247145360e+01
9.670000000000000000e+02,9.047669501759234123e+00,1.334757625494114386e+01
9.680000000000000000e+02,9.040576630736591568e+00,1.333695583656530026e+01
9.690000000000000000e+02,9.033489497753175002e+00,1.332634424941582374e+01
9.700000000000000000e+02,9.026408097897217431e+00,1.331574148557424309e+01
9.710000000000000000e+02,9.019332426260870506e+00,1.330514753712838427e+01
9.720000000000000000e+02,9.012262477941581196e+00,1.329456239617562652e+01
9.730000000000000000e+02,9.005198248040706233e+00,1.328398605481967110e+01
9.740000000000000000e+02,8.998139731664878127e+00,1.327341850517377253e+01
9.750000000000000000e+02,8.991086923924664021e+00,1.326285973935745588e+01
9.760000000000000000e+02,8.984039819935825122e+00,1.325230974949967511e+01
9.770000000000000000e+02,8.976998414818117666e+00,1.324176852773586077e+01
9.780000000000000000e+02,8.969962703696454653e+00,1.323123606621072312e+01
9.790000000000000000e+02,8.962932681699742332e+00,1.322071235707545256e+01
9.800000000000000000e+02,8.955908343962024176e+00,1.321019739249041614e+01
9.810000000000000000e+02,8.948889685621297829e+00,1.319969116462258718e+01
9.820000000000000000e+02,8.941876701820772766e+00,1.318919366564803042e+01
9.830000000000000000e+02,8.934869387707546906e+00,1.317870488774935644e+01
9.840000000000000000e+02,8.927867738433869604e+00,1.316822482311834186e+01
9.850000000000000000e+02,8.920871749155963926e+00,1.315775346395322742e+01
9.860000000000000000e+02,8.913881415035167066e+00,1.314729080246136483e+01
9.870000000000000000e+02,8.906896731236749076e+00,1.313683683085669074e+01
9.880000000000000000e+02,8.899917692931104796e+00,1.312639154136208575e+01
9.890000000000000000e+02,8.892944295292585011e+00,1.311595492620709358e+01
9.900000000000000000e+02,8.885976533500556940e+00,1.310552697763014152e+01
9.910000000000000000e+02,8.879014402738429013e+00,1.309510768787628798e+01
9.920000000000000000e+02,8.872057898194617209e+00,1.308469704919946253e+01
9.930000000000000000e+02,8.865107015061504114e+00,1.307429505386030932e+01
9.940000000000000000e+02,8.858161748536517166e+00,1.306390169412820157e+01
9.950000000000000000e+02,8.851222093821034420e+00,1.305351696227921998e+01
9.960000000000000000e+02,8.844288046121436153e+00,1.304314085059819384e+01
9.970000000000000000e+02,8.837359600648085234e+00,1.303277335137668835e+01
9.980000000000000000e+02,8.830436752616325435e+00,1.302241445691487343e+01
9.990000000000000000e+02,8.823519497245504439e+00,1.301206415951974016e+01
1.000000000000000000e+03,8.816607829759854909e+00,1.300172245150684347e+01
1.001000000000000000e+03,8.809701745387679139e+00,1.299138932519853817e+01
1.002000000000000000e+03,8.802801239362125330e+00,1.298106477292571448e+01
1.003000000000000000e+03,8.795906306920446838e+00,1.297074878702608203e+01
1.004000000000000000e+03,8.789016943304652330e+00,1.296044135984579171e+01
1.005000000000000000e+03,8.782133143760901817e+00,1.295014248373783872e+01
1.006000000000000000e+03,8.775254903540076867e+00,1.293985215106367015e+01
1.007000000000000000e+03,8.768382217897251252e+00,1.292957035419157563e+01
1.008000000000000000e+03,8.761515082092158124e+00,1.291929708549817590e+01
1.009000000000000000e+03,8.754653491388696196e+00,1.290903233736703548e+01
1.010000000000000000e+03,8.747797441055464418e+00,1.289877610218991855e+01
1.011000000000000000e+03,8.740946926365230851e+00,1.288852837236565030e+01
1.012000000000000000e+03,8.734101942595396295e+00,1.287828914030109573e+01
1.013000000000000000e+03,8.727262485027534211e+00,1.286805839841024479e+01
1.014000000000000000e+03,8.720428548947904090e+00,1.285783613911512013e+01
1.015000000000000000e+03,8.713600129646833281e+00,1.284762235484478055e+01
1.016000000000000000e+03,8.706777222419390228e+00,1.283741703803645606e+01
1.017000000000000000e+03,8.699959822564702350e+00,1.282722018113421925e+01
1.018000000000000000e+03,8.693147925386579544e+00,1.281703177659033699e+01
1.019000000000000000e+03,8.686341526192938645e+00,1.280685181686396845e+01
1.020000000000000000e+03,8.679540620296329223e+00,1.279668029442236232e+01
1.021000000000000000e+03,8.672745203013430881e+00,1.278651720173976614e+01
1.022000000000000000e+03,8.665955269665500893e+00,1.277636253129838906e+01
1.023000000000000000e+03,8.659170815577960312e+00,1.276621627558745153e+01
1.024000000000000000e+03,8.652391836080782994e+00,1.275607842710413564e+01
1.025000000000000000e+03,8.645618326508113682e+00,1.274594897835260277e+01
1.026000000000000000e+03,8.638850282198648145e+00,1.273582792184497237e+01
1.027000000000000000e+03,8.632087698495153560e+00,1.272571525010030591e+01
1.028000000000000000e+03,8.625330570745038727e+00,1.271561095564563182e+01
1.029000000000000000e+03,8.618578894299748328e+00,1.270551503101486368e+01
1.030000000000000000e+03,8.611832664515347346e+00,1.269542746874991934e+01
1.031000000000000000e+03,8.605091876751975732e+00,1.268534826139955740e+01
1.032000000000000000e+03,8.598356526374283604e+00,1.267527740152049276e+01
1.033000000000000000e+03,8.591626608751063543e+00,1.266521488167633080e+01
1.034000000000000000e+03,8.584902119255604092e+00,1.265516069443853375e+01
1.035000000000000000e+03,8.578183053265302505e+00,1.264511483238552891e+01
1.036000000000000000e+03,8.571469406162082194e+00,1.263507728810349917e+01
1.037000000000000000e+03,8.564761173331913113e+00,1.262504805418561737e+01
1.038000000000000000e+03,8.558058350165287820e+00,1.261502712323284747e+01
1.039000000000000000e+03,8.551360932056834230e+00,1.260501448785305634e+01
1.040000000000000000e+03,8.544668914405560756e+00,1.259501014066182023e+01
1.041000000000000000e+03,8.537982292614628932e+00,1.258501407428173380e+01
1.042000000000000000e+03,8.531301062091658949e+00,1.257502628134307265e+01
1.043000000000000000e+03,8.524625218248342406e+00,1.256504675448306330e+01
1.044000000000000000e+03,8.517954756500843772e+00,1.255507548634654391e+01
1.045000000000000000e+03,8.511289672269358064e+00,1.254511246958541193e+01
1.046000000000000000e+03,8.504629960978560277e+00,1.253515769685905212e+01
1.047000000000000000e+03,8.497975618057187930e+00,1.252521116083397956e+01
1.048000000000000000e+03,8.491326638938394566e+00,1.251527285418413804e+01
1.049000000000000000e+03,8.484683019059453102e+00,1.250534276959055902e+01
1.050000000000000000e+03,8.478044753861935234e+00,1.249542089974171155e+01
1.051000000000000000e+03,8.471411838791592430e+00,1.248550723733315593e+01
1.052000000000000000e+03,8.464784269298508690e+00,1.247560177506786339e+01
1.053000000000000000e+03,8.458162040836880280e+00,1.246570450565584487e+01
1.054000000000000000e+03,8.451545148865223567e+00,1.245581542181454537e+01
1.055000000000000000e+03,8.444933588846151196e+00,1.244593451626843894e+01
1.056000000000000000e+03,8.438327356246627886e+00,1.243606178174937327e+01
1.057000000000000000e+03,8.431726446537695097e+00,1.242619721099624286e+01
1.058000000000000000e+03,8.425130855194726820e+00,1.241634079675527502e+01
1.059000000000000000e+03,8.418540577697175564e+00,1.240649253177975098e+01
1.060000000000000000e+03,8.411955609528781963e+00,1.239665240883029540e+01
1.061000000000000000e+03,8.405375946177404245e+00,1.238682042067451228e+01
1.062000000000000000e+03,8.398801583135162119e+00,1.237699656008731353e+01
1.063000000000000000e+03,8.392232515898269796e+00,1.236718081985069517e+01
1.064000000000000000e+03,8.385668739967210072e+00,1.235737319275386348e+01
1.065000000000000000e+03,8.379110250846531827e+00,1.234757367159300578e+01
1.066000000000000000e+03,8.372557044045080943e+00,1.233778224917163513e+01
1.067000000000000000e+03,8.366009115075751623e+00,1.232799891830024386e+01
1.068000000000000000e+03,8.359466459455680010e+00,1.231822367179652744e+01
1.069000000000000000e+03,8.352929072706080760e+00,1.230845650248520684e+01
1.070000000000000000e+03,8.346396950352414024e+00,1.229869740319814930e+01
1.071000000000000000e+03,8.339870087924184716e+00,1.228894636677432928e+01
1.072000000000000000e+03,8.333348480955129034e+00,1.227920338605975736e+01
1.073000000000000000e+03,8.326832124983038597e+00,1.226946845390751228e+01
1.074000000000000000e+03,8.320321015549936305e+00,1.225974156317778707e+01
1.075000000000000000e+03,8.313815148201847194e+00,1.225002270673777183e+01
1.076000000000000000e+03,8.307314518489075539e+00,1.224031187746176386e+01
1.077000000000000000e+03,8.300819121965897551e+00,1.223060906823103444e+01
1.078000000000000000e+03,8.294328954190840264e+00,1.222091427193398339e+01
1.079000000000000000e+03,8.287844010726386657e+00,1.221122748146592052e+01
1.080000000000000000e+03,8.281364287139304281e+00,1.220154868972927709e+01
1.081000000000000000e+03,8.274889779000288215e+00,1.219187788963339791e+01
1.082000000000000000e+03,8.268420481884307449e+00,1.218221507409474036e+01
1.083000000000000000e+03,8.261956391370283370e+00,1.217256023603659543e+01
1.084000000000000000e+03,8.255497503041315355e+00,1.216291336838941817e+01
1.085000000000000000e+03,8.249043812484513793e+00,1.215327446409050616e+01
1.086000000000000000e+03,8.242595315291174174e+00,1.214364351608423931e+01
1.087000000000000000e+03,8.236152007056549706e+00,1.213402051732181874e+01
1.088000000000000000e+03,8.229713883380078698e+00,1.212440546076155456e+01
1.089000000000000000e+03,8.223280939865166062e+00,1.211479833936854611e+01
1.090000000000000000e+03,8.216853172119387594e+00,1.210519914611501235e+01
1.091000000000000000e+03,8.210430575754260829e+00,1.209560787397988690e+01
1.092000000000000000e+03,8.204013146385486621e+00,1.208602451594926741e+01
1.093000000000000000e+03,8.197600879632712889e+00,1.207644906501588977e+01
1.094000000000000000e+03,8.191193771119703371e+00,1.206688151417966814e+01
1.095000000000000000e+03,8.184791816474225712e+00,1.205732185644723131e+01
1.096000000000000000e+03,8.178395011328127850e+00,1.204777008483220158e+01
1.097000000000000000e+03,8.172003351317208342e+00,1.203822619235501357e+01
1.098000000000000000e+03,8.165616832081431298e+00,1.202869017204303503e+01
1.099000000000000000e+03,8.159235449264652829e+00,1.201916201693042474e+01
1.100000000000000000e+03,8.152859198514841310e+00,1.200964172005831543e+01
1.101000000000000000e+03,8.146488075483921065e+00,1.200012927447458466e+01
1.102000000000000000e+03,8.140122075827928683e+00,1.199062467323403780e+01
1.103000000000000000e+03,8.133761195206762551e+00,1.198112790939822325e+01
1.104000000000000000e+03,8.127405429284475957e+00,1.197163897603563498e+01
1.105000000000000000e+03,8.121054773729031950e+00,1.196215786622148514e+01
1.106000000000000000e+03,8.114709224212404592e+00,1.195268457303788168e+01
1.107000000000000000e+03,8.108368776410605605e+00,1.194321908957366318e+01
1.108000000000000000e+03,8.102033426003583116e+00,1.193376140892454096e+01
1.109000000000000000e+03,8.095703168675296268e+00,1.192431152419291251e+01
1.110000000000000000e+03,8.089378000113670808e+00,1.191486942848814223e+01
1.111000000000000000e+03,8.083057916010641719e+00,1.190543511492613860e+01
1.112000000000000000e+03,8.076742912062087498e+00,1.189600857662980360e+01
1.113000000000000000e+03,8.070432983967860352e+00,1.188658980672858512e+01
1.114000000000000000e+03,8.064128127431779092e+00,1.187717879835886592e+01
1.115000000000000000e+03,8.057828338161622028e+00,1.186777554466367413e+01
1.116000000000000000e+03,8.051533611869118090e+00,1.185838003879280933e+01
1.117000000000000000e+03,8.045243944269964587e+00,1.184899227390276799e+01
1.118000000000000000e+03,8.038959331083807669e+00,1.183961224315683936e+01
1.119000000000000000e+03,8.032679768034199697e+00,1.183023993972494203e+01
1.120000000000000000e+03,8.026405250848696937e+00,1.182087535678376078e+01
1.121000000000000000e+03,8.020135775258710353e+00,1.181151848751666300e+01
1.122000000000000000e+03,8.013871336999667250e+00,1.180216932511369698e+01
1.123000000000000000e+03,8.007611931810840744e+00,1.179282786277163986e+01
1.124000000000000000e+03,8.001357555435520297e+00,1.178349409369388212e+01
1.125000000000000000e+03,7.995108203620808318e+00,1.177416801109051470e+01
1.126000000000000000e+03,7.988863872117833331e+00,1.176484960817833247e+01
1.127000000000000000e+03,7.982624556681535033e+00,1.175553887818069754e+01
1.128000000000000000e+03,7.976390253070839265e+00,1.174623581432772212e+01
1.129000000000000000e+03,7.970160957048490147e+00,1.173694040985603770e+01
1.130000000000000000e+03,7.963936664381243702e+00,1.172765265800905254e+01
1.131000000000000000e+03,7.957717370839641369e+00,1.171837255203665862e+01
1.132000000000000000e+03,7.951503072198194744e+00,1.170910008519548917e+01
1.133000000000000000e+03,7.945293764235246137e+00,1.169983525074867181e+01
1.134000000000000000e+03,7.939089442733062718e+00,1.169057804196604522e+01
1.135000000000000000e+03,7.932890103477763688e+00,1.168132845212397264e+01
1.136000000000000000e+03,7.926695742259355804e+00,1.167208647450541825e+01
1.137000000000000000e+03,7.920506354871707622e+00,1.166285210239998449e+01
1.138000000000000000e+03,7.914321937112570815e+00,1.165362532910374860e+01
1.139000000000000000e+03,7.908142484783559745e+00,1.164440614791943496e+01
1.140000000000000000e+03,7.901967993690104386e+00,1.163519455215629428e+01
1.141000000000000000e+03,7.895798459641546252e+00,1.162599053513011960e+01
1.142000000000000000e+03,7.889633878451043358e+00,1.161679409016324627e+01
1.143000000000000000e+03,7.883474245935620850e+00,1.160760521058459815e+01
1.144000000000000000e+03,7.877319557916121262e+00,1.159842388972958105e+01
1.145000000000000000e+03,7.871169810217272023e+00,1.158925012094011464e+01
1.146000000000000000e+03,7.865024998667569989e+00,1.158008389756466805e+01
1.147000000000000000e+03,7.858885119099414673e+00,1.157092521295822074e+01
1.148000000000000000e+03,7.852750167348947485e+00,1.156177406048221457e+01
1.149000000000000000e+03,7.846620139256247128e+00,1.155263043350460883e+01
1.150000000000000000e+03,7.840495030665101339e+00,1.154349432539985543e+01
1.151000000000000000e+03,7.834374837423166760e+00,1.153436572954886685e+01
1.152000000000000000e+03,7.828259555381894330e+00,1.152524463933903398e+01
1.153000000000000000e+03,7.822149180396563040e+00,1.151613104816420652e+01
1.154000000000000000e+03,7.816043708326231076e+00,1.150702494942470722e+01
1.155000000000000000e+03,7.809943135033796224e+00,1.149792633652732654e+01
1.156000000000000000e+03,7.803847456385889281e+00,1.148883520288521787e+01
1.157000000000000000e+03,7.797756668252990409e+00,1.147975154191808578e+01
1.158000000000000000e+03,7.791670766509298574e+00,1.147067534705193204e+01
1.159000000000000000e+03,7.785589747032898522e+00,1.146160661171930251e+01
1.160000000000000000e+03,7.779513605705567159e+00,1.145254532935909175e+01
1.161000000000000000e+03,7.773442338412887231e+00,1.144349149341657146e+01
1.162000000000000000e+03,7.767375941044226018e+00,1.143444509734350056e+01
1.163000000000000000e+03,7.761314409492700683e+00,1.142540613459800625e+01
1.164000000000000000e+03,7.755257739655201377e+00,1.141637459864452353e+01
1.165000000000000000e+03,7.749205927432364582e+00,1.140735048295394094e+01
1.166000000000000000e+03,7.743158968728605096e+00,1.139833378100349570e+01
1.167000000000000000e+03,7.737116859452065398e+00,1.138932448627680216e+01
1.168000000000000000e+03,7.731079595514660063e+00,1.138032259226379850e+01
1.169000000000000000e+03,7.725047172832050890e+00,1.137132809246083553e+01
1.170000000000000000e+03,7.719019587323620257e+00,1.136234098037053819e+01
1.171000000000000000e+03,7.712996834912482669e+00,1.135336124950190850e+01
1.172000000000000000e+03,7.706978911525511400e+00,1.134438889337025458e+01
1.173000000000000000e+03,7.700965813093309187e+00,1.133542390549723144e+01
1.174000000000000000e+03,7.694957535550169148e+00,1.132646627941079842e+01
1.175000000000000000e+03,7.688954074834136954e+00,1.131751600864522267e+01
1.176000000000000000e+03,7.682955426886982409e+00,1.130857308674103479e+01
1.177000000000000000e+03,7.676961587654155927e+00,1.129963750724512117e+01
1.178000000000000000e+03,7.670972553084849821e+00,1.129070926371060857e+01
1.179000000000000000e+03,7.664988319131940564e+00,1.128178834969691557e+01
1.180000000000000000e+03,7.659008881752034092e+00,1.127287475876976330e+01
1.181000000000000000e+03,7.653034236905406296e+00,1.126396848450109012e+01
1.182000000000000000e+03,7.647064380556030549e+00,1.125506952046914044e+01
1.183000000000000000e+03,7.641099308671596368e+00,1.124617786025837241e+01
1.184000000000000000e+03,7.635139017223449009e+00,1.123729349745951822e+01
1.185000000000000000e+03,7.629183502186656973e+00,1.122841642566949893e+01
1.186000000000000000e+03,7.623232759539926739e+00,1.121954663849152389e+01
1.187000000000000000e+03,7.617286785265662274e+00,1.121068412953500726e+01
1.188000000000000000e+03,7.611345575349938386e+00,1.120182889241558577e+01
1.189000000000000000e+03,7.605409125782513158e+00,1.119298092075506723e+01
1.190000000000000000e+03,7.599477432556753342e+00,1.118414020818151577e+01
1.191000000000000000e+03,7.593550491669772029e+00,1.117530674832915238e+01
1.192000000000000000e+03,7.587628299122248343e+00,1.116648053483843839e+01
1.193000000000000000e+03,7.581710850918574884e+00,1.115766156135593157e+01
1.194000000000000000e+03,7.575798143066795554e+00,1.114884982153446380e+01
1.195000000000000000e+03,7.569890171578570026e+00,1.114004530903296875e+01
1.196000000000000000e+03,7.563986932469220825e+00,1.113124801751656001e+01
1.197000000000000000e+03,7.558088421757674702e+00,1.112245794065653648e+01
1.198000000000000000e+03,7.552194635466558559e+00,1.111367507213027572e+01
1.199000000000000000e+03,7.546305569622059117e+00,1.110489940562136368e+01
1.200000000000000000e+03,7.540421220254039270e+00,1.109613093481951829e+01
1.201000000000000000e+03,7.534541583395963471e+00,1.108736965342052017e+01
1.202000000000000000e+03,7.528666655084925274e+00,1.107861555512635832e+01
1.203000000000000000e+03,7.522796431361617131e+00,1.106986863364507379e+01
1.204000000000000000e+03,7.516930908270384570e+00,1.106112888269082184e+01
1.205000000000000000e+03,7.511070081859100966e+00,1.105239629598390572e+01
1.206000000000000000e+03,7.505213948179354944e+00,1.104367086725065050e+01
1.207000000000000000e+03,7.499362503286237214e+00,1.103495259022354524e+01
1.208000000000000000e+03,7.493515743238502225e+00,1.102624145864108662e+01
1.209000000000000000e+03,7.487673664098460691e+00,1.101753746624791752e+01
1.210000000000000000e+03,7.481836261932026666e+00,1.100884060679468490e+01
1.211000000000000000e+03,7.476003532808718433e+00,1.100015087403811975e+01
1.212000000000000000e+03,7.470175472801565242e+00,1.099146826174101754e+01
1.213000000000000000e+03,7.464352077987306266e+00,1.098279276367224710e+01
1.214000000000000000e+03,7.458533344446114377e+00,1.097412437360664406e+01
1.215000000000000000e+03,7.452719268261836838e+00,1.096546308532512626e+01
1.216000000000000000e+03,7.446909845521829219e+00,1.095680889261462099e+01
1.217000000000000000e+03,7.441105072317043323e+00,1.094816178926810224e+01
1.218000000000000000e+03,7.435304944741975675e+00,1.093952176908454987e+01
1.219000000000000000e+03,7.429509458894687945e+00,1.093088882586890875e+01
1.220000000000000000e+03,7.423718610876790081e+00,1.092226295343216691e+01
1.221000000000000000e+03,7.417932396793440297e+00,1.091364414559131291e+01
1.222000000000000000e+03,7.412150812753361961e+00,1.090503239616928965e+01
1.223000000000000000e+03,7.406373854868795625e+00,1.089642769899505481e+01
1.224000000000000000e+03,7.400601519255534555e+00,1.088783004790350262e+01
1.225000000000000000e+03,7.394833802032908743e+00,1.087923943673553495e+01
1.226000000000000000e+03,7.389070699323760927e+00,1.087065585933795653e+01
1.227000000000000000e+03,7.383312207254489223e+00,1.086207930956361167e+01
1.228000000000000000e+03,7.377558321954996501e+00,1.085350978127122801e+01
1.229000000000000000e+03,7.371809039558736565e+00,1.084494726832547506e+01
1.230000000000000000e+03,7.366064356202630670e+00,1.083639176459700693e+01
1.231000000000000000e+03,7.360324268027154559e+00,1.082784326396233254e+01
1.232000000000000000e+03,7.354588771176274520e+00,1.081930176030394897e+01
1.233000000000000000e+03,7.348857861797473134e+00,1.081076724751020812e+01
1.234000000000000000e+03,7.343131536041734186e+00,1.080223971947546246e+01
1.235000000000000000e+03,7.337409790063530224e+00,1.079371917009985360e+01
1.236000000000000000e+03,7.331692620020843876e+00,1.078520559328948103e+01
1.237000000000000000e+03,7.325980022075148312e+00,1.077669898295633288e+01
1.238000000000000000e+03,7.320271992391390370e+00,1.076819933301825927e+01
1.239000000000000000e+03,7.314568527138023413e+00,1.075970663739904154e+01
1.240000000000000000e+03,7.308869622486979800e+00,1.075122089002822889e+01
1.241000000000000000e+03,7.303175274613645129e+00,1.074274208484132664e+01
1.242000000000000000e+03,7.297485479696908861e+00,1.073427021577963991e+01
1.243000000000000000e+03,7.291800233919101260e+00,1.072580527679037843e+01
1.244000000000000000e+03,7.286119533466057341e+00,1.071734726182652686e+01
1.245000000000000000e+03,7.280443374527052924e+00,1.070889616484695850e+01
1.246000000000000000e+03,7.274771753294815291e+00,1.070045197981636065e+01
1.247000000000000000e+03,7.269104665965540946e+00,1.069201470070526483e+01
1.248000000000000000e+03,7.263442108738905389e+00,1.068358432148996684e+01
1.249000000000000000e+03,7.257784077817969859e+00,1.067516083615263689e+01
1.250000000000000000e+03,7.252130569409319882e+00,1.066674423868120591e+01
1.251000000000000000e+03,7.246481579722908073e+00,1.065833452306942952e+01
1.252000000000000000e+03,7.240837104972189131e+00,1.064993168331684714e+01
1.253000000000000000e+03,7.235197141374007934e+00,1.064153571342878557e+01
1.254000000000000000e+03,7.229561685148666150e+00,1.063314660741634832e+01
1.255000000000000000e+03,7.223930732519884934e+00,1.062476435929640495e+01
1.256000000000000000e+03,7.218304279714820915e+00,1.061638896309162483e+01
1.257000000000000000e+03,7.212682322964038661e+00,1.060802041283039010e+01
1.258000000000000000e+03,7.207064858501528448e+00,1.059965870254686315e+01
1.259000000000000000e+03,7.201451882564691154e+00,1.059130382628095646e+01
1.260000000000000000e+03,7.195843391394345367e+00,1.058295577807832011e+01
1.261000000000000000e+03,7.190239381234711402e+00,1.057461455199034361e+01
1.262000000000000000e+03,7.184639848333437051e+00,1.056628014207416122e+01
1.263000000000000000e+03,7.179044788941512323e+00,1.055795254239256487e+01
1.264000000000000000e+03,7.173454199313396451e+00,1.054963174701414275e+01
1.265000000000000000e+03,7.167868075706885556e+00,1.054131775001313009e+01
1.266000000000000000e+03,7.162286414383209454e+00,1.053301054546954418e+01
1.267000000000000000e+03,7.156709211606953502e+00,1.052471012746900847e+01
1.268000000000000000e+03,7.151136463646103003e+00,1.051641649010288759e+01
1.269000000000000000e+03,7.145568166772005902e+00,1.050812962746823054e+01
1.270000000000000000e+03,7.140004317259418976e+00,1.049984953366776708e+01
1.271000000000000000e+03,7.134444911386440324e+00,1.049157620280988468e+01
1.272000000000000000e+03,7.128889945434547570e+00,1.048330962900863739e+01
1.273000000000000000e+03,7.123339415688601406e+00,1.047504980638376892e+01
1.274000000000000000e+03,7.117793318436805627e+00,1.046679672906062031e+01
1.275000000000000000e+03,7.112251649970734668e+00,1.045855039117027374e+01
1.276000000000000000e+03,7.106714406585310506e+00,1.045031078684932346e+01
1.277000000000000000e+03,7.101181584578819539e+00,1.044207791024012622e+01
1.278000000000000000e+03,7.095653180252878833e+00,1.043385175549055965e+01
1.279000000000000000e+03,7.090129189912469876e+00,1.042563231675423907e+01
1.280000000000000000e+03,7.084609609865900381e+00,1.041741958819029357e+01
1.281000000000000000e+03,7.079094436424845149e+00,1.040921356396354547e+01
1.282000000000000000e+03,7.073583665904278561e+00,1.040101423824433269e+01
1.283000000000000000e+03,7.068077294622536755e+00,1.039282160520865439e+01
1.284000000000000000e+03,7.062575318901274102e+00,1.038463565903811769e+01
1.285000000000000000e+03,7.057077735065461432e+00,1.037645639391985775e+01
1.286000000000000000e+03,7.051584539443400246e+00,1.036828380404663719e+01
1.287000000000000000e+03,7.046095728366716493e+00,1.036011788361676622e+01
1.288000000000000000e+03,7.040611298170347254e+00,1.035195862683413282e+01
1.289000000000000000e+03,7.035131245192543403e+00,1.034380602790818848e+01
1.290000000000000000e+03,7.029655565774838522e+00,1.033566008105395007e+01
1.291000000000000000e+03,7.024184256262132386e+00,1.032752078049195177e+01
1.292000000000000000e+03,7.018717313002561298e+00,1.031938812044830911e+01
1.293000000000000000e+03,7.013254732347605547e+00,1.031126209515464431e+01
1.294000000000000000e+03,7.007796510652021915e+00,1.030314269884815204e+01
1.295000000000000000e+03,7.002342644273867656e+00,1.029502992577149278e+01
1.296000000000000000e+03,6.996893129574461412e+00,1.028692377017291903e+01
1.297000000000000000e+03,6.991447962918455161e+00,1.027882422630612602e+01
1.298000000000000000e+03,6.986007140673742732e+00,1.027073128843037964e+01
1.299000000000000000e+03,6.980570659211513984e+00,1.026264495081037964e+01
1.300000000000000000e+03,6.975138514906236153e+00,1.025456520771639113e+01
1.301000000000000000e+03,6.969710704135647639e+00,1.024649205342413261e+01
1.302000000000000000e+03,6.964287223280725136e+00,1.023842548221479731e+01
1.303000000000000000e+03,6.958868068725773348e+00,1.023036548837508164e+01
1.304000000000000000e+03,6.953453236858300635e+00,1.022231206619711763e+01
1.305000000000000000e+03,6.948042724069113163e+00,1.021426520997854581e+01
1.306000000000000000e+03,6.942636526752250070e+00,1.020622491402245302e+01
1.307000000000000000e+03,6.937234641305005667e+00,1.019819117263736707e+01
1.308000000000000000e+03,6.931837064127941872e+00,1.019016398013726210e+01
1.309000000000000000e+03,6.926443791624839363e+00,1.018214333084158696e+01
1.310000000000000000e+03,6.921054820202732216e+00,1.017412921907515688e+01
1.311000000000000000e+03,6.915670146271907015e+00,1.016612163916832401e+01
1.312000000000000000e+03,6.910289766245863774e+00,1.015812058545675889e+01
1.313000000000000000e+03,6.904913676541364786e+00,1.015012605228160325e+01
1.314000000000000000e+03,6.899541873578363571e+00,1.014213803398938829e+01
1.315000000000000000e+03,6.894174353780075926e+00,1.013415652493210573e+01
1.316000000000000000e+03,6.888811113572927525e+00,1.012618151946707101e+01
1.317000000000000000e+03,6.883452149386538821e+00,1.011821301195704237e+01
1.318000000000000000e+03,6.878097457653802316e+00,1.011025099677016392e+01
1.319000000000000000e+03,6.872747034810751998e+00,1.010229546827996927e+01
1.320000000000000000e+03,6.867400877296706341e+00,1.009434642086531753e+01
1.321000000000000000e+03,6.862058981554138626e+00,1.008640384891049813e+01
1.322000000000000000e+03,6.856721344028749776e+00,1.007846774680514201e+01
1.323000000000000000e+03,6.851387961169418617e+00,1.007053810894424650e+01
1.324000000000000000e+03,6.846058829428237402e+00,1.006261492972812022e+01
1.325000000000000000e+03,6.840733945260497606e+00,1.005469820356251454e+01
1.326000000000000000e+03,6.835413305124677485e+00,1.004678792485842465e+01
1.327000000000000000e+03,6.830096905482446523e+00,1.003888408803224053e+01
1.328000000000000000e+03,6.824784742798621906e+00,1.003098668750566169e+01
1.329000000000000000e+03,6.819476813541256455e+00,1.002309571770570251e+01
1.330000000000000000e+03,6.814173114181553359e+00,1.001521117306473307e+01
1.331000000000000000e+03,6.808873641193887494e+00,1.000733304802039925e+01
1.332000000000000000e+03,6.803578391055815189e+00,9.999461337015661755e+00
1.333000000000000000e+03,6.798287360248038702e+00,9.991596034498819279e+00
1.334000000000000000e+03,6.793000545254465727e+00,9.983737134923403644e+00
1.335000000000000000e+03,6.787717942562130347e+00,9.975884632748273972e+00
1.336000000000000000e+03,6.782439548661242767e+00,9.968038522437581150e+00
1.337000000000000000e+03,6.777165360045152021e+00,9.960198798460723424e+00
1.338000000000000000e+03,6.771895373210377933e+00,9.952365455292419227e+00
1.339000000000000000e+03,6.766629584656597807e+00,9.944538487412609484e+00
1.340000000000000000e+03,6.761367990886604673e+00,9.936717889306526885e+00
1.341000000000000000e+03,6.756110588406348150e+00,9.928903655464631939e+00
1.342000000000000000e+03,6.750857373724918453e+00,9.921095780382657381e+00
1.343000000000000000e+03,6.745608343354545511e+00,9.913294258561547778e+00
1.344000000000000000e+03,6.740363493810586526e+00,9.905499084507555452e+00
1.345000000000000000e+03,6.735122821611543742e+00,9.897710252732091263e+00
1.346000000000000000e+03,6.729886323279023586e+00,9.889927757751838300e+00
1.347000000000000000e+03,6.724653995337763313e+00,9.882151594088684377e+00
1.348000000000000000e+03,6.719425834315630119e+00,9.874381756269723809e+00
1.349000000000000000e+03,6.714201836743613150e+00,9.866618238827303600e+00
1.350000000000000000e+03,6.708981999155795073e+00,9.858861036298900871e+00
1.351000000000000000e+03,6.703766318089386722e+00,9.851110143227270299e+00
1.352000000000000000e+03,6.698554790084698674e+00,9.843365554160309117e+00
1.353000000000000000e+03,6.693347411685158121e+00,9.835627263651137042e+00
1.354000000000000000e+03,6.688144179437263581e+00,9.827895266258014573e+00
1.355000000000000000e+03,6.682945089890661272e+00,9.820169556544422917e+00
1.356000000000000000e+03,6.677750139598050083e+00,9.812450129078984062e+00
1.357000000000000000e+03,6.672559325115252626e+00,9.804736978435526495e+00
1.358000000000000000e+03,6.667372643001153065e+00,9.797030099192955532e+00
1.359000000000000000e+03,6.662190089817732641e+00,9.789329485935432729e+00
1.360000000000000000e+03,6.657011662130069674e+00,9.781635133252168046e+00
1.361000000000000000e+03,6.651837356506316468e+00,9.773947035737606370e+00
1.362000000000000000e+03,6.646667169517672669e+00,9.766265187991256980e+00
1.363000000000000000e+03,6.641501097738482073e+00,9.758589584617833879e+00
1.364000000000000000e+03,6.636339137746081640e+00,9.750920220227110136e+00
1.365000000000000000e+03,6.631181286120916951e+00,9.743257089433997820e+00
1.366000000000000000e+03,6.626027539446491588e+00,9.735600186858551552e+00
1.367000000000000000e+03,6.620877894309364464e+00,9.727949507125918771e+00
1.368000000000000000e+03,6.615732347299166705e+00,9.720305044866318411e+00
1.369000000000000000e+03,6.610590895008580326e+00,9.712666794715147489e+00
1.370000000000000000e+03,6.605453534033325802e+00,9.705034751312808794e+00
1.371000000000000000e+03,6.600320260972197595e+00,9.697408909304860103e+00
1.372000000000000000e+03,6.595191072427002865e+00,9.689789263341898717e+00
1.373000000000000000e+03,6.590065965002644965e+00,9.682175808079621859e+00
1.374000000000000000e+03,6.584944935307025737e+00,9.674568538178792920e+00
1.375000000000000000e+03,6.579827979951073935e+00,9.666967448305250343e+00
1.376000000000000000e+03,6.574715095548786969e+00,9.659372533129843674e+00
1.377000000000000000e+03,6.569606278717194492e+00,9.651783787328554354e+00
1.378000000000000000e+03,6.564501526076322868e+00,9.644201205582346503e+00
1.379000000000000000e+03,6.559400834249258239e+00,9.636624782577291271e+00
1.380000000000000000e+03,6.554304199862060365e+00,9.629054513004437155e+00
1.381000000000000000e+03,6.549211619543859442e+00,9.621490391559905930e+00
1.382000000000000000e+03,6.544123089926770831e+00,9.613932412944816264e+00
1.383000000000000000e+03,6.539038607645962564e+00,9.606380571865354767e+00
1.384000000000000000e+03,6.533958169339529221e+00,9.598834863032671194e+00
1.385000000000000000e+03,6.528881771648686438e+00,9.591295281162977915e+00
1.386000000000000000e+03,6.523809411217571075e+00,9.583761820977441559e+00
1.387000000000000000e+03,6.518741084693341570e+00,9.576234477202278939e+00
1.388000000000000000e+03,6.513676788726146860e+00,9.568713244568664678e+00
1.389000000000000000e+03,6.508616519969177894e+00,9.561198117812784503e+00
1.390000000000000000e+03,6.503560275078539732e+00,9.553689091675808598e+00
1.391000000000000000e+03,6.498508050713403428e+00,9.546186160903896933e+00
1.392000000000000000e+03,6.493459843535863030e+00,9.538689320248145975e+00
1.393000000000000000e+03,6.488415650211062591e+00,9.531198564464641976e+00
1.394000000000000000e+03,6.483375467407047843e+00,9.523713888314436105e+00
1.395000000000000000e+03,6.478339291794909194e+00,9.516235286563548001e+00
1.396000000000000000e+03,6.473307120048660934e+00,9.508762753982919591e+00
1.397000000000000000e+03,6.468278948845321175e+00,9.501296285348491466e+00
1.398000000000000000e+03,6.463254774864872765e+00,9.493835875441082095e+00
1.399000000000000000e+03,6.458234594790265959e+00,9.486381519046512167e+00
1.400000000000000000e+03,6.453218405307395322e+00,9.478933210955457156e+00
1.401000000000000000e+03,6.448206203105131706e+00,9.471490945963594754e+00
1.402000000000000000e+03,6.443197984875292939e+00,9.464054718871476979e+00
1.403000000000000000e+03,6.438193747312654480e+00,9.456624524484594119e+00
1.404000000000000000e+03,6.433193487114938769e+00,9.449200357613330326e+00
1.405000000000000000e+03,6.428197200982824100e+00,9.441782213072981378e+00
1.406000000000000000e+03,6.423204885619914428e+00,9.434370085683744023e+00
1.407000000000000000e+03,6.418216537732793547e+00,9.426963970270707094e+00
1.408000000000000000e+03,6.413232154030929166e+00,9.419563861663856841e+00
1.409000000000000000e+03,6.408251731226803471e+00,9.412169754698041402e+00
1.410000000000000000e+03,6.403275266035744373e+00,9.404781644213036529e+00
1.411000000000000000e+03,6.398302755176064949e+00,9.397399525053419467e+00
1.412000000000000000e+03,6.393334195368977291e+00,9.390023392068693298e+00
1.413000000000000000e+03,6.388369583338644908e+00,9.382653240113207005e+00
1.414000000000000000e+03,6.383408915812130324e+00,9.375289064046162579e+00
1.415000000000000000e+03,6.378452189519444815e+00,9.367930858731606136e+00
1.416000000000000000e+03,6.373499401193451597e+00,9.360578619038451009e+00
1.417000000000000000e+03,6.368550547570013265e+00,9.353232339840454657e+00
1.418000000000000000e+03,6.363605625387815934e+00,9.345892016016179582e+00
1.419000000000000000e+03,6.358664631388528221e+00,9.338557642449059060e+00
1.420000000000000000e+03,6.353727562316677790e+00,9.331229214027340291e+00
1.421000000000000000e+03,6.348794414919697537e+00,9.323906725644075522e+00
1.422000000000000000e+03,6.343865185947939800e+00,9.316590172197129149e+00
1.423000000000000000e+03,6.338939872154607968e+00,9.309279548589231013e+00
1.424000000000000000e+03,6.334018470295863068e+00,9.301974849727862704e+00
1.425000000000000000e+03,6.329100977130698524e+00,9.294676070525305533e+00
1.426000000000000000e+03,6.324187389421028982e+00,9.287383205898668947e+00
1.427000000000000000e+03,6.319277703931635237e+00,9.280096250769828359e+00
1.428000000000000000e+03,6.314371917430188219e+00,9.272815200065492647e+00
1.429000000000000000e+03,6.309470026687225896e+00,9.265540048717072708e+00
1.430000000000000000e+03,6.304572028476176371e+00,9.258270791660807575e+00
1.431000000000000000e+03,6.299677919573310803e+00,9.251007423837696919e+00
1.432000000000000000e+03,6.294787696757834894e+00,9.243749940193488612e+00
1.433000000000000000e+03,6.289901356811735234e+00,9.236498335678705374e+00
1.434000000000000000e+03,6.285018896519933840e+00,9.229252605248642993e+00
1.435000000000000000e+03,6.280140312670170033e+00,9.222012743863317041e+00
1.436000000000000000e+03,6.275265602053068825e+00,9.214778746487478855e+00
1.437000000000000000e+03,6.270394761462068089e+00,9.207550608090667055e+00
1.438000000000000000e+03,6.265527787693518036e+00,9.200328323647136486e+00
1.439000000000000000e+03,6.260664677546594170e+00,9.193111888135824472e+00
1.440000000000000000e+03,6.255805427823279530e+00,9.185901296540459171e+00
1.441000000000000000e+03,6.250950035328474819e+00,9.178696543849437006e+00
1.442000000000000000e+03,6.246098496869851857e+00,9.171497625055915037e+00
1.443000000000000000e+03,6.241250809257980592e+00,9.164304535157725695e+00
1.444000000000000000e+03,6.236406969306199422e+00,9.157117269157401651e+00
1.445000000000000000e+03,6.231566973830749312e+00,9.149935822062204238e+00
1.446000000000000000e+03,6.226730819650664550e+00,9.142760188884068384e+00
1.447000000000000000e+03,6.221898503587796725e+00,9.135590364639634586e+00
1.448000000000000000e+03,6.217070022466848478e+00,9.128426344350200949e+00
1.449000000000000000e+03,6.212245373115345970e+00,9.121268123041787135e+00
1.450000000000000000e+03,6.207424552363595360e+00,9.114115695745040213e+00
1.451000000000000000e+03,6.202607557044764519e+00,9.106969057495303943e+00
1.452000000000000000e+03,6.197794383994787992e+00,9.099828203332590348e+00
1.453000000000000000e+03,6.192985030052466477e+00,9.092693128301533534e+00
1.454000000000000000e+03,6.188179492059355802e+00,9.085563827451457186e+00
1.455000000000000000e+03,6.183377766859879721e+00,9.078440295836331941e+00
1.456000000000000000e+03,6.178579851301158499e+00,9.071322528514775385e+00
1.457000000000000000e+03,6.173785742233254936e+00,9.064210520550030736e+00
1.458000000000000000e+03,6.168995436508875940e+00,9.057104267009975729e+00
1.459000000000000000e+03,6.164208930983662960e+00,9.050003762967149257e+00
1.460000000000000000e+03,6.159426222515922866e+00,9.042909003498655451e+00
1.461000000000000000e+03,6.154647307966859771e+00,9.035819983686284473e+00
1.462000000000000000e+03,6.149872184200389391e+00,9.028736698616382839e+00
1.463000000000000000e+03,6.145100848083249190e+00,9.021659143379940460e+00
1.464000000000000000e+03,6.140333296484929981e+00,9.014587313072540908e+00
1.465000000000000000e+03,6.135569526277734553e+00,9.007521202794404047e+00
1.466000000000000000e+03,6.130809534336698619e+00,9.000460807650279449e+00
1.467000000000000000e+03,6.126053317539653875e+00,8.993406122749560083e+00
1.468000000000000000e+03,6.121300872767195145e+00,8.986357143206200604e+00
1.469000000000000000e+03,6.116552196902688365e+00,8.979313864138740442e+00
1.470000000000000000e+03,6.111807286832266151e+00,8.972276280670286042e+00
1.471000000000000000e+03,6.107066139444802921e+00,8.965244387928548164e+00
1.472000000000000000e+03,6.102328751631950432e+00,8.958218181045772610e+00
1.473000000000000000e+03,6.097595120288134218e+00,8.951197655158763311e+00
1.474000000000000000e+03,6.092865242310462115e+00,8.944182805408923187e+00
1.475000000000000000e+03,6.088139114598868140e+00,8.937173626942136906e+00
1.476000000000000000e+03,6.083416734056008579e+00,8.930170114908902335e+00
1.477000000000000000e+03,6.078698097587256655e+00,8.923172264464225734e+00
1.478000000000000000e+03,6.073983202100770917e+00,8.916180070767625310e+00
1.479000000000000000e+03,6.069272044507417085e+00,8.909193528983225363e+00
1.480000000000000000e+03,6.064564621720818671e+00,8.902212634279607073e+00
1.481000000000000000e+03,6.059860930657307243e+00,8.895237381829927514e+00
1.482000000000000000e+03,6.055160968235984598e+00,8.888267766811804194e+00
1.483000000000000000e+03,6.050464731378630390e+00,8.881303784407428736e+00
1.484000000000000000e+03,6.045772217009805161e+00,8.874345429803469187e+00
1.485000000000000000e+03,6.041083422056738428e+00,8.867392698191078892e+00
1.486000000000000000e+03,6.036398343449420167e+00,8.860445584765951565e+00
1.487000000000000000e+03,6.031716978120544859e+00,8.853504084728260892e+00
1.488000000000000000e+03,6.027039323005525695e+00,8.846568193282628556e+00
1.489000000000000000e+03,6.022365375042461721e+00,8.839637905638229043e+00
1.490000000000000000e+03,6.017695131172213330e+00,8.832713217008668849e+00
1.491000000000000000e+03,6.013028588338301894e+00,8.825794122612053982e+00
1.492000000000000000e+03,6.008365743486967503e+00,8.818880617670931343e+00
1.493000000000000000e+03,6.003706593567169847e+00,8.811972697412356226e+00
1.494000000000000000e+03,5.999051135530542034e+00,8.805070357067810605e+00
1.495000000000000000e+03,5.994399366331410128e+00,8.798173591873243993e+00
1.496000000000000000e+03,5.989751282926829568e+00,8.791282397069041465e+00
1.497000000000000000e+03,5.985106882276514995e+00,8.784396767900078729e+00
1.498000000000000000e+03,5.980466161342879339e+00,8.777516699615622642e+00
1.499000000000000000e+03,5.975829117091016052e+00,8.770642187469423590e+00
1.500000000000000000e+03,5.971195746488720424e+00,8.763773226719596465e+00
1.501000000000000000e+03,5.966566046506422971e+00,8.756909812628764556e+00
1.502000000000000000e+03,5.961940014117293352e+00,8.750051940463926314e+00
1.503000000000000000e+03,5.957317646297139113e+00,8.743199605496508653e+00
1.504000000000000000e+03,5.952698940024447438e+00,8.736352803002347400e+00
1.505000000000000000e+03,5.948083892280386031e+00,8.729511528261703290e+00
1.506000000000000000e+03,5.943472500048769369e+00,8.722675776559221106e+00
1.507000000000000000e+03,5.938864760316079128e+00,8.715845543183965205e+00
1.508000000000000000e+03,5.934260670071483723e+00,8.709020823429385771e+00
1.509000000000000000e+03,5.929660226306782356e+00,8.702201612593331248e+00
1.510000000000000000e+03,5.925063426016450308e+00,8.695387905978005705e+00
1.511000000000000000e+03,5.920470266197602527e+00,8.688579698890045222e+00
1.512000000000000000e+03,5.915880743850021162e+00,8.681776986640413085e+00
1.513000000000000000e+03,5.911294855976144014e+00,8.674979764544477945e+00
1.514000000000000000e+03,5.906712599581002365e+00,8.668188027921949868e+00
1.515000000000000000e+03,5.902133971672349766e+00,8.661401772096940732e+00
1.516000000000000000e+03,5.897558969260498607e+00,8.654620992397859425e+00
1.517000000000000000e+03,5.892987589358485323e+00,8.647845684157541513e+00
1.518000000000000000e+03,5.888419828981925619e+00,8.641075842713137334e+00
1.519000000000000000e+03,5.883855685149079306e+00,8.634311463406104892e+00
1.520000000000000000e+03,5.879295154880828100e+00,8.627552541582291568e+00
1.521000000000000000e+03,5.874738235200723580e+00,8.620799072591877277e+00
1.522000000000000000e+03,5.870184923134879718e+00,8.614051051789344271e+00
1.523000000000000000e+03,5.865635215712111439e+00,8.607308474533535758e+00
1.524000000000000000e+03,5.861089109963777410e+00,8.600571336187590177e+00
1.525000000000000000e+03,5.856546602923898170e+00,8.593839632118957184e+00
1.526000000000000000e+03,5.852007691629093067e+00,8.587113357699431404e+00
1.527000000000000000e+03,5.847472373118615785e+00,8.580392508305086707e+00
1.528000000000000000e+03,5.842940644434317043e+00,8.573677079316308181e+00
1.529000000000000000e+03,5.838412502620642819e+00,8.566967066117792129e+00
1.530000000000000000e+03,5.833887944724651220e+00,8.560262464098510549e+00
1.531000000000000000e+03,5.829366967796024035e+00,8.553563268651737772e+00
1.532000000000000000e+03,5.824849568887023210e+00,8.546869475175022046e+00
1.533000000000000000e+03,5.820335745052502396e+00,8.540181079070201520e+00
1.534000000000000000e+03,5.815825493349930042e+00,8.533498075743406019e+00
1.535000000000000000e+03,5.811318810839349425e+00,8.526820460605003760e+00
1.536000000000000000e+03,5.806815694583413290e+00,8.520148229069658186e+00
1.537000000000000000e+03,5.802316141647333225e+00,8.513481376556267577e+00
1.538000000000000000e+03,5.797820149098939169e+00,8.506819898488025444e+00
1.539000000000000000e+03,5.793327714008619900e+00,8.500163790292331711e+00
1.540000000000000000e+03,5.788838833449347021e+00,8.493513047400895744e+00
1.541000000000000000e+03,5.784353504496688281e+00,8.486867665249606674e+00
1.542000000000000000e+03,5.779871724228756946e+00,8.480227639278639984e+00
1.543000000000000000e+03,5.775393489726266871e+00,8.473592964932400662e+00
1.544000000000000000e+03,5.770918798072478317e+00,8.466963637659524977e+00
1.545000000000000000e+03,5.766447646353241474e+00,8.460339652912837849e+00
1.546000000000000000e+03,5.761980031656948498e+00,8.453721006149464756e+00
1.547000000000000000e+03,5.757515951074560157e+00,8.447107692830655878e+00
1.548000000000000000e+03,5.753055401699620930e+00,8.440499708421947744e+00
1.549000000000000000e+03,5.748598380628204829e+00,8.433897048393058427e+00
1.550000000000000000e+03,5.744144884958944708e+00,8.427299708217914187e+00
1.551000000000000000e+03,5.739694911793027821e+00,8.420707683374642372e+00
1.552000000000000000e+03,5.735248458234211810e+00,8.414120969345560752e+00
1.553000000000000000e+03,5.730805521388749213e+00,8.407539561617184631e+00
1.554000000000000000e+03,5.726366098365506474e+00,8.400963455680214409e+00
1.555000000000000000e+03,5.721930186275838714e+00,8.394392647029537358e+00
1.556000000000000000e+03,5.717497782233674997e+00,8.387827131164204530e+00
1.557000000000000000e+03,5.713068883355449934e+00,8.381266903587482275e+00
1.558000000000000000e+03,5.708643486760165864e+00,8.374711959806745654e+00
1.559000000000000000e+03,5.704221589569323569e+00,8.368162295333595679e+00
1.560000000000000000e+03,5.699803188906994222e+00,8.361617905683738528e+00
1.561000000000000000e+03,5.695388281899739447e+00,8.355078786377099220e+00
1.562000000000000000e+03,5.690976865676672602e+00,8.348544932937672414e+00
1.563000000000000000e+03,5.686568937369410826e+00,8.342016340893705362e+00
1.564000000000000000e+03,5.682164494112110553e+00,8.335493005777484754e+00
1.565000000000000000e+03,5.677763533041406241e+00,8.328974923125523233e+00
1.566000000000000000e+03,5.673366051296515167e+00,8.322462088478403075e+00
1.567000000000000000e+03,5.668972046019082001e+00,8.315954497380889876e+00
1.568000000000000000e+03,5.664581514353358216e+00,8.309452145381795773e+00
1.569000000000000000e+03,5.660194453446007579e+00,8.302955028034181950e+00
1.570000000000000000e+03,5.655810860446269572e+00,8.296463140895099286e+00
1.571000000000000000e+03,5.651430732505859922e+00,8.289976479525789088e+00
1.572000000000000000e+03,5.647054066778993686e+00,8.283495039491572953e+00
1.573000000000000000e+03,5.642680860422391476e+00,8.277018816361895404e+00
1.574000000000000000e+03,5.638311110595259912e+00,8.270547805710286582e+00
1.575000000000000000e+03,5.633944814459316497e+00,8.264082003114378239e+00
1.576000000000000000e+03,5.629581969178741652e+00,8.257621404155871758e+00
1.577000000000000000e+03,5.625222571920219572e+00,8.251166004420603883e+00
1.578000000000000000e+03,5.620866619852934676e+00,8.244715799498450792e+00
1.579000000000000000e+03,5.616514110148536076e+00,8.238270784983408035e+00
1.580000000000000000e+03,5.612165039981166892e+00,8.231830956473476846e+00
1.581000000000000000e+03,5.607819406527433159e+00,8.225396309570832898e+00
1.582000000000000000e+03,5.603477206966434920e+00,8.218966839881616693e+00
1.583000000000000000e+03,5.599138438479727142e+00,8.212542543016096985e+00
1.584000000000000000e+03,5.594803098251352580e+00,8.206123414588555320e+00
1.585000000000000000e+03,5.590471183467815131e+00,8.199709450217383733e+00
1.586000000000000000e+03,5.586142691318094933e+00,8.193300645524962178e+00
1.587000000000000000e+03,5.581817618993627050e+00,8.186896996137766891e+00
1.588000000000000000e+03,5.577495963688304137e+00,8.180498497686270909e+00
1.589000000000000000e+03,5.573177722598495087e+00,8.174105145805002692e+00
1.590000000000000000e+03,5.568862892923004182e+00,8.167716936132540795e+00
1.591000000000000000e+03,5.564551471863120824e+00,8.161333864311476560e+00
1.592000000000000000e+03,5.560243456622551150e+00,8.154955925988412346e+00
1.593000000000000000e+03,5.555938844407469546e+00,8.148583116813998828e+00
1.594000000000000000e+03,5.551637632426519531e+00,8.142215432442860390e+00
1.595000000000000000e+03,5.547339817890743596e+00,8.135852868533694604e+00
1.596000000000000000e+03,5.543045398013670244e+00,8.129495420749147883e+00
1.597000000000000000e+03,5.538754370011227834e+00,8.123143084755906074e+00
1.598000000000000000e+03,5.534466731101826298e+00,8.116795856224619854e+00
1.599000000000000000e+03,5.530182478506289634e+00,8.110453730829982888e+00
1.600000000000000000e+03,5.525901609447863017e+00,8.104116704250641234e+00
1.601000000000000000e+03,5.521624121152257203e+00,8.097784772169250189e+00
1.602000000000000000e+03,5.517350010847558828e+00,8.091457930272424548e+00
1.603000000000000000e+03,5.513079275764336984e+00,8.085136174250774133e+00
1.604000000000000000e+03,5.508811913135557958e+00,8.078819499798875370e+00
1.605000000000000000e+03,5.504547920196608324e+00,8.072507902615281949e+00
1.606000000000000000e+03,5.500287294185299380e+00,8.066201378402505284e+00
1.607000000000000000e+03,5.496030032341847615e+00,8.059899922867034050e+00
1.608000000000000000e+03,5.491776131908922665e+00,8.053603531719293329e+00
1.609000000000000000e+03,5.487525590131545172e+00,8.047312200673665927e+00
1.610000000000000000e+03,5.483278404257208472e+00,8.041025925448501255e+00
1.611000000000000000e+03,5.479034571535766673e+00,8.034744701766070918e+00
1.612000000000000000e+03,5.474794089219506610e+00,8.028468525352613128e+00
1.613000000000000000e+03,5.470556954563100760e+00,8.022197391938279409e+00
1.614000000000000000e+03,5.466323164823632119e+00,8.015931297257152366e+00
1.615000000000000000e+03,5.462092717260589758e+00,8.009670237047288310e+00
1.616000000000000000e+03,5.457865609135843066e+00,8.003414207050603579e+00
1.617000000000000000e+03,5.453641837713649743e+00,7.997163203012980226e+00
1.618000000000000000e+03,5.449421400260696657e+00,7.990917220684221611e+00
1.619000000000000000e+03,5.445204294046016358e+00,7.984676255817982238e+00
1.620000000000000000e+03,5.440990516341055461e+00,7.978440304171911635e+00
1.621000000000000000e+03,5.436780064419616920e+00,7.972209361507490932e+00
1.622000000000000000e+03,5.432572935557932858e+00,7.965983423590159873e+00
1.623000000000000000e+03,5.428369127034565089e+00,7.959762486189177366e+00
1.624000000000000000e+03,5.424168636130484167e+00,7.953546545077803565e+00
1.625000000000000000e+03,5.419971460129016982e+00,7.947335596033097360e+00
1.626000000000000000e+03,5.415777596315890285e+00,7.941129634836048723e+00
1.627000000000000000e+03,5.411587041979177393e+00,7.934928657271472119e+00
1.628000000000000000e+03,5.407399794409330163e+00,7.928732659128151283e+00
1.629000000000000000e+03,5.403215850899148798e+00,7.922541636198632276e+00
1.630000000000000000e+03,5.399035208743832470e+00,7.916355584279441970e+00
1.631000000000000000e+03,5.394857865240906492e+00,7.910174499170846474e+00
1.632000000000000000e+03,5.390683817690274715e+00,7.903998376677090043e+00
1.633000000000000000e+03,5.386513063394200884e+00,7.897827212606202352e+00
1.634000000000000000e+03,5.382345599657297974e+00,7.891661002770121058e+00
1.635000000000000000e+03,5.378181423786524640e+00,7.885499742984546145e+00
1.636000000000000000e+03,5.374020533091198537e+00,7.879343429069110449e+00
1.637000000000000000e+03,5.369862924882981225e+00,7.873192056847223341e+00
1.638000000000000000e+03,5.365708596475873726e+00,7.867045622146187966e+00
1.639000000000000000e+03,5.361557545186236062e+00,7.860904120797060912e+00
1.640000000000000000e+03,5.357409768332757061e+00,7.854767548634826291e+00
1.641000000000000000e+03,5.353265263236474780e+00,7.848635901498189682e+00
1.642000000000000000e+03,5.349124027220749866e+00,7.842509175229771756e+00
1.643000000000000000e+03,5.344986057611289532e+00,7.836387365675939520e+00
1.644000000000000000e+03,5.340851351736133346e+00,7.830270468686915564e+00
1.645000000000000000e+03,5.336719906925639911e+00,7.824158480116687464e+00
1.646000000000000000e+03,5.332591720512511735e+00,7.818051395823123251e+00
1.647000000000000000e+03,5.328466789831754369e+00,7.811949211667786663e+00
1.648000000000000000e+03,5.324345112220715492e+00,7.805851923516146762e+00
1.649000000000000000e+03,5.320226685019052937e+00,7.799759527237348777e+00
1.650000000000000000e+03,5.316111505568756890e+00,7.793672018704458360e+00
1.651000000000000000e+03,5.311999571214116145e+00,7.787589393794202230e+00
1.652000000000000000e+03,5.307890879301742082e+00,7.781511648387185787e+00
1.653000000000000000e+03,5.303785427180565115e+00,7.775438778367728787e+00
1.654000000000000000e+03,5.299683212201823146e+00,7.769370779623973711e+00
1.655000000000000000e+03,5.295584231719044688e+00,7.763307648047747200e+00
1.656000000000000000e+03,5.291488483088090611e+00,7.757249379534767009e+00
1.657000000000000000e+03,5.287395963667098187e+00,7.751195969984379985e+00
1.658000000000000000e+03,5.283306670816522832e+00,7.745147415299816096e+00
1.659000000000000000e+03,5.279220601899108800e+00,7.739103711387944173e+00
1.660000000000000000e+03,5.275137754279921154e+00,7.733064854159467316e+00
1.661000000000000000e+03,5.271058125326277377e+00,7.727030839528810979e+00
1.662000000000000000e+03,5.266981712407820204e+00,7.721001663414122973e+00
1.663000000000000000e+03,5.262908512896474100e+00,7.714977321737288563e+00
1.664000000000000000e+03,5.258838524166440820e+00,7.708957810423974877e+00
1.665000000000000000e+03,5.254771743594232269e+00,7.702943125403494129e+00
1.666000000000000000e+03,5.250708168558603894e+00,7.696933262609003457e+00
1.667000000000000000e+03,5.246647796440637279e+00,7.690928217977255343e+00
1.668000000000000000e+03,5.242590624623659323e+00,7.684927987448834763e+00
1.669000000000000000e+03,5.238536650493289315e+00,7.678932566967949569e+00
1.670000000000000000e+03,5.234485871437404292e+00,7.672941952482598360e+00
1.671000000000000000e+03,5.230438284846194108e+00,7.666956139944405280e+00
1.672000000000000000e+03,5.226393888112060182e+00,7.660975125308785216e+00
1.673000000000000000e+03,5.222352678629732736e+00,7.654998904534787485e+00
1.674000000000000000e+03,5.218314653796162439e+00,7.649027473585182868e+00
1.675000000000000000e+03,5.214279811010580801e+00,7.643060828426428976e+00
1.676000000000000000e+03,5.210248147674474417e+00,7.637098965028680908e+00
1.677000000000000000e+03,5.206219661191611614e+00,7.631141879365756608e+00
1.678000000000000000e+03,5.202194348967974946e+00,7.625189567415195491e+00
1.679000000000000000e+03,5.198172208411853568e+00,7.619242025158172282e+00
1.680000000000000000e+03,5.194153236933742868e+00,7.613299248579553868e+00
1.681000000000000000e+03,5.190137431946424407e+00,7.607361233667869094e+00
1.682000000000000000e+03,5.186124790864906409e+00,7.601427976415343402e+00
1.683000000000000000e+03,5.182115311106444189e+00,7.595499472817808240e+00
1.684000000000000000e+03,5.178108990090557029e+00,7.589575718874808530e+00
1.685000000000000000e+03,5.174105825238985545e+00,7.583656710589514738e+00
1.686000000000000000e+03,5.170105813975711229e+00,7.577742443968753072e+00
1.687000000000000000e+03,5.166108953726970654e+00,7.571832915022988608e+00
1.688000000000000000e+03,5.162115241921217290e+00,7.565928119766352822e+00
1.689000000000000000e+03,5.158124675989147256e+00,7.560028054216594740e+00
1.690000000000000000e+03,5.154137253363685112e+00,7.554132714395104919e+00
1.691000000000000000e+03,5.150152971479991848e+00,7.548242096326900352e+00
1.692000000000000000e+03,5.146171827775437357e+00,7.542356196040651106e+00
1.693000000000000000e+03,5.142193819689627965e+00,7.536475009568625261e+00
1.694000000000000000e+03,5.138218944664410870e+00,7.530598532946732426e+00
1.695000000000000000e+03,5.134247200143811973e+00,7.524726762214459796e+00
1.696000000000000000e+03,5.130278583574130913e+00,7.518859693414985834e+00
1.697000000000000000e+03,5.126313092403825600e+00,7.512997322595013294e+00
1.698000000000000000e+03,5.122350724083609030e+00,7.507139645804898009e+00
1.699000000000000000e+03,5.118391476066386225e+00,7.501286659098590270e+00
1.700000000000000000e+03,5.114435345807289757e+00,7.495438358533625944e+00
1.701000000000000000e+03,5.110482330763630010e+00,7.489594740171156673e+00
1.702000000000000000e+03,5.106532428394964462e+00,7.483755800075906350e+00
1.703000000000000000e+03,5.102585636163015081e+00,7.477921534316196883e+00
1.704000000000000000e+03,5.098641951531733163e+00,7.472091938963937530e+00
1.705000000000000000e+03,5.094701371967248704e+00,7.466267010094625789e+00
1.706000000000000000e+03,5.090763894937904155e+00,7.460446743787294999e+00
1.707000000000000000e+03,5.086829517914233101e+00,7.454631136124602264e+00
1.708000000000000000e+03,5.082898238368958488e+00,7.448820183192748523e+00
1.709000000000000000e+03,5.078970053777005056e+00,7.443013881081486538e+00
1.710000000000000000e+03,5.075044961615486905e+00,7.437212225884157313e+00
1.711000000000000000e+03,5.071122959363670191e+00,7.431415213697659894e+00
1.712000000000000000e+03,5.067204044503054838e+00,7.425622840622417620e+00
1.713000000000000000e+03,5.063288214517291053e+00,7.419835102762457169e+00
1.714000000000000000e+03,5.059375466892228168e+00,7.414051996225291319e+00
1.715000000000000000e+03,5.055465799115882675e+00,7.408273517122021090e+00
1.716000000000000000e+03,5.051559208678449764e+00,7.402499661567264688e+00
1.717000000000000000e+03,5.047655693072298000e+00,7.396730425679187704e+00
1.718000000000000000e+03,5.043755249791976425e+00,7.390965805579501335e+00
1.719000000000000000e+03,5.039857876334190578e+00,7.385205797393411764e+00
1.720000000000000000e+03,5.035963570197831807e+00,7.379450397249683213e+00
1.721000000000000000e+03,5.032072328883955947e+00,7.373699601280573113e+00
1.722000000000000000e+03,5.028184149895757571e+00,7.367953405621894269e+00
1.723000000000000000e+03,5.024299030738607286e+00,7.362211806412946480e+00
1.724000000000000000e+03,5.020416968920058842e+00,7.356474799796533404e+00
1.725000000000000000e+03,5.016537961949796731e+00,7.350742381919001645e+00
1.726000000000000000e+03,5.012662007339658388e+00,7.345014548930172360e+00
1.727000000000000000e+03,5.008789102603652843e+00,7.339291296983381230e+00
1.728000000000000000e+03,5.004919245257939409e+00,7.333572622235434046e+00
1.729000000000000000e+03,5.001052432820813465e+00,7.327858520846697310e+00
1.730000000000000000e+03,4.997188662812720672e+00,7.322148988980931250e+00
1.731000000000000000e+03,4.993327932756270293e+00,7.316444022805462133e+00
1.732000000000000000e+03,4.989470240176200555e+00,7.310743618491048146e+00
1.733000000000000000e+03,4.985615582599380424e+00,7.305047772211975321e+00
1.734000000000000000e+03,4.981763957554841582e+00,7.299356480145962500e+00
1.735000000000000000e+03,4.977915362573737568e+00,7.293669738474220843e+00
1.736000000000000000e+03,4.974069795189369536e+00,7.287987543381430733e+00
1.737000000000000000e+03,4.970227252937145401e+00,7.282309891055732898e+00
1.738000000000000000e+03,4.966387733354659773e+00,7.276636777688707980e+00
1.739000000000000000e+03,4.962551233981551846e+00,7.270968199475435156e+00
1.740000000000000000e+03,4.958717752359683928e+00,7.265304152614415756e+00
1.741000000000000000e+03,4.954887286032959359e+00,7.259644633307633654e+00
1.742000000000000000e+03,4.951059832547464623e+00,7.253989637760486886e+00
1.743000000000000000e+03,4.947235389451373422e+00,7.248339162181835604e+00
1.744000000000000000e+03,4.943413954294994639e+00,7.242693202783967443e+00
1.745000000000000000e+03,4.939595524630741252e+00,7.237051755782630380e+00
1.746000000000000000e+03,4.935780098013155204e+00,7.231414817396990991e+00
1.747000000000000000e+03,4.931967671998886971e+00,7.225782383849641555e+00
1.748000000000000000e+03,4.928158244146692013e+00,7.220154451366591175e+00
1.749000000000000000e+03,4.924351812017444985e+00,7.214531016177301304e+00
1.750000000000000000e+03,4.920548373174116641e+00,7.208912074514629786e+00
1.751000000000000000e+03,4.916747925181789824e+00,7.203297622614860174e+00
1.752000000000000000e+03,4.912950465607658579e+00,7.197687656717698168e+00
1.753000000000000000e+03,4.909155992021000614e+00,7.192082173066232542e+00
1.754000000000000000e+03,4.905364501993204840e+00,7.186481167906963563e+00
1.755000000000000000e+03,4.901575993097750938e+00,7.180884637489824307e+00
1.756000000000000000e+03,4.897790462910220022e+00,7.175292578068102500e+00
1.757000000000000000e+03,4.894007909008276869e+00,7.169704985898515126e+00
1.758000000000000000e+03,4.890228328971682359e+00,7.164121857241139146e+00
1.759000000000000000e+03,4.886451720382298802e+00,7.158543188359480780e+00
1.760000000000000000e+03,4.882678080824050859e+00,7.152968975520391126e+00
1.761000000000000000e+03,4.878907407882972613e+00,7.147399214994138994e+00
1.762000000000000000e+03,4.875139699147160499e+00,7.141833903054318533e+00
1.763000000000000000e+03,4.871374952206818598e+00,7.136273035977973578e+00
1.764000000000000000e+03,4.867613164654200020e+00,7.130716610045449322e+00
1.765000000000000000e+03,4.863854334083658415e+00,7.125164621540497123e+00
1.766000000000000000e+03,4.860098458091599127e+00,7.119617066750202561e+00
1.767000000000000000e+03,4.856345534276528930e+00,7.114073941965063597e+00
1.768000000000000000e+03,4.852595560239008954e+00,7.108535243478875110e+00
1.769000000000000000e+03,4.848848533581673337e+00,7.103000967588828374e+00
1.770000000000000000e+03,4.845104451909231891e+00,7.097471110595440891e+00
1.771000000000000000e+03,4.841363312828439014e+00,7.091945668802602576e+00
1.772000000000000000e+03,4.837625113948127442e+00,7.086424638517494934e+00
1.773000000000000000e+03,4.833889852879199367e+00,7.080908016050730502e+00
1.774000000000000000e+03,4.830157527234596238e+00,7.075395797716169000e+00
1.775000000000000000e+03,4.826428134629333400e+00,7.069887979831039004e+00
1.776000000000000000e+03,4.822701672680477003e+00,7.064384558715901541e+00
1.777000000000000000e+03,4.818978139007152883e+00,7.058885530694668731e+00
1.778000000000000000e+03,4.815257531230519028e+00,7.053390892094509645e+00
1.779000000000000000e+03,4.811539846973806434e+00,7.047900639245988863e+00
1.780000000000000000e+03,4.807825083862272919e+00,7.042414768482918142e+00
1.781000000000000000e+03,4.804113239523248424e+00,7.036933276142496752e+00
1.782000000000000000e+03,4.800404311586082606e+00,7.031456158565165815e+00
1.783000000000000000e+03,4.796698297682186585e+00,7.025983412094720215e+00
1.784000000000000000e+03,4.792995195444984091e+00,7.020515033078208234e+00
1.785000000000000000e+03,4.789295002509986965e+00,7.015051017866049676e+00
1.786000000000000000e+03,4.785597716514681466e+00,7.009591362811887549e+00
1.787000000000000000e+03,4.781903335098633079e+00,7.004136064272707074e+00
1.788000000000000000e+03,4.778211855903423455e+00,6.998685118608765521e+00
1.789000000000000000e+03,4.774523276572672614e+00,6.993238522183605532e+00
1.790000000000000000e+03,4.770837594752011412e+00,6.987796271364054235e+00
1.791000000000000000e+03,4.767154808089111739e+00,6.982358362520246331e+00
1.792000000000000000e+03,4.763474914233677637e+00,6.976924792025516631e+00
1.793000000000000000e+03,4.759797910837414214e+00,6.971495556256583015e+00
1.794000000000000000e+03,4.756123795554072053e+00,6.966070651593321728e+00
1.795000000000000000e+03,4.752452566039407245e+00,6.960650074418953004e+00
1.796000000000000000e+03,4.748784219951189378e+00,6.955233821119941595e+00
1.797000000000000000e+03,4.745118754949219309e+00,6.949821888086009203e+00
1.798000000000000000e+03,4.741456168695291851e+00,6.944414271710098951e+00
1.799000000000000000e+03,4.737796458853216208e+00,6.939010968388487299e+00
1.800000000000000000e+03,4.734139623088839954e+00,6.933611974520612620e+00
1.801000000000000000e+03,4.730485659069978865e+00,6.928217286509224415e+00
1.802000000000000000e+03,4.726834564466471988e+00,6.922826900760276736e+00
1.803000000000000000e+03,4.723186336950161213e+00,6.917440813683004563e+00
1.804000000000000000e+03,4.719540974194899263e+00,6.912059021689845650e+00
1.805000000000000000e+03,4.715898473876536379e+00,6.906681521196452955e+00
1.806000000000000000e+03,4.712258833672891889e+00,6.901308308621777243e+00
1.807000000000000000e+03,4.708622051263825270e+00,6.895939380387943629e+00
1.808000000000000000e+03,4.704988124331169530e+00,6.890574732920320855e+00
1.809000000000000000e+03,4.701357050558741868e+00,6.885214362647482211e+00
1.810000000000000000e+03,4.697728827632361437e+00,6.879858266001255274e+00
1.811000000000000000e+03,4.694103453239850232e+00,6.874506439416627757e+00
1.812000000000000000e+03,4.690480925070975360e+00,6.869158879331836332e+00
1.813000000000000000e+03,4.686861240817540519e+00,6.863815582188310671e+00
1.814000000000000000e+03,4.683244398173283862e+00,6.858476544430704536e+00
1.815000000000000000e+03,4.679630394833970364e+00,6.853141762506852253e+00
1.816000000000000000e+03,4.676019228497296787e+00,6.847811232867791809e+00
1.817000000000000000e+03,4.672410896862998264e+00,6.842484951967755080e+00
1.818000000000000000e+03,4.668805397632719512e+00,6.837162916264174051e+00
1.819000000000000000e+03,4.665202728510130292e+00,6.831845122217642619e+00
1.820000000000000000e+03,4.661602887200834822e+00,6.826531566291990316e+00
1.821000000000000000e+03,4.658005871412445487e+00,6.821222244954174840e+00
1.822000000000000000e+03,4.654411678854504686e+00,6.815917154674380640e+00
1.823000000000000000e+03,4.650820307238554108e+00,6.810616291925928323e+00
1.824000000000000000e+03,4.647231754278073446e+00,6.805319653185333273e+00
1.825000000000000000e+03,4.643646017688528360e+00,6.800027234932254139e+00
1.826000000000000000e+03,4.640063095187315412e+00,6.794739033649565663e+00
1.827000000000000000e+03,4.636482984493830450e+00,6.789455045823243218e+00
1.828000000000000000e+03,4.632905683329402891e+00,6.784175267942460508e+00
1.829000000000000000e+03,4.629331189417301040e+00,6.778899696499564698e+00
1.830000000000000000e+03,4.625759500482775621e+00,6.773628327990017794e+00
1.831000000000000000e+03,4.622190614253030461e+00,6.768361158912433062e+00
1.832000000000000000e+03,4.618624528457195844e+00,6.763098185768611437e+00
1.833000000000000000e+03,4.615061240826367595e+00,6.757839405063435834e+00
1.834000000000000000e+03,4.611500749093579543e+00,6.752584813305000822e+00
1.835000000000000000e+03,4.607943050993812406e+00,6.747334407004483836e+00
1.836000000000000000e+03,4.604388144263998228e+00,6.742088182676201136e+00
1.837000000000000000e+03,4.600836026642982191e+00,6.736846136837650434e+00
1.838000000000000000e+03,4.597286695871582118e+00,6.731608266009372343e+00
1.839000000000000000e+03,4.593740149692549402e+00,6.726374566715120906e+00
1.840000000000000000e+03,4.590196385850530802e+00,6.721145035481708163e+00
1.841000000000000000e+03,4.586655402092160827e+00,6.715919668839115175e+00
1.842000000000000000e+03,4.583117196165971130e+00,6.710698463320388107e+00
1.843000000000000000e+03,4.579581765822435813e+00,6.705481415461716388e+00
1.844000000000000000e+03,4.576049108813943889e+00,6.700268521802382082e+00
1.845000000000000000e+03,4.572519222894837476e+00,6.695059778884810520e+00
1.846000000000000000e+03,4.568992105821347849e+00,6.689855183254477922e+00
1.847000000000000000e+03,4.565467755351659385e+00,6.684654731459998445e+00
1.848000000000000000e+03,4.561946169245861604e+00,6.679458420053058454e+00
1.849000000000000000e+03,4.558427345265972264e+00,6.674266245588457380e+00
1.850000000000000000e+03,4.554911281175911597e+00,6.669078204624071304e+00
1.851000000000000000e+03,4.551397974741526298e+00,6.663894293720884932e+00
1.852000000000000000e+03,4.547887423730571754e+00,6.658714509442933860e+00
1.853000000000000000e+03,4.544379625912729814e+00,6.653538848357354318e+00
1.854000000000000000e+03,4.540874579059566152e+00,6.648367307034359186e+00
1.855000000000000000e+03,4.537372280944574676e+00,6.643199882047257532e+00
1.856000000000000000e+03,4.533872729343151775e+00,6.638036569972394219e+00
1.857000000000000000e+03,4.530375922032594538e+00,6.632877367389197865e+00
1.858000000000000000e+03,4.526881856792099867e+00,6.627722270880166633e+00
1.859000000000000000e+03,4.523390531402790238e+00,6.622571277030857573e+00
1.860000000000000000e+03,4.519901943647655962e+00,6.617424382429882179e+00
1.861000000000000000e+03,4.516416091311593384e+00,6.612281583668924156e+00
1.862000000000000000e+03,4.512932972181405766e+00,6.607142877342724319e+00
1.863000000000000000e+03,4.509452584045770429e+00,6.602008260049029076e+00
1.864000000000000000e+03,4.505974924695289374e+00,6.596877728388698792e+00
1.865000000000000000e+03,4.502499991922416456e+00,6.591751278965572780e+00
1.866000000000000000e+03,4.499027783521518664e+00,6.586628908386592762e+00
1.867000000000000000e+03,4.495558297288847704e+00,6.581510613261698062e+00
1.868000000000000000e+03,4.492091531022529338e+00,6.576396390203862907e+00
1.869000000000000000e+03,4.488627482522586476e+00,6.571286235829116862e+00
1.870000000000000000e+03,4.485166149590919638e+00,6.566180146756498637e+00
1.871000000000000000e+03,4.481707530031298958e+00,6.561078119608096060e+00
1.872000000000000000e+03,4.478251621649395275e+00,6.555980151009005219e+00
1.873000000000000000e+03,4.474798422252715291e+00,6.550886237587328687e+00
1.874000000000000000e+03,4.471347929650699271e+00,6.545796375974219927e+00
1.875000000000000000e+03,4.467900141654590485e+00,6.540710562803806027e+00
1.876000000000000000e+03,4.464455056077569317e+00,6.535628794713265854e+00
1.877000000000000000e+03,4.461012670734630703e+00,6.530551068342757226e+00
1.878000000000000000e+03,4.457572983442687153e+00,6.525477380335452438e+00
1.879000000000000000e+03,4.454135992020464840e+00,6.520407727337517834e+00
1.880000000000000000e+03,4.450701694288614618e+00,6.515342105998160882e+00
1.881000000000000000e+03,4.447270088069585015e+00,6.510280512969518263e+00
1.882000000000000000e+03,4.443841171187736805e+00,6.505222944906766891e+00
1.883000000000000000e+03,4.440414941469256860e+00,6.500169398468071513e+00
1.884000000000000000e+03,4.436991396742214100e+00,6.495119870314534083e+00
1.885000000000000000e+03,4.433570534836501764e+00,6.490074357110326986e+00
1.886000000000000000e+03,4.430152353583903135e+00,6.485032855522526063e+00
1.887000000000000000e+03,4.426736850818028479e+00,6.479995362221232291e+00
1.888000000000000000e+03,4.423324024374344354e+00,6.474961873879498064e+00
1.889000000000000000e+03,4.419913872090168283e+00,6.469932387173352950e+00
1.890000000000000000e+03,4.416506391804658094e+00,6.464906898781791256e+00
1.891000000000000000e+03,4.413101581358824355e+00,6.459885405386814661e+00
1.892000000000000000e+03,4.409699438595528598e+00,6.454867903673308760e+00
1.893000000000000000e+03,4.406299961359438022e+00,6.449854390329202936e+00
1.894000000000000000e+03,4.402903147497111647e+00,6.444844862045320255e+00
1.895000000000000000e+03,4.399508994856899058e+00,6.439839315515491158e+00
1.896000000000000000e+03,4.396117501289023011e+00,6.434837747436431776e+00
1.897000000000000000e+03,4.392728664645518144e+00,6.429840154507887817e+00
1.898000000000000000e+03,4.389342482780259402e+00,6.424846533432470252e+00
1.899000000000000000e+03,4.385958953548943384e+00,6.419856880915808972e+00
1.900000000000000000e+03,4.382578074809125646e+00,6.414871193666410676e+00
1.901000000000000000e+03,4.379199844420144316e+00,6.409889468395754797e+00
1.902000000000000000e+03,4.375824260243212471e+00,6.404911701818241099e+00
1.903000000000000000e+03,4.372451320141329312e+00,6.399937890651220762e+00
1.904000000000000000e+03,4.369081021979345003e+00,6.394968031614924442e+00
1.905000000000000000e+03,4.365713363623891397e+00,6.390002121432568849e+00
1.906000000000000000e+03,4.362348342943476176e+00,6.385040156830243063e+00
1.907000000000000000e+03,4.358985957808373612e+00,6.380082134537000904e+00
1.908000000000000000e+03,4.355626206090708052e+00,6.375128051284780106e+00
1.909000000000000000e+03,4.352269085664384640e+00,6.370177903808429853e+00
1.910000000000000000e+03,4.348914594405152378e+00,6.365231688845716107e+00
1.911000000000000000e+03,4.345562730190563272e+00,6.360289403137348252e+00
1.912000000000000000e+03,4.342213490899964334e+00,6.355351043426873403e+00
1.913000000000000000e+03,4.338866874414535779e+00,6.350416606460810520e+00
1.914000000000000000e+03,4.335522878617239506e+00,6.345486088988513629e+00
1.915000000000000000e+03,4.332181501392844858e+00,6.340559487762285507e+00
1.916000000000000000e+03,4.328842740627941055e+00,6.335636799537301300e+00
1.917000000000000000e+03,4.325506594210904332e+00,6.330718021071604973e+00
1.918000000000000000e+03,4.322173060031901493e+00,6.325803149126165259e+00
1.919000000000000000e+03,4.318842135982919217e+00,6.320892180464828591e+00
1.920000000000000000e+03,4.315513819957724095e+00,6.315985111854303113e+00
1.921000000000000000e+03,4.312188109851885720e+00,6.311081940064191542e+00
1.922000000000000000e+03,4.308865003562751816e+00,6.306182661866954753e+00
1.923000000000000000e+03,4.305544498989477553e+00,6.301287274037965958e+00
1.924000000000000000e+03,4.302226594032997120e+00,6.296395773355428993e+00
1.925000000000000000e+03,4.298911286596027281e+00,6.291508156600431612e+00
1.926000000000000000e+03,4.295598574583095797e+00,6.286624420556928605e+00
1.927000000000000000e+03,4.292288455900488131e+00,6.281744562011724931e+00
1.928000000000000000e+03,4.288980928456275876e+00,6.276868577754500578e+00
1.929000000000000000e+03,4.285675990160327409e+00,6.271996464577786590e+00
1.930000000000000000e+03,4.282373638924270587e+00,6.267128219276968615e+00
1.931000000000000000e+03,4.279073872661530054e+00,6.262263838650262926e+00
1.932000000000000000e+03,4.275776689287291710e+00,6.257403319498784811e+00
1.933000000000000000e+03,4.272482086718505379e+00,6.252546658626412679e+00
1.934000000000000000e+03,4.269190062873927438e+00,6.247693852839953266e+00
1.935000000000000000e+03,4.265900615674064866e+00,6.242844898948999521e+00
1.936000000000000000e+03,4.262613743041180570e+00,6.237999793765987455e+00
1.937000000000000000e+03,4.259329442899337792e+00,6.233158534106218340e+00
1.938000000000000000e+03,4.256047713174336167e+00,6.228321116787784106e+00
1.939000000000000000e+03,4.252768551793754348e+00,6.223487538631620630e+00
1.940000000000000000e+03,4.249491956686922478e+00,6.218657796461506848e+00
1.941000000000000000e+03,4.246217925784960379e+00,6.213831887104002583e+00
1.942000000000000000e+03,4.242946457020701168e+00,6.209009807388532032e+00
1.943000000000000000e+03,4.239677548328778300e+00,6.204191554147305609e+00
1.944000000000000000e+03,4.236411197645551852e+00,6.199377124215371460e+00
1.945000000000000000e+03,4.233147402909165358e+00,6.194566514430571935e+00
1.946000000000000000e+03,4.229886162059479204e+00,6.189759721633549816e+00
1.947000000000000000e+03,4.226627473038144345e+00,6.184956742667796270e+00
1.948000000000000000e+03,4.223371333788518811e+00,6.180157574379542496e+00
1.949000000000000000e+03,4.220117742255753868e+00,6.175362213617888507e+00
1.950000000000000000e+03,4.216866696386710522e+00,6.170570657234661915e+00
1.951000000000000000e+03,4.213618194130017258e+00,6.165782902084538719e+00
1.952000000000000000e+03,4.210372233436028289e+00,6.160998945024971363e+00
1.953000000000000000e+03,4.207128812256868855e+00,6.156218782916193177e+00
1.954000000000000000e+03,4.203887928546355290e+00,6.151442412621221045e+00
1.955000000000000000e+03,4.200649580260100713e+00,6.146669831005871387e+00
1.956000000000000000e+03,4.197413765355394233e+00,6.141901034938737070e+00
1.957000000000000000e+03,4.194180481791315529e+00,6.137136021291180299e+00
1.958000000000000000e+03,4.190949727528631819e+00,6.132374786937351274e+00
1.959000000000000000e+03,4.187721500529884011e+00,6.127617328754165982e+00
1.960000000000000000e+03,4.184495798759318319e+00,6.122863643621305307e+00
1.961000000000000000e+03,4.181272620182904909e+00,6.118113728421219477e+00
1.962000000000000000e+03,4.178051962768360994e+00,6.113367580039128057e+00
1.963000000000000000e+03,4.174833824485107314e+00,6.108625195363022620e+00
1.964000000000000000e+03,4.171618203304314321e+00,6.103886571283633877e+00
1.965000000000000000e+03,4.168405097198844445e+00,6.099151704694462772e+00
1.966000000000000000e+03,4.165194504143308052e+00,6.094420592491737843e+00
1.967000000000000000e+03,4.161986422114030582e+00,6.089693231574493382e+00
1.968000000000000000e+03,4.158780849089028564e+00,6.084969618844442429e+00
1.969000000000000000e+03,4.155577783048073570e+00,6.080249751206102005e+00
1.970000000000000000e+03,4.152377221972615828e+00,6.075533625566694518e+00
1.971000000000000000e+03,4.149179163845845508e+00,6.070821238836212608e+00
1.972000000000000000e+03,4.145983606652646536e+00,6.066112587927356969e+00
1.973000000000000000e+03,4.142790548379617910e+00,6.061407669755586092e+00
1.974000000000000000e+03,4.139599987015063043e+00,6.056706481239055861e+00
1.975000000000000000e+03,4.136411920549018184e+00,6.052009019298705716e+00
1.976000000000000000e+03,4.133226346973176035e+00,6.047315280858161834e+00
1.977000000000000000e+03,4.130043264280978121e+00,6.042625262843777989e+00
1.978000000000000000e+03,4.126862670467533079e+00,6.037938962184642655e+00
1.979000000000000000e+03,4.123684563529685043e+00,6.033256375812552363e+00
1.980000000000000000e+03,4.120508941465943487e+00,6.028577500662028577e+00
1.981000000000000000e+03,4.117335802276533840e+00,6.023902333670308806e+00
1.982000000000000000e+03,4.114165143963359306e+00,6.019230871777317304e+00
1.983000000000000000e+03,4.110996964530045261e+00,6.014563111925705918e+00
1.984000000000000000e+03,4.107831261981885085e+00,6.009899051060818564e+00
1.985000000000000000e+03,4.104668034325876569e+00,6.005238686130733861e+00
1.986000000000000000e+03,4.101507279570703268e+00,6.000582014086194071e+00
1.987000000000000000e+03,4.098348995726719401e+00,5.995929031880643301e+00
1.988000000000000000e+03,4.095193180806003141e+00,5.991279736470244366e+00
1.989000000000000000e+03,4.092039832822275791e+00,5.986634124813819291e+00
1.990000000000000000e+03,4.088888949790962180e+00,5.981992193872919472e+00
1.991000000000000000e+03,4.085740529729179116e+00,5.977353940611737748e+00
1.992000000000000000e+03,4.082594570655705191e+00,5.972719361997191889e+00
1.993000000000000000e+03,4.079451070590997652e+00,5.968088454998860648e+00
1.994000000000000000e+03,4.076310027557201288e+00,5.963461216588978431e+00
1.995000000000000000e+03,4.073171439578126218e+00,5.958837643742507240e+00
1.996000000000000000e+03,4.070035304679269217e+00,5.954217733437047855e+00
1.997000000000000000e+03,4.066901620887773738e+00,5.949601482652889572e+00
1.998000000000000000e+03,4.063770386232494758e+00,5.944988888372968461e+00
1.999000000000000000e+03,4.060641598743917058e+00,5.940379947582893116e+00
2.000000000000000000e+03,4.057515256454213848e+00,5.935774657270951771e+00
2.001000000000000000e+03,4.054391357397218343e+00,5.931173014428066104e+00
2.002000000000000000e+03,4.051269899608430869e+00,5.926575016047858746e+00
2.003000000000000000e+03,4.048150881125003764e+00,5.921980659126551139e+00
2.004000000000000000e+03,4.045034299985766246e+00,5.917389940663065673e+00
2.005000000000000000e+03,4.041920154231199547e+00,5.912802857658943090e+00
2.006000000000000000e+03,4.038808441903448454e+00,5.908219407118380673e+00
2.007000000000000000e+03,4.035699161046305328e+00,5.903639586048230470e+00
2.008000000000000000e+03,4.032592309705227862e+00,5.899063391457982419e+00
2.009000000000000000e+03,4.029487885927312441e+00,5.894490820359759020e+00
2.010000000000000000e+03,4.026385887761329663e+00,5.889921869768325102e+00
2.011000000000000000e+03,4.023286313257679936e+00,5.885356536701072727e+00
2.012000000000000000e+03,4.020189160468429890e+00,5.880794818178029182e+00
2.013000000000000000e+03,4.017094427447283955e+00,5.876236711221864084e+00
2.014000000000000000e+03,4.014002112249588805e+00,5.871682212857852079e+00
2.015000000000000000e+03,4.010912212932341347e+00,5.867131320113911030e+00
2.016000000000000000e+03,4.007824727554196720e+00,5.862584030020560277e+00
2.017000000000000000e+03,4.004739654175416774e+00,5.858040339610959713e+00
2.018000000000000000e+03,4.001656990857944685e+00,5.853500245920874256e+00
2.019000000000000000e+03,3.998576735665314352e+00,5.848963745988697838e+00
2.020000000000000000e+03,3.995498886662754767e+00,5.844430836855394773e+00
2.021000000000000000e+03,3.992423441917072324e+00,5.839901515564578816e+00
2.022000000000000000e+03,3.989350399496760069e+00,5.835375779162455423e+00
2.023000000000000000e+03,3.986279757471894669e+00,5.830853624697828863e+00
2.024000000000000000e+03,3.983211513914219903e+00,5.826335049222116425e+00
2.025000000000000000e+03,3.980145666897092038e+00,5.821820049789328877e+00
2.026000000000000000e+03,3.977082214495503365e+00,5.817308623456063366e+00
2.027000000000000000e+03,3.974021154786068877e+00,5.812800767281524728e+00
2.028000000000000000e+03,3.970962485847024492e+00,5.808296478327512169e+00
2.029000000000000000e+03,3.967906205758242155e+00,5.803795753658381074e+00
2.030000000000000000e+03,3.964852312601200079e+00,5.799298590341114945e+00
2.031000000000000000e+03,3.961800804459011616e+00,5.794804985445249912e+00
2.032000000000000000e+03,3.958751679416403046e+00,5.790314936042915583e+00
2.033000000000000000e+03,3.955704935559711810e+00,5.785828439208822616e+00
2.034000000000000000e+03,3.952660570976907817e+00,5.781345492020247612e+00
2.035000000000000000e+03,3.949618583757554369e+00,5.776866091557049110e+00
2.036000000000000000e+03,3.946578971992850349e+00,5.772390234901660477e+00
2.037000000000000000e+03,3.943541733775585811e+00,5.767917919139061489e+00
2.038000000000000000e+03,3.940506867200173513e+00,5.763449141356812078e+00
2.039000000000000000e+03,3.937474370362638254e+00,5.758983898645044341e+00
2.040000000000000000e+03,3.934444241360593342e+00,5.754522188096446556e+00
2.041000000000000000e+03,3.931416478293284555e+00,5.750064006806241856e+00
2.042000000000000000e+03,3.928391079261539076e+00,5.745609351872236203e+00
2.043000000000000000e+03,3.925368042367797461e+00,5.741158220394778411e+00
2.044000000000000000e+03,3.922347365716102541e+00,5.736710609476778799e+00
2.045000000000000000e+03,3.919329047412088762e+00,5.732266516223673669e+00
2.046000000000000000e+03,3.916313085563002616e+00,5.727825937743476814e+00
2.047000000000000000e+03,3.913299478277673771e+00,5.723388871146709356e+00
2.048000000000000000e+03,3.910288223666543939e+00,5.718955313546451258e+00
2.049000000000000000e+03,3.907279319841625131e+00,5.714525262058336885e+00
2.050000000000000000e+03,3.904272764916546290e+00,5.710098713800491943e+00
2.051000000000000000e+03,3.901268557006510207e+00,5.705675665893630288e+00
2.052000000000000000e+03,3.898266694228313067e+00,5.701256115460961560e+00
2.053000000000000000e+03,3.895267174700354218e+00,5.696840059628219599e+00
2.054000000000000000e+03,3.892269996542595312e+00,5.692427495523690872e+00
2.055000000000000000e+03,3.889275157876595834e+00,5.688018420278158516e+00
2.056000000000000000e+03,3.886282656825517101e+00,5.683612831024952072e+00
2.057000000000000000e+03,3.883292491514058753e+00,5.679210724899890650e+00
2.058000000000000000e+03,3.880304660068547573e+00,5.674812099041338875e+00
2.059000000000000000e+03,3.877319160616854443e+00,5.670416950590153604e+00
2.060000000000000000e+03,3.874335991288464065e+00,5.666025276689704349e+00
2.061000000000000000e+03,3.871355150214392360e+00,5.661637074485891041e+00
2.062000000000000000e+03,3.868376635527275731e+00,5.657252341127097850e+00
2.063000000000000000e+03,3.865400445361295123e+00,5.652871073764212717e+00
2.064000000000000000e+03,3.862426577852220877e+00,5.648493269550639795e+00
2.065000000000000000e+03,3.859455031137366987e+00,5.644118925642279017e+00
2.066000000000000000e+03,3.856485803355658604e+00,5.639748039197512774e+00
2.067000000000000000e+03,3.853518892647545435e+00,5.635380607377233453e+00
2.068000000000000000e+03,3.850554297155092787e+00,5.631016627344815006e+00
2.069000000000000000e+03,3.847592015021865208e+00,5.626656096266123619e+00
2.070000000000000000e+03,3.844632044393071713e+00,5.622299011309518590e+00
2.071000000000000000e+03,3.841674383415407235e+00,5.617945369645828357e+00
2.072000000000000000e+03,3.838719030237183638e+00,5.613595168448380690e+00
2.073000000000000000e+03,3.835765983008224023e+00,5.609248404892974271e+00
2.074000000000000000e+03,3.832815239879964420e+00,5.604905076157884913e+00
2.075000000000000000e+03,3.829866799005341438e+00,5.600565179423870887e+00
2.076000000000000000e+03,3.826920658538895736e+00,5.596228711874131179e+00
2.077000000000000000e+03,3.823976816636679654e+00,5.591895670694404075e+00
2.078000000000000000e+03,3.821035271456343363e+00,5.587566053072814398e+00
2.079000000000000000e+03,3.818096021157042053e+00,5.583239856200010287e+00
2.080000000000000000e+03,3.815159063899516756e+00,5.578917077269059277e+00
2.081000000000000000e+03,3.812224397846016632e+00,5.574597713475548666e+00
2.082000000000000000e+03,3.809292021160386899e+00,5.570281762017446958e+00
2.083000000000000000e+03,3.806361932007971571e+00,5.565969220095251302e+00
2.084000000000000000e+03,3.803434128555700067e+00,5.561660084911854263e+00
2.085000000000000000e+03,3.800508608971999713e+00,5.557354353672645075e+00
2.086000000000000000e+03,3.797585371426887235e+00,5.553052023585425268e+00
2.087000000000000000e+03,3.794664414091876825e+00,5.548753091860466391e+00
2.088000000000000000e+03,3.791745735140060525e+00,5.544457555710470054e+00
2.089000000000000000e+03,3.788829332746016743e+00,5.540165412350588348e+00
2.090000000000000000e+03,3.785915205085915058e+00,5.535876658998403421e+00
2.091000000000000000e+03,3.783003350337411863e+00,5.531591292873954124e+00
2.092000000000000000e+03,3.780093766679728962e+00,5.527309311199670283e+00
2.093000000000000000e+03,3.777186452293592289e+00,5.523030711200462406e+00
2.094000000000000000e+03,3.774281405361290531e+00,5.518755490103649741e+00
2.095000000000000000e+03,3.771378624066607621e+00,5.514483645138976264e+00
2.096000000000000000e+03,3.768478106594887134e+00,5.510215173538608902e+00
2.097000000000000000e+03,3.765579851132956346e+00,5.505950072537156181e+00
2.098000000000000000e+03,3.762683855869211946e+00,5.501688339371619385e+00
2.099000000000000000e+03,3.759790118993532104e+00,5.497429971281429850e+00
2.100000000000000000e+03,3.756898638697355519e+00,5.493174965508448970e+00
2.101000000000000000e+03,3.754009413173614362e+00,5.488923319296930003e+00
2.102000000000000000e+03,3.751122440616778686e+00,5.484675029893541165e+00
2.103000000000000000e+03,3.748237719222809350e+00,5.480430094547366515e+00
2.104000000000000000e+03,3.745355247189202430e+00,5.476188510509886420e+00
2.105000000000000000e+03,3.742475022714963462e+00,5.471950275035005085e+00
2.106000000000000000e+03,3.739597044000615433e+00,5.467715385379000814e+00
2.107000000000000000e+03,3.736721309248190348e+00,5.463483838800585524e+00
2.108000000000000000e+03,3.733847816661231001e+00,5.459255632560819471e+00
2.109000000000000000e+03,3.730976564444787424e+00,5.455030763923213399e+00
2.110000000000000000e+03,3.728107550805416892e+00,5.450809230153612184e+00
2.111000000000000000e+03,3.725240773951189688e+00,5.446591028520307631e+00
2.112000000000000000e+03,3.722376232091670012e+00,5.442376156293935452e+00
2.113000000000000000e+03,3.719513923437936853e+00,5.438164610747536543e+00
2.114000000000000000e+03,3.716653846202558675e+00,5.433956389156529454e+00
2.115000000000000000e+03,3.713795998599612069e+00,5.429751488798725489e+00
2.116000000000000000e+03,3.710940378844691079e+00,5.425549906954288737e+00
2.117000000000000000e+03,3.708086985154848136e+00,5.421351640905790248e+00
2.118000000000000000e+03,3.705235815748666894e+00,5.417156687938138759e+00
2.119000000000000000e+03,3.702386868846201384e+00,5.412965045338676617e+00
2.120000000000000000e+03,3.699540142669031972e+00,5.408776710397025234e+00
2.121000000000000000e+03,3.696695635440192973e+00,5.404591680405261833e+00
2.122000000000000000e+03,3.693853345384241038e+00,5.400409952657757806e+00
2.123000000000000000e+03,3.691013270727198758e+00,5.396231524451303052e+00
2.124000000000000000e+03,3.688175409696604401e+00,5.392056393084999399e+00
2.125000000000000000e+03,3.685339760521453734e+00,5.387884555860345870e+00
2.126000000000000000e+03,3.682506321432252872e+00,5.383716010081168513e+00
2.127000000000000000e+03,3.679675090660981418e+00,5.379550753053672807e+00
2.128000000000000000e+03,3.676846066441105343e+00,5.375388782086377049e+00
2.129000000000000000e+03,3.674019247007557443e+00,5.371230094490201168e+00
2.130000000000000000e+03,3.671194630596775532e+00,5.367074687578351266e+00
2.131000000000000000e+03,3.668372215446662921e+00,5.362922558666424422e+00
2.132000000000000000e+03,3.665551999796608396e+00,5.358773705072346516e+00
2.133000000000000000e+03,3.662733981887467127e+00,5.354628124116379340e+00
2.134000000000000000e+03,3.659918159961569550e+00,5.350485813121120593e+00
2.135000000000000000e+03,3.657104532262728025e+00,5.346346769411507438e+00
2.136000000000000000e+03,3.654293097036225735e+00,5.342210990314800512e+00
2.137000000000000000e+03,3.651483852528816687e+00,5.338078473160609683e+00
2.138000000000000000e+03,3.648676796988716386e+00,5.333949215280859413e+00
2.139000000000000000e+03,3.645871928665620043e+00,5.329823214009797638e+00
2.140000000000000000e+03,3.643069245810681700e+00,5.325700466684009093e+00
2.141000000000000000e+03,3.640268746676527112e+00,5.321580970642390440e+00
2.142000000000000000e+03,3.637470429517252857e+00,5.317464723226161816e+00
2.143000000000000000e+03,3.634674292588395250e+00,5.313351721778856174e+00
2.144000000000000000e+03,3.631880334146982303e+00,5.309241963646318396e+00
2.145000000000000000e+03,3.629088552451471550e+00,5.305135446176731051e+00
2.146000000000000000e+03,3.626298945761812220e+00,5.301032166720546002e+00
2.147000000000000000e+03,3.623511512339380403e+00,5.296932122630562567e+00
2.148000000000000000e+03,3.620726250447043437e+00,5.292835311261860909e+00
2.149000000000000000e+03,3.617943158349072430e+00,5.288741729971836669e+00
2.150000000000000000e+03,3.615162234311255052e+00,5.284651376120189425e+00
2.151000000000000000e+03,3.612383476600769860e+00,5.280564247068892492e+00
2.152000000000000000e+03,3.609606883486307094e+00,5.276480340182265749e+00
2.153000000000000000e+03,3.606832453237952318e+00,5.272399652826877947e+00
2.154000000000000000e+03,3.604060184127288569e+00,5.268322182371607987e+00
2.155000000000000000e+03,3.601290074427297316e+00,5.264247926187624493e+00
2.156000000000000000e+03,3.598522122412444180e+00,5.260176881648400027e+00
2.157000000000000000e+03,3.595756326358618082e+00,5.256109046129656903e+00
2.158000000000000000e+03,3.592992684543167226e+00,5.252044417009436472e+00
2.159000000000000000e+03,3.590231195244874662e+00,5.247982991668038721e+00
2.160000000000000000e+03,3.587471856743956522e+00,5.243924767488072902e+00
2.161000000000000000e+03,3.584714667322075776e+00,5.239869741854381147e+00
2.162000000000000000e+03,3.581959625262331581e+00,5.235817912154123732e+00
2.163000000000000000e+03,3.579206728849268604e+00,5.231769275776700034e+00
2.164000000000000000e+03,3.576455976368857481e+00,5.227723830113821357e+00
2.165000000000000000e+03,3.573707366108491712e+00,5.223681572559413233e+00
2.166000000000000000e+03,3.570960896357033398e+00,5.219642500509725558e+00
2.167000000000000000e+03,3.568216565404747520e+00,5.215606611363225120e+00
2.168000000000000000e+03,3.565474371543323251e+00,5.211573902520666657e+00
2.169000000000000000e+03,3.562734313065909486e+00,5.207544371385051996e+00
2.170000000000000000e+03,3.559996388267051781e+00,5.203518015361654037e+00
2.171000000000000000e+03,3.557260595442750972e+00,5.199494831857991883e+00
2.172000000000000000e+03,3.554526932890403668e+00,5.195474818283838836e+00
2.173000000000000000e+03,3.551795398908851542e+00,5.191457972051226832e+00
2.174000000000000000e+03,3.549065991798351138e+00,5.187444290574426020e+00
2.175000000000000000e+03,3.546338709860578309e+00,5.183433771269956303e+00
2.176000000000000000e+03,3.543613551398636208e+00,5.179426411556596221e+00
2.177000000000000000e+03,3.540890514717037529e+00,5.175422208855342099e+00
2.178000000000000000e+03,3.538169598121723602e+00,5.171421160589465771e+00
2.179000000000000000e+03,3.535450799920040854e+00,5.167423264184429321e+00
2.180000000000000000e+03,3.532734118420758129e+00,5.163428517067983670e+00
2.181000000000000000e+03,3.530019551934056476e+00,5.159436916670069984e+00
2.182000000000000000e+03,3.527307098771520710e+00,5.155448460422896950e+00
2.183000000000000000e+03,3.524596757246170498e+00,5.151463145760868834e+00
2.184000000000000000e+03,3.521888525672404846e+00,5.147480970120647648e+00
2.185000000000000000e+03,3.519182402366056728e+00,5.143501930941104305e+00
2.186000000000000000e+03,3.516478385644339788e+00,5.139526025663337272e+00
2.187000000000000000e+03,3.513776473825903413e+00,5.135553251730667235e+00
2.188000000000000000e+03,3.511076665230786542e+00,5.131583606588637103e+00
2.189000000000000000e+03,3.508378958180424778e+00,5.127617087684994246e+00
2.190000000000000000e+03,3.505683350997671255e+00,5.123653692469723353e+00
2.191000000000000000e+03,3.502989842006765109e+00,5.119693418394991369e+00
2.192000000000000000e+03,3.500298429533367006e+00,5.115736262915204335e+00
2.193000000000000000e+03,3.497609111904500079e+00,5.111782223486950549e+00
2.194000000000000000e+03,3.494921887448632525e+00,5.107831297569076945e+00
2.195000000000000000e+03,3.492236754495577689e+00,5.103883482622559420e+00
2.196000000000000000e+03,3.489553711376595313e+00,5.099938776110632510e+00
2.197000000000000000e+03,3.486872756424279185e+00,5.095997175498708565e+00
2.198000000000000000e+03,3.484193887972671266e+00,5.092058678254409720e+00
2.199000000000000000e+03,3.481517104357173764e+00,5.088123281847539481e+00
2.200000000000000000e+03,3.478842403914582881e+00,5.084190983750105808e+00
2.201000000000000000e+03,3.476169784983087929e+00,5.080261781436295365e+00
2.202000000000000000e+03,3.473499245902267774e+00,5.076335672382507269e+00
2.203000000000000000e+03,3.470830785013081066e+00,5.072412654067308679e+00
2.204000000000000000e+03,3.468164400657865354e+00,5.068492723971479208e+00
2.205000000000000000e+03,3.465500091180358844e+00,5.064575879577934536e+00
2.206000000000000000e+03,3.462837854925663539e+00,5.060662118371809903e+00
2.207000000000000000e+03,3.460177690240275883e+00,5.056751437840405039e+00
2.208000000000000000e+03,3.457519595472063667e+00,5.052843835473210810e+00
2.209000000000000000e+03,3.454863568970280241e+00,5.048939308761881684e+00
2.210000000000000000e+03,3.452209609085553410e+00,5.045037855200238397e+00
2.211000000000000000e+03,3.449557714169880995e+00,5.041139472284280387e+00
2.212000000000000000e+03,3.446907882576637494e+00,5.037244157512182241e+00
2.213000000000000000e+03,3.444260112660585182e+00,5.033351908384280371e+00
2.214000000000000000e+03,3.441614402777830151e+00,5.029462722403079233e+00
2.215000000000000000e+03,3.438970751285879146e+00,5.025576597073231788e+00
2.216000000000000000e+03,3.436329156543591168e+00,5.021693529901564368e+00
2.217000000000000000e+03,3.433689616911199227e+00,5.017813518397055361e+00
2.218000000000000000e+03,3.431052130750313012e+00,5.013936560070866300e+00
2.219000000000000000e+03,3.428416696423878474e+00,5.010062652436256592e+00
2.220000000000000000e+03,3.425783312296238226e+00,5.006191793008707869e+00
2.221000000000000000e+03,3.423151976733082247e+00,5.002323979305780988e+00
2.222000000000000000e+03,3.420522688101474973e+00,4.998459208847248370e+00
2.223000000000000000e+03,3.417895444769816660e+00,4.994597479154982089e+00
2.224000000000000000e+03,3.415270245107902003e+00,4.990738787753027594e+00
2.225000000000000000e+03,3.412647087486857966e+00,4.986883132167562849e+00
2.226000000000000000e+03,3.410025970279189078e+00,4.983030509926900997e+00
2.227000000000000000e+03,3.407406891858728581e+00,4.979180918561493030e+00
2.228000000000000000e+03,3.404789850600698387e+00,4.975334355603941994e+00
2.229000000000000000e+03,3.402174844881640237e+00,4.971490818588967464e+00
2.230000000000000000e+03,3.399561873079483210e+00,4.967650305053426862e+00
2.231000000000000000e+03,3.396950933573475773e+00,4.963812812536307462e+00
2.232000000000000000e+03,3.394342024744240405e+00,4.959978338578723722e+00
2.233000000000000000e+03,3.391735144973730964e+00,4.956146880723913739e+00
2.234000000000000000e+03,3.389130292645264664e+00,4.952318436517244571e+00
2.235000000000000000e+03,3.386527466143493648e+00,4.948493003506211352e+00
2.236000000000000000e+03,3.383926663854429417e+00,4.944670579240409758e+00
2.237000000000000000e+03,3.381327884165402864e+00,4.940851161271575975e+00
2.238000000000000000e+03,3.378731125465114449e+00,4.937034747153534298e+00
2.239000000000000000e+03,3.376136386143581802e+00,4.933221334442252193e+00
2.240000000000000000e+03,3.373543664592190350e+00,4.929410920695795006e+00
2.241000000000000000e+03,3.370952959203641353e+00,4.925603503474333067e+00
2.242000000000000000e+03,3.368364268371990100e+00,4.921799080340153232e+00
2.243000000000000000e+03,3.365777590492611715e+00,4.917997648857646453e+00
2.244000000000000000e+03,3.363192923962238456e+00,4.914199206593306890e+00
2.245000000000000000e+03,3.360610267178917976e+00,4.910403751115723914e+00
2.246000000000000000e+03,3.358029618542047512e+00,4.906611279995598984e+00
2.247000000000000000e+03,3.355450976452335698e+00,4.902821790805723445e+00
2.248000000000000000e+03,3.352874339311849639e+00,4.899035281120984742e+00
2.249000000000000000e+03,3.350299705523961613e+00,4.895251748518360202e+00
2.250000000000000000e+03,3.347727073493386385e+00,4.891471190576934802e+00
2.251000000000000000e+03,3.345156441626155441e+00,4.887693604877861198e+00
2.252000000000000000e+03,3.342587808329646748e+00,4.883918989004396138e+00
2.253000000000000000e+03,3.340021172012528794e+00,4.880147340541880929e+00
2.254000000000000000e+03,3.337456531084831646e+00,4.876378657077738765e+00
2.255000000000000000e+03,3.334893883957872784e+00,4.872612936201464073e+00
2.256000000000000000e+03,3.332333229044333489e+00,4.868850175504653599e+00
2.257000000000000000e+03,3.329774564758162914e+00,4.865090372580953115e+00
2.258000000000000000e+03,3.327217889514682447e+00,4.861333525026108937e+00
2.259000000000000000e+03,3.324663201730488904e+00,4.857579630437931506e+00
2.260000000000000000e+03,3.322110499823526020e+00,4.853828686416313154e+00
2.261000000000000000e+03,3.319559782213027166e+00,4.850080690563185470e+00
2.262000000000000000e+03,3.317011047319556205e+00,4.846335640482592133e+00
2.263000000000000000e+03,3.314464293564997277e+00,4.842593533780609860e+00
2.264000000000000000e+03,3.311919519372519716e+00,4.838854368065396372e+00
2.265000000000000000e+03,3.309376723166628231e+00,4.835118140947173515e+00
2.266000000000000000e+03,3.306835903373133156e+00,4.831384850038193512e+00
2.267000000000000000e+03,3.304297058419138899e+00,4.827654492952808241e+00
2.268000000000000000e+03,3.301760186733081248e+00,4.823927067307408834e+00
2.269000000000000000e+03,3.299225286744670083e+00,4.820202570720431900e+00
2.270000000000000000e+03,3.296692356884955544e+00,4.816481000812368407e+00
2.271000000000000000e+03,3.294161395586267638e+00,4.812762355205776110e+00
2.272000000000000000e+03,3.291632401282245102e+00,4.809046631525250248e+00
2.273000000000000000e+03,3.289105372407822081e+00,4.805333827397431534e+00
2.274000000000000000e+03,3.286580307399256551e+00,4.801623940451003492e+00
2.275000000000000000e+03,3.284057204694069920e+00,4.797916968316702224e+00
2.276000000000000000e+03,3.281536062731113201e+00,4.794212908627301317e+00
2.277000000000000000e+03,3.279016879950517716e+00,4.790511759017592297e+00
2.278000000000000000e+03,3.276499654793715521e+00,4.786813517124450357e+00
2.279000000000000000e+03,3.273984385703430089e+00,4.783118180586736656e+00
2.280000000000000000e+03,3.271471071123677188e+00,4.779425747045374706e+00
2.281000000000000000e+03,3.268959709499772881e+00,4.775736214143310399e+00
2.282000000000000000e+03,3.266450299278321534e+00,4.772049579525523555e+00
2.283000000000000000e+03,3.263942838907202049e+00,4.768365840839011938e+00
2.284000000000000000e+03,3.261437326835608719e+00,4.764684995732803685e+00
2.285000000000000000e+03,3.258933761513998828e+00,4.761007041857948430e+00
2.286000000000000000e+03,3.256432141394138391e+00,4.757331976867542167e+00
2.287000000000000000e+03,3.253932464929056412e+00,4.753659798416653537e+00
2.288000000000000000e+03,3.251434730573087073e+00,4.749990504162408200e+00
2.289000000000000000e+03,3.248938936781824438e+00,4.746324091763928443e+00
2.290000000000000000e+03,3.246445082012167305e+00,4.742660558882357158e+00
2.291000000000000000e+03,3.243953164722276128e+00,4.738999903180844520e+00
2.292000000000000000e+03,3.241463183371606771e+00,4.735342122324560421e+00
2.293000000000000000e+03,3.238975136420885637e+00,4.731687213980680262e+00
2.294000000000000000e+03,3.236489022332114995e+00,4.728035175818372515e+00
2.295000000000000000e+03,3.234004839568573875e+00,4.724386005508836028e+00
2.296000000000000000e+03,3.231522586594824720e+00,4.720739700725241406e+00
2.297000000000000000e+03,3.229042261876690745e+00,4.717096259142789627e+00
2.298000000000000000e+03,3.226563863881281247e+00,4.713455678438652541e+00
2.299000000000000000e+03,3.224087391076961850e+00,4.709817956292027930e+00
2.300000000000000000e+03,3.221612841933376714e+00,4.706183090384081780e+00
2.301000000000000000e+03,3.219140214921444532e+00,4.702551078397990025e+00
2.302000000000000000e+03,3.216669508513348319e+00,4.698921918018928778e+00
2.303000000000000000e+03,3.214200721182531861e+00,4.695295606934019261e+00
2.304000000000000000e+03,3.211733851403717033e+00,4.691672142832436165e+00
2.305000000000000000e+03,3.209268897652868713e+00,4.688051523405274423e+00
2.306000000000000000e+03,3.206805858407246301e+00,4.684433746345670890e+00
2.307000000000000000e+03,3.204344732145341990e+00,4.680818809348690657e+00
2.308000000000000000e+03,3.201885517346934940e+00,4.677206710111430077e+00
2.309000000000000000e+03,3.199428212493049539e+00,4.673597446332922623e+00
2.310000000000000000e+03,3.196972816065965173e+00,4.669991015714209048e+00
2.311000000000000000e+03,3.194519326549239313e+00,4.666387415958270779e+00
2.312000000000000000e+03,3.192067742427662669e+00,4.662786644770096522e+00
2.313000000000000000e+03,3.189618062187292047e+00,4.659188699856623650e+00
2.314000000000000000e+03,3.187170284315446356e+00,4.655593578926769283e+00
2.315000000000000000e+03,3.184724407300683513e+00,4.652001279691408975e+00
2.316000000000000000e+03,3.182280429632832863e+00,4.648411799863391813e+00
2.317000000000000000e+03,3.179838349802946773e+00,4.644825137157521766e+00
2.318000000000000000e+03,3.177398166303369909e+00,4.641241289290583438e+00
2.319000000000000000e+03,3.174959877627647309e+00,4.637660253981287894e+00
2.320000000000000000e+03,3.172523482270611872e+00,4.634082028950344601e+00
2.321000000000000000e+03,3.170088978728313300e+00,4.630506611920372606e+00
2.322000000000000000e+03,3.167656365498066950e+00,4.626934000615994691e+00
2.323000000000000000e+03,3.165225641078427632e+00,4.623364192763739666e+00
2.324000000000000000e+03,3.162796803969200710e+00,4.619797186092136521e+00
2.325000000000000000e+03,3.160369852671412794e+00,4.616232978331607839e+00
2.326000000000000000e+03,3.157944785687357037e+00,4.612671567214565727e+00
2.327000000000000000e+03,3.155521601520543395e+00,4.609112950475344306e+00
2.328000000000000000e+03,3.153100298675745261e+00,4.605557125850235245e+00
2.329000000000000000e+03,3.150680875658949720e+00,4.602004091077456671e+00
2.330000000000000000e+03,3.148263330977401075e+00,4.598453843897180704e+00
2.331000000000000000e+03,3.145847663139569761e+00,4.594906382051509475e+00
2.332000000000000000e+03,3.143433870655156781e+00,4.591361703284484008e+00
2.333000000000000000e+03,3.141021952035104370e+00,4.587819805342076229e+00
2.334000000000000000e+03,3.138611905791583556e+00,4.584280685972196068e+00
2.335000000000000000e+03,3.136203730438008375e+00,4.580744342924666590e+00
2.336000000000000000e+03,3.133797424489004335e+00,4.577210773951270184e+00
2.337000000000000000e+03,3.131392986460439065e+00,4.573679976805680170e+00
2.338000000000000000e+03,3.128990414869402770e+00,4.570151949243538958e+00
2.339000000000000000e+03,3.126589708234216669e+00,4.566626689022357688e+00
2.340000000000000000e+03,3.124190865074423229e+00,4.563104193901626360e+00
2.341000000000000000e+03,3.121793883910795042e+00,4.559584461642697484e+00
2.342000000000000000e+03,3.119398763265321950e+00,4.556067490008890886e+00
2.343000000000000000e+03,3.117005501661219480e+00,4.552553276765408441e+00
2.344000000000000000e+03,3.114614097622927513e+00,4.549041819679391807e+00
2.345000000000000000e+03,3.112224549676108953e+00,4.545533116519862027e+00
2.346000000000000000e+03,3.109836856347641287e+00,4.542027165057795912e+00
2.347000000000000000e+03,3.107451016165616586e+00,4.538523963066034561e+00
2.348000000000000000e+03,3.105067027659351719e+00,4.535023508319365071e+00
2.349000000000000000e+03,3.102684889359371478e+00,4.531525798594432608e+00
2.350000000000000000e+03,3.100304599797432115e+00,4.528030831669846989e+00
2.351000000000000000e+03,3.097926157506481371e+00,4.524538605326056562e+00
2.352000000000000000e+03,3.095549561020697560e+00,4.521049117345462776e+00
2.353000000000000000e+03,3.093174808875462034e+00,4.517562365512318934e+00
2.354000000000000000e+03,3.090801899607373393e+00,4.514078347612819009e+00
2.355000000000000000e+03,3.088430831754235495e+00,4.510597061435018595e+00
2.356000000000000000e+03,3.086061603855066782e+00,4.507118504768891754e+00
2.357000000000000000e+03,3.083694214450076743e+00,4.503642675406257290e+00
2.358000000000000000e+03,3.081328662080700997e+00,4.500169571140889779e+00
2.359000000000000000e+03,3.078964945289569322e+00,4.496699189768398774e+00
2.360000000000000000e+03,3.076603062620524742e+00,4.493231529086304299e+00
2.361000000000000000e+03,3.074243012618606219e+00,4.489766586893997768e+00
2.362000000000000000e+03,3.071884793830049087e+00,4.486304360992756202e+00
2.363000000000000000e+03,3.069528404802309929e+00,4.482844849185751990e+00
2.364000000000000000e+03,3.067173844084028378e+00,4.479388049278011152e+00
2.365000000000000000e+03,3.064821110225048439e+00,4.475933959076454194e+00
2.366000000000000000e+03,3.062470201776413603e+00,4.472482576389881004e+00
2.367000000000000000e+03,3.060121117290363291e+00,4.469033899028931778e+00
2.368000000000000000e+03,3.057773855320318646e+00,4.465587924806171394e+00
2.369000000000000000e+03,3.055428414420926941e+00,4.462144651535980167e+00
2.370000000000000000e+03,3.053084793147999854e+00,4.458704077034643554e+00
2.371000000000000000e+03,3.050742990058568083e+00,4.455266199120294424e+00
2.372000000000000000e+03,3.048403003710825399e+00,4.451831015612952136e+00
2.373000000000000000e+03,3.046064832664174382e+00,4.448398524334466586e+00
2.374000000000000000e+03,3.043728475479203777e+00,4.444968723108581266e+00
2.375000000000000000e+03,3.041393930717692928e+00,4.441541609760863984e+00
2.376000000000000000e+03,3.039061196942602017e+00,4.438117182118788584e+00
2.377000000000000000e+03,3.036730272718080048e+00,4.434695438011625690e+00
2.378000000000000000e+03,3.034401156609468408e+00,4.431276375270553736e+00
2.379000000000000000e+03,3.032073847183283544e+00,4.427859991728575473e+00
2.380000000000000000e+03,3.029748343007223621e+00,4.424446285220546393e+00
2.381000000000000000e+03,3.027424642650185849e+00,4.421035253583179170e+00
2.382000000000000000e+03,3.025102744682231837e+00,4.417626894655026781e+00
2.383000000000000000e+03,3.022782647674610246e+00,4.414221206276480736e+00
2.384000000000000000e+03,3.020464350199736359e+00,4.410818186289800380e+00
2.385000000000000000e+03,3.018147850831226719e+00,4.407417832539066715e+00
2.386000000000000000e+03,3.015833148143858278e+00,4.404020142870207266e+00
2.387000000000000000e+03,3.013520240713583487e+00,4.400625115130989862e+00
2.388000000000000000e+03,3.011209127117544959e+00,4.397232747171015532e+00
2.389000000000000000e+03,3.008899805934036831e+00,4.393843036841713179e+00
2.390000000000000000e+03,3.006592275742542952e+00,4.390455981996375989e+00
2.391000000000000000e+03,3.004286535123714241e+00,4.387071580490088607e+00
2.392000000000000000e+03,3.001982582659371346e+00,4.383689830179798186e+00
2.393000000000000000e+03,2.999680416932512195e+00,4.380310728924250441e+00
2.394000000000000000e+03,2.997380036527280467e+00,4.376934274584046491e+00
2.395000000000000000e+03,2.995081440029017994e+00,4.373560465021601118e+00
2.396000000000000000e+03,2.992784626024211914e+00,4.370189298101145425e+00
2.397000000000000000e+03,2.990489593100524424e+00,4.366820771688733949e+00
2.398000000000000000e+03,2.988196339846776795e+00,4.363454883652257976e+00
2.399000000000000000e+03,2.985904864852965801e+00,4.360091631861402917e+00
2.400000000000000000e+03,2.983615166710223754e+00,4.356731014187698037e+00
2.401000000000000000e+03,2.981327244010885114e+00,4.353373028504456066e+00
2.402000000000000000e+03,2.979041095348405666e+00,4.350017672686820269e+00
2.403000000000000000e+03,2.976756719317422917e+00,4.346664944611757342e+00
2.404000000000000000e+03,2.974474114513723233e+00,4.343314842158011224e+00
2.405000000000000000e+03,2.972193279534254273e+00,4.339967363206160833e+00
2.406000000000000000e+03,2.969914212977131207e+00,4.336622505638584535e+00
2.407000000000000000e+03,2.967636913441600743e+00,4.333280267339459257e+00
2.408000000000000000e+03,2.965361379528085095e+00,4.329940646194779141e+00
2.409000000000000000e+03,2.963087609838142011e+00,4.326603640092322678e+00
2.410000000000000000e+03,2.960815602974495420e+00,4.323269246921674913e+00
2.411000000000000000e+03,2.958545357541019438e+00,4.319937464574222119e+00
2.412000000000000000e+03,2.956276872142730383e+00,4.316608290943149129e+00
2.413000000000000000e+03,2.954010145385802311e+00,4.313281723923426014e+00
2.414000000000000000e+03,2.951745175877546590e+00,4.309957761411816968e+00
2.415000000000000000e+03,2.949481962226438547e+00,4.306636401306890960e+00
2.416000000000000000e+03,2.947220503042084605e+00,4.303317641508987990e+00
2.417000000000000000e+03,2.944960796935241820e+00,4.300001479920250169e+00
2.418000000000000000e+03,2.942702842517809891e+00,4.296687914444593304e+00
2.419000000000000000e+03,2.940446638402836488e+00,4.293376942987739753e+00
2.420000000000000000e+03,2.938192183204505259e+00,4.290068563457159811e+00
2.421000000000000000e+03,2.935939475538145160e+00,4.286762773762151646e+00
2.422000000000000000e+03,2.933688514020229121e+00,4.283459571813741817e+00
2.423000000000000000e+03,2.931439297268360278e+00,4.280158955524775877e+00
2.424000000000000000e+03,2.929191823901277747e+00,4.276860922809850862e+00
2.425000000000000000e+03,2.926946092538873057e+00,4.273565471585363262e+00
2.426000000000000000e+03,2.924702101802162169e+00,4.270272599769453059e+00
2.427000000000000000e+03,2.922459850313301022e+00,4.266982305282051691e+00
2.428000000000000000e+03,2.920219336695577095e+00,4.263694586044847412e+00
2.429000000000000000e+03,2.917980559573404520e+00,4.260409439981317270e+00
2.430000000000000000e+03,2.915743517572338295e+00,4.257126865016672035e+00
2.431000000000000000e+03,2.913508209319074727e+00,4.253846859077925480e+00
2.432000000000000000e+03,2.911274633441416348e+00,4.250569420093825102e+00
2.433000000000000000e+03,2.909042788568312776e+00,4.247294545994901860e+00
2.434000000000000000e+03,2.906812673329837615e+00,4.244022234713424879e+00
2.435000000000000000e+03,2.904584286357184464e+00,4.240752484183437865e+00
2.436000000000000000e+03,2.902357626282680680e+00,4.237485292340733345e+00
2.437000000000000000e+03,2.900132691739780277e+00,4.234220657122856224e+00
2.438000000000000000e+03,2.897909481363042605e+00,4.230958576469127763e+00
2.439000000000000000e+03,2.895687993788193193e+00,4.227699048320584296e+00
2.440000000000000000e+03,2.893468227652030933e+00,4.224442070620045619e+00
2.441000000000000000e+03,2.891250181592508905e+00,4.221187641312055483e+00
2.442000000000000000e+03,2.889033854248680644e+00,4.217935758342917119e+00
2.443000000000000000e+03,2.886819244260731665e+00,4.214686419660679029e+00
2.444000000000000000e+03,2.884606350269965702e+00,4.211439623215126993e+00
2.445000000000000000e+03,2.882395170918792271e+00,4.208195366957800054e+00
2.446000000000000000e+03,2.880185704850745765e+00,4.204953648841964764e+00
2.447000000000000000e+03,2.877977950710481458e+00,4.201714466822640048e+00
2.448000000000000000e+03,2.875771907143751083e+00,4.198477818856569677e+00
2.449000000000000000e+03,2.873567572797437020e+00,4.195243702902242688e+00
2.450000000000000000e+03,2.871364946319534983e+00,4.192012116919877407e+00
2.451000000000000000e+03,2.869164026359131814e+00,4.188783058871415221e+00
2.452000000000000000e+03,2.866964811566447668e+00,4.185556526720544568e+00
2.453000000000000000e+03,2.864767300592795607e+00,4.182332518432682278e+00
2.454000000000000000e+03,2.862571492090613123e+00,4.179111031974953150e+00
2.455000000000000000e+03,2.860377384713428839e+00,4.175892065316239687e+00
2.456000000000000000e+03,2.858184977115888703e+00,4.172675616427118150e+00
2.457000000000000000e+03,2.855994267953739119e+00,4.169461683279910957e+00
2.458000000000000000e+03,2.853805255883837599e+00,4.166250263848631619e+00
2.459000000000000000e+03,2.851617939564131898e+00,4.163041356109057567e+00
2.460000000000000000e+03,2.849432317653690649e+00,4.159834958038650221e+00
2.461000000000000000e+03,2.847248388812666064e+00,4.156631067616586961e+00
2.462000000000000000e+03,2.845066151702330792e+00,4.153429682823789548e+00
2.463000000000000000e+03,2.842885604985035286e+00,4.150230801642859291e+00
2.464000000000000000e+03,2.840706747324253989e+00,4.147034422058129444e+00
2.465000000000000000e+03,2.838529577384530711e+00,4.143840542055641230e+00
2.466000000000000000e+03,2.836354093831526146e+00,4.140649159623129627e+00
2.467000000000000000e+03,2.834180295331987232e+00,4.137460272750058010e+00
2.468000000000000000e+03,2.832008180553768906e+00,4.134273879427578180e+00
2.469000000000000000e+03,2.829837748165802580e+00,4.131089977648560563e+00
2.470000000000000000e+03,2.827668996838128113e+00,4.127908565407564900e+00
2.471000000000000000e+03,2.825501925241868051e+00,4.124729640700858901e+00
2.472000000000000000e+03,2.823336532049239178e+00,4.121553201526404919e+00
2.473000000000000000e+03,2.821172815933544520e+00,4.118379245883870610e+00
2.474000000000000000e+03,2.819010775569182670e+00,4.115207771774609391e+00
2.475000000000000000e+03,2.816850409631639351e+00,4.112038777201669326e+00
2.476000000000000000e+03,2.814691716797474097e+00,4.108872260169804669e+00
2.477000000000000000e+03,2.812534695744362878e+00,4.105708218685443889e+00
2.478000000000000000e+03,2.810379345151038155e+00,4.102546650756718094e+00
2.479000000000000000e+03,2.808225663697325736e+00,4.099387554393439714e+00
2.480000000000000000e+03,2.806073650064140335e+00,4.096230927607115824e+00
2.481000000000000000e+03,2.803923302933472694e+00,4.093076768410917055e+00
2.482000000000000000e+03,2.801774620988401132e+00,4.089925074819727335e+00
2.483000000000000000e+03,2.799627602913084878e+00,4.086775844850094153e+00
2.484000000000000000e+03,2.797482247392755195e+00,4.083629076520258749e+00
2.485000000000000000e+03,2.795338553113720703e+00,4.080484767850117933e+00
2.486000000000000000e+03,2.793196518763381597e+00,4.077342916861262268e+00
2.487000000000000000e+03,2.791056143030203884e+00,4.074203521576960085e+00
2.488000000000000000e+03,2.788917424603732709e+00,4.071066580022153047e+00
2.489000000000000000e+03,2.786780362174587911e+00,4.067932090223446373e+00
2.490000000000000000e+03,2.784644954434460917e+00,4.064800050209121274e+00
2.491000000000000000e+03,2.782511200076121849e+00,4.061670458009128737e+00
2.492000000000000000e+03,2.780379097793409304e+00,4.058543311655091301e+00
2.493000000000000000e+03,2.778248646281235246e+00,4.055418609180292400e+00
2.494000000000000000e+03,2.776119844235575673e+00,4.052296348619687016e+00
2.495000000000000000e+03,2.773992690353490165e+00,4.049176528009878595e+00
2.496000000000000000e+03,2.771867183333085460e+00,4.046059145389155454e+00
2.497000000000000000e+03,2.769743321873555431e+00,4.042944198797446376e+00
2.498000000000000000e+03,2.767621104675146437e+00,4.039831686276365907e+00
2.499000000000000000e+03,2.765500530439183979e+00,4.036721605869136198e+00
2.500000000000000000e+03,2.763381597868042050e+00,4.033613955620687364e+00
2.501000000000000000e+03,2.761264305665179553e+00,4.030508733577570446e+00
2.502000000000000000e+03,2.759148652535095003e+00,4.027405937788008039e+00
2.503000000000000000e+03,2.757034637183362502e+00,4.024305566301868531e+00
2.504000000000000000e+03,2.754922258316615302e+00,4.021207617170666992e+00
2.505000000000000000e+03,2.752811514642548918e+00,4.018112088447559849e+00
2.506000000000000000e+03,2.750702404869908690e+00,4.015018978187374188e+00
2.507000000000000000e+03,2.748594927708504887e+00,4.011928284446551807e+00
2.508000000000000000e+03,2.746489081869206927e+00,4.008840005283201613e+00
2.509000000000000000e+03,2.744384866063943385e+00,4.005754138757056992e+00
2.510000000000000000e+03,2.742282279005682888e+00,4.002670682929506007e+00
2.511000000000000000e+03,2.740181319408459437e+00,3.999589635863579851e+00
2.512000000000000000e+03,2.738081985987369293e+00,3.996510995623921314e+00
2.513000000000000000e+03,2.735984277458546554e+00,3.993434760276831863e+00
2.514000000000000000e+03,2.733888192539177364e+00,3.990360927890243659e+00
2.515000000000000000e+03,2.731793729947507465e+00,3.987289496533724886e+00
2.516000000000000000e+03,2.729700888402833758e+00,3.984220464278457108e+00
2.517000000000000000e+03,2.727609666625486096e+00,3.981153829197277449e+00
2.518000000000000000e+03,2.725520063336865917e+00,3.978089589364638190e+00
2.519000000000000000e+03,2.723432077259393402e+00,3.975027742856616975e+00
2.520000000000000000e+03,2.721345707116571422e+00,3.971968287750911930e+00
2.521000000000000000e+03,2.719260951632907375e+00,3.968911222126874527e+00
2.522000000000000000e+03,2.717177809533989130e+00,3.965856544065438083e+00
2.523000000000000000e+03,2.715096279546418856e+00,3.962804251649194143e+00
2.524000000000000000e+03,2.713016360397863203e+00,3.959754342962305440e+00
2.525000000000000000e+03,2.710938050817019995e+00,3.956706816090626688e+00
2.526000000000000000e+03,2.708861349533627561e+00,3.953661669121548705e+00
2.527000000000000000e+03,2.706786255278467834e+00,3.950618900144146739e+00
2.528000000000000000e+03,2.704712766783363254e+00,3.947578507249043689e+00
2.529000000000000000e+03,2.702640882781162102e+00,3.944540488528545108e+00
2.530000000000000000e+03,2.700570602005771814e+00,3.941504842076501980e+00
2.531000000000000000e+03,2.698501923192113239e+00,3.938471565988419965e+00
2.532000000000000000e+03,2.696434845076155273e+00,3.935440658361395450e+00
2.533000000000000000e+03,2.694369366394897547e+00,3.932412117294126208e+00
2.534000000000000000e+03,2.692305485886376193e+00,3.929385940886923390e+00
2.535000000000000000e+03,2.690243202289653190e+00,3.926362127241699529e+00
2.536000000000000000e+03,2.688182514344830576e+00,3.923340674461971656e+00
2.537000000000000000e+03,2.686123420793038008e+00,3.920321580652849303e+00
2.538000000000000000e+03,2.684065920376431436e+00,3.917304843921039836e+00
2.539000000000000000e+03,2.682010011838205088e+00,3.914290462374865776e+00
2.540000000000000000e+03,2.679955693922569715e+00,3.911278434124240366e+00
2.541000000000000000e+03,2.677902965374767241e+00,3.908268757280637828e+00
2.542000000000000000e+03,2.675851824941070323e+00,3.905261429957178176e+00
2.543000000000000000e+03,2.673802271368774797e+00,3.902256450268529520e+00
2.544000000000000000e+03,2.671754303406195685e+00,3.899253816330988887e+00
2.545000000000000000e+03,2.669707919802687623e+00,3.896253526262398292e+00
2.546000000000000000e+03,2.667663119308608000e+00,3.893255578182227339e+00
2.547000000000000000e+03,2.665619900675349374e+00,3.890259970211501273e+00
2.548000000000000000e+03,2.663578262655314166e+00,3.887266700472850278e+00
2.549000000000000000e+03,2.661538204001940411e+00,3.884275767090476617e+00
2.550000000000000000e+03,2.659499723469664900e+00,3.881287168190180381e+00
2.551000000000000000e+03,2.657462819813970256e+00,3.878300901899302211e+00
2.552000000000000000e+03,2.655427491791324979e+00,3.875316966346810332e+00
2.553000000000000000e+03,2.653393738159236293e+00,3.872335359663210408e+00
2.554000000000000000e+03,2.651361557676222169e+00,3.869356079980621477e+00
2.555000000000000000e+03,2.649330949101816657e+00,3.866379125432690245e+00
2.556000000000000000e+03,2.647301911196555668e+00,3.863404494154691005e+00
2.557000000000000000e+03,2.645274442722005404e+00,3.860432184283416834e+00
2.558000000000000000e+03,2.643248542440730819e+00,3.857462193957265750e+00
2.559000000000000000e+03,2.641224209116317390e+00,3.854494521316183864e+00
2.560000000000000000e+03,2.639201441513356450e+00,3.851529164501700464e+00
2.561000000000000000e+03,2.637180238397442533e+00,3.848566121656902261e+00
2.562000000000000000e+03,2.635160598535195131e+00,3.845605390926437384e+00
2.563000000000000000e+03,2.633142520694228050e+00,3.842646970456532252e+00
2.564000000000000000e+03,2.631126003643162736e+00,3.839690858394952055e+00
2.565000000000000000e+03,2.629111046151634490e+00,3.836737052891036281e+00
2.566000000000000000e+03,2.627097646990272928e+00,3.833785552095677396e+00
2.567000000000000000e+03,2.625085804930726852e+00,3.830836354161334167e+00
2.568000000000000000e+03,2.623075518745629608e+00,3.827889457242002358e+00
2.569000000000000000e+03,2.621066787208633730e+00,3.824944859493244476e+00
2.570000000000000000e+03,2.619059609094386509e+00,3.822002559072188443e+00
2.571000000000000000e+03,2.617053983178531773e+00,3.819062554137490295e+00
2.572000000000000000e+03,2.615049908237722764e+00,3.816124842849368370e+00
2.573000000000000000e+03,2.613047383049600825e+00,3.813189423369574005e+00
2.574000000000000000e+03,2.611046406392814490e+00,3.810256293861436827e+00
2.575000000000000000e+03,2.609046977047008831e+00,3.807325452489811468e+00
2.576000000000000000e+03,2.607049093792819239e+00,3.804396897421088664e+00
2.577000000000000000e+03,2.605052755411879417e+00,3.801470626823221899e+00
2.578000000000000000e+03,2.603057960686818273e+00,3.798546638865695879e+00
2.579000000000000000e+03,2.601064708401262582e+00,3.795624931719528306e+00
2.580000000000000000e+03,2.599072997339824553e+00,3.792705503557297408e+00
2.581000000000000000e+03,2.597082826288114266e+00,3.789788352553088657e+00
2.582000000000000000e+03,2.595094194032724566e+00,3.786873476882555600e+00
2.583000000000000000e+03,2.593107099361254164e+00,3.783960874722856804e+00
2.584000000000000000e+03,2.591121541062279654e+00,3.781050544252711365e+00
2.585000000000000000e+03,2.589137517925365728e+00,3.778142483652341177e+00
2.586000000000000000e+03,2.587155028741069618e+00,3.775236691103526443e+00
2.587000000000000000e+03,2.585174072300934434e+00,3.772333164789552384e+00
2.588000000000000000e+03,2.583194647397487387e+00,3.769431902895254538e+00
2.589000000000000000e+03,2.581216752824242899e+00,3.766532903606972571e+00
2.590000000000000000e+03,2.579240387375699051e+00,3.763636165112588916e+00
2.591000000000000000e+03,2.577265549847338022e+00,3.760741685601495465e+00
2.592000000000000000e+03,2.575292239035620767e+00,3.757849463264614442e+00
2.593000000000000000e+03,2.573320453737998115e+00,3.754959496294380639e+00
2.594000000000000000e+03,2.571350192752894781e+00,3.752071782884762730e+00
2.595000000000000000e+03,2.569381454879717364e+00,3.749186321231231744e+00
2.596000000000000000e+03,2.567414238918853009e+00,3.746303109530781050e+00
2.597000000000000000e+03,2.565448543671668524e+00,3.743422145981921911e+00
2.598000000000000000e+03,2.563484367940503272e+00,3.740543428784680824e+00
2.599000000000000000e+03,2.561521710528679829e+00,3.737666956140588859e+00
2.600000000000000000e+03,2.559560570240488886e+00,3.734792726252683881e+00
2.601000000000000000e+03,2.557600945881201682e+00,3.731920737325527426e+00
2.602000000000000000e+03,2.555642836257060679e+00,3.729050987565185604e+00
2.603000000000000000e+03,2.553686240175294220e+00,3.726183475179224214e+00
2.604000000000000000e+03,2.551731156444073889e+00,3.723318198376720289e+00
2.605000000000000000e+03,2.549777583872580689e+00,3.720455155368247002e+00
2.606000000000000000e+03,2.547825521270928206e+00,3.717594344365899861e+00
2.607000000000000000e+03,2.545874967450232784e+00,3.714735763583248751e+00
2.608000000000000000e+03,2.543925921222558895e+00,3.711879411235381898e+00
2.609000000000000000e+03,2.541978381400953779e+00,3.709025285538881000e+00
2.610000000000000000e+03,2.540032346799417251e+00,3.706173384711833219e+00
2.611000000000000000e+03,2.538087816232926119e+00,3.703323706973794760e+00
2.612000000000000000e+03,2.536144788517416870e+00,3.700476250545850831e+00
2.613000000000000000e+03,2.534203262469794105e+00,3.697631013650551246e+00
2.614000000000000000e+03,2.532263236907933646e+00,3.694787994511963269e+00
2.615000000000000000e+03,2.530324710650660336e+00,3.691947191355624991e+00
2.616000000000000000e+03,2.528387682517769797e+00,3.689108602408575077e+00
2.617000000000000000e+03,2.526452151330021767e+00,3.686272225899327015e+00
2.618000000000000000e+03,2.524518115909128113e+00,3.683438060057886432e+00
2.619000000000000000e+03,2.522585575077767928e+00,3.680606103115765304e+00
2.620000000000000000e+03,2.520654527659573763e+00,3.677776353305917123e+00
2.621000000000000000e+03,2.518724972479141400e+00,3.674948808862810612e+00
2.622000000000000000e+03,2.516796908362026297e+00,3.672123468022383541e+00
2.623000000000000000e+03,2.514870334134729379e+00,3.669300329022059604e+00
2.624000000000000000e+03,2.512945248624719685e+00,3.666479390100728875e+00
2.625000000000000000e+03,2.511021650660413052e+00,3.663660649498766020e+00
2.626000000000000000e+03,2.509099539071186769e+00,3.660844105458029407e+00
2.627000000000000000e+03,2.507178912687362260e+00,3.658029756221837125e+00
2.628000000000000000e+03,2.505259770340218850e+00,3.655217600034987413e+00
2.629000000000000000e+03,2.503342110861989323e+00,3.652407635143742670e+00
2.630000000000000000e+03,2.501425933085850595e+00,3.649599859795852108e+00
2.631000000000000000e+03,2.499511235845935708e+00,3.646794272240514445e+00
2.632000000000000000e+03,2.497598017977325835e+00,3.643990870728414322e+00
2.633000000000000000e+03,2.495686278316051609e+00,3.641189653511686775e+00
2.634000000000000000e+03,2.493776015699089132e+00,3.638390618843938995e+00
2.635000000000000000e+03,2.491867228964354641e+00,3.635593764980247666e+00
2.636000000000000000e+03,2.489959916950724494e+00,3.632799090177135870e+00
2.637000000000000000e+03,2.488054078498012966e+00,3.630006592692605505e+00
2.638000000000000000e+03,2.486149712446971360e+00,3.627216270786105312e+00
2.639000000000000000e+03,2.484246817639307103e+00,3.624428122718541090e+00
2.640000000000000000e+03,2.482345392917666427e+00,3.621642146752294789e+00
2.641000000000000000e+03,2.480445437125629926e+00,3.618858341151172553e+00
2.642000000000000000e+03,2.478546949107726327e+00,3.616076704180466006e+00
2.643000000000000000e+03,2.476649927709424936e+00,3.613297234106900735e+00
2.644000000000000000e+03,2.474754371777128537e+00,3.610519929198666045e+00
2.645000000000000000e+03,2.472860280158190260e+00,3.607744787725387869e+00
2.646000000000000000e+03,2.470967651700883838e+00,3.604971807958150087e+00
2.647000000000000000e+03,2.469076485254439124e+00,3.602200988169481644e+00
2.648000000000000000e+03,2.467186779669005681e+00,3.599432326633361434e+00
2.649000000000000000e+03,2.465298533795679425e+00,3.596665821625208537e+00
2.650000000000000000e+03,2.463411746486479537e+00,3.593901471421891980e+00
2.651000000000000000e+03,2.461526416594376432e+00,3.591139274301722750e+00
2.652000000000000000e+03,2.459642542973251356e+00,3.588379228544436028e+00
2.653000000000000000e+03,2.457760124477941677e+00,3.585621332431239594e+00
2.654000000000000000e+03,2.455879159964192038e+00,3.582865584244741886e+00
2.655000000000000000e+03,2.453999648288699209e+00,3.580111982269021720e+00
2.656000000000000000e+03,2.452121588309070788e+00,3.577360524789572338e+00
2.657000000000000000e+03,2.450244978883858948e+00,3.574611210093330715e+00
2.658000000000000000e+03,2.448369818872534687e+00,3.571864036468673564e+00
2.659000000000000000e+03,2.446496107135501141e+00,3.569119002205388913e+00
2.660000000000000000e+03,2.444623842534084268e+00,3.566376105594720958e+00
2.661000000000000000e+03,2.442753023930536838e+00,3.563635344929320770e+00
2.662000000000000000e+03,2.440883650188032661e+00,3.560896718503296476e+00
2.663000000000000000e+03,2.439015720170676804e+00,3.558160224612143541e+00
2.664000000000000000e+03,2.437149232743500704e+00,3.555425861552814482e+00
2.665000000000000000e+03,2.435284186772444848e+00,3.552693627623671357e+00
2.666000000000000000e+03,2.433420581124382753e+00,3.549963521124507970e+00
2.667000000000000000e+03,2.431558414667100543e+00,3.547235540356534766e+00
2.668000000000000000e+03,2.429697686269316925e+00,3.544509683622382834e+00
2.669000000000000000e+03,2.427838394800652111e+00,3.541785949226101238e+00
2.670000000000000000e+03,2.425980539131662450e+00,3.539064335473164125e+00
2.671000000000000000e+03,2.424124118133810679e+00,3.536344840670450296e+00
2.672000000000000000e+03,2.422269130679477023e+00,3.533627463126265855e+00
2.673000000000000000e+03,2.420415575641972961e+00,3.530912201150327778e+00
2.674000000000000000e+03,2.418563451895505700e+00,3.528199053053759027e+00
2.675000000000000000e+03,2.416712758315199938e+00,3.525488017149104092e+00
2.676000000000000000e+03,2.414863493777106296e+00,3.522779091750311675e+00
2.677000000000000000e+03,2.413015657158177341e+00,3.520072275172734244e+00
2.678000000000000000e+03,2.411169247336286681e+00,3.517367565733148904e+00
2.679000000000000000e+03,2.409324263190207649e+00,3.514664961749724981e+00
2.680000000000000000e+03,2.407480703599635063e+00,3.511964461542039562e+00
2.681000000000000000e+03,2.405638567445166576e+00,3.509266063431070837e+00
2.682000000000000000e+03,2.403797853608315549e+00,3.506569765739204758e+00
2.683000000000000000e+03,2.401958560971498180e+00,3.503875566790232376e+00
2.684000000000000000e+03,2.400120688418042825e+00,3.501183464909336518e+00
2.685000000000000000e+03,2.398284234832176676e+00,3.498493458423102442e+00
2.686000000000000000e+03,2.396449199099040417e+00,3.495805545659517399e+00
2.687000000000000000e+03,2.394615580104676678e+00,3.493119724947951976e+00
2.688000000000000000e+03,2.392783376736039802e+00,3.490435994619192961e+00
2.689000000000000000e+03,2.390952587880971869e+00,3.487754353005393604e+00
2.690000000000000000e+03,2.389123212428237775e+00,3.485074798440124244e+00
2.691000000000000000e+03,2.387295249267476827e+00,3.482397329258333230e+00
2.692000000000000000e+03,2.385468697289267137e+00,3.479721943796359795e+00
2.693000000000000000e+03,2.383643555385050572e+00,3.477048640391938061e+00
2.694000000000000000e+03,2.381819822447202473e+00,3.474377417384194366e+00
2.695000000000000000e+03,2.379997497368961046e+00,3.471708273113615739e+00
2.696000000000000000e+03,2.378176579044497529e+00,3.469041205922106297e+00
2.697000000000000000e+03,2.376357066368852688e+00,3.466376214152925073e+00
2.698000000000000000e+03,2.374538958237983000e+00,3.463713296150750409e+00
2.699000000000000000e+03,2.372722253548730009e+00,3.461052450261592917e+00
2.700000000000000000e+03,2.370906951198842094e+00,3.458393674832897169e+00
2.701000000000000000e+03,2.369093050086941599e+00,3.455736968213432903e+00
2.702000000000000000e+03,2.367280549112567467e+00,3.453082328753391383e+00
2.703000000000000000e+03,2.365469447176133944e+00,3.450429754804318794e+00
2.704000000000000000e+03,2.363659743178959438e+00,3.447779244719135772e+00
2.705000000000000000e+03,2.361851436023246542e+00,3.445130796852148514e+00
2.706000000000000000e+03,2.360044524612090910e+00,3.442484409559023462e+00
2.707000000000000000e+03,2.358239007849472824e+00,3.439840081196802846e+00
2.708000000000000000e+03,2.356434884640277172e+00,3.437197810123908681e+00
2.709000000000000000e+03,2.354632153890251267e+00,3.434557594700111682e+00
2.710000000000000000e+03,2.352830814506059465e+00,3.431919433286570786e+00
2.711000000000000000e+03,2.351030865395222325e+00,3.429283324245794073e+00
2.712000000000000000e+03,2.349232305466178339e+00,3.426649265941672517e+00
2.713000000000000000e+03,2.347435133628226200e+00,3.424017256739438242e+00
2.714000000000000000e+03,2.345639348791557666e+00,3.421387295005721807e+00
2.715000000000000000e+03,2.343844949867247340e+00,3.418759379108468277e+00
2.716000000000000000e+03,2.342051935767256232e+00,3.416133507417027371e+00
2.717000000000000000e+03,2.340260305404423313e+00,3.413509678302073524e+00
2.718000000000000000e+03,2.338470057692474402e+00,3.410887890135669398e+00
2.719000000000000000e+03,2.336681191546008840e+00,3.408268141291198372e+00
2.720000000000000000e+03,2.334893705880511039e+00,3.405650430143450702e+00
2.721000000000000000e+03,2.333107599612338490e+00,3.403034755068500949e+00
2.722000000000000000e+03,2.331322871658731977e+00,3.400421114443853199e+00
2.723000000000000000e+03,2.329539520937813801e+00,3.397809506648293620e+00
2.724000000000000000e+03,2.327757546368569574e+00,3.395199930062020588e+00
2.725000000000000000e+03,2.325976946870881079e+00,3.392592383066530548e+00
2.726000000000000000e+03,2.324197721365488967e+00,3.389986864044703285e+00
2.727000000000000000e+03,2.322419868774012297e+00,3.387383371380741082e+00
2.728000000000000000e+03,2.320643388018946762e+00,3.384781903460214014e+00
2.729000000000000000e+03,2.318868278023656249e+00,3.382182458670021319e+00
2.730000000000000000e+03,2.317094537712383495e+00,3.379585035398413595e+00
2.731000000000000000e+03,2.315322166010243876e+00,3.376989632034967936e+00
2.732000000000000000e+03,2.313551161843211634e+00,3.374396246970633229e+00
2.733000000000000000e+03,2.311781524138142974e+00,3.371804878597663091e+00
2.734000000000000000e+03,2.310013251822760516e+00,3.369215525309680270e+00
2.735000000000000000e+03,2.308246343825657299e+00,3.366628185501618020e+00
2.736000000000000000e+03,2.306480799076286559e+00,3.364042857569763179e+00
2.737000000000000000e+03,2.304716616504976834e+00,3.361459539911735739e+00
2.738000000000000000e+03,2.302953795042915974e+00,3.358878230926481301e+00
2.739000000000000000e+03,2.301192333622163133e+00,3.356298929014291055e+00
2.740000000000000000e+03,2.299432231175644770e+00,3.353721632576769807e+00
2.741000000000000000e+03,2.297673486637144435e+00,3.351146340016865732e+00
2.742000000000000000e+03,2.295916098941312544e+00,3.348573049738858387e+00
2.743000000000000000e+03,2.294160067023654381e+00,3.346001760148334281e+00
2.744000000000000000e+03,2.292405389820557193e+00,3.343432469652229511e+00
2.745000000000000000e+03,2.290652066269246223e+00,3.340865176658801339e+00
2.746000000000000000e+03,2.288900095307824678e+00,3.338299879577623308e+00
2.747000000000000000e+03,2.287149475875243088e+00,3.335736576819597676e+00
2.748000000000000000e+03,2.285400206911324172e+00,3.333175266796947422e+00
2.749000000000000000e+03,2.283652287356736643e+00,3.330615947923206921e+00
2.750000000000000000e+03,2.281905716153009411e+00,3.328058618613257469e+00
2.751000000000000000e+03,2.280160492242535142e+00,3.325503277283250902e+00
2.752000000000000000e+03,2.278416614568553378e+00,3.322949922350715291e+00
2.753000000000000000e+03,2.276674082075162531e+00,3.320398552234443024e+00
2.754000000000000000e+03,2.274932893707316772e+00,3.317849165354577412e+00
2.755000000000000000e+03,2.273193048410824701e+00,3.315301760132544295e+00
2.756000000000000000e+03,2.271454545132345793e+00,3.312756334991108442e+00
2.757000000000000000e+03,2.269717382819400164e+00,3.310212888354331362e+00
2.758000000000000000e+03,2.267981560420338383e+00,3.307671418647592620e+00
2.759000000000000000e+03,2.266247076884396527e+00,3.305131924297571633e+00
2.760000000000000000e+03,2.264513931161613147e+00,3.302594403732263650e+00
2.761000000000000000e+03,2.262782122202930957e+00,3.300058855380964662e+00
2.762000000000000000e+03,2.261051648960092031e+00,3.297525277674283828e+00
2.763000000000000000e+03,2.259322510385726179e+00,3.294993669044127937e+00
2.764000000000000000e+03,2.257594705433278115e+00,3.292464027923702741e+00
2.765000000000000000e+03,2.255868233057066519e+00,3.289936352747518722e+00
2.766000000000000000e+03,2.254143092212232524e+00,3.287410641951402646e+00
2.767000000000000000e+03,2.252419281854782351e+00,3.284886893972452260e+00
2.768000000000000000e+03,2.250696800941553111e+00,3.282365107249089142e+00
2.769000000000000000e+03,2.248975648430225238e+00,3.279845280221023618e+00
2.770000000000000000e+03,2.247255823279338038e+00,3.277327411329249873e+00
2.771000000000000000e+03,2.245537324448251937e+00,3.274811499016071714e+00
2.772000000000000000e+03,2.243820150897186672e+00,3.272297541725087910e+00
2.773000000000000000e+03,2.242104301587187543e+00,3.269785537901185979e+00
2.774000000000000000e+03,2.240389775480152057e+00,3.267275485990531081e+00
2.775000000000000000e+03,2.238676571538813942e+00,3.264767384440603770e+00
2.776000000000000000e+03,2.236964688726743145e+00,3.262261231700145370e+00
2.777000000000000000e+03,2.235254126008344944e+00,3.259757026219213927e+00
2.778000000000000000e+03,2.233544882348869720e+00,3.257254766449138028e+00
2.779000000000000000e+03,2.231836956714393860e+00,3.254754450842531011e+00
2.780000000000000000e+03,2.230130348071845070e+00,3.252256077853297622e+00
2.781000000000000000e+03,2.228425055388969955e+00,3.249759645936620700e+00
2.782000000000000000e+03,2.226721077634360668e+00,3.247265153548967387e+00
2.783000000000000000e+03,2.225018413777431814e+00,3.244772599148089576e+00
2.784000000000000000e+03,2.223317062788447540e+00,3.242281981193015028e+00
2.785000000000000000e+03,2.221617023638489119e+00,3.239793298144042044e+00
2.786000000000000000e+03,2.219918295299474931e+00,3.237306548462765221e+00
2.787000000000000000e+03,2.218220876744156023e+00,3.234821730612036372e+00
2.788000000000000000e+03,2.216524766946108560e+00,3.232338843055998279e+00
2.789000000000000000e+03,2.214829964879743596e+00,3.229857884260064704e+00
2.790000000000000000e+03,2.213136469520297300e+00,3.227378852690916844e+00
2.791000000000000000e+03,2.211444279843836291e+00,3.224901746816509540e+00
2.792000000000000000e+03,2.209753394827254969e+00,3.222426565106061513e+00
2.793000000000000000e+03,2.208063813448272406e+00,3.219953306030082452e+00
2.794000000000000000e+03,2.206375534685430129e+00,3.217481968060325936e+00
2.795000000000000000e+03,2.204688557518095671e+00,3.215012549669833408e+00
2.796000000000000000e+03,2.203002880926470120e+00,3.212545049332898195e+00
2.797000000000000000e+03,2.201318503891570799e+00,3.210079465525081499e+00
2.798000000000000000e+03,2.199635425395236155e+00,3.207615796723214174e+00
2.799000000000000000e+03,2.197953644420136854e+00,3.205154041405391840e+00
2.800000000000000000e+03,2.196273159949751808e+00,3.202694198050948238e+00
2.801000000000000000e+03,2.194593970968391705e+00,3.200236265140522729e+00
2.802000000000000000e+03,2.192916076461176367e+00,3.197780241155968817e+00
2.803000000000000000e+03,2.191239475414060500e+00,3.195326124580430527e+00
2.804000000000000000e+03,2.189564166813803059e+00,3.192873913898278460e+00
2.805000000000000000e+03,2.187890149647992111e+00,3.190423607595180400e+00
2.806000000000000000e+03,2.186217422905027075e+00,3.187975204158012943e+00
2.807000000000000000e+03,2.184545985574124050e+00,3.185528702074943652e+00
2.808000000000000000e+03,2.182875836645315815e+00,3.183084099835371550e+00
2.809000000000000000e+03,2.181206975109450497e+00,3.180641395929962201e+00
2.810000000000000000e+03,2.179539399958196899e+00,3.178200588850615738e+00
2.811000000000000000e+03,2.177873110184030736e+00,3.175761677090499280e+00
2.812000000000000000e+03,2.176208104780238628e+00,3.173324659144014070e+00
2.813000000000000000e+03,2.174544382740930537e+00,3.170889533506812352e+00
2.814000000000000000e+03,2.172881943061018895e+00,3.168456298675792038e+00
2.815000000000000000e+03,2.171220784736230147e+00,3.166024953149098486e+00
2.816000000000000000e+03,2.169560906763097208e+00,3.163595495426133386e+00
2.817000000000000000e+03,2.167902308138977663e+00,3.161167924007508123e+00
2.818000000000000000e+03,2.166244987862017357e+00,3.158742237395112173e+00
2.819000000000000000e+03,2.164588944931189030e+00,3.156318434092052705e+00
2.820000000000000000e+03,2.162934178346256786e+00,3.153896512602681224e+00
2.821000000000000000e+03,2.161280687107806742e+00,3.151476471432597570e+00
2.822000000000000000e+03,2.159628470217223484e+00,3.149058309088620167e+00
2.823000000000000000e+03,2.157977526676696733e+00,3.146642024078820210e+00
2.824000000000000000e+03,2.156327855489223122e+00,3.144227614912495472e+00
2.825000000000000000e+03,2.154679455658602638e+00,3.141815080100188950e+00
2.826000000000000000e+03,2.153032326189447065e+00,3.139404418153657339e+00
2.827000000000000000e+03,2.151386466087150673e+00,3.136995627585905222e+00
2.828000000000000000e+03,2.149741874357935068e+00,3.134588706911159317e+00
2.829000000000000000e+03,2.148098550008804786e+00,3.132183654644886239e+00
2.830000000000000000e+03,2.146456492047577491e+00,3.129780469303765411e+00
2.831000000000000000e+03,2.144815699482863103e+00,3.127379149405717929e+00
2.832000000000000000e+03,2.143176171324069568e+00,3.124979693469886133e+00
2.833000000000000000e+03,2.141537906581413964e+00,3.122582100016629170e+00
2.834000000000000000e+03,2.139900904265901183e+00,3.120186367567547858e+00
2.835000000000000000e+03,2.138265163389343915e+00,3.117792494645453161e+00
2.836000000000000000e+03,2.136630682964340000e+00,3.115400479774374176e+00
2.837000000000000000e+03,2.134997462004292856e+00,3.113010321479582565e+00
2.838000000000000000e+03,2.133365499523391051e+00,3.110622018287541923e+00
2.839000000000000000e+03,2.131734794536633615e+00,3.108235568725960629e+00
2.840000000000000000e+03,2.130105346059798066e+00,3.105850971323742105e+00
2.841000000000000000e+03,2.128477153109466169e+00,3.103468224611016790e+00
2.842000000000000000e+03,2.126850214702999953e+00,3.101087327119141701e+00
2.843000000000000000e+03,2.125224529858576350e+00,3.098708277380659570e+00
2.844000000000000000e+03,2.123600097595136571e+00,3.096331073929367239e+00
2.845000000000000000e+03,2.121976916932434953e+00,3.093955715300226395e+00
2.846000000000000000e+03,2.120354986890994109e+00,3.091582200029445282e+00
2.847000000000000000e+03,2.118734306492151553e+00,3.089210526654428524e+00
2.848000000000000000e+03,2.117114874758008192e+00,3.086840693713800654e+00
2.849000000000000000e+03,2.115496690711476724e+00,3.084472699747371927e+00
2.850000000000000000e+03,2.113879753376231019e+00,3.082106543296185830e+00
2.851000000000000000e+03,2.112264061776762958e+00,3.079742222902468018e+00
2.852000000000000000e+03,2.110649614938316265e+00,3.077379737109678270e+00
2.853000000000000000e+03,2.109036411886957563e+00,3.075019084462444763e+00
2.854000000000000000e+03,2.107424451649496877e+00,3.072660263506616030e+00
2.855000000000000000e+03,2.105813733253571574e+00,3.070303272789245863e+00
2.856000000000000000e+03,2.104204255727553541e+00,3.067948110858589317e+00
2.857000000000000000e+03,2.102596018100653108e+00,3.065594776264085830e+00
2.858000000000000000e+03,2.100989019402811131e+00,3.063243267556394311e+00
2.859000000000000000e+03,2.099383258664792695e+00,3.060893583287346953e+00
2.860000000000000000e+03,2.097778734918100074e+00,3.058545722010004297e+00
2.861000000000000000e+03,2.096175447195063768e+00,3.056199682278579743e+00
2.862000000000000000e+03,2.094573394528747468e+00,3.053855462648528363e+00
2.863000000000000000e+03,2.092972575953034209e+00,3.051513061676453642e+00
2.864000000000000000e+03,2.091372990502548213e+00,3.049172477920181645e+00
2.865000000000000000e+03,2.089774637212728159e+00,3.046833709938715273e+00
2.866000000000000000e+03,2.088177515119753913e+00,3.044496756292256912e+00
2.867000000000000000e+03,2.086581623260607365e+00,3.042161615542183561e+00
2.868000000000000000e+03,2.084986960673032463e+00,3.039828286251075262e+00
2.869000000000000000e+03,2.083393526395555195e+00,3.037496766982690666e+00
2.870000000000000000e+03,2.081801319467468048e+00,3.035167056301982136e+00
2.871000000000000000e+03,2.080210338928841551e+00,3.032839152775064662e+00
2.872000000000000000e+03,2.078620583820522505e+00,3.030513054969269149e+00
2.873000000000000000e+03,2.077032053184127758e+00,3.028188761453076694e+00
2.874000000000000000e+03,2.075444746062038437e+00,3.025866270796189639e+00
2.875000000000000000e+03,2.073858661497417710e+00,3.023545581569435203e+00
2.876000000000000000e+03,2.072273798534191247e+00,3.021226692344880949e+00
2.877000000000000000e+03,2.070690156217057876e+00,3.018909601695717537e+00
2.878000000000000000e+03,2.069107733591481590e+00,3.016594308196363983e+00
2.879000000000000000e+03,2.067526529703698657e+00,3.014280810422367285e+00
2.880000000000000000e+03,2.065946543600710505e+00,3.011969106950496133e+00
2.881000000000000000e+03,2.064367774330291727e+00,3.009659196358653421e+00
2.882000000000000000e+03,2.062790220940971864e+00,3.007351077225939751e+00
2.883000000000000000e+03,2.061213882482057169e+00,3.005044748132613908e+00
2.884000000000000000e+03,2.059638758003605741e+00,3.002740207660118621e+00
2.885000000000000000e+03,2.058064846556454608e+00,3.000437454391056580e+00
2.886000000000000000e+03,2.056492147192201525e+00,2.998136486909207754e+00
2.887000000000000000e+03,2.054920658963200086e+00,2.995837303799508522e+00
2.888000000000000000e+03,2.053350380922566387e+00,2.993539903648072542e+00
2.889000000000000000e+03,2.051781312124187462e+00,2.991244285042172546e+00
2.890000000000000000e+03,2.050213451622704408e+00,2.988950446570260322e+00
2.891000000000000000e+03,2.048646798473522601e+00,2.986658386821933409e+00
2.892000000000000000e+03,2.047081351732802812e+00,2.984368104387962628e+00
2.893000000000000000e+03,2.045517110457465204e+00,2.982079597860274323e+00
2.894000000000000000e+03,2.043954073705196439e+00,2.979792865831958348e+00
2.895000000000000000e+03,2.042392240534432357e+00,2.977507906897272072e+00
2.896000000000000000e+03,2.040831610004369523e+00,2.975224719651619054e+00
2.897000000000000000e+03,2.039272181174960341e+00,2.972943302691568590e+00
2.898000000000000000e+03,2.037713953106913500e+00,2.970663654614845939e+00
2.899000000000000000e+03,2.036156924861692641e+00,2.968385774020326107e+00
2.900000000000000000e+03,2.034601095501518131e+00,2.966109659508046725e+00
2.901000000000000000e+03,2.033046464089359961e+00,2.963835309679189844e+00
2.902000000000000000e+03,2.031493029688946184e+00,2.961562723136104580e+00
2.903000000000000000e+03,2.029940791364758912e+00,2.959291898482277361e+00
2.904000000000000000e+03,2.028389748182024555e+00,2.957022834322350135e+00
2.905000000000000000e+03,2.026839899206727580e+00,2.954755529262119040e+00
2.906000000000000000e+03,2.025291243505603855e+00,2.952489981908517525e+00
2.907000000000000000e+03,2.023743780146130433e+00,2.950226190869648324e+00
2.908000000000000000e+03,2.022197508196549531e+00,2.947964154754731503e+00
2.909000000000000000e+03,2.020652426725840556e+00,2.945703872174151083e+00
2.910000000000000000e+03,2.019108534803735200e+00,2.943445341739437282e+00
2.911000000000000000e+03,2.017565831500708118e+00,2.941188562063257628e+00
2.912000000000000000e+03,2.016024315887989804e+00,2.938933531759420958e+00
2.913000000000000000e+03,2.014483987037553270e+00,2.936680249442876089e+00
2.914000000000000000e+03,2.012944844022110047e+00,2.934428713729722915e+00
2.915000000000000000e+03,2.011406885915129727e+00,2.932178923237193313e+00
2.916000000000000000e+03,2.009870111790816427e+00,2.929930876583651589e+00
2.917000000000000000e+03,2.008334520724125660e+00,2.927684572388612239e+00
2.918000000000000000e+03,2.006800111790744801e+00,2.925440009272721742e+00
2.919000000000000000e+03,2.005266884067121058e+00,2.923197185857761671e+00
2.920000000000000000e+03,2.003734836630426841e+00,2.920956100766638475e+00
2.921000000000000000e+03,2.002203968558587288e+00,2.918716752623407906e+00
2.922000000000000000e+03,2.000674278930262506e+00,2.916479140053247487e+00
2.923000000000000000e+03,1.999145766824854675e+00,2.914243261682469388e+00
2.924000000000000000e+03,1.997618431322507382e+00,2.912009116138520870e+00
2.925000000000000000e+03,1.996092271504098514e+00,2.909776702049975849e+00
2.926000000000000000e+03,1.994567286451250476e+00,2.907546018046526459e+00
2.927000000000000000e+03,1.993043475246315088e+00,2.905317062759016800e+00
2.928000000000000000e+03,1.991520836972390240e+00,2.903089834819380322e+00
2.929000000000000000e+03,1.989999370713301907e+00,2.900864332860723316e+00
2.930000000000000000e+03,1.988479075553624797e+00,2.898640555517226325e+00
2.931000000000000000e+03,1.986959950578647716e+00,2.896418501424234293e+00
2.932000000000000000e+03,1.985441994874412419e+00,2.894198169218192618e+00
2.933000000000000000e+03,1.983925207527690526e+00,2.891979557536672019e+00
2.934000000000000000e+03,1.982409587625981517e+00,2.889762665018371202e+00
2.935000000000000000e+03,1.980895134257521395e+00,2.887547490303103093e+00
2.936000000000000000e+03,1.979381846511276910e+00,2.885334032031794393e+00
2.937000000000000000e+03,1.977869723476951780e+00,2.883122288846500236e+00
2.938000000000000000e+03,1.976358764244972921e+00,2.880912259390380203e+00
2.939000000000000000e+03,1.974848967906498443e+00,2.878703942307724972e+00
2.940000000000000000e+03,1.973340333553420312e+00,2.876497336243920788e+00
2.941000000000000000e+03,1.971832860278357469e+00,2.874292439845483216e+00
2.942000000000000000e+03,1.970326547174658494e+00,2.872089251760041595e+00
2.943000000000000000e+03,1.968821393336396275e+00,2.869887770636317725e+00
2.944000000000000000e+03,1.967317397858372230e+00,2.867687995124165390e+00
2.945000000000000000e+03,1.965814559836121411e+00,2.865489923874542821e+00
2.946000000000000000e+03,1.964312878365885195e+00,2.863293555539503821e+00
2.947000000000000000e+03,1.962812352544652805e+00,2.861098888772227067e+00
2.948000000000000000e+03,1.961312981470131556e+00,2.858905922226989027e+00
2.949000000000000000e+03,1.959814764240743967e+00,2.856714654559175504e+00
2.950000000000000000e+03,1.958317699955648195e+00,2.854525084425274084e+00
2.951000000000000000e+03,1.956821787714714045e+00,2.852337210482887908e+00
2.952000000000000000e+03,1.955327026618539854e+00,2.850151031390701029e+00
2.953000000000000000e+03,1.953833415768446713e+00,2.847966545808517491e+00
2.954000000000000000e+03,1.952340954266468698e+00,2.845783752397240463e+00
2.955000000000000000e+03,1.950849641215379959e+00,2.843602649818861128e+00
2.956000000000000000e+03,1.949359475718648538e+00,2.841423236736491997e+00
2.957000000000000000e+03,1.947870456880476775e+00,2.839245511814316725e+00
2.958000000000000000e+03,1.946382583805786659e+00,2.837069473717635404e+00
2.959000000000000000e+03,1.944895855600207835e+00,2.834895121112840588e+00
2.960000000000000000e+03,1.943410271370100695e+00,2.832722452667417290e+00
2.961000000000000000e+03,1.941925830222531513e+00,2.830551467049946535e+00
2.962000000000000000e+03,1.940442531265287318e+00,2.828382162930101362e+00
2.963000000000000000e+03,1.938960373606873899e+00,2.826214538978638835e+00
2.964000000000000000e+03,1.937479356356505145e+00,2.824048593867433343e+00
2.965000000000000000e+03,1.935999478624109926e+00,2.821884326269419319e+00
2.966000000000000000e+03,1.934520739520340760e+00,2.819721734858640083e+00
2.967000000000000000e+03,1.933043138156553598e+00,2.817560818310217208e+00
2.968000000000000000e+03,1.931566673644818044e+00,2.815401575300375825e+00
2.969000000000000000e+03,1.930091345097918687e+00,2.813244004506397111e+00
2.970000000000000000e+03,1.928617151629349324e+00,2.811088104606681348e+00
2.971000000000000000e+03,1.927144092353314075e+00,2.808933874280699960e+00
2.972000000000000000e+03,1.925672166384733597e+00,2.806781312208999513e+00
2.973000000000000000e+03,1.924201372839223989e+00,2.804630417073223470e+00
2.974000000000000000e+03,1.922731710833127661e+00,2.802481187556091768e+00
2.975000000000000000e+03,1.921263179483487349e+00,2.800333622341396822e+00
2.976000000000000000e+03,1.919795777908046341e+00,2.798187720114030608e+00
2.977000000000000000e+03,1.918329505225268683e+00,2.796043479559944256e+00
2.978000000000000000e+03,1.916864360554317859e+00,2.793900899366177804e+00
2.979000000000000000e+03,1.915400343015063456e+00,2.791759978220845095e+00
2.980000000000000000e+03,1.913937451728081163e+00,2.789620714813143998e+00
2.981000000000000000e+03,1.912475685814648552e+00,2.787483107833330642e+00
2.982000000000000000e+03,1.911015044396754847e+00,2.785347155972753175e+00
2.983000000000000000e+03,1.909555526597084052e+00,2.783212857923823780e+00
2.984000000000000000e+03,1.908097131539032931e+00,2.781080212380024452e+00
2.985000000000000000e+03,1.906639858346690808e+00,2.778949218035919433e+00
2.986000000000000000e+03,1.905183706144856659e+00,2.776819873587134335e+00
2.987000000000000000e+03,1.903728674059021353e+00,2.774692177730369913e+00
2.988000000000000000e+03,1.902274761215392962e+00,2.772566129163394510e+00
2.989000000000000000e+03,1.900821966740857905e+00,2.770441726585038733e+00
2.990000000000000000e+03,1.899370289763026909e+00,2.768318968695206106e+00
2.991000000000000000e+03,1.897919729410184164e+00,2.766197854194863748e+00
2.992000000000000000e+03,1.896470284811329066e+00,2.764078381786048144e+00
2.993000000000000000e+03,1.895021955096154898e+00,2.761960550171846940e+00
2.994000000000000000e+03,1.893574739395050832e+00,2.759844358056430913e+00
2.995000000000000000e+03,1.892128636839103262e+00,2.757729804145018448e+00
2.996000000000000000e+03,1.890683646560092690e+00,2.755616887143890192e+00
2.997000000000000000e+03,1.889239767690496841e+00,2.753505605760389940e+00
2.998000000000000000e+03,1.887796999363493544e+00,2.751395958702926414e+00
2.999000000000000000e+03,1.886355340712937867e+00,2.749287944680956386e+00
3.000000000000000000e+03,1.884914790873400303e+00,2.747181562405002442e+00
