t_s,T20_C,T30_C
0.000000000000000000e+00,2.000000000000000000e+01,3.000000000000000000e+01
1.000000000000000000e+00,1.998334343944268099e+01,2.989643646004267907e+01
2.000000000000000000e+00,1.993147955436467100e+01,2.964355542354720896e+01
3.000000000000000000e+00,1.986923977295850818e+01,2.941314622750353180e+01
4.000000000000000000e+00,1.981621937022716651e+01,2.922345140559946230e+01
5.000000000000000000e+00,1.976354234288041667e+01,2.903112482121533233e+01
6.000000000000000000e+00,1.971484617251719840e+01,2.886626328187778867e+01
7.000000000000000000e+00,1.966906164326935880e+01,2.870390443672661007e+01
8.000000000000000000e+00,1.962508136861801589e+01,2.855603723536494343e+01
9.000000000000000000e+00,1.958397422327487902e+01,2.841425374732789422e+01
1.000000000000000000e+01,1.954405475110726798e+01,2.827996371378435470e+01
1.100000000000000000e+01,1.950640207007643667e+01,2.815279754100984277e+01
1.200000000000000000e+01,1.946980264493049972e+01,2.802977874277927128e+01
1.300000000000000000e+01,1.943488250161370701e+01,2.791355290492275643e+01
1.400000000000000000e+01,1.940098302591433921e+01,2.780000645291923078e+01
1.500000000000000000e+01,1.936832046758450687e+01,2.769237170859783248e+01
1.600000000000000000e+01,1.933663888178647738e+01,2.758684382573938265e+01
1.700000000000000000e+01,1.930589064614838790e+01,2.748622399478203704e+01
1.800000000000000000e+01,1.927605796570174945e+01,2.738753042995587705e+01
1.900000000000000000e+01,1.924695847034510265e+01,2.729281198407087317e+01
2.000000000000000000e+01,1.921869021262136101e+01,2.719998484357831003e+01
2.100000000000000000e+01,1.919102446546164842e+01,2.711034147031202934e+01
2.200000000000000000e+01,1.916409751160687236e+01,2.702258663396840888e+01
2.300000000000000000e+01,1.913768638278988377e+01,2.693737789817834383e+01
2.400000000000000000e+01,1.911192207570682911e+01,2.685404047349294743e+01
2.500000000000000000e+01,1.908661358078202852e+01,2.677275174066073404e+01
2.600000000000000000e+01,1.906186585922328902e+01,2.669328834862336919e+01
2.700000000000000000e+01,1.903752955267373892e+01,2.661549412305660312e+01
2.800000000000000000e+01,1.901367673032816441e+01,2.653945089908436117e+01
2.900000000000000000e+01,1.899019981688369541e+01,2.646479171417460208e+01
3.000000000000000000e+01,1.896713887950199506e+01,2.639178694854800256e+01
3.100000000000000000e+01,1.894442334093677260e+01,2.631995426147872053e+01
3.200000000000000000e+01,1.892206594695507960e+01,2.624966472342473622e+01
3.300000000000000000e+01,1.890002631228782803e+01,2.618039064128130278e+01
3.400000000000000000e+01,1.887829593728382349e+01,2.611254078933670897e+01
3.500000000000000000e+01,1.885685748896150571e+01,2.604559078289893748e+01
3.600000000000000000e+01,1.883568733898684044e+01,2.597994422211455756e+01
3.700000000000000000e+01,1.881478463300222970e+01,2.591511173935604617e+01
3.800000000000000000e+01,1.879411607872328105e+01,2.585146442425543611e+01
3.900000000000000000e+01,1.877369170259259690e+01,2.578856675116822217e+01
4.000000000000000000e+01,1.875347307095919192e+01,2.572674154669861579e+01
4.100000000000000000e+01,1.873347658923314896e+01,2.566561651727507254e+01
4.200000000000000000e+01,1.871366220519589874e+01,2.560545881944479163e+01
4.300000000000000000e+01,1.869404925722280808e+01,2.554596212677784450e+01
4.400000000000000000e+01,1.867459866444381689e+01,2.548733631386226151e+01
4.500000000000000000e+01,1.865533018832276468e+01,2.542933926404896638e+01
4.600000000000000000e+01,1.863620750150915839e+01,2.537212580218012192e+01
4.700000000000000000e+01,1.861724906412298353e+01,2.531551340702537445e+01
4.800000000000000000e+01,1.859842242100180698e+01,2.525960647429426942e+01
4.900000000000000000e+01,1.857974363807946361e+01,2.520427581217596114e+01
5.000000000000000000e+01,1.856118472905103545e+01,2.514958133604272206e+01
5.100000000000000000e+01,1.854275876212944141e+01,2.509544013115211669e+01
5.200000000000000000e+01,1.852444242218622605e+01,2.504187415731991351e+01
5.300000000000000000e+01,1.850624554154327228e+01,2.498883954080956116e+01
5.400000000000000000e+01,1.848814939335612806e+01,2.493632686956251376e+01
5.500000000000000000e+01,1.847016059771421581e+01,2.488432429486049813e+01
5.600000000000000000e+01,1.845226473765897879e+01,2.483279733455356819e+01
5.700000000000000000e+01,1.843446542285175482e+01,2.478175962499931018e+01
5.800000000000000000e+01,1.841675214368851243e+01,2.473115742292141306e+01
5.900000000000000000e+01,1.839912581363253707e+01,2.468102393400902272e+01
6.000000000000000000e+01,1.838157935888299477e+01,2.463129135299725192e+01
6.100000000000000000e+01,1.836411137315726094e+01,2.458200723451038172e+01
6.200000000000000000e+01,1.834671771916617899e+01,2.453309425002813526e+01
6.300000000000000000e+01,1.832939507231197851e+01,2.448460979561725637e+01
6.400000000000000000e+01,1.831214173465839679e+01,2.443647089296238661e+01
6.500000000000000000e+01,1.829495286300025114e+01,2.438874096648491374e+01
6.600000000000000000e+01,1.827782872443213691e+01,2.434133462168025730e+01
6.700000000000000000e+01,1.826076333680637021e+01,2.429431815105463954e+01
6.800000000000000000e+01,1.824375849426492380e+01,2.424760638204341490e+01
6.900000000000000000e+01,1.822680742354195260e+01,2.420126591255010240e+01
7.000000000000000000e+01,1.820991305215330769e+01,2.415521388975079731e+01
7.100000000000000000e+01,1.819306812486830793e+01,2.410951518971257101e+01
7.200000000000000000e+01,1.817627635703575706e+01,2.406409089693049808e+01
7.300000000000000000e+01,1.815953027880749104e+01,2.401900260956044875e+01
7.400000000000000000e+01,1.814283409675282144e+01,2.397417654780900165e+01
7.500000000000000000e+01,1.812618035148467399e+01,2.392966988375690107e+01
7.600000000000000000e+01,1.810957349176997155e+01,2.388541481179608539e+01
7.700000000000000000e+01,1.809300625289625231e+01,2.384146327757139616e+01
7.800000000000000000e+01,1.807648312161850512e+01,2.379775398398734865e+01
7.900000000000000000e+01,1.805999717388979064e+01,2.375433314200574131e+01
8.000000000000000000e+01,1.804355277138033387e+01,2.371114624448366115e+01
8.100000000000000000e+01,1.802714344188073881e+01,2.366823350098423262e+01
8.200000000000000000e+01,1.801077329586706810e+01,2.362554726910543224e+01
8.300000000000000000e+01,1.799443639312673682e+01,2.358312168662792274e+01
8.400000000000000000e+01,1.797813649942485981e+01,2.354091588508011057e+01
8.500000000000000000e+01,1.796186825963834721e+01,2.349895801658083272e+01
8.600000000000000000e+01,1.794563502954344969e+01,2.345721376613309417e+01
8.700000000000000000e+01,1.792943206903202480e+01,2.341570550816400953e+01
8.800000000000000000e+01,1.791326228266390785e+01,2.337440516214343944e+01
8.900000000000000000e+01,1.789712155582916964e+01,2.333332962482261408e+01
9.000000000000000000e+01,1.788101232076959590e+01,2.329245665915039964e+01
9.100000000000000000e+01,1.786493108288097886e+01,2.325179805092234275e+01
9.200000000000000000e+01,1.784887979751069054e+01,2.321133696603736851e+01
9.300000000000000000e+01,1.783285557175151936e+01,2.317108049145992155e+01
9.400000000000000000e+01,1.781685989275955251e+01,2.313101672468703640e+01
9.500000000000000000e+01,1.780089044102819784e+01,2.309114849369054312e+01
9.600000000000000000e+01,1.778494825462362527e+01,2.305146834080225204e+01
9.700000000000000000e+01,1.776903155164781722e+01,2.301197528805437997e+01
9.800000000000000000e+01,1.775314094805515452e+01,2.297266583294100073e+01
9.900000000000000000e+01,1.773727515843165037e+01,2.293353564611281925e+01
1.000000000000000000e+02,1.772143440929827563e+01,2.289458469761526871e+01
1.010000000000000000e+02,1.770561786711771646e+01,2.285580575348994259e+01
1.020000000000000000e+02,1.768982540550158689e+01,2.281720178857005266e+01
1.030000000000000000e+02,1.767405659625869063e+01,2.277876309606202554e+01
1.040000000000000000e+02,1.765831099890283085e+01,2.274049520858972784e+01
1.050000000000000000e+02,1.764258854342781291e+01,2.270238635785532111e+01
1.060000000000000000e+02,1.762688851506001342e+01,2.266444421238061224e+01
1.070000000000000000e+02,1.761121115524004566e+01,2.262665532929942813e+01
1.080000000000000000e+02,1.759555551466598899e+01,2.258902911925373047e+01
1.090000000000000000e+02,1.757992210075083861e+01,2.255155082464800387e+01
1.100000000000000000e+02,1.756430976853513926e+01,2.251423123448842745e+01
1.110000000000000000e+02,1.754871924784681170e+01,2.247705460752280970e+01
1.120000000000000000e+02,1.753314923539909032e+01,2.244003277838965005e+01
1.130000000000000000e+02,1.751760064228615832e+01,2.240314932366289469e+01
1.140000000000000000e+02,1.750207204219074342e+01,2.236641682217167926e+01
1.150000000000000000e+02,1.748656448908594285e+01,2.232981844007004568e+01
1.160000000000000000e+02,1.747107646653201840e+01,2.229336722990444741e+01
1.170000000000000000e+02,1.745560913598898267e+01,2.225704618983903060e+01
1.180000000000000000e+02,1.744016092117385597e+01,2.222086860584888157e+01
1.190000000000000000e+02,1.742473305877271628e+01,2.218481752204449364e+01
1.200000000000000000e+02,1.740932394016620677e+01,2.214890624658841389e+01
1.210000000000000000e+02,1.739393484819023783e+01,2.211311805613288684e+01
1.220000000000000000e+02,1.737856416656058656e+01,2.207746609743255917e+01
1.230000000000000000e+02,1.736321319835832000e+01,2.204193404032940862e+01
1.240000000000000000e+02,1.734788034147145197e+01,2.200653471263196792e+01
1.250000000000000000e+02,1.733256689642694681e+01,2.197125231363151343e+01
1.260000000000000000e+02,1.731727129434143464e+01,2.193609921899607684e+01
1.270000000000000000e+02,1.730199481338565803e+01,2.190106027100605957e+01
1.280000000000000000e+02,1.728673593427434341e+01,2.186614728255390006e+01
1.290000000000000000e+02,1.727149589587730105e+01,2.183134583145644569e+01
1.300000000000000000e+02,1.725627324231470894e+01,2.179666707793920466e+01
1.310000000000000000e+02,1.724106915890504865e+01,2.176209740866001852e+01
1.320000000000000000e+02,1.722588226456684524e+01,2.172764726021905091e+01
1.330000000000000000e+02,1.721071367933184604e+01,2.169330388391382769e+01
1.340000000000000000e+02,1.719556210605853153e+01,2.165907693891550778e+01
1.350000000000000000e+02,1.718042859008251000e+01,2.162495458115600044e+01
1.360000000000000000e+02,1.716531192526552019e+01,2.159094565400104315e+01
1.370000000000000000e+02,1.715021307496924408e+01,2.155703924385466408e+01
1.380000000000000000e+02,1.713513092922221048e+01,2.152324335367081787e+01
1.390000000000000000e+02,1.712006636407072335e+01,2.148954801358302547e+01
1.400000000000000000e+02,1.710501836915268470e+01,2.145596037371923970e+01
1.410000000000000000e+02,1.708998772960172730e+01,2.142247141011647926e+01
1.420000000000000000e+02,1.707497353656404115e+01,2.138908741836581839e+01
1.430000000000000000e+02,1.705997648221918439e+01,2.135580031290805181e+01
1.440000000000000000e+02,1.704499575974982051e+01,2.132261554239444123e+01
1.450000000000000000e+02,1.703003196771528849e+01,2.128952594381369678e+01
1.460000000000000000e+02,1.701508440065808614e+01,2.125653613448359991e+01
1.470000000000000000e+02,1.700015356405442191e+01,2.122363985095255146e+01
1.480000000000000000e+02,1.698523885208340189e+01,2.119084090161938150e+01
1.490000000000000000e+02,1.697034067871580021e+01,2.115813389360067376e+01
1.500000000000000000e+02,1.695545853514676082e+01,2.112552185449471409e+01
1.510000000000000000e+02,1.694059274630777523e+01,2.109300022802720775e+01
1.520000000000000000e+02,1.692574289703176404e+01,2.106057129380862136e+01
1.530000000000000000e+02,1.691090922642380079e+01,2.102823129419170911e+01
1.540000000000000000e+02,1.689609140894812356e+01,2.099598179738858761e+01
1.550000000000000000e+02,1.688128960171308535e+01,2.096381980323010907e+01
1.560000000000000000e+02,1.686650356429850106e+01,2.093174620806712838e+01
1.570000000000000000e+02,1.685173337614276434e+01,2.089975872566426318e+01
1.580000000000000000e+02,1.683697887702547291e+01,2.086785762225083829e+01
1.590000000000000000e+02,1.682224007343036476e+01,2.083604128027658575e+01
1.600000000000000000e+02,1.680751688011942591e+01,2.080430937912653278e+01
1.610000000000000000e+02,1.679280923562768635e+01,2.077266092359778682e+01
1.620000000000000000e+02,1.677811712426979085e+01,2.074109505045538171e+01
1.630000000000000000e+02,1.676344042184038230e+01,2.070961133996064873e+01
1.640000000000000000e+02,1.674877917664414184e+01,2.067820843090972716e+01
1.650000000000000000e+02,1.673413320706779217e+01,2.064688643207697538e+01
1.660000000000000000e+02,1.671950261978123109e+01,2.061564352891231877e+01
1.670000000000000000e+02,1.670488718115076310e+01,2.058448031209979234e+01
1.680000000000000000e+02,1.669028705058605766e+01,2.055339455794240067e+01
1.690000000000000000e+02,1.667570194781513848e+01,2.052238729313636156e+01
1.700000000000000000e+02,1.666113207941577201e+01,2.049145592827487050e+01
1.710000000000000000e+02,1.664657712380161314e+01,2.046060188118082124e+01
1.720000000000000000e+02,1.663203732924711886e+01,2.042982223912358819e+01
1.730000000000000000e+02,1.661751233807231287e+01,2.039911876743738972e+01
1.740000000000000000e+02,1.660300243491657568e+01,2.036848827116097027e+01
1.750000000000000000e+02,1.658850723108580283e+01,2.033793282100918631e+01
1.760000000000000000e+02,1.657402704242587177e+01,2.030744897939046112e+01
1.770000000000000000e+02,1.655956145413434299e+01,2.027703908192861704e+01
1.780000000000000000e+02,1.654511080830586778e+01,2.024669948634837269e+01
1.790000000000000000e+02,1.653067466873594427e+01,2.021643275450870902e+01
1.800000000000000000e+02,1.651625339903296918e+01,2.018623507561546404e+01
1.810000000000000000e+02,1.650184654607613766e+01,2.015610920099443959e+01
1.820000000000000000e+02,1.648745449049272693e+01,2.012605118561962669e+01
1.830000000000000000e+02,1.647307676649436914e+01,2.009606393549804793e+01
1.840000000000000000e+02,1.645871376748578285e+01,2.006614340371212180e+01
1.850000000000000000e+02,1.644436501901067516e+01,2.003629261820023189e+01
1.860000000000000000e+02,1.643003092327202097e+01,2.000650746050182605e+01
1.870000000000000000e+02,1.641571100088803803e+01,1.997679104980280229e+01
1.880000000000000000e+02,1.640140565914902382e+01,1.994713922443340337e+01
1.890000000000000000e+02,1.638711441722769635e+01,1.991755516621926603e+01
1.900000000000000000e+02,1.637283768406181750e+01,1.988803469659590917e+01
1.910000000000000000e+02,1.635857498059395354e+01,1.985858103348989800e+01
1.920000000000000000e+02,1.634432671424051975e+01,1.982919000574923274e+01
1.930000000000000000e+02,1.633009241066522677e+01,1.979986484290947146e+01
1.940000000000000000e+02,1.631587247286324427e+01,1.977060140355708739e+01
1.950000000000000000e+02,1.630166643390940351e+01,1.974140290635707373e+01
1.960000000000000000e+02,1.628747468974240675e+01,1.971226526001676760e+01
1.970000000000000000e+02,1.627329678328128892e+01,1.968319165181739194e+01
1.980000000000000000e+02,1.625913310103166154e+01,1.965417805907453186e+01
1.990000000000000000e+02,1.624498319793929824e+01,1.962522761908401492e+01
2.000000000000000000e+02,1.623084744895182396e+01,1.959633639441859643e+01
2.010000000000000000e+02,1.621672542298090391e+01,1.956750745563606486e+01
2.020000000000000000e+02,1.620261748153427206e+01,1.953873696544059513e+01
2.030000000000000000e+02,1.618852320919413046e+01,1.951002791267964298e+01
2.040000000000000000e+02,1.617444295237993401e+01,1.948137657335767159e+01
2.050000000000000000e+02,1.616037631282417664e+01,1.945278584134653599e+01
2.060000000000000000e+02,1.614632362043297675e+01,1.942425211748793146e+01
2.070000000000000000e+02,1.613228449535386844e+01,1.939577818904261974e+01
2.080000000000000000e+02,1.611825924976734825e+01,1.936736059167190760e+01
2.090000000000000000e+02,1.610424752329668507e+01,1.933900199593980318e+01
2.100000000000000000e+02,1.609024960938576143e+01,1.931069908083387077e+01
2.110000000000000000e+02,1.607626516800132421e+01,1.928245439160405184e+01
2.120000000000000000e+02,1.606229447302960267e+01,1.925426475767625334e+01
2.130000000000000000e+02,1.604833720546687914e+01,1.922613259175467348e+01
2.140000000000000000e+02,1.603439361899915738e+01,1.919805487950203471e+01
2.150000000000000000e+02,1.602046341616807013e+01,1.917003389514797007e+01
2.160000000000000000e+02,1.600654682998330713e+01,1.914206678515869697e+01
2.170000000000000000e+02,1.599264358488908577e+01,1.911415568058073333e+01
2.180000000000000000e+02,1.597875389289788295e+01,1.908629789209955518e+01
2.190000000000000000e+02,1.596487750056635768e+01,1.905849540400858899e+01
2.200000000000000000e+02,1.595101459873229643e+01,1.903074569355680268e+01
2.210000000000000000e+02,1.593716495613858974e+01,1.900305059577307176e+01
2.220000000000000000e+02,1.592332874240331719e+01,1.897540775582161388e+01
2.230000000000000000e+02,1.590950574840435827e+01,1.894781885793473108e+01
2.240000000000000000e+02,1.589569612261630738e+01,1.892028171562740013e+01
2.250000000000000000e+02,1.588189967788636281e+01,1.889279786170642694e+01
2.260000000000000000e+02,1.586811654173246389e+01,1.886536527763149707e+01
2.270000000000000000e+02,1.585434654870170235e+01,1.883798534498372490e+01
2.280000000000000000e+02,1.584058980564241281e+01,1.881065621199144289e+01
2.290000000000000000e+02,1.582684616843833503e+01,1.878337910996723181e+01
2.300000000000000000e+02,1.581311572364546691e+01,1.875615235203208897e+01
2.310000000000000000e+02,1.579939834803678700e+01,1.872897702087484362e+01
2.320000000000000000e+02,1.578569410833407893e+01,1.870185159199999347e+01
2.330000000000000000e+02,1.577200290167713703e+01,1.867477700173888877e+01
2.340000000000000000e+02,1.575832477548323496e+01,1.864775188490119362e+01
2.350000000000000000e+02,1.574465964667062501e+01,1.862077703428548148e+01
2.360000000000000000e+02,1.573100754394472567e+01,1.859385124041973825e+01
2.370000000000000000e+02,1.571736840335608854e+01,1.856697515589256753e+01
2.380000000000000000e+02,1.570374223554556536e+01,1.854014772291337465e+01
2.390000000000000000e+02,1.569012899500031111e+01,1.851336945762388453e+01
2.400000000000000000e+02,1.567652867499086078e+01,1.848663944948326332e+01
2.410000000000000000e+02,1.566294124770265839e+01,1.845995808233574920e+01
2.420000000000000000e+02,1.564936668977010825e+01,1.843332458811527985e+01
2.430000000000000000e+02,1.563580499030350346e+01,1.840673922285328601e+01
2.440000000000000000e+02,1.562225611006786430e+01,1.838020135588984516e+01
2.450000000000000000e+02,1.560872005429614973e+01,1.835371112021470097e+01
2.460000000000000000e+02,1.559519676867727078e+01,1.832726801725763011e+01
2.470000000000000000e+02,1.558168627374219462e+01,1.830087206197949001e+01
2.480000000000000000e+02,1.556818850091740103e+01,1.827452288237900291e+01
2.490000000000000000e+02,1.555470348519026658e+01,1.824822038059956952e+01
2.500000000000000000e+02,1.554123114455346411e+01,1.822196430552392243e+01
2.510000000000000000e+02,1.552777152759760959e+01,1.819575445184941742e+01
2.520000000000000000e+02,1.551432453972014081e+01,1.816959068353123641e+01
2.530000000000000000e+02,1.550089024225488998e+01,1.814347269331445389e+01
2.540000000000000000e+02,1.548746852884769432e+01,1.811740045432378565e+01
2.550000000000000000e+02,1.547405947271350968e+01,1.809137356293448562e+01
2.560000000000000000e+02,1.546066295659100831e+01,1.806539209547841907e+01
2.570000000000000000e+02,1.544727906471579004e+01,1.803945555760048691e+01
2.580000000000000000e+02,1.543390766976086148e+01,1.801356412284779296e+01
2.590000000000000000e+02,1.542054886612762132e+01,1.798771721180254701e+01
2.600000000000000000e+02,1.540720251725810108e+01,1.796191508923279301e+01
2.610000000000000000e+02,1.539386872687349239e+01,1.793615709632736355e+01
2.620000000000000000e+02,1.538054735000979889e+01,1.791044358310356444e+01
2.630000000000000000e+02,1.536723849887397009e+01,1.788477381700317537e+01
2.640000000000000000e+02,1.535394202090800064e+01,1.785914822736669549e+01
2.650000000000000000e+02,1.534065803598524447e+01,1.783356601349026604e+01
2.660000000000000000e+02,1.532738638475044546e+01,1.780802767817768029e+01
2.670000000000000000e+02,1.531412719394095312e+01,1.778253235811567379e+01
2.680000000000000000e+02,1.530088029818336892e+01,1.775708062379629126e+01
2.690000000000000000e+02,1.528764583029590973e+01,1.773167155475011469e+01
2.700000000000000000e+02,1.527442361964646622e+01,1.770630578348380268e+01
2.710000000000000000e+02,1.526121380437196429e+01,1.768098233772590078e+01
2.720000000000000000e+02,1.524801620931960677e+01,1.765570190644025317e+01
2.730000000000000000e+02,1.523483097720550639e+01,1.763046347079403731e+01
2.740000000000000000e+02,1.522165792907136961e+01,1.760526777078021254e+01
2.750000000000000000e+02,1.520849721149696165e+01,1.758011374611901800e+01
2.760000000000000000e+02,1.519534864240947059e+01,1.755500218254561773e+01
2.770000000000000000e+02,1.518221237156201298e+01,1.752993198331025582e+01
2.780000000000000000e+02,1.516908821443287181e+01,1.750490397475448390e+01
2.790000000000000000e+02,1.515597632328432098e+01,1.747991702848853635e+01
2.800000000000000000e+02,1.514287651178536542e+01,1.745497200648403080e+01
2.810000000000000000e+02,1.512978893407006886e+01,1.743006775338609060e+01
2.820000000000000000e+02,1.511671340261095331e+01,1.740520516198706247e+01
2.830000000000000000e+02,1.510365007280389271e+01,1.738038305447953391e+01
2.840000000000000000e+02,1.509059875651046490e+01,1.735560234984021122e+01
2.850000000000000000e+02,1.507755960980633780e+01,1.733086185215390174e+01
2.860000000000000000e+02,1.506453244449994422e+01,1.730616250212299079e+01
2.870000000000000000e+02,1.505151741679277322e+01,1.728150308989680539e+01
2.880000000000000000e+02,1.503851433897017387e+01,1.725688457362639738e+01
2.890000000000000000e+02,1.502552336683366718e+01,1.723230573352197936e+01
2.900000000000000000e+02,1.501254431364761643e+01,1.720776754109044759e+01
2.910000000000000000e+02,1.499957733431614848e+01,1.718326877042053624e+01
2.920000000000000000e+02,1.498662224355676642e+01,1.715881040246852507e+01
2.930000000000000000e+02,1.497367919490691435e+01,1.713439120883920808e+01
2.940000000000000000e+02,1.496074800498363722e+01,1.711001217621907600e+01
2.950000000000000000e+02,1.494782882551635517e+01,1.708567207718500214e+01
2.960000000000000000e+02,1.493492147544049153e+01,1.706137190062197817e+01
2.970000000000000000e+02,1.492202610426368636e+01,1.703711042335418924e+01
2.980000000000000000e+02,1.490914253363171227e+01,1.701288863312031907e+01
2.990000000000000000e+02,1.489627091044372698e+01,1.698870531408600826e+01
3.000000000000000000e+02,1.488341105942088660e+01,1.696456144968512447e+01
3.010000000000000000e+02,1.487056312449412410e+01,1.694045583433941715e+01
3.020000000000000000e+02,1.485772693379880849e+01,1.691638944420351365e+01
3.030000000000000000e+02,1.484490262796415472e+01,1.689236108669207681e+01
3.040000000000000000e+02,1.483209003885274768e+01,1.686837172788828454e+01
3.050000000000000000e+02,1.481928930348429319e+01,1.684442019076116281e+01
3.060000000000000000e+02,1.480650025773656786e+01,1.682050742870931970e+01
3.070000000000000000e+02,1.479372303473684092e+01,1.679663228264482200e+01
3.080000000000000000e+02,1.478095747464176135e+01,1.677279569084495847e+01
3.090000000000000000e+02,1.476820370642763613e+01,1.674899651438353843e+01
3.100000000000000000e+02,1.475546157476975218e+01,1.672523567415278478e+01
3.110000000000000000e+02,1.474273120425849548e+01,1.670151205344097889e+01
3.120000000000000000e+02,1.473001244430463430e+01,1.667782655366017153e+01
3.130000000000000000e+02,1.471730541490064148e+01,1.665417808220339424e+01
3.140000000000000000e+02,1.470460997038720485e+01,1.663056751907241093e+01
3.150000000000000000e+02,1.469192622596899156e+01,1.660699379749685534e+01
3.160000000000000000e+02,1.467925404108968479e+01,1.658345777429864398e+01
3.170000000000000000e+02,1.466659352599738497e+01,1.655995841012189018e+01
3.180000000000000000e+02,1.465394454539110747e+01,1.653649653699485000e+01
3.190000000000000000e+02,1.464130720441431599e+01,1.651307114440451684e+01
3.200000000000000000e+02,1.462868137315377659e+01,1.648968303812285185e+01
3.210000000000000000e+02,1.461606715151984837e+01,1.646633123776334529e+01
3.220000000000000000e+02,1.460346441510037607e+01,1.644301652152546112e+01
3.230000000000000000e+02,1.459087325846305383e+01,1.641973794029257405e+01
3.240000000000000000e+02,1.457829356279176736e+01,1.639649624351643453e+01
3.250000000000000000e+02,1.456572541722003855e+01,1.637329051435905214e+01
3.260000000000000000e+02,1.455316870860548129e+01,1.635012147248534831e+01
3.270000000000000000e+02,1.454062352057307983e+01,1.632698823421443279e+01
3.280000000000000000e+02,1.452808974571506084e+01,1.630389148851624981e+01
3.290000000000000000e+02,1.451556746209001858e+01,1.628083038562062512e+01
3.300000000000000000e+02,1.450305656806990839e+01,1.625780558302012579e+01
3.310000000000000000e+02,1.449055713610454887e+01,1.623481626548899115e+01
3.320000000000000000e+02,1.447806907037581681e+01,1.621186305838035580e+01
3.330000000000000000e+02,1.446559243769719139e+01,1.618894518153187434e+01
3.340000000000000000e+02,1.445312714807627685e+01,1.616606322761059999e+01
3.350000000000000000e+02,1.444067326267661322e+01,1.614321645192701737e+01
3.360000000000000000e+02,1.442823069733411323e+01,1.612040541402513938e+01
3.370000000000000000e+02,1.441579950756188033e+01,1.609762940499344808e+01
3.380000000000000000e+02,1.440337961501392172e+01,1.607488895092087944e+01
3.390000000000000000e+02,1.439097106956495153e+01,1.605218337887926339e+01
3.400000000000000000e+02,1.437857379866503749e+01,1.602951318127007241e+01
3.410000000000000000e+02,1.436618784657405534e+01,1.600687772126006791e+01
3.420000000000000000e+02,1.435381314650486573e+01,1.598427745742495354e+01
3.430000000000000000e+02,1.434144973713722848e+01,1.596171178904833887e+01
3.440000000000000000e+02,1.432909755740310942e+01,1.593918114083176185e+01
3.450000000000000000e+02,1.431675664044682961e+01,1.591668494811308143e+01
3.460000000000000000e+02,1.430442693086603789e+01,1.589422360175547766e+01
3.470000000000000000e+02,1.429210845632406013e+01,1.587179657300910129e+01
3.480000000000000000e+02,1.427980116702173596e+01,1.584940421901435492e+01
3.490000000000000000e+02,1.426750508520446914e+01,1.582704604671644866e+01
3.500000000000000000e+02,1.425522016660537261e+01,1.580472237972337446e+01
3.510000000000000000e+02,1.424294642812342637e+01,1.578243276038819154e+01
3.520000000000000000e+02,1.423068383094535960e+01,1.576017747904713140e+01
3.530000000000000000e+02,1.421843238670246556e+01,1.573795611310783826e+01
3.540000000000000000e+02,1.420619206194946749e+01,1.571576891996115322e+01
3.550000000000000000e+02,1.419396286313585698e+01,1.569361551165484947e+01
3.560000000000000000e+02,1.418174476209190793e+01,1.567149611302191303e+01
3.570000000000000000e+02,1.416953776017757427e+01,1.564941037027869619e+01
3.580000000000000000e+02,1.415734183440047822e+01,1.562735847614476192e+01
3.590000000000000000e+02,1.414515698112889908e+01,1.560534011048051006e+01
3.600000000000000000e+02,1.413298318244417828e+01,1.558335543438947290e+01
3.610000000000000000e+02,1.412082042982607533e+01,1.556140416080272360e+01
3.620000000000000000e+02,1.410866871032123981e+01,1.553948641975363820e+01
3.630000000000000000e+02,1.409652801062877003e+01,1.551760195662583541e+01
3.640000000000000000e+02,1.408439832264762259e+01,1.549575087097321280e+01
3.650000000000000000e+02,1.407227962840839020e+01,1.547393293997245856e+01
3.660000000000000000e+02,1.406017192454566178e+01,1.545214823332991116e+01
3.670000000000000000e+02,1.404807518853727011e+01,1.543039655931831611e+01
3.680000000000000000e+02,1.403598942163328900e+01,1.540867795846544119e+01
3.690000000000000000e+02,1.402391459687788533e+01,1.538699226940927467e+01
3.700000000000000000e+02,1.401185072001350029e+01,1.536533950420212236e+01
3.710000000000000000e+02,1.399979775977248408e+01,1.534371953108568398e+01
3.720000000000000000e+02,1.398775572626407282e+01,1.532213233437001598e+01
3.730000000000000000e+02,1.397572458403315387e+01,1.530057781111192483e+01
3.740000000000000000e+02,1.396370434742786948e+01,1.527905591863985535e+01
3.750000000000000000e+02,1.395169497693194494e+01,1.525756658201262539e+01
3.760000000000000000e+02,1.393969649100299257e+01,1.523610973236173471e+01
3.770000000000000000e+02,1.392770884619154614e+01,1.521468532191386736e+01
3.780000000000000000e+02,1.391573206493378834e+01,1.519329325640959460e+01
3.790000000000000000e+02,1.390376609997622559e+01,1.517193351439072657e+01
3.800000000000000000e+02,1.389181097760166139e+01,1.515060597703095091e+01
3.810000000000000000e+02,1.387986664688282090e+01,1.512931064831929895e+01
3.820000000000000000e+02,1.386793313781648784e+01,1.510804738570194061e+01
3.830000000000000000e+02,1.385601039593238504e+01,1.508681621773426507e+01
3.840000000000000000e+02,1.384409845480813139e+01,1.506561697898750651e+01
3.850000000000000000e+02,1.383219725656170240e+01,1.504444972169159378e+01
3.860000000000000000e+02,1.382030683821828987e+01,1.502331425840587542e+01
3.870000000000000000e+02,1.380842713861537341e+01,1.500221066413529236e+01
3.880000000000000000e+02,1.379655819809258510e+01,1.498113873029845067e+01
3.890000000000000000e+02,1.378469995233793099e+01,1.496009855376951947e+01
3.900000000000000000e+02,1.377285244487286064e+01,1.493908990570353090e+01
3.910000000000000000e+02,1.376101560836640303e+01,1.491811290393454215e+01
3.920000000000000000e+02,1.374918948938975483e+01,1.489716730023492985e+01
3.930000000000000000e+02,1.373737401772291911e+01,1.487625323248740550e+01
3.940000000000000000e+02,1.372556924285551183e+01,1.485537043396434598e+01
3.950000000000000000e+02,1.371377509180761045e+01,1.483451906168618883e+01
3.960000000000000000e+02,1.370199161685701483e+01,1.481369883130796872e+01
3.970000000000000000e+02,1.369021874239182424e+01,1.479290991807866540e+01
3.980000000000000000e+02,1.367845652334896656e+01,1.477215202091688795e+01
3.990000000000000000e+02,1.366670488161128993e+01,1.475142533239452547e+01
4.000000000000000000e+02,1.365496387464732742e+01,1.473072953557127640e+01
4.010000000000000000e+02,1.364323342195988786e+01,1.471006483944147014e+01
4.020000000000000000e+02,1.363151358342303610e+01,1.468943091207828111e+01
4.030000000000000000e+02,1.361980427628321699e+01,1.466882797800461802e+01
4.040000000000000000e+02,1.360810556269572125e+01,1.464825569117317094e+01
4.050000000000000000e+02,1.359641735777259797e+01,1.462771429074958363e+01
4.060000000000000000e+02,1.358473972582779332e+01,1.460720341742415052e+01
4.070000000000000000e+02,1.357307257995907435e+01,1.458672332412859518e+01
4.080000000000000000e+02,1.356141598651863411e+01,1.456627363913997897e+01
4.090000000000000000e+02,1.354976985670795386e+01,1.454585462828996967e+01
4.100000000000000000e+02,1.353813425879899235e+01,1.452546590828119122e+01
4.110000000000000000e+02,1.352650910221303349e+01,1.450510775699061661e+01
4.120000000000000000e+02,1.351489445702549119e+01,1.448477978037397484e+01
4.130000000000000000e+02,1.350329023099133252e+01,1.446448226751138755e+01
4.140000000000000000e+02,1.349169649587537556e+01,1.444421481442712363e+01
4.150000000000000000e+02,1.348011315787787723e+01,1.442397772057566385e+01
4.160000000000000000e+02,1.346854029034136602e+01,1.440377057285172135e+01
4.170000000000000000e+02,1.345697779802065952e+01,1.438359368026993224e+01
4.180000000000000000e+02,1.344542575572670984e+01,1.436344662138350792e+01
4.190000000000000000e+02,1.343388406687571468e+01,1.434332971396782064e+01
4.200000000000000000e+02,1.342235280764030136e+01,1.432324252900780692e+01
4.210000000000000000e+02,1.341083188020241579e+01,1.430318539225623198e+01
4.220000000000000000e+02,1.339932136199203683e+01,1.428315786788736652e+01
4.230000000000000000e+02,1.338782115405882145e+01,1.426316028886419396e+01
4.240000000000000000e+02,1.337633133498828819e+01,1.424319221329196772e+01
4.250000000000000000e+02,1.336485180479720469e+01,1.422325398059364510e+01
4.260000000000000000e+02,1.335338264312751022e+01,1.420334514353049649e+01
4.270000000000000000e+02,1.334192374905973111e+01,1.418346604725301319e+01
4.280000000000000000e+02,1.333047520319583334e+01,1.416361623988602325e+01
4.290000000000000000e+02,1.331903690377429150e+01,1.414379607159278152e+01
4.300000000000000000e+02,1.330760893226317521e+01,1.412400508655196241e+01
4.310000000000000000e+02,1.329619118615037010e+01,1.410424363924318847e+01
4.320000000000000000e+02,1.328478374767889925e+01,1.408451127057117525e+01
4.330000000000000000e+02,1.327338651367503353e+01,1.406480833865409075e+01
4.340000000000000000e+02,1.326199956706816785e+01,1.404513438177659879e+01
4.350000000000000000e+02,1.325062280410916138e+01,1.402548976103648037e+01
4.360000000000000000e+02,1.323925630832798639e+01,1.400587401273386412e+01
4.370000000000000000e+02,1.322789997548367324e+01,1.398628750030638201e+01
4.380000000000000000e+02,1.321655388962367539e+01,1.396672975868614763e+01
4.390000000000000000e+02,1.320521794609594934e+01,1.394720115303021934e+01
4.400000000000000000e+02,1.319389222938503892e+01,1.392770121750048595e+01
4.410000000000000000e+02,1.318257663450619965e+01,1.390823031837219226e+01
4.420000000000000000e+02,1.317127124630314761e+01,1.388878798961581040e+01
4.430000000000000000e+02,1.315997595953419186e+01,1.386937459804330608e+01
4.440000000000000000e+02,1.314869085932691917e+01,1.384998967799307046e+01
4.450000000000000000e+02,1.313741584025576969e+01,1.383063359625183431e+01
4.460000000000000000e+02,1.312615098765971311e+01,1.381130588806639103e+01
4.470000000000000000e+02,1.311489619599971945e+01,1.379200691965575309e+01
4.480000000000000000e+02,1.310365155075625765e+01,1.377273622769628858e+01
4.490000000000000000e+02,1.309241694634468267e+01,1.375349417731652224e+01
4.500000000000000000e+02,1.308119246831958726e+01,1.373428030712424786e+01
4.510000000000000000e+02,1.306997801111601376e+01,1.371509498065422505e+01
4.520000000000000000e+02,1.305877366029789499e+01,1.369593773892864697e+01
4.530000000000000000e+02,1.304757931038286323e+01,1.367680894340438158e+01
4.540000000000000000e+02,1.303639504688181638e+01,1.365770813798209460e+01
4.550000000000000000e+02,1.302522076445529642e+01,1.363863568157615802e+01
4.560000000000000000e+02,1.301405654850142035e+01,1.361959112141050454e+01
4.570000000000000000e+02,1.300290229388155971e+01,1.360057481341151053e+01
4.580000000000000000e+02,1.299175808582361036e+01,1.358158630855273330e+01
4.590000000000000000e+02,1.298062381944525789e+01,1.356262595934609294e+01
4.600000000000000000e+02,1.296949957974926626e+01,1.354369332092222322e+01
4.610000000000000000e+02,1.295838526216274822e+01,1.352478874197105441e+01
4.620000000000000000e+02,1.294728095141080182e+01,1.350591178216950716e+01
4.630000000000000000e+02,1.293618654328075834e+01,1.348706278599634700e+01
4.640000000000000000e+02,1.292510212216959786e+01,1.346824131804593527e+01
4.650000000000000000e+02,1.291402758427353348e+01,1.344944771821496232e+01
4.660000000000000000e+02,1.290296301361350295e+01,1.343068155636842143e+01
4.670000000000000000e+02,1.289190830684076872e+01,1.341194316746833337e+01
4.680000000000000000e+02,1.288086354755447616e+01,1.339323212698557874e+01
4.690000000000000000e+02,1.286982863290501022e+01,1.337454876461275077e+01
4.700000000000000000e+02,1.285880364602622805e+01,1.335589266174462608e+01
4.710000000000000000e+02,1.284778848460951473e+01,1.333726414248697445e+01
4.720000000000000000e+02,1.283678323128199850e+01,1.331866279445942070e+01
4.730000000000000000e+02,1.282578778431593669e+01,1.330008893588084717e+01
4.740000000000000000e+02,1.281480222579235573e+01,1.328154216087955142e+01
4.750000000000000000e+02,1.280382645460213631e+01,1.326302278150452807e+01
4.760000000000000000e+02,1.279286055224301499e+01,1.324453039866014059e+01
4.770000000000000000e+02,1.278190441826017043e+01,1.322606531795909568e+01
4.780000000000000000e+02,1.277095813353276199e+01,1.320762714733293386e+01
4.790000000000000000e+02,1.276002159829414673e+01,1.318921618570781717e+01
4.800000000000000000e+02,1.274909489277148467e+01,1.317083204827785003e+01
4.810000000000000000e+02,1.273817791791824483e+01,1.315247502704840521e+01
4.820000000000000000e+02,1.272727075327816770e+01,1.313414474469574422e+01
4.830000000000000000e+02,1.271637330055481918e+01,1.311584148608590894e+01
4.840000000000000000e+02,1.270548563857890123e+01,1.309756488158177667e+01
4.850000000000000000e+02,1.269460766983236155e+01,1.307931520870663533e+01
4.860000000000000000e+02,1.268373947240509914e+01,1.306109210569959878e+01
4.870000000000000000e+02,1.267288094958387390e+01,1.304289584255277212e+01
4.880000000000000000e+02,1.266203217869173514e+01,1.302472606555647694e+01
4.890000000000000000e+02,1.265119306384489839e+01,1.300658303699766805e+01
4.900000000000000000e+02,1.264036368157531776e+01,1.298846641137885349e+01
4.910000000000000000e+02,1.262954393685184051e+01,1.297037644312205451e+01
4.920000000000000000e+02,1.261873390539246387e+01,1.295231279508899291e+01
4.930000000000000000e+02,1.260793349304018029e+01,1.293427571369068296e+01
4.940000000000000000e+02,1.259714277467801047e+01,1.291626487028180215e+01
4.950000000000000000e+02,1.258636165704294640e+01,1.289828050312983088e+01
4.960000000000000000e+02,1.257559021416346035e+01,1.288032229220293878e+01
4.970000000000000000e+02,1.256482835368899309e+01,1.286239046750553960e+01
4.980000000000000000e+02,1.255407614877537803e+01,1.284448471772716616e+01
4.990000000000000000e+02,1.254333350800145119e+01,1.282660526450226257e+01
5.000000000000000000e+02,1.253260050363377864e+01,1.280875180533734436e+01
5.010000000000000000e+02,1.252187704519615430e+01,1.279092455340223466e+01
5.020000000000000000e+02,1.251116320405068016e+01,1.277312321510406612e+01
5.030000000000000000e+02,1.250045889068025673e+01,1.275534799506533012e+01
5.040000000000000000e+02,1.248976417552860063e+01,1.273759860866595872e+01
5.050000000000000000e+02,1.247907897005060107e+01,1.271987525190981749e+01
5.060000000000000000e+02,1.246840334375905712e+01,1.270217764921049941e+01
5.070000000000000000e+02,1.245773720909238591e+01,1.268450598789314121e+01
5.080000000000000000e+02,1.244708063462121572e+01,1.266686000145512025e+01
5.090000000000000000e+02,1.243643353377780159e+01,1.264923986849378146e+01
5.100000000000000000e+02,1.242579597418051129e+01,1.263164533162951031e+01
5.110000000000000000e+02,1.241516787026461976e+01,1.261407656069301453e+01
5.120000000000000000e+02,1.240454928868726725e+01,1.259653330745739375e+01
5.130000000000000000e+02,1.239394014489483098e+01,1.257901573295790065e+01
5.140000000000000000e+02,1.238334050457539703e+01,1.256152359813988184e+01
5.150000000000000000e+02,1.237275028419341716e+01,1.254405705522402315e+01
5.160000000000000000e+02,1.236216954846122995e+01,1.252661587433837909e+01
5.170000000000000000e+02,1.235159821486712062e+01,1.250920019887925072e+01
5.180000000000000000e+02,1.234103634714206699e+01,1.249180980815853914e+01
5.190000000000000000e+02,1.233048386380307448e+01,1.247444483674748383e+01
5.200000000000000000e+02,1.231994082759510434e+01,1.245710507313443571e+01
5.210000000000000000e+02,1.230940715806774577e+01,1.243979064307330518e+01
5.220000000000000000e+02,1.229888291697622194e+01,1.242250134421312779e+01
5.230000000000000000e+02,1.228836802490564040e+01,1.240523729350659821e+01
5.240000000000000000e+02,1.227786254261874710e+01,1.238799829773963346e+01
5.250000000000000000e+02,1.226736639173824095e+01,1.237078446508785134e+01
5.260000000000000000e+02,1.225687963203241537e+01,1.235359561144248453e+01
5.270000000000000000e+02,1.224640218616280407e+01,1.233643183623373751e+01
5.280000000000000000e+02,1.223593411290216793e+01,1.231929296441937360e+01
5.290000000000000000e+02,1.222547533595132663e+01,1.230217908672309868e+01
5.300000000000000000e+02,1.221502591308719765e+01,1.228509003712334824e+01
5.310000000000000000e+02,1.220458576904942483e+01,1.226802589768329099e+01
5.320000000000000000e+02,1.219415496061969861e+01,1.225098651134942251e+01
5.330000000000000000e+02,1.218373341357535189e+01,1.223397195157679818e+01
5.340000000000000000e+02,1.217332118370397431e+01,1.221698207022119931e+01
5.350000000000000000e+02,1.216291819781881145e+01,1.220001693218835115e+01
5.360000000000000000e+02,1.215252451071535056e+01,1.218307639817825283e+01
5.370000000000000000e+02,1.214214005024017240e+01,1.216616052461223063e+01
5.380000000000000000e+02,1.213176487019925531e+01,1.214926918096353425e+01
5.390000000000000000e+02,1.212139889946935511e+01,1.213240241523983975e+01
5.400000000000000000e+02,1.211104219087015110e+01,1.211556010561132446e+01
5.410000000000000000e+02,1.210069467430482071e+01,1.209874229174783800e+01
5.420000000000000000e+02,1.209035640161061664e+01,1.208194886043506955e+01
5.430000000000000000e+02,1.208002730371278766e+01,1.206517984308629998e+01
5.440000000000000000e+02,1.206970743147049774e+01,1.204843513501606367e+01
5.450000000000000000e+02,1.205939671682617842e+01,1.203171475946718516e+01
5.460000000000000000e+02,1.204909520966580239e+01,1.201501862019197375e+01
5.470000000000000000e+02,1.203880284294367087e+01,1.199834673235331195e+01
5.480000000000000000e+02,1.202851966557803820e+01,1.198169900804580301e+01
5.490000000000000000e+02,1.201824561152902326e+01,1.196507545444732479e+01
5.500000000000000000e+02,1.200798072875315903e+01,1.194847599189509246e+01
5.510000000000000000e+02,1.199772495221002444e+01,1.193190061968099336e+01
5.520000000000000000e+02,1.198747832890074783e+01,1.191534926628140845e+01
5.530000000000000000e+02,1.197724079477764469e+01,1.189882192320495236e+01
5.540000000000000000e+02,1.196701239589322263e+01,1.188231852696003799e+01
5.550000000000000000e+02,1.195679306918530038e+01,1.186583906137837019e+01
5.560000000000000000e+02,1.194658285976500167e+01,1.184938347088987243e+01
5.570000000000000000e+02,1.193638170554801725e+01,1.183295173175908843e+01
5.580000000000000000e+02,1.192618965071167914e+01,1.181654379622365347e+01
5.590000000000000000e+02,1.191600663414155825e+01,1.180015963309379856e+01
5.600000000000000000e+02,1.190583269908916364e+01,1.178379920229832400e+01
5.610000000000000000e+02,1.189566778540170944e+01,1.176746246530870010e+01
5.620000000000000000e+02,1.188551193541305828e+01,1.175114938962558497e+01
5.630000000000000000e+02,1.187536508992344686e+01,1.173485992950004331e+01
5.640000000000000000e+02,1.186522729035773516e+01,1.171859405988273295e+01
5.650000000000000000e+02,1.185509847846023490e+01,1.170235172792508571e+01
5.660000000000000000e+02,1.184497869475569054e+01,1.168613291590368064e+01
5.670000000000000000e+02,1.183486788192330152e+01,1.166993756399322457e+01
5.680000000000000000e+02,1.182476607959675086e+01,1.165376566167011596e+01
5.690000000000000000e+02,1.181467323138075365e+01,1.163761714225729271e+01
5.700000000000000000e+02,1.180458937602737279e+01,1.162149200230290980e+01
5.710000000000000000e+02,1.179451445805708509e+01,1.160539016840497695e+01
5.720000000000000000e+02,1.178444851534992921e+01,1.158931164405364456e+01
5.730000000000000000e+02,1.177439149333232393e+01,1.157325634925046920e+01
5.740000000000000000e+02,1.176434342902205010e+01,1.155722429429635056e+01
5.750000000000000000e+02,1.175430426874138412e+01,1.154121539272635566e+01
5.760000000000000000e+02,1.174427404865583746e+01,1.152522966151946804e+01
5.770000000000000000e+02,1.173425271597334429e+01,1.150926700787550949e+01
5.780000000000000000e+02,1.172424030601730927e+01,1.149332745531785349e+01
5.790000000000000000e+02,1.171423676687086690e+01,1.147741090484339388e+01
5.800000000000000000e+02,1.170424213302567651e+01,1.146151738638502415e+01
5.810000000000000000e+02,1.169425635342948766e+01,1.144564679487015901e+01
5.820000000000000000e+02,1.168427946175267174e+01,1.142979916650556405e+01
5.830000000000000000e+02,1.167431140779695653e+01,1.141397439028321159e+01
5.840000000000000000e+02,1.166435222442195219e+01,1.139817250854756558e+01
5.850000000000000000e+02,1.165440186227263553e+01,1.138239340448986781e+01
5.860000000000000000e+02,1.164446035340849939e+01,1.136663712645540159e+01
5.870000000000000000e+02,1.163452764930681305e+01,1.135090355196998502e+01
5.880000000000000000e+02,1.162460378123789440e+01,1.133519273524245818e+01
5.890000000000000000e+02,1.161468870150023491e+01,1.131950454826888297e+01
5.900000000000000000e+02,1.160478244058578312e+01,1.130383905098414665e+01
5.910000000000000000e+02,1.159488495160331389e+01,1.128819610999038936e+01
5.920000000000000000e+02,1.158499626427731144e+01,1.127257579081089389e+01
5.930000000000000000e+02,1.157511633251565009e+01,1.125697795478991736e+01
5.940000000000000000e+02,1.156524518528641998e+01,1.124140267290141537e+01
5.950000000000000000e+02,1.155538277728543406e+01,1.122584980136777233e+01
5.960000000000000000e+02,1.154552913673535919e+01,1.121031941647605201e+01
5.970000000000000000e+02,1.153568421910880737e+01,1.119481136946253308e+01
5.980000000000000000e+02,1.152584805189413331e+01,1.117932574179002359e+01
5.990000000000000000e+02,1.151602059132937228e+01,1.116386237984447050e+01
6.000000000000000000e+02,1.150620186417973834e+01,1.114842137012733581e+01
6.010000000000000000e+02,1.149639182743756294e+01,1.113300255430933206e+01
6.020000000000000000e+02,1.148659050715593644e+01,1.111760602379409413e+01
6.030000000000000000e+02,1.147679786107018529e+01,1.110223161567189365e+01
6.040000000000000000e+02,1.146701391453242458e+01,1.108687942611240906e+01
6.050000000000000000e+02,1.145723862600975806e+01,1.107154928775983294e+01
6.060000000000000000e+02,1.144747202016439935e+01,1.105624130141438854e+01
6.070000000000000000e+02,1.143771405618402248e+01,1.104095529540772347e+01
6.080000000000000000e+02,1.142796475805203826e+01,1.102569137503597396e+01
6.090000000000000000e+02,1.141822408566543245e+01,1.101044936445104128e+01
6.100000000000000000e+02,1.140849206233994195e+01,1.099522937331103734e+01
6.110000000000000000e+02,1.139876864867066075e+01,1.098003122172018742e+01
6.120000000000000000e+02,1.138905386731665992e+01,1.096485502356561881e+01
6.130000000000000000e+02,1.137934767955999504e+01,1.094970059503493154e+01
6.140000000000000000e+02,1.136965010741409543e+01,1.093456805411215882e+01
6.150000000000000000e+02,1.135996111283686538e+01,1.091945721319848772e+01
6.160000000000000000e+02,1.135028071720707743e+01,1.090436819424378356e+01
6.170000000000000000e+02,1.134060888314739479e+01,1.088930080599198646e+01
6.180000000000000000e+02,1.133094563141284894e+01,1.087425517422887111e+01
6.190000000000000000e+02,1.132129092527983261e+01,1.085923110416909765e+01
6.200000000000000000e+02,1.131164478489051461e+01,1.084422872530551984e+01
6.210000000000000000e+02,1.130200717416413170e+01,1.082924783945038349e+01
6.220000000000000000e+02,1.129237811264069435e+01,1.081428857967613233e+01
6.230000000000000000e+02,1.128275756487138182e+01,1.079935074451812582e+01
6.240000000000000000e+02,1.127314554980485717e+01,1.078443447050214488e+01
6.250000000000000000e+02,1.126354203261341347e+01,1.076953955301093657e+01
6.260000000000000000e+02,1.125394703166495880e+01,1.075466613189877663e+01
6.270000000000000000e+02,1.124436051274226500e+01,1.073981399951868276e+01
6.280000000000000000e+02,1.123478249364299408e+01,1.072498329892985147e+01
6.290000000000000000e+02,1.122521294074971898e+01,1.071017381957719117e+01
6.300000000000000000e+02,1.121565187130045693e+01,1.069538570760276919e+01
6.310000000000000000e+02,1.120609925226694337e+01,1.068061874966340419e+01
6.320000000000000000e+02,1.119655510033791224e+01,1.066587309486341795e+01
6.330000000000000000e+02,1.118701938306385912e+01,1.065114852719016270e+01
6.340000000000000000e+02,1.117749211659455888e+01,1.063644519859122539e+01
6.350000000000000000e+02,1.116797326904888799e+01,1.062176289050156086e+01
6.360000000000000000e+02,1.115846285604781585e+01,1.060710175759442464e+01
6.370000000000000000e+02,1.114896084626836448e+01,1.059246157886784800e+01
6.380000000000000000e+02,1.113946725481276623e+01,1.057784251160502187e+01
6.390000000000000000e+02,1.112998205090605452e+01,1.056324433248084382e+01
6.400000000000000000e+02,1.112050524914181260e+01,1.054866720127413693e+01
6.410000000000000000e+02,1.111103681928293696e+01,1.053411089244908005e+01
6.420000000000000000e+02,1.110157677542423826e+01,1.051957556816741501e+01
6.430000000000000000e+02,1.109212508785656404e+01,1.050506100079318905e+01
6.440000000000000000e+02,1.108268177018575429e+01,1.049056735476020386e+01
6.450000000000000000e+02,1.107324679322072924e+01,1.047609440044127638e+01
6.460000000000000000e+02,1.106382017008805008e+01,1.046164230443311816e+01
6.470000000000000000e+02,1.105440187210498770e+01,1.044721083522444616e+01
6.480000000000000000e+02,1.104499191192843632e+01,1.043280016146744416e+01
6.490000000000000000e+02,1.103559026137437016e+01,1.041841004987224295e+01
6.500000000000000000e+02,1.102619693263940981e+01,1.040404067104072894e+01
6.510000000000000000e+02,1.101681189802877014e+01,1.038969179000825349e+01
6.520000000000000000e+02,1.100743516928817733e+01,1.037536357922240171e+01
6.530000000000000000e+02,1.099806671920267220e+01,1.036105580214568889e+01
6.540000000000000000e+02,1.098870655907632710e+01,1.034676863296930094e+01
6.550000000000000000e+02,1.097935466216471667e+01,1.033250183368310360e+01
6.560000000000000000e+02,1.097001103933934552e+01,1.031825558012145549e+01
6.570000000000000000e+02,1.096067566431730533e+01,1.030402963289998830e+01
6.580000000000000000e+02,1.095134854754637388e+01,1.028982416939773792e+01
6.590000000000000000e+02,1.094202966319613068e+01,1.027563894895273044e+01
6.600000000000000000e+02,1.093271902129960260e+01,1.026147415039182498e+01
6.610000000000000000e+02,1.092341659646990593e+01,1.024732953187029594e+01
6.620000000000000000e+02,1.091412239833403852e+01,1.023320527356790244e+01
6.630000000000000000e+02,1.090483640193987824e+01,1.021910113255009556e+01
6.640000000000000000e+02,1.089555861651703594e+01,1.020501729025649240e+01
6.650000000000000000e+02,1.088628901753946110e+01,1.019095350275392065e+01
6.660000000000000000e+02,1.087702761384788275e+01,1.017690995265052756e+01
6.670000000000000000e+02,1.086777438133385054e+01,1.016288639510386460e+01
6.680000000000000000e+02,1.085852932845755525e+01,1.014888301380121938e+01
6.690000000000000000e+02,1.084929243151970191e+01,1.013489956307830830e+01
6.700000000000000000e+02,1.084006369860817287e+01,1.012093622761407907e+01
6.710000000000000000e+02,1.083084310642465198e+01,1.010699276100808319e+01
6.720000000000000000e+02,1.082163066269277607e+01,1.009306934884505225e+01
6.730000000000000000e+02,1.081242634450699214e+01,1.007916574407236610e+01
6.740000000000000000e+02,1.080323015923476149e+01,1.006528213309650610e+01
6.750000000000000000e+02,1.079404208435530954e+01,1.005141826829476059e+01
6.760000000000000000e+02,1.078486212688774160e+01,1.003757433681336408e+01
6.770000000000000000e+02,1.077569026468810343e+01,1.002375009053973365e+01
6.780000000000000000e+02,1.076652650443496029e+01,1.000994571727940574e+01
6.790000000000000000e+02,1.075737082435342451e+01,9.996160968508467803e+00
6.800000000000000000e+02,1.074822323078905839e+01,9.982396032613300108e+00
6.810000000000000000e+02,1.073908370232849130e+01,9.968650660735260516e+00
6.820000000000000000e+02,1.072995224499173794e+01,9.954925041764941085e+00
6.830000000000000000e+02,1.072082883771935435e+01,9.941218926583802684e+00
6.840000000000000000e+02,1.071171348621325592e+01,9.927532504511738409e+00
6.850000000000000000e+02,1.070260616976054102e+01,9.913865526243414550e+00
6.860000000000000000e+02,1.069350689375221286e+01,9.900218181454887301e+00
6.870000000000000000e+02,1.068441563781466286e+01,9.886590220725361533e+00
6.880000000000000000e+02,1.067533240703510877e+01,9.872981834015712721e+00
6.890000000000000000e+02,1.066625718137208345e+01,9.859392771859308624e+00
6.900000000000000000e+02,1.065718996561603760e+01,9.845823224432155740e+00
6.910000000000000000e+02,1.064813074005062177e+01,9.832272942289566942e+00
6.920000000000000000e+02,1.063907950917635503e+01,9.818742115754952593e+00
6.930000000000000000e+02,1.063003625359510451e+01,9.805230495471649377e+00
6.940000000000000000e+02,1.062100097752423089e+01,9.791738271844314667e+00
6.950000000000000000e+02,1.061197366187704816e+01,9.778265195668685905e+00
6.960000000000000000e+02,1.060295431059443949e+01,9.764811457366299408e+00
6.970000000000000000e+02,1.059394290489442980e+01,9.751376807947954362e+00
6.980000000000000000e+02,1.058493944844792267e+01,9.737961437789305563e+00
6.990000000000000000e+02,1.057594392277117379e+01,9.724565098177290423e+00
7.000000000000000000e+02,1.056695633127147893e+01,9.711187979380675017e+00
7.010000000000000000e+02,1.055797665575694744e+01,9.697829833021742729e+00
7.020000000000000000e+02,1.054900489937745967e+01,9.684490849203104545e+00
7.030000000000000000e+02,1.054004104422671695e+01,9.671170779940078788e+00
7.040000000000000000e+02,1.053108509320339969e+01,9.657869815111412848e+00
7.050000000000000000e+02,1.052213702868051115e+01,9.644587707181514702e+00
7.060000000000000000e+02,1.051319685331161224e+01,9.631324645749101521e+00
7.070000000000000000e+02,1.050426454974303958e+01,9.618080383782146470e+00
7.080000000000000000e+02,1.049534012038904329e+01,9.604855110544928465e+00
7.090000000000000000e+02,1.048642354816332656e+01,9.591648579561761423e+00
7.100000000000000000e+02,1.047751483524674754e+01,9.578460979709666034e+00
7.110000000000000000e+02,1.046861396481445716e+01,9.565292065120488019e+00
7.120000000000000000e+02,1.045972093881965570e+01,9.552142024232736617e+00
7.130000000000000000e+02,1.045083574069324683e+01,9.539010611835502473e+00
7.140000000000000000e+02,1.044195837216629208e+01,9.525898015878986769e+00
7.150000000000000000e+02,1.043308881691982393e+01,9.512803991857730068e+00
7.160000000000000000e+02,1.042422707646833047e+01,9.499728727185409838e+00
7.170000000000000000e+02,1.041537313473743787e+01,9.486671978108629943e+00
7.180000000000000000e+02,1.040652699303039341e+01,9.473633931457955626e+00
7.190000000000000000e+02,1.039768863551201328e+01,9.460614344277079368e+00
7.200000000000000000e+02,1.038885806327960992e+01,9.447613402768233470e+00
7.210000000000000000e+02,1.038003526073194571e+01,9.434630864815961360e+00
7.220000000000000000e+02,1.037122022876545913e+01,9.421666915950442700e+00
7.230000000000000000e+02,1.036241295200767887e+01,9.408721314939224811e+00
7.240000000000000000e+02,1.035361343115929422e+01,9.395794246598150323e+00
7.250000000000000000e+02,1.034482165107148077e+01,9.382885470618584023e+00
7.260000000000000000e+02,1.033603761225411510e+01,9.369995171061159311e+00
7.270000000000000000e+02,1.032726129977706009e+01,9.357123108580479354e+00
7.280000000000000000e+02,1.031849271396423795e+01,9.344269466442485239e+00
7.290000000000000000e+02,1.030973184009930677e+01,9.331434006302924189e+00
7.300000000000000000e+02,1.030097867832499503e+01,9.318616910595087788e+00
7.310000000000000000e+02,1.029223321413395276e+01,9.305817942012454935e+00
7.320000000000000000e+02,1.028349544749239008e+01,9.293037282118934428e+00
7.330000000000000000e+02,1.027476536409726116e+01,9.280274694681081016e+00
7.340000000000000000e+02,1.026604296374281411e+01,9.267530360358010810e+00
7.350000000000000000e+02,1.025732823232574020e+01,9.254804044023275722e+00
7.360000000000000000e+02,1.024862116947275403e+01,9.242095925397128653e+00
7.370000000000000000e+02,1.023992176127578801e+01,9.229405770492780547e+00
7.380000000000000000e+02,1.023123000719844455e+01,9.216733758058998305e+00
7.390000000000000000e+02,1.022254589352348120e+01,9.204079655279922889e+00
7.400000000000000000e+02,1.021386941955562833e+01,9.191443639901281770e+00
7.410000000000000000e+02,1.020520057176416806e+01,9.178825480308349327e+00
7.420000000000000000e+02,1.019653934929919359e+01,9.166225353213553362e+00
7.430000000000000000e+02,1.018788573881225901e+01,9.153643028232195888e+00
7.440000000000000000e+02,1.017923973930289350e+01,9.141078681014406015e+00
7.450000000000000000e+02,1.017060133760085527e+01,9.128532082433196138e+00
7.460000000000000000e+02,1.016197053255906191e+01,9.116003407048543394e+00
7.470000000000000000e+02,1.015334731118150025e+01,9.103492427017645383e+00
7.480000000000000000e+02,1.014473167217834337e+01,9.090999315783752976e+00
7.490000000000000000e+02,1.013612360272383484e+01,9.078523846813579823e+00
7.500000000000000000e+02,1.012752310138930945e+01,9.066066192408102964e+00
7.510000000000000000e+02,1.011893015551534347e+01,9.053626127367857990e+00
7.520000000000000000e+02,1.011034476353822598e+01,9.041203822827148073e+00
7.530000000000000000e+02,1.010176691296107165e+01,9.028799054943315028e+00
7.540000000000000000e+02,1.009319660208877778e+01,9.016411993660877755e+00
7.550000000000000000e+02,1.008463381858329200e+01,9.004042416515959601e+00
7.560000000000000000e+02,1.007607856062170448e+01,8.991690492241017907e+00
7.570000000000000000e+02,1.006753081602122180e+01,8.979355999771975405e+00
7.580000000000000000e+02,1.005899058283457848e+01,8.967039106608172716e+00
7.590000000000000000e+02,1.005045784903072104e+01,8.954739593105150774e+00
7.600000000000000000e+02,1.004193261254147806e+01,8.942457625509076635e+00
7.610000000000000000e+02,1.003341486148405792e+01,8.930192985613945922e+00
7.620000000000000000e+02,1.002490459367276010e+01,8.917945838393697144e+00
7.630000000000000000e+02,1.001640179736960157e+01,8.905715967098634778e+00
7.640000000000000000e+02,1.000790647027463187e+01,8.893503535412520478e+00
7.650000000000000000e+02,9.999418600791443623e+00,8.881308328058773682e+00
7.660000000000000000e+02,9.990938186509016106e+00,8.869130507413832021e+00
7.670000000000000000e+02,9.982465215969275718e+00,8.856969859690208224e+00
7.680000000000000000e+02,9.973999686653241881e+00,8.844826545940968288e+00
7.690000000000000000e+02,9.965541587237998655e+00,8.832700353882549038e+00
7.700000000000000000e+02,9.957090915099653827e+00,8.820591443229464090e+00
7.710000000000000000e+02,9.948647659047423986e+00,8.808499603216260354e+00
7.720000000000000000e+02,9.940211816355486008e+00,8.796424992204565640e+00
7.730000000000000000e+02,9.931783375962073279e+00,8.784367400960137573e+00
7.740000000000000000e+02,9.923362335042412496e+00,8.772326986478397259e+00
7.750000000000000000e+02,9.914948682660826407e+00,8.760303541068543254e+00
7.760000000000000000e+02,9.906542415896399945e+00,8.748297220347311054e+00
7.770000000000000000e+02,9.898143523936703048e+00,8.736307818178735474e+00
7.780000000000000000e+02,9.889752003767398492e+00,8.724335488789202842e+00
7.790000000000000000e+02,9.881367844696498537e+00,8.712380027608210398e+00
7.800000000000000000e+02,9.872991043619013141e+00,8.700441587460954196e+00
7.810000000000000000e+02,9.864621589960602677e+00,8.688519965352091035e+00
7.820000000000000000e+02,9.856259480528299477e+00,8.676615312695673765e+00
7.830000000000000000e+02,9.847904704862697756e+00,8.664727428080496452e+00
7.840000000000000000e+02,9.839557259685440371e+00,8.652856461500187280e+00
7.850000000000000000e+02,9.831217134649413936e+00,8.641002213135903887e+00
7.860000000000000000e+02,9.822884326393415577e+00,8.629164831552412096e+00
7.870000000000000000e+02,9.814558824680144511e+00,8.617344118530626318e+00
7.880000000000000000e+02,9.806240626067909361e+00,8.605540221198733519e+00
7.890000000000000000e+02,9.797929720426727940e+00,8.593752942944087536e+00
7.900000000000000000e+02,9.789626104236875292e+00,8.581982429451356253e+00
7.910000000000000000e+02,9.781329767473176062e+00,8.570228485720418732e+00
7.920000000000000000e+02,9.773040706540289335e+00,8.558491255986000468e+00
7.930000000000000000e+02,9.764758911515450279e+00,8.546770546865777973e+00
7.940000000000000000e+02,9.756484378729936680e+00,8.535066501139073836e+00
7.950000000000000000e+02,9.748217098361111610e+00,8.523378927045900610e+00
7.960000000000000000e+02,9.739957066669109764e+00,8.511707965905271678e+00
7.970000000000000000e+02,9.731704273929105753e+00,8.500053427583537768e+00
7.980000000000000000e+02,9.723458716332309848e+00,8.488415451935082956e+00
7.990000000000000000e+02,9.715220384249512620e+00,8.476793850455914381e+00
8.000000000000000000e+02,9.706989273805072926e+00,8.465188761532184358e+00
8.010000000000000000e+02,9.698765375463217708e+00,8.453599998292240514e+00
8.020000000000000000e+02,9.690548685283561170e+00,8.442027697650999585e+00
8.030000000000000000e+02,9.682339193821697165e+00,8.430471674371213808e+00
8.040000000000000000e+02,9.674136897074449237e+00,8.418932063894249751e+00
8.050000000000000000e+02,9.665941785686706922e+00,8.407408682618662255e+00
8.060000000000000000e+02,9.657753855594549464e+00,8.395901664510386553e+00
8.070000000000000000e+02,9.649573097530106836e+00,8.384410827604888539e+00
8.080000000000000000e+02,9.641399507370614685e+00,8.372936304391306095e+00
8.090000000000000000e+02,9.633233075933476997e+00,8.361477914542348344e+00
8.100000000000000000e+02,9.625073799039018496e+00,8.350035789069723435e+00
8.110000000000000000e+02,9.616921667587948974e+00,8.338609749283151018e+00
8.120000000000000000e+02,9.608776677345540307e+00,8.327199924716790491e+00
8.130000000000000000e+02,9.600638819293942916e+00,8.315806138316677476e+00
8.140000000000000000e+02,9.592508089145081129e+00,8.304428518139726378e+00
8.150000000000000000e+02,9.584384477960785631e+00,8.293066888767178568e+00
8.160000000000000000e+02,9.576267981401441531e+00,8.281721376779451305e+00
8.170000000000000000e+02,9.568158590606660852e+00,8.270391808391309496e+00
8.180000000000000000e+02,9.560056301186964589e+00,8.259078308708032168e+00
8.190000000000000000e+02,9.551961104358124288e+00,8.247780705575747717e+00
8.200000000000000000e+02,9.543872995682418647e+00,8.236499122626414149e+00
8.210000000000000000e+02,9.535791966450025470e+00,8.225233389334885459e+00
8.220000000000000000e+02,9.527718012176634943e+00,8.213983627862051051e+00
8.230000000000000000e+02,9.519651124225175565e+00,8.202749669308417424e+00
8.240000000000000000e+02,9.511591298066264244e+00,8.191531634366496561e+00
8.250000000000000000e+02,9.503538525134036519e+00,8.180329355758980014e+00
8.260000000000000000e+02,9.495492800855590332e+00,8.169142952713089656e+00
8.270000000000000000e+02,9.487454116734589604e+00,8.157972259569817197e+00
8.280000000000000000e+02,9.479422468156155190e+00,8.146817394094606257e+00
8.290000000000000000e+02,9.471397846691994360e+00,8.135678192242458806e+00
8.300000000000000000e+02,9.463380247686638214e+00,8.124554770320946417e+00
8.310000000000000000e+02,9.455369662778331019e+00,8.113446965894347329e+00
8.320000000000000000e+02,9.447366087272508040e+00,8.102354893816750447e+00
8.330000000000000000e+02,9.439369512872469059e+00,8.091278393256613910e+00
8.340000000000000000e+02,9.431379934845834256e+00,8.080217577619192681e+00
8.350000000000000000e+02,9.423397344959603572e+00,8.069172287671738886e+00
8.360000000000000000e+02,9.415421738444980093e+00,8.058142635375647345e+00
8.370000000000000000e+02,9.407453107131180658e+00,8.047128463091228312e+00
8.380000000000000000e+02,9.399491446214330637e+00,8.036129881341388170e+00
8.390000000000000000e+02,9.391536747584588340e+00,8.025146734073402399e+00
8.400000000000000000e+02,9.383589006404204014e+00,8.014179130377335980e+00
8.410000000000000000e+02,9.375648214622895438e+00,8.003226915781041839e+00
8.420000000000000000e+02,9.367714367370371775e+00,7.992290197947808039e+00
8.430000000000000000e+02,9.359787456654643734e+00,7.981368823979273053e+00
8.440000000000000000e+02,9.351867477574005605e+00,7.970462900118228333e+00
8.450000000000000000e+02,9.343954422193514020e+00,7.959572275033141686e+00
8.460000000000000000e+02,9.336048285581288297e+00,7.948697053552922220e+00
8.470000000000000000e+02,9.328149059858210634e+00,7.937837085905538714e+00
8.480000000000000000e+02,9.320256740063301848e+00,7.926992475512937730e+00
8.490000000000000000e+02,9.312371318372070661e+00,7.916163074154935586e+00
8.500000000000000000e+02,9.304492789795625995e+00,7.905348983853688338e+00
8.510000000000000000e+02,9.296621146562916493e+00,7.894550057933077625e+00
8.520000000000000000e+02,9.288756383658242299e+00,7.883766397022841765e+00
8.530000000000000000e+02,9.280898493362810697e+00,7.872997855982857729e+00
8.540000000000000000e+02,9.273047470635185974e+00,7.862244534058113743e+00
8.550000000000000000e+02,9.265203307807764688e+00,7.851506287636180303e+00
8.560000000000000000e+02,9.257365999814377133e+00,7.840783214585140826e+00
8.570000000000000000e+02,9.249535539037527343e+00,7.830075172811647555e+00
8.580000000000000000e+02,9.241711920387295720e+00,7.819382258815114284e+00
8.590000000000000000e+02,9.233895136295295458e+00,7.808704332012474048e+00
8.600000000000000000e+02,9.226085181648816302e+00,7.798041487542802130e+00
8.610000000000000000e+02,9.218282048927530781e+00,7.787393586324331984e+00
8.620000000000000000e+02,9.210485732996932740e+00,7.776760722144307358e+00
8.630000000000000000e+02,9.202696226383725531e+00,7.766142757413128983e+00
8.640000000000000000e+02,9.194913523932507715e+00,7.755539784574927431e+00
8.650000000000000000e+02,9.187137618216091539e+00,7.744951667522874672e+00
8.660000000000000000e+02,9.179368504059024048e+00,7.734378497367019101e+00
8.670000000000000000e+02,9.171606174079343532e+00,7.723820139473664526e+00
8.680000000000000000e+02,9.163850623082424818e+00,7.713276683627863228e+00
8.690000000000000000e+02,9.156101843730533929e+00,7.702747996659408791e+00
8.700000000000000000e+02,9.148359830810818494e+00,7.692234167037574899e+00
8.710000000000000000e+02,9.140624577028775732e+00,7.681735063045766587e+00
8.720000000000000000e+02,9.132896077154146752e+00,7.671250771846968242e+00
8.730000000000000000e+02,9.125174323934905019e+00,7.660781163168101315e+00
8.740000000000000000e+02,9.117459312124127635e+00,7.650326322875427465e+00
8.750000000000000000e+02,9.109751034511397449e+00,7.639886122129278867e+00
8.760000000000000000e+02,9.102049485833942910e+00,7.629460645508902239e+00
8.770000000000000000e+02,9.094354658922028989e+00,7.619049765597652346e+00
8.780000000000000000e+02,9.086666548497891682e+00,7.608653565697706789e+00
8.790000000000000000e+02,9.078985147431694713e+00,7.598271919804979291e+00
8.800000000000000000e+02,9.071310450431347761e+00,7.587904909954552579e+00
8.810000000000000000e+02,9.063642450406167228e+00,7.577552411544330013e+00
8.820000000000000000e+02,9.055981142050395505e+00,7.567214505352406029e+00
8.830000000000000000e+02,9.048326518311782252e+00,7.556891068168028802e+00
8.840000000000000000e+02,9.040678573871632651e+00,7.546582179522538958e+00
8.850000000000000000e+02,9.033037301715346246e+00,7.536287717585675949e+00
8.860000000000000000e+02,9.025402696511978462e+00,7.526007760652355216e+00
8.870000000000000000e+02,9.017774751283818446e+00,7.515742188261985035e+00
8.880000000000000000e+02,9.010153460688355764e+00,7.505491077483430473e+00
8.890000000000000000e+02,9.002538817784053293e+00,7.495254309214811173e+00
8.900000000000000000e+02,8.994930817217495544e+00,7.485031959309512040e+00
8.910000000000000000e+02,8.987329452082647663e+00,7.474823910013189021e+00
8.920000000000000000e+02,8.979734717015775303e+00,7.464630235974378358e+00
8.930000000000000000e+02,8.972146605145660203e+00,7.454450820775179842e+00
8.940000000000000000e+02,8.964565111098867334e+00,7.444285737869979158e+00
8.950000000000000000e+02,8.956990228038371527e+00,7.434134872166068497e+00
8.960000000000000000e+02,8.949421950581637475e+00,7.423998295934373104e+00
8.970000000000000000e+02,8.941860271925104797e+00,7.413875895396143001e+00
8.980000000000000000e+02,8.934305186677745425e+00,7.403767741649646794e+00
8.990000000000000000e+02,8.926756688068927303e+00,7.393673722218816913e+00
9.000000000000000000e+02,8.919214770699632311e+00,7.383593907040109094e+00
9.010000000000000000e+02,8.911679427831504796e+00,7.373528184928715312e+00
9.020000000000000000e+02,8.904150654058129888e+00,7.363476624670195037e+00
9.030000000000000000e+02,8.896628442672801285e+00,7.353439116359538730e+00
9.040000000000000000e+02,8.889112788262263365e+00,7.343415727642462087e+00
9.050000000000000000e+02,8.881603684150904954e+00,7.333406349882289454e+00
9.060000000000000000e+02,8.874101124919093309e+00,7.323411049595813793e+00
9.070000000000000000e+02,8.866605103921768816e+00,7.313429719403149676e+00
9.080000000000000000e+02,8.859115615733410110e+00,7.303462424703282885e+00
9.090000000000000000e+02,8.851632653738997547e+00,7.293509059361639402e+00
9.100000000000000000e+02,8.844156212507579440e+00,7.283569687670425452e+00
9.110000000000000000e+02,8.836686285453620116e+00,7.273644204728700657e+00
9.120000000000000000e+02,8.829222867141249154e+00,7.263732673733038325e+00
9.130000000000000000e+02,8.821765951013860629e+00,7.253834991004654675e+00
9.140000000000000000e+02,8.814315531631139677e+00,7.243951218655531044e+00
9.150000000000000000e+02,8.806871602464923399e+00,7.234081254217364254e+00
9.160000000000000000e+02,8.799434158070894796e+00,7.224225158728774687e+00
9.170000000000000000e+02,8.792003191948820628e+00,7.214382830920313516e+00
9.180000000000000000e+02,8.784578698650779671e+00,7.204554330768363712e+00
9.190000000000000000e+02,8.777160671704010042e+00,7.194739558190716089e+00
9.200000000000000000e+02,8.769749105657437482e+00,7.184938572112617550e+00
9.210000000000000000e+02,8.762343994065322050e+00,7.175151273627560222e+00
9.220000000000000000e+02,8.754945331473784620e+00,7.165377720620777602e+00
9.230000000000000000e+02,8.747553111463659548e+00,7.155617815349790689e+00
9.240000000000000000e+02,8.740167328578683836e+00,7.145871614671032823e+00
9.250000000000000000e+02,8.732787976425797183e+00,7.136139021994419629e+00
9.260000000000000000e+02,8.725415049546761281e+00,7.126420093158705171e+00
9.270000000000000000e+02,8.718048541574150434e+00,7.116714732714583214e+00
9.280000000000000000e+02,8.710688447048156036e+00,7.107022995494287620e+00
9.290000000000000000e+02,8.703334759626587314e+00,7.097344787177777725e+00
9.300000000000000000e+02,8.695987473848372673e+00,7.087680161601801032e+00
9.310000000000000000e+02,8.688646583396185008e+00,7.078029025563913557e+00
9.320000000000000000e+02,8.681312082807997044e+00,7.068391431916642986e+00
9.330000000000000000e+02,8.673983965790961648e+00,7.058767288563563724e+00
9.340000000000000000e+02,8.666662226882516862e+00,7.049156647384015706e+00
9.350000000000000000e+02,8.659346859813814135e+00,7.039559417376085371e+00
9.360000000000000000e+02,8.652037859122067687e+00,7.029975649456935649e+00
9.370000000000000000e+02,8.644735218562104251e+00,7.020405253707690640e+00
9.380000000000000000e+02,8.637438932671239300e+00,7.010848280094426954e+00
9.390000000000000000e+02,8.630148995227626685e+00,7.001304639769823979e+00
9.400000000000000000e+02,8.622865400768914057e+00,6.991774381759762846e+00
9.410000000000000000e+02,8.615588143096244877e+00,6.982257418277090011e+00
9.420000000000000000e+02,8.608317216747925826e+00,6.972753797418552502e+00
9.430000000000000000e+02,8.601052615547738256e+00,6.963263432445705448e+00
9.440000000000000000e+02,8.593794334034958737e+00,6.953786370537050843e+00
9.450000000000000000e+02,8.586542366055592623e+00,6.944322525991510453e+00
9.460000000000000000e+02,8.579296706150223883e+00,6.934871945080251621e+00
9.470000000000000000e+02,8.572057348186785219e+00,6.925434543128257125e+00
9.480000000000000000e+02,8.564824286707406031e+00,6.916010365510201652e+00
9.490000000000000000e+02,8.557597515601612415e+00,6.906599328565829587e+00
9.500000000000000000e+02,8.550377029413320784e+00,6.897201476784124097e+00
9.510000000000000000e+02,8.543162822053334438e+00,6.887816727508407233e+00
9.520000000000000000e+02,8.535954888067681878e+00,6.878445124352734474e+00
9.530000000000000000e+02,8.528753221388138073e+00,6.869086585652759425e+00
9.540000000000000000e+02,8.521557816563024801e+00,6.859741154158353282e+00
9.550000000000000000e+02,8.514368667544813363e+00,6.850408749186424728e+00
9.560000000000000000e+02,8.507185768884401256e+00,6.841089412633283295e+00
9.570000000000000000e+02,8.500009114554607947e+00,6.831783064785999393e+00
9.580000000000000000e+02,8.492838699109126921e+00,6.822489746697959490e+00
9.590000000000000000e+02,8.485674516540916201e+00,6.813209379615365435e+00
9.600000000000000000e+02,8.478516561406690855e+00,6.803942003759225088e+00
9.610000000000000000e+02,8.471364827719218837e+00,6.794687541323944480e+00
9.620000000000000000e+02,8.464219310038444632e+00,6.785446031708644909e+00
9.630000000000000000e+02,8.457080002396736518e+00,6.776217398044974694e+00
9.640000000000000000e+02,8.449946899357474450e+00,6.767001678920656182e+00
9.650000000000000000e+02,8.442819994972321496e+00,6.757798798393801043e+00
9.660000000000000000e+02,8.435699283808311577e+00,6.748608794251000909e+00
9.670000000000000000e+02,8.428584759936171622e+00,6.739431591466113147e+00
9.680000000000000000e+02,8.421476417926760050e+00,6.730267227034916644e+00
9.690000000000000000e+02,8.414374251869647381e+00,6.721115626836236423e+00
9.700000000000000000e+02,8.407278256339720812e+00,6.711976827085377906e+00
9.710000000000000000e+02,8.400188425445103135e+00,6.702850754555507606e+00
9.720000000000000000e+02,8.393104753764943027e+00,6.693737444691525873e+00
9.730000000000000000e+02,8.386027235425657977e+00,6.684636825150414907e+00
9.740000000000000000e+02,8.378955865010828674e+00,6.675548930616861831e+00
9.750000000000000000e+02,8.371890636664963026e+00,6.666473689621092547e+00
9.760000000000000000e+02,8.364831544976228273e+00,6.657411136097599602e+00
9.770000000000000000e+02,8.357778584107032671e+00,6.648361199439483116e+00
9.780000000000000000e+02,8.350731748650279229e+00,6.639323912841001096e+00
9.790000000000000000e+02,8.343691032785999440e+00,6.630299206547750401e+00
9.800000000000000000e+02,8.336656431112071886e+00,6.621287113023644366e+00
9.810000000000000000e+02,8.329627937825964779e+00,6.612287563356554543e+00
9.820000000000000000e+02,8.322605547530622871e+00,6.603300589289870182e+00
9.830000000000000000e+02,8.315589254440745037e+00,6.594326122743458640e+00
9.840000000000000000e+02,8.308579053164525163e+00,6.585364194749979916e+00
9.850000000000000000e+02,8.301574937933674292e+00,6.576414738051175490e+00
9.860000000000000000e+02,8.294576903361809528e+00,6.567477782978673240e+00
9.870000000000000000e+02,8.287584943697455131e+00,6.558553263086007057e+00
9.880000000000000000e+02,8.280599053559747347e+00,6.549641208013361471e+00
9.890000000000000000e+02,8.273619227213893979e+00,6.540741552116117852e+00
9.900000000000000000e+02,8.266645459284671205e+00,6.531854324352542207e+00
9.910000000000000000e+02,8.259677744053734116e+00,6.522979459869959307e+00
9.920000000000000000e+02,8.252716076151680014e+00,6.514116986954177513e+00
9.930000000000000000e+02,8.245760449876421205e+00,6.505266841534674604e+00
9.940000000000000000e+02,8.238810859864498681e+00,6.496429051234059671e+00
9.950000000000000000e+02,8.231867300429927425e+00,6.487603552754293013e+00
9.960000000000000000e+02,8.224929766215325344e+00,6.478790373064164498e+00
9.970000000000000000e+02,8.217998251550589828e+00,6.469989449628356759e+00
9.980000000000000000e+02,8.211072751084531163e+00,6.461200808771054405e+00
9.990000000000000000e+02,8.204153259162810130e+00,6.452424388710150893e+00
1.000000000000000000e+03,8.197239770440544859e+00,6.443660215134314306e+00
1.001000000000000000e+03,8.190332279278958794e+00,6.434908227005119663e+00
1.002000000000000000e+03,8.183430780339591593e+00,6.426168449384850767e+00
1.003000000000000000e+03,8.176535267999108569e+00,6.417440821969340625e+00
1.004000000000000000e+03,8.169645736925573942e+00,6.408725369203411404e+00
1.005000000000000000e+03,8.162762181510892390e+00,6.400022031507861975e+00
1.006000000000000000e+03,8.155884596429769928e+00,6.391330832718928434e+00
1.007000000000000000e+03,8.149012976089226257e+00,6.382651713973110041e+00
1.008000000000000000e+03,8.142147315170717548e+00,6.373984698506917290e+00
1.009000000000000000e+03,8.135287608096220424e+00,6.365329728163382050e+00
1.010000000000000000e+03,8.128433849554006940e+00,6.356686825587974710e+00
1.011000000000000000e+03,8.121586033980880970e+00,6.348055933321223421e+00
1.012000000000000000e+03,8.114744156072045911e+00,6.339437073426168467e+00
1.013000000000000000e+03,8.107908210278973016e+00,6.330830189131869901e+00
1.014000000000000000e+03,8.101078191303891174e+00,6.322235301927482176e+00
1.015000000000000000e+03,8.094254093612800460e+00,6.313652355721677267e+00
1.016000000000000000e+03,8.087435911915051179e+00,6.305081371438236104e+00
1.017000000000000000e+03,8.080623640691026566e+00,6.296522293656622971e+00
1.018000000000000000e+03,8.073817274657294263e+00,6.287975142743598589e+00
1.019000000000000000e+03,8.067016808308476783e+00,6.279439863940698530e+00
1.020000000000000000e+03,8.060222236368430160e+00,6.270916477065975769e+00
1.021000000000000000e+03,8.053433553345929141e+00,6.262404928014387195e+00
1.022000000000000000e+03,8.046650753972176773e+00,6.253905236063507900e+00
1.023000000000000000e+03,8.039873832769965034e+00,6.245417347753120296e+00
1.024000000000000000e+03,8.033102784477902603e+00,6.236941281828488393e+00
1.025000000000000000e+03,8.026337603632709872e+00,6.228476985465783322e+00
1.026000000000000000e+03,8.019578284980468652e+00,6.220024476885955167e+00
1.027000000000000000e+03,8.012824823071685643e+00,6.211583703893179376e+00
1.028000000000000000e+03,8.006077212660013487e+00,6.203154684192084822e+00
1.029000000000000000e+03,7.999335448309610186e+00,6.194737366206518381e+00
1.030000000000000000e+03,7.992599524781766718e+00,6.186331767132682735e+00
1.031000000000000000e+03,7.985869436654190245e+00,6.177937836005900962e+00
1.032000000000000000e+03,7.979145178695890905e+00,6.169555589521689143e+00
1.033000000000000000e+03,7.972426745497990019e+00,6.161184977318769462e+00
1.034000000000000000e+03,7.965714131837261291e+00,6.152826015599698550e+00
1.035000000000000000e+03,7.959007332318160266e+00,6.144478654598491296e+00
1.036000000000000000e+03,7.952306341725285499e+00,6.136142910032417852e+00
1.037000000000000000e+03,7.945611154676283761e+00,6.127818732722827733e+00
1.038000000000000000e+03,7.938921765963675270e+00,6.119506137909243471e+00
1.039000000000000000e+03,7.932238170218203877e+00,6.111205076992482610e+00
1.040000000000000000e+03,7.925560362240331891e+00,6.102915564741726584e+00
1.041000000000000000e+03,7.918888336673803430e+00,6.094637553129505392e+00
1.042000000000000000e+03,7.912222088327101055e+00,6.086371056462106743e+00
1.043000000000000000e+03,7.905561611856863458e+00,6.078116027276007749e+00
1.044000000000000000e+03,7.898906902079604109e+00,6.069872479421856148e+00
1.045000000000000000e+03,7.892257953664806536e+00,6.061640365992532864e+00
1.046000000000000000e+03,7.885614761437054199e+00,6.053419700390219482e+00
1.047000000000000000e+03,7.878977320078566215e+00,6.045210436256676090e+00
1.048000000000000000e+03,7.872345624422049326e+00,6.037012586552785720e+00
1.049000000000000000e+03,7.865719669162362315e+00,6.028826105461638107e+00
1.050000000000000000e+03,7.859099449140393823e+00,6.020651005509896514e+00
1.051000000000000000e+03,7.852484959063555259e+00,6.012487241414691042e+00
1.052000000000000000e+03,7.845876193780959795e+00,6.004334825275369880e+00
1.053000000000000000e+03,7.839273148012439130e+00,5.996193712335814219e+00
1.054000000000000000e+03,7.832675816615385145e+00,5.988063914274968091e+00
1.055000000000000000e+03,7.826084194322024956e+00,5.979945386856240219e+00
1.056000000000000000e+03,7.819498275998039816e+00,5.971838141344990802e+00
1.057000000000000000e+03,7.812918056387917254e+00,5.963742134017031127e+00
1.058000000000000000e+03,7.806343530365710492e+00,5.955657375730812220e+00
1.059000000000000000e+03,7.799774692688101752e+00,5.947583823267585501e+00
1.060000000000000000e+03,7.793211538237512670e+00,5.939521487085509754e+00
1.061000000000000000e+03,7.786654061782749103e+00,5.931470324464315880e+00
1.062000000000000000e+03,7.780102258214631306e+00,5.923430345468437608e+00
1.063000000000000000e+03,7.773556122314007943e+00,5.915401507869168185e+00
1.064000000000000000e+03,7.767015648980181375e+00,5.907383821343743513e+00
1.065000000000000000e+03,7.760480833005911627e+00,5.899377244148235278e+00
1.066000000000000000e+03,7.753951669299006255e+00,5.891381785579045349e+00
1.067000000000000000e+03,7.747428152664102896e+00,5.883397404370333206e+00
1.068000000000000000e+03,7.740910278017505419e+00,5.875424109443974530e+00
1.069000000000000000e+03,7.734398040175679334e+00,5.867461860005622754e+00
1.070000000000000000e+03,7.727891434063462128e+00,5.859510664608855279e+00
1.071000000000000000e+03,7.721390454509054813e+00,5.851570482924227434e+00
1.072000000000000000e+03,7.714895096445854250e+00,5.843641323143207167e+00
1.073000000000000000e+03,7.708405354713731228e+00,5.835723145394784872e+00
1.074000000000000000e+03,7.701921224254651754e+00,5.827815957514433265e+00
1.075000000000000000e+03,7.695442699920102214e+00,5.819919720083174930e+00
1.076000000000000000e+03,7.688969776660666611e+00,5.812034440586438144e+00
1.077000000000000000e+03,7.682502449339354555e+00,5.804160080051025794e+00
1.078000000000000000e+03,7.676040712915360942e+00,5.796296645618233434e+00
1.079000000000000000e+03,7.669584562263175087e+00,5.788444098754417233e+00
1.080000000000000000e+03,7.663133992350654289e+00,5.780602446262589567e+00
1.081000000000000000e+03,7.656688998063666318e+00,5.772771650042487934e+00
1.082000000000000000e+03,7.650249574378767292e+00,5.764951716564645778e+00
1.083000000000000000e+03,7.643815716193143039e+00,5.757142608156094354e+00
1.084000000000000000e+03,7.637387418492024516e+00,5.749344330960568072e+00
1.085000000000000000e+03,7.630964676183900508e+00,5.741556847726424273e+00
1.086000000000000000e+03,7.624547484262701680e+00,5.733780164276203628e+00
1.087000000000000000e+03,7.618135837648107866e+00,5.726014243773666301e+00
1.088000000000000000e+03,7.611729731342814276e+00,5.718259091725734322e+00
1.089000000000000000e+03,7.605329160277634060e+00,5.710514671705674061e+00
1.090000000000000000e+03,7.598934119463974568e+00,5.702780988910305382e+00
1.091000000000000000e+03,7.592544603843763618e+00,5.695058007316641913e+00
1.092000000000000000e+03,7.586160608437183761e+00,5.687345731816731309e+00
1.093000000000000000e+03,7.579782128197176228e+00,5.679644126785690972e+00
1.094000000000000000e+03,7.573409158152665910e+00,5.671953196816136078e+00
1.095000000000000000e+03,7.567041693267629654e+00,5.664272906675650532e+00
1.096000000000000000e+03,7.560679728579725811e+00,5.656603260662670607e+00
1.097000000000000000e+03,7.554323259063850493e+00,5.648944223931652076e+00
1.098000000000000000e+03,7.547972279766496762e+00,5.641295800492100554e+00
1.099000000000000000e+03,7.541626785673403610e+00,5.633657955879870727e+00
1.100000000000000000e+03,7.535286771839859732e+00,5.626030693820606388e+00
1.101000000000000000e+03,7.528952233262418581e+00,5.618413980226170779e+00
1.102000000000000000e+03,7.522623165005177803e+00,5.610807818543398717e+00
1.103000000000000000e+03,7.516299562075470675e+00,5.603212175054815170e+00
1.104000000000000000e+03,7.509981419546194026e+00,5.595627052933450862e+00
1.105000000000000000e+03,7.503668732435404998e+00,5.588052418827161638e+00
1.106000000000000000e+03,7.497361495824836908e+00,5.580488275640123952e+00
1.107000000000000000e+03,7.491059704743177505e+00,5.572934590380357101e+00
1.108000000000000000e+03,7.484763354281011694e+00,5.565391365687973213e+00
1.109000000000000000e+03,7.478472439477653388e+00,5.557858568926080878e+00
1.110000000000000000e+03,7.472186955432486677e+00,5.550336202475458336e+00
1.111000000000000000e+03,7.465906897195422331e+00,5.542824234049207099e+00
1.112000000000000000e+03,7.459632259874675597e+00,5.535322665773549033e+00
1.113000000000000000e+03,7.453363038530659956e+00,5.527831465706567471e+00
1.114000000000000000e+03,7.447099228280460892e+00,5.520350635724533994e+00
1.115000000000000000e+03,7.440840824194963510e+00,5.512880144225629664e+00
1.116000000000000000e+03,7.434587821400082674e+00,5.505419992840720589e+00
1.117000000000000000e+03,7.428340214977125378e+00,5.497970150303226333e+00
1.118000000000000000e+03,7.422098000060887379e+00,5.490530618003171881e+00
1.119000000000000000e+03,7.415861171743027391e+00,5.483101365004373839e+00
1.120000000000000000e+03,7.409629725167223846e+00,5.475682392460456072e+00
1.121000000000000000e+03,7.403403655435441877e+00,5.468273669760927547e+00
1.122000000000000000e+03,7.397182957700225714e+00,5.460875197827371963e+00
1.123000000000000000e+03,7.390967627073841584e+00,5.453486946370341037e+00
1.124000000000000000e+03,7.384757658717687079e+00,5.446108916083692186e+00
1.125000000000000000e+03,7.378553047754274452e+00,5.438741076994419998e+00
1.126000000000000000e+03,7.372353789353845777e+00,5.431383429572911758e+00
1.127000000000000000e+03,7.366159878649129134e+00,5.424035944158059230e+00
1.128000000000000000e+03,7.359971310819251045e+00,5.416698621000990421e+00
1.129000000000000000e+03,7.353788081007075483e+00,5.409371430748026732e+00
1.130000000000000000e+03,7.347610184400576117e+00,5.402054373435165147e+00
1.131000000000000000e+03,7.341437616152759915e+00,5.394747420011737127e+00
1.132000000000000000e+03,7.335270371460440586e+00,5.387450570302672936e+00
1.133000000000000000e+03,7.329108445486730794e+00,5.380163795555964690e+00
1.134000000000000000e+03,7.322951833437296720e+00,5.372887095389516254e+00
1.135000000000000000e+03,7.316800530485271459e+00,5.365620441345683389e+00
1.136000000000000000e+03,7.310654531845192317e+00,5.358363832839279972e+00
1.137000000000000000e+03,7.304513832700168408e+00,5.351117241702780802e+00
1.138000000000000000e+03,7.298378428273628593e+00,5.343880667151824859e+00
1.139000000000000000e+03,7.292248313758623368e+00,5.336654081304867958e+00
1.140000000000000000e+03,7.286123484387419857e+00,5.329437483182177360e+00
1.141000000000000000e+03,7.280003935363019707e+00,5.322230845184075854e+00
1.142000000000000000e+03,7.273889661926514982e+00,5.315034166139258609e+00
1.143000000000000000e+03,7.267780659290802525e+00,5.307847418725846644e+00
1.144000000000000000e+03,7.261676922705804671e+00,5.300670601584672070e+00
1.145000000000000000e+03,7.255578447394280595e+00,5.293503687667715063e+00
1.146000000000000000e+03,7.249485228614981125e+00,5.286346675431571995e+00
1.147000000000000000e+03,7.243397261600486026e+00,5.279199538098088951e+00
1.148000000000000000e+03,7.237314541618376396e+00,5.272062273943317834e+00
1.149000000000000000e+03,7.231237063910998408e+00,5.264934856455117718e+00
1.150000000000000000e+03,7.225164823754780308e+00,5.257817283732478586e+00
1.151000000000000000e+03,7.219097816401811585e+00,5.250709529525435570e+00
1.152000000000000000e+03,7.213036037137319667e+00,5.243611591759475665e+00
1.153000000000000000e+03,7.206979481223115158e+00,5.236523444443033526e+00
1.154000000000000000e+03,7.200928143953214011e+00,5.229445085331504650e+00
1.155000000000000000e+03,7.194882020599132844e+00,5.222376488688016849e+00
1.156000000000000000e+03,7.188841106463696562e+00,5.215317652101309598e+00
1.157000000000000000e+03,7.182805396828047861e+00,5.208268550085492166e+00
1.158000000000000000e+03,7.176774887003811720e+00,5.201229180066020419e+00
1.159000000000000000e+03,7.170749572281732043e+00,5.194199516804379080e+00
1.160000000000000000e+03,7.164729447982244537e+00,5.187179557565974264e+00
1.161000000000000000e+03,7.158714509405661452e+00,5.180169277356164059e+00
1.162000000000000000e+03,7.152704751881189260e+00,5.173168673283559116e+00
1.163000000000000000e+03,7.146700170718687239e+00,5.166177720593858602e+00
1.164000000000000000e+03,7.140700761256129958e+00,5.159196416242077809e+00
1.165000000000000000e+03,7.134706518812919285e+00,5.152224735710785097e+00
1.166000000000000000e+03,7.128717438735795220e+00,5.145262675804545438e+00
1.167000000000000000e+03,7.122733516353602745e+00,5.138310212239395547e+00
1.168000000000000000e+03,7.116754747021847294e+00,5.131367341672555149e+00
1.169000000000000000e+03,7.110781126078839165e+00,5.124434040050195982e+00
1.170000000000000000e+03,7.104812648888853666e+00,5.117510303885169698e+00
1.171000000000000000e+03,7.098849310799586476e+00,5.110596109350495020e+00
1.172000000000000000e+03,7.092891107184033039e+00,5.103691452817720631e+00
1.173000000000000000e+03,7.086938033399316161e+00,5.096796310683388675e+00
1.174000000000000000e+03,7.080990084827163855e+00,5.089910679180681186e+00
1.175000000000000000e+03,7.075047256834040788e+00,5.083034534926510695e+00
1.176000000000000000e+03,7.069109544810393331e+00,5.076167874018581827e+00
1.177000000000000000e+03,7.063176944132003143e+00,5.069310673290980063e+00
1.178000000000000000e+03,7.057249450198043839e+00,5.062462928708816534e+00
1.179000000000000000e+03,7.051327058393601632e+00,5.055624617320238379e+00
1.180000000000000000e+03,7.045409764126535634e+00,5.048795734960563664e+00
1.181000000000000000e+03,7.039497562791221519e+00,5.041976258888946738e+00
1.182000000000000000e+03,7.033590449804206557e+00,5.035166184813662404e+00
1.183000000000000000e+03,7.027688420569066174e+00,5.028365490201837318e+00
1.184000000000000000e+03,7.021791470511058897e+00,5.021574170637449264e+00
1.185000000000000000e+03,7.015899595042972337e+00,5.014792203792623582e+00
1.186000000000000000e+03,7.010012789598745186e+00,5.008019585129685147e+00
1.187000000000000000e+03,7.004131049600315961e+00,5.001256292522850089e+00
1.188000000000000000e+03,6.998254370490290199e+00,4.994502321315462900e+00
1.189000000000000000e+03,6.992382747699791956e+00,4.987757649580894181e+00
1.190000000000000000e+03,6.986516176680035883e+00,4.981022272546084650e+00
1.191000000000000000e+03,6.980654652871308485e+00,4.974296168480737634e+00
1.192000000000000000e+03,6.974798171733422869e+00,4.967579332497941813e+00
1.193000000000000000e+03,6.968946728715803118e+00,4.960871743060923045e+00
1.194000000000000000e+03,6.963100319286872342e+00,4.954173395171426186e+00
1.195000000000000000e+03,6.957258938905108714e+00,4.947484267483456044e+00
1.196000000000000000e+03,6.951422583047560444e+00,4.940804354889885452e+00
1.197000000000000000e+03,6.945591247181767791e+00,4.934133636232748366e+00
1.198000000000000000e+03,6.939764926793362321e+00,4.927472106298466770e+00
1.199000000000000000e+03,6.933943617358908185e+00,4.920819744114483640e+00
1.200000000000000000e+03,6.928127314372622969e+00,4.914176544363110466e+00
1.201000000000000000e+03,6.922316013320065409e+00,4.907542486254565794e+00
1.202000000000000000e+03,6.916509709704041775e+00,4.900917564369421164e+00
1.203000000000000000e+03,6.910708399019062753e+00,4.894301758098033694e+00
1.204000000000000000e+03,6.904912076776497543e+00,4.887695061921578876e+00
1.205000000000000000e+03,6.899120738479810555e+00,4.881097455407990893e+00
1.206000000000000000e+03,6.893334379648909049e+00,4.874508932941299832e+00
1.207000000000000000e+03,6.887552995796191624e+00,4.867929474264522938e+00
1.208000000000000000e+03,6.881776582450084945e+00,4.861359073666768893e+00
1.209000000000000000e+03,6.876005135131893375e+00,4.854797711063670640e+00
1.210000000000000000e+03,6.870238649378556772e+00,4.848245380651588832e+00
1.211000000000000000e+03,6.864477120720263947e+00,4.841702062516322513e+00
1.212000000000000000e+03,6.858720544702453736e+00,4.835167750763686101e+00
1.213000000000000000e+03,6.852968916864135451e+00,4.828642425647196923e+00
1.214000000000000000e+03,6.847222232759277993e+00,4.822126081184277879e+00
1.215000000000000000e+03,6.841480487935733379e+00,4.815618697793794034e+00
1.216000000000000000e+03,6.835743677955886888e+00,4.809120269406824022e+00
1.217000000000000000e+03,6.830011798376421694e+00,4.802630776605287366e+00
1.218000000000000000e+03,6.824284844768222946e+00,4.796150213235983450e+00
1.219000000000000000e+03,6.818562812696694841e+00,4.789678560041570776e+00
1.220000000000000000e+03,6.812845697741177986e+00,4.783215810786558109e+00
1.221000000000000000e+03,6.807133495475870433e+00,4.776761946372118928e+00
1.222000000000000000e+03,6.801426201488531831e+00,4.770316960482475999e+00
1.223000000000000000e+03,6.795723811362075040e+00,4.763880834175053813e+00
1.224000000000000000e+03,6.790026320692697404e+00,4.757453561055718261e+00
1.225000000000000000e+03,6.784333725071996390e+00,4.751035122336003447e+00
1.226000000000000000e+03,6.778646020104615033e+00,4.744625511545334184e+00
1.227000000000000000e+03,6.772963201390815868e+00,4.738224710047174604e+00
1.228000000000000000e+03,6.767285264543624557e+00,4.731832711296418914e+00
1.229000000000000000e+03,6.761612205171973145e+00,4.725449496806296779e+00
1.230000000000000000e+03,6.755944018897275249e+00,4.719075059959014773e+00
1.231000000000000000e+03,6.750280701337097788e+00,4.712709382415544823e+00
1.232000000000000000e+03,6.744622248121205921e+00,4.706352457487207097e+00
1.233000000000000000e+03,6.738968654875804987e+00,4.700004266980602807e+00
1.234000000000000000e+03,6.733319917239023233e+00,4.693664804138000690e+00
1.235000000000000000e+03,6.727676030845599620e+00,4.687334050909600869e+00
1.236000000000000000e+03,6.722036991342041468e+00,4.681012000470367695e+00
1.237000000000000000e+03,6.716402794371649776e+00,4.674698634912138218e+00
1.238000000000000000e+03,6.710773435589264757e+00,4.668393947344248396e+00
1.239000000000000000e+03,6.705148910646749449e+00,4.662097919998240414e+00
1.240000000000000000e+03,6.699529215207203237e+00,4.655810545919525367e+00
1.241000000000000000e+03,6.693914344931047644e+00,4.649531807477397471e+00
1.242000000000000000e+03,6.688304295489686524e+00,4.643261697655012732e+00
1.243000000000000000e+03,6.682699062552027058e+00,4.637000198957513142e+00
1.244000000000000000e+03,6.677098641797757139e+00,4.630747304307488932e+00
1.245000000000000000e+03,6.671503028904266053e+00,4.624502996344016736e+00
1.246000000000000000e+03,6.665912219559503527e+00,4.618267267930689535e+00
1.247000000000000000e+03,6.660326209449329404e+00,4.612040101838726258e+00
1.248000000000000000e+03,6.654744994269931269e+00,4.605821490874309809e+00
1.249000000000000000e+03,6.649168569715627086e+00,4.599611417938989533e+00
1.250000000000000000e+03,6.643596931490818314e+00,4.593409875783079244e+00
1.251000000000000000e+03,6.638030075298242849e+00,4.587216847436647704e+00
1.252000000000000000e+03,6.632467996850543557e+00,4.581032325595693955e+00
1.253000000000000000e+03,6.626910691858832969e+00,4.574856293417034259e+00
1.254000000000000000e+03,6.621358156043990029e+00,4.568688743543880548e+00
1.255000000000000000e+03,6.615810385125477033e+00,4.562529659258069969e+00
1.256000000000000000e+03,6.610267374832339726e+00,4.556379033151436886e+00
1.257000000000000000e+03,6.604729120892438132e+00,4.550236848629181985e+00
1.258000000000000000e+03,6.599195619042983019e+00,4.544103098233231997e+00
1.259000000000000000e+03,6.593666865020149537e+00,4.537977765490464499e+00
1.260000000000000000e+03,6.588142854569345452e+00,4.531860842894287700e+00
1.261000000000000000e+03,6.582623583435051273e+00,4.525752314091623596e+00
1.262000000000000000e+03,6.577109047370788275e+00,4.519652171528779405e+00
1.263000000000000000e+03,6.571599242129351204e+00,4.513560398971061538e+00
1.264000000000000000e+03,6.566094163472389944e+00,4.507476988819047570e+00
1.265000000000000000e+03,6.560593807160990387e+00,4.501401924954874900e+00
1.266000000000000000e+03,6.555098168964887506e+00,4.495335199734723730e+00
1.267000000000000000e+03,6.549607244653423699e+00,4.489276797155959287e+00
1.268000000000000000e+03,6.544121030004459882e+00,4.483226709531700216e+00
1.269000000000000000e+03,6.538639520795554994e+00,4.477184920973007465e+00
1.270000000000000000e+03,6.533162712812645267e+00,4.471151423751237530e+00
1.271000000000000000e+03,6.527690601841524831e+00,4.465126202089611418e+00
1.272000000000000000e+03,6.522223183676175040e+00,4.459109248218998900e+00
1.273000000000000000e+03,6.516760454110603007e+00,4.453100546473282684e+00
1.274000000000000000e+03,6.511302408946850306e+00,4.447100089044099036e+00
1.275000000000000000e+03,6.505849043987057101e+00,4.441107860374531313e+00
1.276000000000000000e+03,6.500400355041326961e+00,4.435123852618184870e+00
1.277000000000000000e+03,6.494956337919973066e+00,4.429148050325885322e+00
1.278000000000000000e+03,6.489516988441108580e+00,4.423180445614476319e+00
1.279000000000000000e+03,6.484082302423158417e+00,4.417221023141083336e+00
1.280000000000000000e+03,6.478652275692290630e+00,4.411269774986890546e+00
1.281000000000000000e+03,6.473226904075005450e+00,4.405326685913956375e+00
1.282000000000000000e+03,6.467806183405477860e+00,4.399391747969047195e+00
1.283000000000000000e+03,6.462390109518292292e+00,4.393464946017712869e+00
1.284000000000000000e+03,6.456978678255624438e+00,4.387546272073400644e+00
1.285000000000000000e+03,6.451571885460141154e+00,4.381635711103831099e+00
1.286000000000000000e+03,6.446169726981926473e+00,4.375733255090255014e+00
1.287000000000000000e+03,6.440772198671747439e+00,4.369838889101264279e+00
1.288000000000000000e+03,6.435379296387634618e+00,4.363952605086949710e+00
1.289000000000000000e+03,6.429991015988381520e+00,4.358074388215452011e+00
1.290000000000000000e+03,6.424607353339948368e+00,4.352204230406848673e+00
1.291000000000000000e+03,6.419228304309164912e+00,4.346342116927474741e+00
1.292000000000000000e+03,6.413853864769886393e+00,4.340488039668444209e+00
1.293000000000000000e+03,6.408484030596948600e+00,4.334641983993083869e+00
1.294000000000000000e+03,6.403118797672101792e+00,4.328803941764539864e+00
1.295000000000000000e+03,6.397758161878169147e+00,4.322973898441841101e+00
1.296000000000000000e+03,6.392402119104807490e+00,4.317151845861225468e+00
1.297000000000000000e+03,6.387050665242781200e+00,4.311337769576195633e+00
1.298000000000000000e+03,6.381703796189619027e+00,4.305531661397078658e+00
1.299000000000000000e+03,6.376361507844027443e+00,4.299733506970605745e+00
1.300000000000000000e+03,6.371023796111379589e+00,4.293943298082175453e+00
1.301000000000000000e+03,6.365690656898323141e+00,4.288161020470597329e+00
1.302000000000000000e+03,6.360362086118068525e+00,4.282386665897277567e+00
1.303000000000000000e+03,6.355038079685161989e+00,4.276620220191922783e+00
1.304000000000000000e+03,6.349718633520654798e+00,4.270861675092922027e+00
1.305000000000000000e+03,6.344403743546974006e+00,4.265111016519687048e+00
1.306000000000000000e+03,6.339093405692984184e+00,4.259368236188498358e+00
1.307000000000000000e+03,6.333787615888966549e+00,4.253633320107383042e+00
1.308000000000000000e+03,6.328486370071570555e+00,4.247906259971424348e+00
1.309000000000000000e+03,6.323189664178960001e+00,4.242187041876103848e+00
1.310000000000000000e+03,6.317897494155530147e+00,4.236475657496206360e+00
1.311000000000000000e+03,6.312609855947319382e+00,4.230772093013588808e+00
1.312000000000000000e+03,6.307326745506471433e+00,4.225076340083612436e+00
1.313000000000000000e+03,6.302048158786810461e+00,4.219388384973399297e+00
1.314000000000000000e+03,6.296774091748244651e+00,4.213708219319752146e+00
1.315000000000000000e+03,6.291504540352394592e+00,4.208035829474015443e+00
1.316000000000000000e+03,6.286239500566908056e+00,4.202371207055258573e+00
1.317000000000000000e+03,6.280978968361188741e+00,4.196714338497988805e+00
1.318000000000000000e+03,6.275722939710583148e+00,4.191065215404393918e+00
1.319000000000000000e+03,6.270471410592302064e+00,4.185423824291083505e+00
1.320000000000000000e+03,6.265224376989327659e+00,4.179790156744177310e+00
1.321000000000000000e+03,6.259981834886634289e+00,4.174164199361396044e+00
1.322000000000000000e+03,6.254743780274928611e+00,4.168545943713553470e+00
1.323000000000000000e+03,6.249510209146867723e+00,4.162935376478488436e+00
1.324000000000000000e+03,6.244281117500818823e+00,4.157332489212490323e+00
1.325000000000000000e+03,6.239056501337218563e+00,4.151737268672555103e+00
1.326000000000000000e+03,6.233836356662037836e+00,4.146149706401187629e+00
1.327000000000000000e+03,6.228620679483397815e+00,4.140569789233573772e+00
1.328000000000000000e+03,6.223409465814927266e+00,4.134997508699183477e+00
1.329000000000000000e+03,6.218202711672402572e+00,4.129432851710403973e+00
1.330000000000000000e+03,6.213000413077095274e+00,4.123875809784465218e+00
1.331000000000000000e+03,6.207802566052444959e+00,4.118326369910042750e+00
1.332000000000000000e+03,6.202609166627293114e+00,4.112784523592760699e+00
1.333000000000000000e+03,6.197420210832776277e+00,4.107250257896673418e+00
1.334000000000000000e+03,6.192235694705289006e+00,4.101723564316562154e+00
1.335000000000000000e+03,6.187055614283594629e+00,4.096204429990909723e+00
1.336000000000000000e+03,6.181879965611676297e+00,4.090692846404330396e+00
1.337000000000000000e+03,6.176708744735894818e+00,4.085188800768882800e+00
1.338000000000000000e+03,6.171541947707808617e+00,4.079692284559693682e+00
1.339000000000000000e+03,6.166379570581336012e+00,4.074203285061483548e+00
1.340000000000000000e+03,6.161221609415606260e+00,4.068721793740563974e+00
1.341000000000000000e+03,6.156068060272113840e+00,4.063247797953465579e+00
1.342000000000000000e+03,6.150918919217504666e+00,4.057781289158339355e+00
1.343000000000000000e+03,6.145774182320846712e+00,4.052322254782691147e+00
1.344000000000000000e+03,6.140633845656282119e+00,4.046870686277099338e+00
1.345000000000000000e+03,6.135497905300429267e+00,4.041426571139208335e+00
1.346000000000000000e+03,6.130366357334910532e+00,4.035989900812713138e+00
1.347000000000000000e+03,6.125239197843883154e+00,4.030560662864538735e+00
1.348000000000000000e+03,6.120116422916471954e+00,4.025138848732079389e+00
1.349000000000000000e+03,6.114998028644303751e+00,4.019724446050778610e+00
1.350000000000000000e+03,6.109884011123988046e+00,4.014317446252311683e+00
1.351000000000000000e+03,6.104774366454656764e+00,4.008917837039829735e+00
1.352000000000000000e+03,6.099669090740338362e+00,4.003525609839879706e+00
1.353000000000000000e+03,6.094568180087664544e+00,3.998140752422558286e+00
1.354000000000000000e+03,6.089471630608096930e+00,3.992763256209843181e+00
1.355000000000000000e+03,6.084379438415719044e+00,3.987393109037969285e+00
1.356000000000000000e+03,6.079291599629425669e+00,3.982030302324985449e+00
1.357000000000000000e+03,6.074208110370719282e+00,3.976674823972480066e+00
1.358000000000000000e+03,6.069128966765905631e+00,3.971326665395088273e+00
1.359000000000000000e+03,6.064054164943947889e+00,3.965985814559033873e+00
1.360000000000000000e+03,6.058983701038499703e+00,3.960652262876059204e+00
1.361000000000000000e+03,6.053917571185933433e+00,3.955325998376315599e+00
1.362000000000000000e+03,6.048855771527311909e+00,3.950007012469182843e+00
1.363000000000000000e+03,6.043798298206382924e+00,3.944695293247998169e+00
1.364000000000000000e+03,6.038745147371566979e+00,3.939390832120313934e+00
1.365000000000000000e+03,6.033696315173989078e+00,3.934093617241914309e+00
1.366000000000000000e+03,6.028651797769400744e+00,3.928803640019031818e+00
1.367000000000000000e+03,6.023611591316315739e+00,3.923520888669254081e+00
1.368000000000000000e+03,6.018575691977786413e+00,3.918245354597949870e+00
1.369000000000000000e+03,6.013544095919699295e+00,3.912977026083802823e+00
1.370000000000000000e+03,6.008516799312412004e+00,3.907715894531833101e+00
1.371000000000000000e+03,6.003493798329126996e+00,3.902461948281132020e+00
1.372000000000000000e+03,5.998475089147506267e+00,3.897215178736853858e+00
1.373000000000000000e+03,5.993460667948079745e+00,3.891975574297823037e+00
1.374000000000000000e+03,5.988450530915781833e+00,3.886743126369811563e+00
1.375000000000000000e+03,5.983444674238436178e+00,3.881517823410714385e+00
1.376000000000000000e+03,5.978443094108248701e+00,3.876299656827350226e+00
1.377000000000000000e+03,5.973445786720329664e+00,3.871088615136073052e+00
1.378000000000000000e+03,5.968452748274129860e+00,3.865884689745207048e+00
1.379000000000000000e+03,5.963463974972033732e+00,3.860687869228882629e+00
1.380000000000000000e+03,5.958479463020712963e+00,3.855498144997385968e+00
1.381000000000000000e+03,5.953499208629831507e+00,3.850315505682026629e+00
1.382000000000000000e+03,5.948523208013262398e+00,3.845139942695440460e+00
1.383000000000000000e+03,5.943551457387895809e+00,3.839971444725498895e+00
1.384000000000000000e+03,5.938583952974823887e+00,3.834810003187641314e+00
1.385000000000000000e+03,5.933620690998170133e+00,3.829655606825688174e+00
1.386000000000000000e+03,5.928661667686236036e+00,3.824508247058294952e+00
1.387000000000000000e+03,5.923706879270294934e+00,3.819367912684628941e+00
1.388000000000000000e+03,5.918756321985845226e+00,3.814234595126932081e+00
1.389000000000000000e+03,5.913809992071365151e+00,3.809108283239168724e+00
1.390000000000000000e+03,5.908867885769496731e+00,3.803988968447542529e+00
1.391000000000000000e+03,5.903929999325912448e+00,3.798876639660254018e+00
1.392000000000000000e+03,5.898996328990381066e+00,3.793771288307854039e+00
1.393000000000000000e+03,5.894066871015731124e+00,3.788672903352175325e+00
1.394000000000000000e+03,5.889141621658893655e+00,3.783581476228533358e+00
1.395000000000000000e+03,5.884220577179812395e+00,3.778496995951813542e+00
1.396000000000000000e+03,5.879303733842543345e+00,3.773419453962471692e+00
1.397000000000000000e+03,5.874391087914166754e+00,3.768348839327896549e+00
1.398000000000000000e+03,5.869482635665837833e+00,3.763285143494023544e+00
1.399000000000000000e+03,5.864578373371719167e+00,3.758228355580210511e+00
1.400000000000000000e+03,5.859678297310082939e+00,3.753178467038243316e+00
1.401000000000000000e+03,5.854782403762196274e+00,3.748135467038924418e+00
1.402000000000000000e+03,5.849890689013392375e+00,3.743099347040195646e+00
1.403000000000000000e+03,5.845003149352021588e+00,3.738070096263802711e+00
1.404000000000000000e+03,5.840119781070463034e+00,3.733047706174174252e+00
1.405000000000000000e+03,5.835240580464136073e+00,3.728032166043470319e+00
1.406000000000000000e+03,5.830365543832470188e+00,3.723023467342954529e+00
1.407000000000000000e+03,5.825494667477950195e+00,3.718021599394689680e+00
1.408000000000000000e+03,5.820627947707016858e+00,3.713026553677080788e+00
1.409000000000000000e+03,5.815765380829198250e+00,3.708038319561593354e+00
1.410000000000000000e+03,5.810906963157946414e+00,3.703056888534124624e+00
1.411000000000000000e+03,5.806052691009798039e+00,3.698082250015026773e+00
1.412000000000000000e+03,5.801202560705232436e+00,3.693114395497978819e+00
1.413000000000000000e+03,5.796356568567771816e+00,3.688153314451754206e+00
1.414000000000000000e+03,5.791514710924882792e+00,3.683198998378110378e+00
1.415000000000000000e+03,5.786676984107087307e+00,3.678251436793743778e+00
1.416000000000000000e+03,5.781843384448829504e+00,3.673310621208794480e+00
1.417000000000000000e+03,5.777013908287564448e+00,3.668376541187444051e+00
1.418000000000000000e+03,5.772188551964725356e+00,3.663449188248483424e+00
1.419000000000000000e+03,5.767367311824752818e+00,3.658528552003115220e+00
1.420000000000000000e+03,5.762550184215986526e+00,3.653614623979045906e+00
1.421000000000000000e+03,5.757737165489814402e+00,3.648707393834039525e+00
1.422000000000000000e+03,5.752928252001517251e+00,3.643806853105008958e+00
1.423000000000000000e+03,5.748123440109411675e+00,3.638912991495836025e+00
1.424000000000000000e+03,5.743322726175684068e+00,3.634025800552905139e+00
1.425000000000000000e+03,5.738526106565577045e+00,3.629145270025763814e+00
1.426000000000000000e+03,5.733733577648131963e+00,3.624271391470530013e+00
1.427000000000000000e+03,5.728945135795553867e+00,3.619404154681996832e+00
1.428000000000000000e+03,5.724160777383768384e+00,3.614543551226259588e+00
1.429000000000000000e+03,5.719380498791828416e+00,3.609689570942900882e+00
1.430000000000000000e+03,5.714604296402552741e+00,3.604842205408270051e+00
1.431000000000000000e+03,5.709832166601852776e+00,3.600001444506355508e+00
1.432000000000000000e+03,5.705064105779401373e+00,3.595167279823971551e+00
1.433000000000000000e+03,5.700300110327988001e+00,3.590339701289057661e+00
1.434000000000000000e+03,5.695540176644125374e+00,3.585518700499159550e+00
1.435000000000000000e+03,5.690784301127430389e+00,3.580704267425776521e+00
1.436000000000000000e+03,5.686032480181244075e+00,3.575896393677405083e+00
1.437000000000000000e+03,5.681284710212016975e+00,3.571095069268714894e+00
1.438000000000000000e+03,5.676540987629900670e+00,3.566300285819340221e+00
1.439000000000000000e+03,5.671801308848154477e+00,3.561512033386740939e+00
1.440000000000000000e+03,5.667065670283748524e+00,3.556730303601950638e+00
1.441000000000000000e+03,5.662334068356735806e+00,3.551955086564789088e+00
1.442000000000000000e+03,5.657606499490845486e+00,3.547186373917900593e+00
1.443000000000000000e+03,5.652882960112956212e+00,3.542424155803090002e+00
1.444000000000000000e+03,5.648163446653542863e+00,3.537668423874828161e+00
1.445000000000000000e+03,5.643447955546240458e+00,3.532919168316540404e+00
1.446000000000000000e+03,5.638736483228311336e+00,3.528176380794688427e+00
1.447000000000000000e+03,5.634029026140135343e+00,3.523440051533966333e+00
1.448000000000000000e+03,5.629325580725723199e+00,3.518710172213041609e+00
1.449000000000000000e+03,5.624626143432196912e+00,3.513986733097484993e+00
1.450000000000000000e+03,5.619930710710280053e+00,3.509269725878389590e+00
1.451000000000000000e+03,5.615239279013820806e+00,3.504559140861822630e+00
1.452000000000000000e+03,5.610551844800253818e+00,3.499854969751469813e+00
1.453000000000000000e+03,5.605868404530180982e+00,3.495157202893580006e+00
1.454000000000000000e+03,5.601188954667703612e+00,3.490465832004606916e+00
1.455000000000000000e+03,5.596513491680122243e+00,3.485780847470622668e+00
1.456000000000000000e+03,5.591842012038257259e+00,3.481102241021033716e+00
1.457000000000000000e+03,5.587174512216053657e+00,3.476430003081386833e+00
1.458000000000000000e+03,5.582510988691026022e+00,3.471764125394219302e+00
1.459000000000000000e+03,5.577851437943780688e+00,3.467104598424217254e+00
1.460000000000000000e+03,5.573195856458504238e+00,3.462451413927194466e+00
1.461000000000000000e+03,5.568544240722445693e+00,3.457804562406656235e+00
1.462000000000000000e+03,5.563896587226431656e+00,3.453164035631874906e+00
1.463000000000000000e+03,5.559252892464378704e+00,3.448529824144824119e+00
1.464000000000000000e+03,5.554613152933732145e+00,3.443901919728425742e+00
1.465000000000000000e+03,5.549977365135034368e+00,3.439280312962766484e+00
1.466000000000000000e+03,5.545345525572352052e+00,3.434664995644566510e+00
1.467000000000000000e+03,5.540717630752844514e+00,3.430055958391752036e+00
1.468000000000000000e+03,5.536093677187173157e+00,3.425453193014955655e+00
1.469000000000000000e+03,5.531473661389110674e+00,3.420856690169622460e+00
1.470000000000000000e+03,5.526857579875896320e+00,3.416266441680479105e+00
1.471000000000000000e+03,5.522245429167881525e+00,3.411682438240166260e+00
1.472000000000000000e+03,5.517637205788910038e+00,3.407104671687638753e+00
1.473000000000000000e+03,5.513032906265895150e+00,3.402533132752447287e+00
1.474000000000000000e+03,5.508432527129234479e+00,3.397967813287886774e+00
1.475000000000000000e+03,5.503836064912408510e+00,3.393408704060119518e+00
1.476000000000000000e+03,5.499243516152351852e+00,3.388855796936963038e+00
1.477000000000000000e+03,5.494654877389108627e+00,3.384309082720848849e+00
1.478000000000000000e+03,5.490070145166123794e+00,3.379768553294256961e+00
1.479000000000000000e+03,5.485489316030004225e+00,3.375234199495620757e+00
1.480000000000000000e+03,5.480912386530714109e+00,3.370706013222169339e+00
1.481000000000000000e+03,5.476339353221346684e+00,3.366183985348069285e+00
1.482000000000000000e+03,5.471770212658398691e+00,3.361668107785445780e+00
1.483000000000000000e+03,5.467204961401471941e+00,3.357158371443903278e+00
1.484000000000000000e+03,5.462643596013537994e+00,3.352654768250567852e+00
1.485000000000000000e+03,5.458086113060710787e+00,3.348157289150211380e+00
1.486000000000000000e+03,5.453532509112426929e+00,3.343665926085094053e+00
1.487000000000000000e+03,5.448982780741283172e+00,3.339180670034864740e+00
1.488000000000000000e+03,5.444436924523191834e+00,3.334701512957024327e+00
1.489000000000000000e+03,5.439894937037205835e+00,3.330228445865849540e+00
1.490000000000000000e+03,5.435356814865686559e+00,3.325761460734173003e+00
1.491000000000000000e+03,5.430822554594137763e+00,3.321300548610635950e+00
1.492000000000000000e+03,5.426292152811364566e+00,3.316845701483541742e+00
1.493000000000000000e+03,5.421765606109307356e+00,3.312396910435583486e+00
1.494000000000000000e+03,5.417242911083219425e+00,3.307954167470652962e+00
1.495000000000000000e+03,5.412724064331436047e+00,3.303517463705265556e+00
1.496000000000000000e+03,5.408209062455623162e+00,3.299086791158981402e+00
1.497000000000000000e+03,5.403697902060541125e+00,3.294662140981870824e+00
1.498000000000000000e+03,5.399190579754244546e+00,3.290243505209275110e+00
1.499000000000000000e+03,5.394687092147908203e+00,3.285830875024576159e+00
1.500000000000000000e+03,5.390187435855975373e+00,3.281424242478963027e+00
1.501000000000000000e+03,5.385691607495976641e+00,3.277023598788894265e+00
1.502000000000000000e+03,5.381199603688751942e+00,3.272628936021526158e+00
1.503000000000000000e+03,5.376711421058182339e+00,3.268240245426122126e+00
1.504000000000000000e+03,5.372227056231476006e+00,3.263857519085888725e+00
1.505000000000000000e+03,5.367746505838904447e+00,3.259480748282661100e+00
1.506000000000000000e+03,5.363269766513977466e+00,3.255109925115772462e+00
1.507000000000000000e+03,5.358796834893324146e+00,3.250745040899407190e+00
1.508000000000000000e+03,5.354327707616794108e+00,3.246386087749113525e+00
1.509000000000000000e+03,5.349862381327344707e+00,3.242033057011184827e+00
1.510000000000000000e+03,5.345400852671139624e+00,3.237685940817448316e+00
1.511000000000000000e+03,5.340943118297460046e+00,3.233344730546082069e+00
1.512000000000000000e+03,5.336489174858789930e+00,3.229009418345281990e+00
1.513000000000000000e+03,5.332039019010681891e+00,3.224679995624859519e+00
1.514000000000000000e+03,5.327592647411935722e+00,3.220356454549474723e+00
1.515000000000000000e+03,5.323150056724410994e+00,3.216038786560353024e+00
1.516000000000000000e+03,5.318711243613154060e+00,3.211726983838681715e+00
1.517000000000000000e+03,5.314276204746324339e+00,3.207421037856879042e+00
1.518000000000000000e+03,5.309844936795230730e+00,3.203120940812712814e+00
1.519000000000000000e+03,5.305417436434308520e+00,3.198826684209589377e+00
1.520000000000000000e+03,5.300993700341112280e+00,3.194538260261953422e+00
1.521000000000000000e+03,5.296573725196314975e+00,3.190255660503937385e+00
1.522000000000000000e+03,5.292157507683727502e+00,3.185978877166719681e+00
1.523000000000000000e+03,5.287745044490272051e+00,3.181707901814995854e+00
1.524000000000000000e+03,5.283336332305981209e+00,3.177442726696714015e+00
1.525000000000000000e+03,5.278931367823986420e+00,3.173183343406924539e+00
1.526000000000000000e+03,5.274530147740557950e+00,3.168929744210413180e+00
1.527000000000000000e+03,5.270132668755039163e+00,3.164681920732366205e+00
1.528000000000000000e+03,5.265738927569889150e+00,3.160439865254466962e+00
1.529000000000000000e+03,5.261348920890664083e+00,3.156203569431826228e+00
1.530000000000000000e+03,5.256962645426010994e+00,3.151973025563093778e+00
1.531000000000000000e+03,5.252580097887682875e+00,3.147748225333109939e+00
1.532000000000000000e+03,5.248201274990491605e+00,3.143529161057541543e+00
1.533000000000000000e+03,5.243826173452348804e+00,3.139315824450739534e+00
1.534000000000000000e+03,5.239454789994270278e+00,3.135108207845447748e+00
1.535000000000000000e+03,5.235087121340304073e+00,3.130906302985347001e+00
1.536000000000000000e+03,5.230723164217613075e+00,3.126710102220281673e+00
1.537000000000000000e+03,5.226362915356412842e+00,3.122519597323083929e+00
1.538000000000000000e+03,5.222006371490008014e+00,3.118334780660756422e+00
1.539000000000000000e+03,5.217653529354727482e+00,3.114155644035083714e+00
1.540000000000000000e+03,5.213304385690020304e+00,3.109982179830254712e+00
1.541000000000000000e+03,5.208958937238340248e+00,3.105814379876817632e+00
1.542000000000000000e+03,5.204617180745232830e+00,3.101652236576223132e+00
1.543000000000000000e+03,5.200279112959274919e+00,3.097495741787577472e+00
1.544000000000000000e+03,5.195944730632121811e+00,3.093344887929634357e+00
1.545000000000000000e+03,5.191614030518429956e+00,3.089199666889876905e+00
1.546000000000000000e+03,5.187287009375950220e+00,3.085060071104382295e+00
1.547000000000000000e+03,5.182963663965435508e+00,3.080926092488863954e+00
1.548000000000000000e+03,5.178643991050710049e+00,3.076797723496738968e+00
1.549000000000000000e+03,5.174327987398593898e+00,3.072674956071757002e+00
1.550000000000000000e+03,5.170015649778965106e+00,3.068557782684748325e+00
1.551000000000000000e+03,5.165706974964709985e+00,3.064446195307293230e+00
1.552000000000000000e+03,5.161401959731776401e+00,3.060340186427668474e+00
1.553000000000000000e+03,5.157100600859087614e+00,3.056239748045144200e+00
1.554000000000000000e+03,5.152802895128627547e+00,3.052144872665449871e+00
1.555000000000000000e+03,5.148508839325342201e+00,3.048055552315346084e+00
1.556000000000000000e+03,5.144218430237260442e+00,3.043971779518089171e+00
1.557000000000000000e+03,5.139931664655341237e+00,3.039893546327759211e+00
1.558000000000000000e+03,5.135648539373629085e+00,3.035820845285131409e+00
1.559000000000000000e+03,5.131369051189096808e+00,3.031753668471470320e+00
1.560000000000000000e+03,5.127093196901789440e+00,3.027692008445095784e+00
1.561000000000000000e+03,5.122820973314682114e+00,3.023635857314265429e+00
1.562000000000000000e+03,5.118552377233795525e+00,3.019585207654893466e+00
1.563000000000000000e+03,5.114287405468097347e+00,3.015540051602062288e+00
1.564000000000000000e+03,5.110026054829590159e+00,3.011500381749284472e+00
1.565000000000000000e+03,5.105768322133205750e+00,3.007466190258344163e+00
1.566000000000000000e+03,5.101514204196926805e+00,3.003437469740347865e+00
1.567000000000000000e+03,5.097263697841634134e+00,2.999414212383614053e+00
1.568000000000000000e+03,5.093016799891253221e+00,2.995396410816882682e+00
1.569000000000000000e+03,5.088773507172630772e+00,2.991384057254845352e+00
1.570000000000000000e+03,5.084533816515620863e+00,2.987377144343892788e+00
1.571000000000000000e+03,5.080297724753006783e+00,2.983375664324934284e+00
1.572000000000000000e+03,5.076065228720581857e+00,2.979379609862027323e+00
1.573000000000000000e+03,5.071836325257050859e+00,2.975388973222130140e+00
1.574000000000000000e+03,5.067611011204110838e+00,2.971403747087010494e+00
1.575000000000000000e+03,5.063389283406377395e+00,2.967423923749522352e+00
1.576000000000000000e+03,5.059171138711466398e+00,2.963449495909140197e+00
1.577000000000000000e+03,5.054956573969890954e+00,2.959480455884473837e+00
1.578000000000000000e+03,5.050745586035138679e+00,2.955516796392712919e+00
1.579000000000000000e+03,5.046538171763622849e+00,2.951558509778070771e+00
1.580000000000000000e+03,5.042334328014721478e+00,2.947605588775482843e+00
1.581000000000000000e+03,5.038134051650694722e+00,2.943658025754614105e+00
1.582000000000000000e+03,5.033937339536810107e+00,2.939715813468141814e+00
1.583000000000000000e+03,5.029744188541194205e+00,2.935778944311055128e+00
1.584000000000000000e+03,5.025554595534961422e+00,2.931847411053778885e+00
1.585000000000000000e+03,5.021368557392086984e+00,2.927921206116463448e+00
1.586000000000000000e+03,5.017186070989517077e+00,2.924000322287301223e+00
1.587000000000000000e+03,5.013007133207096011e+00,2.920084752011487428e+00
1.588000000000000000e+03,5.008831740927574216e+00,2.916174488094964712e+00
1.589000000000000000e+03,5.004659891036634889e+00,2.912269523007832817e+00
1.590000000000000000e+03,5.000491580422837146e+00,2.908369849573804178e+00
1.591000000000000000e+03,4.996326805977686192e+00,2.904475460287739175e+00
1.592000000000000000e+03,4.992165564595562266e+00,2.900586347991112923e+00
1.593000000000000000e+03,4.988007853173746398e+00,2.896702505203406997e+00
1.594000000000000000e+03,4.983853668612434618e+00,2.892823924783888945e+00
1.595000000000000000e+03,4.979703007814680227e+00,2.888950599276527420e+00
1.596000000000000000e+03,4.975555867686486167e+00,2.885082521558352209e+00
1.597000000000000000e+03,4.971412245136671793e+00,2.881219684197714237e+00
1.598000000000000000e+03,4.967272137076995442e+00,2.877362080089407304e+00
1.599000000000000000e+03,4.963135540422070058e+00,2.873509701826005180e+00
1.600000000000000000e+03,4.959002452089400492e+00,2.869662542320086995e+00
1.601000000000000000e+03,4.954872868999365743e+00,2.865820594188318804e+00
1.602000000000000000e+03,4.950746788075206517e+00,2.861983850361063730e+00
1.603000000000000000e+03,4.946624206243039445e+00,2.858152303478946887e+00
1.604000000000000000e+03,4.942505120431857080e+00,2.854325946490118948e+00
1.605000000000000000e+03,4.938389527573510129e+00,2.850504772059035741e+00
1.606000000000000000e+03,4.934277424602694140e+00,2.846688773151631935e+00
1.607000000000000000e+03,4.930168808456993013e+00,2.842877942456077278e+00
1.608000000000000000e+03,4.926063676076817721e+00,2.839072272956074450e+00
1.609000000000000000e+03,4.921962024405444502e+00,2.835271757363372114e+00
1.610000000000000000e+03,4.917863850389007752e+00,2.831476388679459610e+00
1.611000000000000000e+03,4.913769150976468936e+00,2.827686159639537067e+00
1.612000000000000000e+03,4.909677923119645016e+00,2.823901063262842293e+00
1.613000000000000000e+03,4.905590163773188905e+00,2.820121092307959376e+00
1.614000000000000000e+03,4.901505869894609013e+00,2.816346239811855057e+00
1.615000000000000000e+03,4.897425038444207956e+00,2.812576498556341953e+00
1.616000000000000000e+03,4.893347666385162498e+00,2.808811861596139714e+00
1.617000000000000000e+03,4.889273750683443609e+00,2.805052321736156706e+00
1.618000000000000000e+03,4.885203288307884861e+00,2.801297872048857052e+00
1.619000000000000000e+03,4.881136276230115811e+00,2.797548505362139615e+00
1.620000000000000000e+03,4.877072711424587759e+00,2.793804214766192118e+00
1.621000000000000000e+03,4.873012590868571081e+00,2.790064993111793790e+00
1.622000000000000000e+03,4.868955911542175663e+00,2.786330833506847071e+00
1.623000000000000000e+03,4.864902670428270959e+00,2.782601728824896092e+00
1.624000000000000000e+03,4.860852864512590799e+00,2.778877672191549131e+00
1.625000000000000000e+03,4.856806490783633024e+00,2.775158656502994869e+00
1.626000000000000000e+03,4.852763546232731429e+00,2.771444674902529659e+00
1.627000000000000000e+03,4.848724027853992702e+00,2.767735720308875269e+00
1.628000000000000000e+03,4.844687932644344386e+00,2.764031785883019676e+00
1.629000000000000000e+03,4.840655257603475370e+00,2.760332864566112043e+00
1.630000000000000000e+03,4.836625999733903392e+00,2.756638949536791561e+00
1.631000000000000000e+03,4.832600156040912864e+00,2.752950033758529980e+00
1.632000000000000000e+03,4.828577723532580634e+00,2.749266110427629695e+00
1.633000000000000000e+03,4.824558699219759106e+00,2.745587172529761588e+00
1.634000000000000000e+03,4.820543080116094004e+00,2.741913213278861061e+00
1.635000000000000000e+03,4.816530863237986182e+00,2.738244225682693767e+00
1.636000000000000000e+03,4.812522045604651133e+00,2.734580202972817453e+00
1.637000000000000000e+03,4.808516624238022175e+00,2.730921138179015273e+00
1.638000000000000000e+03,4.804514596162850815e+00,2.727267024550421581e+00
1.639000000000000000e+03,4.800515958406603723e+00,2.723617855138716237e+00
1.640000000000000000e+03,4.796520707999571975e+00,2.719973623210624858e+00
1.641000000000000000e+03,4.792528841974759146e+00,2.716334321839608990e+00
1.642000000000000000e+03,4.788540357367945255e+00,2.712699944309965971e+00
1.643000000000000000e+03,4.784555251217668115e+00,2.709070483716834232e+00
1.644000000000000000e+03,4.780573520565202017e+00,2.705445933362061073e+00
1.645000000000000000e+03,4.776595162454567500e+00,2.701826286362384089e+00
1.646000000000000000e+03,4.772620173932568655e+00,2.698211536037153913e+00
1.647000000000000000e+03,4.768648552048696310e+00,2.694601675524599393e+00
1.648000000000000000e+03,4.764680293855252380e+00,2.690996698161579825e+00
1.649000000000000000e+03,4.760715396407196209e+00,2.687396597107697627e+00
1.650000000000000000e+03,4.756753856762288457e+00,2.683801365717326970e+00
1.651000000000000000e+03,4.752795671980982739e+00,2.680210997171342591e+00
1.652000000000000000e+03,4.748840839126487801e+00,2.676625484841572700e+00
1.653000000000000000e+03,4.744889355264706232e+00,2.673044821930081305e+00
1.654000000000000000e+03,4.740941217464312629e+00,2.669469001826148880e+00
1.655000000000000000e+03,4.736996422796645234e+00,2.665898017752923455e+00
1.656000000000000000e+03,4.733054968335814294e+00,2.662331863117111563e+00
1.657000000000000000e+03,4.729116851158602586e+00,2.658770531162849782e+00
1.658000000000000000e+03,4.725182068344547126e+00,2.655214015314258713e+00
1.659000000000000000e+03,4.721250616975847691e+00,2.651662308836356452e+00
1.660000000000000000e+03,4.717322494137462741e+00,2.648115405170648362e+00
1.661000000000000000e+03,4.713397696916996615e+00,2.644573297602958117e+00
1.662000000000000000e+03,4.709476222404807011e+00,2.641035979592146976e+00
1.663000000000000000e+03,4.705558067693929480e+00,2.637503444444745160e+00
1.664000000000000000e+03,4.701643229880102304e+00,2.633975685636943620e+00
1.665000000000000000e+03,4.697731706061733625e+00,2.630452696495881870e+00
1.666000000000000000e+03,4.693823493339958297e+00,2.626934470515076114e+00
1.667000000000000000e+03,4.689918588818558831e+00,2.623421001042191225e+00
1.668000000000000000e+03,4.686016989604070204e+00,2.619912281587998049e+00
1.669000000000000000e+03,4.682118692805611992e+00,2.616408305520612210e+00
1.670000000000000000e+03,4.678223695535081106e+00,2.612909066368076072e+00
1.671000000000000000e+03,4.674331994906975929e+00,2.609414557518832112e+00
1.672000000000000000e+03,4.670443588038525107e+00,2.605924772518151133e+00
1.673000000000000000e+03,4.666558472049578299e+00,2.602439704774738072e+00
1.674000000000000000e+03,4.662676644062707432e+00,2.598959347851076629e+00
1.675000000000000000e+03,4.658798101203098341e+00,2.595483695176025396e+00
1.676000000000000000e+03,4.654922840598642253e+00,2.592012740329233456e+00
1.677000000000000000e+03,4.651050859379871838e+00,2.588546476759675308e+00
1.678000000000000000e+03,4.647182154679977195e+00,2.585084898064133885e+00
1.679000000000000000e+03,4.643316723634808518e+00,2.581627997711567257e+00
1.680000000000000000e+03,4.639454563382881425e+00,2.578175769315889099e+00
1.681000000000000000e+03,4.635595671065316559e+00,2.574728206365964223e+00
1.682000000000000000e+03,4.631740043825927522e+00,2.571285302492802405e+00
1.683000000000000000e+03,4.627887678811153371e+00,2.567847051205091713e+00
1.684000000000000000e+03,4.624038573170096811e+00,2.564413446150907827e+00
1.685000000000000000e+03,4.620192724054465572e+00,2.560984480858671475e+00
1.686000000000000000e+03,4.616350128618633697e+00,2.557560148993503812e+00
1.687000000000000000e+03,4.612510784019581145e+00,2.554140444103478735e+00
1.688000000000000000e+03,4.608674687416943527e+00,2.550725359870721132e+00
1.689000000000000000e+03,4.604841835972957043e+00,2.547314889862882126e+00
1.690000000000000000e+03,4.601012226852527753e+00,2.543909027779067689e+00
1.691000000000000000e+03,4.597185857223148098e+00,2.540507767206410694e+00
1.692000000000000000e+03,4.593362724254945739e+00,2.537111101860968443e+00
1.693000000000000000e+03,4.589542825120640046e+00,2.533719025349292941e+00
1.694000000000000000e+03,4.585726156995630909e+00,2.530331531404350187e+00
1.695000000000000000e+03,4.581912717057853968e+00,2.526948613652026054e+00
1.696000000000000000e+03,4.578102502487909398e+00,2.523570265842181914e+00
1.697000000000000000e+03,4.574295510468956216e+00,2.520196481619927376e+00
1.698000000000000000e+03,4.570491738186825970e+00,2.516827254751996534e+00
1.699000000000000000e+03,4.566691182829878848e+00,2.513462578902680544e+00
1.700000000000000000e+03,4.562893841589131583e+00,2.510102447855525387e+00
1.701000000000000000e+03,4.559099711658156195e+00,2.506746855293918941e+00
1.702000000000000000e+03,4.555308790233144833e+00,2.503395795018192871e+00
1.703000000000000000e+03,4.551521074512868914e+00,2.500049260730751843e+00
1.704000000000000000e+03,4.547736561698703994e+00,2.496707246248708323e+00
1.705000000000000000e+03,4.543955248994580032e+00,2.493369745293382511e+00
1.706000000000000000e+03,4.540177133607052440e+00,2.490036751698613049e+00
1.707000000000000000e+03,4.536402212745218598e+00,2.486708259204602367e+00
1.708000000000000000e+03,4.532630483620788908e+00,2.483384261661873538e+00
1.709000000000000000e+03,4.528861943448014848e+00,2.480064752829411301e+00
1.710000000000000000e+03,4.525096589443749373e+00,2.476749726574416499e+00
1.711000000000000000e+03,4.521334418827406054e+00,2.473439176674574469e+00
1.712000000000000000e+03,4.517575428820959971e+00,2.470133097013720302e+00
1.713000000000000000e+03,4.513819616648961031e+00,2.466831481388166658e+00
1.714000000000000000e+03,4.510066979538519760e+00,2.463534323698352235e+00
1.715000000000000000e+03,4.506317514719293094e+00,2.460241617759153954e+00
1.716000000000000000e+03,4.502571219423536775e+00,2.456953357487581702e+00
1.717000000000000000e+03,4.498828090885998776e+00,2.453669536716994948e+00
1.718000000000000000e+03,4.495088126344040091e+00,2.450390149380931692e+00
1.719000000000000000e+03,4.491351323037528154e+00,2.447115189331168228e+00
1.720000000000000000e+03,4.487617678208904337e+00,2.443844650517736028e+00
1.721000000000000000e+03,4.483887189103133331e+00,2.440578526810756266e+00
1.722000000000000000e+03,4.480159852967750211e+00,2.437316812176743230e+00
1.723000000000000000e+03,4.476435667052784062e+00,2.434059500504072826e+00
1.724000000000000000e+03,4.472714628610869880e+00,2.430806585775679984e+00
1.725000000000000000e+03,4.468996734897104695e+00,2.427558061898151376e+00
1.726000000000000000e+03,4.465281983169154145e+00,2.424313922870824367e+00
1.727000000000000000e+03,4.461570370687217846e+00,2.421074162618406689e+00
1.728000000000000000e+03,4.457861894714009843e+00,2.417838775156589293e+00
1.729000000000000000e+03,4.454156552514771050e+00,2.414607754428152564e+00
1.730000000000000000e+03,4.450454341357273691e+00,2.411381094465109509e+00
1.731000000000000000e+03,4.446755258511775999e+00,2.408158789228218577e+00
1.732000000000000000e+03,4.443059301251105708e+00,2.404940832765802394e+00
1.733000000000000000e+03,4.439366466850553472e+00,2.401727219056533968e+00
1.734000000000000000e+03,4.435676752587951910e+00,2.398517942164986483e+00
1.735000000000000000e+03,4.431990155743627646e+00,2.395312996087695989e+00
1.736000000000000000e+03,4.428306673600433285e+00,2.392112374905442707e+00
1.737000000000000000e+03,4.424626303443695008e+00,2.388916072632545351e+00
1.738000000000000000e+03,4.420949042561274744e+00,2.385724083365986736e+00
1.739000000000000000e+03,4.417274888243495568e+00,2.382536401137785642e+00
1.740000000000000000e+03,4.413603837783238504e+00,2.379353020061089730e+00
1.741000000000000000e+03,4.409935888475782662e+00,2.376173934185563219e+00
1.742000000000000000e+03,4.406271037618992636e+00,2.372999137640459111e+00
1.743000000000000000e+03,4.402609282513168409e+00,2.369828624493026670e+00
1.744000000000000000e+03,4.398950620461110184e+00,2.366662388888610025e+00
1.745000000000000000e+03,4.395295048768097956e+00,2.363500424911958664e+00
1.746000000000000000e+03,4.391642564741911947e+00,2.360342726724461659e+00
1.747000000000000000e+03,4.387993165692787301e+00,2.357189288428331864e+00
1.748000000000000000e+03,4.384346848933441620e+00,2.354040104200959327e+00
1.749000000000000000e+03,4.380703611779067863e+00,2.350895168161934112e+00
1.750000000000000000e+03,4.377063451547347661e+00,2.347754474504632149e+00
1.751000000000000000e+03,4.373426365558402473e+00,2.344618017365946105e+00
1.752000000000000000e+03,4.369792351134830000e+00,2.341485790955199597e+00
1.753000000000000000e+03,4.366161405601700629e+00,2.338357789426544375e+00
1.754000000000000000e+03,4.362533526286539676e+00,2.335234007005190460e+00
1.755000000000000000e+03,4.358908710519330043e+00,2.332114437862491840e+00
1.756000000000000000e+03,4.355286955632521995e+00,2.328999076239512078e+00
1.757000000000000000e+03,4.351668258960996738e+00,2.325887916324734572e+00
1.758000000000000000e+03,4.348052617842111722e+00,2.322780952375055108e+00
1.759000000000000000e+03,4.344440029615658005e+00,2.319678178596021656e+00
1.760000000000000000e+03,4.340830491623882459e+00,2.316579589260316485e+00
1.761000000000000000e+03,4.337224001211457569e+00,2.313485178590489522e+00
1.762000000000000000e+03,4.333620555725534729e+00,2.310394940874982872e+00
1.763000000000000000e+03,4.330020152515656306e+00,2.307308870353272923e+00
1.764000000000000000e+03,4.326422788933849795e+00,2.304226961329525203e+00
1.765000000000000000e+03,4.322828462334541655e+00,2.301149208060094153e+00
1.766000000000000000e+03,4.319237170074604393e+00,2.298075604864837640e+00
1.767000000000000000e+03,4.315648909513332576e+00,2.295006146016903781e+00
1.768000000000000000e+03,4.312063678012459711e+00,2.291940825851804142e+00
1.769000000000000000e+03,4.308481472936123602e+00,2.288879638659448545e+00
1.770000000000000000e+03,4.304902291650927637e+00,2.285822578790947190e+00
1.771000000000000000e+03,4.301326131525837759e+00,2.282769640552905877e+00
1.772000000000000000e+03,4.297752989932274836e+00,2.279720818311989028e+00
1.773000000000000000e+03,4.294182864244063147e+00,2.276676106391457566e+00
1.774000000000000000e+03,4.290615751837438374e+00,2.273635499173507490e+00
1.775000000000000000e+03,4.287051650091045829e+00,2.270598990997960698e+00
1.776000000000000000e+03,4.283490556385946668e+00,2.267566576262523448e+00
1.777000000000000000e+03,4.279932468105597465e+00,2.264538249323519548e+00
1.778000000000000000e+03,4.276377382635871527e+00,2.261514004594102900e+00
1.779000000000000000e+03,4.272825297365009156e+00,2.258493836447081904e+00
1.780000000000000000e+03,4.269276209683696699e+00,2.255477739311017693e+00
1.781000000000000000e+03,4.265730116984964404e+00,2.252465707575113107e+00
1.782000000000000000e+03,4.262187016664296557e+00,2.249457735683309423e+00
1.783000000000000000e+03,4.258646906119494702e+00,2.246453818041153294e+00
1.784000000000000000e+03,4.255109782750819747e+00,2.243453949107931944e+00
1.785000000000000000e+03,4.251575643960870288e+00,2.240458123305464788e+00
1.786000000000000000e+03,4.248044487154646554e+00,2.237466335108356574e+00
1.787000000000000000e+03,4.244516309739531756e+00,2.234478578954641748e+00
1.788000000000000000e+03,4.240991109125278768e+00,2.231494849334197728e+00
1.789000000000000000e+03,4.237468882724030550e+00,2.228515140701234021e+00
1.790000000000000000e+03,4.233949627950288175e+00,2.225539447560854089e+00
1.791000000000000000e+03,4.230433342220933923e+00,2.222567764383371447e+00
1.792000000000000000e+03,4.226920022955225065e+00,2.219600085689090285e+00
1.793000000000000000e+03,4.223409667574757442e+00,2.216636405964383716e+00
1.794000000000000000e+03,4.219902273503541856e+00,2.213676719744692267e+00
1.795000000000000000e+03,4.216397838167889489e+00,2.210721021532403796e+00
1.796000000000000000e+03,4.212896358996532697e+00,2.207769305878068078e+00
1.797000000000000000e+03,4.209397833420504220e+00,2.204821567300021545e+00
1.798000000000000000e+03,4.205902258873243760e+00,2.201877800363897464e+00
1.799000000000000000e+03,4.202409632790500282e+00,2.198937999603911564e+00
1.800000000000000000e+03,4.198919952610405737e+00,2.196002159600739745e+00
1.801000000000000000e+03,4.195433215773418212e+00,2.193070274904429073e+00
1.802000000000000000e+03,4.191949419722356573e+00,2.190142340110670105e+00
1.803000000000000000e+03,4.188468561902368492e+00,2.187218349785275517e+00
1.804000000000000000e+03,4.184990639760962416e+00,2.184298298538905225e+00
1.805000000000000000e+03,4.181515650747957835e+00,2.181382180953098437e+00
1.806000000000000000e+03,4.178043592315533239e+00,2.178469991653433802e+00
1.807000000000000000e+03,4.174574461918200363e+00,2.175561725237128208e+00
1.808000000000000000e+03,4.171108257012785536e+00,2.172657376344656832e+00
1.809000000000000000e+03,4.167644975058460766e+00,2.169756939588836975e+00
1.810000000000000000e+03,4.164184613516719757e+00,2.166860409625007478e+00
1.811000000000000000e+03,4.160727169851369034e+00,2.163967781081544306e+00
1.812000000000000000e+03,4.157272641528562573e+00,2.161079048628589572e+00
1.813000000000000000e+03,4.153821026016759177e+00,2.158194206910044155e+00
1.814000000000000000e+03,4.150372320786729574e+00,2.155313250610822351e+00
1.815000000000000000e+03,4.146926523311569746e+00,2.152436174390268242e+00
1.816000000000000000e+03,4.143483631066690265e+00,2.149562972948044326e+00
1.817000000000000000e+03,4.140043641529794094e+00,2.146693640958906801e+00
1.818000000000000000e+03,4.136606552180927210e+00,2.143828173137207749e+00
1.819000000000000000e+03,4.133172360502410214e+00,2.140966564173057307e+00
1.820000000000000000e+03,4.129741063978879190e+00,2.138108808795473603e+00
1.821000000000000000e+03,4.126312660097276819e+00,2.135254901709856767e+00
1.822000000000000000e+03,4.122887146346830178e+00,2.132404837659854113e+00
1.823000000000000000e+03,4.119464520219075609e+00,2.129558611366114018e+00
1.824000000000000000e+03,4.116044779207841842e+00,2.126716217586861468e+00
1.825000000000000000e+03,4.112627920809253546e+00,2.123877651057959337e+00
1.826000000000000000e+03,4.109213942521714458e+00,2.121042906552172091e+00
1.827000000000000000e+03,4.105802841845927809e+00,2.118211978820498942e+00
1.828000000000000000e+03,4.102394616284878559e+00,2.115384862650227848e+00
1.829000000000000000e+03,4.098989263343824518e+00,2.112561552807450838e+00
1.830000000000000000e+03,4.095586780530322102e+00,2.109742044093915414e+00
1.831000000000000000e+03,4.092187165354197909e+00,2.106926331290768228e+00
1.832000000000000000e+03,4.088790415327547834e+00,2.104114409214187464e+00
1.833000000000000000e+03,4.085396527964765490e+00,2.101306272660320662e+00
1.834000000000000000e+03,4.082005500782480034e+00,2.098501916459732275e+00
1.835000000000000000e+03,4.078617331299621007e+00,2.095701335423517886e+00
1.836000000000000000e+03,4.075232017037385468e+00,2.092904524396611787e+00
1.837000000000000000e+03,4.071849555519207797e+00,2.090111478204979889e+00
1.838000000000000000e+03,4.068469944270808547e+00,2.087322191707894348e+00
1.839000000000000000e+03,4.065093180820157137e+00,2.084536659746166531e+00
1.840000000000000000e+03,4.061719262697502053e+00,2.081754877193338071e+00
1.841000000000000000e+03,4.058348187435310450e+00,2.078976838905026270e+00
1.842000000000000000e+03,4.054979952568346313e+00,2.076202539769012478e+00
1.843000000000000000e+03,4.051614555633597625e+00,2.073431974655668419e+00
1.844000000000000000e+03,4.048251994170315449e+00,2.070665138466976085e+00
1.845000000000000000e+03,4.044892265719979285e+00,2.067902026088007883e+00
1.846000000000000000e+03,4.041535367826334380e+00,2.065142632434919800e+00
1.847000000000000000e+03,4.038181298035350864e+00,2.062386952407423202e+00
1.848000000000000000e+03,4.034830053895259283e+00,2.059634980935804549e+00
1.849000000000000000e+03,4.031481632956512406e+00,2.056886712934380856e+00
1.850000000000000000e+03,4.028136032771817199e+00,2.054142143347539307e+00
1.851000000000000000e+03,4.024793250896080643e+00,2.051401267104146608e+00
1.852000000000000000e+03,4.021453284886469248e+00,2.048664079162639151e+00
1.853000000000000000e+03,4.018116132302383292e+00,2.045930574466395147e+00
1.854000000000000000e+03,4.014781790705427511e+00,2.043200747987869992e+00
1.855000000000000000e+03,4.011450257659435970e+00,2.040474594684904996e+00
1.856000000000000000e+03,4.008121530730493376e+00,2.037752109543923495e+00
1.857000000000000000e+03,4.004795607486876463e+00,2.035033287537182378e+00
1.858000000000000000e+03,4.001472485499083298e+00,2.032318123665056042e+00
1.859000000000000000e+03,3.998152162339831950e+00,2.029606612914160557e+00
1.860000000000000000e+03,3.994834635584060489e+00,2.026898750298772534e+00
1.861000000000000000e+03,3.991519902808915443e+00,2.024194530819832583e+00
1.862000000000000000e+03,3.988207961593745576e+00,2.021493949505474230e+00
1.863000000000000000e+03,3.984898809520108554e+00,2.018797001370919109e+00
1.864000000000000000e+03,3.981592444171783818e+00,2.016103681458132790e+00
1.865000000000000000e+03,3.978288863134725517e+00,2.013413984796555756e+00
1.866000000000000000e+03,3.974988063997113130e+00,2.010727906441957202e+00
1.867000000000000000e+03,3.971690044349315940e+00,2.008045441437940060e+00
1.868000000000000000e+03,3.968394801783897030e+00,2.005366584854031853e+00
1.869000000000000000e+03,3.965102333895617281e+00,2.002691331747981085e+00
1.870000000000000000e+03,3.961812638281425603e+00,2.000019677203027424e+00
1.871000000000000000e+03,3.958525712540471364e+00,1.997351616291013210e+00
1.872000000000000000e+03,3.955241554274072424e+00,1.994687144108848065e+00
1.873000000000000000e+03,3.951960161085756873e+00,1.992026255742415763e+00
1.874000000000000000e+03,3.948681530581213295e+00,1.989368946302283003e+00
1.875000000000000000e+03,3.945405660368320078e+00,1.986715210888314598e+00
1.876000000000000000e+03,3.942132548057143637e+00,1.984065044624687912e+00
1.877000000000000000e+03,3.938862191259918877e+00,1.981418442625237475e+00
1.878000000000000000e+03,3.935594587591048299e+00,1.978775400027693809e+00
1.879000000000000000e+03,3.932329734667122878e+00,1.976135911959795877e+00
1.880000000000000000e+03,3.929067630106883868e+00,1.973499973572817145e+00
1.881000000000000000e+03,3.925808271531267213e+00,1.970867580008359266e+00
1.882000000000000000e+03,3.922551656563357358e+00,1.968238726431183583e+00
1.883000000000000000e+03,3.919297782828393917e+00,1.965613407996718687e+00
1.884000000000000000e+03,3.916046647953809856e+00,1.962991619883179384e+00
1.885000000000000000e+03,3.912798249569171105e+00,1.960373357259769689e+00
1.886000000000000000e+03,3.909552585306200978e+00,1.957758615318124118e+00
1.887000000000000000e+03,3.906309652798796161e+00,1.955147389241174150e+00
1.888000000000000000e+03,3.903069449682988523e+00,1.952539674233948697e+00
1.889000000000000000e+03,3.899831973596979751e+00,1.949935465493065179e+00
1.890000000000000000e+03,3.896597222181099163e+00,1.947334758236887842e+00
1.891000000000000000e+03,3.893365193077834796e+00,1.944737547675694289e+00
1.892000000000000000e+03,3.890135883931837402e+00,1.942143829041158343e+00
1.893000000000000000e+03,3.886909292389858717e+00,1.939553597557147402e+00
1.894000000000000000e+03,3.883685416100823407e+00,1.936966848468610225e+00
1.895000000000000000e+03,3.880464252715776219e+00,1.934383577012980693e+00
1.896000000000000000e+03,3.877245799887922839e+00,1.931803778448448528e+00
1.897000000000000000e+03,3.874030055272576156e+00,1.929227448025942149e+00
1.898000000000000000e+03,3.870817016527203780e+00,1.926654581016869594e+00
1.899000000000000000e+03,3.867606681311377859e+00,1.924085172685632505e+00
1.900000000000000000e+03,3.864399047286826594e+00,1.921519218316792399e+00
1.901000000000000000e+03,3.861194112117376065e+00,1.918956713188185947e+00
1.902000000000000000e+03,3.857991873469003075e+00,1.916397652597501944e+00
1.903000000000000000e+03,3.854792329009788077e+00,1.913842031835966351e+00
1.904000000000000000e+03,3.851595476409933827e+00,1.911289846214360377e+00
1.905000000000000000e+03,3.848401313341772045e+00,1.908741091037255977e+00
1.906000000000000000e+03,3.845209837479733661e+00,1.906195761628477481e+00
1.907000000000000000e+03,3.842021046500363468e+00,1.903653853305920629e+00
1.908000000000000000e+03,3.838834938082340109e+00,1.901115361406416904e+00
1.909000000000000000e+03,3.835651509906418788e+00,1.898580281261120772e+00
1.910000000000000000e+03,3.832470759655499659e+00,1.896048608219853993e+00
1.911000000000000000e+03,3.829292685014550113e+00,1.893520337626987793e+00
1.912000000000000000e+03,3.826117283670656732e+00,1.890995464845291130e+00
1.913000000000000000e+03,3.822944553313005756e+00,1.888473985232309138e+00
1.914000000000000000e+03,3.819774491632899505e+00,1.885955894163736657e+00
1.915000000000000000e+03,3.816607096323715975e+00,1.883441187010240547e+00
1.916000000000000000e+03,3.813442365080917718e+00,1.880929859160390238e+00
1.917000000000000000e+03,3.810280295602088252e+00,1.878421905997967212e+00
1.918000000000000000e+03,3.807120885586882775e+00,1.875917322924362640e+00
1.919000000000000000e+03,3.803964132737048143e+00,1.873416105336414672e+00
1.920000000000000000e+03,3.800810034756425537e+00,1.870918248648327120e+00
1.921000000000000000e+03,3.797658589350940694e+00,1.868423748269951279e+00
1.922000000000000000e+03,3.794509794228568822e+00,1.865932599628251864e+00
1.923000000000000000e+03,3.791363647099417644e+00,1.863444798146052017e+00
1.924000000000000000e+03,3.788220145675636807e+00,1.860960339263058927e+00
1.925000000000000000e+03,3.785079287671474724e+00,1.858479218415031387e+00
1.926000000000000000e+03,3.781941070803215510e+00,1.856001431054364215e+00
1.927000000000000000e+03,3.778805492789273579e+00,1.853526972629702563e+00
1.928000000000000000e+03,3.775672551350070183e+00,1.851055838606120885e+00
1.929000000000000000e+03,3.772542244208164863e+00,1.848588024445116051e+00
1.930000000000000000e+03,3.769414569088106681e+00,1.846123525624376427e+00
1.931000000000000000e+03,3.766289523716561227e+00,1.843662337618214853e+00
1.932000000000000000e+03,3.763167105822242231e+00,1.841204455916912952e+00
1.933000000000000000e+03,3.760047313135917779e+00,1.838749876007555351e+00
1.934000000000000000e+03,3.756930143390417420e+00,1.836298593392983625e+00
1.935000000000000000e+03,3.753815594320627280e+00,1.833850603573025317e+00
1.936000000000000000e+03,3.750703663663479848e+00,1.831405902063019342e+00
1.937000000000000000e+03,3.747594349157981064e+00,1.828964484375498856e+00
1.938000000000000000e+03,3.744487648545155700e+00,1.826526346038299886e+00
1.939000000000000000e+03,3.741383559568112194e+00,1.824091482576596812e+00
1.940000000000000000e+03,3.738282079971964045e+00,1.821659889530670373e+00
1.941000000000000000e+03,3.735183207503896430e+00,1.819231562438328176e+00
1.942000000000000000e+03,3.732086939913127566e+00,1.816806496852260588e+00
1.943000000000000000e+03,3.728993274950920700e+00,1.814384688322852934e+00
1.944000000000000000e+03,3.725902210370568124e+00,1.811966132415172126e+00
1.945000000000000000e+03,3.722813743927405383e+00,1.809550824692146564e+00
1.946000000000000000e+03,3.719727873378797511e+00,1.807138760731183735e+00
1.947000000000000000e+03,3.716644596484138141e+00,1.804729936107710708e+00
1.948000000000000000e+03,3.713563911004855278e+00,1.802324346411460443e+00
1.949000000000000000e+03,3.710485814704414409e+00,1.799921987230313825e+00
1.950000000000000000e+03,3.707410305348285195e+00,1.797522854166267336e+00
1.951000000000000000e+03,3.704337380703980998e+00,1.795126942819637916e+00
1.952000000000000000e+03,3.701267038541011800e+00,1.792734248804671138e+00
1.953000000000000000e+03,3.698199276630939725e+00,1.790344767734061593e+00
1.954000000000000000e+03,3.695134092747322185e+00,1.787958495234255540e+00
1.955000000000000000e+03,3.692071484665746528e+00,1.785575426930301024e+00
1.956000000000000000e+03,3.689011450163792727e+00,1.783195558460818120e+00
1.957000000000000000e+03,3.685953987021076461e+00,1.780818885463168133e+00
1.958000000000000000e+03,3.682899093019207815e+00,1.778445403588104989e+00
1.959000000000000000e+03,3.679846765941804154e+00,1.776075108485260623e+00
1.960000000000000000e+03,3.676797003574506562e+00,1.773707995817499272e+00
1.961000000000000000e+03,3.673749803704937644e+00,1.771344061246683976e+00
1.962000000000000000e+03,3.670705164122733066e+00,1.768983300447742657e+00
1.963000000000000000e+03,3.667663082619531778e+00,1.766625709094749030e+00
1.964000000000000000e+03,3.664623556988960473e+00,1.764271282874651181e+00
1.965000000000000000e+03,3.661586585026658458e+00,1.761920017473693534e+00
1.966000000000000000e+03,3.658552164530232353e+00,1.759571908590827904e+00
1.967000000000000000e+03,3.655520293299304502e+00,1.757226951924419023e+00
1.968000000000000000e+03,3.652490969135496091e+00,1.754885143185386687e+00
1.969000000000000000e+03,3.649464189842378303e+00,1.752546478084180626e+00
1.970000000000000000e+03,3.646439953225536712e+00,1.750210952343654647e+00
1.971000000000000000e+03,3.643418257092552182e+00,1.747878561686309729e+00
1.972000000000000000e+03,3.640399099252948911e+00,1.745549301846902823e+00
1.973000000000000000e+03,3.637382477518265489e+00,1.743223168559944858e+00
1.974000000000000000e+03,3.634368389702010038e+00,1.740900157572056184e+00
1.975000000000000000e+03,3.631356833619654445e+00,1.738580264629731476e+00
1.976000000000000000e+03,3.628347807088665888e+00,1.736263485491414960e+00
1.977000000000000000e+03,3.625341307928474865e+00,1.733949815915545978e+00
1.978000000000000000e+03,3.622337333960472083e+00,1.731639251672370650e+00
1.979000000000000000e+03,3.619335883008030663e+00,1.729331788532229908e+00
1.980000000000000000e+03,3.616336952896500812e+00,1.727027422277131796e+00
1.981000000000000000e+03,3.613340541453165855e+00,1.724726148689300631e+00
1.982000000000000000e+03,3.610346646507305302e+00,1.722427963562462638e+00
1.983000000000000000e+03,3.607355265890134000e+00,1.720132862690675779e+00
1.984000000000000000e+03,3.604366397434855873e+00,1.717840841879373359e+00
1.985000000000000000e+03,3.601380038976586206e+00,1.715551896934397247e+00
1.986000000000000000e+03,3.598396188352444458e+00,1.713266023672855853e+00
1.987000000000000000e+03,3.595414843401469440e+00,1.710983217912355414e+00
1.988000000000000000e+03,3.592436001964679715e+00,1.708703475481628153e+00
1.989000000000000000e+03,3.589459661885014086e+00,1.706426792210007592e+00
1.990000000000000000e+03,3.586485821007388886e+00,1.704153163937831339e+00
1.991000000000000000e+03,3.583514477178629587e+00,1.701882586506119344e+00
1.992000000000000000e+03,3.580545628247552958e+00,1.699615055766777960e+00
1.993000000000000000e+03,3.577579272064871141e+00,1.697350567572480928e+00
1.994000000000000000e+03,3.574615406483272029e+00,1.695089117786661825e+00
1.995000000000000000e+03,3.571654029357360649e+00,1.692830702273619314e+00
1.996000000000000000e+03,3.568695138543691137e+00,1.690575316908293102e+00
1.997000000000000000e+03,3.565738731900738312e+00,1.688322957566569027e+00
1.998000000000000000e+03,3.562784807288926991e+00,1.686073620134840967e+00
1.999000000000000000e+03,3.559833362570595572e+00,1.683827300500555957e+00
2.000000000000000000e+03,3.556884395610030669e+00,1.681583994561538287e+00
2.001000000000000000e+03,3.553937904273415604e+00,1.679343698216752889e+00
2.002000000000000000e+03,3.550993886428901014e+00,1.677106407375428931e+00
2.003000000000000000e+03,3.548052339946519584e+00,1.674872117948009276e+00
2.004000000000000000e+03,3.545113262698257994e+00,1.672640825855098434e+00
2.005000000000000000e+03,3.542176652557994299e+00,1.670412527018580118e+00
2.006000000000000000e+03,3.539242507401547222e+00,1.668187217370397546e+00
2.007000000000000000e+03,3.536310825106641964e+00,1.665964892843852629e+00
2.008000000000000000e+03,3.533381603552923078e+00,1.663745549382183553e+00
2.009000000000000000e+03,3.530454840621920720e+00,1.661529182930076010e+00
2.010000000000000000e+03,3.527530534197119483e+00,1.659315789442049605e+00
2.011000000000000000e+03,3.524608682163878903e+00,1.657105364874128961e+00
2.012000000000000000e+03,3.521689282409475652e+00,1.654897905192067586e+00
2.013000000000000000e+03,3.518772332823090210e+00,1.652693406363208384e+00
2.014000000000000000e+03,3.515857831295813973e+00,1.650491864364509009e+00
2.015000000000000000e+03,3.512945775720623498e+00,1.648293275174598449e+00
2.016000000000000000e+03,3.510036163992400926e+00,1.646097634781604757e+00
2.017000000000000000e+03,3.507128994007938427e+00,1.643904939175400148e+00
2.018000000000000000e+03,3.504224263665901784e+00,1.641715184355256651e+00
2.019000000000000000e+03,3.501321970866864586e+00,1.639528366322255071e+00
2.020000000000000000e+03,3.498422113513287357e+00,1.637344481086792092e+00
2.021000000000000000e+03,3.495524689509518890e+00,1.635163524661107370e+00
2.022000000000000000e+03,3.492629696761807789e+00,1.632985493066689830e+00
2.023000000000000000e+03,3.489737133178264727e+00,1.630810382326922214e+00
2.024000000000000000e+03,3.486846996668918397e+00,1.628638188474341941e+00
2.025000000000000000e+03,3.483959285145635576e+00,1.626468907543437314e+00
2.026000000000000000e+03,3.481073996522222824e+00,1.624302535577771156e+00
2.027000000000000000e+03,3.478191128714301694e+00,1.622139068622900471e+00
2.028000000000000000e+03,3.475310679639421974e+00,1.619978502733377956e+00
2.029000000000000000e+03,3.472432647216964874e+00,1.617820833965814664e+00
2.030000000000000000e+03,3.469557029368231849e+00,1.615666058385705428e+00
2.031000000000000000e+03,3.466683824016352222e+00,1.613514172060678042e+00
2.032000000000000000e+03,3.463813029086360018e+00,1.611365171067152158e+00
2.033000000000000000e+03,3.460944642505135782e+00,1.609219051483729457e+00
2.034000000000000000e+03,3.458078662201427012e+00,1.607075809397729316e+00
2.035000000000000000e+03,3.455215086105853040e+00,1.604935440898691112e+00
2.036000000000000000e+03,3.452353912150898818e+00,1.602797942084796423e+00
2.037000000000000000e+03,3.449495138270890937e+00,1.600663309056507888e+00
2.038000000000000000e+03,3.446638762402042033e+00,1.598531537922831980e+00
2.039000000000000000e+03,3.443784782482401940e+00,1.596402624795111747e+00
2.040000000000000000e+03,3.440933196451892329e+00,1.594276565793149691e+00
2.041000000000000000e+03,3.438084002252252525e+00,1.592153357039140626e+00
2.042000000000000000e+03,3.435237197827127886e+00,1.590032994663663324e+00
2.043000000000000000e+03,3.432392781121958336e+00,1.587915474799717730e+00
2.044000000000000000e+03,3.429550750084083166e+00,1.585800793588620694e+00
2.045000000000000000e+03,3.426711102662638897e+00,1.583688947174163753e+00
2.046000000000000000e+03,3.423873836808646764e+00,1.581579931708373188e+00
2.047000000000000000e+03,3.421038950474940332e+00,1.579473743345790382e+00
2.048000000000000000e+03,3.418206441616218338e+00,1.577370378249107974e+00
2.049000000000000000e+03,3.415376308188996290e+00,1.575269832583600982e+00
2.050000000000000000e+03,3.412548548151661532e+00,1.573172102522602422e+00
2.051000000000000000e+03,3.409723159464387088e+00,1.571077184242082092e+00
2.052000000000000000e+03,3.406900140089220486e+00,1.568985073925987850e+00
2.053000000000000000e+03,3.404079487990030906e+00,1.566895767760937641e+00
2.054000000000000000e+03,3.401261201132507850e+00,1.564809261941476182e+00
2.055000000000000000e+03,3.398445277484172244e+00,1.562725552664841366e+00
2.056000000000000000e+03,3.395631715014383989e+00,1.560644636136129026e+00
2.057000000000000000e+03,3.392820511694306873e+00,1.558566508563180131e+00
2.058000000000000000e+03,3.390011665496956983e+00,1.556491166161618089e+00
2.059000000000000000e+03,3.387205174397132978e+00,1.554418605149839205e+00
2.060000000000000000e+03,3.384401036371498250e+00,1.552348821753959607e+00
2.061000000000000000e+03,3.381599249398497875e+00,1.550281812202912723e+00
2.062000000000000000e+03,3.378799811458403468e+00,1.548217572733280756e+00
2.063000000000000000e+03,3.376002720533306967e+00,1.546156099584498955e+00
2.064000000000000000e+03,3.373207974607102422e+00,1.544097389003581844e+00
2.065000000000000000e+03,3.370415571665507315e+00,1.542041437240432744e+00
2.066000000000000000e+03,3.367625509696043906e+00,1.539988240552476739e+00
2.067000000000000000e+03,3.364837786688036125e+00,1.537937795200052804e+00
2.068000000000000000e+03,3.362052400632608684e+00,1.535890097450964609e+00
2.069000000000000000e+03,3.359269349522715498e+00,1.533845143575954584e+00
2.070000000000000000e+03,3.356488631353083285e+00,1.531802929853172346e+00
2.071000000000000000e+03,3.353710244120253758e+00,1.529763452563746240e+00
2.072000000000000000e+03,3.350934185822562306e+00,1.527726707996134747e+00
2.073000000000000000e+03,3.348160454460149094e+00,1.525692692441814602e+00
2.074000000000000000e+03,3.345389048034946189e+00,1.523661402199536274e+00
2.075000000000000000e+03,3.342619964550669120e+00,1.521632833571090027e+00
2.076000000000000000e+03,3.339853202012829758e+00,1.519606982865479683e+00
2.077000000000000000e+03,3.337088758428736757e+00,1.517583846394784386e+00
2.078000000000000000e+03,3.334326631807479568e+00,1.515563420478237777e+00
2.079000000000000000e+03,3.331566820159943987e+00,1.513545701438177016e+00
2.080000000000000000e+03,3.328809321498794827e+00,1.511530685604032920e+00
2.081000000000000000e+03,3.326054133838473259e+00,1.509518369308365360e+00
2.082000000000000000e+03,3.323301255195197257e+00,1.507508748890782124e+00
2.083000000000000000e+03,3.320550683586986462e+00,1.505501820694030934e+00
2.084000000000000000e+03,3.317802417033621332e+00,1.503497581067860134e+00
2.085000000000000000e+03,3.315056453556665783e+00,1.501496026365191083e+00
2.086000000000000000e+03,3.312312791179443661e+00,1.499497152945877376e+00
2.087000000000000000e+03,3.309571427927080478e+00,1.497500957172983593e+00
2.088000000000000000e+03,3.306832361826445243e+00,1.495507435416439268e+00
2.089000000000000000e+03,3.304095590906186874e+00,1.493516584049417339e+00
2.090000000000000000e+03,3.301361113196725761e+00,1.491528399451908848e+00
2.091000000000000000e+03,3.298628926730233335e+00,1.489542878007156901e+00
2.092000000000000000e+03,3.295899029540664493e+00,1.487560016105172744e+00
2.093000000000000000e+03,3.293171419663714516e+00,1.485579810139249002e+00
2.094000000000000000e+03,3.290446095136868809e+00,1.483602256509403805e+00
2.095000000000000000e+03,3.287723053999335843e+00,1.481627351618939770e+00
2.096000000000000000e+03,3.285002294292115987e+00,1.479655091877838835e+00
2.097000000000000000e+03,3.282283814057938898e+00,1.477685473699400731e+00
2.098000000000000000e+03,3.279567611341314581e+00,1.475718493503540563e+00
2.099000000000000000e+03,3.276853684188466342e+00,1.473754147713520979e+00
2.100000000000000000e+03,3.274142030647411605e+00,1.471792432759171598e+00
2.101000000000000000e+03,3.271432648767889972e+00,1.469833345073677355e+00
2.102000000000000000e+03,3.268725536601385873e+00,1.467876881096759289e+00
2.103000000000000000e+03,3.266020692201150322e+00,1.465923037271497531e+00
2.104000000000000000e+03,3.263318113622160510e+00,1.463971810047464350e+00
2.105000000000000000e+03,3.260617798921135790e+00,1.462023195877623749e+00
2.106000000000000000e+03,3.257919746156547003e+00,1.460077191221365478e+00
2.107000000000000000e+03,3.255223953388592051e+00,1.458133792541496110e+00
2.108000000000000000e+03,3.252530418679218105e+00,1.456192996307207776e+00
2.109000000000000000e+03,3.249839140092094514e+00,1.454254798991120756e+00
2.110000000000000000e+03,3.247150115692641670e+00,1.452319197072193369e+00
2.111000000000000000e+03,3.244463343547983492e+00,1.450386187032838059e+00
2.112000000000000000e+03,3.241778821727006044e+00,1.448455765361758463e+00
2.113000000000000000e+03,3.239096548300302914e+00,1.446527928551113895e+00
2.114000000000000000e+03,3.236416521340204078e+00,1.444602673099325107e+00
2.115000000000000000e+03,3.233738738920762579e+00,1.442679995508284518e+00
2.116000000000000000e+03,3.231063199117756746e+00,1.440759892286100685e+00
2.117000000000000000e+03,3.228389900008678204e+00,1.438842359944363825e+00
2.118000000000000000e+03,3.225718839672764293e+00,1.436927395000840768e+00
2.119000000000000000e+03,3.223050016190928346e+00,1.435014993976797548e+00
2.120000000000000000e+03,3.220383427645848506e+00,1.433105153399624632e+00
2.121000000000000000e+03,3.217719072121878465e+00,1.431197869800242772e+00
2.122000000000000000e+03,3.215056947705111856e+00,1.429293139715637651e+00
2.123000000000000000e+03,3.212397052483341398e+00,1.427390959686351657e+00
2.124000000000000000e+03,3.209739384546081098e+00,1.425491326258952363e+00
2.125000000000000000e+03,3.207083941984533393e+00,1.423594235983558054e+00
2.126000000000000000e+03,3.204430722891628225e+00,1.421699685416282888e+00
2.127000000000000000e+03,3.201779725361995954e+00,1.419807671116814829e+00
2.128000000000000000e+03,3.199130947491968691e+00,1.417918189650789085e+00
2.129000000000000000e+03,3.196484387379577186e+00,1.416031237587425551e+00
2.130000000000000000e+03,3.193840043124560157e+00,1.414146811501853174e+00
2.131000000000000000e+03,3.191197912828350081e+00,1.412264907972798245e+00
2.132000000000000000e+03,3.188557994594078959e+00,1.410385523584852585e+00
2.133000000000000000e+03,3.185920286526579659e+00,1.408508654926223125e+00
2.134000000000000000e+03,3.183284786732369476e+00,1.406634298590942800e+00
2.135000000000000000e+03,3.180651493319658130e+00,1.404762451176659210e+00
2.136000000000000000e+03,3.178020404398361087e+00,1.402893109286830420e+00
2.137000000000000000e+03,3.175391518080067588e+00,1.401026269528525603e+00
2.138000000000000000e+03,3.172764832478057073e+00,1.399161928514582653e+00
2.139000000000000000e+03,3.170140345707291196e+00,1.397300082861464343e+00
2.140000000000000000e+03,3.167518055884439576e+00,1.395440729191372631e+00
2.141000000000000000e+03,3.164897961127817183e+00,1.393583864130141015e+00
2.142000000000000000e+03,3.162280059557462053e+00,1.391729484309300657e+00
2.143000000000000000e+03,3.159664349295056240e+00,1.389877586364019812e+00
2.144000000000000000e+03,3.157050828463975556e+00,1.388028166935142194e+00
2.145000000000000000e+03,3.154439495189270470e+00,1.386181222667149493e+00
2.146000000000000000e+03,3.151830347597662119e+00,1.384336750210164890e+00
2.147000000000000000e+03,3.149223383817547184e+00,1.382494746217954873e+00
2.148000000000000000e+03,3.146618601979008112e+00,1.380655207349894331e+00
2.149000000000000000e+03,3.144016000213770035e+00,1.378818130269012121e+00
2.150000000000000000e+03,3.141415576655246955e+00,1.376983511643907754e+00
2.151000000000000000e+03,3.138817329438498227e+00,1.375151348146847807e+00
2.152000000000000000e+03,3.136221256700290727e+00,1.373321636455624883e+00
2.153000000000000000e+03,3.133627356579004708e+00,1.371494373251711085e+00
2.154000000000000000e+03,3.131035627214710626e+00,1.369669555222075230e+00
2.155000000000000000e+03,3.128446066749137611e+00,1.367847179057371187e+00
2.156000000000000000e+03,3.125858673325659254e+00,1.366027241453713348e+00
2.157000000000000000e+03,3.123273445089325584e+00,1.364209739110911368e+00
2.158000000000000000e+03,3.120690380186827984e+00,1.362394668734193459e+00
2.159000000000000000e+03,3.118109476766519172e+00,1.360582027032500863e+00
2.160000000000000000e+03,3.115530732978398554e+00,1.358771810720160067e+00
2.161000000000000000e+03,3.112954146974125091e+00,1.356964016515208593e+00
2.162000000000000000e+03,3.110379716906991998e+00,1.355158641141040787e+00
2.163000000000000000e+03,3.107807440931963594e+00,1.353355681324768689e+00
2.164000000000000000e+03,3.105237317205622460e+00,1.351555133798829411e+00
2.165000000000000000e+03,3.102669343886211628e+00,1.349756995299387086e+00
2.166000000000000000e+03,3.100103519133618590e+00,1.347961262567891616e+00
2.167000000000000000e+03,3.097539841109365977e+00,1.346167932349528806e+00
2.168000000000000000e+03,3.094978307976611553e+00,1.344377001394743365e+00
2.169000000000000000e+03,3.092418917900168207e+00,1.342588466457716345e+00
2.170000000000000000e+03,3.089861669046471082e+00,1.340802324297855952e+00
2.171000000000000000e+03,3.087306559583588239e+00,1.339018571678314729e+00
2.172000000000000000e+03,3.084753587681243747e+00,1.337237205367437953e+00
2.173000000000000000e+03,3.082202751510758620e+00,1.335458222137323459e+00
2.174000000000000000e+03,3.079654049245116099e+00,1.333681618765232724e+00
2.175000000000000000e+03,3.077107479058912798e+00,1.331907392032180670e+00
2.176000000000000000e+03,3.074563039128360042e+00,1.330135538724320776e+00
2.177000000000000000e+03,3.072020727631324277e+00,1.328366055631556630e+00
2.178000000000000000e+03,3.069480542747282215e+00,1.326598939548903289e+00
2.179000000000000000e+03,3.066942482657319946e+00,1.324834187275134800e+00
2.180000000000000000e+03,3.064406545544166249e+00,1.323071795614104929e+00
2.181000000000000000e+03,3.061872729592158393e+00,1.321311761373427762e+00
2.182000000000000000e+03,3.059341032987250575e+00,1.319554081365771125e+00
2.183000000000000000e+03,3.056811453917010812e+00,1.317798752407560503e+00
2.184000000000000000e+03,3.054283990570638707e+00,1.316045771320256019e+00
2.185000000000000000e+03,3.051758641138929473e+00,1.314295134929076347e+00
2.186000000000000000e+03,3.049235403814297474e+00,1.312546840064237497e+00
2.187000000000000000e+03,3.046714276790755349e+00,1.310800883559728014e+00
2.188000000000000000e+03,3.044195258263948656e+00,1.309057262254501142e+00
2.189000000000000000e+03,3.041678346431110125e+00,1.307315972991277997e+00
2.190000000000000000e+03,3.039163539491089416e+00,1.305577012617741728e+00
2.191000000000000000e+03,3.036650835644327806e+00,1.303840377985313825e+00
2.192000000000000000e+03,3.034140233092880834e+00,1.302106065950366709e+00
2.193000000000000000e+03,3.031631730040389439e+00,1.300374073373013140e+00
2.194000000000000000e+03,3.029125324692124810e+00,1.298644397118292826e+00
2.195000000000000000e+03,3.026621015254909342e+00,1.296917034054983597e+00
2.196000000000000000e+03,3.024118799937216551e+00,1.295191981056758479e+00
2.197000000000000000e+03,3.021618676949071602e+00,1.293469235001029949e+00
2.198000000000000000e+03,3.019120644502115702e+00,1.291748792770093024e+00
2.199000000000000000e+03,3.016624700809564352e+00,1.290030651249981286e+00
2.200000000000000000e+03,3.014130844086244654e+00,1.288314807331568668e+00
2.201000000000000000e+03,3.011639072548549567e+00,1.286601257909481211e+00
2.202000000000000000e+03,3.009149384414488981e+00,1.284889999883159328e+00
2.203000000000000000e+03,3.006661777903616439e+00,1.283181030155789770e+00
2.204000000000000000e+03,3.004176251237117068e+00,1.281474345635360335e+00
2.205000000000000000e+03,3.001692802637724977e+00,1.279769943233594054e+00
2.206000000000000000e+03,2.999211430329770778e+00,1.278067819866996579e+00
2.207000000000000000e+03,2.996732132539146054e+00,1.276367972455807243e+00
2.208000000000000000e+03,2.994254907493361095e+00,1.274670397925022680e+00
2.209000000000000000e+03,2.991779753421448085e+00,1.272975093203374541e+00
2.210000000000000000e+03,2.989306668554065904e+00,1.271282055224329133e+00
2.211000000000000000e+03,2.986835651123407764e+00,1.269591280925083776e+00
2.212000000000000000e+03,2.984366699363267816e+00,1.267902767247544915e+00
2.213000000000000000e+03,2.981899811508991860e+00,1.266216511137354228e+00
2.214000000000000000e+03,2.979434985797505764e+00,1.264532509544842309e+00
2.215000000000000000e+03,2.976972220467294150e+00,1.262850759424068992e+00
2.216000000000000000e+03,2.974511513758416381e+00,1.261171257733754159e+00
2.217000000000000000e+03,2.972052863912492349e+00,1.259494001436356259e+00
2.218000000000000000e+03,2.969596269172706471e+00,1.257818987498971586e+00
2.219000000000000000e+03,2.967141727783799254e+00,1.256146212892422342e+00
2.220000000000000000e+03,2.964689237992091275e+00,1.254475674592155032e+00
2.221000000000000000e+03,2.962238798045429444e+00,1.252807369577342289e+00
2.222000000000000000e+03,2.959790406193249623e+00,1.251141294831746409e+00
2.223000000000000000e+03,2.957344060686525111e+00,1.249477447342866698e+00
2.224000000000000000e+03,2.954899759777790624e+00,1.247815824102769255e+00
2.225000000000000000e+03,2.952457501721117428e+00,1.246156422107244310e+00
2.226000000000000000e+03,2.950017284772155968e+00,1.244499238356642445e+00
2.227000000000000000e+03,2.947579107188088354e+00,1.242844269855025052e+00
2.228000000000000000e+03,2.945142967227653230e+00,1.241191513610997221e+00
2.229000000000000000e+03,2.942708863151123122e+00,1.239540966636872632e+00
2.230000000000000000e+03,2.940276793220335083e+00,1.237892625949484682e+00
2.231000000000000000e+03,2.937846755698651613e+00,1.236246488569372470e+00
2.232000000000000000e+03,2.935418748850995740e+00,1.234602551521579716e+00
2.233000000000000000e+03,2.932992770943807948e+00,1.232960811834848291e+00
2.234000000000000000e+03,2.930568820245110562e+00,1.231321266542404480e+00
2.235000000000000000e+03,2.928146895024403396e+00,1.229683912681168723e+00
2.236000000000000000e+03,2.925726993552780542e+00,1.228048747292531218e+00
2.237000000000000000e+03,2.923309114102830009e+00,1.226415767421567882e+00
2.238000000000000000e+03,2.920893254948705220e+00,1.224784970117804184e+00
2.239000000000000000e+03,2.918479414366059732e+00,1.223156352434446870e+00
2.240000000000000000e+03,2.916067590632107631e+00,1.221529911429139803e+00
2.241000000000000000e+03,2.913657782025573351e+00,1.219905644163204350e+00
2.242000000000000000e+03,2.911249986826725866e+00,1.218283547702366576e+00
2.243000000000000000e+03,2.908844203317340504e+00,1.216663619116036044e+00
2.244000000000000000e+03,2.906440429780734469e+00,1.215045855478009917e+00
2.245000000000000000e+03,2.904038664501734424e+00,1.213430253865761088e+00
2.246000000000000000e+03,2.901638905766703580e+00,1.211816811361130730e+00
2.247000000000000000e+03,2.899241151863513277e+00,1.210205525049627751e+00
2.248000000000000000e+03,2.896845401081564741e+00,1.208596392021121124e+00
2.249000000000000000e+03,2.894451651711765994e+00,1.206989409369136013e+00
2.250000000000000000e+03,2.892059902046555830e+00,1.205384574191540770e+00
2.251000000000000000e+03,2.889670150379868740e+00,1.203781883589859936e+00
2.252000000000000000e+03,2.887282395007174873e+00,1.202181334669929047e+00
2.253000000000000000e+03,2.884896634225436074e+00,1.200582924541248708e+00
2.254000000000000000e+03,2.882512866333143187e+00,1.198986650317611424e+00
2.255000000000000000e+03,2.880131089630274310e+00,1.197392509116463666e+00
2.256000000000000000e+03,2.877751302418342760e+00,1.195800498059526040e+00
2.257000000000000000e+03,2.875373503000337561e+00,1.194210614272176230e+00
2.258000000000000000e+03,2.872997689680786060e+00,1.192622854884043626e+00
2.259000000000000000e+03,2.870623860765686874e+00,1.191037217028412698e+00
2.260000000000000000e+03,2.868252014562566288e+00,1.189453697842792979e+00
2.261000000000000000e+03,2.865882149380432065e+00,1.187872294468350187e+00
2.262000000000000000e+03,2.863514263529808979e+00,1.186293004050459121e+00
2.263000000000000000e+03,2.861148355322695735e+00,1.184715823738146323e+00
2.264000000000000000e+03,2.858784423072613823e+00,1.183140750684626763e+00
2.265000000000000000e+03,2.856422465094559104e+00,1.181567782046762938e+00
2.266000000000000000e+03,2.854062479705039568e+00,1.179996914985592227e+00
2.267000000000000000e+03,2.851704465222033580e+00,1.178428146665786880e+00
2.268000000000000000e+03,2.849348419965036516e+00,1.176861474256181594e+00
2.269000000000000000e+03,2.846994342255004806e+00,1.175296894929241942e+00
2.270000000000000000e+03,2.844642230414402118e+00,1.173734405861578844e+00
2.271000000000000000e+03,2.842292082767169603e+00,1.172174004233424993e+00
2.272000000000000000e+03,2.839943897638748105e+00,1.170615687229146662e+00
2.273000000000000000e+03,2.837597673356033745e+00,1.169059452036720126e+00
2.274000000000000000e+03,2.835253408247444984e+00,1.167505295848245472e+00
2.275000000000000000e+03,2.832911100642824476e+00,1.165953215859423020e+00
2.276000000000000000e+03,2.830570748873558529e+00,1.164403209270060691e+00
2.277000000000000000e+03,2.828232351272457645e+00,1.162855273283565527e+00
2.278000000000000000e+03,2.825895906173854222e+00,1.161309405107434634e+00
2.279000000000000000e+03,2.823561411913519059e+00,1.159765601952748471e+00
2.280000000000000000e+03,2.821228866828719983e+00,1.158223861034674673e+00
2.281000000000000000e+03,2.818898269258177880e+00,1.156684179571953353e+00
2.282000000000000000e+03,2.816569617542109771e+00,1.155146554787388036e+00
2.283000000000000000e+03,2.814242910022175970e+00,1.153610983907368936e+00
2.284000000000000000e+03,2.811918145041533368e+00,1.152077464162312825e+00
2.285000000000000000e+03,2.809595320944765717e+00,1.150545992786226712e+00
2.286000000000000000e+03,2.807274436077971558e+00,1.149016567017131507e+00
2.287000000000000000e+03,2.804955488788666074e+00,1.147489184096627257e+00
2.288000000000000000e+03,2.802638477425872576e+00,1.145963841270314809e+00
2.289000000000000000e+03,2.800323400340034130e+00,1.144440535787362156e+00
2.290000000000000000e+03,2.798010255883085051e+00,1.142919264900928100e+00
2.291000000000000000e+03,2.795699042408388735e+00,1.141400025867735479e+00
2.292000000000000000e+03,2.793389758270806045e+00,1.139882815948475736e+00
2.293000000000000000e+03,2.791082401826607828e+00,1.138367632407399244e+00
2.294000000000000000e+03,2.788776971433557961e+00,1.136854472512720982e+00
2.295000000000000000e+03,2.786473465450845399e+00,1.135343333536193100e+00
2.296000000000000000e+03,2.784171882239137474e+00,1.133834212753520809e+00
2.297000000000000000e+03,2.781872220160522602e+00,1.132327107443950487e+00
2.298000000000000000e+03,2.779574477578561797e+00,1.130822014890654925e+00
2.299000000000000000e+03,2.777278652858246488e+00,1.129318932380342977e+00
2.300000000000000000e+03,2.774984744366026046e+00,1.127817857203643692e+00
2.301000000000000000e+03,2.772692750469791356e+00,1.126318786654710191e+00
2.302000000000000000e+03,2.770402669538884144e+00,1.124821718031602025e+00
2.303000000000000000e+03,2.768114499944060558e+00,1.123326648635890379e+00
2.304000000000000000e+03,2.765828240057566667e+00,1.121833575773044211e+00
2.305000000000000000e+03,2.763543888253030101e+00,1.120342496752043226e+00
2.306000000000000000e+03,2.761261442905570629e+00,1.118853408885736700e+00
2.307000000000000000e+03,2.758980902391702461e+00,1.117366309490488430e+00
2.308000000000000000e+03,2.756702265089403081e+00,1.115881195886517352e+00
2.309000000000000000e+03,2.754425529378059068e+00,1.114398065397539606e+00
2.310000000000000000e+03,2.752150693638518053e+00,1.112916915351126246e+00
2.311000000000000000e+03,2.749877756253029215e+00,1.111437743078333984e+00
2.312000000000000000e+03,2.747606715605307670e+00,1.109960545914055352e+00
2.313000000000000000e+03,2.745337570080455425e+00,1.108485321196664541e+00
2.314000000000000000e+03,2.743070318065040869e+00,1.107012066268362682e+00
2.315000000000000000e+03,2.740804957947028164e+00,1.105540778474816799e+00
2.316000000000000000e+03,2.738541488115825207e+00,1.104071455165514859e+00
2.317000000000000000e+03,2.736279906962249431e+00,1.102604093693404508e+00
2.318000000000000000e+03,2.734020212878551348e+00,1.101138691415232129e+00
2.319000000000000000e+03,2.731762404258393229e+00,1.099675245691200232e+00
2.320000000000000000e+03,2.729506479496869531e+00,1.098213753885300958e+00
2.321000000000000000e+03,2.727252436990479811e+00,1.096754213364970365e+00
2.322000000000000000e+03,2.725000275137136274e+00,1.095296621501423262e+00
2.323000000000000000e+03,2.722749992336185088e+00,1.093840975669313043e+00
2.324000000000000000e+03,2.720501586988365528e+00,1.092387273247051649e+00
2.325000000000000000e+03,2.718255057495852167e+00,1.090935511616489606e+00
2.326000000000000000e+03,2.716010402262207357e+00,1.089485688163222887e+00
2.327000000000000000e+03,2.713767619692414534e+00,1.088037800276279166e+00
2.328000000000000000e+03,2.711526708192868895e+00,1.086591845348407137e+00
2.329000000000000000e+03,2.709287666171362297e+00,1.085147820775788086e+00
2.330000000000000000e+03,2.707050492037106348e+00,1.083705723958317879e+00
2.331000000000000000e+03,2.704815184200707101e+00,1.082265552299310984e+00
2.332000000000000000e+03,2.702581741074177923e+00,1.080827303205779577e+00
2.333000000000000000e+03,2.700350161070928401e+00,1.079390974088155319e+00
2.334000000000000000e+03,2.698120442605786096e+00,1.077956562360545822e+00
2.335000000000000000e+03,2.695892584094943700e+00,1.076524065440482403e+00
2.336000000000000000e+03,2.693666583956031868e+00,1.075093480749154118e+00
2.337000000000000000e+03,2.691442440608043718e+00,1.073664805711159742e+00
2.338000000000000000e+03,2.689220152471399228e+00,1.072238037754751350e+00
2.339000000000000000e+03,2.686999717967883061e+00,1.070813174311578964e+00
2.340000000000000000e+03,2.684781135520689865e+00,1.069390212816937247e+00
2.341000000000000000e+03,2.682564403554404286e+00,1.067969150709509263e+00
2.342000000000000000e+03,2.680349520495000526e+00,1.066549985431609615e+00
2.343000000000000000e+03,2.678136484769827241e+00,1.065132714428937533e+00
2.344000000000000000e+03,2.675925294807648847e+00,1.063717335150805798e+00
2.345000000000000000e+03,2.673715949038583783e+00,1.062303845049907824e+00
2.346000000000000000e+03,2.671508445894168915e+00,1.060892241582538364e+00
2.347000000000000000e+03,2.669302783807292911e+00,1.059482522208361033e+00
2.348000000000000000e+03,2.667098961212250874e+00,1.058074684390635234e+00
2.349000000000000000e+03,2.664896976544694596e+00,1.056668725595978575e+00
2.350000000000000000e+03,2.662696828241685854e+00,1.055264643294587801e+00
2.351000000000000000e+03,2.660498514741638232e+00,1.053862434960022076e+00
2.352000000000000000e+03,2.658302034484357979e+00,1.052462098069398388e+00
2.353000000000000000e+03,2.656107385911020025e+00,1.051063630103189039e+00
2.354000000000000000e+03,2.653914567464183971e+00,1.049667028545411940e+00
2.355000000000000000e+03,2.651723577587755010e+00,1.048272290883434321e+00
2.356000000000000000e+03,2.649534414727051423e+00,1.046879414608160141e+00
2.357000000000000000e+03,2.647347077328724207e+00,1.045488397213831577e+00
2.358000000000000000e+03,2.645161563840821906e+00,1.044099236198215319e+00
2.359000000000000000e+03,2.642977872712739984e+00,1.042711929062412057e+00
2.360000000000000000e+03,2.640796002395259023e+00,1.041326473311032119e+00
2.361000000000000000e+03,2.638615951340509636e+00,1.039942866452008063e+00
2.362000000000000000e+03,2.636437718001992003e+00,1.038561105996780087e+00
2.363000000000000000e+03,2.634261300834576769e+00,1.037181189460100184e+00
2.364000000000000000e+03,2.632086698294483718e+00,1.035803114360213328e+00
2.365000000000000000e+03,2.629913908839299541e+00,1.034426878218667190e+00
2.366000000000000000e+03,2.627742930927968956e+00,1.033052478560494647e+00
2.367000000000000000e+03,2.625573763020799145e+00,1.031679912914022834e+00
2.368000000000000000e+03,2.623406403579442880e+00,1.030309178811050996e+00
2.369000000000000000e+03,2.621240851066916733e+00,1.028940273786666859e+00
2.370000000000000000e+03,2.619077103947595742e+00,1.027573195379414273e+00
2.371000000000000000e+03,2.616915160687194319e+00,1.026207941131129342e+00
2.372000000000000000e+03,2.614755019752791121e+00,1.024844508587084313e+00
2.373000000000000000e+03,2.612596679612797512e+00,1.023482895295830586e+00
2.374000000000000000e+03,2.610440138736997095e+00,1.022123098809354369e+00
2.375000000000000000e+03,2.608285395596499967e+00,1.020765116682915918e+00
2.376000000000000000e+03,2.606132448663785350e+00,1.019408946475184541e+00
2.377000000000000000e+03,2.603981296412650970e+00,1.018054585748105811e+00
2.378000000000000000e+03,2.601831937318265453e+00,1.016702032067027472e+00
2.379000000000000000e+03,2.599684369857113264e+00,1.015351283000552218e+00
2.380000000000000000e+03,2.597538592507041777e+00,1.014002336120684911e+00
2.381000000000000000e+03,2.595394603747227080e+00,1.012655189002676481e+00
2.382000000000000000e+03,2.593252402058184192e+00,1.011309839225165597e+00
2.383000000000000000e+03,2.591111985921771055e+00,1.009966284370034995e+00
2.384000000000000000e+03,2.588973353821185430e+00,1.008624522022536274e+00
2.385000000000000000e+03,2.586836504240944468e+00,1.007284549771156001e+00
2.386000000000000000e+03,2.584701435666915792e+00,1.005946365207747828e+00
2.387000000000000000e+03,2.582568146586289970e+00,1.004609965927391046e+00
2.388000000000000000e+03,2.580436635487591612e+00,1.003275349528518490e+00
2.389000000000000000e+03,2.578306900860674933e+00,1.001942513612773311e+00
2.390000000000000000e+03,2.576178941196730854e+00,1.000611455785159754e+00
2.391000000000000000e+03,2.574052754988255476e+00,9.992821736538703981e-01
2.392000000000000000e+03,2.571928340729103812e+00,9.979546648304451484e-01
2.393000000000000000e+03,2.569805696914423621e+00,9.966289269296206843e-01
2.394000000000000000e+03,2.567684822040709580e+00,9.953049575694611351e-01
2.395000000000000000e+03,2.565565714605765990e+00,9.939827543712126401e-01
2.396000000000000000e+03,2.563448373108727196e+00,9.926623149594435702e-01
2.397000000000000000e+03,2.561332796050042937e+00,9.913436369619058608e-01
2.398000000000000000e+03,2.559218981931487225e+00,9.900267180096528064e-01
2.399000000000000000e+03,2.557106929256135253e+00,9.887115557369113850e-01
2.400000000000000000e+03,2.554996636528406917e+00,9.873981477812056040e-01
2.401000000000000000e+03,2.552888102254005975e+00,9.860864917832280474e-01
2.402000000000000000e+03,2.550781324939977335e+00,9.847765853869523411e-01
2.403000000000000000e+03,2.548676303094661755e+00,9.834684262395130272e-01
2.404000000000000000e+03,2.546573035227715831e+00,9.821620119913163638e-01
2.405000000000000000e+03,2.544471519850104446e+00,9.808573402959187559e-01
2.406000000000000000e+03,2.542371755474112316e+00,9.795544088101443281e-01
2.407000000000000000e+03,2.540273740613320008e+00,9.782532151939566933e-01
2.408000000000000000e+03,2.538177473782620819e+00,9.769537571105768592e-01
2.409000000000000000e+03,2.536082953498204784e+00,9.756560322263545526e-01
2.410000000000000000e+03,2.533990178277580885e+00,9.743600382108933422e-01
2.411000000000000000e+03,2.531899146639544185e+00,9.730657727369136367e-01
2.412000000000000000e+03,2.529809857104205140e+00,9.717732334803743655e-01
2.413000000000000000e+03,2.527722308192975831e+00,9.704824181203555167e-01
2.414000000000000000e+03,2.525636498428555310e+00,9.691933243391545050e-01
2.415000000000000000e+03,2.523552426334946919e+00,9.679059498221913582e-01
2.416000000000000000e+03,2.521470090437453404e+00,9.666202922580828805e-01
2.417000000000000000e+03,2.519389489262662707e+00,9.653363493385664906e-01
2.418000000000000000e+03,2.517310621338478605e+00,9.640541187585706107e-01
2.419000000000000000e+03,2.515233485194081187e+00,9.627735982161288453e-01
2.420000000000000000e+03,2.513158079359940178e+00,9.614947854124626936e-01
2.421000000000000000e+03,2.511084402367831370e+00,9.602176780518850707e-01
2.422000000000000000e+03,2.509012452750806421e+00,9.589422738418899028e-01
2.423000000000000000e+03,2.506942229043213732e+00,9.576685704930500975e-01
2.424000000000000000e+03,2.504873729780682012e+00,9.563965657191202396e-01
2.425000000000000000e+03,2.502806953500126941e+00,9.551262572369193515e-01
2.426000000000000000e+03,2.500741898739756053e+00,9.538576427664361423e-01
2.427000000000000000e+03,2.498678564039059857e+00,9.525907200307179856e-01
2.428000000000000000e+03,2.496616947938804731e+00,9.513254867559727268e-01
2.429000000000000000e+03,2.494557048981039582e+00,9.500619406714649884e-01
2.430000000000000000e+03,2.492498865709096734e+00,9.488000795095969941e-01
2.431000000000000000e+03,2.490442396667582159e+00,9.475399010058325189e-01
2.432000000000000000e+03,2.488387640402391465e+00,9.462814028987561743e-01
2.433000000000000000e+03,2.486334595460679697e+00,9.450245829300057965e-01
2.434000000000000000e+03,2.484283260390891090e+00,9.437694388443409466e-01
2.435000000000000000e+03,2.482233633742737755e+00,9.425159683895508733e-01
2.436000000000000000e+03,2.480185714067203673e+00,9.412641693165441081e-01
2.437000000000000000e+03,2.478139499916553135e+00,9.400140393792559834e-01
2.438000000000000000e+03,2.476094989844301875e+00,9.387655763347314553e-01
2.439000000000000000e+03,2.474052182405264144e+00,9.375187779430236290e-01
2.440000000000000000e+03,2.472011076155491871e+00,9.362736419672941235e-01
2.441000000000000000e+03,2.469971669652329282e+00,9.350301661737062675e-01
2.442000000000000000e+03,2.467933961454363612e+00,9.337883483315190247e-01
2.443000000000000000e+03,2.465897950121468174e+00,9.325481862129862964e-01
2.444000000000000000e+03,2.463863634214765064e+00,9.313096775934452953e-01
2.445000000000000000e+03,2.461831012296643806e+00,9.300728202512266174e-01
2.446000000000000000e+03,2.459800082930754694e+00,9.288376119677289600e-01
2.447000000000000000e+03,2.457770844682011457e+00,9.276040505273411840e-01
2.448000000000000000e+03,2.455743296116581043e+00,9.263721337175072623e-01
2.449000000000000000e+03,2.453717435801887614e+00,9.251418593286562242e-01
2.450000000000000000e+03,2.451693262306613885e+00,9.239132251542635510e-01
2.451000000000000000e+03,2.449670774200706891e+00,9.226862289907777903e-01
2.452000000000000000e+03,2.447649970055341129e+00,9.214608686376922764e-01
2.453000000000000000e+03,2.445630848442982508e+00,9.202371418974573114e-01
2.454000000000000000e+03,2.443613407937318627e+00,9.190150465755583253e-01
2.455000000000000000e+03,2.441597647113297409e+00,9.177945804804443775e-01
2.456000000000000000e+03,2.439583564547117778e+00,9.165757414235751188e-01
2.457000000000000000e+03,2.437571158816223438e+00,9.153585272193698330e-01
2.458000000000000000e+03,2.435560428499304653e+00,9.141429356852510679e-01
2.459000000000000000e+03,2.433551372176304461e+00,9.129289646415996717e-01
2.460000000000000000e+03,2.431543988428399139e+00,9.117166119117784406e-01
2.461000000000000000e+03,2.429538275838025285e+00,9.105058753221039192e-01
2.462000000000000000e+03,2.427534232988840301e+00,9.092967527018781526e-01
2.463000000000000000e+03,2.425531858465770796e+00,9.080892418833287349e-01
2.464000000000000000e+03,2.423531150854955296e+00,9.068833407016754222e-01
2.465000000000000000e+03,2.421532108743785994e+00,9.056790469950534161e-01
2.466000000000000000e+03,2.419534730720888316e+00,9.044763586045757586e-01
2.467000000000000000e+03,2.417539015376127587e+00,9.032752733742636098e-01
2.468000000000000000e+03,2.415544961300607252e+00,9.020757891511174131e-01
2.469000000000000000e+03,2.413552567086660439e+00,9.008779037850226379e-01
2.470000000000000000e+03,2.411561831327856620e+00,8.996816151288468122e-01
2.471000000000000000e+03,2.409572752618988734e+00,8.984869210383341631e-01
2.472000000000000000e+03,2.407585329556095832e+00,8.972938193721935463e-01
2.473000000000000000e+03,2.405599560736431997e+00,8.961023079920092949e-01
2.474000000000000000e+03,2.403615444758486763e+00,8.949123847623235983e-01
2.475000000000000000e+03,2.401632980221982905e+00,8.937240475505473514e-01
2.476000000000000000e+03,2.399652165727852893e+00,8.925372942270265453e-01
2.477000000000000000e+03,2.397672999878276645e+00,8.913521226649843143e-01
2.478000000000000000e+03,2.395695481276638450e+00,8.901685307405681202e-01
2.479000000000000000e+03,2.393719608527557163e+00,8.889865163327860254e-01
2.480000000000000000e+03,2.391745380236868890e+00,8.878060773235676439e-01
2.481000000000000000e+03,2.389772795011630535e+00,8.866272115977014145e-01
2.482000000000000000e+03,2.387801851460124247e+00,8.854499170428744570e-01
2.483000000000000000e+03,2.385832548191845426e+00,8.842741915496393768e-01
2.484000000000000000e+03,2.383864883817499614e+00,8.831000330114292529e-01
2.485000000000000000e+03,2.381898856949026033e+00,8.819274393245355448e-01
2.486000000000000000e+03,2.379934466199565168e+00,8.807564083881351813e-01
2.487000000000000000e+03,2.377971710183472087e+00,8.795869381042348278e-01
2.488000000000000000e+03,2.376010587516323547e+00,8.784190263777340579e-01
2.489000000000000000e+03,2.374051096814896233e+00,8.772526711163524116e-01
2.490000000000000000e+03,2.372093236697195628e+00,8.760878702306835741e-01
2.491000000000000000e+03,2.370137005782415596e+00,8.749246216341440840e-01
2.492000000000000000e+03,2.368182402690967248e+00,8.737629232430164095e-01
2.493000000000000000e+03,2.366229426044471396e+00,8.726027729763926599e-01
2.494000000000000000e+03,2.364278074465751889e+00,8.714441687562203276e-01
2.495000000000000000e+03,2.362328346578844052e+00,8.702871085072612090e-01
2.496000000000000000e+03,2.360380241008972479e+00,8.691315901571118330e-01
2.497000000000000000e+03,2.358433756382578572e+00,8.679776116361812566e-01
2.498000000000000000e+03,2.356488891327296109e+00,8.668251708777039433e-01
2.499000000000000000e+03,2.354545644471969901e+00,8.656742658177218885e-01
2.500000000000000000e+03,2.352604014446632252e+00,8.645248943950872844e-01
2.501000000000000000e+03,2.350663999882519395e+00,8.633770545514584116e-01
2.502000000000000000e+03,2.348725599412068821e+00,8.622307442313011938e-01
2.503000000000000000e+03,2.346788811668902852e+00,8.610859613818619973e-01
2.504000000000000000e+03,2.344853635287849514e+00,8.599427039532011596e-01
2.505000000000000000e+03,2.342920068904926545e+00,8.588009698981513562e-01
2.506000000000000000e+03,2.340988111157348950e+00,8.576607571723451340e-01
2.507000000000000000e+03,2.339057760683509013e+00,8.565220637341839360e-01
2.508000000000000000e+03,2.337129016123010050e+00,8.553848875448613054e-01
2.509000000000000000e+03,2.335201876116627773e+00,8.542492265683310215e-01
2.510000000000000000e+03,2.333276339306335601e+00,8.531150787713296380e-01
2.511000000000000000e+03,2.331352404335286010e+00,8.519824421233481715e-01
2.512000000000000000e+03,2.329430069847829188e+00,8.508513145966513092e-01
2.513000000000000000e+03,2.327509334489488602e+00,8.497216941662506517e-01
2.514000000000000000e+03,2.325590196906984541e+00,8.485935788099253640e-01
2.515000000000000000e+03,2.323672655748202587e+00,8.474669665081917547e-01
2.516000000000000000e+03,2.321756709662233575e+00,8.463418552443294773e-01
2.517000000000000000e+03,2.319842357299320756e+00,8.452182430043465589e-01
2.518000000000000000e+03,2.317929597310917078e+00,8.440961277770023807e-01
2.519000000000000000e+03,2.316018428349621683e+00,8.429755075537774811e-01
2.520000000000000000e+03,2.314108849069244300e+00,8.418563803289017544e-01
2.521000000000000000e+03,2.312200858124740854e+00,8.407387440993142613e-01
2.522000000000000000e+03,2.310294454172270751e+00,8.396225968646968685e-01
2.523000000000000000e+03,2.308389635869136480e+00,8.385079366274353907e-01
2.524000000000000000e+03,2.306486401873842684e+00,8.373947613926493450e-01
2.525000000000000000e+03,2.304584750846047747e+00,8.362830691681526485e-01
2.526000000000000000e+03,2.302684681446594439e+00,8.351728579644847050e-01
2.527000000000000000e+03,2.300786192337471281e+00,8.340641257948776532e-01
2.528000000000000000e+03,2.298889282181866722e+00,8.329568706752729090e-01
2.529000000000000000e+03,2.296993949644107413e+00,8.318510906243034020e-01
2.530000000000000000e+03,2.295100193389719490e+00,8.307467836633035674e-01
2.531000000000000000e+03,2.293208012085359737e+00,8.296439478162896952e-01
2.532000000000000000e+03,2.291317404398872881e+00,8.285425811099720317e-01
2.533000000000000000e+03,2.289428368999257390e+00,8.274426815737343510e-01
2.534000000000000000e+03,2.287540904556679688e+00,8.263442472396511640e-01
2.535000000000000000e+03,2.285655009742452837e+00,8.252472761424631820e-01
2.536000000000000000e+03,2.283770683229078724e+00,8.241517663195884191e-01
2.537000000000000000e+03,2.281887923690180120e+00,8.230577158111040958e-01
2.538000000000000000e+03,2.280006729800572618e+00,8.219651226597637361e-01
2.539000000000000000e+03,2.278127100236204239e+00,8.208739849109655262e-01
2.540000000000000000e+03,2.276249033674196731e+00,8.197843006127835119e-01
2.541000000000000000e+03,2.274372528792812709e+00,8.186960678159254101e-01
2.542000000000000000e+03,2.272497584271476967e+00,8.176092845737614745e-01
2.543000000000000000e+03,2.270624198790763604e+00,8.165239489423009589e-01
2.544000000000000000e+03,2.268752371032396020e+00,8.154400589802002219e-01
2.545000000000000000e+03,2.266882099679257578e+00,8.143576127487445193e-01
2.546000000000000000e+03,2.265013383415366288e+00,8.132766083118661005e-01
2.547000000000000000e+03,2.263146220925897456e+00,8.121970437361135664e-01
2.548000000000000000e+03,2.261280610897179688e+00,8.111189170906812906e-01
2.549000000000000000e+03,2.259416552016670465e+00,8.100422264473644551e-01
2.550000000000000000e+03,2.257554042972992558e+00,8.089669698805987963e-01
2.551000000000000000e+03,2.255693082455895837e+00,8.078931454674209700e-01
2.552000000000000000e+03,2.253833669156287911e+00,8.068207512874919773e-01
2.553000000000000000e+03,2.251975801766199936e+00,8.057497854230695200e-01
2.554000000000000000e+03,2.250119478978825249e+00,8.046802459590289835e-01
2.555000000000000000e+03,2.248264699488480733e+00,8.036121309828389014e-01
2.556000000000000000e+03,2.246411461990627689e+00,8.025454385845699479e-01
2.557000000000000000e+03,2.244559765181874056e+00,8.014801668568811710e-01
2.558000000000000000e+03,2.242709607759948653e+00,8.004163138950349810e-01
2.559000000000000000e+03,2.240860988423723832e+00,7.993538777968642872e-01
2.560000000000000000e+03,2.239013905873206589e+00,7.982928566628004763e-01
2.561000000000000000e+03,2.237168358809532354e+00,7.972332485958411041e-01
2.562000000000000000e+03,2.235324345934990298e+00,7.961750517015752093e-01
2.563000000000000000e+03,2.233481865952970491e+00,7.951182640881516717e-01
2.564000000000000000e+03,2.231640917568010973e+00,7.940628838662951994e-01
2.565000000000000000e+03,2.229801499485776883e+00,7.930089091492945608e-01
2.566000000000000000e+03,2.227963610413063122e+00,7.919563380530034724e-01
2.567000000000000000e+03,2.226127249057783253e+00,7.909051686958239458e-01
2.568000000000000000e+03,2.224292414128992590e+00,7.898553991987280476e-01
2.569000000000000000e+03,2.222459104336853120e+00,7.888070276852248153e-01
2.570000000000000000e+03,2.220627318392665916e+00,7.877600522813860140e-01
2.571000000000000000e+03,2.218797055008854713e+00,7.867144711158088333e-01
2.572000000000000000e+03,2.216968312898953908e+00,7.856702823196509700e-01
2.573000000000000000e+03,2.215141090777623667e+00,7.846274840265899941e-01
2.574000000000000000e+03,2.213315387360651254e+00,7.835860743728523259e-01
2.575000000000000000e+03,2.211491201364935044e+00,7.825460514971837034e-01
2.576000000000000000e+03,2.209668531508499179e+00,7.815074135408619505e-01
2.577000000000000000e+03,2.207847376510478021e+00,7.804701586476812114e-01
2.578000000000000000e+03,2.206027735091123265e+00,7.794342849639679383e-01
2.579000000000000000e+03,2.204209605971806152e+00,7.783997906385501375e-01
2.580000000000000000e+03,2.202392987875001928e+00,7.773666738227791306e-01
2.581000000000000000e+03,2.200577879524303171e+00,7.763349326705093478e-01
2.582000000000000000e+03,2.198764279644426445e+00,7.753045653381053226e-01
2.583000000000000000e+03,2.196952186961179887e+00,7.742755699844259265e-01
2.584000000000000000e+03,2.195141600201498733e+00,7.732479447708409115e-01
2.585000000000000000e+03,2.193332518093410233e+00,7.722216878612029323e-01
2.586000000000000000e+03,2.191524939366061631e+00,7.711967974218663091e-01
2.587000000000000000e+03,2.189718862749703288e+00,7.701732716216673769e-01
2.588000000000000000e+03,2.187914286975693123e+00,7.691511086319278157e-01
2.589000000000000000e+03,2.186111210776489511e+00,7.681303066264520973e-01
2.590000000000000000e+03,2.184309632885658825e+00,7.671108637815228226e-01
2.591000000000000000e+03,2.182509552037863898e+00,7.660927782758978344e-01
2.592000000000000000e+03,2.180710966968881337e+00,7.650760482908013360e-01
2.593000000000000000e+03,2.178913876415573547e+00,7.640606720099298865e-01
2.594000000000000000e+03,2.177118279115907384e+00,7.630466476194454062e-01
2.595000000000000000e+03,2.175324173808960815e+00,7.620339733079640743e-01
2.596000000000000000e+03,2.173531559234894939e+00,7.610226472665635455e-01
2.597000000000000000e+03,2.171740434134969089e+00,7.600126676887767330e-01
2.598000000000000000e+03,2.169950797251550156e+00,7.590040327705854795e-01
2.599000000000000000e+03,2.168162647328073511e+00,7.579967407104160060e-01
2.600000000000000000e+03,2.166375983109104286e+00,7.569907897091445736e-01
2.601000000000000000e+03,2.164590803340271208e+00,7.559861779700780549e-01
2.602000000000000000e+03,2.162807106768303456e+00,7.549829036989724740e-01
2.603000000000000000e+03,2.161024892141027554e+00,7.539809651040054739e-01
2.604000000000000000e+03,2.159244158207352271e+00,7.529803603957958558e-01
2.605000000000000000e+03,2.157464903717273508e+00,7.519810877873766009e-01
2.606000000000000000e+03,2.155687127421876514e+00,7.509831454942179629e-01
2.607000000000000000e+03,2.153910828073346106e+00,7.499865317341978255e-01
2.608000000000000000e+03,2.152136004424928473e+00,7.489912447276219076e-01
2.609000000000000000e+03,2.150362655230976472e+00,7.479972826971965638e-01
2.610000000000000000e+03,2.148590779246912330e+00,7.470046438680540968e-01
2.611000000000000000e+03,2.146820375229246292e+00,7.460133264677146769e-01
2.612000000000000000e+03,2.145051441935569514e+00,7.450233287261188719e-01
2.613000000000000000e+03,2.143283978124555400e+00,7.440346488755956722e-01
2.614000000000000000e+03,2.141517982555955157e+00,7.430472851508781451e-01
2.615000000000000000e+03,2.139753453990606236e+00,7.420612357890845612e-01
2.616000000000000000e+03,2.137990391190400796e+00,7.410764990297360466e-01
2.617000000000000000e+03,2.136228792918342556e+00,7.400930731147232766e-01
2.618000000000000000e+03,2.134468657938478842e+00,7.391109562883386719e-01
2.619000000000000000e+03,2.132709985015949439e+00,7.381301467972356534e-01
2.620000000000000000e+03,2.130952772916960392e+00,7.371506428904619490e-01
2.621000000000000000e+03,2.129197020408799101e+00,7.361724428194250658e-01
2.622000000000000000e+03,2.127442726259809902e+00,7.351955448379124958e-01
2.623000000000000000e+03,2.125689889239427810e+00,7.342199472020709550e-01
2.624000000000000000e+03,2.123938508118135005e+00,7.332456481704171525e-01
2.625000000000000000e+03,2.122188581667510565e+00,7.322726460038256890e-01
2.626000000000000000e+03,2.120440108660164746e+00,7.313009389655269477e-01
2.627000000000000000e+03,2.118693087869813141e+00,7.303305253211035408e-01
2.628000000000000000e+03,2.116947518071204293e+00,7.293614033384953066e-01
2.629000000000000000e+03,2.115203398040185867e+00,7.283935712879808788e-01
2.630000000000000000e+03,2.113460726553622937e+00,7.274270274421901217e-01
2.631000000000000000e+03,2.111719502389492575e+00,7.264617700760863661e-01
2.632000000000000000e+03,2.109979724326800365e+00,7.254977974669801766e-01
2.633000000000000000e+03,2.108241391145627919e+00,7.245351078945068135e-01
2.634000000000000000e+03,2.106504501627115555e+00,7.235736996406351151e-01
2.635000000000000000e+03,2.104769054553460084e+00,7.226135709896664983e-01
2.636000000000000000e+03,2.103035048707910359e+00,7.216547202282238560e-01
2.637000000000000000e+03,2.101302482874785937e+00,7.206971456452475611e-01
2.638000000000000000e+03,2.099571355839451314e+00,7.197408455320042364e-01
2.639000000000000000e+03,2.097841666388330584e+00,7.187858181820656611e-01
2.640000000000000000e+03,2.096113413308902995e+00,7.178320618913232032e-01
2.641000000000000000e+03,2.094386595389695405e+00,7.168795749579737198e-01
2.642000000000000000e+03,2.092661211420300482e+00,7.159283556825192241e-01
2.643000000000000000e+03,2.090937260191342961e+00,7.149784023677633327e-01
2.644000000000000000e+03,2.089214740494512057e+00,7.140297133188122647e-01
2.645000000000000000e+03,2.087493651122541927e+00,7.130822868430620742e-01
2.646000000000000000e+03,2.085773990869213446e+00,7.121361212502084204e-01
2.647000000000000000e+03,2.084055758529359981e+00,7.111912148522280264e-01
2.648000000000000000e+03,2.082338952898857176e+00,7.102475659633901151e-01
2.649000000000000000e+03,2.080623572774628283e+00,7.093051729002449735e-01
2.650000000000000000e+03,2.078909616954633499e+00,7.083640339816237308e-01
2.651000000000000000e+03,2.077197084237892177e+00,7.074241475286300318e-01
2.652000000000000000e+03,2.075485973424450403e+00,7.064855118646489185e-01
2.653000000000000000e+03,2.073776283315410751e+00,7.055481253153261800e-01
2.654000000000000000e+03,2.072068012712901641e+00,7.046119862085884478e-01
2.655000000000000000e+03,2.070361160420107094e+00,7.036770928746080012e-01
2.656000000000000000e+03,2.068655725241232535e+00,7.027434436458370737e-01
2.657000000000000000e+03,2.066951705981533216e+00,7.018110368569691060e-01
2.658000000000000000e+03,2.065249101447299562e+00,7.008798708449657244e-01
2.659000000000000000e+03,2.063547910445857614e+00,6.999499439490312058e-01
2.660000000000000000e+03,2.061848131785566807e+00,6.990212545106262443e-01
2.661000000000000000e+03,2.060149764275822193e+00,6.980938008734459688e-01
2.662000000000000000e+03,2.058452806727053108e+00,6.971675813834402602e-01
2.663000000000000000e+03,2.056757257950716955e+00,6.962425943887879942e-01
2.664000000000000000e+03,2.055063116759305863e+00,6.953188382399112522e-01
2.665000000000000000e+03,2.053370381966343583e+00,6.943963112894596668e-01
2.666000000000000000e+03,2.051679052386374824e+00,6.934750118923207474e-01
2.667000000000000000e+03,2.049989126834986131e+00,6.925549384055964541e-01
2.668000000000000000e+03,2.048300604128783231e+00,6.916360891886236262e-01
2.669000000000000000e+03,2.046613483085396812e+00,6.907184626029542196e-01
2.670000000000000000e+03,2.044927762523490511e+00,6.898020570123618578e-01
2.671000000000000000e+03,2.043243441262743154e+00,6.888868707828256222e-01
2.672000000000000000e+03,2.041560518123869183e+00,6.879729022825494811e-01
2.673000000000000000e+03,2.039878991928592011e+00,6.870601498819342012e-01
2.674000000000000000e+03,2.038198861499671999e+00,6.861486119535950001e-01
2.675000000000000000e+03,2.036520125660874925e+00,6.852382868723404519e-01
2.676000000000000000e+03,2.034842783237007069e+00,6.843291730151865870e-01
2.677000000000000000e+03,2.033166833053866807e+00,6.834212687613370196e-01
2.678000000000000000e+03,2.031492273938291682e+00,6.825145724922005996e-01
2.679000000000000000e+03,2.029819104718127765e+00,6.816090825913635465e-01
2.680000000000000000e+03,2.028147324222244752e+00,6.807047974446084337e-01
2.681000000000000000e+03,2.026476931280516869e+00,6.798017154398942052e-01
2.682000000000000000e+03,2.024807924723843744e+00,6.788998349673708299e-01
2.683000000000000000e+03,2.023140303384125538e+00,6.779991544193564312e-01
2.684000000000000000e+03,2.021474066094294031e+00,6.770996721903504989e-01
2.685000000000000000e+03,2.019809211688271766e+00,6.762013866770211212e-01
2.686000000000000000e+03,2.018145739001009353e+00,6.753042962782067615e-01
2.687000000000000000e+03,2.016483646868457047e+00,6.744083993949141487e-01
2.688000000000000000e+03,2.014822934127575405e+00,6.735136944303118378e-01
2.689000000000000000e+03,2.013163599616333066e+00,6.726201797897223278e-01
2.690000000000000000e+03,2.011505642173714747e+00,6.717278538806348287e-01
2.691000000000000000e+03,2.009849060639697260e+00,6.708367151126849448e-01
2.692000000000000000e+03,2.008193853855267275e+00,6.699467618976665539e-01
2.693000000000000000e+03,2.006540020662422652e+00,6.690579926495159313e-01
2.694000000000000000e+03,2.004887559904157346e+00,6.681704057843194100e-01
2.695000000000000000e+03,2.003236470424469839e+00,6.672839997202989482e-01
2.696000000000000000e+03,2.001586751068362258e+00,6.663987728778183461e-01
2.697000000000000000e+03,1.999938400681832817e+00,6.655147236793833576e-01
2.698000000000000000e+03,1.998291418111890927e+00,6.646318505496262574e-01
2.699000000000000000e+03,1.996645802206528986e+00,6.637501519153110596e-01
2.700000000000000000e+03,1.995001551814744589e+00,6.628696262053355159e-01
2.701000000000000000e+03,1.993358665786529649e+00,6.619902718507111317e-01
2.702000000000000000e+03,1.991717142972884380e+00,6.611120872845807073e-01
2.703000000000000000e+03,1.990076982225789104e+00,6.602350709422001307e-01
2.704000000000000000e+03,1.988438182398226894e+00,6.593592212609409309e-01
2.705000000000000000e+03,1.986800742344165371e+00,6.584845366802910549e-01
2.706000000000000000e+03,1.985164660918578905e+00,6.576110156418460972e-01
2.707000000000000000e+03,1.983529936977418640e+00,6.567386565893090777e-01
2.708000000000000000e+03,1.981896569377638473e+00,6.558674579684878880e-01
2.709000000000000000e+03,1.980264556977172852e+00,6.549974182272907397e-01
2.710000000000000000e+03,1.978633898634959198e+00,6.541285358157227225e-01
2.711000000000000000e+03,1.977004593210897054e+00,6.532608091858874699e-01
2.712000000000000000e+03,1.975376639565902481e+00,6.523942367919790541e-01
2.713000000000000000e+03,1.973750036561856547e+00,6.515288170902810982e-01
2.714000000000000000e+03,1.972124783061633524e+00,6.506645485391659989e-01
2.715000000000000000e+03,1.970500877929093786e+00,6.498014295990862665e-01
2.716000000000000000e+03,1.968878320029079809e+00,6.489394587325794106e-01
2.717000000000000000e+03,1.967257108227418394e+00,6.480786344042596125e-01
2.718000000000000000e+03,1.965637241390915113e+00,6.472189550808145064e-01
2.719000000000000000e+03,1.964018718387348983e+00,6.463604192310072882e-01
2.720000000000000000e+03,1.962401538085498220e+00,6.455030253256668349e-01
2.721000000000000000e+03,1.960785699355097167e+00,6.446467718376929223e-01
2.722000000000000000e+03,1.959171201066886692e+00,6.437916572420452344e-01
2.723000000000000000e+03,1.957558042092554018e+00,6.429376800157486915e-01
2.724000000000000000e+03,1.955946221304782240e+00,6.420848386378826822e-01
2.725000000000000000e+03,1.954335737577220566e+00,6.412331315895840600e-01
2.726000000000000000e+03,1.952726589784506306e+00,6.403825573540397054e-01
2.727000000000000000e+03,1.951118776802234667e+00,6.395331144164899673e-01
2.728000000000000000e+03,1.949512297506980962e+00,6.386848012642177830e-01
2.729000000000000000e+03,1.947907150776293284e+00,6.378376163865516757e-01
2.730000000000000000e+03,1.946303335488683839e+00,6.369915582748624239e-01
2.731000000000000000e+03,1.944700850523642499e+00,6.361466254225616179e-01
2.732000000000000000e+03,1.943099694761633689e+00,6.353028163250886706e-01
2.733000000000000000e+03,1.941499867084072184e+00,6.344601294799221414e-01
2.734000000000000000e+03,1.939901366373358194e+00,6.336185633865671907e-01
2.735000000000000000e+03,1.938304191512846053e+00,6.327781165465610203e-01
2.736000000000000000e+03,1.936708341386867538e+00,6.319387874634577740e-01
2.737000000000000000e+03,1.935113814880705441e+00,6.311005746428390850e-01
2.738000000000000000e+03,1.933520610880623103e+00,6.302634765923037508e-01
2.739000000000000000e+03,1.931928728273827112e+00,6.294274918214658454e-01
2.740000000000000000e+03,1.930338165948510376e+00,6.285926188419532767e-01
2.741000000000000000e+03,1.928748922793798393e+00,6.277588561674032341e-01
2.742000000000000000e+03,1.927160997699808309e+00,6.269262023134635209e-01
2.743000000000000000e+03,1.925574389557589416e+00,6.260946557977810079e-01
2.744000000000000000e+03,1.923989097259171555e+00,6.252642151400128467e-01
2.745000000000000000e+03,1.922405119697521370e+00,6.244348788618080404e-01
2.746000000000000000e+03,1.920822455766588055e+00,6.236066454868183229e-01
2.747000000000000000e+03,1.919241104361247841e+00,6.227795135406817284e-01
2.748000000000000000e+03,1.917661064377360391e+00,6.219534815510359138e-01
2.749000000000000000e+03,1.916082334711716184e+00,6.211285480475052800e-01
2.750000000000000000e+03,1.914504914262078472e+00,6.203047115616914242e-01
2.751000000000000000e+03,1.912928801927146649e+00,6.194819706271886828e-01
2.752000000000000000e+03,1.911353996606583561e+00,6.186603237795675891e-01
2.753000000000000000e+03,1.909780497200998628e+00,6.178397695563763170e-01
2.754000000000000000e+03,1.908208302611955176e+00,6.170203064971386819e-01
2.755000000000000000e+03,1.906637411741954669e+00,6.162019331433501446e-01
2.756000000000000000e+03,1.905067823494464019e+00,6.153846480384738138e-01
2.757000000000000000e+03,1.903499536773881173e+00,6.145684497279417791e-01
2.758000000000000000e+03,1.901932550485563977e+00,6.137533367591498923e-01
2.759000000000000000e+03,1.900366863535805528e+00,6.129393076814534380e-01
2.760000000000000000e+03,1.898802474831854159e+00,6.121263610461631366e-01
2.761000000000000000e+03,1.897239383281888125e+00,6.113144954065559133e-01
2.762000000000000000e+03,1.895677587795044694e+00,6.105037093178514729e-01
2.763000000000000000e+03,1.894117087281393275e+00,6.096940013372238454e-01
2.764000000000000000e+03,1.892557880651952518e+00,6.088853700237947253e-01
2.765000000000000000e+03,1.890999966818664779e+00,6.080778139386325831e-01
2.766000000000000000e+03,1.889443344694442306e+00,6.072713316447453380e-01
2.767000000000000000e+03,1.887888013193099734e+00,6.064659217070823560e-01
2.768000000000000000e+03,1.886333971229422923e+00,6.056615826925288992e-01
2.769000000000000000e+03,1.884781217719113222e+00,6.048583131699027948e-01
2.770000000000000000e+03,1.883229751578818778e+00,6.040561117099592092e-01
2.771000000000000000e+03,1.881679571726119660e+00,6.032549768853755490e-01
2.772000000000000000e+03,1.880130677079531187e+00,6.024549072707620079e-01
2.773000000000000000e+03,1.878583066558503489e+00,6.016559014426486884e-01
2.774000000000000000e+03,1.877036739083416839e+00,6.008579579794894876e-01
2.775000000000000000e+03,1.875491693575588537e+00,6.000610754616513276e-01
2.776000000000000000e+03,1.873947928957263365e+00,5.992652524714222606e-01
2.777000000000000000e+03,1.872405444151619136e+00,5.984704875930011436e-01
2.778000000000000000e+03,1.870864238082756925e+00,5.976767794124975275e-01
2.779000000000000000e+03,1.869324309675712170e+00,5.968841265179297695e-01
2.780000000000000000e+03,1.867785657856455339e+00,5.960925274992237011e-01
2.781000000000000000e+03,1.866248281551871724e+00,5.953019809481995273e-01
2.782000000000000000e+03,1.864712179689777205e+00,5.945124854585891461e-01
2.783000000000000000e+03,1.863177351198911147e+00,5.937240396260132780e-01
2.784000000000000000e+03,1.861643795008942615e+00,5.929366420479897926e-01
2.785000000000000000e+03,1.860111510050461492e+00,5.921502913239298227e-01
2.786000000000000000e+03,1.858580495254984477e+00,5.913649860551333237e-01
2.787000000000000000e+03,1.857050749554937319e+00,5.905807248447871860e-01
2.788000000000000000e+03,1.855522271883684349e+00,5.897975062979619043e-01
2.789000000000000000e+03,1.853995061175497838e+00,5.890153290216132431e-01
2.790000000000000000e+03,1.852469116365578872e+00,5.882341916245714675e-01
2.791000000000000000e+03,1.850944436390035808e+00,5.874540927175466720e-01
2.792000000000000000e+03,1.849421020185910258e+00,5.866750309131218977e-01
2.793000000000000000e+03,1.847898866691145114e+00,5.858970048257533536e-01
2.794000000000000000e+03,1.846377974844614966e+00,5.851200130717645331e-01
2.795000000000000000e+03,1.844858343586089022e+00,5.843440542693436601e-01
2.796000000000000000e+03,1.843339971856275517e+00,5.835691270385486851e-01
2.797000000000000000e+03,1.841822858596779522e+00,5.827952300012911868e-01
2.798000000000000000e+03,1.840307002750120491e+00,5.820223617813473638e-01
2.799000000000000000e+03,1.838792403259743136e+00,5.812505210043444892e-01
2.800000000000000000e+03,1.837279059069987008e+00,5.804797062977711253e-01
2.801000000000000000e+03,1.835766969126115145e+00,5.797099162909576942e-01
2.802000000000000000e+03,1.834256132374291637e+00,5.789411496150898007e-01
2.803000000000000000e+03,1.832746547761587186e+00,5.781734049031967970e-01
2.804000000000000000e+03,1.831238214235996420e+00,5.774066807901497844e-01
2.805000000000000000e+03,1.829731130746399925e+00,5.766409759126640555e-01
2.806000000000000000e+03,1.828225296242597109e+00,5.758762889092903237e-01
2.807000000000000000e+03,1.826720709675292431e+00,5.751126184204161662e-01
2.808000000000000000e+03,1.825217369996096517e+00,5.743499630882652474e-01
2.809000000000000000e+03,1.823715276157518828e+00,5.735883215568858828e-01
2.810000000000000000e+03,1.822214427112969437e+00,5.728276924721625862e-01
2.811000000000000000e+03,1.820714821816772133e+00,5.720680744817958630e-01
2.812000000000000000e+03,1.819216459224143989e+00,5.713094662353205289e-01
2.813000000000000000e+03,1.817719338291196918e+00,5.705518663840832838e-01
2.814000000000000000e+03,1.816223457974962541e+00,5.697952735812532588e-01
2.815000000000000000e+03,1.814728817233343117e+00,5.690396864818141331e-01
2.816000000000000000e+03,1.813235415025167496e+00,5.682851037425654672e-01
2.817000000000000000e+03,1.811743250310140274e+00,5.675315240221118218e-01
2.818000000000000000e+03,1.810252322048881313e+00,5.667789459808743047e-01
2.819000000000000000e+03,1.808762629202891548e+00,5.660273682810716966e-01
2.820000000000000000e+03,1.807274170734570529e+00,5.652767895867314429e-01
2.821000000000000000e+03,1.805786945607214866e+00,5.645272085636788839e-01
2.822000000000000000e+03,1.804300952785015122e+00,5.637786238795403637e-01
2.823000000000000000e+03,1.802816191233046261e+00,5.630310342037343485e-01
2.824000000000000000e+03,1.801332659917292522e+00,5.622844382074781988e-01
2.825000000000000000e+03,1.799850357804603451e+00,5.615388345637744028e-01
2.826000000000000000e+03,1.798369283862740975e+00,5.607942219474212342e-01
2.827000000000000000e+03,1.796889437060345873e+00,5.600505990349932128e-01
2.828000000000000000e+03,1.795410816366955542e+00,5.593079645048585347e-01
2.829000000000000000e+03,1.793933420752980235e+00,5.585663170371574227e-01
2.830000000000000000e+03,1.792457249189733703e+00,5.578256553138208895e-01
2.831000000000000000e+03,1.790982300649403003e+00,5.570859780185408727e-01
2.832000000000000000e+03,1.789508574105070027e+00,5.563472838367965467e-01
2.833000000000000000e+03,1.788036068530694633e+00,5.556095714558301202e-01
2.834000000000000000e+03,1.786564782901129744e+00,5.548728395646587153e-01
2.835000000000000000e+03,1.785094716192094033e+00,5.541370868540593797e-01
2.836000000000000000e+03,1.783625867380207897e+00,5.534023120165818543e-01
2.837000000000000000e+03,1.782158235442954597e+00,5.526685137465284781e-01
2.838000000000000000e+03,1.780691819358719341e+00,5.519356907399687318e-01
2.839000000000000000e+03,1.779226618106743096e+00,5.512038416947232511e-01
2.840000000000000000e+03,1.777762630667167887e+00,5.504729653103710429e-01
2.841000000000000000e+03,1.776299856020993495e+00,5.497430602882411588e-01
2.842000000000000000e+03,1.774838293150119428e+00,5.490141253314135827e-01
2.843000000000000000e+03,1.773377941037294070e+00,5.482861591447151239e-01
2.844000000000000000e+03,1.771918798666177741e+00,5.475591604347154195e-01
2.845000000000000000e+03,1.770460865021266539e+00,5.468331279097323749e-01
2.846000000000000000e+03,1.769004139087961391e+00,5.461080602798148442e-01
2.847000000000000000e+03,1.767548619852514546e+00,5.453839562567602828e-01
2.848000000000000000e+03,1.766094306302074424e+00,5.446608145540917656e-01
2.849000000000000000e+03,1.764641197424632324e+00,5.439386338870728643e-01
2.850000000000000000e+03,1.763189292209079717e+00,5.432174129726917711e-01
2.851000000000000000e+03,1.761738589645156061e+00,5.424971505296696250e-01
2.852000000000000000e+03,1.760289088723485218e+00,5.417778452784504095e-01
2.853000000000000000e+03,1.758840788435549252e+00,5.410594959412033944e-01
2.854000000000000000e+03,1.757393687773707969e+00,5.403421012418172520e-01
2.855000000000000000e+03,1.755947785731176936e+00,5.396256599059011672e-01
2.856000000000000000e+03,1.754503081302047462e+00,5.389101706607802855e-01
2.857000000000000000e+03,1.753059573481274835e+00,5.381956322354914946e-01
2.858000000000000000e+03,1.751617261264675651e+00,5.374820433607883086e-01
2.859000000000000000e+03,1.750176143648928484e+00,5.367694027691286562e-01
2.860000000000000000e+03,1.748736219631587874e+00,5.360577091946817641e-01
2.861000000000000000e+03,1.747297488211053462e+00,5.353469613733178312e-01
2.862000000000000000e+03,1.745859948386606186e+00,5.346371580426112491e-01
2.863000000000000000e+03,1.744423599158364757e+00,5.339282979418351616e-01
2.864000000000000000e+03,1.742988439527327182e+00,5.332203798119632410e-01
2.865000000000000000e+03,1.741554468495337904e+00,5.325134023956619167e-01
2.866000000000000000e+03,1.740121685065113111e+00,5.318073644372919295e-01
2.867000000000000000e+03,1.738690088240214759e+00,5.311022646829034466e-01
2.868000000000000000e+03,1.737259677025067450e+00,5.303981018802366165e-01
2.869000000000000000e+03,1.735830450424955540e+00,5.296948747787156853e-01
2.870000000000000000e+03,1.734402407446008265e+00,5.289925821294534369e-01
2.871000000000000000e+03,1.732975547095223723e+00,5.282912226852354287e-01
2.872000000000000000e+03,1.731549868380440671e+00,5.275907952005394197e-01
2.873000000000000000e+03,1.730125370310356514e+00,5.268912984315052839e-01
2.874000000000000000e+03,1.728702051894527303e+00,5.261927311359573256e-01
2.875000000000000000e+03,1.727279912143348417e+00,5.254950920733890696e-01
2.876000000000000000e+03,1.725858950068073439e+00,5.247983800049649261e-01
2.877000000000000000e+03,1.724439164680809711e+00,5.241025936935153062e-01
2.878000000000000000e+03,1.723020554994503462e+00,5.234077319035382869e-01
2.879000000000000000e+03,1.721603120022961342e+00,5.227137934011933940e-01
2.880000000000000000e+03,1.720186858780829775e+00,5.220207769543037113e-01
2.881000000000000000e+03,1.718771770283600286e+00,5.213286813323456670e-01
2.882000000000000000e+03,1.717357853547622604e+00,5.206375053064589142e-01
2.883000000000000000e+03,1.715945107590080898e+00,5.199472476494304551e-01
2.884000000000000000e+03,1.714533531429006441e+00,5.192579071357040776e-01
2.885000000000000000e+03,1.713123124083277160e+00,5.185694825413695863e-01
2.886000000000000000e+03,1.711713884572615418e+00,5.178819726441684645e-01
2.887000000000000000e+03,1.710305811917577135e+00,5.171953762234832164e-01
2.888000000000000000e+03,1.708898905139573987e+00,5.165096920603413633e-01
2.889000000000000000e+03,1.707493163260844771e+00,5.158249189374078947e-01
2.890000000000000000e+03,1.706088585304480043e+00,5.151410556389903750e-01
2.891000000000000000e+03,1.704685170294404584e+00,5.144581009510303948e-01
2.892000000000000000e+03,1.703282917255375395e+00,5.137760536611004625e-01
2.893000000000000000e+03,1.701881825213001020e+00,5.130949125584112203e-01
2.894000000000000000e+03,1.700481893193715122e+00,5.124146764337965676e-01
2.895000000000000000e+03,1.699083120224802901e+00,5.117353440797223207e-01
2.896000000000000000e+03,1.697685505334363354e+00,5.110569142902742223e-01
2.897000000000000000e+03,1.696289047551350793e+00,5.103793858611658241e-01
2.898000000000000000e+03,1.694893745905541760e+00,5.097027575897262741e-01
2.899000000000000000e+03,1.693499599427554791e+00,5.090270282749062014e-01
2.900000000000000000e+03,1.692106607148832431e+00,5.083521967172719425e-01
2.901000000000000000e+03,1.690714768101655663e+00,5.076782617190028768e-01
2.902000000000000000e+03,1.689324081319130366e+00,5.070052220838898727e-01
2.903000000000000000e+03,1.687934545835205080e+00,5.063330766173332886e-01
2.904000000000000000e+03,1.686546160684641471e+00,5.056618241263418634e-01
2.905000000000000000e+03,1.685158924903044086e+00,5.049914634195260543e-01
2.906000000000000000e+03,1.683772837526836819e+00,5.043219933071048100e-01
2.907000000000000000e+03,1.682387897593279336e+00,5.036534126008924694e-01
2.908000000000000000e+03,1.681004104140450428e+00,5.029857201143044243e-01
2.909000000000000000e+03,1.679621456207256447e+00,5.023189146623503465e-01
2.910000000000000000e+03,1.678239952833435522e+00,5.016529950616362976e-01
2.911000000000000000e+03,1.676859593059540909e+00,5.009879601303589558e-01
2.912000000000000000e+03,1.675480375926952981e+00,5.003238086883045055e-01
2.913000000000000000e+03,1.674102300477883665e+00,4.996605395568481378e-01
2.914000000000000000e+03,1.672725365755355353e+00,4.989981515589488326e-01
2.915000000000000000e+03,1.671349570803216000e+00,4.983366435191497468e-01
2.916000000000000000e+03,1.669974914666136012e+00,4.976760142635737738e-01
2.917000000000000000e+03,1.668601396389606473e+00,4.970162626199232103e-01
2.918000000000000000e+03,1.667229015019928262e+00,4.963573874174801448e-01
2.919000000000000000e+03,1.665857769604243810e+00,4.956993874870944117e-01
2.920000000000000000e+03,1.664487659190486246e+00,4.950422616611957483e-01
2.921000000000000000e+03,1.663118682827423367e+00,4.943860087737784181e-01
2.922000000000000000e+03,1.661750839564631432e+00,4.937306276604094823e-01
2.923000000000000000e+03,1.660384128452511376e+00,4.930761171582175861e-01
2.924000000000000000e+03,1.659018548542269489e+00,4.924224761058983990e-01
2.925000000000000000e+03,1.657654098885930516e+00,4.917697033437072873e-01
2.926000000000000000e+03,1.656290778536331443e+00,4.911177977134605910e-01
2.927000000000000000e+03,1.654928586547124381e+00,4.904667580585310160e-01
2.928000000000000000e+03,1.653567521972772125e+00,4.898165832238497441e-01
2.929000000000000000e+03,1.652207583868542606e+00,4.891672720558933873e-01
2.930000000000000000e+03,1.650848771290529760e+00,4.885188234026988652e-01
2.931000000000000000e+03,1.649491083295623772e+00,4.878712361138466957e-01
2.932000000000000000e+03,1.648134518941530402e+00,4.872245090404669354e-01
2.933000000000000000e+03,1.646779077286758763e+00,4.865786410352298530e-01
2.934000000000000000e+03,1.645424757390625770e+00,4.859336309523542008e-01
2.935000000000000000e+03,1.644071558313268788e+00,4.852894776475937255e-01
2.936000000000000000e+03,1.642719479115612558e+00,4.846461799782468272e-01
2.937000000000000000e+03,1.641368518859399384e+00,4.840037368031427922e-01
2.938000000000000000e+03,1.640018676607170711e+00,4.833621469826462902e-01
2.939000000000000000e+03,1.638669951422276894e+00,4.827214093786551530e-01
2.940000000000000000e+03,1.637322342368867645e+00,4.820815228545959896e-01
2.941000000000000000e+03,1.635975848511896036e+00,4.814424862754272949e-01
2.942000000000000000e+03,1.634630468917117607e+00,4.808042985076260711e-01
2.943000000000000000e+03,1.633286202651092145e+00,4.801669584192008733e-01
2.944000000000000000e+03,1.631943048781173911e+00,4.795304648796748226e-01
2.945000000000000000e+03,1.630601006375525186e+00,4.788948167600978745e-01
2.946000000000000000e+03,1.629260074503094957e+00,4.782600129330298322e-01
2.947000000000000000e+03,1.627920252233644227e+00,4.776260522725533364e-01
2.948000000000000000e+03,1.626581538637720925e+00,4.769929336542594878e-01
2.949000000000000000e+03,1.625243932786682777e+00,4.763606559552531206e-01
2.950000000000000000e+03,1.623907433752663110e+00,4.757292180541434212e-01
2.951000000000000000e+03,1.622572040608611932e+00,4.750986188310574176e-01
2.952000000000000000e+03,1.621237752428263512e+00,4.744688571676136668e-01
2.953000000000000000e+03,1.619904568286145263e+00,4.738399319469474569e-01
2.954000000000000000e+03,1.618572487257582626e+00,4.732118420536824965e-01
2.955000000000000000e+03,1.617241508418690854e+00,4.725845863739511210e-01
2.956000000000000000e+03,1.615911630846380787e+00,4.719581637953778053e-01
2.957000000000000000e+03,1.614582853618345304e+00,4.713325732070831608e-01
2.958000000000000000e+03,1.613255175813082865e+00,4.707078134996800500e-01
2.959000000000000000e+03,1.611928596509866418e+00,4.700838835652716985e-01
2.960000000000000000e+03,1.610603114788772050e+00,4.694607822974516398e-01
2.961000000000000000e+03,1.609278729730648783e+00,4.688385085913009398e-01
2.962000000000000000e+03,1.607955440417146109e+00,4.682170613433834228e-01
2.963000000000000000e+03,1.606633245930696008e+00,4.675964394517451161e-01
2.964000000000000000e+03,1.605312145354514497e+00,4.669766418159138621e-01
2.965000000000000000e+03,1.603992137772609183e+00,4.663576673368986514e-01
2.966000000000000000e+03,1.602673222269762832e+00,4.657395149171777438e-01
2.967000000000000000e+03,1.601355397931554236e+00,4.651221834607132677e-01
2.968000000000000000e+03,1.600038663844342013e+00,4.645056718729334566e-01
2.969000000000000000e+03,1.598723019095260378e+00,4.638899790607398099e-01
2.970000000000000000e+03,1.597408462772230475e+00,4.632751039325009867e-01
2.971000000000000000e+03,1.596094993963955488e+00,4.626610453980540272e-01
2.972000000000000000e+03,1.594782611759924640e+00,4.620478023686996893e-01
2.973000000000000000e+03,1.593471315250391207e+00,4.614353737572016168e-01
2.974000000000000000e+03,1.592161103526409605e+00,4.608237584777812867e-01
2.975000000000000000e+03,1.590851975679796748e+00,4.602129554461240613e-01
2.976000000000000000e+03,1.589543930803152927e+00,4.596029635793689727e-01
2.977000000000000000e+03,1.588236967989851589e+00,4.589937817961097233e-01
2.978000000000000000e+03,1.586931086334053331e+00,4.583854090163917983e-01
2.979000000000000000e+03,1.585626284930675478e+00,4.577778441617129102e-01
2.980000000000000000e+03,1.584322562875436935e+00,4.571710861550182248e-01
2.981000000000000000e+03,1.583019919264801345e+00,4.565651339207021930e-01
2.982000000000000000e+03,1.581718353196037041e+00,4.559599863846000578e-01
2.983000000000000000e+03,1.580417863767153763e+00,4.553556424739942377e-01
2.984000000000000000e+03,1.579118450076959723e+00,4.547521011176031691e-01
2.985000000000000000e+03,1.577820111225023636e+00,4.541493612455881901e-01
2.986000000000000000e+03,1.576522846311684933e+00,4.535474217895464344e-01
2.987000000000000000e+03,1.575226654438053320e+00,4.529462816825091109e-01
2.988000000000000000e+03,1.573931534706010771e+00,4.523459398589409486e-01
2.989000000000000000e+03,1.572637486218207981e+00,4.517463952547375872e-01
2.990000000000000000e+03,1.571344508078061697e+00,4.511476468072236901e-01
2.991000000000000000e+03,1.570052599389758274e+00,4.505496934551515564e-01
2.992000000000000000e+03,1.568761759258245680e+00,4.499525341386971800e-01
2.993000000000000000e+03,1.567471986789246596e+00,4.493561677994620251e-01
2.994000000000000000e+03,1.566183281089244872e+00,4.487605933804680869e-01
2.995000000000000000e+03,1.564895641265486859e+00,4.481658098261546708e-01
2.996000000000000000e+03,1.563609066425990068e+00,4.475718160823811131e-01
2.997000000000000000e+03,1.562323555679526299e+00,4.469786110964222292e-01
2.998000000000000000e+03,1.561039108135638731e+00,4.463861938169652599e-01
2.999000000000000000e+03,1.559755722904624164e+00,4.457945631941083175e-01
3.000000000000000000e+03,1.558473399097553003e+00,4.452037181793617182e-01
